{"type": "FeatureCollection", "features": [{"type": "Feature", "properties": {"na": "NA-1", "src": "commons-1993-inset", "approx": false}, "geometry": {"type": "Polygon", "coordinates": [[[71.37512842381193, 33.863124614496506], [71.3772040992382, 33.900147500537145], [71.40008208749053, 33.928947214185804], [71.40423195273775, 34.015333813423545], [71.4208660778509, 34.0729275767236], [71.42086261143848, 34.10172284008869], [71.41045996942012, 34.118175253441144], [71.41045798861302, 34.13462968964976], [71.45205023422075, 34.22102357116972], [71.46452954206893, 34.233366825753585], [71.5061331773175, 34.22514769907395], [71.50821826157751, 34.18401201312363], [71.55190400987543, 34.159338854806606], [71.62678827539469, 34.163467028423185], [71.67255267032954, 34.15113510183386], [71.70167749293171, 34.1264591115182], [71.73911987329222, 34.12646639380041], [71.7578445298849, 34.09767477157643], [71.76200727037829, 34.07710753545812], [71.78281354481855, 34.035975490648894], [71.78281948723986, 33.98661218202302], [71.77034463620765, 33.937246445969755], [71.72459410692252, 33.83439731909871], [71.68507555593396, 33.801480759828024], [71.61643119193968, 33.8014674089773], [71.56859359758744, 33.75620840426521], [71.53739260435722, 33.74797511759239], [71.50203629866026, 33.698604931255545], [71.44587322332126, 33.69448039878007], [71.43547157170646, 33.70270559402822], [71.3959386598664, 33.789083697270044], [71.39177393856592, 33.826105369596974], [71.37512842381193, 33.863124614496506]]]}}, {"type": "Feature", "properties": {"na": "NA-2", "src": "commons-1993", "approx": false}, "geometry": {"type": "Polygon", "coordinates": [[[71.29187200344612, 34.011866525095236], [71.35465046568281, 34.1079453625876], [71.43480386327063, 34.182586253603866], [71.43505808747399, 34.138447310661924], [71.45241614958664, 34.122526099324084], [71.53304681024449, 34.10893787724254], [71.57929798868027, 34.072052165860384], [71.62533028308273, 34.06826335089781], [71.64272497352374, 34.046867774053844], [71.63134016615709, 34.02990085591508], [71.65484262392202, 33.95914452489843], [71.62605378328911, 33.96356030777214], [71.61467144117928, 33.946595151363546], [71.55124784315232, 33.966248543161576], [71.53368953041759, 34.009696926329774], [71.42425800666203, 34.0221941224033], [71.40709653218416, 34.00501680609271], [71.39594320439755, 33.94945086910392], [71.36136076169124, 33.953698556156674], [71.32119267362836, 33.93016805750169], [71.29228561202042, 33.945668174918275], [71.3035956572184, 33.97918165210488], [71.29187200344612, 34.011866525095236]]]}}, {"type": "Feature", "properties": {"na": "NA-3", "src": "commons-1993", "approx": false}, "geometry": {"type": "Polygon", "coordinates": [[[71.30394885816216, 33.92402413223065], [71.32702489082509, 33.919348438409855], [71.38446501177509, 33.94351384266022], [71.44218316202625, 33.92358577158142], [71.51112922319263, 33.94269419528335], [71.53974270290625, 33.965816981641936], [71.59174598322245, 33.93470392187257], [71.62050197283958, 33.93579488252666], [71.64338325425702, 33.953197378935975], [71.69566448078388, 33.883578976157935], [71.76503852489597, 33.836710132194355], [71.77110223501487, 33.798408347363775], [71.80007275010611, 33.77202642537094], [71.78895399888573, 33.72755563280274], [71.7545064962528, 33.72069005030978], [71.71411418553899, 33.73561571316984], [71.69658641217964, 33.767964212749185], [71.66769586685864, 33.78336045134827], [71.62221712918497, 33.7155171635047], [71.51327030325206, 33.661754028626646], [71.46144462031842, 33.65977364301586], [71.44403280733393, 33.675638312734236], [71.4378810848001, 33.724992319680766], [71.42039149702597, 33.75188690711919], [71.36246567674576, 33.79382043556951], [71.35631161075206, 33.84872767578579], [71.30394885816216, 33.92402413223065]]]}}, {"type": "Feature", "properties": {"na": "NA-4", "src": "commons-1993", "approx": false}, "geometry": {"type": "Polygon", "coordinates": [[[72.19975355207785, 34.04121145539196], [72.19471598215135, 33.95849157831366], [72.17192243441308, 33.94105610007512], [72.17211359440768, 33.919063637425104], [72.20696111418276, 33.8710085729186], [72.20209216696672, 33.77734960207301], [72.15630391863643, 33.76445172970656], [72.0413234840072, 33.78171551733763], [71.98435757279124, 33.72989697103744], [71.93911952450013, 33.651063444532305], [71.92188305289282, 33.650363065742376], [71.91013626057475, 33.677386757539736], [71.87565878551841, 33.675995800430776], [71.81273284252426, 33.64046278573567], [71.77823513319892, 33.63908493842859], [71.80668520215481, 33.67323193728564], [71.80040312991767, 33.733512899904426], [71.81152100293068, 33.777983285241504], [71.7767138584179, 33.815144690758586], [71.77648922500087, 33.84266435731451], [71.66654329498724, 33.93204086533308], [71.66614254805131, 33.98712834583618], [71.64280029954278, 34.035846052393005], [71.72322725006728, 34.044414035945266], [71.75789916636708, 34.01819231562373], [71.77541902724332, 33.9803045695037], [71.79261384660812, 33.986479124560255], [71.82663215531788, 34.0483928302893], [71.87229126368294, 34.08872669551917], [71.91833711671224, 34.073998330104224], [71.94121465046224, 34.085910268031235], [71.95294001515747, 34.053329342561916], [72.00484354508636, 34.02235033960554], [72.0793822776615, 34.030835414565175], [72.09641383125849, 34.053535047774545], [72.19975355207785, 34.04121145539196]]]}}, {"type": "Feature", "properties": {"na": "NA-5", "src": "commons-1993", "approx": false}, "geometry": {"type": "Polygon", "coordinates": [[[71.63489733161262, 34.39407055325569], [71.68655874598481, 34.40148479137926], [71.6983426930831, 34.34674330234448], [71.7617604862834, 34.30498073911495], [71.75034201412517, 34.29352209853885], [71.75074456044342, 34.22736444648306], [71.82571268462802, 34.1806016336905], [71.82008145637077, 34.163851847998004], [71.84319744067469, 34.142696905671556], [71.86076898964069, 34.093788331588954], [71.81510569266678, 34.053455702437525], [71.78108258818503, 33.99154102350565], [71.76935011302986, 34.02414278079225], [71.72889619318332, 34.055652322378954], [71.65418425472176, 34.052813098917866], [71.62522070750887, 34.08479909572675], [71.58497616208791, 34.08329242758708], [71.53872900046419, 34.12017934995908], [71.50422174126399, 34.11890705610618], [71.446532333367, 34.144382611689075], [71.44049440609996, 34.193830199962385], [71.46319752228634, 34.24984473997078], [71.48608127466383, 34.27275065880136], [71.56066817220733, 34.30305592900984], [71.63489733161262, 34.39407055325569]]]}}, {"type": "Feature", "properties": {"na": "NA-6", "src": "commons-1993", "approx": false}, "geometry": {"type": "Polygon", "coordinates": [[[71.76776762196174, 34.261090341234265], [71.84226174138449, 34.285966841586685], [71.88257378807297, 34.26545597623347], [71.93410701683412, 34.2839717367735], [71.98606216198965, 34.23639230627618], [72.0434509020527, 34.23313001157339], [72.04356634439087, 34.216610184701814], [72.06084712850577, 34.206276114901186], [72.11232823472933, 34.224836127969915], [72.13529601156401, 34.220243211568516], [72.14118852938202, 34.198454263366514], [72.12415448139875, 34.17575103835384], [72.13034572762814, 34.115443843712434], [72.17664417849964, 34.062279245009776], [72.13082149671935, 34.05492113636675], [72.09059186694638, 34.064309273113174], [72.07355881220224, 34.04160946669693], [72.01049560225678, 34.033585410850996], [71.98171895055292, 34.04345397009576], [71.94687272777814, 34.097147275033024], [71.9239960514198, 34.085235315843384], [71.86065167831856, 34.11031162520915], [71.85464199853166, 34.148648387297364], [71.83152766656373, 34.16980200161727], [71.83715846092119, 34.186551690817666], [71.80249487471818, 34.21829936107854], [71.7621957276444, 34.23331061608276], [71.76776762196174, 34.261090341234265]]]}}, {"type": "Feature", "properties": {"na": "NA-7", "src": "commons-1993", "approx": false}, "geometry": {"type": "Polygon", "coordinates": [[[72.3346296807894, 34.38791158844652], [72.32357111992066, 34.33241215485773], [72.2721992621783, 34.30831652371599], [72.2325470815658, 34.24616240352443], [72.22702261760143, 34.21841614139279], [72.23856327575449, 34.20787384862907], [72.1526112946344, 34.20441658167092], [72.15249040705109, 34.22092916758356], [72.12371370068549, 34.236301975288754], [72.06650290190659, 34.21751443006898], [72.04910867878696, 34.24436905150768], [71.99172333785509, 34.2476319767894], [71.93977294704787, 34.295212897850696], [71.91108833259742, 34.29410959941243], [71.89971814430871, 34.277137397649305], [71.86514974471358, 34.2978645770525], [71.76192506177605, 34.27741307361099], [71.79036828253764, 34.322600966825576], [71.81903601594979, 34.32919654274384], [71.8646853113552, 34.37503819766354], [71.91618680185799, 34.39905002806892], [71.90452462277784, 34.43169289660875], [71.94448202434056, 34.46629698982542], [71.97315011258813, 34.46738834530618], [72.02500212530772, 34.42527163387427], [72.05343022534501, 34.46495506620814], [72.10490204515551, 34.48348337328757], [72.13940712950219, 34.462781392593406], [72.16804661990999, 34.463902255809174], [72.16249090939036, 34.436133855513646], [72.21436011754439, 34.388602247024764], [72.26002366916583, 34.41245070091871], [72.2943731949366, 34.413823861837145], [72.3346296807894, 34.38791158844652]]]}}, {"type": "Feature", "properties": {"na": "NA-8", "src": "commons-1993", "approx": false}, "geometry": {"type": "Polygon", "coordinates": [[[72.68986292724863, 34.31461691089505], [72.73617595492041, 34.245146704454534], [72.71936914901798, 34.20595761494725], [72.74848430324263, 34.14678330028865], [72.68019562835279, 34.11086456485384], [72.60651116864618, 34.03626883942069], [72.56094652821173, 34.01233599170386], [72.53805731170131, 34.011356308574285], [72.50919159769585, 34.037601867026055], [72.42337368393413, 34.02847746849941], [72.30367043724605, 33.95749679979505], [72.22935480387395, 33.93242002619562], [72.1951968112475, 33.90351479772588], [72.18343866071308, 33.93602833713708], [72.20623025800042, 33.95346459865498], [72.21117228536507, 34.047179129057994], [72.14758757984782, 34.1106332396684], [72.1356605109565, 34.17070551532292], [72.16984559444764, 34.19960138280585], [72.25006243012788, 34.20283554679787], [72.24404449382251, 34.24112134465115], [72.27800509567727, 34.29754033991835], [72.33505986725264, 34.32737323766104], [72.34611500738626, 34.38287025380705], [72.39229491379398, 34.329704414275234], [72.42658667451205, 34.33661232057079], [72.42675146506869, 34.31460828012929], [72.39834751157318, 34.28592867456622], [72.41013353088694, 34.24239812145395], [72.38754205380674, 34.20295666873699], [72.49668876462795, 34.15800594342067], [72.52529600674926, 34.159210346171086], [72.55938446607097, 34.18813770034627], [72.56491861501796, 34.21036235497097], [72.58779383613168, 34.21132962715766], [72.60480935033378, 34.22854282408441], [72.60467153153053, 34.24502981701155], [72.58742751178262, 34.25529712053871], [72.66700540069952, 34.3136454815269], [72.68986292724863, 34.31461691089505]]]}}, {"type": "Feature", "properties": {"na": "NA-9", "src": "commons-1993", "approx": false}, "geometry": {"type": "Polygon", "coordinates": [[[70.37191757052594, 33.300908967068054], [70.40089561889161, 33.30188128928385], [70.4239557784066, 33.3192226051604], [70.48188983734407, 33.32118318861377], [70.5279822202509, 33.35587578862543], [70.62627654270618, 33.37581068892285], [70.6434755129233, 33.39848125925779], [70.637330914487, 33.44794520636466], [70.66027935821421, 33.47633538376857], [70.78189297220754, 33.45848848453786], [70.92065121419107, 33.457896856961874], [70.98962849979503, 33.504495166798364], [71.00665797749386, 33.543711943619755], [71.05271935622952, 33.56191981625527], [71.04060401486888, 33.63869606603961], [71.08681369900978, 33.63484529487903], [71.13334757096855, 33.5869093096925], [71.24338713235903, 33.535856475587444], [71.26645487022505, 33.53671876003908], [71.27780664270495, 33.559183490970334], [71.32978478438459, 33.55011793165541], [71.35270356841828, 33.567510044590996], [71.38742160907663, 33.55230153988718], [71.53138977217452, 33.56333707269061], [71.56003428119466, 33.5809646850331], [71.57754986424, 33.554123630792525], [71.57194063760714, 33.53739202936447], [71.53744117766514, 33.53054242146005], [71.4973715862484, 33.501462134082225], [71.53223206650419, 33.4697946536474], [71.62431298563016, 33.47891790570646], [71.76749520840572, 33.55613506882177], [71.76718711785838, 33.589128823219326], [71.73847989078381, 33.5824821765548], [71.71531962236227, 33.59806826199257], [71.73812845296715, 33.62098301867061], [71.76678424054819, 33.633126749741244], [71.81858276430435, 33.629694606100855], [71.88150628609276, 33.66522986960497], [71.91028880597774, 33.66089255732876], [71.91059771057529, 33.62790717222428], [71.88217541025938, 33.59375805370023], [71.88850864600899, 33.533531063232715], [71.8431128267839, 33.4712040627934], [71.82077587953572, 33.40432573089012], [71.71748765208667, 33.37264154297159], [71.6546666207172, 33.320623960341756], [71.66087966729047, 33.27689121896455], [71.64400736154965, 33.23772835591595], [71.69061313767898, 33.19015816012802], [71.69097609776158, 33.15720346113205], [71.65132999633127, 33.09514074182273], [71.65778208263093, 33.03497662867453], [71.59407846511512, 33.05983446330427], [71.54735756996847, 33.11289489344226], [71.5527039985421, 33.15158799459347], [71.48860599489684, 33.215005780268996], [71.46565992185415, 33.203096614587444], [71.47165311683283, 33.181336407311385], [71.44836335496028, 33.20241225373069], [71.42546789430972, 33.18500782302168], [71.34934971383467, 33.29757506676526], [71.32648927442787, 33.274676525153595], [71.26884910961972, 33.266953876299596], [71.22819635483216, 33.29292768231394], [71.14738517895574, 33.28987037520597], [71.12414133889084, 33.30552126772036], [70.97405669244661, 33.28893817829128], [70.93341492293926, 33.30949730801234], [70.92204286986866, 33.287036177814144], [70.84684106207608, 33.289824126596045], [70.78914624259873, 33.27121240061002], [70.76059009190737, 33.22608133499418], [70.73753868315819, 33.21423033834571], [70.67957404020093, 33.22319977963317], [70.67369547741197, 33.23402241365665], [70.62159563834938, 33.232190757627876], [70.60435910743087, 33.21503863442498], [70.60453866847801, 33.19298075831568], [70.62788299126046, 33.17173987497791], [70.62806824400074, 33.14968732299314], [70.59934613437387, 33.12110063318782], [70.57580892274234, 33.16439513218324], [70.53521642152818, 33.168495096709044], [70.471220755447, 33.19938903315513], [70.37191757052594, 33.300908967068054]]]}}, {"type": "Feature", "properties": {"na": "NA-10", "src": "commons-1993", "approx": false}, "geometry": {"type": "Polygon", "coordinates": [[[71.34368765085549, 33.286348703006595], [71.37306330212077, 33.232461574541574], [71.3446065269557, 33.19283793816926], [71.34488455346697, 33.16534091435404], [71.38012632542458, 33.10622062345379], [71.36328463516084, 33.06156122692744], [71.41562955260059, 33.02515377369589], [71.41010318269166, 33.00294430905373], [71.30664322711527, 32.96034685004819], [71.26015309507846, 32.98600960427279], [71.17363667263263, 32.971633294968925], [71.11632530469171, 32.92540536020967], [71.06501439643677, 32.857411781046835], [71.08296806083337, 32.803106549191874], [71.0603341019373, 32.75823255162573], [70.99123268867949, 32.72805619546063], [70.92745727932169, 32.7366041903797], [70.89803585458536, 32.7794965102383], [70.88575553163979, 32.84507000671558], [70.82725538704025, 32.903434609391034], [70.8211367089251, 32.936246417828606], [70.74577347639409, 32.94448523838259], [70.69887599672921, 33.00338169481175], [70.78499421793452, 33.083651672381194], [70.7790070512377, 33.105476614618404], [70.7266272164455, 33.13665655989695], [70.6110238404773, 33.110484391261544], [70.63969585826678, 33.14458416399807], [70.63941710042346, 33.177661679164046], [70.61607442997703, 33.19890123449528], [70.62747443580993, 33.22136465013155], [70.74341838204963, 33.20341328070903], [70.7722077138355, 33.220984084396676], [70.79502214951037, 33.26039548886835], [70.85271564104906, 33.2790100759953], [70.92791746560242, 33.27622747720971], [70.93928804360051, 33.29868804825963], [70.96837368612918, 33.27770834252719], [71.11846620764791, 33.294292547264234], [71.14171195148117, 33.278642203266806], [71.22252759315576, 33.281700233646966], [71.26318362721908, 33.255727359048336], [71.33236382359239, 33.2638965042379], [71.34368765085549, 33.286348703006595]]]}}, {"type": "Feature", "properties": {"na": "NA-11", "src": "commons-1993", "approx": false}, "geometry": {"type": "Polygon", "coordinates": [[[73.50197349391793, 34.12077388963985], [73.44528278773842, 34.09616233911528], [73.39457556257797, 34.04444861598197], [73.41068936866722, 34.13288262943304], [73.3763376949788, 34.1477091755939], [73.37029060040972, 34.18031503349098], [73.34158019563914, 34.20090503545689], [73.23360045181494, 34.168488719841505], [73.12505172996288, 34.18546803490555], [73.07409904841239, 34.14475160728399], [73.02274735971191, 34.142435390004344], [72.99448344457814, 34.113726170301895], [72.93755933624193, 34.09471244952418], [72.90303097069473, 34.12062097637508], [72.89700510280525, 34.15329440904831], [72.86814433106495, 34.184967573095484], [72.90806236150142, 34.19221806140807], [72.91927582117954, 34.2146775247458], [72.97049223575844, 34.2334171936708], [73.02693982008982, 34.301812137438894], [73.06717172216878, 34.2706669289888], [73.12393816128021, 34.30066088447458], [73.16405283602846, 34.28051860483221], [73.19255292368267, 34.281811485147735], [73.22062638759994, 34.3269860367254], [73.25491771730178, 34.317574041199144], [73.27738844411155, 34.35152098835879], [73.31150929588048, 34.35856901148494], [73.37920436209696, 34.42751360766536], [73.40207584406596, 34.417595204088386], [73.44288842474178, 34.32077027058652], [73.47145643348996, 34.311141619160374], [73.482669653542, 34.32811479451409], [73.47765900825355, 34.26209621436759], [73.48915702988991, 34.251675930657875], [73.50197349391793, 34.12077388963985]]]}}, {"type": "Feature", "properties": {"na": "NA-12", "src": "commons-1993", "approx": false}, "geometry": {"type": "Polygon", "coordinates": [[[73.3474486916278, 34.184730572912244], [73.36500433926743, 34.141696590887165], [73.39935850707165, 34.12686837408683], [73.36690115798909, 33.97191707656388], [73.31624049599237, 33.91473612826763], [73.25922244388892, 33.912045054183984], [73.22544750429493, 33.872104648304294], [73.16839672143342, 33.86943265848551], [73.12876618758683, 33.840184987312405], [73.07112404279003, 33.88684479905534], [73.08169297469979, 33.96408888676779], [73.05874447070667, 33.97400499302511], [73.05810402690845, 34.03430572173182], [73.03499085467224, 34.060683951329416], [73.02889234595447, 34.0988134187721], [73.00595333432815, 34.108754035284896], [73.02856258374533, 34.13172174381369], [73.09126830267883, 34.140042668239744], [73.10245674322215, 34.16249631816004], [73.13086399453738, 34.17475900635606], [73.23941364389495, 34.15778835521025], [73.31332495063197, 34.17765975789819], [73.31890772706006, 34.188885049683456], [73.3474486916278, 34.184730572912244]]]}}, {"type": "Feature", "properties": {"na": "NA-13", "src": "reconstructed", "approx": true}, "geometry": {"type": "Polygon", "coordinates": [[[73.0305691922718, 34.21557751441719], [73.07771427686558, 34.22137700171389], [73.31557167564496, 33.864572839644374], [73.30028857335734, 33.84501988228823], [73.20950885418542, 33.8155673630363], [73.16916231233122, 33.804857356035605], [73.13049687638764, 33.79950235253526], [73.12545355865586, 33.792808598159816], [72.91699642574257, 33.7298873070307], [72.88673651935193, 33.75933982628263], [72.88841762526252, 33.762017328032805], [72.86992546024602, 33.81690611391139], [72.87160656615661, 33.826277370037005], [72.84782957900475, 33.82753969234344], [73.0305691922718, 34.21557751441719]]]}}, {"type": "Feature", "properties": {"na": "NA-14", "src": "commons-1993", "approx": false}, "geometry": {"type": "Polygon", "coordinates": [[[73.50236161884717, 34.652664908934355], [73.43469878127722, 34.58370397655813], [73.43032115139029, 34.44084253864141], [73.40766251556434, 34.42882456938139], [73.36202437571498, 34.43769785330791], [73.30570924908011, 34.36927633815783], [73.27158788513262, 34.36223029792246], [73.24911491963942, 34.32828289798182], [73.21482414495152, 34.33769787467221], [73.18674770481455, 34.29252259073939], [73.11813405243998, 34.31137795239449], [73.07277219120837, 34.28189660741545], [72.99787738353444, 34.3609326979533], [73.00895036974778, 34.39986941186324], [72.97444753171847, 34.43131673160023], [72.96837966274627, 34.475009256484114], [72.99087977618012, 34.51445627641399], [73.02491362105881, 34.53792165413278], [73.03043911054378, 34.560144369462336], [73.08147464083048, 34.5953468119291], [73.09831051750952, 34.62905608119471], [73.09240102323784, 34.65627721333873], [73.10932491184089, 34.67900076776765], [73.17197768979084, 34.68174622430263], [73.18328193739971, 34.693233892016416], [73.21100563577677, 34.79337623466285], [73.23975094168054, 34.756169182337494], [73.27389825123248, 34.757678728977424], [73.31416050205877, 34.704533211378475], [73.35376773653383, 34.73376970696387], [73.43403152197912, 34.660518943501046], [73.50236161884717, 34.652664908934355]]]}}, {"type": "Feature", "properties": {"na": "NA-15", "src": "commons-1993", "approx": false}, "geometry": {"type": "Polygon", "coordinates": [[[72.82350981054046, 34.78229969532531], [72.89219710106364, 34.74666381044812], [72.90390194922304, 34.70314950432675], [72.9383082095687, 34.67711375875989], [72.88741913365412, 34.61444804479117], [72.91047976778405, 34.58244126550104], [72.99010688542238, 34.61335790419543], [73.04166615920111, 34.582616601840236], [72.95692741837199, 34.480006195760794], [72.96308518206786, 34.42532578015618], [72.99759049860118, 34.39387646840938], [72.98651663938436, 34.35493945439177], [73.02113562371187, 34.31253609912082], [72.96468350986444, 34.2441410216736], [72.9134657934215, 34.22540382794809], [72.90225085867087, 34.202943805462084], [72.86799216928725, 34.20143611834132], [72.85677380497, 34.17897618090586], [72.83964021720834, 34.17822428375577], [72.82230425509012, 34.19943522866247], [72.79374370148861, 34.198190104648994], [72.75399866662873, 34.16899599378102], [72.7307496827999, 34.211942967319594], [72.74774656109246, 34.22916048781121], [72.74755519741095, 34.251131981597396], [72.69548675136544, 34.32585125254862], [72.74078712280959, 34.377259170982356], [72.7346407890567, 34.431980188096915], [72.70011964695315, 34.463517763305454], [72.73434499509257, 34.47046193117148], [72.75135072746734, 34.48767994600564], [72.75122668961288, 34.50417381728285], [72.71093446781538, 34.54648343557149], [72.75653124190846, 34.559400947389705], [72.77944529634674, 34.54936665370349], [72.80211519579349, 34.57232610202382], [72.80191647091094, 34.59981989871796], [72.76169559029005, 34.636638675394195], [72.79007926953447, 34.659836910316315], [72.77255567475915, 34.719635121187025], [72.8064326743821, 34.77608384889328], [72.82350981054046, 34.78229969532531]]]}}, {"type": "Feature", "properties": {"na": "NA-16", "src": "commons-1993", "approx": false}, "geometry": {"type": "Polygon", "coordinates": [[[74.14437320966596, 35.242397380347455], [74.08824259371842, 35.17937632164264], [74.08841410632472, 35.15743795917461], [74.11698076950086, 35.12588383790242], [74.0775289192275, 35.10206013643298], [74.08359715377124, 35.05298420397861], [74.04993930880988, 35.01298376054168], [74.04450809011813, 34.98530293134085], [73.94321643914117, 34.898208426455845], [73.90910572085718, 34.90755935823879], [73.86383524532879, 34.89445002848112], [73.83566320570843, 34.87117996366879], [73.7788839686783, 34.87400428760459], [73.67778850488094, 34.74309068724435], [73.6779815754552, 34.72115432994566], [73.7008934306915, 34.700283060807706], [73.67837449667766, 34.67728697591275], [73.66756802981303, 34.61644710466941], [73.62181468391955, 34.64721710961178], [73.57076922400068, 34.63387187824801], [73.51377999921559, 34.64770163997538], [73.49653354908956, 34.66886283453447], [73.45104570737634, 34.66678354151997], [73.3593690978866, 34.7450060949986], [73.34230332430097, 34.744242063661886], [73.3197630499339, 34.71576939126971], [73.27950512476009, 34.76891641006396], [73.24535972912165, 34.76740717339783], [73.2166174830732, 34.80461528172611], [73.18831589698742, 34.78138949643933], [73.1661983610489, 34.692482779036695], [73.11489694414493, 34.695733106454746], [73.0865783364344, 34.6725125813334], [73.08687229337144, 34.634051738797865], [73.0643780132394, 34.594599145038266], [73.03588018331894, 34.59335637634481], [72.99572468562098, 34.624595433454914], [72.92180444835279, 34.59392354838093], [72.8988674473424, 34.609437519346585], [72.92722219990682, 34.632645910272565], [72.94967199298979, 34.68309888301306], [72.91526821635209, 34.709132743693566], [72.90356416313702, 34.75264574307104], [72.8635031512309, 34.772967065623035], [72.89197829788259, 34.7796669712141], [72.91453301419601, 34.819134527505604], [72.9543611634729, 34.831819943957306], [72.98260681430472, 34.87153049644157], [72.88551930218087, 34.90047531966655], [72.85688674384568, 34.92130643094045], [72.97051100355341, 34.98659680993991], [73.01611096330639, 34.983006991034465], [73.06763216503083, 34.941164210348624], [73.14733614001581, 34.944572040584454], [73.18134247258871, 34.96803709857018], [73.21566325117038, 34.942021414568046], [73.2497997629856, 34.94350463206844], [73.27813111980812, 34.961235059194244], [73.34641025692396, 34.95873023093942], [73.3747233293049, 34.9764688615418], [73.43175626103205, 34.951516746258086], [73.4715356946209, 34.95329221078741], [73.51118667544358, 34.971552225044896], [73.59002678859075, 35.068498495742276], [73.60705726625933, 35.069265881941995], [73.64706647696076, 35.032624113005504], [73.70908831147024, 35.09037336201503], [73.81697215189726, 35.078853995015116], [73.84511414391702, 35.1076072884009], [73.84475085900115, 35.15700641913825], [73.87293092860634, 35.180272065009085], [73.91830271522441, 35.17688460957117], [73.94642837106136, 35.20564329302077], [73.95740238013366, 35.25556748799373], [73.97427600292288, 35.27282382618112], [74.0251565687772, 35.28617558882431], [74.06506029207712, 35.24962135586595], [74.12731500807479, 35.25256199746465], [74.14437320966596, 35.242397380347455]]]}}, {"type": "Feature", "properties": {"na": "NA-17", "src": "commons-1993", "approx": false}, "geometry": {"type": "Polygon", "coordinates": [[[72.73968997523198, 35.859877322827444], [72.77950222857045, 35.88348169085442], [72.83639667093486, 35.8856396791243], [72.90469699972142, 35.855115451740076], [72.93881559772662, 35.85643423988309], [72.98426880288952, 35.87476482436248], [73.03542065479918, 35.87676336872087], [73.09218786191515, 35.906596426423974], [73.14906457382101, 35.87021738880628], [73.12661661308219, 35.753456578994324], [73.17218899042204, 35.71117004164382], [73.20060784664808, 35.706809768605574], [73.29738888161042, 35.63912327886447], [73.38256216905941, 35.63716506826853], [73.40537116654745, 35.61058055631171], [73.4055512321183, 35.56652554543421], [73.44523119691083, 35.57922211076122], [73.47908975731517, 35.62471703439234], [73.55868698148201, 35.58407718895232], [73.63793776897798, 35.615027756705594], [73.66068629290903, 35.59950760433352], [73.73432658442913, 35.608236109772335], [73.77406284399585, 35.59348602531373], [73.80821726689821, 35.562002390468784], [73.81414700874431, 35.51277647827943], [73.75203728250887, 35.47151173216264], [73.7465546812438, 35.438275518943776], [73.71837105254859, 35.40952643870599], [73.71299069405526, 35.359804790127896], [73.74730824863774, 35.31187493301367], [73.74195361269348, 35.26217349446785], [73.77607883934122, 35.24723650878518], [73.80420393796953, 35.2814807077586], [73.83254087691543, 35.28277203780057], [73.88942675594862, 35.25242331404298], [73.91775295196916, 35.25373046158011], [73.96291156058874, 35.27778706620714], [73.9460362591811, 35.26053106761905], [73.93505911708067, 35.21060478568361], [73.91255670972124, 35.18759817169075], [73.85588949179774, 35.18497659838941], [73.83337441037997, 35.16197325419982], [73.83373510593262, 35.112571149139875], [73.81121962962695, 35.08956884719807], [73.70333636097466, 35.10109654535841], [73.64131068233614, 35.04334821412675], [73.61265662050593, 35.08050666857249], [73.58427322333567, 35.079228785582266], [73.50542669771987, 34.98228226118254], [73.46577446718238, 34.96402395024169], [73.42027267194752, 34.96749258606865], [73.38033262283028, 34.9877100569878], [73.34064916730549, 34.969471126620626], [73.272370073025, 34.971980918930356], [73.24403751863694, 34.95425142323834], [73.2212804299154, 34.95326348677886], [73.18696261162393, 34.979280050534385], [73.14157378205482, 34.955326111457794], [73.07325784667636, 34.95240773973516], [73.02174119002487, 34.99425189702906], [72.96475103885663, 34.997365839817505], [72.86249215777245, 34.93805623558965], [72.89058905716809, 35.010801668428826], [72.85054790022741, 35.03669001527554], [72.81637623638358, 35.02978264741485], [72.78798501082686, 35.006589141516294], [72.76509165634573, 35.02218475855022], [72.77635646009904, 35.0501899222082], [72.73622996578987, 35.09265357873346], [72.74735626208438, 35.15373002646642], [72.67865886056164, 35.217160672489655], [72.68425291035466, 35.24495646584664], [72.72964928634939, 35.30190031514663], [72.71235479448534, 35.35638155715653], [72.7350755052713, 35.37933980414356], [72.73493179633044, 35.4234721801057], [72.6892618568219, 35.44928661881423], [72.6892141728584, 35.46584240329279], [72.7119137188129, 35.49983767492571], [72.71738592020083, 35.58837472600821], [72.76842177980602, 35.68972427046629], [72.76828996280986, 35.761515779574744], [72.78532053435528, 35.78978314211746], [72.7738586073756, 35.84459106693406], [72.73968997523198, 35.859877322827444]]]}}, {"type": "Feature", "properties": {"na": "NA-18", "src": "commons-1993", "approx": false}, "geometry": {"type": "Polygon", "coordinates": [[[71.26606936960277, 32.49171454347596], [71.28955507402473, 32.465229184685825], [71.27369842044797, 32.354810073540975], [71.25086976384956, 32.3319165540531], [71.22187463001312, 32.33620833499187], [71.1760466813522, 32.30139643508154], [71.10781668189404, 32.21079140414331], [71.10851634671023, 32.16143433705895], [71.12025332743183, 32.15094436434883], [71.02258445494398, 32.09206611623807], [71.01726684275562, 32.05892711454982], [71.02917535692893, 32.03747064664448], [71.01799028690144, 32.00958143158873], [70.98362342186104, 31.98074032873062], [70.98477525739682, 31.903996985495855], [70.95048865561911, 31.869675827579115], [70.96276064461978, 31.826312792258566], [70.93376409567405, 31.82511312918132], [70.90527106636843, 31.79103453236471], [70.90586996502158, 31.752675982799893], [70.84879283656717, 31.690004628286598], [70.79231675726817, 31.58898823763931], [70.7991086659362, 31.528974348368152], [70.77070076292397, 31.48942974256136], [70.79992717721206, 31.479685750733932], [70.78314412714126, 31.440628024672137], [70.80141055867722, 31.392083912847088], [70.74386719315267, 31.35680202044093], [70.74433874172557, 31.329430189524825], [70.70450271682127, 31.278460151347062], [70.69364110993708, 31.234184760746594], [70.64635417864473, 31.276034674967654], [70.55356181970868, 31.25575910400641], [70.4599785068589, 31.279342576750643], [70.36745867066146, 31.23722547788902], [70.30994010996396, 31.191049217646615], [70.30338022802145, 31.23465899112917], [70.24350569541052, 31.33103623835416], [70.1999112036021, 31.510495206076204], [70.14610204024598, 31.601821746473174], [70.14562718658964, 31.63477141578776], [70.11005039498137, 31.677399083477866], [70.11526282797365, 31.72156791528359], [70.10346083397276, 31.732122730817075], [70.10846140895002, 31.792787133405415], [70.06624234422668, 31.9012352468527], [70.00147475243972, 31.95391473476325], [70.00079554286906, 32.00893193105624], [69.94758030632602, 32.07311032501995], [69.98776907701003, 32.124092530918844], [70.03997745902656, 32.142463257314354], [70.11486845111526, 32.21120889467358], [70.17892411359651, 32.20800196376682], [70.22512676772578, 32.23719629840762], [70.24224883308236, 32.26534081452731], [70.28274902926725, 32.28332469324688], [70.3402878070346, 32.334961578510146], [70.36851785480152, 32.407554559900134], [70.40923396736923, 32.4035364294758], [70.46187351202873, 32.37245225008533], [70.50238220166901, 32.3849602872628], [70.51457782665776, 32.335898593553814], [70.59029596479712, 32.316747007587246], [70.61391496127521, 32.28465044525532], [70.56803502670503, 32.238917169928996], [70.56824273271526, 32.22243027095099], [70.60349116458478, 32.1907921175208], [70.62670718468775, 32.19168387978428], [70.64390428377905, 32.208835078577316], [70.82900077165525, 32.254505179888255], [70.92686787608058, 32.3078125407566], [70.99051081987133, 32.31584040189616], [71.06505286905931, 32.373747330084015], [71.1172141236391, 32.37036066122124], [71.17398179083564, 32.455022877545616], [71.20868297080584, 32.45643192283265], [71.2487260500055, 32.491006223734296], [71.26606936960277, 32.49171454347596]]]}}, {"type": "Feature", "properties": {"na": "NA-19", "src": "commons-1993", "approx": false}, "geometry": {"type": "Polygon", "coordinates": [[[70.81545827434336, 32.92502236640535], [70.81567889051792, 32.903004366570116], [70.78138975772002, 32.8576817591061], [70.78746248099472, 32.83037841440111], [70.72381562529581, 32.82251305834943], [70.67797908275247, 32.771264388047], [70.70155869162268, 32.73359502573857], [70.63810228888, 32.703721116688655], [70.59695482213738, 32.75728083261449], [70.57956362286605, 32.75664757077015], [70.55085460258512, 32.728064287713615], [70.50451643997744, 32.720878475087744], [70.47523853707311, 32.747371705624346], [70.43452251255752, 32.756937648522886], [70.3533367301857, 32.748552054095555], [70.31254697051469, 32.763659432230774], [70.31814407020273, 32.785908141804214], [70.39286595999991, 32.86570989010752], [70.37521084283698, 32.89266318795154], [70.39831553870842, 32.904497847772554], [70.39236646329894, 32.92083363559138], [70.42701840178573, 32.9385865563245], [70.42687126034501, 32.95512489358802], [70.47340745088947, 32.940214075284906], [70.60086901576076, 32.95025429386325], [70.6873459039195, 32.997454213893676], [70.7400904764491, 32.933260287437584], [70.81545827434336, 32.92502236640535]]]}}, {"type": "Feature", "properties": {"na": "NA-20", "src": "commons-1993", "approx": false}, "geometry": {"type": "Polygon", "coordinates": [[[70.82157852709614, 32.892211293365584], [70.86833570871116, 32.84991838814601], [70.88651976500019, 32.77355688427725], [70.91594323954469, 32.73066258304017], [70.93927830234057, 32.715054392184356], [71.01443661226993, 32.7234550315882], [71.06128700006015, 32.675796793944826], [71.0620059909872, 32.615359874993686], [71.09126377329898, 32.58903724851676], [71.09146604520518, 32.57256011387647], [71.13822035255212, 32.535965591550394], [71.20197405670001, 32.52754587791504], [71.17341216233844, 32.49893222851435], [71.14541817407502, 32.42641081964783], [71.11128128490212, 32.381102159849554], [71.0937749395886, 32.39137796981802], [71.05912015138159, 32.38449263494294], [70.98457420591537, 32.326587396415796], [70.92093061957296, 32.31856344787414], [70.82305987030169, 32.26525965318999], [70.63796005792194, 32.219599572700204], [70.60915409627378, 32.20200308993009], [70.57971337461926, 32.23386321602086], [70.6255888328736, 32.27959739694533], [70.62531489498168, 32.301580243372605], [70.58429170639262, 32.33301894534017], [70.54947081832091, 32.331706391189286], [70.52025119356468, 32.34711341770742], [70.50805809002517, 32.396176240344296], [70.46755121473325, 32.38366833689109], [70.3974324658301, 32.41961914252557], [70.38532655434919, 32.46322285823556], [70.31468914973024, 32.54880219892543], [70.30250471542506, 32.603465952963404], [70.29083344316966, 32.60856356297416], [70.29592626292543, 32.68038930192691], [70.2722725354582, 32.723661800076435], [70.31845670166287, 32.75284010279341], [70.3476389453073, 32.737327350659484], [70.42882898420193, 32.7457135544031], [70.4695476601673, 32.73614820105249], [70.49882820437621, 32.70965579860699], [70.57984521599957, 32.729119116352905], [70.59127043465345, 32.746058298995024], [70.60906079775087, 32.708159558177755], [70.64401518435017, 32.69292772582232], [70.71320490963288, 32.728522307406124], [70.68962437414335, 32.7661875816323], [70.72972065929946, 32.81171846869105], [70.79336687244671, 32.81958773734063], [70.79302584052124, 32.852607981728106], [70.82157852709614, 32.892211293365584]]]}}, {"type": "Feature", "properties": {"na": "NA-21", "src": "commons-1993", "approx": false}, "geometry": {"type": "Polygon", "coordinates": [[[72.22781483859715, 35.144680296938255], [72.24503583735574, 35.123236247419385], [72.30796307556588, 35.10904138146443], [72.34823400514166, 35.038828232136844], [72.34841358901716, 34.99469620170403], [72.37136651902566, 34.97351413777956], [72.44566652905344, 34.9708830427612], [72.4684397024907, 34.988316223253975], [72.51412628137584, 34.990107768538074], [72.53141227692714, 34.95771036861163], [72.52026228476268, 34.902145931375465], [72.53747945417243, 34.88629546393211], [72.51531846735736, 34.758674502434985], [72.48135230052458, 34.702221585338556], [72.46417456384619, 34.70704233855311], [72.42435364970213, 34.6723953397822], [72.39570257675673, 34.68227397140098], [72.30460412287334, 34.60703353450638], [72.21332412245589, 34.55384779524743], [72.17900357334003, 34.546995279914086], [72.16764772683015, 34.53001767829319], [72.14473999449568, 34.52912590468617], [72.08733424299527, 34.54895634476113], [72.0642375002952, 34.58115391884433], [72.08110344434994, 34.642462463495704], [72.166739482601, 34.69537659191135], [72.16641178029752, 34.76154830032184], [72.08006068209608, 34.868641598956096], [72.10859121992581, 34.8917877470068], [72.10845973024354, 34.9249022775962], [72.14266582943873, 34.95930227519662], [72.14250168509099, 35.003461345960694], [72.16528476298552, 35.03191634640502], [72.16517006736987, 35.065041064702356], [72.14218289430441, 35.09732310299978], [72.15928864627742, 35.11452408282973], [72.18789926617026, 35.1100621092061], [72.2106643764725, 35.14404213092826], [72.22781483859715, 35.144680296938255]]]}}, {"type": "Feature", "properties": {"na": "NA-22", "src": "commons-1993", "approx": false}, "geometry": {"type": "Polygon", "coordinates": [[[72.46625730437867, 35.943829217372574], [72.54603762787455, 35.907989933066695], [72.55174866819159, 35.88054669702504], [72.57454691235161, 35.86479289550898], [72.61441933634661, 35.86626114477568], [72.6372145556944, 35.85052062554813], [72.68275776357645, 35.863270228998175], [72.76248337855178, 35.838635399195475], [72.77392891286001, 35.794873150745175], [72.7568960872821, 35.766605466841206], [72.75702416408696, 35.69480966148899], [72.7059806792632, 35.593458161506234], [72.70050360273046, 35.504916266419166], [72.67780124320399, 35.47092078662476], [72.67787998419908, 35.4433267184845], [72.72355324399149, 35.417509945133226], [72.72366014696424, 35.384409350350445], [72.70093719802033, 35.36145155616249], [72.71822962831158, 35.30696567830954], [72.67282820058692, 35.2500220736471], [72.66727593279741, 35.211196722731934], [72.73597829132818, 35.14776209268911], [72.72485110121441, 35.08668491635473], [72.76498048190764, 35.04421882869462], [72.75371481555877, 35.01621357917583], [72.78234086859813, 34.99534166154372], [72.83920630161494, 35.02520874916876], [72.87922140310403, 35.004825220363855], [72.85099717141019, 34.95409943126652], [72.84554849374847, 34.909825145011155], [72.9712457175453, 34.865547665116104], [72.94859116008924, 34.84258081444126], [72.90876211682837, 34.82989743406398], [72.87483652559106, 34.784448584109406], [72.80632847493571, 34.79259185997692], [72.7611074226042, 34.72466234767892], [72.76132374794017, 34.691650120219386], [72.77851709197697, 34.68136212187696], [72.77862866809964, 34.66485917048488], [72.75024247886483, 34.64166183204188], [72.79054173914815, 34.59383912156973], [72.79066053471125, 34.57734218714766], [72.77365669810878, 34.56012285048252], [72.75074325083365, 34.570159353449995], [72.69947430658564, 34.551505297655076], [72.69963225164057, 34.52950573378546], [72.73988930428763, 34.49269506704565], [72.69999589122921, 34.480013248266715], [72.68869587315723, 34.46303695343431], [72.67139565791352, 34.48431338349813], [72.6711550045987, 34.517311320836626], [72.64811104993719, 34.54386162877186], [72.59673264150271, 34.53622964065488], [72.56229698245356, 34.55682741725368], [72.52225441595753, 34.560693156560156], [72.45372548103258, 34.5468953611945], [72.34455251678827, 34.625144246711194], [72.40148400264898, 34.67148398354327], [72.41870123036581, 34.66115116286574], [72.44725319860252, 34.66780181784587], [72.46995425391975, 34.69625565096139], [72.4871322681051, 34.69143638832889], [72.5098599208172, 34.71438431304776], [72.54910403237594, 34.84818407244607], [72.54887230438794, 34.89226045465073], [72.53165637423018, 34.90810992608919], [72.54280547777935, 34.96367374184737], [72.51978562520232, 35.00135779059468], [72.4626788661507, 34.999120547008175], [72.43990452122249, 34.98168791200777], [72.377033418941, 34.98476522348183], [72.359820133452, 35.00065152185007], [72.359640507945, 35.044782695295375], [72.3193724387336, 35.11499287787092], [72.21634690479506, 35.15529830976436], [72.23341162115938, 35.183545694076756], [72.2848475247893, 35.1854638296405], [72.28476297202592, 35.21307107184851], [72.2446372012964, 35.25576536895106], [72.24456439285404, 35.283383699289345], [72.28440627429764, 35.345624698539105], [72.31867637123614, 35.34689194109985], [72.32976863739928, 35.50201838629408], [72.23827384217022, 35.59822558123853], [72.23250597101558, 35.65886391233188], [72.14680838538243, 35.73885178405892], [72.14109277341208, 35.77186616312104], [72.19247967685271, 35.80686610321418], [72.2324378320522, 35.80272737280125], [72.24385626593198, 35.7865251228089], [72.28950754572766, 35.79920342920419], [72.31233674665066, 35.78341382098703], [72.34654896562373, 35.82889401224473], [72.35794713151958, 35.86803204741867], [72.40356363092562, 35.88072359419834], [72.46625730437867, 35.943829217372574]]]}}, {"type": "Feature", "properties": {"na": "NA-23", "src": "commons-1993", "approx": false}, "geometry": {"type": "Polygon", "coordinates": [[[72.18479417187676, 34.536198279711186], [72.21911420881408, 34.54305277793531], [72.33314436362154, 34.619182316806], [72.448079469957, 34.5356540635757], [72.51661181415828, 34.54945225097712], [72.5566568228287, 34.545586987262666], [72.59109523289276, 34.52498997646135], [72.64247630292209, 34.53262231558309], [72.65977057935802, 34.51133421615872], [72.66584625520413, 34.462077339366765], [72.72326088172036, 34.42599889578389], [72.7293194018245, 34.382268569776706], [72.68959468304793, 34.34759210682963], [72.68405897112224, 34.32536530691002], [72.66120134027466, 34.32439542130757], [72.60431022978962, 34.28900004533467], [72.57594640947359, 34.26031155860854], [72.59332762498704, 34.23355427871263], [72.55910768209516, 34.22111325205722], [72.54789855211536, 34.19315039105293], [72.50231778382037, 34.16923896478263], [72.39894683788151, 34.20892876392719], [72.42162309175137, 34.237371477623014], [72.40983531444637, 34.28089849953287], [72.43823647024449, 34.30957867109479], [72.43222642761773, 34.347849722425686], [72.39793637153781, 34.34094201214802], [72.35748399448454, 34.39434095867833], [72.30002342384078, 34.42506416126374], [72.25422522779026, 34.423235030454066], [72.22001397514536, 34.39984281389989], [72.17391177772147, 34.442092467023016], [72.17946704393349, 34.469860556579555], [72.16794498974423, 34.480429603771434], [72.19075136016099, 34.49785503030191], [72.18479417187676, 34.536198279711186]]]}}, {"type": "Feature", "properties": {"na": "NA-24", "src": "commons-1993", "approx": false}, "geometry": {"type": "Polygon", "coordinates": [[[73.90128009580134, 36.78373979332075], [73.88998441410355, 36.72807095844251], [73.79398522572524, 36.74624238827664], [73.7713830389575, 36.72323876639911], [73.72618581549295, 36.73246416533507], [73.69791857246564, 36.70371327512129], [73.65835581100848, 36.71318063776059], [73.62442853094436, 36.70078283593525], [73.60182419102837, 36.72198927056084], [73.57354110247326, 36.709822700552174], [73.41516799541057, 36.747892475621235], [73.30187316964765, 36.69933001650437], [73.19987817283413, 36.68442801657329], [73.18290240210071, 36.700394317723955], [73.16023126495053, 36.699551787228195], [73.10347447707441, 36.6587124795735], [73.06377767938632, 36.65725082520284], [73.05241503247092, 36.64576384090358], [73.05234407474083, 36.601484815957214], [73.07497372932129, 36.55805370641222], [73.02949170108297, 36.47337777479009], [72.99543271806664, 36.46658290129853], [72.94998326253189, 36.43170844405583], [72.87614900649126, 36.423467822385376], [72.80223229679191, 36.37097091757716], [72.72835041233137, 36.379379607197556], [72.68847398593707, 36.31705608701224], [72.67143086698223, 36.33305527009792], [72.63161357800593, 36.331639648809556], [72.56331202135783, 36.31261631788977], [72.51767598363986, 36.23348345773365], [72.53470202436205, 36.1787167732436], [72.48910545279588, 36.1272785859262], [72.48909417353742, 36.110670775081346], [72.55171764353224, 36.052026499830795], [72.55171346615941, 36.024361208022526], [72.5118391186615, 35.98419595820792], [72.49474936816179, 35.94485304782264], [72.4605580094708, 35.954691108223166], [72.39786013615792, 35.89158607006902], [72.36364758965955, 35.89036911553274], [72.30662678726509, 35.79427681503822], [72.29521030274218, 35.81047233156659], [72.24956115628046, 35.79779421055786], [72.23814398819788, 35.81399690574258], [72.18677094855424, 35.817738865824225], [72.1353816760571, 35.78274040265722], [72.11254275155225, 35.820710413561805], [72.07827361299267, 35.819536380432915], [72.0268378989873, 35.7347134717106], [72.03255439204304, 35.696150762076634], [71.99254899257222, 35.66155970510313], [71.92965595472614, 35.64834148487096], [71.86102406785453, 35.5851034275892], [71.82671385383664, 35.51195817987699], [71.84390736988186, 35.473787220705866], [71.80957757427016, 35.45047560627512], [71.79245738699825, 35.38346584053387], [71.7237648066676, 35.34238403677932], [71.67228037942436, 35.263145486296374], [71.60929167370121, 35.20566601782037], [71.51753043366, 35.197058255111315], [71.48307214968034, 35.22914258182172], [71.53462762561175, 35.31945639616395], [71.58047175655297, 35.36527871535149], [71.58046076511566, 35.38743463942636], [71.51738313735984, 35.43523576274758], [71.54605201337341, 35.50820860311878], [71.46006576338374, 35.53316722031014], [71.42568002067944, 35.5653490544949], [71.47733843397023, 35.6335285775441], [71.47735469678939, 35.65016767746146], [71.44299091685008, 35.676824585122624], [71.40287193669077, 35.686672757231456], [71.40297298926302, 35.753265655492285], [71.29424316518785, 35.85545681613433], [71.28287096801715, 35.89399923103691], [71.23700294823486, 35.89820103663958], [71.20266376724642, 35.92497891836119], [71.17397820900388, 35.924146143635824], [71.11101822789786, 35.97236635324252], [71.1110752469844, 35.989047565361176], [71.1801961654243, 36.06885599533708], [71.26057401363123, 36.098958661510316], [71.35828111520392, 36.17961490349632], [71.35836516820613, 36.20185400774442], [71.43292371408775, 36.23182203696657], [71.46165586677175, 36.26045721879356], [71.49602135885094, 36.26702701024178], [71.50180845232263, 36.28387200779509], [71.4847261687781, 36.3056039623582], [71.54787076827387, 36.35749035234779], [71.5652640775576, 36.41359351151627], [71.59960156918409, 36.420164677187095], [71.74219731184344, 36.341100460643254], [71.79362703524203, 36.34268049320794], [71.80518925492248, 36.3819144294623], [71.75956425603462, 36.402736399985514], [71.75969263274722, 36.436075240718004], [71.77689757546773, 36.45326628220865], [71.83974802043285, 36.460741902414604], [71.90276809912248, 36.51823166107759], [71.94842729170816, 36.51964577374124], [71.99418118329947, 36.5488414120695], [72.04553977188137, 36.5560057021727], [72.05705205092306, 36.58413343370232], [72.04569011716418, 36.594883442382496], [72.05713935421288, 36.606349973541285], [72.15409608492531, 36.62052178930829], [72.16553652736638, 36.63199053275502], [72.16571130345264, 36.6764159177654], [72.2057510627069, 36.71655853787658], [72.26837962148885, 36.713009850475665], [72.36526866208855, 36.74390180035437], [72.4392413941115, 36.746327119368146], [72.53046534662923, 36.81038397338211], [72.58162806366882, 36.8120928246132], [72.60442284191342, 36.829500120911696], [72.89401803456926, 36.83391434023859], [72.92245293071899, 36.8570823139095], [73.0245421988784, 36.860709326712794], [73.05293587467132, 36.87834598421882], [73.12664729078867, 36.8920831791072], [73.31917603271538, 36.88256085795502], [73.3871284255831, 36.90171147060714], [73.5624551565577, 36.902869246144], [73.5850938472114, 36.920334398252045], [73.67551939384603, 36.92938485153348], [73.70935167557602, 36.88096953899022], [73.7601520399873, 36.84430783409249], [73.79968542402693, 36.845891187237704], [73.90128009580134, 36.78373979332075]]]}}, {"type": "Feature", "properties": {"na": "NA-25", "src": "commons-1993", "approx": false}, "geometry": {"type": "Polygon", "coordinates": [[[72.1068291591731, 35.80943951613804], [72.13538706682573, 35.73291924607015], [72.22109084871892, 35.65292639431863], [72.22685908091812, 35.59228665998927], [72.31836047508338, 35.49607393877183], [72.30724030603831, 35.35199288451005], [72.27866808180404, 35.3564633344326], [72.23312162905702, 35.28848677525712], [72.23322253568793, 35.249819581170485], [72.27335119280148, 35.207122852933075], [72.2734014850931, 35.19055785120267], [72.22766287780038, 35.194378153467376], [72.18214568971364, 35.120893330276964], [72.15353529517851, 35.12535756636551], [72.13072574319133, 35.10242325935906], [72.15382524671804, 35.03701076228061], [72.13103964295854, 35.008555884155065], [72.13120148565008, 34.96439416954868], [72.1026940496251, 34.93572792084021], [72.0740353018476, 34.945704122516375], [72.0225341640039, 34.93827883551963], [71.94261973290698, 34.86355402963779], [71.82227738189377, 34.859181379927726], [71.78226127782679, 34.824594964699095], [71.76517704892466, 34.790834664397224], [71.70783792839534, 34.783257373958854], [71.67922988200954, 34.76013738754808], [71.59886284729895, 34.76282189903106], [71.54722941691456, 34.74995912351032], [71.55862275414393, 34.77799567450575], [71.5356388751058, 34.78272406145139], [71.51821787876072, 34.84847340562805], [71.44915616895884, 34.90696066527794], [71.48354484044145, 34.935788762809544], [71.45469826856915, 35.00121540182263], [71.54641749477575, 35.06518055755908], [71.6094010158016, 35.13372081887006], [71.59789497289539, 35.15546759676133], [71.52901744973525, 35.186367460499994], [71.62650097066415, 35.20071202388526], [71.68375007050963, 35.25799926016328], [71.72950517266847, 35.33150763180973], [71.77531166158163, 35.34967132156218], [71.8039153277544, 35.37832199159591], [71.82103124704466, 35.44532912261387], [71.85535826083347, 35.46864207720381], [71.83816354633649, 35.50680939197274], [71.85531003674612, 35.55722285124843], [71.93537617257634, 35.63746100487244], [71.99826821213995, 35.65068280494473], [72.04398509194958, 35.6910073712852], [72.03826685677714, 35.729567323877106], [72.07826897553713, 35.80292269585651], [72.1068291591731, 35.80943951613804]]]}}, {"type": "Feature", "properties": {"na": "NA-26", "src": "commons-1993", "approx": false}, "geometry": {"type": "Polygon", "coordinates": [[[72.09701330332915, 34.92447515303897], [72.09712179265811, 34.89687833767575], [72.06858874483801, 34.873733086104174], [72.06867887429874, 34.851657242861435], [72.14921429583012, 34.76640836707137], [72.15526241620516, 34.70045084848933], [72.06961971110397, 34.64754040095195], [72.05260467612395, 34.6137994734989], [72.05280881979564, 34.57520236523002], [72.08166718901636, 34.537711398887346], [72.17923184797402, 34.5084251821254], [72.15652373955278, 34.47447196700432], [72.1105657304387, 34.49472697295294], [72.07619010875163, 34.49339640532001], [72.01920403779604, 34.43607311803923], [72.0191064243756, 34.45260765913305], [71.9961449786753, 34.45723975385063], [71.97882071598903, 34.478632905292635], [71.9386864176308, 34.47710653923261], [71.89302181756575, 34.4367723603761], [71.89897865439804, 34.39839578911512], [71.85888364790762, 34.38584782612616], [71.81323129805865, 34.340006596675586], [71.76743703244132, 34.31622401984075], [71.70979751038885, 34.35268509132481], [71.69224320591145, 34.41273079492151], [71.62338031173971, 34.39916921758428], [71.60609040445793, 34.409578983413375], [71.57709730353375, 34.463737787428535], [71.59395423899915, 34.54717694506908], [71.6855799358554, 34.60569928992474], [71.69671533850703, 34.688944314617906], [71.73679146115633, 34.712480072374504], [71.73096864045334, 34.734364739611586], [71.6907254826014, 34.7550216788013], [71.71361430143304, 34.77241341970102], [71.77095280548535, 34.77999423679587], [71.8280486089384, 34.84834081864725], [71.94839041238463, 34.85272157312726], [72.02829985393616, 34.927447456337894], [72.06835254207307, 34.934450868491794], [72.09701330332915, 34.92447515303897]]]}}, {"type": "Feature", "properties": {"na": "NA-27", "src": "commons-1993", "approx": false}, "geometry": {"type": "Polygon", "coordinates": [[[71.12782863380447, 34.647228550632086], [71.29504769587918, 34.542229181158994], [71.3353090563297, 34.54361225689738], [71.36970840626684, 34.57243760864959], [71.42717491692379, 34.57995810531284], [71.45038450204805, 34.52551049435465], [71.53690400459332, 34.456771946307576], [71.57140437114207, 34.45248961108106], [71.5888551858545, 34.40895313387995], [71.61191926695031, 34.3932317658878], [71.61200467289892, 34.376676602677776], [71.55486121376589, 34.313882352032415], [71.48027219859821, 34.283580435273564], [71.45166515476406, 34.25494845269388], [71.42898886084028, 34.19341417942438], [71.34310574066821, 34.11304924322458], [71.32033419514073, 34.068077383782814], [71.29711033695328, 34.10036167372977], [71.23363958365752, 34.120189756886774], [71.19311413813205, 34.157421324013356], [71.19283558862143, 34.21264765178754], [71.13497333298001, 34.26590001044861], [71.08312053350001, 34.26412767762111], [71.05999883887179, 34.27992529484946], [71.01386899427429, 34.283897317727494], [70.91550872643582, 34.37465428956001], [70.91523579277346, 34.45764542006469], [71.00161306058364, 34.48260369503681], [71.01884430656283, 34.49976949432571], [71.01280801442748, 34.59364861089618], [71.08760917190811, 34.61823439126461], [71.12782863380447, 34.647228550632086]]]}}, {"type": "Feature", "properties": {"na": "NA-28", "src": "commons-1993", "approx": false}, "geometry": {"type": "Polygon", "coordinates": [[[69.736735512719, 33.823510442975916], [69.77150799089587, 33.84667770640438], [69.77142312024789, 33.87439723463481], [69.78877403983044, 33.89706968270648], [69.89316982798447, 33.922240393710354], [69.95710713055023, 33.88530756016974], [70.03247781389906, 33.89307584978151], [70.07320453339912, 33.855518639954745], [70.18334603404516, 33.85332591355019], [70.23558097714354, 33.83279336304897], [70.34558983892065, 33.84176804432993], [70.35721946249677, 33.83106965497085], [70.35169205803106, 33.77557194977303], [70.43884320236376, 33.71753771658138], [70.45078648887635, 33.65158805142289], [70.47992255504174, 33.61938407785962], [70.48587627631566, 33.591950820771096], [70.53245739718865, 33.54930365918955], [70.60193689468133, 33.546121198641465], [70.6135813723707, 33.53547146357517], [70.60223047606087, 33.50195362763342], [70.64863175081844, 33.4869758304411], [70.62571912410719, 33.45306654177561], [70.62615476521312, 33.39236367184014], [70.568432349514, 33.3682996350377], [70.5221118727924, 33.36671677607057], [70.49335404019983, 33.33813482724328], [70.41808282721998, 33.3300685430045], [70.39502149621407, 33.31272777262032], [70.27897006769795, 33.325440598252285], [70.2097866952761, 33.26239901026481], [70.19784809603885, 33.31173603154458], [70.1396164928278, 33.34301342485193], [70.133709747727, 33.35940700706736], [70.05793688295125, 33.412292407949586], [70.08633007610698, 33.52380559457959], [70.02819228804614, 33.54413067423371], [70.03968435331163, 33.566619567836], [70.01048086548109, 33.60446248137493], [69.97568869381318, 33.59786608530849], [69.8594578913747, 33.622054057307594], [69.83595256530337, 33.68782690653913], [69.7601493349897, 33.76874380699426], [69.736735512719, 33.823510442975916]]]}}, {"type": "Feature", "properties": {"na": "NA-29", "src": "commons-1993", "approx": false}, "geometry": {"type": "Polygon", "coordinates": [[[71.29501359813146, 33.57084795589966], [71.27195106833324, 33.56998495427913], [71.24906424475876, 33.54708895957751], [71.13903283684775, 33.59814391482546], [71.09250340025174, 33.646081338913646], [71.03475306313092, 33.649518677071406], [71.02336696194983, 33.62704550409382], [71.04113231651331, 33.56701515534728], [71.00080082188421, 33.55453121341778], [70.97803559285151, 33.50959208156813], [70.91478833149982, 33.46871692451457], [70.78759330142516, 33.469723847996825], [70.61958943014565, 33.50254508919394], [70.62511597464947, 33.54138574785803], [70.60765067013283, 33.55736010088236], [70.53817520974246, 33.56054329533397], [70.49742002368585, 33.59785897937588], [70.49149938787201, 33.619766384924446], [70.51432747846238, 33.675784564666515], [70.63615156934122, 33.62460163283722], [70.83844637993568, 33.637065003444825], [70.85559464617928, 33.665262143613155], [70.94196932753364, 33.70692179784092], [70.95896404461352, 33.75719450892748], [71.00513978714264, 33.75881947464209], [71.06234109862459, 33.83810992897079], [71.11421533928025, 33.84546935578686], [71.20149802870219, 33.732762711891894], [71.1729040274084, 33.69863269273006], [71.17310575393094, 33.67106787531187], [71.24255556762165, 33.64053964434258], [71.26015442700881, 33.60260999481896], [71.29501359813146, 33.57084795589966]]]}}, {"type": "Feature", "properties": {"na": "NA-30", "src": "commons-1993", "approx": false}, "geometry": {"type": "Polygon", "coordinates": [[[70.58766888897814, 33.13171886559352], [70.58201673853523, 33.11497535569377], [70.52426981357796, 33.0908888244459], [70.4374716481731, 33.0713220230539], [70.31651549253826, 32.967854221430485], [70.32255479895953, 32.94047838594749], [70.29392486279741, 32.89536386614755], [70.30012219282415, 32.85145332320158], [70.26554219800923, 32.8226833180622], [70.23656169626823, 32.816170077800166], [70.213633743699, 32.7822893276788], [70.17888467657946, 32.770066712723505], [70.1390315870983, 32.68045631683899], [70.14547724016674, 32.61450841839063], [70.10516529659988, 32.57452292168235], [69.98901623726607, 32.55400725316465], [69.94860904402307, 32.51954631196552], [69.53517162886769, 32.48942533469917], [69.46547130481898, 32.45408151609346], [69.3198519143546, 32.416389734796525], [69.17967298051235, 32.412106472496355], [69.19122071467378, 32.42903849530541], [69.2494505627648, 32.45291375152432], [69.29000729631896, 32.49283956415915], [69.3129994448758, 32.537759724255416], [69.29483818583631, 32.6201379469112], [69.25969028823859, 32.635673623382196], [69.2537295815817, 32.65208783198236], [69.31748191539192, 32.71483125206154], [69.36411391816142, 32.72176202953665], [69.38732397900353, 32.739052576062896], [69.35761334280919, 32.81559640684692], [69.35720339193738, 32.87644366274643], [69.43827968739569, 32.961848281209384], [69.58974726877346, 32.96640962737822], [69.64192595908902, 33.00118787447231], [69.67685150061621, 33.00226162531986], [69.71196255664125, 32.97570351547405], [69.78178697794188, 32.977887666346376], [69.84545233259345, 33.02411276251861], [69.91514212581862, 33.037381486262234], [69.95539323317887, 33.09945469821971], [70.02519190094254, 33.090648273865646], [70.04241903497515, 33.11883020385829], [70.07145760471948, 33.119771848443044], [70.16951706772313, 33.211360333265276], [70.19845268481258, 33.223356982096746], [70.28484364467542, 33.314585397813964], [70.33122539784561, 33.31612043666407], [70.36032514346898, 33.30052120815868], [70.3662793898554, 33.278631592048576], [70.4655127179633, 33.18815618419787], [70.52951314853792, 33.15726349977262], [70.5701080919265, 33.153164010838815], [70.58766888897814, 33.13171886559352]]]}}, {"type": "Feature", "properties": {"na": "NA-31", "src": "commons-1993", "approx": false}, "geometry": {"type": "Polygon", "coordinates": [[[70.15139697648029, 32.60368654835426], [70.15183411999791, 32.55959993176141], [70.18162890703556, 32.48899401658417], [70.0429275439692, 32.40148553597976], [70.02524417744966, 32.42291992412638], [69.98440084957949, 32.432538798622765], [69.89776588138749, 32.363418224032436], [69.89816686139372, 32.32484118160939], [69.91586851057825, 32.303399308550084], [69.89863359935043, 32.28075983383146], [69.89898958538265, 32.24770351349187], [69.91664175139495, 32.231780821874224], [69.9056650614089, 32.17079009091425], [69.92338845721682, 32.149370854539264], [69.91180111494363, 32.14345766366178], [69.918323988923, 32.08309504051262], [69.9892135030366, 32.00301303155285], [69.98989266056786, 31.947994764025488], [70.06659833604755, 31.873742437619676], [70.09688669014291, 31.786859901157033], [70.09173460574628, 31.737184427904573], [69.96862995095074, 31.787656526832862], [69.94531504626521, 31.78681078555296], [69.93387315245805, 31.769892049216548], [69.90465084293848, 31.774338055142668], [69.86347845481941, 31.800373562731423], [69.83431996334424, 31.79933348755508], [69.81654353723563, 31.8207189285494], [69.78751822476194, 31.80868266939536], [69.74730660296669, 31.757720352157232], [69.72980013608327, 31.75710353658696], [69.71194504017271, 31.784003792339462], [69.75224002995705, 31.829462617793283], [69.7520353314762, 31.84597368103707], [69.66371473166791, 31.909002391077582], [69.69833373862886, 31.943247206208575], [69.69794736492311, 31.976290316933905], [69.60477541660498, 31.95658211770689], [69.56968962830958, 31.960907993706844], [69.51733061865696, 31.942613040433116], [69.43084672733838, 31.840501413456682], [69.30243969193523, 31.819715839298134], [69.27892458112488, 31.82997589982136], [69.19118725753519, 31.82713368822967], [69.18497375776349, 31.86003435772061], [69.16127452779251, 31.88686535024484], [69.14831100959242, 32.0078800789993], [69.13059635608309, 32.023888404082165], [69.12926115334815, 32.161910108280914], [69.14664854802122, 32.179016817919106], [69.14604145740721, 32.24529211053475], [69.09883050887827, 32.29359241671422], [69.10415822611742, 32.35455488025846], [69.13306129913127, 32.3941190739838], [69.16214362631297, 32.41157783386113], [69.1914972645796, 32.39588197770239], [69.32578638091952, 32.405523376568915], [69.4714029851335, 32.44322280985482], [69.54110086190184, 32.478569263210936], [69.9545353585668, 32.508716644045194], [69.98335869985239, 32.53726978175766], [70.02973338891145, 32.55539313805597], [70.11108770555148, 32.56370067936049], [70.15139697648029, 32.60368654835426]]]}}, {"type": "Feature", "properties": {"na": "NA-32", "src": "commons-1993", "approx": false}, "geometry": {"type": "Polygon", "coordinates": [[[71.13927962685852, 34.66974169622064], [71.16222522937322, 34.69816890221236], [71.21396048541203, 34.71648374152556], [71.21958647026797, 34.766474766662284], [71.25401173697188, 34.80082075304136], [71.33442646002067, 34.831169595143756], [71.37455948084072, 34.87124838141788], [71.4434392675818, 34.89570212193039], [71.50674973151152, 34.842548785860956], [71.52417192027313, 34.77679748156846], [71.54715746725908, 34.772068087986604], [71.54152400727729, 34.738704763143545], [71.60464078294689, 34.751971610159494], [71.67926979031954, 34.74908838446648], [71.70806222850946, 34.722494488292696], [71.72527427545607, 34.72311248826209], [71.68521655726339, 34.694055613921165], [71.6740762953415, 34.61080651938378], [71.58813943347229, 34.563538092835564], [71.56560706958204, 34.46332424668094], [71.54259906017386, 34.468020546584754], [71.46185712880133, 34.53143897137574], [71.43288084656322, 34.59121030815987], [71.36391837390406, 34.58329340562837], [71.32951708886507, 34.5544687057358], [71.30075970653498, 34.55348188850341], [71.17391718364824, 34.63215707329846], [71.13927962685852, 34.66974169622064]]]}}, {"type": "Feature", "properties": {"na": "NA-33", "src": "commons-1993", "approx": false}, "geometry": {"type": "Polygon", "coordinates": [[[71.4089147902134, 33.745945124718936], [71.21298979908464, 33.738696505800576], [71.18396649499684, 33.765217252652], [71.16052695326577, 33.819536307520345], [71.11991139805717, 33.85670947183494], [71.06800517058903, 33.85486879075523], [71.02783093230285, 33.82033322167868], [70.99929650503506, 33.76965172199365], [70.95312055390899, 33.76802984381044], [70.92464704741866, 33.70631374393164], [70.84974499443845, 33.676099101317256], [70.83259487131684, 33.6479014551843], [70.64186636073397, 33.6358418204872], [70.50847771124226, 33.68664562394588], [70.48548568425541, 33.65825389618775], [70.48564595904523, 33.6306256603917], [70.46233268873081, 33.65749368240069], [70.45039017634681, 33.72344161232155], [70.36324524908993, 33.78147129398247], [70.35737542964162, 33.79788022387019], [70.3687978298275, 33.83143640890136], [70.66953438053244, 33.852258896868264], [70.74453876413969, 33.87686933039104], [70.8081097621531, 33.87348672396958], [70.83674224980604, 33.91865796546003], [70.92901319723056, 33.93837800907203], [70.95200430930153, 33.955739149984254], [70.97511449911691, 33.95101160639608], [70.99803741141645, 33.979419705629766], [70.99203030779981, 34.023403647907045], [71.04370156221593, 34.06937662615341], [71.03736389319384, 34.18519291573394], [71.0660054983012, 34.224855641225425], [71.09476880771564, 34.23689091651574], [71.0946938506554, 34.253468247201184], [71.12926274478467, 34.25465161664938], [71.18134301091409, 34.206723745129075], [71.18162150838529, 34.1514963461205], [71.22794006865125, 34.10894531815648], [71.27407661672795, 34.09954001350871], [71.3029954909078, 34.07849333084171], [71.30894901976762, 34.04559251155918], [71.28031939725507, 34.016969668047935], [71.292145482471, 33.96773250478912], [71.28079989021501, 33.939735196282065], [71.34483039644309, 33.84279029526757], [71.3509848286853, 33.78788175893872], [71.4089147902134, 33.745945124718936]]]}}, {"type": "Feature", "properties": {"na": "NA-34", "src": "commons-1993", "approx": false}, "geometry": {"type": "Polygon", "coordinates": [[[70.73834845922664, 33.120541379644685], [70.77336994699573, 33.08873977361138], [70.68724362040521, 33.00847182451876], [70.59497265711686, 32.96106602593535], [70.4791057519973, 32.95144174456348], [70.42097483092415, 32.96594886941847], [70.40961966162516, 32.93797899451713], [70.38071593966319, 32.92594298409767], [70.38666442378407, 32.90960576115791], [70.36355806516875, 32.89777221509655], [70.36375696430048, 32.87572097559808], [70.38121255929394, 32.87081593381092], [70.30648310777647, 32.79101532662432], [70.29528756475189, 32.746517229782164], [70.27211522278887, 32.74019626747489], [70.26071123955154, 32.71774581821973], [70.28436659853902, 32.674471563569924], [70.27927329284404, 32.602644656890675], [70.2909453964714, 32.597546490000106], [70.30313061531307, 32.54288121497136], [70.37377295612426, 32.45729746176816], [70.38581764107663, 32.41919537248072], [70.35109233155823, 32.40692100623006], [70.32860406812989, 32.34004033290641], [70.23630743257719, 32.276136264459765], [70.21918351034266, 32.247991242375434], [70.17297886896229, 32.21879833147714], [70.10892327539105, 32.22200984049737], [70.03402767556243, 32.153265227283285], [69.98181799168191, 32.13489697608727], [69.93580063369953, 32.08370936713754], [69.92351392011729, 32.13835787015091], [69.93497495771024, 32.1552843880497], [69.91725279595032, 32.17670252129635], [69.92822859211716, 32.23769252365491], [69.91057766535687, 32.253614219267654], [69.92745528364924, 32.30930961772608], [69.90975486851278, 32.330750387657055], [69.90946772194519, 32.3583043239499], [69.99033269936864, 32.42171677047552], [70.04886126739709, 32.390669363793464], [70.19331138595518, 32.48389491673839], [70.16340350908585, 32.56551464038867], [70.15070589909939, 32.675342544422726], [70.19055248244095, 32.76495075838301], [70.21954249519243, 32.77146210620606], [70.24246820907823, 32.80534240354644], [70.27144822471534, 32.81185724075782], [70.31178026230565, 32.84634205941825], [70.30558090245519, 32.89024951484185], [70.33420717779882, 32.93536360919976], [70.32816670467491, 32.96273734860126], [70.44336124048446, 33.060492882649854], [70.53015794757758, 33.0800644748899], [70.5936482537031, 33.10987063013997], [70.60532701632836, 33.09925471945013], [70.65744733089572, 33.10110549331191], [70.70357062171486, 33.1248048338368], [70.73834845922664, 33.120541379644685]]]}}, {"type": "Feature", "properties": {"na": "NA-35", "src": "commons-1993", "approx": false}, "geometry": {"type": "Polygon", "coordinates": [[[72.80487152267487, 33.67181784992457], [72.89013331539552, 33.71955844172018], [72.94741500906775, 33.71121924137084], [72.98715569577496, 33.734973594471974], [73.0152713212123, 33.774637477657194], [73.07789808724186, 33.793978467103415], [73.12318554072002, 33.82896500427595], [73.24360413286102, 33.78531522653834], [73.3071642262251, 33.72263598457668], [73.33582019316168, 33.71306416970154], [73.3132147619027, 33.69555542203079], [73.3134245197322, 33.679144311786715], [73.27912620973197, 33.682971353867345], [73.25665197991705, 33.654523573833394], [73.2577173289538, 33.572473389766216], [73.17924649350549, 33.459249555206185], [73.07005470271507, 33.50329923460382], [73.1321132054298, 33.566466314108105], [73.06804872168003, 33.66202133246115], [72.96042831245069, 33.58030556371364], [72.92612885191778, 33.5787140208193], [72.92061389857726, 33.56202162305677], [72.93211636468395, 33.557076324547836], [72.90379943457971, 33.533848674688656], [72.80487152267487, 33.67181784992457]]]}}, {"type": "Feature", "properties": {"na": "NA-36", "src": "commons-1993", "approx": false}, "geometry": {"type": "Polygon", "coordinates": [[[73.49071083676478, 34.10928035806033], [73.50209670047163, 34.109823501941364], [73.50841461366817, 34.05535118081364], [73.58372507774406, 33.94948796729787], [73.58453933501063, 33.883853605684386], [73.5625953594586, 33.81711671614362], [73.59156489879041, 33.780246258486606], [73.59783623096831, 33.736798680420705], [73.56994170773083, 33.69166514989437], [73.57023654335177, 33.66980492523456], [73.5990919048009, 33.64389917689583], [73.6343374648708, 33.56913306657269], [73.61232987928395, 33.51337511152103], [73.63551556606004, 33.487223017779], [73.60172571755167, 33.45819699504102], [73.57989424409291, 33.39153179192177], [73.51075977474073, 33.437233186380766], [73.4140390728593, 33.41601990227034], [73.33917015884586, 33.46154231407043], [73.19081700982979, 33.44886307597792], [73.2692040446523, 33.56755459886094], [73.26813438001022, 33.64959982572378], [73.2849708793328, 33.67230330626872], [73.3192693886161, 33.66847891259443], [73.34715646450813, 33.719083760767234], [73.3127302707711, 33.73385192134522], [73.24917619755253, 33.79653309906321], [73.14024449824838, 33.835239911431444], [73.17422943587326, 33.858745631477404], [73.23127995798856, 33.86142148071045], [73.2650522510191, 33.90136187293423], [73.32207004237637, 33.90405680643214], [73.37836172213277, 33.96698336467897], [73.389064770266, 34.02775131008573], [73.49071083676478, 34.10928035806033]]]}}, {"type": "Feature", "properties": {"na": "NA-37", "src": "commons-1993", "approx": false}, "geometry": {"type": "Polygon", "coordinates": [[[72.91997073380452, 33.17872087276653], [72.93629265289245, 33.23969035656862], [72.992964271618, 33.28069338119143], [73.00379896480081, 33.32498972881513], [73.07217947629562, 33.344671058302374], [73.11737412673965, 33.38514122375778], [73.1227149839441, 33.412757597064626], [73.09941793585845, 33.44447985265026], [73.11048056982905, 33.47237462250172], [73.1967517751323, 33.432735187171566], [73.33361585400917, 33.450332281747066], [73.40849079831324, 33.40481156716016], [73.52240139275335, 33.42142103323429], [73.55717248993594, 33.384920976755105], [73.58005706352522, 33.38061395966369], [73.58030235206023, 33.364238048864756], [73.62078404508921, 33.32806208342094], [73.62154105047216, 33.27895430965861], [73.56494741397259, 33.24876247805743], [73.55958427355922, 33.22664667928275], [73.53643137466901, 33.247311923885306], [73.46243657540518, 33.232643418547575], [73.40495466197783, 33.25707224297758], [73.37682673777732, 33.22834613715247], [73.37715821702595, 33.20650767359952], [73.34869437022574, 33.19962153173051], [73.37262617124152, 33.12980000511923], [73.32762007971492, 33.083842146505766], [73.2590627794302, 33.08041531598103], [73.17299785213932, 33.09801001317223], [73.1276749523064, 33.06845280440821], [73.10438816703339, 33.09464258711058], [73.08143093466016, 33.09898858723009], [73.04785055225521, 33.04814853719737], [72.99546362537986, 33.10575469088025], [72.94396253195757, 33.10327645071312], [72.91997073380452, 33.17872087276653]]]}}, {"type": "Feature", "properties": {"na": "NA-38", "src": "commons-1993-inset", "approx": false}, "geometry": {"type": "Polygon", "coordinates": [[[72.65407212981138, 33.50789671198694], [73.27412941612954, 34.00458178482401], [73.7391841068634, 33.21649246972371], [73.52216404574415, 33.043732325039784], [73.40848541129091, 33.09770380036862], [73.34647972629071, 33.043716769848714], [73.27413846968867, 33.10848821331301], [73.2844722960261, 33.16247066877672], [73.26380333440294, 33.18406145493523], [73.16045961707738, 33.184052304822835], [72.974439289706, 33.34598045597794], [72.8194234955596, 33.36755934699034], [72.65407212981138, 33.50789671198694]]]}}, {"type": "Feature", "properties": {"na": "NA-39", "src": "commons-1993", "approx": false}, "geometry": {"type": "Polygon", "coordinates": [[[72.79955569973693, 34.187457027707886], [72.87987403975957, 34.152537360953424], [72.89166289188015, 34.114626949435035], [72.93195811763455, 34.08348529174768], [72.99459276908469, 34.10275563916703], [73.01753344345492, 34.09281390889459], [73.02363233403307, 34.054683466709655], [73.04674715340131, 34.028303801982084], [73.04738753995619, 33.96800189491757], [73.0703377066932, 33.9580846749006], [73.05976786535236, 33.8808395372164], [73.1173508129545, 33.83965384096796], [73.07206101649447, 33.804668394780165], [73.00943289645161, 33.78533065241627], [72.98131465052543, 33.745666369633696], [72.93014266764396, 33.72138889592087], [72.89510084370514, 33.78558048213826], [72.8204280322955, 33.815112777165716], [72.86585848443585, 33.84458486278365], [72.86568026955483, 33.86103296404512], [72.83103711341562, 33.89239475591342], [72.83646450323788, 33.92007239677354], [72.7847965687236, 33.93972436400452], [72.7670955741032, 33.993834485801976], [72.71008749594188, 33.974859313256864], [72.70464129207635, 33.94716837646149], [72.71613310107851, 33.94218286720965], [72.676430234275, 33.90750028609922], [72.61938640852416, 33.88853522002888], [72.59061122933561, 33.90375730122893], [72.63600569660295, 33.944170141357596], [72.64151166478716, 33.966376100873504], [72.62419146223999, 33.98210104075567], [72.56697782970754, 33.97963189771081], [72.54393307460597, 33.99512444697107], [72.61233398781995, 34.02553234363045], [72.68601348405582, 34.10012876045097], [72.75429971166531, 34.13605013063617], [72.75981262605349, 34.158261879038854], [72.79955569973693, 34.187457027707886]]]}}, {"type": "Feature", "properties": {"na": "NA-40", "src": "commons-1993", "approx": false}, "geometry": {"type": "Polygon", "coordinates": [[[73.06984167862551, 33.51971440650978], [73.05869774271359, 33.49728669900246], [73.09898163950929, 33.477300548763964], [73.0880630100533, 33.43846501430011], [73.11136170006709, 33.40674121646108], [73.10587086493997, 33.390061418655364], [73.06631318347159, 33.35533447172379], [73.00921856390114, 33.34713952080735], [72.98114875249657, 33.30749408746178], [72.98144985077779, 33.28561738840508], [72.92477349977847, 33.24461648722082], [72.90829358763804, 33.194581649348116], [72.9204378884173, 33.145914685413295], [72.81174244533662, 33.13528725009713], [72.73094993693275, 33.175294124520896], [72.66212272298355, 33.177577889503624], [72.63942106270947, 33.16010020783489], [72.62788432182326, 33.16504544408661], [72.63854337154345, 33.22578763141797], [72.71215565378957, 33.29490738155748], [72.72297038180012, 33.34470887822644], [72.77987080944517, 33.37472203392516], [72.78496593697237, 33.424263120262324], [72.8304692665579, 33.448276855283446], [72.85852306401404, 33.49340235799833], [72.8875380252478, 33.46187806911752], [72.92164410388682, 33.47989807163455], [72.90965436264511, 33.52316314114271], [72.94361857483274, 33.5521322438793], [72.93198082983814, 33.56802736897679], [72.96628013392335, 33.56962122751968], [72.98322323677844, 33.586844863581696], [73.06984167862551, 33.51971440650978]]]}}, {"type": "Feature", "properties": {"na": "NA-41", "src": "commons-1993", "approx": false}, "geometry": {"type": "Polygon", "coordinates": [[[71.92198631400298, 33.63936837497795], [71.95066156898915, 33.64603434520664], [71.99589341472226, 33.724866794428166], [72.04716382526279, 33.770954789173075], [72.15067029987254, 33.75322364781457], [72.20793248959463, 33.76660034578396], [72.21924640306356, 33.783561827418346], [72.21249707266263, 33.89323144411903], [72.23518503566574, 33.921663382395785], [72.30949890714452, 33.94674384220263], [72.42919733749571, 34.01772862258354], [72.50356792009714, 34.02637163226847], [72.5613596439934, 33.968403433091346], [72.61857646638168, 33.970873092759206], [72.63012420942472, 33.96038963312101], [72.57911171377717, 33.90875058856029], [72.61377465136106, 33.87730915762075], [72.68226127809308, 33.89677640779287], [72.72762465412278, 33.93719857579821], [72.71591411454239, 33.964133757505685], [72.74433826789951, 33.98185285527691], [72.76725946050388, 33.97737242921108], [72.77919238793966, 33.928498888155744], [72.82509121762608, 33.91407721192809], [72.79668296594807, 33.89634825362464], [72.75632441651821, 33.92748636054927], [72.72768004159269, 33.931711462900566], [72.7108588561947, 33.89803435610158], [72.64844173531408, 33.84588564099586], [72.6488410577397, 33.80747998265157], [72.70664375869815, 33.755162740086526], [72.67912642480472, 33.65518907402971], [72.7769076716482, 33.615720927310846], [72.77716574768833, 33.59380300272901], [72.84088692333927, 33.53094420045696], [72.84715062735866, 33.48739814289016], [72.8246093489471, 33.458963466158195], [72.77344978596018, 33.42921235340613], [72.76269738407846, 33.37392974044739], [72.73979706816809, 33.37287568909757], [72.73386259623878, 33.38904009423906], [72.68805406019816, 33.38694397697731], [72.66480460077321, 33.41328789420373], [72.6418274026328, 33.41772707471455], [72.5618894433242, 33.39219359976461], [72.54456424448585, 33.40238189353166], [72.5383068028124, 33.445970158721906], [72.49799642830334, 33.46063042199737], [72.49169248158336, 33.50972127725187], [72.44534543061096, 33.55157910735657], [72.40528040150275, 33.54434166980193], [72.3764326060646, 33.55955417478912], [72.34202799647625, 33.55806557771287], [72.23333219902015, 33.525946199388756], [72.18724603929262, 33.54046119280327], [72.16968305978348, 33.57267581813124], [72.07794067650114, 33.557837661736244], [72.02597702296553, 33.58315599717955], [71.98582182743439, 33.5760018688264], [71.92198631400298, 33.63936837497795]]]}}, {"type": "Feature", "properties": {"na": "NA-42", "src": "commons-1993", "approx": false}, "geometry": {"type": "Polygon", "coordinates": [[[71.66949739497092, 33.01898195393995], [71.66291438727104, 33.090121732362725], [71.70255542109687, 33.152183922149256], [71.70207030267625, 33.19612177039565], [71.65546782601498, 33.24368920304708], [71.67245402023359, 33.27186219101513], [71.66623894383659, 33.31559184486997], [71.72335509221475, 33.36188277470613], [71.7864287889824, 33.38643365136143], [71.80949746996716, 33.38187800565016], [71.83233629161543, 33.39930185541595], [71.85466869904948, 33.46617799627598], [71.90005917883767, 33.52850491087259], [71.89372305014327, 33.58872782237687], [71.91644825627932, 33.61714655186708], [71.98018554518926, 33.56477599761077], [72.04337225952956, 33.567389047230485], [72.07231033512669, 33.546613072941085], [72.1640574036277, 33.56145182802105], [72.18162259574561, 33.52923804141549], [72.22771193518385, 33.51472380316714], [72.34788227827697, 33.54733922708712], [72.39966928868323, 33.533120595537476], [72.43973634141517, 33.5403582807723], [72.48029330572325, 33.50373209708876], [72.48659762389573, 33.45464005284513], [72.52691091080855, 33.43997789405197], [72.5447642615475, 33.3859422225683], [72.59640386233747, 33.38278383324988], [72.63623460010567, 33.406510967502406], [72.65921328346374, 33.4020721075967], [72.68246506520771, 33.375728966799066], [72.72827615313301, 33.37782549735922], [72.70020431828328, 33.33270601437761], [72.70062935169385, 33.299854781495384], [72.6270100831415, 33.23073683343315], [72.61642080863058, 33.16451801116266], [72.59937119655694, 33.15278001992101], [72.58195308404515, 33.16841426716198], [72.54181861950258, 33.16658130249256], [72.46239172912384, 33.09722522335091], [72.37652815839195, 33.07690933697786], [72.26743320570672, 33.072036345266554], [72.18098288035608, 33.090155089161826], [72.16395296393134, 33.07295645046936], [72.16430275735428, 33.04555273629511], [72.07801104839002, 33.04726898228225], [71.94479981408757, 33.118367336474186], [71.90452924327971, 33.11666117601905], [71.89367638907726, 33.06130798319113], [71.79634679241289, 33.01328501590017], [71.79687970440332, 32.969391547504756], [71.77445112155445, 32.91904605367472], [71.72253604305389, 32.92235129922965], [71.68749865485161, 32.95931985773495], [71.68710562380275, 32.992251090596596], [71.66949739497092, 33.01898195393995]]]}}, {"type": "Feature", "properties": {"na": "NA-43", "src": "commons-1993", "approx": false}, "geometry": {"type": "Polygon", "coordinates": [[[72.45106284955752, 33.085753750375595], [72.49673948161205, 33.10426462762275], [72.54769798311624, 33.15589236519344], [72.60525136661687, 33.142095940309495], [72.67946159095023, 33.16742716565274], [72.72537133657966, 33.16408392025963], [72.80616998498441, 33.124078680755424], [72.92059473663387, 33.13498018305627], [72.94420228492962, 33.086878857788626], [72.98990283749366, 33.09454857242357], [73.04229493726805, 33.03694413721652], [73.0707324522639, 33.04926515356554], [73.08731389468356, 33.08834158530732], [73.12212317529134, 33.0572487858318], [73.19602921182496, 33.088216294049914], [73.22485916598826, 33.07325109266309], [73.19670280434097, 33.044534589418056], [73.19149692492593, 33.011494044358805], [73.22675067579763, 32.95316300828157], [73.17044847438788, 32.8957320032433], [73.17089129864989, 32.868446908961374], [73.1316506341193, 32.817335632027465], [73.14327332464262, 32.80699535455885], [73.22344658572365, 32.80556710271576], [73.25849576737042, 32.76367681555152], [73.31623675839398, 32.73388400120503], [73.30499069067119, 32.72239577466395], [73.2078570725046, 32.71198676011671], [73.17334357033013, 32.72115564491884], [73.0830705497749, 32.64018728545132], [73.04834348415437, 32.660282294568745], [72.99670896722408, 32.663167337292265], [72.97434808468469, 32.62929216907282], [72.9287878982759, 32.610649405233566], [72.80868383915738, 32.58835112094913], [72.7796490135218, 32.60878679622125], [72.74523702835391, 32.60711382241404], [72.69441396277678, 32.555471027209336], [72.59702030667502, 32.539848927511855], [72.52114800997109, 32.612779552733876], [72.50906290655367, 32.65049362079808], [72.45678770111002, 32.6863360226838], [72.46760853818354, 32.730613597442215], [72.4382415767143, 32.773030379977776], [72.43153678009318, 32.83840813248629], [72.52242875967112, 32.908298194458936], [72.52754038243559, 32.95233114720451], [72.50978793636538, 32.989841200580244], [72.48668443192045, 32.9997334713894], [72.49189355031011, 33.038310164081146], [72.45106284955752, 33.085753750375595]]]}}, {"type": "Feature", "properties": {"na": "NA-44", "src": "commons-1993", "approx": false}, "geometry": {"type": "Polygon", "coordinates": [[[71.80792899085347, 33.008282386126204], [71.91093947233122, 33.06204047116794], [71.91041292409942, 33.10593073025277], [71.939178349811, 33.107150510301466], [72.0085993063427, 33.07718782516461], [72.07239985063661, 33.03605493972532], [72.17019060077843, 33.03484464925974], [72.1868677997098, 33.079445497888464], [72.26183190665151, 33.060823665697754], [72.38241361413188, 33.06621419874412], [72.43958673557731, 33.08523383568033], [72.45731748960883, 33.04768859647015], [72.4804935086231, 33.03231199618059], [72.47528393551794, 32.993734778502976], [72.49838910270674, 32.983841393934156], [72.51614276721321, 32.94632991605979], [72.51087336348719, 32.913237876378865], [72.41997358210563, 32.843350947523675], [72.42683710235872, 32.76702931893417], [72.4562061136361, 32.724610555020135], [72.44538439835515, 32.680332573030604], [72.49774862350024, 32.63902171299095], [72.37830165468921, 32.55684297606849], [72.35463140358894, 32.59950913938166], [72.2964013370268, 32.64607367434639], [72.24457620114619, 32.64917449128384], [72.17580674577147, 32.62962073959455], [72.1295420983755, 32.64395844727582], [72.11859810198249, 32.60513018601208], [72.09022920427233, 32.57647055468717], [71.97580853733726, 32.52205081735719], [71.90740830627878, 32.46970940412159], [71.86439592289918, 32.654128594793626], [71.94411779239144, 32.72339137581862], [71.94381689332636, 32.74530572766547], [71.87398105625755, 32.79710545509114], [71.84397634292483, 32.88907160330501], [71.79166225987002, 32.925261613898975], [71.80846420450008, 32.9643915615731], [71.80792899085347, 33.008282386126204]]]}}, {"type": "Feature", "properties": {"na": "NA-45", "src": "commons-1993", "approx": false}, "geometry": {"type": "Polygon", "coordinates": [[[73.62741157294373, 33.268334654953385], [73.64502725268055, 33.23648199957966], [73.64572113484533, 33.19284888750624], [73.62887873601483, 33.17560586454999], [73.62931802339986, 33.14833883321534], [73.58413423174915, 33.11871999958031], [73.58448868592801, 33.09690711746295], [73.61943063968084, 33.05505953351813], [73.65935343243595, 33.05713542804794], [73.7000042161849, 33.01562376031433], [73.69476660219799, 32.98808039483026], [73.740758121424, 32.96869237551695], [73.7525400735447, 32.94750815512332], [73.65102213598841, 32.87672257748039], [73.62306621311343, 32.84253801872045], [73.59433954356876, 32.85193441904663], [73.5877804746469, 32.90067158687311], [73.4844740699044, 32.928041777780095], [73.45030474094087, 32.92082636862586], [73.43344633296407, 32.90358973618506], [73.43390670586417, 32.87633036250952], [73.38351130771576, 32.81372088181874], [73.36627495383539, 32.818292730622275], [73.36000545436104, 32.85071329467432], [73.32562466214421, 32.854416914554854], [73.30820483621608, 32.869906171966576], [73.26882686437075, 32.82969843496393], [73.2808123767295, 32.79755770567427], [73.25222305115379, 32.796106011718074], [73.21745452599014, 32.82164239533109], [73.14300364344608, 32.82336403171866], [73.18241946199905, 32.86356287697208], [73.18197519920194, 32.89084631885256], [73.23827180521687, 32.94827845588851], [73.23792165845889, 32.97010731070431], [73.2028451509474, 33.01752116838982], [73.20822040190313, 33.039642200459795], [73.2362893248201, 33.07381877281536], [73.3335036971838, 33.073213403853224], [73.37859221723255, 33.11371413809845], [73.38353736454924, 33.16312273531863], [73.36019686022186, 33.19473219916601], [73.38865906015272, 33.20162022895503], [73.38832643007599, 33.22345737058682], [73.41082688674655, 33.246438588013724], [73.43398766632731, 33.225748123530245], [73.4854275490708, 33.222880413658395], [73.53089649563107, 33.23610832027284], [73.54264404058053, 33.21486237080271], [73.56545828442898, 33.21602577404189], [73.57081997584446, 33.23814062772685], [73.62741157294373, 33.268334654953385]]]}}, {"type": "Feature", "properties": {"na": "NA-46", "src": "commons-1993", "approx": false}, "geometry": {"type": "Polygon", "coordinates": [[[73.6232584440898, 32.8316440583155], [73.56821835425202, 32.71426525907459], [73.54025686086838, 32.68008695860898], [73.48934035776112, 32.65015459771152], [73.40371874499661, 32.64022670092942], [73.31311827662446, 32.58644903850193], [73.15309919353598, 32.56732821267231], [73.09079288741111, 32.52597001565876], [73.0104097515913, 32.53282804318657], [72.97650805994253, 32.503836509438194], [72.91938447380531, 32.490063177051454], [72.85153291130781, 32.43209556894227], [72.79464889665064, 32.401978507560365], [72.65135151918385, 32.38402012067331], [72.63958668950065, 32.399834160158036], [72.62590344515452, 32.530304967094516], [72.72310210751151, 32.55686215596136], [72.75115250143597, 32.59647261393278], [72.77409441070316, 32.59758880501172], [72.80313166836801, 32.57715384387477], [72.8547357435524, 32.579686511180654], [72.88312253345832, 32.597470106570086], [72.93470289270095, 32.600020879635736], [72.98026180332033, 32.61866573273304], [73.00262044717633, 32.6525404481715], [73.08898341726194, 32.62956784924085], [73.17925104039175, 32.71053772516223], [73.19660207412662, 32.70050074130857], [73.3108979167474, 32.71178706431791], [73.3274821151806, 32.745372467810625], [73.25821787871786, 32.78003591333794], [73.2979639017137, 32.798430727722746], [73.2803527082243, 32.82482458937791], [73.30267090021702, 32.85870808524642], [73.32009231092792, 32.84321932468935], [73.35447522633359, 32.839516128738545], [73.36074630044554, 32.807096300084325], [73.38941247705415, 32.80311225052815], [73.44542265262716, 32.87146707028314], [73.44496084119194, 32.898724791557235], [73.47894813898034, 32.91684426698797], [73.5822615411154, 32.88947568973791], [73.58301958419342, 32.84588836110153], [73.60042961464657, 32.83044356818749], [73.6232584440898, 32.8316440583155]]]}}, {"type": "Feature", "properties": {"na": "NA-47", "src": "commons-1993", "approx": false}, "geometry": {"type": "Polygon", "coordinates": [[[73.21052914509474, 32.559350889808584], [73.21111613973548, 32.52665459451339], [73.14913135789175, 32.46893439195033], [73.14942858313867, 32.452587492083495], [73.10361414511742, 32.450244615362365], [73.0584789330428, 32.40976132505791], [73.11165072516283, 32.325226435950974], [73.08392416942839, 32.2747307863991], [73.11851125136161, 32.26561239448755], [73.14674235739088, 32.28887704762932], [73.15830264867918, 32.284025384470276], [73.14746997700027, 32.25076087668113], [73.08496051476563, 32.2202709882584], [73.05724354790836, 32.16978329807596], [73.02336954720896, 32.14078200659662], [72.9604927868876, 32.12664589811134], [72.91919426123826, 32.18451229411003], [72.89624636071657, 32.18334636214615], [72.87370618021646, 32.16038835438555], [72.8726842165047, 32.21487857981262], [72.84349035092595, 32.24068358599493], [72.79758029031166, 32.238381406096686], [72.78560438830304, 32.26506783020276], [72.70465032625773, 32.293802325134784], [72.74386678977761, 32.35033233407716], [72.74338752260626, 32.377608187029445], [72.82906929629863, 32.403684447478994], [72.93667614467483, 32.48546770684624], [72.98242996038708, 32.493217726527426], [73.01632971693402, 32.52220991213544], [73.09671319917082, 32.51535795330315], [73.1590167283591, 32.55671806636792], [73.21052914509474, 32.559350889808584]]]}}, {"type": "Feature", "properties": {"na": "NA-48", "src": "commons-1993", "approx": false}, "geometry": {"type": "Polygon", "coordinates": [[[73.35632310173527, 32.12558985172734], [73.29489295642271, 32.04609364647871], [73.25513039138512, 32.02764191098464], [73.25029879835861, 31.98383474731658], [73.18952847563743, 31.87173355051923], [73.1599501953148, 31.91370366084881], [73.09631219013852, 31.937561953279697], [73.01578555467584, 31.94423300281485], [72.98092054195922, 31.964208081957718], [72.94670829161853, 31.951537430727882], [72.95873507282455, 31.924920655729426], [72.94184737221293, 31.907700655684984], [72.90155445182609, 31.9110622971503], [72.8961428792642, 31.894437268293935], [72.87328582521184, 31.88780844065438], [72.86677833121746, 31.92561673289941], [72.79700525414492, 31.96565043676915], [72.8246546943361, 32.021575544255874], [72.85304318375462, 32.03937720805703], [72.86357699472161, 32.088983411595244], [72.88601135432442, 32.1173881350992], [72.87965063138972, 32.1497828695702], [72.90218928466808, 32.17274109006537], [72.91366352783986, 32.173324493651045], [72.95496658841702, 32.11545971280357], [72.98938276397666, 32.1172281752332], [73.04067712467453, 32.13622551260426], [73.09090079960058, 32.20967678845577], [73.14194991027182, 32.239574003154964], [73.18268440628287, 32.20899895197678], [73.19986927158766, 32.2098975647692], [73.21641643394477, 32.24345511302078], [73.24494374394588, 32.25039811793524], [73.26945458781711, 32.16997794775427], [73.33287344926866, 32.15156035932765], [73.35632310173527, 32.12558985172734]]]}}, {"type": "Feature", "properties": {"na": "NA-49", "src": "commons-1993", "approx": false}, "geometry": {"type": "Polygon", "coordinates": [[[72.98887701836784, 31.855683406693817], [72.97762295522469, 31.844202828476597], [72.98381390789534, 31.822744395631815], [72.96636818114536, 31.83272249032388], [72.93203623127584, 31.825484297671473], [72.90840007310017, 31.856936784016302], [72.89117467273978, 31.856043896422438], [72.8574963129983, 31.816166835787], [72.79994091393078, 31.818646794049624], [72.68024003298186, 31.76347727532722], [72.55403528805753, 31.740735535695308], [72.52636056378476, 31.684825948456833], [72.48684174423967, 31.644678143229093], [72.31548048639306, 31.565243857112872], [72.25306861539006, 31.51307530374934], [72.24653128310396, 31.55092914467314], [72.31493053582362, 31.592483654525925], [72.30275052361714, 31.624606340634305], [72.33156106170138, 31.626029484619337], [72.35427911604896, 31.643515939700524], [72.3591727039764, 31.687391932597702], [72.31233992862644, 31.723273546200637], [72.26614181090234, 31.72647013659055], [72.20946016550303, 31.674594722909976], [72.16323270495596, 31.677809455526685], [72.19782484437042, 31.679486441168873], [72.26006383753301, 31.74254563896331], [72.25943624270731, 31.775261750872804], [72.28196107174526, 31.80364730869892], [72.263854556534, 31.84643909139834], [72.27496624987202, 31.868814340330978], [72.27345223381992, 31.950645764413327], [72.32417743591904, 32.01316018888758], [72.3293420481394, 32.04617796373109], [72.34660886743028, 32.04700908560036], [72.35782413680177, 32.063934075236105], [72.40951145853201, 32.07189245071303], [72.47754853232615, 32.12980110258715], [72.50639671615444, 32.125746024864284], [72.51909110603128, 32.060856554369515], [72.56559347426716, 32.035857384640494], [72.55553157974016, 31.95896750444692], [72.57905327044061, 31.932859568174862], [72.61355094891363, 31.934581535505266], [72.66017450709519, 31.90419926640869], [72.69466032923839, 31.905939211895905], [72.8029625209416, 31.95505119529623], [72.85540314616709, 31.919582447999247], [72.86776352181157, 31.876626328854346], [72.90210468302385, 31.883849246434224], [72.94284621550817, 31.85872707197223], [72.98887701836784, 31.855683406693817]]]}}, {"type": "Feature", "properties": {"na": "NA-50", "src": "reconstructed", "approx": true}, "geometry": {"type": "Polygon", "coordinates": [[[72.4089132460507, 32.20475263014344], [72.71364675292071, 32.43571093710406], [72.73744300338464, 32.44061767883483], [72.93017030077876, 31.90599269387831], [72.89514204890489, 31.874378594159417], [72.66314943324332, 31.782004783778376], [72.65636408393526, 31.780610326556868], [72.4089132460507, 32.20475263014344]]]}}, {"type": "Feature", "properties": {"na": "NA-51", "src": "commons-1993", "approx": false}, "geometry": {"type": "Polygon", "coordinates": [[[71.726629300913, 32.21523220199844], [71.82911135603351, 32.30740000343138], [71.81674011463866, 32.361617516949686], [71.76434302791698, 32.392176245365576], [71.83272535667903, 32.449971156652865], [71.91909623301612, 32.45927420173321], [71.98173070599572, 32.5113608875449], [72.0733690094956, 32.548330727936246], [72.13018750307842, 32.60017740562349], [72.13545609267196, 32.6332719499686], [72.17021676598856, 32.61841629824022], [72.21623195596567, 32.6205084289972], [72.2619892364159, 32.63902176615917], [72.30239773268444, 32.629929298080505], [72.37272597853182, 32.545642052233454], [72.39571519321147, 32.54671674409014], [72.50366237194436, 32.628361246966115], [72.50974923552843, 32.60677212969242], [72.57988525282808, 32.53356220444293], [72.61442225300559, 32.5297528217127], [72.62819607265918, 32.39381795461519], [72.6399617233065, 32.37800314400378], [72.73190898445236, 32.377043010811086], [72.73229152986444, 32.35522122988495], [72.69287693139557, 32.30960098705084], [72.69326420650485, 32.28778150346305], [72.74552271219831, 32.257615317904964], [72.78006296983082, 32.25387701821616], [72.78610104985708, 32.23780753251776], [72.71186522914586, 32.21228173357732], [72.61353779839945, 32.245645345483545], [72.59094564002956, 32.222698526955035], [72.59172885566291, 32.17905899431119], [72.57508115197635, 32.14548660369401], [72.47160225592953, 32.140433603302334], [72.40356131193177, 32.08252625514748], [72.3518733997991, 32.074571020385605], [72.32914591860619, 32.05709232785647], [72.33978010203842, 32.106764001788896], [72.32241867327498, 32.11139545565614], [72.31618337091066, 32.13841477187942], [72.2929716807657, 32.14823719972381], [72.1894384028666, 32.137875762019405], [72.09014175234455, 32.2152622091139], [72.03261778212634, 32.20714101710216], [71.9929973384569, 32.16155941618413], [71.92967147471778, 32.15319311247197], [71.79587094463321, 32.21830986363503], [71.72680059397136, 32.20428748834635], [71.726629300913, 32.21523220199844]]]}}, {"type": "Feature", "properties": {"na": "NA-52", "src": "commons-1993", "approx": false}, "geometry": {"type": "Polygon", "coordinates": [[[71.74988448818164, 32.205311576533], [71.79027466064073, 32.20711016573279], [71.92408524797314, 32.141996084229596], [71.99894293320035, 32.150892220268354], [72.03856034850088, 32.19647386071409], [72.08456236444282, 32.20406548785674], [72.18386757684988, 32.12668162836014], [72.28740638721413, 32.13704388203003], [72.328367050535, 32.10075425149503], [72.31256537339644, 32.01806274916288], [72.26183456002794, 31.955548682525972], [72.25243540441413, 31.840427454597627], [72.27033590169616, 31.80854086016371], [72.24780854679327, 31.780155424656375], [72.2484344153768, 31.74743732986515], [72.1918488057771, 31.69011161833273], [72.15149052341587, 31.688158421661957], [72.11804862509602, 31.626502645869966], [72.02743553561322, 31.534806401246428], [72.02274099017562, 31.480005101887595], [71.98842603456332, 31.46197933960106], [71.74256754866721, 31.619664037935483], [71.72990867327749, 31.67920046167297], [71.68827982407888, 31.742899226331694], [71.6010995869692, 31.766293222480098], [71.61228088003516, 31.788678302535228], [71.6750945391427, 31.835275906360895], [71.69176790065906, 31.874322132810693], [71.6910224184767, 31.918056188509144], [71.75930606302495, 31.98132225828396], [71.757584599509, 32.085217683462474], [71.72224303548617, 32.12742986495464], [71.72120090070256, 32.19308739840836], [71.74988448818164, 32.205311576533]]]}}, {"type": "Feature", "properties": {"na": "NA-53", "src": "commons-1993", "approx": false}, "geometry": {"type": "Polygon", "coordinates": [[[71.48295493597708, 33.20378247970025], [71.54123592163074, 33.14562948129482], [71.53588903834158, 33.106935855157765], [71.58843921692072, 33.04861539737861], [71.65790953567235, 33.02399622347616], [71.67604001122103, 32.95335231579409], [71.72850043652258, 32.90613344007892], [71.7917990139522, 32.914290931637325], [71.83252892021355, 32.88309648992479], [71.84489676548002, 32.81779311625741], [71.93252659762528, 32.72836628549598], [71.8527974699943, 32.65910575022832], [71.83551265637176, 32.658354819053066], [71.77721668030782, 32.705189881106136], [71.71957875792934, 32.70272420130034], [71.66790733661962, 32.68406970498249], [71.63294613652191, 32.710025341413164], [71.56358749176815, 32.71809269230173], [71.4725299276702, 32.61550360841151], [71.43204282918592, 32.61931353534075], [71.42063622455677, 32.60786320811677], [71.41572564265344, 32.541794279005785], [71.38757667267221, 32.48574543540738], [71.30126253563289, 32.454733033996774], [71.27170608171674, 32.50292527251671], [71.24280128133204, 32.50174583362325], [71.20275588522509, 32.467172237764885], [71.17383853620208, 32.465999545217244], [71.21339757030636, 32.53899175778818], [71.14386596582699, 32.54717848276502], [71.10296769246213, 32.578511681264956], [71.1027654049441, 32.59498849453494], [71.07350968805231, 32.621309461003705], [71.07279063988193, 32.68174520159703], [71.02600635623176, 32.72390407916274], [71.07196289092086, 32.75318668049627], [71.0945934608309, 32.79805980894033], [71.07663773486145, 32.85236040495223], [71.13366243661784, 32.92607639251663], [71.19102572565018, 32.966808489353944], [71.25449764774898, 32.97478879544883], [71.27783523142755, 32.95371071221942], [71.31253815723508, 32.9495842525604], [71.4159951533526, 32.99218632920712], [71.42710694112947, 33.03110958926646], [71.37476575185363, 33.06751426873017], [71.39160614562199, 33.112173482903614], [71.35619957087549, 33.18778880406044], [71.3789404885349, 33.22168730321954], [71.41981437292523, 33.17378452394723], [71.44271048169213, 33.191188819437684], [71.4602365674741, 33.169884691660535], [71.47753341728668, 33.17057202457143], [71.48295493597708, 33.20378247970025]]]}}, {"type": "Feature", "properties": {"na": "NA-54", "src": "commons-1993", "approx": false}, "geometry": {"type": "Polygon", "coordinates": [[[71.85294953128225, 32.648148200471006], [71.89588324932714, 32.46919794962119], [71.8267989527723, 32.46066779336441], [71.75272615979775, 32.39714585446774], [71.76467014921941, 32.37027603316273], [71.78774042525795, 32.37129167314535], [71.80528968262138, 32.355633468988614], [71.81749287475898, 32.312359444368276], [71.71500132334184, 32.22019434149176], [71.7167339250622, 32.110760697481766], [71.65348383992156, 32.09152665915206], [71.56632220732068, 32.12055037681795], [71.52587775782538, 32.11878669542753], [71.45703323152038, 32.08292936477657], [71.35848199244458, 32.09513471485844], [71.28931481222496, 32.07574906038819], [71.25434914517312, 32.09071847974341], [71.21978954644986, 32.078298710984384], [71.16149728349468, 32.10328210564996], [71.15514779584976, 32.141414672030926], [71.12001754768686, 32.167394388461645], [71.12510667144936, 32.21698794731175], [71.19340419885299, 32.302109395275274], [71.2278101749097, 32.3254771640707], [71.23374640519332, 32.314747044606506], [71.25680553410389, 32.32118764559684], [71.28533900148958, 32.34980496091521], [71.30140985979627, 32.443761850036694], [71.35905716063634, 32.45712265031291], [71.40490800946863, 32.48646644560316], [71.43795962278048, 32.60858000636321], [71.47844689447325, 32.60477311378171], [71.56949763822253, 32.70736238309468], [71.62732219586276, 32.69881387864015], [71.66228635625066, 32.67285912196287], [71.77160113283891, 32.69397993780246], [71.81830181063008, 32.65212590501042], [71.85294953128225, 32.648148200471006]]]}}, {"type": "Feature", "properties": {"na": "NA-55", "src": "commons-1993", "approx": false}, "geometry": {"type": "Polygon", "coordinates": [[[70.91721477368542, 31.769594571549465], [70.939733341881, 31.81439255620564], [70.97444322090685, 31.821314342376787], [70.96216947391491, 31.864673846494906], [70.99645271845574, 31.898995683610256], [70.99529685502165, 31.975734400120977], [71.02966065053216, 32.004576512657984], [71.04084373835964, 32.03246496267242], [71.03425023113691, 32.08705668378307], [71.1089099931898, 32.134017652979196], [71.14364907858106, 32.13545273574188], [71.14999894808635, 32.09731919461866], [71.21416575868123, 32.06709623992645], [71.24872685276732, 32.07951609074742], [71.30683853908128, 32.06552955971702], [71.3817829071351, 32.08516985659662], [71.46298480851164, 32.07222960388601], [71.53182688753627, 32.10808956928738], [71.56071651231034, 32.10935043571842], [71.64788418534698, 32.08032817672255], [71.72845605770803, 32.100334988497465], [71.74612930612727, 32.079230752989666], [71.74766707321415, 31.986267968724587], [71.67937700189913, 31.923003587827278], [71.67984043034141, 31.895667313026117], [71.58821931754227, 31.842309734836576], [71.4609174917505, 31.842130718885468], [71.39782782509677, 31.80651101060155], [71.32846860739596, 31.79800719390912], [71.30006796620731, 31.763917389748357], [71.27129821941223, 31.75171702552277], [71.18414588517085, 31.76439338905656], [71.15473312216693, 31.790529742784276], [71.08537096325914, 31.77662796709357], [71.06833406587033, 31.753988054516817], [70.98136268457728, 31.75033349887469], [70.91721477368542, 31.769594571549465]]]}}, {"type": "Feature", "properties": {"na": "NA-56", "src": "commons-1993", "approx": false}, "geometry": {"type": "Polygon", "coordinates": [[[71.98607885222755, 31.292735713298267], [71.97669028700996, 31.188662899087678], [71.8724273954432, 31.194494951566718], [71.78047128393732, 31.162788244057754], [71.76345729291624, 31.14560498109356], [71.75869795344977, 31.096278928091856], [71.71773760216797, 31.116136789115764], [71.67143805253504, 31.113929154741005], [71.57747471880735, 31.174992342849563], [71.49650671648368, 31.16575453112213], [71.46295343534676, 31.104127174588395], [71.42862486761437, 31.080691311473284], [71.31869430742054, 31.064700997196027], [71.29495313980186, 31.090930165484657], [71.29409104925102, 31.134601281075614], [71.27637347154838, 31.15019056127121], [71.24737564695218, 31.14887851932074], [71.15248157164966, 31.253976336615004], [71.02451029007517, 31.264761276199685], [71.00679573803075, 31.280405963173354], [70.94292847332851, 31.277640847773146], [70.919208535965, 31.303989643913837], [70.82685000196308, 31.267193907419575], [70.79711924902719, 31.304264961102362], [70.73318849543583, 31.301573253430536], [70.7560575254036, 31.32444384886648], [70.7555845382956, 31.35181402738115], [70.81312345925338, 31.387098373706156], [70.8125612274156, 31.419943729679225], [70.794670260127, 31.446588852063], [70.81145201890641, 31.48564650289532], [70.78222768565018, 31.49538915608489], [70.81081437383682, 31.52398054722001], [70.80401957222401, 31.583990357527924], [70.91738660425189, 31.75863575859852], [70.97573763738389, 31.73913546744347], [71.07430769259255, 31.74328101680289], [71.09134308883421, 31.765920756172793], [71.149116388889, 31.77933257748655], [71.17853179319755, 31.753197051849934], [71.27727164498441, 31.74102416127431], [71.30604054994475, 31.75322578969147], [71.3344389263754, 31.787315527012666], [71.40379747544992, 31.79582364224443], [71.4668847208979, 31.831445599337336], [71.59418632877889, 31.831633438757592], [71.68002679047913, 31.884733584854626], [71.66344399146237, 31.840219679514888], [71.59493880217333, 31.787897905943517], [71.5896322849004, 31.760306482560793], [71.62470203618581, 31.740010394653158], [71.682695158054, 31.731708295392533], [71.71845048507645, 31.67320695333495], [71.73111013979869, 31.61366890148327], [71.8132389371967, 31.551930885020592], [71.90073030010356, 31.512371848251863], [71.9303549001973, 31.475568148041653], [71.97121152266656, 31.455693773788795], [71.94898074176426, 31.410966096993345], [71.98607885222755, 31.292735713298267]]]}}, {"type": "Feature", "properties": {"na": "NA-57", "src": "commons-1993", "approx": false}, "geometry": {"type": "Polygon", "coordinates": [[[73.10985680473668, 31.57367518446564], [73.1434427886282, 31.6135565462886], [73.17618541055327, 31.691468088841383], [73.25492169909059, 31.766430783388607], [73.26686196820849, 31.74532161678324], [73.34137121443327, 31.749377026449533], [73.34185258833114, 31.727654808668884], [73.39415172105025, 31.69790881655868], [73.39476414937677, 31.67076683049213], [73.42988268339653, 31.640104197147455], [73.49314478768483, 31.632759656794818], [73.4711110835222, 31.593503502000893], [73.51756988657772, 31.568949520102343], [73.52991993082343, 31.531632781344452], [73.49631927074309, 31.497160436952658], [73.40565208260763, 31.44862861277659], [73.35366698754348, 31.462021578107535], [73.31403384930128, 31.438091460749376], [73.2853538517, 31.436502179930947], [73.25055219440424, 31.450879876950097], [73.24967054928618, 31.488868861951612], [73.17933257797372, 31.550249257746067], [73.1218226194307, 31.552568576435338], [73.10985680473668, 31.57367518446564]]]}}, {"type": "Feature", "properties": {"na": "NA-58", "src": "commons-1993", "approx": false}, "geometry": {"type": "Polygon", "coordinates": [[[73.7322706210824, 31.461770807034068], [73.72855763221932, 31.3801951041719], [73.74081958198656, 31.3483695606607], [73.66174671470111, 31.300399083533993], [73.58877258206482, 31.236527219986378], [73.48573315840504, 31.225187822693854], [73.46758756396382, 31.262132008532742], [73.39303654714789, 31.257903721278087], [73.35182281598905, 31.299007145219218], [73.29444982012737, 31.29579428945545], [73.25493292301563, 31.266439789662474], [73.1853935959473, 31.28973591045387], [73.19035908568361, 31.322602708774838], [73.16713748619311, 31.332188488190933], [73.21127222130075, 31.410682347542824], [73.24506788520986, 31.43971064383452], [73.2798720842451, 31.425333598656927], [73.32002510607528, 31.427560123415773], [73.35965663887184, 31.45149161133278], [73.4116425664569, 31.438103117748014], [73.49657704317934, 31.486315514682772], [73.57808120931304, 31.436649293255673], [73.61231337881858, 31.44402914607234], [73.65134266641675, 31.48967422740762], [73.6750322596011, 31.458474412005362], [73.714570858678, 31.48245066887601], [73.7322706210824, 31.461770807034068]]]}}, {"type": "Feature", "properties": {"na": "NA-59", "src": "commons-1993", "approx": false}, "geometry": {"type": "Polygon", "coordinates": [[[73.17991152791075, 31.278569362112357], [73.27241456922867, 31.25655528243898], [73.3004504302012, 31.285270060058494], [73.34634999853441, 31.28784209508441], [73.38756763679507, 31.24673994442674], [73.46212280042357, 31.250968903291295], [73.4744011910566, 31.21911546391923], [73.42933631004905, 31.18399397308292], [73.39095269617864, 31.111281461363504], [73.39233143895164, 31.057117611862683], [73.4096856244204, 31.05268706293523], [73.41514604390423, 31.06384658238658], [73.42255972647136, 30.999198618333136], [73.34892312954617, 30.9570160432284], [73.33254261500333, 30.923542649267585], [73.2640434598663, 30.903362187489694], [73.24610807006427, 30.92946114361539], [73.24527190770621, 30.961960438167928], [73.19862156286591, 30.986452363770294], [73.14102240938544, 30.98864451013795], [73.11694564182214, 31.030721961023232], [73.05919681712464, 31.038372005705174], [73.05317978941683, 31.048898521998797], [73.06387470222796, 31.082070515331825], [73.09207883187956, 31.105351358293717], [73.079657849281, 31.14267986296974], [73.09036075787282, 31.175857917238194], [73.17991152791075, 31.278569362112357]]]}}, {"type": "Feature", "properties": {"na": "NA-60", "src": "commons-1993", "approx": false}, "geometry": {"type": "Polygon", "coordinates": [[[73.23980547633566, 30.950801306098214], [73.23475784572933, 30.923392884184366], [73.25269446437551, 30.89729271780689], [73.21317754005574, 30.867928683513767], [73.20827831375865, 30.835109959973085], [73.16790227251114, 30.838242370578513], [73.15192926793442, 30.788524506103105], [73.06033759645047, 30.767079273602274], [73.02666710729113, 30.732638234347572], [72.96378594644283, 30.712838782858558], [72.93051997053189, 30.66215164347181], [72.88402770810684, 30.6758374822359], [72.85438833993155, 30.706754766717957], [72.77373972278568, 30.702310416695482], [72.77743226384193, 30.783955140156042], [72.72476548068374, 30.813672907722175], [72.7411039610816, 30.852582724539573], [72.78650930376061, 30.882208351491], [72.77458878266447, 30.89785705341345], [72.8084697292667, 30.926858615964548], [72.8356575689542, 30.993526725569772], [72.86403733363184, 31.01136743659391], [72.92264511865426, 30.971113653254125], [72.95716391297346, 30.973009932483723], [73.02510380659795, 31.02019691376446], [73.07671154050855, 31.028484353148198], [73.11735232177364, 31.01445990023869], [73.13554898062235, 30.977483764411307], [73.193151533234, 30.975292248622576], [73.23980547633566, 30.950801306098214]]]}}, {"type": "Feature", "properties": {"na": "NA-61", "src": "commons-1993", "approx": false}, "geometry": {"type": "Polygon", "coordinates": [[[73.16088420457753, 31.353577616190748], [73.15578263269845, 31.326130961556057], [73.17900589493284, 31.316544068380296], [73.17391037026991, 31.289101696279257], [73.07873771273965, 31.180649591779567], [73.0685602832559, 31.125774589102374], [73.08045204655511, 31.11013873659134], [73.05224540691309, 31.086858790108586], [73.04769906456592, 31.03773563386662], [72.97361479144323, 31.00649784487393], [72.95114250288347, 30.983539735387403], [72.92813055915926, 30.982276424441785], [72.87528202240067, 31.022844666475912], [72.83539320155052, 31.004378485682146], [72.82348635346943, 31.020033409684377], [72.75977019300251, 31.032899564012226], [72.79353070906141, 31.06732580640437], [72.78712752607919, 31.094158531938824], [72.80989117462867, 31.106253049304424], [72.8033646515699, 31.13851758181833], [72.88825346918779, 31.20287825058683], [72.88186570250994, 31.229714862702963], [72.82871796621757, 31.286681045113284], [72.863351572988, 31.28309246708452], [72.89147773906541, 31.31178684997712], [72.948966380056, 31.31487504998166], [72.98819322133149, 31.360483768501307], [73.0676191209191, 31.408271382954442], [73.0912185370902, 31.382374776216], [73.16088420457753, 31.353577616190748]]]}}, {"type": "Feature", "properties": {"na": "NA-62", "src": "commons-1993", "approx": false}, "geometry": {"type": "Polygon", "coordinates": [[[73.23832211582105, 31.482810961600066], [73.23359240949269, 31.439078660239826], [73.19966724017664, 31.415478141295058], [73.18244874835042, 31.414533115150704], [73.18780959672667, 31.431129880246534], [73.13527397502581, 31.46630723280393], [73.11231097864918, 31.465059262401944], [73.03915037696463, 31.395856649991345], [72.98219725065216, 31.37103449561758], [72.94296738100779, 31.325425816625643], [72.885478479271, 31.322341476035362], [72.85735040416637, 31.29364735906098], [72.83422053875135, 31.297851314634705], [72.88362563799384, 31.403824665967903], [72.95076282804949, 31.48899681359392], [73.03595164899436, 31.537068193437428], [73.08176291596453, 31.544969018716298], [73.09849842082791, 31.56762450228919], [73.11632710704666, 31.541395927630774], [73.17384046472087, 31.539077239520417], [73.23832211582105, 31.482810961600066]]]}}, {"type": "Feature", "properties": {"na": "NA-63", "src": "commons-1993-inset", "approx": false}, "geometry": {"type": "Polygon", "coordinates": [[[73.19083148061391, 31.882026870320946], [73.20246847899138, 31.85887125839117], [73.1908342743694, 31.797113628206844], [73.28392695967815, 31.712220746176207], [73.31883744685503, 31.658192681680354], [73.31302009056627, 31.635033252234926], [73.16175562021425, 31.434296140284154], [73.13848695699251, 31.31850026556224], [73.10939865168206, 31.24901943221553], [73.12103615801507, 31.210425048992278], [73.05122077117228, 31.14865469375579], [72.92904054248638, 31.14090858549951], [72.8708619000433, 31.06370200397998], [72.76031282824613, 31.21034615366886], [72.71376280291406, 31.364723686561856], [72.89411684846539, 31.59634470362566], [72.93483986635337, 31.71214439586322], [72.98720216841878, 31.73531400535038], [73.10937884141588, 31.85113151266097], [73.19083148061391, 31.882026870320946]]]}}, {"type": "Feature", "properties": {"na": "NA-64", "src": "commons-1993-inset", "approx": false}, "geometry": {"type": "Polygon", "coordinates": [[[73.59811651869241, 31.372636493001494], [73.59811804255904, 31.326320179121076], [73.51666870507204, 31.195072808053524], [73.44103266022945, 31.210495036779186], [73.35376241076489, 31.16415963532052], [73.2955812285441, 31.164146910268354], [73.14430888488116, 31.20271075336641], [73.12103539608175, 31.23358320593249], [73.17339211063619, 31.426579299647848], [73.28974964950012, 31.57327307704017], [73.33047368329919, 31.658195226690786], [73.38283649332014, 31.66592606488447], [73.4410214852075, 31.550148005235588], [73.51084068171687, 31.49612757577103], [73.55738588147128, 31.488418370166023], [73.59811651869241, 31.372636493001494]]]}}, {"type": "Feature", "properties": {"na": "NA-65", "src": "commons-1993-inset", "approx": false}, "geometry": {"type": "Polygon", "coordinates": [[[72.87668052622092, 31.048264505191725], [72.934859168664, 31.12547108671125], [73.05703939734991, 31.133217194967536], [73.11521854774853, 31.19498500519359], [73.23740030030106, 31.156414799569454], [73.35958103694252, 31.148722136532264], [73.45266940462916, 31.195058810496143], [73.52830595742728, 31.164197810477013], [73.65630455831304, 31.164225805591776], [73.74357785551086, 31.117928579289604], [73.80757944175367, 31.048468106026355], [73.72030995422243, 30.97897454762748], [73.53995667060441, 30.72419537362347], [73.4003236111189, 30.67012913397112], [73.33632431067602, 30.67011513641374], [73.17341471465785, 30.739553977088306], [73.13850346554766, 30.81674019852437], [73.08031974354914, 30.893921329939573], [72.91740913161988, 30.994237713201084], [72.87668052622092, 31.048264505191725]]]}}, {"type": "Feature", "properties": {"na": "NA-66", "src": "commons-1993", "approx": false}, "geometry": {"type": "Polygon", "coordinates": [[[72.97540157870561, 31.953025470314433], [73.01026934243707, 31.933051156969047], [73.09080086224861, 31.926381058617935], [73.15444342264301, 31.902523904251947], [73.1897582921668, 31.860861168859188], [73.19641694170832, 31.817683356681023], [73.24895259261216, 31.776986943876775], [73.16459403103201, 31.69628328596891], [73.13184575021388, 31.61836977877243], [73.07577912767087, 31.55552416583515], [73.00149467230874, 31.535223478585486], [72.93340466175576, 31.493512396355463], [72.89281851105879, 31.507680870418778], [72.8573825240413, 31.54934705254191], [72.78241764241355, 31.556306895429323], [72.72939293168237, 31.6134513978356], [72.59010205170331, 31.66624549599577], [72.60680459069278, 31.69434314533812], [72.58921378655539, 31.709802796878513], [72.62317567199746, 31.738776340248048], [72.70334754857562, 31.75920608322671], [72.80590778545964, 31.80805653703684], [72.8634632795118, 31.80558077094626], [72.8971389926898, 31.845457817925773], [72.92651962903547, 31.814304069965473], [72.96085328354314, 31.82154245863577], [72.98978030076721, 31.812166821502444], [73.00024265044676, 31.861724256397146], [72.9483635349945, 31.86990805633868], [72.90762528178598, 31.895031162216362], [72.947808255914, 31.897115055841105], [72.97032330737298, 31.92007538866719], [72.95829563129675, 31.94668962390409], [72.97540157870561, 31.953025470314433]]]}}, {"type": "Feature", "properties": {"na": "NA-67", "src": "commons-1993", "approx": false}, "geometry": {"type": "Polygon", "coordinates": [[[72.5600075495649, 31.73013267629459], [72.60027803408911, 31.73216587810204], [72.5775972694863, 31.7146662236945], [72.57792844640915, 31.698330406834412], [72.59540995623937, 31.688314919897383], [72.57870613636638, 31.660217409572443], [72.5963033272585, 31.644762067931712], [72.7238725891486, 31.60227352665582], [72.77690247277877, 31.54513074272536], [72.85187191976979, 31.538171799359688], [72.88731149490347, 31.49650683885772], [72.9336466690394, 31.482644914718744], [72.90539837520012, 31.459381542860992], [72.82784854528893, 31.32470637432389], [72.79859712430485, 31.34491278023807], [72.72968297585105, 31.335835451677212], [72.71890829803296, 31.302622533701257], [72.6682116452635, 31.2509893142153], [72.66294869463127, 31.228950187753902], [72.6005937137482, 31.182152583599134], [72.57755207923827, 31.180946890297665], [72.57718108499283, 31.197251535212057], [72.51895528111865, 31.221434395561477], [72.49505773889787, 31.258304273153335], [72.4311859445796, 31.276803586942687], [72.37836077181494, 31.317684887487378], [72.37119621473953, 31.382699261074887], [72.3301552222609, 31.41333054503865], [72.27612946022057, 31.514216219708494], [72.32146451495909, 31.554634770905754], [72.49282036606644, 31.634076309413583], [72.53798096588113, 31.679960180921785], [72.5600075495649, 31.73013267629459]]]}}, {"type": "Feature", "properties": {"na": "NA-68", "src": "commons-1993", "approx": false}, "geometry": {"type": "Polygon", "coordinates": [[[72.27211537614068, 31.715847980118532], [72.32428803875789, 31.702037125291994], [72.34776008834537, 31.68137348404276], [72.34819248366503, 31.659576900958594], [72.32558170978528, 31.63664212479478], [72.29677104132794, 31.63522091051688], [72.29144237630547, 31.613139783668174], [72.30329550436295, 31.59736209885917], [72.23489097570459, 31.555810599805056], [72.24164789096594, 31.50705780705352], [72.27646340158975, 31.497874399299704], [72.27691063427022, 31.476086868919268], [72.31873983670516, 31.40730808958099], [72.35378811474028, 31.387270378280984], [72.3669486388918, 31.31165870478229], [72.425661043055, 31.26562970106025], [72.48953718331603, 31.247131411379886], [72.53685311997413, 31.195150304227216], [72.56578304896519, 31.19121513568587], [72.54335539898031, 31.162837755507013], [72.48033266900092, 31.143235094772077], [72.48095183096234, 31.116056971423514], [72.50450746328046, 31.095517374823405], [72.4992442928747, 31.073479512346083], [72.43093320152258, 31.031836293412915], [72.42040708004129, 30.987762036057912], [72.39207073270966, 30.964526265740016], [72.37413099253469, 30.990801265689473], [72.32207440143213, 30.993555902180876], [72.25219230148055, 31.017191390380944], [72.22222468760245, 31.064671757967005], [72.15245617040526, 31.082935536432686], [72.08148924578356, 31.155671314424445], [72.04694980288285, 31.148509309506593], [71.98847743017171, 31.178336028645035], [71.99751859215496, 31.29874705404253], [71.9604228769326, 31.41697373175281], [71.98286893767148, 31.45079719705887], [72.03439480786031, 31.47511119635702], [72.03908620439526, 31.52990963459303], [72.12969034124627, 31.621607690412862], [72.1519112647443, 31.666345619909993], [72.21543719306497, 31.663971701843753], [72.27211537614068, 31.715847980118532]]]}}, {"type": "Feature", "properties": {"na": "NA-69", "src": "commons-1993", "approx": false}, "geometry": {"type": "Polygon", "coordinates": [[[72.00768342398914, 31.09206390575255], [72.03704978367976, 31.07172053924179], [72.12334142745273, 31.092370173968185], [72.15859279144249, 31.066902964215398], [72.21669572679886, 31.053500176948486], [72.24666681908296, 31.006021093277212], [72.38040531739152, 30.96936149387916], [72.36988163709628, 30.92528978905016], [72.34192088004387, 30.88575549078117], [72.22310592818212, 30.77623740139676], [72.24764581820703, 30.717673166258045], [72.20917831186712, 30.634096779915076], [72.07607908092479, 30.632659258479446], [72.02415417596825, 30.62456092415687], [71.99561893803536, 30.606781460829648], [71.9827508327574, 30.660548085258718], [72.05512466395153, 30.783967260772176], [72.05411522577381, 30.82746831346785], [72.00587916093025, 30.91217300280339], [72.02187774178846, 30.97289261143041], [72.03885235434682, 30.990083263589543], [72.00768342398914, 31.09206390575255]]]}}, {"type": "Feature", "properties": {"na": "NA-70", "src": "commons-1993", "approx": false}, "geometry": {"type": "Polygon", "coordinates": [[[72.07594886236987, 31.144496442304167], [72.11732693454222, 31.102965535170682], [72.07689568894246, 31.100947946856294], [72.05414483624834, 31.08346856040835], [72.01900398617396, 31.103524149764397], [71.99034672858514, 31.0912074209613], [72.0271726589047, 30.99494820005449], [71.9938269985896, 30.93335968970719], [71.99443905152303, 30.906154056295065], [72.04267837940708, 30.82144585395897], [72.04343457930749, 30.78881875162603], [71.97105088473687, 30.665398073386978], [71.99009405940073, 30.59561710604222], [71.95037014862866, 30.560946354639213], [71.94432067117143, 30.57152212122021], [71.9214289263778, 30.559476684606913], [71.87459492301434, 30.578879671504094], [71.7937785368092, 30.563935500630013], [71.74781952573727, 30.54530784313632], [71.73082269659605, 30.528126737969753], [71.72593239727429, 30.489770805569318], [71.69141601447453, 30.47716283463599], [71.65650470074971, 30.480875306246357], [71.63254387343082, 30.512366930963555], [71.57455783045651, 30.509517132091734], [71.59623587855879, 30.575952683694823], [71.61917440915475, 30.587971648469114], [71.62421929045354, 30.62090858934442], [71.67525581168395, 30.67244454057526], [71.72147936491398, 30.680163417070425], [71.73244183391652, 30.70794318526306], [71.7950248913359, 30.76006068096509], [71.78861876043482, 30.786986281320154], [71.76558281987732, 30.7804041449323], [71.78185083701482, 30.83024609777097], [71.72889949422617, 30.86581054906055], [71.7682258356101, 30.92223854226933], [71.76739488524125, 30.960360985994487], [71.73161255766406, 31.00770571791564], [71.70060346956511, 31.10440610333859], [71.76471335152506, 31.085658973005383], [71.78648230894427, 31.152165839643583], [71.87843622460213, 31.183877058426457], [71.97692111387295, 31.177769375311822], [71.9889413647381, 31.15655119644189], [72.04140771483102, 31.137334241368432], [72.07594886236987, 31.144496442304167]]]}}, {"type": "Feature", "properties": {"na": "NA-71", "src": "commons-1993", "approx": false}, "geometry": {"type": "Polygon", "coordinates": [[[72.8163453904338, 31.324095073473707], [72.81758807455014, 31.269772661759166], [72.85860668931701, 31.23933930611718], [72.87662292386763, 31.207687767292246], [72.79172686398556, 31.143330118441416], [72.79825193263467, 31.11106315936572], [72.77548662134129, 31.098969755759782], [72.78188863762085, 31.07213493414382], [72.74812476432507, 31.03770937095029], [72.76016155757571, 31.01661581451331], [72.77730321102453, 31.022973356867272], [72.78907924716026, 31.012739613632228], [72.77220109237447, 30.995526463904305], [72.60567349645055, 30.96487086566888], [72.52996934955843, 30.993494651381926], [72.43194288352849, 30.98836262787734], [72.45951502159073, 31.044204761025426], [72.5108988209848, 31.068647652842962], [72.5159101889425, 31.101553121787898], [72.49235620896039, 31.12209139038148], [72.49762427081299, 31.14413255913789], [72.60660245908248, 31.171586313898587], [72.65768724567164, 31.20691214007943], [72.73054071639616, 31.29779475850882], [72.7356815167369, 31.325269074169338], [72.79309075437948, 31.33374117513957], [72.8163453904338, 31.324095073473707]]]}}, {"type": "Feature", "properties": {"na": "NA-72", "src": "commons-1993", "approx": false}, "geometry": {"type": "Polygon", "coordinates": [[[72.82401337244254, 30.998328120824777], [72.79682072110852, 30.931658263856377], [72.76293670497638, 30.90265771098418], [72.77485690661639, 30.887007130260752], [72.72944795074258, 30.85738340034834], [72.71310664089819, 30.818472601209102], [72.68389125253825, 30.833189946621857], [72.64354896219692, 30.831016751185615], [72.54177579801171, 30.744053751119818], [72.46127441397367, 30.72889492476029], [72.43752480662427, 30.75481413101722], [72.35697953685793, 30.73969741016257], [72.30435611939289, 30.764134420911926], [72.24686152784243, 30.750267243337063], [72.23491838731825, 30.765967695654368], [72.31421542515133, 30.835356874661418], [72.38154989773557, 30.92045631739322], [72.39232467055051, 30.953658327954745], [72.42642875461134, 30.977194729996345], [72.52446064339617, 30.982327631760025], [72.60017019275293, 30.953705201392406], [72.77822188785439, 30.98498336578529], [72.8007242115456, 31.00793456485601], [72.82401337244254, 30.998328120824777]]]}}, {"type": "Feature", "properties": {"na": "NA-73", "src": "commons-1993", "approx": false}, "geometry": {"type": "Polygon", "coordinates": [[[72.84890889739539, 30.695596970054066], [72.86099038980342, 30.67455835673889], [72.80956762452522, 30.655431097319248], [72.76459550577388, 30.609530843732692], [72.77683042180539, 30.583071873761988], [72.80002518211306, 30.578929760680754], [72.76629992435886, 30.544505094567164], [72.7034517131008, 30.5193283754737], [72.62861462070215, 30.5097918601747], [72.5813332669221, 30.550644199938002], [72.51236448250017, 30.53604853196894], [72.51869570561767, 30.514669334254855], [72.50743180412898, 30.503199904866594], [72.3798431709558, 30.518073652686176], [72.31712397575325, 30.482138028180348], [72.23648595311589, 30.46700386811674], [72.20152423317528, 30.476034438800987], [72.19023384251437, 30.464571378882127], [72.12607618955025, 30.482962188726155], [72.22113576431867, 30.618406307279518], [72.22598453807952, 30.65672352893447], [72.25933070432026, 30.712842161410514], [72.25867533735244, 30.74000196071219], [72.27574186257596, 30.751767043995734], [72.35147035953291, 30.728533917025747], [72.43201967654674, 30.743651133240768], [72.45577160621517, 30.717732703412626], [72.53064343770276, 30.727156958376046], [72.59890693017861, 30.768850285746343], [72.63818687445072, 30.81442805456255], [72.67839732753671, 30.822027802853274], [72.76604762540896, 30.77790296402131], [72.77235745984134, 30.756527622940617], [72.75645347673684, 30.701362318035237], [72.76825581445134, 30.691151896759393], [72.84890889739539, 30.695596970054066]]]}}, {"type": "Feature", "properties": {"na": "NA-74", "src": "commons-1993", "approx": false}, "geometry": {"type": "Polygon", "coordinates": [[[74.30613156129108, 32.61874291488176], [74.27947662275744, 32.53026425089053], [74.2912009075667, 32.514635913019845], [74.29246271087062, 32.45494656146298], [74.33441624509362, 32.35961722090144], [74.29480068667347, 32.34645508803512], [74.27249699533533, 32.32344035065617], [74.16298291419601, 32.37688585206434], [74.10657724078041, 32.3464989859547], [74.03269973091466, 32.33143593715961], [74.00580641532679, 32.25382916685502], [73.93199114127842, 32.233353492747234], [73.85860539035663, 32.19118084172472], [73.81817764584339, 32.21066497164307], [73.80595721868085, 32.24804547306441], [73.75903699181796, 32.30527358878563], [73.75781672312533, 32.36504903472674], [73.83202483120563, 32.36914063093299], [73.96223525707877, 32.4253305928146], [74.04741713289734, 32.44642067526141], [74.13132183611836, 32.52726748402635], [74.17119063493816, 32.52952444879204], [74.30613156129108, 32.61874291488176]]]}}, {"type": "Feature", "properties": {"na": "NA-75", "src": "commons-1993", "approx": false}, "geometry": {"type": "Polygon", "coordinates": [[[73.80647602037517, 31.960014297004907], [73.73910984253331, 31.90188642522967], [73.61938619889253, 31.87887507171815], [73.58066981948929, 31.81693957896286], [73.52307504846996, 31.830043951271303], [73.4601018631965, 31.82656742345632], [73.3583212363412, 31.761178024123478], [73.27235640189404, 31.756496973118814], [73.25433147698931, 31.793596507017373], [73.20168632861679, 31.83973153226228], [73.20099430527726, 31.872346024290124], [73.26187086779532, 31.97900946409495], [73.26669988733319, 32.02281442760077], [73.3008443974193, 32.03552465433202], [73.3681048866489, 32.10988952871772], [73.36777198907235, 32.126202507788165], [73.38505507039277, 32.121685302260346], [73.4352314064259, 32.189700898783826], [73.46933591839179, 32.2024220881671], [73.53347783051075, 32.14603068242202], [73.52832299785592, 32.11854610186392], [73.56332239959094, 32.087817505025875], [73.60883947282714, 32.10119283156237], [73.632401452298, 32.069861224147346], [73.72467932913908, 32.03692789925097], [73.7194375176775, 32.01489414967685], [73.80647602037517, 31.960014297004907]]]}}, {"type": "Feature", "properties": {"na": "NA-76", "src": "commons-1993", "approx": false}, "geometry": {"type": "Polygon", "coordinates": [[[74.26703935021602, 32.312263426691295], [74.28556243432001, 32.248186656837476], [74.26980894279842, 32.18755628774629], [74.22520466758529, 32.14153061117028], [74.16832965518326, 32.13279495788083], [74.13933896702758, 32.15283374330847], [74.06544930342397, 32.137717765661776], [74.03050748083793, 32.16830565502334], [74.03573598750145, 32.19033296188775], [74.01244757152712, 32.210737271633555], [74.0117435693405, 32.243298101895334], [74.03863177432373, 32.32090214329808], [74.11250823375781, 32.335969543816155], [74.1689118677731, 32.366358605551135], [74.18077183108835, 32.345307266895695], [74.21506947731561, 32.3418466028544], [74.23262873642429, 32.3211336298282], [74.26703935021602, 32.312263426691295]]]}}, {"type": "Feature", "properties": {"na": "NA-77", "src": "commons-1993", "approx": false}, "geometry": {"type": "Polygon", "coordinates": [[[74.23114901257233, 32.13102186541377], [74.28132458613497, 32.18280150028714], [74.29707409738191, 32.24342956513533], [74.27842936653371, 32.312924097365666], [74.33465361038999, 32.34877161538336], [74.37521664162279, 32.31856679113725], [74.40367399808164, 32.32023559962839], [74.47985285944738, 32.227065001177166], [74.57112333343836, 32.22166871292915], [74.6408876252835, 32.16081549287521], [74.70355554059276, 32.15920407910638], [74.71544195834115, 32.13825380824104], [74.64282460400983, 32.07963832093196], [74.54663065422737, 32.05212707134319], [74.4743210442061, 31.97730209753309], [74.32648044870221, 31.957609897184415], [74.2968360343202, 32.0046617738022], [74.30797873410195, 32.01616910014692], [74.30152145143346, 32.0483338728612], [74.23114901257233, 32.13102186541377]]]}}, {"type": "Feature", "properties": {"na": "NA-78", "src": "commons-1993", "approx": false}, "geometry": {"type": "Polygon", "coordinates": [[[73.88511459254369, 32.02422460472743], [73.95338523712485, 32.03897479842983], [73.99212762787158, 32.09550058466045], [74.03777285963086, 32.09811414267453], [74.0656903739743, 32.12687014521461], [74.13387994451446, 32.141658998125976], [74.16287306469943, 32.12162092683352], [74.21975105768192, 32.13035698279005], [74.29025129828833, 32.04224400052178], [74.2855654212556, 31.99857126935347], [74.31521188024183, 31.951517304233775], [74.20856988016632, 31.874699082736456], [74.16306818391791, 31.866592582696725], [74.1339029624593, 31.89200274797278], [74.08267755041791, 31.88358226945758], [74.04818113601844, 31.892426266620753], [74.02560207142852, 31.88026153319359], [73.95646264685612, 31.903404413252623], [73.92716548352902, 31.934296885051513], [73.94901924518938, 31.978988159646743], [73.92618081649384, 31.977681550776968], [73.89714141977133, 31.9977492514935], [73.88511459254369, 32.02422460472743]]]}}, {"type": "Feature", "properties": {"na": "NA-79", "src": "commons-1993", "approx": false}, "geometry": {"type": "Polygon", "coordinates": [[[73.71828614014676, 32.34111641478735], [73.7465075839658, 32.35898715683757], [73.7536622097476, 32.28865843987918], [73.83600014858766, 32.179042712573874], [73.86454677961862, 32.18064306986578], [73.90962916155112, 32.21035369132751], [74.00033587063847, 32.242650954321235], [74.00115667571488, 32.20466217827728], [74.02444674402523, 32.18425654052495], [74.01921779825798, 32.16222903004498], [74.05416209934808, 32.131639148673635], [74.03182620518344, 32.1086346794084], [73.9861807648272, 32.106024208925724], [73.93613856806807, 32.043422295309625], [73.88475302463004, 32.04050100980555], [73.87357272825929, 32.02900218778338], [73.87988778054563, 32.00219977740095], [73.84014849910673, 31.98908160028604], [73.81778178003489, 31.966086125932183], [73.73074949441303, 32.02096142707341], [73.73015817948408, 32.04810465478029], [73.6378868713397, 32.0810396039649], [73.6143274234632, 32.11237210176464], [73.56881248356099, 32.098996960614706], [73.53964866881078, 32.12460370868788], [73.54480305715796, 32.15208797850699], [73.49232599204252, 32.19821893479598], [73.587652064563, 32.29590314640493], [73.71828614014676, 32.34111641478735]]]}}, {"type": "Feature", "properties": {"na": "NA-80", "src": "commons-1993", "approx": false}, "geometry": {"type": "Polygon", "coordinates": [[[74.52857665371869, 32.876100000992494], [74.51786721318115, 32.84287057728194], [74.55861401421357, 32.79631813467994], [74.55927971342453, 32.7637573053928], [74.44150946909531, 32.68086659751685], [74.33959774977575, 32.65326854397751], [74.23259408228388, 32.59280746712582], [74.24812563907315, 32.66980113331093], [74.1848690149463, 32.69885726829559], [74.16156390715015, 32.72474569974606], [74.16103231561503, 32.7519160601056], [74.17768425687406, 32.77460886576775], [74.17104867312429, 32.82320626516844], [74.18780748324545, 32.84046509214498], [74.24469960405594, 32.84364786143891], [74.28305323943967, 32.921968927466374], [74.3870679751924, 32.84081460741831], [74.4722033605019, 32.85111601294518], [74.50017698088108, 32.87446638322424], [74.52857665371869, 32.876100000992494]]]}}, {"type": "Feature", "properties": {"na": "NA-81", "src": "commons-1993", "approx": false}, "geometry": {"type": "Polygon", "coordinates": [[[74.14964775250301, 32.75127968248739], [74.16199172290598, 32.703011421670084], [74.23685315636568, 32.663725154314186], [74.22154270686717, 32.57587129593745], [74.16527237936035, 32.54006129209729], [74.12540339801821, 32.5378070289216], [74.05278063357375, 32.46303331537277], [73.96201249644416, 32.43619444087711], [73.90936693112538, 32.49853930630365], [73.85760031576726, 32.51744751436963], [73.83973784695159, 32.554562723158824], [73.85072095560493, 32.57693556103865], [73.87332209129491, 32.589059849193184], [73.93445653343093, 32.67405884699301], [74.08216992127004, 32.703991967162914], [74.14964775250301, 32.75127968248739]]]}}, {"type": "Feature", "properties": {"na": "NA-82", "src": "commons-1993", "approx": false}, "geometry": {"type": "Polygon", "coordinates": [[[73.59563046763371, 33.11385447606308], [73.62949472711468, 33.13743280243047], [73.65863012831923, 33.10074445402135], [73.72713330068613, 33.09886147546894], [73.83699229493463, 33.01195980333428], [73.8768743206247, 33.01408781505303], [73.88769825698964, 33.04737046513772], [74.00187307586418, 33.037158674035354], [74.06546230332847, 32.98614033755347], [74.27168066131654, 32.92133175976329], [74.23880199017964, 32.85419826875782], [74.18190960862295, 32.851019358878155], [74.15956264577156, 32.82800792234291], [74.16619591199058, 32.77940710493957], [74.15512861892628, 32.76246693242137], [74.12677110073177, 32.75544399643849], [74.07626301369004, 32.714545580596386], [74.03080160105092, 32.706582745396254], [74.00697115623788, 32.759693789694516], [73.93157943359809, 32.82634946553139], [73.84019300607046, 32.83229689268222], [73.77669397817954, 32.8724828129916], [73.67954704850298, 32.87822675323237], [73.75843207768555, 32.936917622112], [73.76945319706233, 32.9593079849522], [73.70607806571591, 32.994128272253306], [73.7113152353952, 33.02167132699838], [73.68216266120521, 33.05832533056394], [73.61915987903308, 33.071414378089536], [73.59563046763371, 33.11385447606308]]]}}, {"type": "Feature", "properties": {"na": "NA-83", "src": "commons-1993", "approx": false}, "geometry": {"type": "Polygon", "coordinates": [[[73.66823338426256, 32.87217775060811], [73.77118703609963, 32.86128941840373], [73.8346912470347, 32.82110497802702], [73.92608319688232, 32.81515860538483], [73.9956812043117, 32.75362929092724], [74.01940807636588, 32.705952524584895], [73.92854752498755, 32.684621163872436], [73.82822254696062, 32.5593753553634], [73.84619126118504, 32.51682043574968], [73.79537801815248, 32.486823275391124], [73.77804298405539, 32.49676053612333], [73.73808982800837, 32.4945827681535], [73.70415649528258, 32.47640789917612], [73.65255297385019, 32.48450436119142], [73.59439424764737, 32.53584080690491], [73.56491084345261, 32.583298982699255], [73.5011644984496, 32.628972911461204], [73.50647962030787, 32.65105518871383], [73.54616657519341, 32.66949739943925], [73.57973696778606, 32.70942241637848], [73.62403301805688, 32.78807268383273], [73.63457549106136, 32.837692011778266], [73.66823338426256, 32.87217775060811]]]}}, {"type": "Feature", "properties": {"na": "NA-84", "src": "commons-1993", "approx": false}, "geometry": {"type": "Polygon", "coordinates": [[[73.07003668455651, 32.40489540565135], [73.10953938495939, 32.43963798349858], [73.15535361438367, 32.44198394775111], [73.16068188301584, 32.464072266621805], [73.22266079763232, 32.52179404486262], [73.22197445098269, 32.55993780021948], [73.23894584869348, 32.571717983899035], [73.3190343698966, 32.5758490330419], [73.40963121949744, 32.629629875712155], [73.48953867891068, 32.6392629801948], [73.64705334437566, 32.47331775528502], [73.67010914147387, 32.46367456664067], [73.7100793530203, 32.465842123919835], [73.74401146210595, 32.484018310272425], [73.8013001029655, 32.47626334243987], [73.85211133267238, 32.506262312482356], [73.9038816560021, 32.487355025200756], [73.95071847289391, 32.43012564573076], [73.82609576214928, 32.37969197902146], [73.77461376577551, 32.38229449712855], [73.72915765937034, 32.36891821368292], [73.71235512667472, 32.351674150673205], [73.58171796125897, 32.30646742963911], [73.48638539804601, 32.208784122152096], [73.42929019595235, 32.20026961279641], [73.37910935647781, 32.132253496652375], [73.33837922251678, 32.16274347679136], [73.2807990192821, 32.17602414957824], [73.25045827820921, 32.26158417549592], [73.21047850140555, 32.25404248590095], [73.18820098446022, 32.22018478013134], [73.15903228223772, 32.24591152688411], [73.16965491312838, 32.290064956892934], [73.15799206735578, 32.300361570040735], [73.11257465420799, 32.27620799216087], [73.09528187682479, 32.28076754252868], [73.12300629428405, 32.33126335236057], [73.07003668455651, 32.40489540565135]]]}}, {"type": "Feature", "properties": {"na": "NA-85", "src": "commons-1993", "approx": false}, "geometry": {"type": "Polygon", "coordinates": [[[74.80644221398373, 32.903178807023636], [74.80155360098341, 32.86487617480805], [74.75763910768859, 32.791687711565615], [74.7931728374036, 32.72322478135678], [74.75402989704587, 32.693754556347166], [74.75496227421047, 32.650389529753916], [74.78972299983897, 32.61990823816751], [74.79031676062034, 32.59281535847627], [74.75034526235983, 32.601273043710975], [74.71699095526208, 32.56672266283598], [74.67759386210574, 32.54809453450213], [74.5926138454773, 32.53219933176741], [74.57984673602375, 32.59659215162742], [74.5568865565238, 32.606103277062076], [74.53438576830864, 32.593924161153424], [74.528472027353, 32.60443896626968], [74.55631133871783, 32.633221375904924], [74.49323004958276, 32.65669833267318], [74.47550314161958, 32.68826598644304], [74.49210532546485, 32.71096052426453], [74.57075131581735, 32.75899199350696], [74.56986254522552, 32.80240468214157], [74.5289014129568, 32.85981241725288], [74.53993531514301, 32.87675461807673], [74.59814616536816, 32.80948252797639], [74.65525648835906, 32.79652057002923], [74.7457258560778, 32.81813382267362], [74.76785707253144, 32.84659279263693], [74.75584098245496, 32.87846961998146], [74.80644221398373, 32.903178807023636]]]}}, {"type": "Feature", "properties": {"na": "NA-86", "src": "commons-1993", "approx": false}, "geometry": {"type": "Polygon", "coordinates": [[[74.46424739563375, 32.68218111944197], [74.4877728166417, 32.64551675180106], [74.54506139151987, 32.62713218225131], [74.51721996269563, 32.59835036138985], [74.52893327957072, 32.58274430938844], [74.56859842554995, 32.59050130859697], [74.57556567554182, 32.53119264052203], [74.60421463202061, 32.52202971458482], [74.58195711664696, 32.499002010517664], [74.60516509236288, 32.47866786021248], [74.57166130797457, 32.44954660078532], [74.53162933842579, 32.458034708472425], [74.49822731942015, 32.42349816639631], [74.4355438275841, 32.42524482745175], [74.40757149203732, 32.401891408537466], [74.41385582955803, 32.37511477089327], [74.3684493764493, 32.36703033527422], [74.35184996109714, 32.344344612873144], [74.30373163194034, 32.46102874217753], [74.29051985504768, 32.54719943674149], [74.32297679030273, 32.63057679575818], [74.36246069393101, 32.64914454944136], [74.40795603900726, 32.65176192393082], [74.46424739563375, 32.68218111944197]]]}}, {"type": "Feature", "properties": {"na": "NA-87", "src": "commons-1993", "approx": false}, "geometry": {"type": "Polygon", "coordinates": [[[74.36311480857016, 32.35043129196184], [74.41978470304434, 32.36460550407616], [74.41906940669548, 32.39713515482878], [74.44146939519455, 32.41473410958029], [74.50415295594063, 32.41299202663832], [74.54323788608235, 32.44786475546222], [74.5839922762355, 32.40686676824561], [74.6582423562737, 32.39502330132817], [74.68245204298178, 32.33139575676915], [74.73408987290829, 32.31282872336294], [74.7521436009843, 32.27055850034045], [74.79758982074894, 32.2733302269871], [74.80378100126141, 32.25203194511679], [74.74243944552913, 32.199510254484274], [74.72073752855167, 32.15483332441946], [74.70898203672158, 32.170373316191096], [74.68068756493662, 32.16323131948765], [74.64631783952905, 32.171985412201145], [74.576559886815, 32.23284061967373], [74.48529493514403, 32.23823796243038], [74.42692127993055, 32.29989346598018], [74.42655769138553, 32.31615344017748], [74.40912398754698, 32.33141128369805], [74.38066822601603, 32.32974273351843], [74.36311480857016, 32.35043129196184]]]}}, {"type": "Feature", "properties": {"na": "NA-88", "src": "commons-1993", "approx": false}, "geometry": {"type": "Polygon", "coordinates": [[[74.75625905359774, 32.590774288583674], [74.7962310807976, 32.58231997045452], [74.84839256215605, 32.53664803927884], [74.83801700190192, 32.49263529361118], [74.85047662560478, 32.444592614218145], [74.82321056792259, 32.39414054998525], [74.83594728200873, 32.33529138016882], [74.77474101551816, 32.27735522770528], [74.75176367670397, 32.28679675166095], [74.7337139977146, 32.32907063957404], [74.69369266097776, 32.33749612153372], [74.68109351362017, 32.39097010793684], [74.66368029341653, 32.40619791410946], [74.58943498801696, 32.41804239450455], [74.57190086935805, 32.43870705794957], [74.61665004040063, 32.47392316954234], [74.61617252938908, 32.49560188137994], [74.59320467901188, 32.50509512440294], [74.62114226177692, 32.52845997547588], [74.6835111938911, 32.53759375695634], [74.72290703733263, 32.55622358860683], [74.75625905359774, 32.590774288583674]]]}}, {"type": "Feature", "properties": {"na": "NA-89", "src": "commons-1993", "approx": false}, "geometry": {"type": "Polygon", "coordinates": [[[74.80301507962965, 32.284500864931104], [74.84742970025167, 32.33057402062935], [74.8346903650532, 32.389418667802474], [74.86195247420993, 32.43986997611306], [74.84887925748629, 32.51498503562549], [74.85382467639724, 32.547823630483975], [74.98947303482926, 32.57777057958525], [75.01831344331833, 32.55785549612341], [75.0636641204278, 32.560647643989604], [75.09829330187493, 32.53569325080095], [75.12096182353963, 32.5370995354517], [75.17661707229901, 32.58390487240463], [75.23363081743072, 32.571213468038664], [75.28599331420395, 32.514933793483], [75.33681742932696, 32.52356285921128], [75.36615625003395, 32.48212153805063], [75.35706854536892, 32.38954131809997], [75.32902153649657, 32.37692723133438], [75.23155155553532, 32.41945433091334], [75.14088640732889, 32.413754167738475], [75.0675726276901, 32.39292805333224], [75.03431656267769, 32.35835919263739], [75.04721606449803, 32.294172881116936], [75.00841838969357, 32.25384465734197], [74.9855898045163, 32.257837577877474], [74.96791480270875, 32.28381947146289], [74.91670470593257, 32.286066369566186], [74.89335681364444, 32.311716760875456], [74.87090394317346, 32.29949913277751], [74.85476721758785, 32.2605785892917], [74.81501291847366, 32.25813874629844], [74.80301507962965, 32.284500864931104]]]}}, {"type": "Feature", "properties": {"na": "NA-90", "src": "commons-1993", "approx": false, "confidence": "low"}, "geometry": {"type": "Polygon", "coordinates": [[[75.38814486957887, 32.510585301402365], [75.49170143399922, 32.44688228106632], [75.49250231313397, 32.414478701181714], [75.52146101113956, 32.38931223006183], [75.53843138936392, 32.39041430031294], [75.5337240870514, 32.352256950649874], [75.48334506665299, 32.327354196997895], [75.48402691819513, 32.300362125182154], [75.40116631130705, 32.21388155230518], [75.37769029925893, 32.244808849685676], [75.36069941883521, 32.24371311550667], [75.32794221928202, 32.19292894330708], [75.27680852740009, 32.19505115899653], [75.2545479124135, 32.17739738392583], [75.2262059098866, 32.17558436429266], [75.2313307725855, 32.19755082592955], [75.21378415292219, 32.21807312287225], [75.17976950096693, 32.2159102718375], [75.1278027021583, 32.25050582431994], [75.13795274541289, 32.299864341043694], [75.11448686666655, 32.33087363257216], [75.0974763510701, 32.32980719950594], [75.07544520645368, 32.301353380593135], [75.04630588589528, 32.332024657505954], [75.04578889137046, 32.35365670093934], [75.07349992551848, 32.38246450081024], [75.14681229899475, 32.40329463418166], [75.2261463540521, 32.408285340185756], [75.27212050892172, 32.38412951842325], [75.29477711430319, 32.385568987933326], [75.31796031843567, 32.365398753080775], [75.362995936315, 32.37909877962183], [75.37852475433978, 32.43961437031967], [75.36550644028547, 32.50914409368399], [75.38814486957887, 32.510585301402365]]]}}, {"type": "Feature", "properties": {"na": "NA-91", "src": "commons-1993", "approx": false, "confidence": "low"}, "geometry": {"type": "Polygon", "coordinates": [[[74.8320165871803, 32.026272751272], [74.76528925775173, 31.962574812054047], [74.66440166830876, 31.896780192684453], [74.67686748341778, 31.854231852571385], [74.64828116929691, 31.85788225778629], [74.62091641316083, 31.812879086473288], [74.59801121498431, 31.816884169425926], [74.59272800600705, 31.800314712488245], [74.60438729777047, 31.79020312748908], [74.58771976565954, 31.77293370144729], [74.55383021652862, 31.76002100173907], [74.51911391344603, 31.77955488670162], [74.50298201118866, 31.7406591486435], [74.4626947221655, 31.754447547691846], [74.45062234087226, 31.780796898221467], [74.41006557626818, 31.805427780563736], [74.4321876945925, 31.83385698837314], [74.42012820938953, 31.86022240323154], [74.36222884329132, 31.89468243966002], [74.33399653180933, 31.882151651653306], [74.28761760898736, 31.911919361460782], [74.28735910799932, 31.92274928644941], [74.32673827986012, 31.946780163667725], [74.48027600710162, 31.966820928264724], [74.5525806536522, 32.04164659346218], [74.64877273724281, 32.069163073024065], [74.72138619529586, 32.12778024999386], [74.78575056125689, 32.05589748197347], [74.8320165871803, 32.026272751272]]]}}, {"type": "Feature", "properties": {"na": "NA-92", "src": "commons-1993-inset", "approx": false}, "geometry": {"type": "Polygon", "coordinates": [[[74.3224565976367, 31.694386286083684], [74.30588835373081, 31.684653615128756], [74.30588883708471, 31.67909615230355], [74.32453051314354, 31.662431763715116], [74.3618119318456, 31.651332837839064], [74.37216857966291, 31.640222356570423], [74.38252426077243, 31.64022680095219], [74.3908084431446, 31.644398453576503], [74.39080965152937, 31.630504796513492], [74.35767340539454, 31.608260723191027], [74.33696192233703, 31.609641200133797], [74.33074911786369, 31.602691704973232], [74.30796710277666, 31.597124464508145], [74.2934703576081, 31.583224585310663], [74.30175550668808, 31.57628131228457], [74.28518714194371, 31.56793800703594], [74.27690259705611, 31.567934451530526], [74.26033435315021, 31.558201780575597], [74.25204968742412, 31.559587590776484], [74.22719774449995, 31.540125804372035], [74.18991729250568, 31.54010980459768], [74.25411816519956, 31.59015452519146], [74.247904031503, 31.598488052800207], [74.23547721417158, 31.598482719542087], [74.20855111406361, 31.613754186918808], [74.20440811658895, 31.62208860340391], [74.21269241979962, 31.624870890321922], [74.23133312915064, 31.6193214273839], [74.25411526507615, 31.623499302142683], [74.25411478172225, 31.62905676496789], [74.2334030569878, 31.63321597332326], [74.24997166340911, 31.63878054715929], [74.24789943964093, 31.651283949639645], [74.25411321082207, 31.6471185191498], [74.2603264986493, 31.64851055148516], [74.2768937758474, 31.6693581480905], [74.27689341333196, 31.673526245209402], [74.2706797629893, 31.676302309992945], [74.28724861108758, 31.679088152416373], [74.31003002198223, 31.691602221412964], [74.3224565976367, 31.694386286083684]]]}}, {"type": "Feature", "properties": {"na": "NA-93", "src": "commons-1993-inset", "approx": false}, "geometry": {"type": "Polygon", "coordinates": [[[74.42187886995048, 31.60550954694537], [74.42602271329446, 31.587449570516164], [74.39495675751219, 31.574931946014157], [74.39288682967505, 31.561037400074795], [74.39702934379581, 31.5582604464149], [74.39081629764551, 31.554089682666937], [74.38253163191943, 31.555475492867828], [74.37010553961886, 31.547133965371902], [74.36182208227754, 31.53462611850978], [74.3535371748745, 31.538790660123272], [74.35146555529869, 31.54434723407212], [74.31418377408122, 31.55961425706708], [74.31625406443378, 31.569340705887537], [74.29761275089038, 31.58183699735707], [74.31625164766427, 31.597128020013557], [74.33282049576255, 31.599913862436985], [74.33903330023588, 31.606863357597547], [74.35560263168806, 31.60409173719577], [74.37217087559395, 31.613824408150702], [74.39495349487336, 31.612444820084285], [74.40530990101372, 31.604113070228244], [74.42187886995048, 31.60550954694537]]]}}, {"type": "Feature", "properties": {"na": "NA-94", "src": "commons-1993-inset", "approx": false}, "geometry": {"type": "Polygon", "coordinates": [[[74.39909105461662, 31.66663186038273], [74.41358840397756, 31.673584911048707], [74.41772958887509, 31.68609098015812], [74.43015580201413, 31.693043141947747], [74.43636921067984, 31.693045808576805], [74.45086801010248, 31.68332647076717], [74.45086837261792, 31.679158373648267], [74.4612246579198, 31.672215989498525], [74.48814991215845, 31.666670082065913], [74.49643409453063, 31.670841734690228], [74.5067900173171, 31.668067447659393], [74.5109332564687, 31.65695429976169], [74.50264931577347, 31.650003915724774], [74.50264979912737, 31.64444645289957], [74.50886332863156, 31.643059753822328], [74.51922009728736, 31.630559906847385], [74.52129220021706, 31.619445870073328], [74.55236141863816, 31.594450620505206], [74.58964271650174, 31.584741060335453], [74.60414139508592, 31.57641108823212], [74.5896439248865, 31.570847403272445], [74.59171578613926, 31.562512097910993], [74.60000081438076, 31.5569581905912], [74.61242787338914, 31.55418479243672], [74.616569904156, 31.556965301602027], [74.63106785770931, 31.556971523736497], [74.64349552091007, 31.547251297050508], [74.67249118633976, 31.550042472732052], [74.67663370046051, 31.54726551907216], [74.72219869734238, 31.547285074351926], [74.54201214196785, 31.520809793689487], [74.53165694421223, 31.51524788648252], [74.52337239932463, 31.515244330977108], [74.52130090058729, 31.519411539219657], [74.47159363126163, 31.519390206187182], [74.46952297839363, 31.513831854485627], [74.43845593506508, 31.51381852134033], [74.41360072950206, 31.531869609006005], [74.39496038266645, 31.53325097482513], [74.3846049432339, 31.53046779903076], [74.37839105121428, 31.536022595226907], [74.36596447555982, 31.533238530556186], [74.37424793290116, 31.545746377418308], [74.38460300981829, 31.552697650331577], [74.39288767554437, 31.551311840130687], [74.40117173707809, 31.556872858461304], [74.39702898128037, 31.5624285435338], [74.39909915079447, 31.573544358060563], [74.43016510657674, 31.58606198256257], [74.42809227861618, 31.60551221357443], [74.42394976449542, 31.608289167234325], [74.40738079555868, 31.6068926905172], [74.3970243894183, 31.61522444037324], [74.37838404258271, 31.616605806192364], [74.39495204481165, 31.629117208559897], [74.39287933768956, 31.647178073865458], [74.39909105461662, 31.66663186038273]]]}}, {"type": "Feature", "properties": {"na": "NA-95", "src": "commons-1993-inset", "approx": false}, "geometry": {"type": "Polygon", "coordinates": [[[74.72221041867449, 31.41251660084073], [74.72013964496801, 31.40834761484547], [74.70564132889928, 31.412509489829905], [74.69735690485014, 31.41111656861819], [74.70357164273908, 31.39583621247794], [74.6890744142166, 31.387493796105662], [74.69321765336822, 31.37638064820796], [74.66629421170671, 31.36108607004606], [74.63936847411416, 31.372189440303877], [74.60208802211991, 31.372173440529522], [74.5689516551466, 31.351318732913356], [74.55652495865365, 31.349924033948938], [74.53374342692052, 31.338799330658645], [74.51096104931807, 31.33740018731246], [74.49439147618895, 31.34295053912684], [74.47782238641372, 31.342943428116016], [74.45918336880135, 31.329041771165826], [74.45090051565239, 31.3095870957722], [74.42604748518194, 31.302629600724458], [74.40947972462995, 31.287339466944324], [74.41569494587279, 31.26650164797887], [74.40119759651184, 31.259548597312893], [74.40534071482497, 31.249824815121492], [74.39291438084746, 31.244262019038167], [74.37634456604138, 31.25259110226515], [74.33906399320865, 31.253964468197097], [74.33699176944047, 31.266467870677452], [74.34734708803455, 31.27064041217812], [74.34941749922561, 31.278977495292278], [74.35977342201207, 31.276203208261443], [74.36184407488008, 31.281761559962998], [74.35148778957819, 31.28870394411274], [74.31006409843232, 31.299801092236084], [74.32249019073289, 31.30814261973201], [74.34112993337611, 31.313708082444393], [74.34734249617249, 31.32343630901756], [74.3659823596542, 31.32761240602364], [74.36598090959248, 31.344284794499252], [74.38254939517533, 31.35123873404158], [74.3763351406403, 31.360961627356627], [74.39083273167819, 31.365135946610003], [74.3929022969999, 31.383198589668268], [74.40325737391704, 31.390149862581538], [74.40325628637076, 31.402654153938247], [74.38461533534279, 31.410982348288876], [74.37840120164623, 31.419315875897624], [74.42396329840469, 31.452680208128616], [74.43431982538353, 31.442959092566273], [74.44053311321076, 31.444351124901633], [74.440531904826, 31.45824478196464], [74.43431813364487, 31.462410212454486], [74.43431740861402, 31.470746406692292], [74.45295678874182, 31.48047996652358], [74.47366790928389, 31.48326758669971], [74.47159580635419, 31.494381623473764], [74.41567488668585, 31.497136355224832], [74.4343140251367, 31.50964864646872], [74.47159435629248, 31.511054011949376], [74.47366500916048, 31.516612363650935], [74.51923000604235, 31.516631918930702], [74.52130150477967, 31.512464710688153], [74.53994148909985, 31.51525144198793], [74.54615538111946, 31.509696645791788], [74.56272483341012, 31.50553565968371], [74.58550733185105, 31.50554543732359], [74.58550757352799, 31.50276670591099], [74.5585830443202, 31.4999764191058], [74.5482278465646, 31.494414511898828], [74.55444330948438, 31.47079796152077], [74.56065708066552, 31.46663253103093], [74.59793777433673, 31.463869799392683], [74.60622340677061, 31.451369063541385], [74.61450795165823, 31.451372619046797], [74.6186498615866, 31.455542493918404], [74.64557475330982, 31.454164683604695], [74.66214529314675, 31.437499406139906], [74.67871462459892, 31.43472778573813], [74.69942719520272, 31.420843017438653], [74.71392539043298, 31.418070508160522], [74.72221041867449, 31.41251660084073]]]}}, {"type": "Feature", "properties": {"na": "NA-96", "src": "commons-1993", "approx": false}, "geometry": {"type": "Polygon", "coordinates": [[[74.66617138004801, 31.82650059764084], [74.70668905506007, 31.801945655271833], [74.70141470024346, 31.785380161072926], [74.71890072417084, 31.77023194576444], [74.7255690343138, 31.73276777030012], [74.73722976358853, 31.722675096385704], [74.75984631246484, 31.72950194641931], [74.80108606656634, 31.678000030099223], [74.75685856725795, 31.626534573963813], [74.79099862223023, 31.628688472701786], [74.83752428129571, 31.59378657097173], [74.82687537040748, 31.566078039143775], [74.84408897923637, 31.561767716845075], [74.83869303919357, 31.55061255564349], [74.80966078942564, 31.570390633782562], [74.77639328488446, 31.535840784324968], [74.77143402779795, 31.508494447652968], [74.72108011286427, 31.472865296544114], [74.72166907580004, 31.451277586762085], [74.69859720640713, 31.460630180391504], [74.68764865824994, 31.443718415276123], [74.6756707562173, 31.464589675211926], [74.65288842274306, 31.463154423376917], [74.62484482343737, 31.44516792495693], [74.6141828820462, 31.417459799315385], [74.58028652484148, 31.4045161662839], [74.5791175944565, 31.44770899889724], [74.54975528056069, 31.478331061787745], [74.56057561123404, 31.500644550876686], [74.51897395474856, 31.562993320975725], [74.59802317802546, 31.594953197507934], [74.58564180492476, 31.63206422024991], [74.54520879674095, 31.65121281284021], [74.59604859491778, 31.670593941051504], [74.60118375951281, 31.692561956240546], [74.54367934891724, 31.710667326712134], [74.51423740779643, 31.746763329757297], [74.52508185585963, 31.769088731061185], [74.54840995619305, 31.748858699185693], [74.57688233527915, 31.750609436714], [74.61590960009741, 31.785499076775423], [74.60397665796832, 31.806421420418765], [74.6268821075772, 31.80241821398962], [74.66617138004801, 31.82650059764084]]]}}, {"type": "Feature", "properties": {"na": "NA-97", "src": "commons-1993-inset", "approx": false}, "geometry": {"type": "Polygon", "coordinates": [[[74.37218767214205, 31.420702574974865], [74.38047318373746, 31.40959120482987], [74.39911413476544, 31.40126301047924], [74.39911498063476, 31.391537450535132], [74.38875990371763, 31.384586177621863], [74.38669033839591, 31.366523534563598], [74.37219274735801, 31.36234921531022], [74.3721933515504, 31.355402386778717], [74.37840700189305, 31.352626321995174], [74.3618385163102, 31.345672382452847], [74.36183996637192, 31.328999993977234], [74.34527111827364, 31.326214151553806], [74.33905807212335, 31.322043387805845], [74.33905855547725, 31.31648592498064], [74.32041881283403, 31.310920462268257], [74.30592170515004, 31.301188680189682], [74.30799320388736, 31.29702147194713], [74.34941689503323, 31.285924323823785], [74.35770204411322, 31.278981050797693], [74.34527510594333, 31.280365083245872], [74.34320469475227, 31.272028000131716], [74.33284949699666, 31.266466092924745], [74.33492172076485, 31.25396269044439], [74.32663753839266, 31.249791037820074], [74.31006844861744, 31.24978392680925], [74.28935563633671, 31.26644742652133], [74.27485792446033, 31.263662472974257], [74.26450308922014, 31.253932468648387], [74.262433161383, 31.24003792270902], [74.24172240335635, 31.233082205413986], [74.22722372477217, 31.24141217751732], [74.23550754462893, 31.24975192726054], [74.23136430547733, 31.26086507515824], [74.24586117148436, 31.273375588649422], [74.26035864168378, 31.278939273609097], [74.26035646659122, 31.303947856322516], [74.22100475753659, 31.305320333378106], [74.17543831059302, 31.32197316657395], [74.12573092042888, 31.32334119924778], [74.12572814114394, 31.3552966104927], [74.14850991455401, 31.36364258237039], [74.18164809410446, 31.36365680439204], [74.19200341269855, 31.36782934589271], [74.25413387420137, 31.40953698337233], [74.26241757321966, 31.41926609882185], [74.29555563193163, 31.4206696865498], [74.29348534157906, 31.41094323772934], [74.305912038072, 31.41233793669376], [74.33076663944264, 31.40123367755959], [74.33697944391596, 31.408183172720154], [74.35147763914624, 31.405410663442023], [74.37218767214205, 31.420702574974865]]]}}, {"type": "Feature", "properties": {"na": "NA-98", "src": "commons-1993-inset", "approx": false}, "geometry": {"type": "Polygon", "coordinates": [[[74.1567798379861, 31.531759388338223], [74.19820352913196, 31.520662240214875], [74.20648904072738, 31.50955087006988], [74.21477334393803, 31.512333156987896], [74.23134315874411, 31.504004073760914], [74.22512999175535, 31.501222675719255], [74.22513035427077, 31.49705457860035], [74.22927286839153, 31.494277624940455], [74.25412614053894, 31.498456388575594], [74.26241116878046, 31.492902481255804], [74.27690912233378, 31.492908703390274], [74.28519318386749, 31.49846972172089], [74.28105175729301, 31.48874238402408], [74.29140755924101, 31.487357462699542], [74.28726552847415, 31.484576953534233], [74.28933714804995, 31.479020379585382], [74.31626203977316, 31.477642569271673], [74.33076083919582, 31.467923231462038], [74.3390455049219, 31.466537421261148], [74.3369753354078, 31.455421606734387], [74.32869163638952, 31.445692491284866], [74.29555539025468, 31.4234484179624], [74.2603461953208, 31.422043941358098], [74.24999148091909, 31.410924571325925], [74.17957671620562, 31.36643464692829], [74.15679421776468, 31.366424869288405], [74.18993034306104, 31.390058308317172], [74.18992961803019, 31.39839450255498], [74.18164458978868, 31.40394840987477], [74.1795728493744, 31.410894349529922], [74.1609325025388, 31.412275715349043], [74.15264747429728, 31.417829622668837], [74.12365096299825, 31.424764006931397], [74.10915143854476, 31.44281953897884], [74.0967248628903, 31.440035474308118], [74.09879563659676, 31.444204460303375], [74.09465312247602, 31.44698141396327], [74.07394188109545, 31.445583159493438], [74.06979924613623, 31.449749478859637], [74.09050927913202, 31.46504139039248], [74.0905084332627, 31.474766950336583], [74.08222352585966, 31.478931491950075], [74.08015154376842, 31.48865616301783], [74.10707655633011, 31.485888986997818], [74.11536049702535, 31.492839371034734], [74.11121713703527, 31.505341884638735], [74.1257144863962, 31.512294935304713], [74.12157160976003, 31.519239986083512], [74.1567798379861, 31.531759388338223]]]}}, {"type": "Feature", "properties": {"na": "NA-99", "src": "commons-1993", "approx": false}, "geometry": {"type": "Polygon", "coordinates": [[[74.1282724143326, 31.425473358499826], [74.1451278542634, 31.437319921586212], [74.17953208322291, 31.433976405192286], [74.20710106649507, 31.47355245749218], [74.17827651828713, 31.48264781808038], [74.24009728441294, 31.52429113986419], [74.22937705645282, 31.49656230939698], [74.25234684848282, 31.492536091656596], [74.28004331009073, 31.52670809429684], [74.31413646233538, 31.53419293725187], [74.3249883909854, 31.556513625503325], [74.31274853454629, 31.588265572406208], [74.3464172388005, 31.61197211807522], [74.37548353258809, 31.592077984172672], [74.35322874792274, 31.56906198169059], [74.35392633417479, 31.542030330734217], [74.40553292511873, 31.534357554320007], [74.40081929486703, 31.49617616573134], [74.45171152981756, 31.515544255031468], [74.47479929641958, 31.506144912429622], [74.48534647527836, 31.53926751168642], [74.5077183812068, 31.556885497665053], [74.54932290326057, 31.494533867937403], [74.53850171519555, 31.472220400111098], [74.56786608930747, 31.441596570089], [74.56318903766359, 31.403444718788066], [74.58058016995314, 31.393719074914824], [74.56392311141316, 31.37645118693958], [74.52387378848145, 31.379352412454086], [74.51846594452061, 31.36819772517897], [74.46729392478065, 31.359598415154238], [74.42122924603488, 31.37296849957428], [74.35948870076234, 31.33127927336362], [74.34865754109671, 31.308968674032396], [74.331390030037, 31.313314713327657], [74.31470298031867, 31.29605452884154], [74.29699687702035, 31.316610877509195], [74.31939461336945, 31.334221291571833], [74.30740193825, 31.35513207564396], [74.255454041785, 31.373606328574947], [74.23376161983997, 31.32897801281195], [74.23846925336207, 31.36715786331598], [74.21534541831028, 31.37657927294937], [74.18150792573213, 31.35828329870399], [74.14053698967795, 31.39371360742901], [74.1282724143326, 31.425473358499826]]]}}, {"type": "Feature", "properties": {"na": "NA-100", "src": "commons-1993", "approx": false}, "geometry": {"type": "Polygon", "coordinates": [[[73.78420410282376, 31.220803713726287], [73.79020925544059, 31.210318611748413], [73.76730842547762, 31.208971463662774], [73.74524576126856, 31.175158656127337], [73.76355593352923, 31.13288649806134], [73.76483900462144, 31.084202530502633], [73.81122902785738, 31.06528737911569], [73.81796968624144, 31.027779004375063], [73.84160524392917, 31.002116892928516], [73.8699415057429, 31.01464297300525], [73.86010887924206, 30.954502734037835], [73.8777325421881, 30.93932475216763], [73.87245232661836, 30.92276910469896], [73.82663421495728, 30.920012839043736], [73.81458643692811, 30.940944297201703], [73.76273379661566, 30.94867529733721], [73.74598473062649, 30.931433024437787], [73.69426026326798, 30.933776203393546], [73.63192994494986, 30.903010112729156], [73.5853281637561, 30.927354298220052], [73.50502255176768, 30.922660977331248], [73.40889419055394, 30.86288452884924], [73.35664682783526, 30.881551600398222], [73.34473529779947, 30.897131393587713], [73.34934537690052, 30.94077247112007], [73.43417737864914, 30.994445348685822], [73.42060656295318, 31.07500627808746], [73.44846168785625, 31.10914355628969], [73.48232366458309, 31.132780186869148], [73.65988516992202, 31.14848096420795], [73.69886794479419, 31.19412108978104], [73.72806493876975, 31.174150086486517], [73.74957290606883, 31.22961020931729], [73.78420410282376, 31.220803713726287]]]}}, {"type": "Feature", "properties": {"na": "NA-101", "src": "commons-1993", "approx": false, "confidence": "low"}, "geometry": {"type": "Polygon", "coordinates": [[[74.11133643609978, 31.879831053952906], [74.15153016096696, 31.871338293740685], [74.15762120995456, 31.855424032164862], [74.21453176026212, 31.86420509834559], [74.27608758029972, 31.916657624905504], [74.31702849062154, 31.875717050876545], [74.3399578382635, 31.871666157973813], [74.35679240599735, 31.88351535544091], [74.42065985840402, 31.838578872131812], [74.39826828051093, 31.8209710872574], [74.39880271292472, 31.799328932738685], [74.43949755960885, 31.7692870053969], [74.40611895020173, 31.734758767310232], [74.40666271562505, 31.713124197814476], [74.38942724608856, 31.71749545848458], [74.37829855467625, 31.705986886014784], [74.40178248914106, 31.680329022915462], [74.35727119933301, 31.634295377144824], [74.32087953960063, 31.718771871849174], [74.26982295014707, 31.704865977872434], [74.25721199182317, 31.752888032453896], [74.15465440434708, 31.741367104302626], [74.11391842024295, 31.771497479016734], [74.07799214754387, 31.839904508492133], [74.11184831287912, 31.858160765256056], [74.11133643609978, 31.879831053952906]]]}}, {"type": "Feature", "properties": {"na": "NA-102", "src": "commons-1993", "approx": false, "confidence": "low"}, "geometry": {"type": "Polygon", "coordinates": [[[74.44546622279798, 31.758815779334295], [74.47463465971872, 31.733511231101723], [74.50895252194186, 31.730194164483272], [74.56715488708139, 31.68504571093304], [74.58993457998082, 31.686453223596036], [74.53367605562347, 31.65591469986769], [74.53409528091849, 31.639701186254143], [74.57439131328559, 31.62595498388216], [74.5864897186229, 31.599647456131716], [74.54105804645894, 31.59141916048335], [74.53008704045169, 31.574504537360163], [74.50173646099266, 31.56734021951766], [74.47380498986335, 31.543967669588756], [74.46881401818032, 31.516598955110737], [74.44572685874148, 31.526000506993864], [74.40623875042303, 31.507334735150447], [74.41679604345534, 31.540461651193493], [74.36519320669497, 31.54813218945708], [74.38674868512103, 31.59817977829737], [74.35754656649773, 31.623479920246645], [74.40789445104264, 31.664452949636928], [74.41304546697123, 31.68643022745614], [74.38983547049295, 31.701269384342574], [74.4181979845724, 31.708408584062273], [74.41765306832099, 31.73004183163687], [74.44546622279798, 31.758815779334295]]]}}, {"type": "Feature", "properties": {"na": "NA-103", "src": "commons-1993", "approx": false}, "geometry": {"type": "Polygon", "coordinates": [[[73.87687627826624, 31.882550848874857], [73.92232334597543, 31.896013290276578], [74.02014660470984, 31.86909128694285], [74.05984942918337, 31.88225196927723], [74.10005191025029, 31.873745720892405], [74.100307555729, 31.862910138940254], [74.06644889627789, 31.844655552815798], [74.0670904038175, 31.8175669454563], [74.10847213309015, 31.7603304007748], [74.14921160574539, 31.73020107143231], [74.25177472568664, 31.74172281554907], [74.25271099199325, 31.703840469531972], [74.26438820545978, 31.693701889895483], [74.31544724723288, 31.707608020921082], [74.3461415995406, 31.62278756586342], [74.30120205893469, 31.592982675993436], [74.31371860085747, 31.550413555174703], [74.27405927969934, 31.53717725553314], [74.24636055333343, 31.503005186053336], [74.24552713649263, 31.535451953519136], [74.21155923302575, 31.52256975802776], [74.16671833997006, 31.48736962134379], [74.17869376866854, 31.466423008678518], [74.1958224194652, 31.4674556098775], [74.16783153102841, 31.44410305266503], [74.1448490123084, 31.44813654553595], [74.1434632776259, 31.502226365990172], [74.1203457047005, 31.5116791583604], [74.11966101136224, 31.538731561331353], [74.09600238118877, 31.56983910629682], [74.05561867276889, 31.583705651557548], [73.98706527514415, 31.579662603149224], [73.92938800445349, 31.597974175428917], [73.89313088467046, 31.677234068271908], [73.93845641779637, 31.69614107403686], [73.94365100945485, 31.71814424035794], [73.90834164703998, 31.759508257556227], [73.84510134843919, 31.772150703881117], [73.84446988276284, 31.799257294069495], [73.87291590798375, 31.806317047755737], [73.88396515969845, 31.823236789847844], [73.87687627826624, 31.882550848874857]]]}}, {"type": "Feature", "properties": {"na": "NA-104", "src": "commons-1993", "approx": false}, "geometry": {"type": "Polygon", "coordinates": [[[73.93772311135628, 31.97291126564442], [73.91586763491263, 31.928220033574476], [73.94516685845582, 31.897325794643983], [73.92778549110108, 31.907185098521932], [73.87650413209889, 31.89881919944137], [73.86011001063252, 31.865303250439556], [73.87241237842176, 31.828002588813174], [73.83291404783084, 31.80402487687407], [73.83379707458934, 31.766074118997295], [73.90288387640616, 31.74833931947149], [73.93235378925672, 31.712062654187008], [73.88157060713664, 31.681990500589382], [73.90573592486203, 31.629139843966755], [73.86624703662255, 31.605146663727297], [73.83726786940065, 31.619743884727065], [73.79165112770134, 31.6116855821669], [73.78099431108927, 31.578514528965535], [73.79854661222332, 31.56325048564274], [73.79322142118886, 31.546666892894493], [73.7364065768791, 31.527113081072127], [73.68049243560145, 31.469639656492507], [73.64535576781724, 31.500185842200775], [73.60632345185016, 31.45454080039321], [73.58354618024228, 31.44781507413416], [73.50790666409493, 31.492383748799938], [73.54150396693838, 31.52685677239035], [73.54099059882745, 31.54854668980992], [73.51133467070478, 31.59032339860358], [73.48244227351076, 31.59956869413652], [73.504474268094, 31.638824998579167], [73.43536379070362, 31.65127571386431], [73.40610069904946, 31.67682749235967], [73.4054882447032, 31.703968942809034], [73.35319284535191, 31.733712268274875], [73.3528315874394, 31.75000344272241], [73.46606751479825, 31.816023213496436], [73.58663599071653, 31.806404472046268], [73.61463514236588, 31.83513682114777], [73.62534827455838, 31.86833900605593], [73.74507030343968, 31.891357466064047], [73.86870794499235, 31.990701102740964], [73.89738487673115, 31.98690042755486], [73.92071595078876, 31.96650826110466], [73.93772311135628, 31.97291126564442]]]}}, {"type": "Feature", "properties": {"na": "NA-105", "src": "commons-1993", "approx": false}, "geometry": {"type": "Polygon", "coordinates": [[[74.09640935217648, 31.553604006456137], [74.10906082498302, 31.505586540906144], [74.13830516565729, 31.480246562587013], [74.13356574329538, 31.44204174308766], [74.11670891245315, 31.430195850080864], [74.12925325033757, 31.387617958624542], [74.10054898156616, 31.391308288869894], [74.06139262495863, 31.35645948306294], [73.99893867128851, 31.336473951742143], [73.95516409737073, 31.258021880807128], [73.92586154834719, 31.283364377833202], [73.81771047038751, 31.255292295367646], [73.80137799195379, 31.22181467193164], [73.77792070814054, 31.242113119099063], [73.74356899385295, 31.240099343916285], [73.72205736494718, 31.184637437273388], [73.69286166352182, 31.20461170130618], [73.65387586028075, 31.158971615260796], [73.47631319089776, 31.143282469348424], [73.4368508930233, 31.113902434982897], [73.40366983153355, 31.06318970404409], [73.4132176358332, 31.139674535729437], [73.47467263887256, 31.20828083883944], [73.59477684256458, 31.226027332211096], [73.75240418958569, 31.343621421479053], [73.73987063610387, 31.386274690132456], [73.74358312861996, 31.46784901102126], [73.72548851864836, 31.504781522474985], [73.80479295301059, 31.541911293223023], [73.79763058947513, 31.601177679452945], [73.83181118383779, 31.608577123930413], [73.84935758661891, 31.593317231010623], [73.87222687088796, 31.594644443767447], [73.90599859203135, 31.618306208293994], [73.91224147594988, 31.596973500965063], [73.98161876668452, 31.56849821117566], [74.05017599213625, 31.572541879531585], [74.09640935217648, 31.553604006456137]]]}}, {"type": "Feature", "properties": {"na": "NA-106", "src": "commons-1993", "approx": false, "confidence": "low"}, "geometry": {"type": "Polygon", "coordinates": [[[73.96759709007368, 31.220849682624927], [73.97189698310703, 31.275271132194476], [73.99992254903896, 31.298612664551563], [73.9993594856723, 31.320247015732768], [74.03881252998832, 31.344273539195143], [74.06738867384101, 31.345985971543715], [74.10654271354129, 31.38083548239395], [74.14081851020825, 31.38289899824592], [74.17608094263633, 31.34712551169087], [74.20463674901559, 31.348858547791643], [74.22134005171631, 31.36611551633307], [74.21663036282135, 31.32793386982818], [74.22833876326646, 31.317821374495047], [74.24532543921063, 31.324271004437826], [74.25031706765715, 31.35164009681016], [74.26715762032859, 31.363494167539034], [74.30783461552781, 31.338922862585495], [74.28572434819135, 31.310507443018487], [74.30928605447069, 31.284899411488276], [74.33738876645134, 31.302863001391064], [74.35465655501798, 31.298518452677865], [74.36548623961107, 31.3208284928608], [74.42722400794706, 31.362519635122673], [74.45047680217125, 31.347734138298637], [74.52446097462591, 31.357756087247175], [74.52986808105051, 31.368910494948143], [74.55851770962673, 31.365296975256488], [74.5594045150791, 31.33290910616187], [74.5370453830133, 31.315284089464697], [74.52653392382565, 31.2821830205046], [74.48676263206902, 31.274282163913234], [74.4480236601916, 31.2286005944255], [74.38555204070717, 31.213888301503232], [74.37488190985181, 31.186184612274396], [74.3349211938067, 31.183701096570314], [74.26217181791698, 31.125109670825406], [74.23375738945077, 31.117946115431597], [74.20623362496987, 31.078385346583016], [74.18322466766291, 31.082377598471705], [74.18804635950312, 31.11513228095865], [74.17030997851968, 31.135685429813947], [74.11916419756255, 31.121736121346622], [74.07885119797554, 31.13010487602276], [74.07254889919028, 31.15137231719512], [74.0492416523762, 31.16619987256115], [74.03664986720544, 31.20875141714546], [73.996765444001, 31.200936537066084], [73.96759709007368, 31.220849682624927]]]}}, {"type": "Feature", "properties": {"na": "NA-107", "src": "commons-1993", "approx": false, "confidence": "low"}, "geometry": {"type": "Polygon", "coordinates": [[[74.70458606616228, 31.450195901218592], [74.71101922479025, 31.42357307745458], [74.75117599422042, 31.41531337532594], [74.72944326044339, 31.376097101746602], [74.71461389817573, 31.294092492879745], [74.7222923960327, 31.22434919158334], [74.76894672127145, 31.189540463706848], [74.81420206244896, 31.203263962631475], [74.86576158006099, 31.19580944942964], [74.88409727297983, 31.153818104759065], [74.85578440546811, 31.146574512352547], [74.83964522663854, 31.11313588131382], [74.82255799149029, 31.112023663836382], [74.76402636209603, 31.16222172287611], [74.74123699438255, 31.16075216781319], [74.72110035123535, 31.067656256171585], [74.69322937272739, 31.04425984721473], [74.65870755415256, 31.0528354940208], [74.59215735376162, 30.98376061774308], [74.58027575620397, 30.999200084023457], [74.52876970305171, 31.00131095791799], [74.51118257526421, 31.01639701589139], [74.52150790722843, 31.054870028107224], [74.46953437048342, 31.07319135740471], [74.45119016151764, 31.115270979481586], [74.41108628369449, 31.11815783013892], [74.38764879823674, 31.138316031883562], [74.35339538956588, 31.13617888939346], [74.3298079744358, 31.161750524099386], [74.34092846776073, 31.1732573708205], [74.3808890012835, 31.175743588114564], [74.3915573013355, 31.203446385437335], [74.46528841989102, 31.22427424950339], [74.50402139375237, 31.2699565756787], [74.53253461954951, 31.271747092638748], [74.54859652150563, 31.31060257901534], [74.57095370312052, 31.328228378991874], [74.56991757719068, 31.366012303781396], [74.59752943086177, 31.400190844714853], [74.62572503615765, 31.41277855174164], [74.63638499534882, 31.440485912341853], [74.67026859501243, 31.45343478743605], [74.69363863734682, 31.433284362493715], [74.70458606616228, 31.450195901218592]]]}}, {"type": "Feature", "properties": {"na": "NA-108", "src": "commons-1993", "approx": false, "confidence": "low"}, "geometry": {"type": "Polygon", "coordinates": [[[73.82371333217166, 31.24480751249163], [73.92042251292888, 31.272205519531692], [73.96130856673506, 31.24213862398318], [73.9563002276888, 31.21475779134135], [73.99133358481517, 31.189780122006884], [74.03122003164331, 31.197595249766437], [74.03795058877918, 31.16010365462505], [74.07342673444258, 31.118950779618636], [74.14804015046862, 31.11267895062187], [74.16489061875606, 31.124532160006623], [74.17676527757338, 31.109029487588067], [74.16563189076962, 31.09752603525745], [74.17194313622159, 31.076274387238687], [74.20668331599752, 31.062186649435287], [74.1505759509094, 31.020867735293034], [74.12304214233346, 30.98131200546732], [74.14202121823396, 30.917586070399487], [74.11418972085967, 30.888830309107444], [74.12098629416303, 30.851402528959934], [74.05125942993938, 30.88495515246402], [73.99990733127007, 30.876399684154087], [73.97098479814338, 30.885452971186766], [73.9702302094495, 30.912457580590235], [73.92896306282428, 30.953242384901742], [73.8890359390892, 30.945418626450163], [73.87141351539513, 30.96059561231548], [73.88124524807672, 31.02073512268147], [73.84703880963954, 31.013270942324475], [73.82253690103123, 31.071376208775593], [73.77615020328307, 31.090289132643225], [73.77486708535541, 31.138972136090988], [73.75698051195242, 31.165010424722563], [73.77331436777993, 31.19848586937618], [73.79621509344442, 31.19983456122752], [73.8185503283129, 31.222827134393068], [73.82371333217166, 31.24480751249163]]]}}, {"type": "Feature", "properties": {"na": "NA-109", "src": "commons-1993", "approx": false, "confidence": "low"}, "geometry": {"type": "Polygon", "coordinates": [[[74.31853738613225, 31.15564285863802], [74.34798665589159, 31.125027500691587], [74.38224197847596, 31.12716495315549], [74.40568157697739, 31.107007413883725], [74.44578789697498, 31.10412103881841], [74.44639893976307, 31.082540485240713], [74.47585710199232, 31.05197620969733], [74.51025100794027, 31.04875258494981], [74.49992480297261, 31.010279272626306], [74.5233761893791, 30.99016419589495], [74.55761231943929, 30.99234945643108], [74.58090540107364, 30.97763897631921], [74.54730224106503, 30.953885788745005], [74.54254481238178, 30.921180503518837], [74.5027499216063, 30.913234759769086], [74.47040085391221, 30.84636622127319], [74.43629584664518, 30.838789666039343], [74.46025934388776, 30.802521231576073], [74.42043744084, 30.79457765977645], [74.33745559713968, 30.697495180226255], [74.30903347236107, 30.69028880946815], [74.27964332632546, 30.71542923879877], [74.27312724761128, 30.742024338030735], [74.20864679354655, 30.791998294897958], [74.21929922561036, 30.81968446770949], [74.19595811935679, 30.83443942455325], [74.16736407919859, 30.832657765801244], [74.12578280893872, 30.884139534515086], [74.1536115086156, 30.912895861805975], [74.13523602853654, 30.95502081256158], [74.14546114177918, 30.998917682262295], [74.21826286400703, 31.05749317251496], [74.21751264668353, 31.084489907085196], [74.23976904578699, 31.107499103071724], [74.2681829881493, 31.114664255414883], [74.31853738613225, 31.15564285863802]]]}}, {"type": "Feature", "properties": {"na": "NA-110", "src": "reconstructed", "approx": true}, "geometry": {"type": "Polygon", "coordinates": [[[73.75979998438804, 30.70417636146707], [73.59835385462574, 30.70589430674209], [73.52287448780979, 31.092486753543035], [73.61129316681668, 31.09790308660866], [73.65332081458145, 31.138065612861286], [73.66172634413441, 31.08183807610761], [73.66172634413441, 31.080499325232523], [73.76259269876986, 30.992141767476745], [73.85841573567356, 30.86228293259326], [73.90660448179163, 30.857768206645964], [73.75979998438804, 30.70417636146707]]]}}, {"type": "Feature", "properties": {"na": "NA-111", "src": "commons-1993", "approx": false}, "geometry": {"type": "Polygon", "coordinates": [[[73.72908707036656, 30.919597478473875], [73.73570232408959, 30.88750368675855], [73.71321991228128, 30.86992087446128], [73.71381294477075, 30.848299504982485], [73.74909996218572, 30.81792875607416], [73.72617183154976, 30.81655611754451], [73.69825539422912, 30.787821590277492], [73.67169216769834, 30.710455220100425], [73.60889293548396, 30.69588118573208], [73.58186819787038, 30.634729944816357], [73.5241649490915, 30.642127909335446], [73.45677273392873, 30.58400313269785], [73.44106275566934, 30.528938508163385], [73.41233640833609, 30.527241740997145], [73.40598205854761, 30.548523310698993], [73.43394844802825, 30.577242359035587], [73.43520853792181, 30.739788240605836], [73.42858532883743, 30.771906972898595], [73.38191861421608, 30.796287447560513], [73.40344087628648, 30.85172912244232], [73.44333701386329, 30.864881456558265], [73.47690802394375, 30.89934805863278], [73.54532381237145, 30.919593520200902], [73.59149784900902, 30.91146368166438], [73.61501925505364, 30.891179799717985], [73.70028435715605, 30.92330184381612], [73.72908707036656, 30.919597478473875]]]}}, {"type": "Feature", "properties": {"na": "NA-112", "src": "commons-1993", "approx": false}, "geometry": {"type": "Polygon", "coordinates": [[[74.08078605878715, 30.854325376089122], [74.02711731121329, 30.726660518449748], [73.94726278039417, 30.71092957800209], [73.87991780229439, 30.658136774183166], [73.76574375023854, 30.63495912132171], [73.71925193828514, 30.653787588139735], [73.67910327401628, 30.651371271344274], [73.6452952294339, 30.627697471326258], [73.59349863418868, 30.630011013990455], [73.60934646038578, 30.679669141345823], [73.6777309769232, 30.69999257388495], [73.70987235397614, 30.783103053764982], [73.73220362114282, 30.806091008345433], [73.7607130369055, 30.813212560280736], [73.76011370608519, 30.834827301933803], [73.72483174092557, 30.865198711784625], [73.747312202283, 30.882782307361254], [73.74054835303039, 30.920279640503296], [73.76875686614665, 30.93820490354133], [73.80915367788366, 30.929791419258898], [73.82120293098534, 30.908860520249206], [73.8784770351165, 30.91230804033687], [73.88933332291381, 30.934611820929458], [73.92353647421614, 30.94209042624902], [73.95893263215206, 30.906359808148913], [73.96556316301374, 30.874302855597097], [73.99448770961902, 30.865250054787758], [74.04584246988327, 30.873805874102477], [74.08078605878715, 30.854325376089122]]]}}, {"type": "Feature", "properties": {"na": "NA-113", "src": "commons-1997", "approx": false}, "geometry": {"type": "Polygon", "coordinates": [[[74.19549187561844, 30.76431468815882], [74.18475545426367, 30.736538254418342], [74.2480605932328, 30.6843744911571], [74.25428698568804, 30.657282028728982], [74.30018308195538, 30.626323880639095], [74.24425636647901, 30.596727478632026], [74.2504890664829, 30.56963907548956], [74.21750086850112, 30.524561194441688], [74.18334093659615, 30.534118036582296], [74.11095590683271, 30.47650890756002], [74.11153328767848, 30.44918552443049], [74.08866468908187, 30.4592020138903], [74.07803598759246, 30.42595563732426], [74.01124029147933, 30.368561444698603], [74.02302933513172, 30.347156990341063], [73.94451628865221, 30.3056940019927], [73.92150193382992, 30.32118041583388], [73.88749034934698, 30.31981375477492], [73.85392499662211, 30.296578786949674], [73.79153370145939, 30.294080933810168], [73.74659094933979, 30.27039277644875], [73.7232186065673, 30.302305535558045], [73.75069951120125, 30.347190520893584], [73.75025430714322, 30.369069441193496], [73.69885444067887, 30.383460122049392], [73.72089057628149, 30.41717963812653], [73.72012093380042, 30.455474866611315], [73.67375045325007, 30.502938133145992], [73.60553964612474, 30.50575547322261], [73.55359178298427, 30.54756354615206], [73.55285015487335, 30.585883760029358], [73.64387106917734, 30.578447748584555], [73.67748077768651, 30.601659835180705], [73.705839929339, 30.60276181536208], [73.75163813170222, 30.582643429592956], [73.84788767946532, 30.591889500988167], [73.89843394715673, 30.615772670548903], [73.9429639833453, 30.65583864458691], [74.02198710842605, 30.669901686017706], [74.04949534399952, 30.70929197505922], [74.05958286193825, 30.769880516962825], [74.08187080304108, 30.787173733304023], [74.08142619418891, 30.809043557487353], [74.09872294943602, 30.793309271765967], [74.12676750749043, 30.805357783380714], [74.15005124992166, 30.77345255429741], [74.19549187561844, 30.76431468815882]]]}}, {"type": "Feature", "properties": {"na": "NA-114", "src": "commons-1993", "approx": false}, "geometry": {"type": "Polygon", "coordinates": [[[71.60111404840724, 30.36923200002818], [71.6423741986266, 30.344065439657562], [71.67703748388296, 30.351240664426427], [71.72408937200522, 30.326393789752444], [71.6953659137058, 30.3140650626378], [71.70817409770434, 30.265740703728092], [71.67378167052485, 30.24768404341317], [71.67445935711078, 30.22051536596261], [71.69240613354768, 30.199662677371066], [71.73921651976833, 30.18572243064043], [71.75233941432312, 30.126576406630523], [71.73507866589756, 30.12025625821341], [71.74171772733337, 30.087974042118553], [71.77114095460793, 30.07317639031628], [71.78359003492542, 30.041205501382404], [71.73860546957187, 29.984535147855194], [71.73946503884694, 29.9519724674628], [71.7224875043941, 29.934792799900347], [71.69275282662683, 29.960434406308412], [71.70364709132754, 29.98817105039038], [71.67944294416641, 30.02498330699661], [71.6099311258375, 30.016004674127892], [71.5843493273804, 30.107171344169874], [71.53763108649201, 30.115706693822112], [71.51386082753108, 30.136284225840168], [71.48482608692716, 30.134838426194914], [71.46213695307931, 30.111941925896012], [71.40985470331358, 30.109352094917757], [71.35081005944618, 30.144556127063684], [71.31079385674354, 30.11537402984121], [71.31012793677273, 30.14256823431116], [71.34961568899811, 30.193505838591726], [71.40110907673417, 30.228697132172726], [71.44625373691305, 30.285365224276784], [71.51486671959007, 30.332300733172385], [71.60111404840724, 30.36923200002818]]]}}, {"type": "Feature", "properties": {"na": "NA-115", "src": "commons-1993", "approx": false}, "geometry": {"type": "Polygon", "coordinates": [[[71.195187766077, 29.848415419424068], [71.21571254911011, 29.958283063248466], [71.24371043103216, 30.003203549051303], [71.29728057697106, 29.956842095540907], [71.38476861912899, 29.950292370225444], [71.41327545686217, 29.97347503129475], [71.48993447733639, 29.933801258084426], [71.52479190502928, 29.93556100608422], [71.54165407249637, 29.958165575162425], [71.5993040012888, 29.97740221742625], [71.61601738512327, 30.00543869408182], [71.67392164798893, 30.01382785887371], [71.69218268873732, 29.982146807446853], [71.68128756144102, 29.954410077504097], [71.70507672563699, 29.933894469131417], [71.61986490258586, 29.858861186234048], [71.58501744728603, 29.857075546752373], [71.5398406737423, 29.805849192030646], [71.38956928074367, 29.76560816726649], [71.23760409238106, 29.785210578294578], [71.195187766077, 29.848415419424068]]]}}, {"type": "Feature", "properties": {"na": "NA-116", "src": "commons-1993", "approx": false}, "geometry": {"type": "Polygon", "coordinates": [[[71.07925197657407, 29.59786508114614], [71.12514136837925, 29.62732811073348], [71.1062400406417, 29.68079859139638], [71.11591524778534, 29.757453979155848], [71.14419048601806, 29.79149174880206], [71.19588342879322, 29.821239322639073], [71.23206660532732, 29.774055710411343], [71.34332693507976, 29.752407501652883], [71.44204514137448, 29.76282355795111], [71.51107504409072, 29.793511016484523], [71.55770655118486, 29.790458242974125], [71.5177568348178, 29.761241067929706], [71.48986148468774, 29.716338681439296], [71.42038181059762, 29.701930301096624], [71.4209655740628, 29.680218783950732], [71.43885186318663, 29.664825004080623], [71.39961042457722, 29.608481743788094], [71.34187011384843, 29.58924336417974], [71.29619407127439, 29.55432058745223], [71.23229844218083, 29.545663773774216], [71.07925197657407, 29.59786508114614]]]}}, {"type": "Feature", "properties": {"na": "NA-117", "src": "commons-1993", "approx": false}, "geometry": {"type": "Polygon", "coordinates": [[[71.71812930802346, 29.880229963773356], [71.74076392723858, 29.903135985167932], [71.87955287371172, 29.926674517779176], [71.94172077820987, 29.989686346100562], [72.01111631181921, 29.998782675639227], [72.05225872318512, 29.979250967532344], [72.09295437289892, 29.975995509773288], [72.1100334156272, 29.987766122904556], [72.14507537900789, 29.97879186157117], [72.16185151348533, 30.001403495872193], [72.19778085635282, 29.959929655627906], [72.25017793747976, 29.95192361373296], [72.251389142324, 29.908594445927754], [72.29876187135561, 29.873226746201944], [72.30624757696779, 29.81399842529758], [72.29560363585591, 29.780884287363033], [72.32595788893686, 29.733784512105913], [72.29716938086142, 29.72676733955216], [72.26352973655754, 29.686965208921034], [72.27011212880778, 29.660232830834232], [72.29970395319067, 29.640203452167277], [72.29455204732014, 29.61824395539209], [72.23758891225133, 29.582564600235635], [72.23324176781546, 29.53356140322582], [72.19332203309362, 29.509670189700532], [72.19783047727431, 29.55326582675875], [72.18591997712207, 29.56344356807975], [72.15162459220068, 29.545290548010897], [72.11652399053277, 29.5541956499883], [72.127482221576, 29.576478792309533], [72.11557148295995, 29.586665381395974], [72.07483102531977, 29.58985510148316], [71.99192667438864, 29.64499986854647], [72.03646052537812, 29.712496625588265], [71.95406068621742, 29.751470178611072], [71.94720251939614, 29.789093004232587], [71.92340476119062, 29.809537614758764], [71.81289018677204, 29.81455855463854], [71.77851652602058, 29.796464105064032], [71.74920051588046, 29.80579306334541], [71.70753952119156, 29.84164991118984], [71.71812930802346, 29.880229963773356]]]}}, {"type": "Feature", "properties": {"na": "NA-118", "src": "commons-1993", "approx": false}, "geometry": {"type": "Polygon", "coordinates": [[[71.82078946067212, 29.532736324382775], [71.83396593578476, 29.479197697175547], [71.80618936774266, 29.434316457947013], [71.81278900969323, 29.407554995631045], [71.80180740965493, 29.385272551988287], [71.73161408544773, 29.397779257036852], [71.71512906516944, 29.364354027998175], [71.61693487291599, 29.337430983973658], [71.57151343527441, 29.29704979753622], [71.48990382538594, 29.298179225490134], [71.44460062107841, 29.252391376750108], [71.38024447724469, 29.259890456480825], [71.36324432486609, 29.24272289517926], [71.33412402413819, 29.24121300470923], [71.31618223215878, 29.256572307677516], [71.31540582188714, 29.283679927205267], [71.25623032562935, 29.313225840871088], [71.29623851983747, 29.342430329369662], [71.3068167925732, 29.380992344106836], [71.28693076758648, 29.46690126395746], [71.26901391464695, 29.482294230275116], [71.29708293315996, 29.521756962715372], [71.29066845393051, 29.543171084634242], [71.40572364304849, 29.597925389285958], [71.45062940668039, 29.659991578638532], [71.43215815563961, 29.697093231252335], [71.4844873876383, 29.699760900979907], [71.51863232166198, 29.728678920470905], [71.55468104536743, 29.68706293185741], [71.59535894271258, 29.689163483048333], [71.62500568314391, 29.668974476782353], [71.64809454766052, 29.67560656044394], [71.6725328198004, 29.633440522791318], [71.65616318694747, 29.594577531169232], [71.66915537000496, 29.546401539199913], [71.82078946067212, 29.532736324382775]]]}}, {"type": "Feature", "properties": {"na": "NA-119", "src": "commons-1993", "approx": false, "confidence": "low"}, "geometry": {"type": "Polygon", "coordinates": [[[71.24844664834761, 30.046991587687007], [71.34526566819257, 30.133394936953984], [71.40431496684317, 30.09819221912249], [71.46821710534492, 30.10135997491642], [71.5083259956998, 30.125124824142627], [71.53209836770444, 30.104547954597454], [71.58476259451132, 30.090872927301458], [71.57978731144927, 30.057985967985214], [71.60454672902966, 29.999418252804965], [71.53556462839398, 29.96873391038478], [71.51870095977974, 29.94612916809972], [71.4543714122406, 29.959209059742594], [71.41881006101413, 29.984632234441552], [71.38988886060451, 29.977751580847425], [71.3786784710119, 29.96087112586631], [71.29105376181842, 29.972863345642093], [71.24925575069344, 30.01436304809626], [71.24844664834761, 30.046991587687007]]]}}, {"type": "Feature", "properties": {"na": "NA-120", "src": "reconstructed", "approx": true}, "geometry": {"type": "Polygon", "coordinates": [[[74.20300739945645, 31.28139182980709], [74.07359729222921, 31.27461820212021], [74.03493185628562, 31.31210322662266], [74.0181207971797, 31.372347016001598], [74.07191618631862, 31.372347016001598], [74.13232056623315, 31.440999022208413], [74.20300739945645, 31.28139182980709]]]}}, {"type": "Feature", "properties": {"na": "NA-121", "src": "commons-1993", "approx": false}, "geometry": {"type": "Polygon", "coordinates": [[[72.20944408435882, 30.623234799722532], [72.11437298347003, 30.487790292203226], [72.12648320629155, 30.466673508865526], [72.14975418790776, 30.46245172562888], [72.12716439255786, 30.439527942666324], [72.13983125162305, 30.396706912048984], [72.07095228654346, 30.3713652872079], [72.04394959674315, 30.293862266704338], [71.99818842804513, 30.26973609013011], [71.95765028307211, 30.26763017867113], [71.91062216199883, 30.292383051704142], [71.84689112715238, 30.2891110344181], [71.82991588981471, 30.27192748575636], [71.83639703987589, 30.24506889646304], [71.81928431004857, 30.233316526002916], [71.76131294070292, 30.23035693137288], [71.72706860063967, 30.206859757264926], [71.69199674377333, 30.215961224056635], [71.68551731598546, 30.242834995783237], [71.7199072490491, 30.26089332673764], [71.70709701935235, 30.309213823964622], [71.73015516279794, 30.315817280040484], [71.73555051873157, 30.332412858066753], [71.68257111716034, 30.362403074491745], [71.64790953654214, 30.355228045740752], [71.6125839323449, 30.37524538178948], [71.66451614767931, 30.388716921487564], [71.75028807571732, 30.441996240637966], [71.75555908049571, 30.46403303729284], [71.73739296959445, 30.495786885058696], [71.75387095692403, 30.534719952820186], [71.84011161570332, 30.566257811378467], [71.95642031147294, 30.550371639515205], [72.03020008680343, 30.613987565935794], [72.20944408435882, 30.623234799722532]]]}}, {"type": "Feature", "properties": {"na": "NA-122", "src": "commons-1993", "approx": false}, "geometry": {"type": "Polygon", "coordinates": [[[71.73866691093276, 30.207449208607123], [71.8368102267123, 30.22877721470623], [71.85295921622465, 30.278545291538347], [71.9051041082893, 30.281224365807336], [71.95213582762393, 30.256472475852313], [72.00425761783144, 30.259182045516347], [72.04422820825832, 30.28300734722382], [72.04478712630717, 30.26129884840389], [72.0682239421295, 30.251659422992333], [72.05720892645313, 30.229347068419013], [72.09858229507054, 30.19892952613463], [72.09407991330538, 30.14980615621626], [72.15341614803356, 30.098660427641825], [72.13201596814054, 30.032369371790235], [72.15576557082886, 30.011931200877534], [72.13898793520427, 29.98931939336966], [72.09815507925718, 29.99798686913426], [72.08686669442372, 29.986526515044606], [72.01661785118078, 30.0099344436132], [71.97026249354892, 30.007483672027615], [71.91853462933659, 29.988467001637357], [71.87346174035986, 29.937217473578777], [71.76948768720945, 29.91549301089159], [71.76325108886566, 29.931468805027315], [71.7342379340348, 29.92996602588755], [71.7512137898692, 29.947146033049314], [71.75035249435196, 29.979706730559975], [71.7953320079756, 30.036377328724758], [71.78259941790391, 30.079202067579516], [71.75317826645723, 30.09399827362051], [71.7468184980021, 30.115419578910974], [71.76407814322327, 30.12174072788797], [71.76282681013785, 30.17061249137412], [71.73866691093276, 30.207449208607123]]]}}, {"type": "Feature", "properties": {"na": "NA-123", "src": "commons-1993", "approx": false}, "geometry": {"type": "Polygon", "coordinates": [[[72.35179044117875, 30.48398214188006], [72.42884736146635, 30.41207589406204], [72.45772524956178, 30.413635773953242], [72.46970195521462, 30.39799694055535], [72.47662171242378, 30.354945321942193], [72.45958181220061, 30.343163048857637], [72.4668029255014, 30.289281096959844], [72.45005329194538, 30.266660091105464], [72.4526962855069, 30.169137834552743], [72.38392845614992, 30.143674127560715], [72.33174405897252, 30.146260970623864], [72.29229023004542, 30.106133812043606], [72.25179555499963, 30.103944130122425], [72.2118793207504, 30.080082027103803], [72.20104092392683, 30.05236002778548], [72.15546991545789, 30.02277079072511], [72.1433015092293, 30.04383068613789], [72.16572382634702, 30.07217467209369], [72.16484699912132, 30.104700839742442], [72.10551489523318, 30.15584324830057], [72.11001681187494, 30.20496587898619], [72.06864634004945, 30.235381204382584], [72.0796604983342, 30.257693580218547], [72.05622534525574, 30.267331891870445], [72.08266370913087, 30.366540574376444], [72.15153826139283, 30.39188620145706], [72.15677075761828, 30.41389995101864], [72.13886964433637, 30.434703700871975], [72.16132066616015, 30.463056505146277], [72.18472535011352, 30.453411919716352], [72.2191427056161, 30.46609043110704], [72.26566376320008, 30.457676519010782], [72.35179044117875, 30.48398214188006]]]}}, {"type": "Feature", "properties": {"na": "NA-124", "src": "commons-1993", "approx": false}, "geometry": {"type": "Polygon", "coordinates": [[[73.33282522764006, 30.91271417325246], [73.34530449893184, 30.875477997047128], [73.39181411273135, 30.856476461682472], [73.3698539622367, 30.817267133300764], [73.37057787520135, 30.79021123072164], [73.41724791010655, 30.765828421416977], [73.42387150625522, 30.733708821505406], [73.42230809874482, 30.581971069060803], [73.39433891156678, 30.55325258672304], [73.39479425861705, 30.537036111477228], [73.37180859066936, 30.535684587138576], [73.34806488585691, 30.561368130205334], [73.256989151094, 30.523559184926278], [73.21113120593265, 30.51548136852746], [73.18088174211549, 30.567915100280892], [73.15197251887237, 30.571672277899577], [73.13500890299649, 30.55986011594574], [73.07127183135998, 30.572478216692218], [73.06362537901512, 30.64252477483815], [72.9869507977175, 30.708710258223025], [73.03270492383433, 30.722128702356787], [73.06637312216101, 30.756570060713347], [73.15796330925858, 30.778020470003646], [73.17393303403405, 30.827736497483286], [73.1914607933085, 30.817884591502615], [73.21430924849008, 30.82460712122562], [73.24162630896929, 30.880392730696364], [73.33282522764006, 30.91271417325246]]]}}, {"type": "Feature", "properties": {"na": "NA-125", "src": "commons-1993", "approx": false}, "geometry": {"type": "Polygon", "coordinates": [[[72.97558113438741, 30.70264827249831], [73.05226108577705, 30.636458473092212], [73.06580984172456, 30.56132540834326], [73.12955105002851, 30.54870821774984], [73.17542623175684, 30.556763501427476], [73.20567938325532, 30.504331167544745], [73.24624115771269, 30.495852003471505], [73.20673384294489, 30.466474489430137], [73.1551042602039, 30.45806749529809], [73.1392001597122, 30.40839508127637], [73.08830338996684, 30.372953617307132], [73.02435886633167, 30.3909487223962], [72.97327202971485, 30.36093382342562], [72.96796306112073, 30.344374292371345], [72.91580437666637, 30.352241746707485], [72.887288208751, 30.3397836734922], [72.86939892658881, 30.360452833274827], [72.83466372890221, 30.363914173736013], [72.78174142812054, 30.398900443453154], [72.76874933585898, 30.452412811981223], [72.70373727938856, 30.50849080071765], [72.77235032372083, 30.533988457519822], [72.81169316306013, 30.574151150327626], [72.77626339147363, 30.604747588417485], [72.81561070067382, 30.644910892647665], [72.87250939401534, 30.67519758520827], [72.91352992733889, 30.650352213030263], [72.93656249911349, 30.651639543570166], [72.97558113438741, 30.70264827249831]]]}}, {"type": "Feature", "properties": {"na": "NA-126", "src": "commons-1993", "approx": false}, "geometry": {"type": "Polygon", "coordinates": [[[72.57584395423682, 30.539486886337617], [72.62312953410427, 30.498635871520065], [72.69220367616161, 30.507855255368014], [72.75736312512176, 30.44635477595139], [72.77035600191981, 30.39284088643256], [72.82919587578456, 30.352763297983557], [72.89911554494866, 30.329614933709685], [72.89941639688129, 30.318792843618606], [72.84843859580106, 30.28338258583977], [72.77377062394476, 30.268325072004288], [72.75751829447688, 30.22946503133828], [72.70469116188305, 30.259026985622757], [72.67096303456418, 30.224609347849263], [72.68310672213677, 30.203601831223025], [72.57904102786992, 30.203225751363473], [72.5565371427602, 30.18028558243931], [72.55758557103404, 30.142383035077213], [72.51212127242982, 30.11274892968165], [72.45951568877769, 30.1315401163885], [72.46958753279235, 30.186339746503105], [72.46175366268429, 30.261871818524373], [72.4785013299148, 30.284492833497765], [72.47127761137628, 30.33837103691261], [72.48831612068803, 30.350153980076755], [72.48110911157265, 30.40404437541609], [72.46321665688684, 30.424791665431712], [72.43434036371931, 30.423232043852007], [72.36320587482864, 30.490023258078487], [72.38589567304808, 30.507531490321085], [72.42054795884052, 30.50938501244697], [72.45575257095342, 30.489550585124785], [72.51348515550298, 30.49266756424399], [72.5303795957186, 30.509871957901517], [72.52404749360547, 30.531249390014395], [72.57584395423682, 30.539486886337617]]]}}, {"type": "Feature", "properties": {"na": "NA-127", "src": "commons-1993", "approx": false}, "geometry": {"type": "Polygon", "coordinates": [[[73.54168952335618, 30.632340175854424], [73.56089607772073, 30.563121596578103], [73.60774556964495, 30.533461160331676], [73.67676812019921, 30.53221035443432], [73.71818706919656, 30.491455914185128], [73.69729593096451, 30.41989329802818], [73.74352197930499, 30.41190406657697], [73.74974105067508, 30.396068943892423], [73.68393777006294, 30.28934516961737], [73.6376790469337, 30.297327347755935], [73.60402904776143, 30.26824926110867], [73.59909603117839, 30.24092199995602], [73.58121398265102, 30.261455512152704], [73.563979392574, 30.260408679461904], [73.53654546360292, 30.215495762387555], [73.46789730857269, 30.200528606552687], [73.4785870788679, 30.228208560517697], [73.46676887917822, 30.238310938233482], [73.43834631816978, 30.225785521412035], [73.41486743792387, 30.240600991501932], [73.43179594881664, 30.252432936895076], [73.43099848097215, 30.279428624224163], [73.38389674468257, 30.314484333446398], [73.33758081131639, 30.322556207854433], [73.34845587159671, 30.344846536013833], [73.34099588008829, 30.40394044043729], [73.30603344415577, 30.418122117050203], [73.28364569698343, 30.395152325382085], [73.265776625832, 30.41576134211707], [73.28272387374456, 30.42758265732749], [73.28226486902093, 30.44379933095894], [73.21838998829523, 30.461735198688242], [73.2578939617007, 30.491114166088558], [73.24578897989846, 30.512075001778314], [73.33687176262671, 30.549882072091236], [73.36636528103764, 30.524535604788422], [73.43577683486883, 30.512386317801145], [73.45814348209821, 30.535362527440974], [73.46841145221738, 30.579277084752974], [73.50754661083117, 30.619488698123995], [73.54168952335618, 30.632340175854424]]]}}, {"type": "Feature", "properties": {"na": "NA-128", "src": "commons-1993", "approx": false}, "geometry": {"type": "Polygon", "coordinates": [[[73.25335688859892, 30.44752463350496], [73.27091584948306, 30.437720530905754], [73.25412006577811, 30.420494109095923], [73.26654477283482, 30.388735262070117], [73.28970551482139, 30.384681018128486], [73.31209173477198, 30.407651022531176], [73.32965100179833, 30.39785853461466], [73.33679908929898, 30.349568464747833], [73.32623543667934, 30.316472920058438], [73.34971062349922, 30.30163090896781], [73.3784623343254, 30.303340074951244], [73.41965975210671, 30.27334077426612], [73.40352741776702, 30.234513066314406], [73.43291833636364, 30.214643665128214], [73.46725164426661, 30.222117840299735], [73.43995964257873, 30.17180920056636], [73.4532519123966, 30.113144202522914], [73.42992201592898, 30.122545110443976], [73.42335722356962, 30.149181266147323], [73.40626620194699, 30.142745009781596], [73.40675375434847, 30.126553997216806], [73.3773450887363, 30.146413865416942], [73.33707541292684, 30.14400116460491], [73.30911254585202, 30.11528850104842], [73.28609259171326, 30.113914646713127], [73.2758755903764, 30.070038366383482], [73.25747480441305, 30.106801575856974], [73.22341672334389, 30.088550326444388], [73.1843989838092, 30.04296153714206], [73.18520929811649, 30.015964675685268], [73.20281312760612, 30.00619406321035], [73.19194637369579, 29.98391484790893], [73.14983997104977, 30.040915944031727], [73.12087521557076, 30.044616790181312], [73.09831131126485, 30.02705647464078], [73.11656591525373, 29.995672227266468], [73.04837884065613, 29.959194331795107], [72.98800542950795, 30.047660017192317], [73.02148092067908, 30.087499646002215], [73.018344234178, 30.19559861164254], [73.06365605574277, 30.225299078727264], [73.06864106761459, 30.252663014307327], [73.05105267591519, 30.262475394937724], [73.01088190734994, 30.254739899228273], [72.96947893314365, 30.290279203596235], [72.92352907827079, 30.28223345953049], [72.93429745710985, 30.309940541091066], [72.91064219701039, 30.330269836893923], [72.92762986192334, 30.342074888012483], [72.97402644744767, 30.333883754886013], [72.97933432277473, 30.35044267360836], [73.03041914606587, 30.38045938226287], [73.0943648058035, 30.362469853560615], [73.15086244412232, 30.403653771176664], [73.16116002718283, 30.44758337148194], [73.25335688859892, 30.44752463350496]]]}}, {"type": "Feature", "properties": {"na": "NA-129", "src": "commons-1993", "approx": false}, "geometry": {"type": "Polygon", "coordinates": [[[73.05727598140483, 30.246589224552082], [73.05198021538857, 30.230036912338647], [73.02333039025044, 30.222963341187377], [73.00666478062898, 30.20033834229294], [73.00979571298961, 30.09223276704684], [72.9763165768746, 30.052393486955268], [72.9830357597126, 30.020306996310094], [73.01842678024282, 29.99531321214005], [73.01907020981076, 29.973705936105624], [73.00786188063742, 29.962227284901022], [72.96669627470824, 29.98688083889125], [72.93321519488725, 29.94704583657093], [72.9572537839913, 29.915977951717082], [72.9518095707283, 29.904837629845574], [72.91607085309896, 29.9406363649525], [72.88145615698788, 29.938627402709475], [72.85885626527183, 29.921079638434506], [72.84924588039962, 29.855572231999975], [72.8025833106089, 29.86910893058755], [72.78013321175247, 29.846160799384418], [72.78671432112637, 29.819476667244043], [72.77548937704758, 29.808002869036915], [72.6774570877283, 29.796949718574954], [72.65258779881518, 29.85509302036394], [72.70362280545295, 29.890496974938575], [72.71920776091278, 29.950959601866995], [72.6477267989116, 30.022750881938574], [72.66397127619953, 30.061599429152412], [72.56898712115004, 30.148438760157685], [72.56823751153419, 30.17551091426415], [72.58511401334907, 30.192716290532392], [72.63160546579323, 30.18445816784722], [72.6891795940036, 30.1930996500954], [72.69449901787861, 30.2096614323894], [72.68265595273978, 30.21984123991323], [72.71076037214316, 30.248523020683006], [72.76358940445039, 30.218966536418055], [72.77983916557862, 30.25782540560386], [72.85450608700324, 30.272887271162322], [72.9110941261531, 30.314037525680533], [72.92292281272469, 30.30387320901554], [72.91806935834232, 30.271085182007248], [72.9640215558245, 30.27913122541547], [73.00542822785725, 30.243593080375042], [73.05727598140483, 30.246589224552082]]]}}, {"type": "Feature", "properties": {"na": "NA-130", "src": "commons-1993", "approx": false}, "geometry": {"type": "Polygon", "coordinates": [[[72.16734454994643, 30.012553806670436], [72.21276390045382, 30.04756446105253], [72.2179607338908, 30.06955418841933], [72.25787536269443, 30.093417661996806], [72.29836985521786, 30.095610045507968], [72.33782101150689, 30.135737576373725], [72.39000552974353, 30.13315453954119], [72.4473621413067, 30.152570415774747], [72.45403494434981, 30.120390275205086], [72.50664423597358, 30.101600009282624], [72.54115927688447, 30.10893633318515], [72.56928795375717, 30.13761068026408], [72.6404131202912, 30.07653246392548], [72.65257633022361, 30.055538284922402], [72.63633056164426, 30.01668966247908], [72.70781647024559, 29.94489418414104], [72.69191288081392, 29.895244036216884], [72.64087370144186, 29.85984209188104], [72.64182849281173, 29.82740259661268], [72.66606230504719, 29.79088310041831], [72.63797416774749, 29.76220516312758], [72.61999294263971, 29.78283692662563], [72.59671363752575, 29.786926622366273], [72.56861075475554, 29.758252149393428], [72.53280417690979, 29.79413630608647], [72.51577545827237, 29.782341150706017], [72.40571922679456, 29.78158041588651], [72.33737738703418, 29.739838612313164], [72.30702517855748, 29.786936299068373], [72.31797887915897, 29.809225272738594], [72.3101829073022, 29.879277161687043], [72.26281348814656, 29.914642312523235], [72.2616022416708, 29.95797062334094], [72.20327030469772, 29.971078744805002], [72.16734454994643, 30.012553806670436]]]}}, {"type": "Feature", "properties": {"na": "NA-131", "src": "commons-1993", "approx": false, "confidence": "low"}, "geometry": {"type": "Polygon", "coordinates": [[[71.55131653142917, 29.811870684089484], [71.57441046131912, 29.81848725788011], [71.59111415313872, 29.846517286974862], [71.62596145199085, 29.84830524210509], [71.71697199879651, 29.923639650664175], [71.75773802544246, 29.92031613138317], [71.73467110090337, 29.91368720528841], [71.69534641493472, 29.86275071351368], [71.71422393919546, 29.80940250686979], [71.77300933245209, 29.785314383642476], [71.81898943302278, 29.804018674154463], [71.91790533298634, 29.798389070938793], [71.954516812777, 29.735215227750015], [72.02501926589987, 29.706454004800246], [71.98048200615956, 29.638957761302745], [72.06934836131934, 29.578712635369317], [72.11009126113395, 29.575523390874146], [72.1110450243588, 29.543054343201987], [72.15774120593167, 29.534790302350583], [72.18044462949975, 29.552302767285124], [72.18189144614817, 29.503617544265392], [72.15306938486462, 29.496601407055074], [72.12537248280631, 29.45172234085662], [72.10185376769492, 29.461258619942054], [72.0151682301698, 29.445652237757336], [71.95682164073993, 29.453306361649922], [71.94601307521864, 29.4256127379315], [71.9697100781114, 29.41064440975706], [71.94117145352205, 29.39282528968315], [71.92263536118266, 29.4297618252088], [71.9052202754091, 29.428816269776338], [71.88844161563487, 29.40621984140204], [71.86457903671729, 29.42661582365196], [71.8242464399222, 29.41359474858988], [71.81796329214689, 29.42952574276175], [71.8457361993705, 29.474406556548267], [71.83224593463456, 29.538774063258927], [71.67465962545992, 29.557547342100634], [71.66793498824553, 29.58976547909359], [71.68399964688258, 29.63947049724386], [71.65956300626296, 29.681634778396216], [71.54842635954775, 29.703039771554405], [71.52415187639343, 29.73983000338632], [71.56947205664248, 29.78562686424688], [71.55131653142917, 29.811870684089484]]]}}, {"type": "Feature", "properties": {"na": "NA-132", "src": "commons-1993", "approx": false}, "geometry": {"type": "Polygon", "coordinates": [[[70.6407278904305, 31.26484316775797], [70.68230033225367, 31.217277573457963], [70.62520083454827, 31.154637845883055], [70.62778367789323, 31.012379611427146], [70.6515710959254, 30.986019617366626], [70.65343313888715, 30.88759529994058], [70.62008461124644, 30.804098961819893], [70.63194373507271, 30.793668204709004], [70.66094870962205, 30.800388707706784], [70.66127049929635, 30.783993861440067], [70.6211556488408, 30.7494446081596], [70.63960420498164, 30.70102257910044], [70.59937822468983, 30.67193763930632], [70.5889382616013, 30.611336912139393], [70.63005544554807, 30.596726189221215], [70.65997047736423, 30.559775569369506], [70.66913982271609, 30.401732786927273], [70.64058811270709, 30.373151802244436], [70.64094185682575, 30.356781447715324], [70.70126133029457, 30.266656273236258], [70.67248134919744, 30.248981579921995], [70.63859600530232, 30.19832399426108], [70.63908573391647, 30.176510935480522], [70.66290270553668, 30.155754214404382], [70.64627615799222, 30.11679839011368], [70.66489794691384, 30.068533996909096], [70.62927720688255, 30.094199199821155], [70.59440197134892, 30.087164987416756], [70.58248572442557, 30.097543683782423], [70.59316514533249, 30.14169186824735], [70.56934169136476, 30.162460094632365], [70.4758624959742, 30.163760162236613], [70.40714339072709, 30.100649046288872], [70.34910686640299, 30.081711461506522], [70.2462432266698, 29.973430695414965], [70.09993068249373, 29.972561901652394], [69.9960482000971, 29.902542248207517], [69.89650962176705, 29.89832938141456], [69.80793100326646, 29.92743623056985], [69.77312751747091, 29.909585392729102], [69.75649115263812, 29.865142209657275], [69.74968581545103, 29.908616502350394], [69.77804955557453, 29.953547944340567], [69.84718047873469, 30.01110897596643], [69.87634447814523, 30.017789615985052], [69.89906799362184, 30.051553110303008], [69.87530286336062, 30.066977377270078], [69.7872318664783, 30.074293772182642], [69.74104875548302, 30.03957162710011], [69.75185828918916, 30.083795006741898], [69.71681828297793, 30.076897533440192], [69.71073386563471, 30.087598594425412], [69.76763889742475, 30.17201732226962], [69.75471505971275, 30.23172234227986], [69.80610420747406, 30.299504761381854], [69.88695333989233, 30.357532989683417], [69.89790165316775, 30.396308739942118], [69.89547823522068, 30.52219342934012], [69.91845378282122, 30.545029066458614], [69.9180410347944, 30.56692812299402], [69.94696324202741, 30.584524290905346], [69.96942182707453, 30.63473742596112], [70.03943804659015, 30.64303445457354], [70.06249713695239, 30.660401961703233], [70.06208836627471, 30.682299012419527], [70.02663492620451, 30.702787235715576], [70.04345474962263, 30.741821353513444], [70.04177283629534, 30.834930216969745], [70.06396287570242, 30.901599545531067], [70.06291175476355, 30.96187358356797], [70.12079756547452, 30.991584518589786], [70.14997006704287, 30.9927453752574], [70.17772107821752, 31.07609961335985], [70.2469440885818, 31.122727067300445], [70.30522997946336, 31.12506456761433], [70.31660358328142, 31.14196973267365], [70.31012494906057, 31.180089770740143], [70.37346713853036, 31.226500970763777], [70.46598406741815, 31.26862191538374], [70.54793105555116, 31.24456711206768], [70.6407278904305, 31.26484316775797]]]}}, {"type": "Feature", "properties": {"na": "NA-133", "src": "commons-1993", "approx": false}, "geometry": {"type": "Polygon", "coordinates": [[[70.56375246328967, 30.151290842215246], [70.58162146578286, 30.135714422851372], [70.57094116666852, 30.091565831155325], [70.58881694907092, 30.075997537031714], [70.6236938892427, 30.083031945453996], [70.70750090157645, 29.994114632125694], [70.6971256020666, 29.93910110569892], [70.73965539863153, 29.870196021586825], [70.72374727363513, 29.804046445343463], [70.76525319415227, 29.77874430985861], [70.76579285146633, 29.756974846821347], [70.74326920105163, 29.723223746538494], [70.74435973253992, 29.679692040763005], [70.7048793360537, 29.623354661818226], [70.60198302024145, 29.53135435565822], [70.60309732660056, 29.48783114622817], [70.58000704019963, 29.47585133820053], [70.58141253170834, 29.421455235002522], [70.54149144158534, 29.381452809497386], [70.54804751149811, 29.354535042299435], [70.58412188037425, 29.318133406332542], [70.49714287712257, 29.286792715833624], [70.48659827344035, 29.242738954386596], [70.45193454210859, 29.224769783327044], [70.39213581824363, 29.270973692338686], [70.134932593311, 29.24278502636057], [70.01102789327906, 29.269915140399995], [69.94653283278501, 29.26704405657504], [69.87096410065222, 29.23642927607364], [69.80641946468572, 29.233596300042052], [69.78908354447827, 29.221925796586028], [69.68887816079736, 29.233949966908064], [69.67072787032805, 29.25500450963808], [69.67567141261453, 29.2934336454006], [69.65126414738488, 29.330613800879622], [69.6097672805778, 29.345235622149584], [69.59150145595646, 29.371776018584885], [69.58932850688167, 29.4645684492309], [69.57695429594982, 29.491376324513716], [69.64027291544642, 29.548675066263748], [69.6694902079867, 29.555364965374967], [69.70955963546416, 29.600767849977235], [69.7485098162372, 29.69531688412023], [69.68314653590093, 29.730858192026364], [69.67691886665683, 29.747004207746755], [69.72227112200832, 29.81997326579007], [69.77981563892305, 29.87157897401813], [69.78496528666939, 29.9046064638137], [69.8198843885817, 29.916995028400525], [69.89089239020394, 29.887159036275154], [70.00214417216816, 29.891871691690923], [70.10602191645178, 29.961894298988074], [70.23491965167366, 29.95655038529404], [70.35519057599763, 30.071054464683435], [70.41322577238306, 30.08999491060669], [70.45883658709839, 30.141161637468926], [70.48194065169571, 30.15310699751594], [70.51719808525753, 30.143752309524658], [70.56375246328967, 30.151290842215246]]]}}, {"type": "Feature", "properties": {"na": "NA-134", "src": "commons-1993", "approx": false}, "geometry": {"type": "Polygon", "coordinates": [[[70.45222385456056, 29.213894687875488], [70.46655603070981, 29.116595191577343], [70.45544358193895, 29.09429812101269], [70.38638867193109, 29.047482583839887], [70.4058924920427, 28.97766866982074], [70.35743313605175, 28.823037584774152], [70.35913027238313, 28.76329810426391], [70.30654285204963, 28.755336090020773], [70.28356062113461, 28.73792100927976], [70.28558333254028, 28.66732454539547], [70.25689227759, 28.644198038129982], [70.21599577720484, 28.636802834798978], [70.2052044123842, 28.6036603427637], [70.11101259070205, 28.61005750109223], [70.1057669277801, 28.58805223379324], [70.12971218331897, 28.57287179038844], [70.08893953965503, 28.560060533621165], [70.05512664183323, 28.509511252035953], [70.02576548437995, 28.50812378339691], [70.008617785719, 28.49099778872318], [69.94987515831959, 28.48823711907127], [69.93843755538522, 28.476821244142045], [69.94494105976922, 28.45536672789956], [70.00972188392474, 28.45297881941626], [69.98161753638402, 28.40814464034495], [69.85247528485095, 28.396642617563963], [69.83705282075833, 28.319767549967935], [69.77903094350704, 28.289862108443025], [69.7610637989399, 28.299905880987055], [69.76599657257921, 28.33277679059183], [69.72434223800386, 28.347173584275048], [69.70127727597857, 28.329785699643715], [69.70190707261506, 28.308048772527393], [69.72591965870471, 28.292835642521503], [69.68456715995634, 28.29636676767708], [69.66754137790693, 28.273817188113973], [69.52001790673516, 28.27796587056381], [69.49598813867856, 28.29321311456732], [69.50745901537692, 28.304620076574945], [69.50110382823105, 28.32066837120608], [69.39458946511583, 28.332240706089976], [69.32385776435856, 28.32910899656341], [69.27216098087051, 28.277795544130502], [69.25446753829218, 28.277017936332076], [69.18127119848158, 28.361031440095154], [69.18642493293017, 28.388513564451888], [69.25674567542546, 28.407916898424414], [69.28562737102592, 28.430978841784242], [69.39860639982244, 28.615809518187806], [69.39787948329533, 28.643041251647695], [69.3503312315049, 28.657340989494813], [69.36067610793064, 28.712331904460267], [69.45301631775145, 28.78723195535341], [69.48102228793651, 28.842993033794027], [69.52695649234303, 28.888624162426694], [69.57372159523716, 28.9015668918793], [69.5958364708677, 28.957078057310742], [69.60018622600947, 29.017279053824794], [69.62833085628456, 29.06760609328049], [69.61562168503345, 29.10525586074827], [69.59211651440079, 29.10424313697309], [69.56354673049606, 29.070267324089443], [69.54591213490465, 29.06951007410014], [69.5455043776657, 29.08586739055803], [69.50340958558711, 29.122284962346193], [69.53213099846931, 29.15080599184743], [69.53173003691612, 29.167168990240057], [69.4658792641636, 29.21353647165219], [69.42498596342477, 29.20089656545277], [69.41205228666036, 29.249526477174822], [69.44629102654991, 29.294664225171005], [69.43185905681865, 29.408836942037954], [69.47786165340283, 29.454467194091333], [69.54222396521148, 29.468067709541476], [69.56533642008469, 29.485426566978347], [69.57771144157276, 29.458617706321956], [69.57988430218053, 29.365823454577512], [69.60415449900864, 29.334073923868907], [69.63965113485683, 29.3246581311028], [69.66406003681067, 29.287476326246946], [69.65911603980865, 29.24904666549855], [69.67126132300608, 29.23319120358866], [69.71877416250453, 29.213409896866864], [69.87710374194359, 29.225789720654518], [69.95267035645222, 29.256407854605538], [70.00544036041032, 29.25875889240636], [70.12935301479155, 29.23163054701076], [70.38656964726377, 29.259821144262325], [70.45222385456056, 29.213894687875488]]]}}, {"type": "Feature", "properties": {"na": "NA-135", "src": "commons-1993", "approx": false}, "geometry": {"type": "Polygon", "coordinates": [[[71.74409973181577, 30.458015640428247], [71.727236473831, 30.435398044214747], [71.65845505029726, 30.399302335164172], [71.50880174269052, 30.342893186506018], [71.42883386777791, 30.284511948354766], [71.31175957598462, 30.31695723897722], [71.2518794689213, 30.390387378151697], [71.19389065540261, 30.38218082513827], [71.17670293312334, 30.37046279275322], [71.17783496815967, 30.32145035398384], [71.1435816684338, 30.292568838632818], [71.13335169840589, 30.23212278642956], [71.14549782214047, 30.21090007259852], [71.11111245309134, 30.187463232641363], [71.06392722855342, 30.212481152166802], [70.95321872553035, 30.212738807938287], [70.82052551876221, 30.152044197511753], [70.73806897862232, 30.186455043611378], [70.7037147833452, 30.15760611326437], [70.68747064546056, 30.102299829236944], [70.66997704054867, 30.101503377687685], [70.65781525719026, 30.122778737663552], [70.6749359545664, 30.139927180562495], [70.67444051344332, 30.16173448672478], [70.6506251941591, 30.18248987979439], [70.65584378770342, 30.21001857412183], [70.71303891929199, 30.261729165273284], [70.69446804038412, 30.310026850036067], [70.65248072705039, 30.362757081833948], [70.68091157820022, 30.396795198556802], [70.67333673635144, 30.478399159072495], [70.7548847056153, 30.482027801323245], [70.81858315545114, 30.50126941008586], [70.93557265907171, 30.47927246561679], [71.02828571156158, 30.499901066527432], [71.057001065452, 30.517598109849537], [71.04453835563619, 30.555226995819524], [71.09555609790736, 30.617616392448227], [71.17109565946963, 30.62111208633839], [71.2296618265495, 30.60201970699122], [71.34812324563373, 30.504008178163446], [71.45386668327794, 30.454599668493408], [71.55237748893757, 30.46485206657911], [71.58061182253599, 30.498919327321737], [71.62700182855927, 30.501200916834094], [71.65096518747251, 30.469710182501622], [71.69747197517735, 30.46657507799898], [71.73198749006778, 30.4791846990653], [71.74409973181577, 30.458015640428247]]]}}, {"type": "Feature", "properties": {"na": "NA-136", "src": "commons-1993", "approx": false}, "geometry": {"type": "Polygon", "coordinates": [[[71.42328871043895, 30.273348632619275], [71.29837030659678, 30.1474411639405], [71.29930156936754, 30.109367746069523], [71.2422286591201, 30.063024355942588], [71.23762357016324, 30.013795227622], [71.20394080345055, 29.96315262958925], [71.16862403072457, 29.977768635654016], [71.12274264844538, 29.94831877124085], [71.05301840824475, 29.93951137046438], [70.96659618893463, 29.89724487033823], [70.93163850517065, 29.89558008191549], [70.83759363983172, 29.923832475731643], [70.79134977611021, 29.905314428060127], [70.78021553344156, 29.882991090165753], [70.75132047635972, 29.870739907697256], [70.70866152669116, 29.94508678734778], [70.71903593758572, 30.000099692296576], [70.67110828608813, 30.052449523142865], [70.67605896030844, 30.090867274885248], [70.70496269760156, 30.10309778504226], [70.70991750087353, 30.141517995915315], [70.73261247148088, 30.169835824127468], [70.74997342883977, 30.17608464805171], [70.77390888717584, 30.149899917485047], [70.81495084416856, 30.14087762239722], [70.95929296447893, 30.202115626625623], [71.05836406787616, 30.2013157212656], [71.09391696882034, 30.175745769900665], [71.11718812241016, 30.176852468293905], [71.15725877976911, 30.206011311043948], [71.14485557294974, 30.238120202649313], [71.1563586057137, 30.24411796150202], [71.1553383104571, 30.28767511987392], [71.1895885406531, 30.31655764490383], [71.18845391625358, 30.36556710935062], [71.22307561120688, 30.378113797974017], [71.25806778066641, 30.37432942975069], [71.30620657400665, 30.30579209230429], [71.42328871043895, 30.273348632619275]]]}}, {"type": "Feature", "properties": {"na": "NA-137", "src": "commons-1993", "approx": false}, "geometry": {"type": "Polygon", "coordinates": [[[71.20421300512868, 29.952277602949827], [71.18258077123068, 29.885897135291074], [71.1897845941356, 29.83182349367577], [71.13808963803477, 29.802077729522672], [71.1041282516887, 29.762319634447273], [71.09473187070438, 29.67479227248975], [71.11334773914656, 29.63218539081792], [71.06745473414658, 29.6027242582696], [71.09133701686311, 29.58214246529357], [71.08084009975498, 29.53811136281265], [71.09307720490911, 29.51696390686417], [71.06452060843628, 29.49379581359051], [71.01191028410071, 29.496636495074494], [70.97196606758708, 29.462036114473488], [70.90708370773032, 29.4860624213449], [70.87208064931566, 29.484360436551494], [70.81559822427809, 29.410882750270005], [70.69384419802721, 29.37236127104708], [70.62943847222007, 29.374727838713063], [70.61276882016021, 29.34127126594362], [70.58967908932233, 29.329285223493972], [70.55332377821962, 29.376565154779104], [70.5932409515662, 29.416568372682622], [70.5918325829873, 29.470961171077747], [70.61492120664434, 29.48294209286503], [70.61380459862905, 29.52646265845277], [70.71669141814466, 29.618465663169193], [70.75616703473342, 29.67480284307149], [70.75507420158895, 29.718331905004664], [70.77759503843167, 29.75208279712602], [70.77678467372769, 29.78473567887074], [70.73528165520642, 29.810035704591048], [70.75158492705033, 29.859850718151577], [70.84368692435005, 29.91321849305374], [70.92607961753377, 29.88441990660649], [70.97269103419629, 29.88664137491839], [71.05911037227136, 29.928911334861453], [71.12883394384575, 29.93772303417725], [71.17471333887386, 29.967174322332912], [71.20421300512868, 29.952277602949827]]]}}, {"type": "Feature", "properties": {"na": "NA-138", "src": "commons-1993", "approx": false}, "geometry": {"type": "Polygon", "coordinates": [[[70.97225754341227, 29.45117200027241], [70.97298870487717, 29.424013669142173], [70.93887117991189, 29.389702525868767], [70.92823466342317, 29.351110510170138], [70.95814847539447, 29.325399688293263], [70.96009621861204, 29.254822959845683], [70.98419216737553, 29.228847442583128], [70.90984055796395, 29.170791863503958], [70.78781366142246, 29.1430129540192], [70.80609689029731, 29.11673149045917], [70.84160126961596, 29.102181309077263], [70.84790179461423, 29.086189268293587], [70.83068567202562, 29.074464967205472], [70.80716545293036, 29.078734539368924], [70.80162977267959, 29.067590051934438], [70.78364320042697, 29.08300777265126], [70.7544278473196, 29.081568323850902], [70.73166180119601, 29.058703551205824], [70.68429340179168, 29.078130694965456], [70.64488677679394, 29.02183291115061], [70.64549737509519, 29.000114592114816], [70.60562890871078, 28.960109772587632], [70.4841233849227, 28.905272511180744], [70.45592507960382, 28.86584458620223], [70.40984575340993, 28.83643233655916], [70.38718638090769, 28.808151153909414], [70.39381790265705, 28.78128212700723], [70.37717427884114, 28.74785546965124], [70.36930377339894, 28.818168223443074], [70.41775262710112, 28.972794048162097], [70.39824588229563, 29.042602334897317], [70.47299861008302, 29.095134075507122], [70.47620526121753, 29.1932529005181], [70.46377928385886, 29.219884283175933], [70.49844052107481, 29.237855124874958], [70.50327830550637, 29.27619312511595], [70.5845543335697, 29.301823118772695], [70.62460019646112, 29.33639157922834], [70.6355679649253, 29.36413213328145], [70.69997375964245, 29.361770143728936], [70.82172510394139, 29.400297731175108], [70.87820264373208, 29.473774951019685], [70.97225754341227, 29.45117200027241]]]}}, {"type": "Feature", "properties": {"na": "NA-139", "src": "commons-1993", "approx": false}, "geometry": {"type": "Polygon", "coordinates": [[[70.72756615490401, 31.290382065331677], [70.7915004173368, 31.2930743412888], [70.79769796045973, 31.271431707394143], [70.82123423012796, 31.256004343608957], [70.91359661224716, 31.292800222964505], [70.93731887192969, 31.266452203252605], [71.00118964547335, 31.269217886938122], [71.01890578230054, 31.253573696819107], [71.1468847093839, 31.242790235672793], [71.24178807396254, 31.137695524093722], [71.28260015330001, 31.128614804508555], [71.28346220221928, 31.084942831930096], [71.3131139106633, 31.053520445211323], [71.43464175194299, 31.070049357725523], [71.47465230586212, 31.09921093915067], [71.50251795195449, 31.155112217304737], [71.57190490944522, 31.163812064461816], [71.66587585824631, 31.102751070421096], [71.68902828924593, 31.10385375714117], [71.69584336897405, 31.05507732811414], [71.75593768327171, 30.95435243784993], [71.75653048697204, 30.927121026894074], [71.71696002061347, 30.88158436203442], [71.71743927577401, 30.859801753964927], [71.77039434672658, 30.82423452890753], [71.7541250278898, 30.77439228659251], [71.77753212446613, 30.76464615471946], [71.78307539266794, 30.775816129895034], [71.78332199881704, 30.764931476460955], [71.72073336187738, 30.71281588691696], [71.7154374080863, 30.690762221553822], [71.66921329052852, 30.683046099832282], [71.61250133799231, 30.625784763715078], [71.60745445861892, 30.592846283638096], [71.58451426527907, 30.580828432623452], [71.57959676698668, 30.54245013772055], [71.55690519265877, 30.519548806101966], [71.56346746056684, 30.487184246836346], [71.50583875297951, 30.468024320903503], [71.42434107676891, 30.474966863479988], [71.35368122963928, 30.515177013951075], [71.27055607044004, 30.593030370301282], [71.18259581823006, 30.62710369581963], [71.18176870318983, 30.665265946109947], [71.15167316241465, 30.71299952457207], [71.17398128597878, 30.75770097759058], [71.17329268606368, 30.790427880903007], [71.14379989506763, 30.810918519037028], [71.15395071146911, 30.882381986719057], [71.13586413151644, 30.914335790975795], [71.08348851727212, 30.917432461204264], [71.06639327493895, 30.900270423830055], [71.00270549388146, 30.88648407266342], [70.88042528422076, 30.89198941636908], [70.77395231054798, 30.980320958334442], [70.70435295478252, 30.966382719122905], [70.66331233859067, 30.981046223925212], [70.63932192364491, 31.018342390733263], [70.63693424562568, 31.149652432832465], [70.70536723112664, 31.229200045132657], [70.72756615490401, 31.290382065331677]]]}}, {"type": "Feature", "properties": {"na": "NA-140", "src": "commons-1993", "approx": false}, "geometry": {"type": "Polygon", "coordinates": [[[70.66351754764247, 30.97010906276142], [70.69874146613294, 30.955198172361328], [70.76834423117471, 30.969136803608638], [70.87482650426877, 30.880808128815307], [71.00873569111819, 30.87582420749918], [71.07242247389323, 30.889614138505944], [71.08951657081006, 30.90677633543108], [71.13027896837943, 30.90315654865139], [71.14278490997772, 30.860025355764638], [71.13229740351353, 30.804931901021824], [71.1617922651335, 30.784439710003085], [71.14017099547756, 30.70701075345681], [71.17026858085698, 30.65927508649277], [71.17085864503689, 30.632015242276083], [71.08950919063587, 30.628254882058933], [71.03279120597965, 30.560145224833892], [71.04525244551124, 30.522513138141775], [70.92951648417115, 30.489913775400645], [70.82417100424608, 30.51244340296649], [70.67310610202237, 30.48931621811969], [70.67150748189127, 30.565748139433715], [70.63565747811315, 30.607904000457918], [70.60048023354423, 30.6173057124309], [70.61113858497994, 30.666978646440786], [70.63432810007201, 30.67345309570025], [70.65136122390943, 30.69606503959386], [70.65081504619747, 30.723382501499117], [70.63291089390276, 30.744482763290257], [70.67302211528894, 30.779033139449393], [70.66655657146119, 30.811570425338708], [70.63162389132376, 30.810065362060246], [70.6651795602788, 30.882627855144356], [70.66351754764247, 30.97010906276142]]]}}, {"type": "Feature", "properties": {"na": "NA-141", "src": "commons-1993", "approx": false}, "geometry": {"type": "Polygon", "coordinates": [[[70.79964808744887, 29.138158692276537], [70.91598305439494, 29.160227607630667], [71.00722607660246, 29.24086833214207], [71.02518365765714, 29.22546505923517], [71.04851681968108, 29.226637203744723], [71.0655567848301, 29.243795411388014], [71.0646444090159, 29.276353115296928], [71.07615588685654, 29.28236568006714], [71.0882742500855, 29.266673861804822], [71.10576714912273, 29.267555937663662], [71.14581490777097, 29.296745680783655], [71.19919006232716, 29.266861923855082], [71.2921067486895, 29.282480529845948], [71.30391148344428, 29.277657928182215], [71.31082467801406, 29.240008100845344], [71.32861213969196, 29.230070369646082], [71.36938158589938, 29.232185747917146], [71.38638059286166, 29.249353468769648], [71.4507371613362, 29.241859299910182], [71.49603731120021, 29.287647574119358], [71.57183001966963, 29.286216041971823], [71.60202781267233, 29.249846116451895], [71.5856975926658, 29.211011171633057], [71.63320274170636, 29.181010858361752], [71.63368934961039, 29.164771045336824], [71.61656243346376, 29.153009324898857], [71.53509910657107, 29.148662442710602], [71.44421452397232, 29.06791477022953], [71.25840529928408, 29.036465800712445], [71.20737587184423, 28.984976989389967], [71.15504293465196, 28.976840132985824], [71.10189632953, 28.995814885054152], [71.0668849400012, 28.99402142298783], [71.04449481250921, 28.960302982133463], [71.00947043497564, 28.958515610007385], [70.9973182593262, 28.974186350618677], [70.97396472219388, 28.97300076192023], [70.91194510674444, 28.893835567440316], [70.85715562930805, 28.967112931923097], [70.82147553841497, 28.987061237024253], [70.83760602696171, 29.03676804623678], [70.86588508988896, 29.070780673413086], [70.85312921680462, 29.10818831730102], [70.79964808744887, 29.138158692276537]]]}}, {"type": "Feature", "properties": {"na": "NA-142", "src": "commons-1993", "approx": false}, "geometry": {"type": "Polygon", "coordinates": [[[72.23748450239735, 29.392977098697315], [72.209161157466, 29.369727569089857], [72.18879453757395, 29.27653944443372], [72.14406926897699, 29.219888074468567], [72.0921850538256, 29.206150079459633], [72.0799091461119, 29.22712172578042], [72.10842103331619, 29.24495930125998], [72.1079206489341, 29.261175552008517], [72.08985003599194, 29.281828165878334], [72.05503455510402, 29.279891444060826], [72.01009293027246, 29.228652012425705], [71.8272097109617, 29.121066862045947], [71.73984558545423, 29.12171743167265], [71.68021932710532, 29.167271947231967], [71.64516038882302, 29.170808208501253], [71.64467376530715, 29.187047700155876], [71.5971719313465, 29.217045571661], [71.6143015934688, 29.228805186097176], [71.61350086006163, 29.25588044125036], [71.58330512207105, 29.29224849251524], [71.6230656507037, 29.326905826767558], [71.72125797676533, 29.353834100765187], [71.73774078443482, 29.387258491081443], [71.80793486293908, 29.374757415603337], [71.82456410080012, 29.402766376527286], [71.85909042995979, 29.41547463679876], [71.87714861878283, 29.394764478309344], [71.89456761060725, 29.395709495865137], [71.91714994428101, 29.418621154978595], [71.92391709367931, 29.386464108912513], [71.94729828101532, 29.38231941589242], [71.98147811744884, 29.40586810049513], [71.95746087441705, 29.43165744884192], [71.9629444769703, 29.44279798534787], [72.0560994322797, 29.437061058253637], [72.09637740224497, 29.450119095419478], [72.13149527433436, 29.441225822371482], [72.15918920017303, 29.486104156214804], [72.17657975450746, 29.487069148447215], [72.18351243909832, 29.44953346147167], [72.21298509674696, 29.434928383285843], [72.23748450239735, 29.392977098697315]]]}}, {"type": "Feature", "properties": {"na": "NA-143", "src": "commons-1993", "approx": false}, "geometry": {"type": "Polygon", "coordinates": [[[72.52734012566977, 29.7829942124113], [72.55720799337988, 29.752189161181846], [72.53536418639058, 29.707626317164593], [72.54260366913331, 29.659306477141886], [72.56606210879625, 29.649817374046815], [72.57730156567014, 29.66128677661055], [72.6479935911087, 29.622045823076814], [72.642873054151, 29.600104915340815], [72.66616323670395, 29.596039890189765], [72.68500528802129, 29.548441506817028], [72.71407576142722, 29.544724248393496], [72.72614039624767, 29.52920218972618], [72.71542306136764, 29.50153482096192], [72.73922296091179, 29.481297022935575], [72.73990343258747, 29.45970852677171], [72.72851208664959, 29.453633135934748], [72.72936582838415, 29.426649492877306], [72.67256748798044, 29.390878070907434], [72.65590099421749, 29.368274996621686], [72.657105389094, 29.330500448840155], [72.69337452520679, 29.283986169305983], [72.74052147645452, 29.259756350342407], [72.7063430808, 29.24151998966339], [72.71283136857132, 29.22029114364483], [72.78890815501252, 29.19781139778139], [72.67882282045214, 29.196662997776464], [72.62603815989185, 29.215162823771585], [72.52745183299109, 29.21479238978436], [72.46513495921207, 29.16791188179324], [72.3192291905783, 29.191943919048693], [72.251195918969, 29.13936629797065], [72.26556259334862, 29.053641700215202], [72.29596238710484, 29.01213030160894], [72.32478432379892, 29.0192020320378], [72.34095167022468, 29.057984161503875], [72.41825658426134, 29.003011912991507], [72.46169635887807, 28.91910484269107], [72.46278110464563, 28.886756968956654], [72.51189451636758, 28.80865994985366], [72.51300057476081, 28.776331398845574], [72.38707538652969, 28.720259289139673], [72.28031670679471, 28.61135878753064], [72.22691404380762, 28.473227613212128], [72.21794506679059, 28.397126019524592], [72.1799339157164, 28.31931605491678], [71.90930629910592, 28.060509955028643], [71.87441478302482, 27.896586212237228], [71.68454224622471, 27.815324501448362], [71.21833860987138, 27.75634147482693], [71.102852957042, 27.706680784568558], [71.09336975602211, 27.80887339599648], [71.04995313196791, 27.876799519877835], [71.0484588560084, 27.91999429355242], [71.01204794402072, 27.955891790661813], [71.00472230910606, 27.998789378359234], [70.91222725510113, 28.134610363837908], [70.89933781819835, 28.35066492499853], [70.88040905495822, 28.39304514012787], [70.892862234524, 28.556377069504705], [70.9656799810821, 28.663202857620796], [70.98122506736786, 28.7291086928124], [70.99825678384894, 28.746263853677306], [70.99760065349275, 28.767934018408145], [70.97991343410895, 28.77245075446903], [70.97861084094862, 28.815799963544904], [70.99532199494021, 28.843793666447706], [70.99467603469493, 28.86547187202519], [70.97083384091306, 28.880539339428232], [70.99371133187324, 28.897992530744173], [70.98123321060703, 28.924501387267377], [71.00978876940928, 28.947673143200912], [71.05065096453144, 28.949760527282848], [71.07303885334001, 28.98347851535623], [71.17869738759916, 28.967210316327648], [71.21353022658468, 28.97444434262594], [71.26455621777555, 29.02593363260121], [71.45036318515267, 29.057393621212793], [71.54124237032602, 29.138142810147723], [71.62270533217402, 29.142495095515933], [71.64548551075798, 29.159982439123638], [71.67472982048925, 29.156134297495154], [71.73436115217203, 29.110581324162112], [71.83335451683224, 29.110569188616623], [72.01623049860038, 29.21816069948192], [72.06116871325757, 29.26940022382841], [72.08437961967147, 29.2706922469142], [72.09648313520421, 29.255121684069795], [72.06813567405511, 29.23187969983162], [72.08671756735987, 29.195015755878373], [72.15020730478115, 29.209406636450936], [72.20056028719993, 29.271788474301704], [72.2154549192359, 29.353836429399067], [72.24924176368371, 29.38822318159976], [72.22441365990395, 29.44098354571664], [72.18882128483759, 29.4660801167862], [72.18801077535265, 29.49312189037447], [72.24499154871923, 29.528798893640765], [72.24933583195944, 29.57779956000804], [72.31176494515438, 29.62462217286655], [72.31112563119468, 29.646258249082], [72.27526983066993, 29.682196107968235], [72.30327393326603, 29.716266480119877], [72.35505723630213, 29.729984572701706], [72.41182008220399, 29.771083894521276], [72.52187617399485, 29.771852294985656], [72.52734012566977, 29.7829942124113]]]}}, {"type": "Feature", "properties": {"na": "NA-144", "src": "commons-1993", "approx": false}, "geometry": {"type": "Polygon", "coordinates": [[[73.92708072153887, 30.234207534612043], [73.93500483691236, 30.164528904253107], [73.77805207602563, 30.03591229831688], [73.40186645161032, 29.910068395667693], [73.35666164069586, 29.880303249657654], [73.3576743035419, 29.84794782896457], [73.32262296613952, 29.862027387168304], [73.32737286903658, 29.894737290517067], [73.31552337090096, 29.90482862497768], [73.26979123501489, 29.891259471692532], [73.1991826485581, 29.935678420602596], [73.21416841428656, 30.01227817772038], [73.19656582925289, 30.02204790131384], [73.19607920130207, 30.03824536178233], [73.25204080057506, 30.095660345497944], [73.2528491522275, 30.06866502256789], [73.28195683028753, 30.059585866772565], [73.29873672938817, 30.076812350453796], [73.29776446373755, 30.109202491830967], [73.31519078346886, 30.104835655023802], [73.34315174151646, 30.1335485844985], [73.37191652794348, 30.135273036230693], [73.41283119296595, 30.11610737943864], [73.41793121466148, 30.138040850259483], [73.4185827178613, 30.116454378784436], [73.43632702695751, 30.101308683284767], [73.4593302096096, 30.102701670549507], [73.45162158576338, 30.167106050723145], [73.46822098823498, 30.18973465974972], [73.54261696654186, 30.205053029895446], [73.57004791929324, 30.249965214614665], [73.60516582437322, 30.230482181788467], [73.62684090781983, 30.275044920768618], [73.64374510029796, 30.28688690360054], [73.6900043262919, 30.278908478508935], [73.71740678524348, 30.323823793050543], [73.75249333884145, 30.304364974261535], [73.80922040641485, 30.32947898339147], [73.8380668091783, 30.325862853451405], [73.89690628188508, 30.280914032420203], [73.92708072153887, 30.234207534612043]]]}}, {"type": "Feature", "properties": {"na": "NA-145", "src": "commons-1993", "approx": false}, "geometry": {"type": "Polygon", "coordinates": [[[73.35225565796489, 29.836813009042398], [73.27865743031148, 29.610876638521777], [73.25473706321019, 29.63641638911447], [73.16844243475708, 29.62577224517023], [73.10621134893258, 29.584196235036043], [73.06600147682465, 29.576371955730547], [73.00608278710051, 29.64303986248176], [72.93665844584042, 29.644322947669334], [72.83390277724934, 29.600412222142726], [72.75268938775243, 29.606475434885475], [72.68978423497495, 29.58117761381003], [72.67161241736332, 29.607176693218936], [72.65427011040975, 29.606174158426803], [72.65939020826376, 29.62811486254725], [72.5827582516927, 29.672425836001178], [72.55995339378718, 29.660295874748186], [72.54741433579713, 29.692066661251207], [72.56893163467353, 29.74743971358937], [72.60281398820358, 29.776443169825875], [72.64407611455707, 29.75172607596608], [72.67777905528196, 29.786140099865193], [72.78158820795055, 29.797530715165156], [72.79842421205134, 29.814741662050977], [72.79729298808071, 29.85256432696658], [72.82022355641652, 29.859302749207522], [72.85534152648597, 29.8451024333045], [72.86656040563078, 29.856577875523246], [72.87616711912369, 29.92208234636162], [72.9106233605602, 29.92949511166529], [72.95790190162492, 29.894372116033495], [72.96862712990848, 29.92205389619289], [72.94491168861373, 29.942315096493004], [72.97278319141869, 29.976411491536716], [73.00241886404196, 29.951086516342855], [73.02515795904209, 29.963241060497264], [73.04293826623508, 29.94805403882896], [73.07159768886207, 29.955151264211835], [73.12825169639228, 29.990953371588354], [73.10999618165869, 30.022334305040772], [73.1269582266891, 30.034154868425237], [73.15624674222285, 30.01965655782696], [73.16298156288345, 29.987601832853368], [73.19260085061728, 29.962322486841096], [73.1878260341586, 29.92959348099902], [73.26436592117608, 29.880122851232585], [73.31010019039614, 29.89369218990429], [73.31127505772776, 29.855936118271078], [73.35225565796489, 29.836813009042398]]]}}, {"type": "Feature", "properties": {"na": "NA-146", "src": "commons-1993", "approx": false}, "geometry": {"type": "Polygon", "coordinates": [[[73.24932030937003, 29.625284917933534], [73.27900606540608, 29.600098714034804], [73.24740381895842, 29.506379118568724], [73.07802621792044, 29.209928253348377], [72.9500775260905, 29.056398508071982], [72.94017461192736, 29.007233285084446], [72.90080912445326, 28.972453408552518], [72.76343763173392, 28.92092720488555], [72.52440971058915, 28.782410745859394], [72.52330362097227, 28.81473865412685], [72.47419347749477, 28.89283226735273], [72.47310870050354, 28.925179498346516], [72.42967177063939, 29.009083280524596], [72.38768208764117, 29.04987875754793], [72.3463995806008, 29.069113072840477], [72.30141117516291, 29.023258714596587], [72.27698859796982, 29.059706042557423], [72.26296643065294, 29.13462835712672], [72.32536893425961, 29.181476388578325], [72.38401813271581, 29.16321417666018], [72.47127618541286, 29.15745599640521], [72.5335899265245, 29.204338087689752], [72.64971355868843, 29.20034566127264], [72.67338922573303, 29.185534803734875], [72.80065194774245, 29.193113066781336], [72.79415802485478, 29.214329504962766], [72.72422461143047, 29.226370241276832], [72.71808808982118, 29.236812472819945], [72.74665647084205, 29.249314331533864], [72.75191259144638, 29.265835822501312], [72.68093625337288, 29.310277896872343], [72.66764127292983, 29.363555998810853], [72.74109969620422, 29.421932958104335], [72.74024451593456, 29.448914948760333], [72.75163503050055, 29.45499089647712], [72.75061344425413, 29.487372327911736], [72.72681519704598, 29.50760879793155], [72.73753166933041, 29.535276080835022], [72.71952029744853, 29.555859498565066], [72.69639946830384, 29.554513395284754], [72.69011764910732, 29.570377148176174], [72.7361888061762, 29.578467368001213], [72.75880151106891, 29.59601366334455], [72.84001524698277, 29.589956519297328], [72.94276795611498, 29.63387186246512], [72.97739837948795, 29.63592726536313], [73.0125322608313, 29.621804188461816], [73.04886405199754, 29.56993909503338], [73.09519195082942, 29.567324454620785], [73.17455303643179, 29.615338594169746], [73.24932030937003, 29.625284917933534]]]}}, {"type": "Feature", "properties": {"na": "NA-147", "src": "commons-1993", "approx": false}, "geometry": {"type": "Polygon", "coordinates": [[[70.69044225109515, 29.067556378743294], [70.73781186482579, 29.048133653546202], [70.76057638372765, 29.070998638925854], [70.80777916768315, 29.057024452814144], [70.84820911217282, 29.075335309915538], [70.85435794284861, 29.06477246556887], [70.809168289092, 29.008183291253783], [70.80994496701194, 28.981053221354035], [70.84562754681693, 28.96110313848996], [70.90642217388547, 28.882695946722126], [70.95219418648942, 28.91759569011354], [70.98012011991909, 28.962452677499154], [70.99779426222366, 28.957921156415193], [70.96939514356659, 28.929328788916486], [70.98187236996259, 28.902817392631718], [70.95899292855151, 28.88536498459514], [70.98315746874766, 28.85945476392483], [70.96676674793525, 28.820621199268288], [70.96839352483084, 28.76643249990482], [70.98640976614168, 28.751079462116767], [70.95851362378315, 28.70623598521827], [70.95382701677472, 28.66801617093627], [70.8810002699612, 28.561189871535454], [70.86870917078654, 28.39243650692193], [70.82156099159288, 28.400836225510393], [70.7912824559207, 28.43181400682904], [70.7498094532945, 28.445958526634826], [70.60946042408113, 28.43339740224983], [70.56762689412335, 28.45843044525989], [70.5667999380824, 28.485532094504574], [70.52464534968765, 28.521434488216457], [70.389700616721, 28.520198889788983], [70.37765334625051, 28.530474358163936], [70.37540923703429, 28.60643847587655], [70.29730883110479, 28.667888166342756], [70.29543910790913, 28.733050837312266], [70.35944067889525, 28.75243783235431], [70.3833451685617, 28.737279612543464], [70.40568921066567, 28.7764180715988], [70.39905652221366, 28.80328500241949], [70.42171336885093, 28.831566307388016], [70.46208813393247, 28.855267144360987], [70.4902838187625, 28.894694669742155], [70.61178559340621, 28.949537041098942], [70.65734578960868, 28.995257500377942], [70.65673404047934, 29.01697449749258], [70.69044225109515, 29.067556378743294]]]}}, {"type": "Feature", "properties": {"na": "NA-148", "src": "commons-1993", "approx": false}, "geometry": {"type": "Polygon", "coordinates": [[[70.55524965707926, 28.479524782121917], [70.5559109185932, 28.457842810875565], [70.5098669412109, 28.428394631590145], [70.49997661899992, 28.368187146741334], [70.39644949926718, 28.29787659099125], [70.40365958077167, 28.254811511369795], [70.39277288840525, 28.227129981901207], [70.35807990113376, 28.209115203289752], [70.28765842853468, 28.205615871631625], [70.25160048185855, 28.230982396586203], [70.21637641468213, 28.229251055345745], [70.18801934401571, 28.19527738359379], [70.18885744778729, 28.168167551648082], [70.16570025755918, 28.15617116985922], [70.12424551002051, 28.165005008752956], [70.11199521194503, 28.180702004536634], [70.06515667941925, 28.172995711993625], [70.04065731644543, 28.20440815502321], [70.05175064494492, 28.226676509038626], [70.02758937558121, 28.24724959963576], [70.02677245767788, 28.274383134981274], [69.98482551807446, 28.29955609538357], [69.98401822571907, 28.326699043682957], [70.0070391246393, 28.34410357308156], [70.04052231091178, 28.40550068293094], [70.03956569285111, 28.438078723210097], [70.00924785147019, 28.469271993334385], [69.95034529892344, 28.471939322984092], [70.0613135766962, 28.4989274252774], [70.09512311649289, 28.54947602769113], [70.14160635307361, 28.56799922298777], [70.11719286166401, 28.599471544107864], [70.2113849776139, 28.593081226357715], [70.22217415590039, 28.62622249372915], [70.26307011803237, 28.63362006589235], [70.29762242915896, 28.657029284679126], [70.36384569571157, 28.600440930558605], [70.36608973207262, 28.52447531311786], [70.38416204979576, 28.50906186098032], [70.51911432870614, 28.51029876159662], [70.55524965707926, 28.479524782121917]]]}}, {"type": "Feature", "properties": {"na": "NA-149", "src": "commons-1993", "approx": false}, "geometry": {"type": "Polygon", "coordinates": [[[69.75873336743042, 27.984438634833122], [69.84719933443856, 27.983222755389562], [69.86586655097929, 27.951525268130403], [70.00101060229633, 27.96350225498632], [70.0575979734459, 28.03685088762794], [70.1165448486652, 28.034309711430215], [70.14558573817455, 28.046596168144195], [70.14925604782717, 28.117355130377153], [70.16654184057987, 28.129063058639776], [70.16603646701283, 28.14532759033617], [70.2007710209089, 28.163323319709516], [70.19993147860221, 28.190431499253776], [70.22258152533853, 28.21869489922676], [70.2460648226114, 28.21985000192785], [70.28212572957773, 28.19448435672668], [70.36428616465342, 28.1985699735539], [70.39897792828471, 28.216586069540565], [70.41555906819393, 28.24997906886931], [70.40834695686569, 28.293041060968402], [70.51186573112986, 28.363355637196054], [70.53313924706636, 28.434987612975213], [70.56795866530051, 28.447590567310996], [70.60393742657857, 28.422264336152825], [70.74429390217058, 28.434826586477104], [70.78576976552186, 28.42068277017518], [70.82792529724402, 28.384898049601073], [70.87490282354587, 28.38191559005587], [70.88781081560968, 28.344642019980743], [70.90070046264273, 28.128582949004418], [70.99320165566435, 27.992755805143457], [71.00052766723545, 27.949857135580345], [71.03694105252318, 27.913957539337712], [71.03843528685115, 27.87076190867563], [71.08185477126972, 27.80283281804223], [71.09133829170267, 27.700637946390803], [70.854621727709, 27.590327506059577], [70.71936608301621, 27.593830108170994], [70.627420663576, 27.702576613712964], [70.60063205018501, 27.79863037322214], [70.497986274735, 27.87996757619382], [70.40371693427193, 27.885963221959575], [70.37489491140752, 27.868227786655783], [70.29872347140271, 27.858932752388284], [70.2071957411091, 27.778391927829514], [70.12060666927239, 27.725231644764452], [70.05483995109415, 27.754491632927056], [70.00759699798911, 27.757574360790606], [69.95341023106475, 27.79289096179072], [69.91186347450514, 27.80171327865981], [69.7962431789132, 27.91559201202935], [69.75873336743042, 27.984438634833122]]]}}, {"type": "Feature", "properties": {"na": "NA-150", "src": "commons-1993", "approx": false}, "geometry": {"type": "Polygon", "coordinates": [[[70.02194510731665, 28.437242978227726], [70.0286149046692, 28.41037165264427], [69.9951269226247, 28.34897356959207], [69.97210407325358, 28.331569823472822], [69.97323325736274, 28.29356816424064], [69.99151344730286, 28.272696465617045], [70.01518309896205, 28.268393094073794], [70.01599999084567, 28.241259023111102], [70.0401629125454, 28.220684604507436], [70.02906872665424, 28.19841627175466], [70.0596126961115, 28.16186268974494], [70.10645357124662, 28.169569281630434], [70.1187051351193, 28.15387273103912], [70.1541203997754, 28.150173492914213], [70.15462491022136, 28.133907969776956], [70.1373377265572, 28.122200711593933], [70.13366340488086, 28.051437896797278], [70.05138072323923, 28.047407587799235], [70.01209061833521, 27.985761407477625], [69.97143227350783, 27.967491994099664], [69.87141363660926, 27.962655830528266], [69.87073920597626, 27.984351905953346], [69.85274863267729, 27.994354156509846], [69.7584000647804, 27.995291723208464], [69.7562473695804, 28.06584768629467], [69.70081548833227, 28.14480414099878], [69.71686216870611, 28.199938521474387], [69.64494446639083, 28.24012958422314], [69.63842360715728, 28.261594970875205], [69.67374428900226, 28.2632208135912], [69.69076856990453, 28.285770219947455], [69.73212124186136, 28.282242129139643], [69.7373710941962, 28.30424709903239], [69.71320335732324, 28.324893849610635], [69.7305402638523, 28.336576743315362], [69.75438887684511, 28.326798036929592], [69.74945565369421, 28.293926709462387], [69.76169991472298, 28.278176010190208], [69.82608833665908, 28.292059825813784], [69.84897351307747, 28.314886896017033], [69.85866989121122, 28.386051605253382], [69.98781121337181, 28.397561785987953], [70.02194510731665, 28.437242978227726]]]}}, {"type": "Feature", "properties": {"na": "NA-151", "src": "commons-1993", "approx": false}, "geometry": {"type": "Polygon", "coordinates": [[[69.09777857248311, 27.769086197787814], [69.14570831290092, 27.749469307346953], [69.17840719195264, 27.647591829168654], [69.23378177464562, 27.579437473817322], [69.21639491276834, 27.56776529619087], [69.21690578623975, 27.55147977269327], [69.24088443070673, 27.541712851017888], [69.22940824430853, 27.530312175984477], [69.15325253508908, 27.50506696954294], [69.1539369752679, 27.4833532617794], [69.20852174790997, 27.442387598685574], [69.1690459954577, 27.380784653341845], [69.03960189126876, 27.353091119886535], [69.02236827485315, 27.33599648538881], [69.01853986390756, 27.270599197688643], [68.97780006448443, 27.246994624242454], [68.88914360999932, 27.237524158643588], [68.88827488620389, 27.264667723896846], [68.80361891187444, 27.315246091354382], [68.7946411394567, 27.412771427691386], [68.75250174488194, 27.43267909515803], [68.72730543416822, 27.480561264636954], [68.70360598742128, 27.47952683038121], [68.68533467502205, 27.49506480608643], [68.66624558181354, 27.537799554181895], [68.82600416112165, 27.550210153529022], [68.87187751126349, 27.601218981644692], [68.88191126321718, 27.661541596283545], [68.95702776546334, 27.72473363302632], [69.03259774370552, 27.771626699715252], [69.05705801351695, 27.74549894381669], [69.09777857248311, 27.769086197787814]]]}}, {"type": "Feature", "properties": {"na": "NA-152", "src": "commons-1993", "approx": false}, "geometry": {"type": "Polygon", "coordinates": [[[68.85029525797657, 27.1542245760673], [68.84889414549099, 27.197648345654716], [68.8718949059, 27.220434164408747], [68.9840712554237, 27.236412059539933], [69.02480944940122, 27.260018003544975], [69.04586603650162, 27.342506478141825], [69.1401735933723, 27.357713406470765], [69.19252361178657, 27.387306343550758], [69.22017083979726, 27.448361464666093], [69.16524727711479, 27.500180663146725], [69.23566050142344, 27.519729954815567], [69.25253091919544, 27.5476861380457], [69.22838349985972, 27.56288023499211], [69.24576897082557, 27.574553082698156], [69.38230520663735, 27.55915655431708], [69.43648239708192, 27.529108175333906], [69.47347706624346, 27.481981041110597], [69.53910945180952, 27.463396263698062], [69.72197653177875, 27.472247558405343], [69.82753977896641, 27.49370608133501], [69.85772613208248, 27.47350409441044], [69.8871858198681, 27.474966533204082], [69.91591444865874, 27.498086833660043], [69.96266803605289, 27.511264372982133], [69.93006689573848, 27.42830868264167], [69.87224716233655, 27.392890042673372], [69.80998397168122, 27.31388618958161], [69.67248754138932, 27.18778904716832], [69.56475411873299, 27.225874692304213], [69.48580210599027, 27.28714749722287], [69.44499999742133, 27.268902953206183], [69.4399984026193, 27.241528653891862], [69.38145616482049, 27.222437767855986], [69.33580483778202, 27.17140894153824], [69.27112882792117, 27.157471311394954], [69.2191668972691, 27.11700908695677], [69.13705327337557, 27.09141825364518], [68.96588355232711, 27.0671453496315], [68.85029525797657, 27.1542245760673]]]}}, {"type": "Feature", "properties": {"na": "NA-153", "src": "commons-1993", "approx": false}, "geometry": {"type": "Polygon", "coordinates": [[[69.17263046861162, 27.83774547482931], [69.2315255200067, 27.845838006630885], [69.28368214903452, 27.880843803958534], [69.30729237288453, 27.881914899382334], [69.3264753823649, 27.833828821875663], [69.36778762190909, 27.835720075929988], [69.37859957181634, 27.868849128424447], [69.34172280220389, 27.916123715710587], [69.34713527423035, 27.932692012806015], [69.38335076673626, 27.907142357828704], [69.45413444576927, 27.91039251202523], [69.47133284467957, 27.927501007844068], [69.47838394014376, 27.889760317485706], [69.50296806852255, 27.85827805970037], [69.53278478423044, 27.848795065235684], [69.55403751148738, 27.925896386554417], [69.51751528445732, 27.96226469153247], [69.51080191840592, 27.989147488092932], [69.52799580158056, 28.006257811725465], [69.5273445748512, 28.027984182017384], [69.54665977186238, 27.97449081404186], [69.56434111173304, 27.975311525699443], [69.58136364586782, 27.997853493189247], [69.57924318202681, 28.068455026277817], [69.53081524234443, 28.10974415175869], [69.572058887188, 28.11164000046335], [69.65306838788968, 28.16434054893612], [69.68904077605788, 28.144255374111037], [69.74463816398935, 28.059864358218572], [69.74073624475616, 27.994455121139755], [69.75384831211758, 27.95160214028606], [69.89420446595928, 27.800851997620487], [70.00206509178022, 27.74644937924422], [70.04931080604526, 27.743367178634973], [70.12096373191463, 27.714403522414006], [70.02880099307497, 27.65013635794462], [69.96819349530682, 27.52238486772239], [69.90966163281684, 27.508621343987144], [69.88093145072978, 27.485501642207176], [69.83307215633808, 27.504827536396338], [69.71572178828193, 27.482793806526153], [69.54465683164872, 27.47451990834434], [69.47902879202543, 27.493105709865855], [69.44203792025543, 27.540234179666236], [69.38786485633317, 27.570283707345634], [69.25741500980268, 27.58052595186354], [69.22111653750834, 27.606039580142355], [69.17740460763872, 27.680179880973174], [69.15769010811059, 27.744568129337747], [69.17263046861162, 27.83774547482931]]]}}, {"type": "Feature", "properties": {"na": "NA-154", "src": "commons-1993", "approx": false}, "geometry": {"type": "Polygon", "coordinates": [[[68.9165987219958, 28.09887676703453], [68.8765956191339, 28.0481048639704], [68.82429711714038, 28.01316741476141], [68.83751255870564, 27.96467072735869], [68.77306030081216, 27.940120055604613], [68.75515533060602, 27.94481162055814], [68.72618422708427, 27.921777777123218], [68.73926126576805, 27.878722325724425], [68.68006783045257, 27.876214431369466], [68.64377272196029, 27.90194851754895], [68.50754695759753, 27.896279436363457], [68.41986755587517, 27.84902864638718], [68.36057875747285, 27.846607725368237], [68.34324297556806, 27.829531835132368], [68.34130034770641, 27.687605193208494], [68.27634089977066, 27.674035764564238], [68.26416253810972, 27.684450430354595], [68.18105844266263, 27.681084582812403], [68.12624900434855, 27.728010055153973], [68.01963537437324, 27.712865878561338], [67.97179987468482, 27.721910818481152], [67.99378264027092, 27.78831400514622], [68.01695329905063, 27.811068306959406], [68.05823315856937, 27.823608484159397], [68.22088914936607, 27.961102954244478], [68.3562471151631, 28.004727800075983], [68.38499948569046, 28.038643250627974], [68.40145986632636, 28.088447790065647], [68.45953501692318, 28.134467452877516], [68.85567701693977, 28.161722027986055], [68.9165987219958, 28.09887676703453]]]}}, {"type": "Feature", "properties": {"na": "NA-155", "src": "commons-1993", "approx": false}, "geometry": {"type": "Polygon", "coordinates": [[[68.65406811861968, 27.54816588926398], [68.67038115831782, 27.597887376465515], [68.66332707823676, 27.635714929337638], [68.63914813559734, 27.651023931046677], [68.63242483656425, 27.677980459587268], [68.66606053957332, 27.744804222795075], [68.64048552717443, 27.80912500828894], [68.60993987823252, 27.840549807408184], [68.61462712655839, 27.884368131209936], [68.63815949660443, 27.890807323348564], [68.67445756538689, 27.865074116922475], [68.74549144523127, 27.86808621577079], [68.78178319938023, 27.842386980489923], [68.83503628379184, 27.84467579789317], [68.84718465683082, 27.83430372699087], [68.86493198361205, 27.83507133388039], [68.8937149109757, 27.86355682185617], [68.91209159485061, 27.84256564824062], [68.96547083858846, 27.83944951997999], [69.05559337894864, 27.794421318360655], [68.95078853814877, 27.735346917812137], [68.86991295169051, 27.66645933101169], [68.85987549129464, 27.60613396844978], [68.81975330643537, 27.56082199947637], [68.65406811861968, 27.54816588926398]]]}}, {"type": "Feature", "properties": {"na": "NA-156", "src": "commons-1993", "approx": false}, "geometry": {"type": "Polygon", "coordinates": [[[69.11453024893417, 28.210966006963897], [69.11483502175355, 28.20007923692905], [69.07971738127847, 28.18765643279245], [68.45332175422475, 28.145138672725086], [68.38946367201108, 28.093427674901996], [68.35002520131265, 28.015398313440215], [68.2146641456836, 27.97178001495704], [68.05199888725784, 27.834288365045094], [68.01071813375512, 27.821750223919523], [67.9817524569182, 27.79330776261157], [67.95946719518822, 27.73781483707077], [67.88264155456503, 27.718443423508585], [67.87015932654228, 27.739815413942356], [67.81591230654048, 27.76505674627237], [67.80329045817999, 27.791903571867458], [67.81416769339157, 27.83058038858], [67.88463182422325, 27.866061639510605], [67.97158879156085, 27.951380145646084], [67.96973460609168, 28.022374327706707], [67.98104474710875, 28.044675074155585], [67.9707969643244, 28.213829137892134], [67.92856325192326, 28.23960622888376], [67.92141244655231, 28.28859309903396], [67.87918906550156, 28.31440246465946], [67.87272131208037, 28.336063079906772], [67.99536121468535, 28.422698994712963], [68.00617352820832, 28.466894815681183], [68.02989647712177, 28.46777230856143], [68.05454021871509, 28.430371425170623], [68.07233008625543, 28.431035602890532], [68.14227798873321, 28.482912085816157], [68.14122444719392, 28.52665721726936], [68.30682943269845, 28.543864105137313], [68.3359023818926, 28.566859144132433], [68.39469659370032, 28.58552814900658], [68.41717446691025, 28.635626037903478], [68.51343221211839, 28.573733807182364], [68.64434363680375, 28.546113085973595], [68.68641251597423, 28.520477932605846], [68.73002783134628, 28.43484512828965], [68.79617833582033, 28.393872110731664], [68.80295043275616, 28.361398315827937], [68.86408263704273, 28.287539137519932], [68.87251076299518, 28.19515665948601], [69.11453024893417, 28.210966006963897]]]}}, {"type": "Feature", "properties": {"na": "NA-157", "src": "commons-1993", "approx": false}, "geometry": {"type": "Polygon", "coordinates": [[[69.70525058348596, 28.193959220753396], [69.68871755951058, 28.155117570012404], [69.65863521830398, 28.175477591707196], [69.63508203025778, 28.17438803202008], [69.56584590201734, 28.122234337471664], [69.52460207465143, 28.120341190356992], [69.4822359818111, 28.15650033108942], [69.45866150433085, 28.155429952942402], [69.45371952861963, 28.122549932326887], [69.490204137697, 28.086120796272812], [69.51604435046438, 28.011145465823986], [69.49279071462806, 27.99919587834167], [69.43827323120051, 28.045661840193176], [69.41484801300952, 28.039153773015634], [69.41105124635362, 27.968248666063094], [69.45937464734048, 27.93238847201912], [69.44790810672202, 27.920982974523312], [69.38892317208267, 27.918276700711502], [69.34091024449405, 27.943291086038677], [69.33008377327431, 27.91015378302378], [69.3669630057789, 27.862876882357536], [69.36155626724187, 27.846312001698283], [69.32598172671474, 27.85012486811648], [69.31286808794216, 27.89304945805136], [69.27745363090003, 27.891444127726842], [69.22529463281568, 27.856439807325327], [69.17214337223447, 27.854050724413334], [69.15507204543863, 27.831515949721776], [69.15128814622203, 27.76060269157423], [69.07972243723971, 27.77916531598883], [69.06264263162183, 27.756633102978473], [69.05033188106924, 27.77241411722045], [69.06725216628648, 27.80038271711764], [68.9710640084332, 27.850586505282827], [68.92967392783672, 27.848778234522626], [68.89931295502413, 27.874694996886213], [68.85869983552548, 27.845697395701023], [68.78738667632871, 27.853525795235907], [68.738794867567, 27.895055219500502], [68.73817498082049, 27.916833974699895], [68.76138116307551, 27.934172675335397], [68.77928641078863, 27.92948260096393], [68.84949613367593, 27.959733041494435], [68.8362786464124, 28.00822586721445], [68.92887732264865, 28.0830480566067], [68.9282664150437, 28.104827112435306], [68.86749891814783, 28.162221473498427], [69.08592681287475, 28.17702512446269], [69.17370486264547, 28.208093456603414], [69.20926358863635, 28.204202434836823], [69.26718145361029, 28.244886900197255], [69.28954737673413, 28.28945776580303], [69.33005756328114, 28.31848591158675], [69.49552284448205, 28.309526794449457], [69.48436117567938, 28.28724416968482], [69.51443955414564, 28.26682536044144], [69.61455779131153, 28.27138415389692], [69.63937448670127, 28.228991070656427], [69.70525058348596, 28.193959220753396]]]}}, {"type": "Feature", "properties": {"na": "NA-158", "src": "commons-1993", "approx": false}, "geometry": {"type": "Polygon", "coordinates": [[[67.9905295750925, 26.882795199410932], [68.06654577484721, 26.929549297105083], [68.08864430194613, 26.984935068432133], [68.13028862262225, 26.98668892515021], [68.15917781715508, 27.015135752281424], [68.2184721277809, 27.023095408328196], [68.23579634302826, 27.04016596379185], [68.38505277931323, 27.024810563417237], [68.433616179483, 26.994281779358726], [68.45737423526317, 26.995322194342574], [68.47712110159688, 26.936363169532537], [68.4788906021583, 26.882064813027835], [68.40937074945244, 26.82461768794238], [68.40990595537343, 26.808329770639496], [68.37531517087291, 26.77418010102566], [68.37134738080647, 26.714203060325758], [68.34035941017677, 26.750891037189312], [68.30521698084266, 26.733034125795335], [68.23978658485623, 26.73017249963151], [68.15978811100011, 26.80831343443995], [68.11218010037524, 26.806275465008454], [68.08311783180733, 26.783266544944677], [68.05878197140648, 26.798559775152004], [68.0232327446037, 26.79161038192108], [68.01062984747546, 26.812853903419004], [68.05756636693012, 26.836612443357055], [68.05670231556466, 26.863796270999146], [67.9905295750925, 26.882795199410932]]]}}, {"type": "Feature", "properties": {"na": "NA-159", "src": "commons-1993", "approx": false, "confidence": "low"}, "geometry": {"type": "Polygon", "coordinates": [[[68.37170866837552, 26.703347272636062], [68.36181227254642, 26.643119228725872], [68.33371746747656, 26.592957809491395], [68.33463472048423, 26.565827633449544], [68.36511461755141, 26.545455415529887], [68.22285579830876, 26.52282828118383], [68.18786983292746, 26.499545042521145], [68.10954256678008, 26.52329600960298], [68.0285067378303, 26.449089703174597], [67.9748668447616, 26.44676984229283], [67.9136246988415, 26.493095234620828], [67.9544524044352, 26.52203940927584], [67.94351442668977, 26.673932936688416], [67.98416354923052, 26.70830928860361], [67.98259012787719, 26.757231871045935], [68.01219385143845, 26.763926192960298], [68.03531532238361, 26.786678320188948], [68.08942075916744, 26.772650886311023], [68.11848147443897, 26.795660405050803], [68.15418836114051, 26.797190194935602], [68.23419412093932, 26.719051641075858], [68.31152285648092, 26.72243640733005], [68.33477174118876, 26.739770715025003], [68.37170866837552, 26.703347272636062]]]}}, {"type": "Feature", "properties": {"na": "NA-160", "src": "commons-1993", "approx": false}, "geometry": {"type": "Polygon", "coordinates": [[[68.80059573069057, 26.516601526059826], [68.84942798112256, 26.480942030145155], [68.86878332044869, 26.438481137222208], [68.87647364234152, 26.390053763110227], [68.83667889359242, 26.33935996592606], [68.79034749689865, 26.304620585279572], [68.74817750217122, 26.31887925134007], [68.72500017264265, 26.301513831785098], [68.71429327417869, 26.268474155280806], [68.66694458098972, 26.260811508614886], [68.69843553038373, 26.21350674625929], [68.69407756346946, 26.169933442950608], [68.65226428182172, 26.17336733314085], [68.59359096619855, 26.14890644202388], [68.53371255588908, 26.15693588149979], [68.5108996717571, 26.12875267071076], [68.53073237544686, 26.075461675422567], [68.51347733308641, 26.05838472830633], [68.47657732463496, 26.08918664421706], [68.44661897698428, 26.0932109870107], [68.44602739608682, 26.109454023251477], [68.40932946794172, 26.13487167202811], [68.40181481674044, 26.177926475788595], [68.44787261386246, 26.22345830645037], [68.45668379131192, 26.310687355413908], [68.38299935406624, 26.372460338194884], [68.37591556408628, 26.404718671578443], [68.38687387016286, 26.432366878004572], [68.31826059000252, 26.521627904302978], [68.32979071092183, 26.533009407663755], [68.4426134245379, 26.543509459641758], [68.55593308350568, 26.53780252160549], [68.6279910478094, 26.51940191930847], [68.80059573069057, 26.516601526059826]]]}}, {"type": "Feature", "properties": {"na": "NA-161", "src": "commons-1993", "approx": false, "confidence": "low"}, "geometry": {"type": "Polygon", "coordinates": [[[68.11586249099581, 26.51269748116717], [68.15846444214137, 26.48738097592251], [68.19419119682723, 26.488953195112778], [68.22917558283753, 26.512237418392893], [68.30636034043594, 26.521097236828975], [68.37516277152642, 26.42640656202165], [68.36382693447915, 26.409602205846348], [68.37128777989852, 26.36649906873235], [68.44497717415223, 26.304722101931784], [68.43577719237364, 26.22832572390783], [68.38971491893575, 26.182794798844203], [68.39761891966442, 26.12890501449973], [68.434713567123, 26.09265646408426], [68.35491146705935, 25.991324905539724], [68.30626387102974, 26.01619182782697], [68.26455626845714, 26.01427204648858], [68.18991844516395, 26.097693226577928], [68.1535774053965, 26.11233687798091], [68.07359141879249, 26.179350068154413], [68.02513394116909, 26.19893224279535], [67.99343757433395, 26.251873368597472], [67.98635390155005, 26.284171246002852], [68.01282801616277, 26.383167138723103], [68.01099352871587, 26.437455832967874], [68.03483165159135, 26.438490097409993], [68.11586249099581, 26.51269748116717]]]}}, {"type": "Feature", "properties": {"na": "NA-162", "src": "commons-1993", "approx": false}, "geometry": {"type": "Polygon", "coordinates": [[[68.87660179058166, 27.25870335514682], [68.87729646629916, 27.236987851093616], [68.83686920420776, 27.202541538998787], [68.8380926693031, 27.16454303637329], [68.76766811403145, 27.139619979583653], [68.72163597900503, 27.09405787177584], [68.59723707341772, 27.08307328324739], [68.53719677240782, 27.102182827132363], [68.5141451490196, 27.07941034587583], [68.52147118461407, 27.036215091768295], [68.48584752831499, 27.03464903575788], [68.4570255770697, 27.00618631911557], [68.39064814076312, 27.03593629466636], [68.25328917363004, 27.05179999308057], [68.26807465366353, 27.150439445524896], [68.31017273171709, 27.135894085642345], [68.32154855056619, 27.1527139867134], [68.3144313173009, 27.190528048453718], [68.26606927086935, 27.215711796248144], [68.28801003637787, 27.27655808264552], [68.32892448444662, 27.300074190777863], [68.3219992078362, 27.332469107965924], [68.35680457452881, 27.361176864786128], [68.36192383098222, 27.38863421827479], [68.37940534618203, 27.40026814245606], [68.45688156602804, 27.3926574009901], [68.50978162451398, 27.41125644648988], [68.54356251803215, 27.47261434706201], [68.58985129310454, 27.512725045736993], [68.65439436390855, 27.537287752386646], [68.65504854950481, 27.515532818773085], [68.69801163742659, 27.46839493804095], [68.72780315898761, 27.464252520730717], [68.7408196134511, 27.426723101678288], [68.78296191522566, 27.40681343157053], [68.7919400122604, 27.309285942133457], [68.87660179058166, 27.25870335514682]]]}}, {"type": "Feature", "properties": {"na": "NA-163", "src": "commons-1993", "approx": false}, "geometry": {"type": "Polygon", "coordinates": [[[70.09042907003875, 26.284492369998286], [70.04009170166306, 26.21158245355336], [69.96180152245853, 26.245126880610222], [69.83158580838207, 26.243546462007078], [69.80139281001586, 26.25814696334895], [69.43494996939542, 26.228221063194727], [69.33893243914932, 26.255783690612947], [69.22612488649973, 26.255511171772195], [69.14413069353496, 26.22435211422936], [69.10773132555367, 26.244200665855413], [69.01493682126798, 26.342547941500246], [68.97874274973479, 26.35704292203205], [68.9283252132763, 26.435908409065203], [68.88182314098127, 26.406573571993228], [68.8735552251289, 26.47124299433395], [68.80614942039841, 26.52771274221064], [68.63355440664985, 26.530514861577828], [68.56150110727445, 26.54891653964613], [68.36474543030398, 26.55630516347463], [68.3457974023748, 26.588061264173444], [68.38450636729071, 26.676738310155606], [68.38179769185032, 26.758155948564987], [68.42197086404336, 26.803426548111098], [68.42143479500129, 26.819713473973113], [68.4909485086474, 26.877162618416374], [68.46890327686822, 27.00670709184114], [68.53351886064686, 27.031307193149207], [68.52619079522866, 27.07449935973438], [68.54347810075244, 27.091578970251895], [68.59165141153589, 27.071948562487336], [68.72791756622892, 27.08346697735292], [68.77394664681182, 27.129029510629884], [68.83251736525071, 27.15341895234059], [68.96031892320342, 27.05602451566957], [69.17274256948791, 27.087671342241904], [69.22544629422495, 27.10645061161363], [69.27740550008971, 27.146913980220173], [69.34208051166807, 27.160855190203574], [69.38772842853223, 27.21188410923269], [69.44626933839237, 27.230977856409474], [69.45699492601189, 27.264053145545997], [69.48025833267123, 27.27602715879255], [69.55921700353062, 27.21475639295483], [69.6608695504928, 27.181792744904477], [69.52878790583313, 27.06684879647852], [69.49540138002045, 27.005571270595606], [69.49081267085857, 26.96739870465265], [69.45152121866816, 26.90583890286215], [69.43954777391009, 26.742680144375658], [69.45846105376872, 26.71111927397465], [69.51306275963613, 26.67594280702744], [69.66264828956304, 26.634810604513522], [69.77142943257341, 26.57549723506698], [70.00719575802061, 26.598689653938724], [70.02551601517463, 26.583449928855465], [70.05501664102351, 26.585022391472016], [70.08555022392628, 26.559639715575987], [70.09249050272757, 26.533000114184084], [70.0924847726644, 26.38177824573783], [70.08174457572953, 26.354199581295966], [70.09042907003875, 26.284492369998286]]]}}, {"type": "Feature", "properties": {"na": "NA-164", "src": "commons-1993", "approx": false}, "geometry": {"type": "Polygon", "coordinates": [[[68.01505146853508, 27.66354336312248], [68.07310062912624, 27.714978369882974], [68.12061356797095, 27.71686750543692], [68.1754277606333, 27.669943523659327], [68.25853632187854, 27.673310094473727], [68.41193448781891, 27.50517027374247], [68.47222923817168, 27.475022418476847], [68.50352117998936, 27.421881479845222], [68.45061981963939, 27.403284909544936], [68.36720828530991, 27.41065140885617], [68.34476712502249, 27.36611767622472], [68.30995868880001, 27.337410929083415], [68.31688251100074, 27.305013585333562], [68.27596500927669, 27.281499261040462], [68.25748671111474, 27.302517785304975], [68.25634263047895, 27.340614023632344], [68.23803452150902, 27.356200459332733], [68.14891169259263, 27.352512029377955], [68.10634614923453, 27.383480326188373], [68.0825704320026, 27.382510401700607], [68.0656953619935, 27.349103424084756], [68.04801892124391, 27.342930451859434], [67.9998098954912, 27.362791968186972], [67.98212719103815, 27.356623957730072], [67.96959807732387, 27.377939780378203], [67.97475614542941, 27.405424519045205], [67.99791267270206, 27.428177028387445], [68.0395306608941, 27.429852879270598], [68.06736519205197, 27.496440317962197], [68.06048637740973, 27.52890026750822], [68.07800285385481, 27.540517125161788], [68.07707266909804, 27.57321989762982], [68.0342482268272, 27.615171844945657], [68.01505146853508, 27.66354336312248]]]}}, {"type": "Feature", "properties": {"na": "NA-165", "src": "reconstructed", "approx": true}, "geometry": {"type": "Polygon", "coordinates": [[[67.8314372855902, 27.535641449485777], [67.7906780632819, 27.31180745150924], [67.65849713741373, 27.302544355735574], [67.50047318181818, 27.318609366236622], [67.37607134443444, 27.382869408240822], [67.31387042574256, 27.366804397739774], [67.17433863516351, 27.447129450245022], [67.18274416471647, 27.532809506250622], [67.24830729522952, 27.64794208150815], [67.33740590849085, 27.725589632263226], [67.39456350945095, 27.9103372530253], [67.42650452175218, 27.892933491649163], [67.61494946648087, 27.9250170755822], [67.8314372855902, 27.535641449485777]]]}}, {"type": "Feature", "properties": {"na": "NA-166", "src": "reconstructed", "approx": true}, "geometry": {"type": "Polygon", "coordinates": [[[67.8314372855902, 27.535641449485777], [68.3290008929615, 27.776687091594056], [68.34438834893488, 27.7496871480148], [68.46206576267626, 27.6854271060106], [68.49736898679868, 27.64124832713271], [68.35111277257725, 27.60911830613061], [68.33598281938194, 27.5247770010001], [68.27210079477948, 27.492646979998], [68.34775056075607, 27.37885315561556], [68.22334872337234, 27.333335625862585], [68.18804549924992, 27.22891305760576], [68.0989468859886, 27.194105534853485], [68.04851370867087, 27.128506741974196], [67.95100956585658, 27.19544428572857], [67.95100956585658, 27.19678303660366], [67.99471831953196, 27.291834348734874], [67.86863537623762, 27.317270615361537], [67.7906780632819, 27.31180745150924], [67.8314372855902, 27.535641449485777]]]}}, {"type": "Feature", "properties": {"na": "NA-167", "src": "commons-1993", "approx": false}, "geometry": {"type": "Polygon", "coordinates": [[[68.43510836773473, 26.081827894045478], [68.47102145723983, 26.078081320214558], [68.52657790226843, 26.026475295076914], [68.58547954804023, 26.045525020465053], [68.54089429261009, 25.9621126967117], [68.50598804961727, 25.938778969026426], [68.50659516781162, 25.92254960773965], [68.52486025126521, 25.912579301540195], [68.55441947124349, 25.919405737183634], [68.56734221432464, 25.892933158404205], [68.58519754888748, 25.89378819500186], [68.56241231255943, 25.865610051969348], [68.6055167459326, 25.82976638759228], [68.6354807275264, 25.82579860642145], [68.61333160896274, 25.781406325322614], [68.64945915352845, 25.77233075443179], [68.71680323358876, 25.726905393685918], [68.74060281154014, 25.72807582547919], [68.7571874989373, 25.761362756658762], [68.78692830466552, 25.762828782106027], [68.82387959557724, 25.732193396340598], [68.80051289601232, 25.720213578982513], [68.79159289648925, 25.644033512924334], [68.76269802383914, 25.62095993278288], [68.71466242681464, 25.629399515284685], [68.70318443341252, 25.618011973113376], [68.70977656593001, 25.60210759530682], [68.66917338089401, 25.573051536072438], [68.59175884705634, 25.56924583505576], [68.52517333098145, 25.593059781910487], [68.4900576618371, 25.57511758466931], [68.45366950146108, 25.58960052453849], [68.43642082507871, 25.572526956967465], [68.49391019232846, 25.62944094943528], [68.49798386150806, 25.67836848307392], [68.53842672430585, 25.712807514058554], [68.51315019608064, 25.749498960599027], [68.43509413416125, 25.762018841946286], [68.3983202099031, 25.787364943037172], [68.41334110950744, 25.86394394657789], [68.3449912619951, 25.936636007556412], [68.3612659735217, 25.980774318656355], [68.40156378851428, 26.02061065313713], [68.40652668656725, 26.047957105800336], [68.43510836773473, 26.081827894045478]]]}}, {"type": "Feature", "properties": {"na": "NA-168", "src": "reconstructed", "approx": true}, "geometry": {"type": "Polygon", "coordinates": [[[68.6424141972239, 25.43839721660548], [68.47087083050043, 25.610444917813496], [68.57611497710106, 25.74370610465071], [68.66716068376837, 25.669268288128812], [68.73608602610261, 25.752270842384238], [68.88066113441343, 25.702737060006], [68.88402334623461, 25.543425705870586], [68.90070348343848, 25.51051947558119], [68.6424141972239, 25.43839721660548]]]}}, {"type": "Feature", "properties": {"na": "NA-169", "src": "commons-1993", "approx": false}, "geometry": {"type": "Polygon", "coordinates": [[[68.43684230661974, 25.561719172780798], [68.46600989799137, 25.57936803579029], [68.49643939381113, 25.564600671721518], [68.51963831184551, 25.581965200164085], [68.5862283831385, 25.558152391374264], [68.67555504209112, 25.56254686688299], [68.69556591132589, 25.509447330494197], [68.67217955420028, 25.497469287658035], [68.65051999014574, 25.442310872843333], [68.59777222407314, 25.418063405259282], [68.57860045450475, 25.449570821631458], [68.56072503555644, 25.44869087807939], [68.55010161539981, 25.415710969317484], [68.53243829650772, 25.409432607076287], [68.50177389240416, 25.42956841108966], [68.50708946208604, 25.4460600729596], [68.48835066055493, 25.466788832987586], [68.46493496082601, 25.45482524614378], [68.4406610657663, 25.46446921721737], [68.43684230661974, 25.561719172780798]]]}}, {"type": "Feature", "properties": {"na": "NA-170", "src": "commons-1993", "approx": false}, "geometry": {"type": "Polygon", "coordinates": [[[68.44705014702839, 25.453955485952395], [68.47132464925124, 25.444313724160068], [68.48281822185272, 25.45569651059124], [68.49006726357791, 25.423585246730827], [68.52691039273334, 25.39834189983115], [68.56223667499452, 25.410899665904402], [68.56711501824938, 25.438186196674067], [68.60416418470331, 25.407563036049204], [68.65691029318104, 25.431812646074963], [68.67943161026658, 25.465379700413592], [68.7288094629914, 25.42458776015499], [68.74601662810255, 25.44166943711447], [68.78195379864638, 25.438069188888164], [68.80818076442166, 25.37993978834244], [68.84544476041576, 25.34400864908511], [68.84038129077251, 25.322139715483523], [68.78880225485503, 25.270888981766475], [68.7049727092112, 25.277447927747517], [68.60411710895298, 25.26157390518878], [68.56195069811699, 25.270283625972898], [68.54340712739116, 25.285583023016077], [68.54231189930535, 25.312565532605774], [68.4749891069079, 25.352516661449446], [68.44705014702839, 25.453955485952395]]]}}, {"type": "Feature", "properties": {"na": "NA-171", "src": "commons-1993", "approx": false}, "geometry": {"type": "Polygon", "coordinates": [[[68.33041567401376, 25.2318492319218], [68.3998435891314, 25.289332824590605], [68.3923603516857, 25.32683846486959], [68.45861985839537, 25.31384845702654], [68.48756523696063, 25.336906353892914], [68.53060766572004, 25.306578662262154], [68.53170286778614, 25.279595617055264], [68.55642951144377, 25.25919608823087], [68.68202976553323, 25.254674599435933], [68.73520106716992, 25.26816805787881], [68.73653829944621, 25.235817087090833], [68.8043018730074, 25.185254403457876], [68.8517162247769, 25.193089399378312], [68.8702574709985, 25.177845577792194], [68.81984164800912, 25.099656085044085], [68.79578645379404, 25.10381609761173], [68.78432670821348, 25.092427847056623], [68.72360867069989, 25.116318102027975], [68.6984183610523, 25.147443724996336], [68.61519558499252, 25.137828822231576], [68.57570248864987, 25.081807866576934], [68.49659437329895, 25.11566893091445], [68.46855154775798, 25.071032433186204], [68.43893852781721, 25.06415261258821], [68.3934281787204, 25.007841429569275], [68.34276440749235, 25.075611220245214], [68.37702945273664, 25.115147058973616], [68.37636555030534, 25.131335696514906], [68.32641326678728, 25.182968908846473], [68.33041567401376, 25.2318492319218]]]}}, {"type": "Feature", "properties": {"na": "NA-172", "src": "commons-1993", "approx": false}, "geometry": {"type": "Polygon", "coordinates": [[[68.96200533064692, 25.40939819281619], [69.02742264800509, 25.412768426018424], [69.03740179607105, 25.316087147573715], [69.10530693419003, 25.260261303287336], [69.13526357488959, 25.25644158515534], [69.24092667706282, 25.15417026506408], [69.32365771149892, 25.169402341779556], [69.36164408919994, 25.117553347291874], [69.30480937999197, 25.055182801663918], [69.2111002757162, 25.01777926700355], [69.22370057965153, 25.00228733452203], [69.17800943854566, 24.956703396204865], [69.19085388617417, 24.93583682814623], [69.18085734806785, 24.892183086205687], [69.17419413661814, 24.907990365353474], [69.15087015194548, 24.89595328839429], [69.17014998170518, 24.864660205377252], [69.1649163389133, 24.848211499588444], [69.08445840634297, 24.779202986734113], [69.0665960554832, 24.778240591526448], [69.0534917879541, 24.804482204806284], [69.02347961367722, 24.808263318921046], [69.00466271905769, 24.828819764381908], [68.938670340036, 24.836093276678024], [68.91413309063633, 24.850972372674278], [68.91319188340015, 24.872494814418367], [68.94180105356413, 24.900971186516486], [68.92801682893207, 24.943394447803676], [68.88585630733728, 24.951970623960957], [68.872781643333, 24.978264219066194], [68.8429951452085, 24.97671080965858], [68.80586250007217, 25.007163807249995], [68.82831460058468, 25.040712531601034], [68.81502599845395, 25.07241393330597], [68.88171188455779, 25.189235628831067], [68.85721864202644, 25.204172696328836], [68.80980663286627, 25.196337999750885], [68.74822838930056, 25.241813210144624], [68.75351530095489, 25.258290081014522], [68.79520372336584, 25.260410226716303], [68.81195095403044, 25.28827535331715], [68.84127240129241, 25.30057581135492], [68.85734888310249, 25.34461563574015], [68.88621723678425, 25.36770000432853], [68.89878528603553, 25.352135961861645], [68.92875912669443, 25.34827159539371], [68.96951059435952, 25.371973203862126], [68.97456775852673, 25.39383888575429], [68.96200533064692, 25.40939819281619]]]}}, {"type": "Feature", "properties": {"na": "NA-173", "src": "commons-1993", "approx": false}, "geometry": {"type": "Polygon", "coordinates": [[[68.41156199210894, 25.003338876781815], [68.44535401138393, 25.053662347574875], [68.46922383049308, 25.05485273911016], [68.50300639454211, 25.105179530495317], [68.54014180599705, 25.074615714756582], [68.5821166610387, 25.071325812700827], [68.62160601755082, 25.12734614236762], [68.65759840823571, 25.123764093449054], [68.69290921467008, 25.136360058766975], [68.71810205591201, 25.105235326183347], [68.76690800120527, 25.080733682656994], [68.81434097409195, 25.088574591619928], [68.80356854370605, 25.061025363648994], [68.81617053075475, 25.04548173635121], [68.79325627079876, 25.02270488265165], [68.79417552754794, 25.001161171739405], [68.8375002415809, 24.965632092207475], [68.86728833463332, 24.967185759926593], [68.88036468298544, 24.94089283792555], [68.91633815451547, 24.937385922124506], [68.92918560817212, 24.916486056735945], [68.90104214076753, 24.877247675958564], [68.90245307288887, 24.84496270053126], [68.9331858716263, 24.82501841097125], [68.9991821780401, 24.817745694872272], [69.01800086671774, 24.797189860221994], [69.04801484519788, 24.793409118374647], [69.06112079707485, 24.767168178199018], [69.07898410489136, 24.768130728393576], [69.03873988128456, 24.733631324941307], [69.03020384719005, 24.657739539679834], [69.06095877235181, 24.637856490011597], [68.9787610572027, 24.60647733765612], [68.92890661061043, 24.652293354221687], [68.89910381657849, 24.650700727645255], [68.87646136544134, 24.62254537995217], [68.87766778636006, 24.595663916968746], [68.85429972730778, 24.583638443763622], [68.84520812989193, 24.653222262628883], [68.83280398608227, 24.66334584798574], [68.77412403147817, 24.638678390963396], [68.732128461093, 24.641859237295275], [68.67747898173904, 24.66056901350987], [68.65815736382393, 24.691926410745776], [68.62258711127491, 24.684684666041576], [68.58489541216855, 24.72590173391808], [68.54311016740397, 24.72375293408445], [68.52148047661515, 24.8090148053562], [68.49047898247744, 24.834436156825394], [68.46062799087989, 24.832924486668592], [68.43491193337883, 24.874835739421854], [68.4308226292066, 24.9718764279982], [68.41156199210894, 25.003338876781815]]]}}, {"type": "Feature", "properties": {"na": "NA-174", "src": "commons-1993", "approx": false}, "geometry": {"type": "Polygon", "coordinates": [[[68.94681740737667, 25.787012205166327], [68.97058743443361, 25.788204772297878], [69.00730285878988, 25.763013530030946], [69.15535595067533, 25.7813546465242], [69.18590160640306, 25.761302822900145], [69.19422272296424, 25.70229051997465], [69.21949823827676, 25.6657808813088], [69.30897279405757, 25.65964278773905], [69.36044072969966, 25.56516962474554], [69.3490182688482, 25.55376969301964], [69.35629706130979, 25.521770872036598], [69.38732202564593, 25.49104139914012], [69.37291408603001, 25.40934197230586], [69.43387043012879, 25.3748570091211], [69.43455882444519, 25.35871539364537], [69.35512319699603, 25.26815280985923], [69.24727672103128, 25.283956109659822], [69.23036699112772, 25.261477819094235], [69.23174577587439, 25.229185350393486], [69.202488498696, 25.216839292106165], [69.049070490793, 25.32209345393416], [69.02938125277849, 25.510100663620893], [68.96708493413779, 25.57716422837946], [68.95345810112589, 25.619715632945883], [68.96634767620776, 25.744725422052735], [68.93535540131676, 25.775619920919826], [68.94681740737667, 25.787012205166327]]]}}, {"type": "Feature", "properties": {"na": "NA-175", "src": "commons-1997", "approx": false}, "geometry": {"type": "Polygon", "coordinates": [[[70.144407805598, 25.836659800520973], [70.12158194367649, 25.802688658679294], [70.08090612523421, 25.778957936658], [70.05828731329345, 25.73399085129802], [70.09986179106158, 25.713761737681132], [70.07713819355509, 25.67429069442481], [70.08911454718603, 25.663803163732766], [70.14188113182954, 25.67156440757255], [70.1370208148181, 25.62186465867942], [70.18458626021024, 25.596423855992004], [70.20888277559102, 25.55899175424392], [70.21026442652396, 25.493085012651715], [70.18181054619052, 25.44786834110095], [70.1123114512944, 25.395361846828916], [70.04208214674321, 25.37581180118382], [69.94171040180399, 25.387964246313608], [69.85850838233449, 25.42289255766767], [69.80550672980172, 25.420623989764074], [69.76460172591487, 25.402368689680966], [69.72434343132127, 25.351121727379958], [69.70765258936773, 25.300879189277047], [69.74324249642272, 25.291398993192175], [69.77326920791221, 25.265178438162934], [69.79196038994392, 25.216469540249314], [69.61505706118369, 25.208857874187807], [69.52249301560833, 25.11131965015008], [69.4756874504867, 25.087295657060388], [69.38289649852476, 24.995234471597094], [69.31862108133481, 24.95394045389527], [69.31645615642195, 25.063989170465874], [69.28592927085619, 25.112265877141315], [69.2443230167284, 25.121527021534046], [69.19129871415313, 25.108276966403576], [69.1549622471998, 25.150831915503574], [69.19014445569381, 25.16883496426556], [69.20103435701708, 25.218879992643203], [69.26058455054283, 25.199335727903808], [69.30787604641382, 25.20132343613589], [69.39470013602691, 25.298612282571785], [69.38805399228454, 25.336888234119634], [69.33437110431699, 25.36218497675733], [69.35052912604029, 25.4454943416755], [69.32038134741025, 25.477301100505198], [69.32546545277471, 25.521591053130535], [69.27649754180003, 25.61325932996468], [69.30571838140874, 25.63098962471785], [69.44166126084879, 25.625562443722075], [69.47074282877256, 25.648799570281124], [69.49433327299874, 25.649775100342335], [69.51833581753684, 25.628737077252875], [69.50095631451802, 25.611491950383158], [69.50716611463125, 25.595225906514948], [69.63686307918809, 25.60063495517623], [69.67757708814948, 25.62986868977298], [69.73466736054903, 25.725849819724733], [69.7577917869575, 25.7488368023938], [69.78722189608463, 25.75006710621842], [69.83900779409184, 25.812782983294586], [69.91589647509417, 25.793991334005923], [69.97403911682188, 25.829454171645985], [70.12657094955979, 25.846902895123044], [70.144407805598, 25.836659800520973]]]}}, {"type": "Feature", "properties": {"na": "NA-176", "src": "commons-1993", "approx": false}, "geometry": {"type": "Polygon", "coordinates": [[[70.39219744718733, 25.853909468333], [70.4022256280524, 25.62303918462448], [70.4702533997285, 25.55708623768837], [70.49602282153032, 25.510206949155485], [70.60638075858668, 25.42539150243849], [70.6427872058111, 25.277175291445737], [70.7240167876477, 25.185485984797932], [70.79477426527124, 25.066441135069645], [70.71983240438432, 25.024259243756255], [70.71985387554075, 24.900907219368026], [70.75710735492102, 24.865695267718227], [70.82795914625461, 24.870128117012733], [70.82900653595043, 24.848755964656213], [70.77153310112259, 24.81299443390667], [70.70629817225843, 24.814280918622394], [70.63722139309107, 24.77246004332231], [70.61514866488841, 24.738923689078316], [70.65704859936437, 24.73080624147077], [70.64575333188218, 24.71938259835814], [70.56994847852262, 24.693233753938287], [70.48123044712669, 24.68776004174608], [70.3798565605293, 24.697647470670432], [70.38344241704488, 24.746149613634092], [70.357965908258, 24.782165015812964], [70.39244046545114, 24.805718867504247], [70.39141305614815, 24.827122062395393], [70.3728950619526, 24.842102267462455], [70.34407739378838, 24.824260476298257], [70.2964753619491, 24.8267624154669], [69.9808928024709, 24.716721289417897], [69.91946705052217, 24.632539922555218], [69.87895438315485, 24.608678621967496], [69.6293217298467, 24.599592952355604], [69.52405670821815, 24.685023368455607], [69.4883963558502, 24.683012434244834], [69.4358837443481, 24.658540822287332], [69.38187121305792, 24.66628029490356], [69.2274315933743, 24.652337912848193], [69.1867442773614, 24.628565077574308], [69.1391129861504, 24.62595525826497], [69.04187568652051, 24.663757565830494], [69.05089169939966, 24.728897477810452], [69.12493162182568, 24.808330235767933], [69.1770564225738, 24.843480803813076], [69.1818111712912, 24.870679889915575], [69.1630081899077, 24.891218730936213], [69.17538428386437, 24.88110942700586], [69.1929943145748, 24.887451077628185], [69.20251333495722, 24.941856019592645], [69.19014295256835, 24.951967421863902], [69.23582961735836, 24.997552265779213], [69.22322899396687, 25.013042319459753], [69.3112246400471, 25.044751825735165], [69.36258468532768, 25.096046285772918], [69.36018956104029, 25.01508604930995], [69.39631801715046, 25.006288159731586], [69.53932292199629, 25.138056443706965], [69.58585456960716, 25.16217466726945], [69.67675159033695, 25.258785885010514], [69.86026121745886, 25.274441220167233], [69.83988292997567, 25.332523640001376], [69.80292363828531, 25.362768848952445], [69.77306279843131, 25.36649033380621], [69.82288098685682, 25.450073096800352], [69.9050860965541, 25.470826534079592], [70.05540027446894, 25.425473190741773], [70.13206693093262, 25.4352377295369], [70.20775123926714, 25.46649640711835], [70.27512062473623, 25.551101410870793], [70.27843732413469, 25.610493357458978], [70.24655862217672, 25.66249455052869], [70.19812940812143, 25.686652836162285], [70.20195722569055, 25.73534038201992], [70.18968016784613, 25.74541612394296], [70.1367284298172, 25.73703431883433], [70.1587605256962, 25.775988644606347], [70.11625514867252, 25.800536482163213], [70.20191582449932, 25.875405056201377], [70.201235502721, 25.89153250380977], [70.24961358954619, 25.86732350963446], [70.30252089824519, 25.875713134456742], [70.39219744718733, 25.853909468333]]]}}, {"type": "Feature", "properties": {"na": "NA-177", "src": "commons-1993", "approx": false}, "geometry": {"type": "Polygon", "coordinates": [[[67.28827629064494, 27.215059500936558], [67.32424230928017, 27.21093937654898], [67.3730673984914, 27.174536450472537], [67.40290221434397, 27.175667041347122], [67.44529005447326, 27.15543770873678], [67.46915114241452, 27.15635162027125], [67.49834464001518, 27.17931301159236], [67.58372655468654, 27.117116350997478], [67.66718093218824, 27.120392812981084], [67.73370012941731, 27.090301606498986], [68.0076021888659, 27.101412544317874], [68.02050049076877, 27.06925062800237], [68.00331530331887, 27.046744487645906], [68.00448824537119, 27.008655204778513], [68.05821662136299, 27.005445790243446], [68.0767443718392, 26.984435470768744], [68.0371289110032, 26.917422226458104], [67.97845027321173, 26.887736315548647], [67.98491775450647, 26.871668804023383], [68.04496947439044, 26.857856657682394], [68.03970717598573, 26.835857444608], [67.99854762090082, 26.817789392272804], [68.00589022937746, 26.774546536074713], [67.98206819662049, 26.77354140873837], [67.9713749369936, 26.734984291843478], [67.95350402789663, 26.734230906724452], [67.89184941992602, 26.79698900007391], [67.79087892709684, 26.78191770772358], [67.77946946374101, 26.765105798537114], [67.72597768985715, 26.757463855918406], [67.66752924902626, 26.716939682902012], [67.61383201305662, 26.7147597727641], [67.50437734239793, 26.775783072995548], [67.45661691946215, 26.773891311171948], [67.36803285401159, 26.737684728990356], [67.30115450500234, 26.773266615272952], [67.27758162124982, 26.761442493618116], [67.29094642444646, 26.91476840861742], [67.2827342687854, 26.990890758291023], [67.25710631113107, 27.04999547760718], [67.25523166772491, 27.1154762646786], [67.28415550702252, 27.14933875378622], [67.28827629064494, 27.215059500936558]]]}}, {"type": "Feature", "properties": {"na": "NA-178", "src": "commons-1993", "approx": false, "confidence": "low"}, "geometry": {"type": "Polygon", "coordinates": [[[68.03775995149492, 27.702660047120133], [68.00301548341821, 27.668528188501018], [68.02251610379689, 27.609247014663286], [68.0653434324518, 27.567292636212585], [68.06596296980105, 27.545489912693114], [68.04844510244452, 27.533873725119147], [68.05532246267711, 27.501411349011324], [68.02748311987268, 27.43482216295655], [67.99165247587594, 27.438837582009903], [67.9627044634228, 27.41039736129063], [67.95786071106873, 27.37201304232635], [67.97649748248315, 27.345487699839836], [67.91844151567226, 27.294059098716218], [67.92036711664456, 27.228687822545808], [67.88546365703935, 27.20001173906417], [67.88676082627417, 27.156439038450248], [67.91783315559722, 27.114084151212047], [67.73933381797649, 27.101434906189457], [67.6728193852409, 27.131527364692378], [67.58936947353733, 27.12825162598097], [67.50399453596823, 27.19045037731909], [67.4801393462152, 27.189535080057468], [67.45094198419518, 27.166575083600538], [67.40855721406635, 27.186805233670658], [67.37872399314169, 27.185674901107575], [67.3299029207425, 27.22207903817385], [67.29393902529611, 27.226199586491152], [67.29823192063597, 27.28647522767125], [67.3560849900718, 27.35421233950411], [67.35503413133064, 27.392436722599786], [67.37203124093105, 27.42586658793766], [67.45953028386245, 27.50018368580866], [67.45820164099698, 27.549338736123882], [67.4919062751988, 27.627139558559758], [67.5221301830085, 27.611856578263623], [67.64093956802921, 27.62724166163331], [67.66430908579426, 27.644521671734037], [67.81886519561495, 27.65588641285582], [67.88293845448278, 27.70752879698742], [67.95976515151798, 27.726902384903273], [67.96615614468206, 27.710766925544302], [68.03775995149492, 27.702660047120133]]]}}, {"type": "Feature", "properties": {"na": "NA-179", "src": "commons-1993", "approx": false, "confidence": "low"}, "geometry": {"type": "Polygon", "coordinates": [[[67.29550882121882, 26.762135936397378], [67.3564179684409, 26.726321497017157], [67.49874271339955, 26.764654264594096], [67.60820563710284, 26.703633261755094], [67.67383720318713, 26.70630000318858], [67.73228289315608, 26.746825706314763], [67.78577407663754, 26.75447078964852], [67.79718242065168, 26.77128247244449], [67.8862353157152, 26.78586343576606], [67.94789562484573, 26.72310722651063], [67.9717244345238, 26.724112280930992], [67.93142174545005, 26.678865487695685], [67.9281104121969, 26.59708869860565], [67.9467016219917, 26.576113186413757], [67.94235193923129, 26.526962263154974], [67.90134123353188, 26.503452334872613], [67.90820324899819, 26.47654391827001], [67.96927017127489, 26.435652305067354], [67.99907343209753, 26.4369397035842], [67.98001879265439, 26.29476500802237], [67.93342563420333, 26.26012344461059], [67.87395623851259, 26.25210945062528], [67.80513402477747, 26.167594867013605], [67.71594244662235, 26.152892609394122], [67.66554472128337, 26.052873527486934], [67.61157364591872, 26.056008950337628], [67.57664575763121, 26.027338428286424], [67.57552377705494, 26.05991799073707], [67.50137748225458, 26.12751493368487], [67.47526842312162, 26.19172792803065], [67.42562849535221, 26.24411559679677], [67.4118795074018, 26.298001514905046], [67.31866147451797, 26.403183393018825], [67.27898587786656, 26.521518296591903], [67.27694593893446, 26.586867777164812], [67.29403561657621, 26.61480327657264], [67.27791130491333, 26.750542868121006], [67.29550882121882, 26.762135936397378]]]}}, {"type": "Feature", "properties": {"na": "NA-180", "src": "commons-1993", "approx": false}, "geometry": {"type": "Polygon", "coordinates": [[[68.9227816702362, 26.424800277366952], [68.96707296272986, 26.35105830776258], [69.02166582171958, 26.321205932519177], [69.11447425816235, 26.22287829420172], [69.14453798374905, 26.213545779990827], [69.1402411203752, 26.17002871787974], [69.17071973367258, 26.149905346533778], [69.15416125499195, 26.11660632740347], [69.11897747080452, 26.104021152728993], [69.08481849065463, 26.06443220252182], [69.08137435432295, 25.999327575777617], [69.10064527677667, 25.962426256746287], [69.0208811157619, 25.87186497618368], [69.0217256846384, 25.850271279211547], [69.09490735539, 25.805301166455298], [69.08961001711413, 25.78881200827671], [69.0128174711073, 25.7741071285281], [68.97610500704126, 25.79929925054843], [68.94045084518874, 25.797511712662274], [68.92325642408146, 25.780423535867648], [68.86849214767028, 25.81015531112939], [68.82092879809069, 25.8077999581171], [68.78650764090033, 25.773631032313844], [68.75081903516907, 25.771873616007], [68.73997124270772, 25.744279983719256], [68.72233263909837, 25.7380010678121], [68.65499395135757, 25.78342802244655], [68.6250282789101, 25.78738769885647], [68.64717568269046, 25.83178002248059], [68.61105607868953, 25.840865270758258], [68.57411224554727, 25.87158791250265], [68.5975095861835, 25.88354466146811], [68.59689578270384, 25.899766419430755], [68.56673035677032, 25.909157227451377], [68.55996491356585, 25.93050697089865], [68.51829880814762, 25.928524266011397], [68.55299975013062, 25.957268902149586], [68.58033301144388, 26.023601013475375], [68.59777937589179, 26.0352696595683], [68.59102788978191, 26.056628565192415], [68.54403030594825, 26.03814129277246], [68.52002684862731, 26.04242909736613], [68.54283206295239, 26.07061049709433], [68.52299729768978, 26.12389685653947], [68.54005593784439, 26.14638760882494], [68.5999347988693, 26.138362694278854], [68.65860643082301, 26.162826113778955], [68.70041988567922, 26.159395257936477], [68.7101246783247, 26.219483479970886], [68.67902825018444, 26.2559600727585], [68.72062908893518, 26.257931524392294], [68.75450995890262, 26.30833594128007], [68.79668083830016, 26.2940809750829], [68.83152726392505, 26.317430319095497], [68.9227816702362, 26.424800277366952]]]}}, {"type": "Feature", "properties": {"na": "NA-181", "src": "commons-1993", "approx": false}, "geometry": {"type": "Polygon", "coordinates": [[[69.03297086853301, 25.867063616112215], [69.11272662058097, 25.957625820511012], [69.09303737389298, 26.005323083123262], [69.09689491169043, 26.059624599800934], [69.12532363340947, 26.093515693680622], [69.17195692192846, 26.11749969056939], [69.18278776161613, 26.145099441809432], [69.15189937745568, 26.176023378058964], [69.15639964309833, 26.21413691558255], [69.23246094895472, 26.245004061150794], [69.29765904014343, 26.24828514129028], [69.42944221998391, 26.217122171234223], [69.79590441915985, 26.247051046539216], [69.82609964027998, 26.232451145376608], [69.99219535509039, 26.22517453586825], [70.03461837225908, 26.200489856750746], [70.01272605029412, 26.1561212320357], [70.01424964067293, 26.11842924105387], [70.04139229651041, 26.033595596242897], [70.19487695846809, 25.901952521027894], [70.13535977715063, 25.909395028239793], [70.01171460112799, 25.89173806195021], [69.95393636746856, 25.856194539474547], [69.91164600074258, 25.875441865910798], [69.87615759425815, 25.873499161746963], [69.82536251467506, 25.811390308452516], [69.7957723066466, 25.809777488883068], [69.7672930358245, 25.781255990816227], [69.70619552045973, 25.680840842568085], [69.67725373352589, 25.663087396885103], [69.58859849419335, 25.65290070916624], [69.55873922781907, 25.656691213630033], [69.57540280389931, 25.68456556096492], [69.54465517567503, 25.709901898193085], [69.50908968991834, 25.708004649833118], [69.4803336458687, 25.684883401761763], [69.34347495040922, 25.688452724730823], [69.29666360210754, 25.669799834097827], [69.22499750059198, 25.676870392507055], [69.19907327542626, 25.729557576891494], [69.19755816754339, 25.767306748851592], [69.16086300690387, 25.792447181375685], [69.10148724071342, 25.78941619906424], [69.106570144014, 25.81130075512289], [69.05799762756227, 25.835874818281823], [69.03297086853301, 25.867063616112215]]]}}, {"type": "Feature", "properties": {"na": "NA-182", "src": "commons-1993", "approx": false}, "geometry": {"type": "Polygon", "coordinates": [[[68.1641381151862, 25.505412624258], [68.3064701807834, 25.38221084167241], [68.44919501241147, 25.399946695419004], [68.46328031378674, 25.346533121753456], [68.47542290335265, 25.341719128902984], [68.44029396742609, 25.323768894973256], [68.38596282786855, 25.337348402119822], [68.3876948763803, 25.294149610959224], [68.32379434974874, 25.24775741397042], [68.31403682151779, 25.19318394227296], [68.27421553586079, 25.14256074133233], [68.2255653063221, 25.161839867744263], [68.1908187175214, 25.13310846763079], [68.16911162952815, 25.077957528751135], [68.19433337963973, 25.046722845395177], [68.15206405743629, 25.055494170814136], [68.12284127127211, 25.037853802403937], [68.11840742900624, 24.9997717545548], [68.13124830074041, 24.978756583951196], [68.07568579474069, 24.873304873129275], [68.08921712953315, 24.836110203368392], [68.12024760037592, 24.810591789246416], [68.08086681620115, 24.749202415006923], [68.10730315306442, 24.69104622833964], [68.01155841818955, 24.686357157722014], [68.0000423328393, 24.674984699969265], [68.00118258486854, 24.648013323247515], [68.0198271652434, 24.632710058065463], [68.0149877274288, 24.605451335113855], [67.9666321039147, 24.613897458701096], [67.95511385505775, 24.602525983981288], [67.99426551077414, 24.528783632153345], [67.94612336248248, 24.531827798763917], [67.929307800298, 24.5039862192597], [67.93069708751047, 24.471633141143368], [67.88345939955228, 24.453112917867717], [67.88415546385238, 24.436936265951772], [67.94088756131872, 24.37489357146082], [67.94182704084635, 24.353335564735474], [67.91351030618635, 24.31413129629722], [67.93290909165677, 24.28268974659894], [67.94151722631489, 24.223726442981764], [67.89860263357973, 24.24319167184751], [67.86862471055485, 24.2417091900812], [67.86357754728162, 24.219859783097963], [67.88803799531817, 24.210271355342215], [67.81631160521496, 24.20132782778045], [67.77866506196506, 24.2372868157167], [67.75490497095115, 24.230723377442988], [67.73573008003821, 24.25680029934133], [67.69972986240748, 24.25505152487199], [67.65678729848531, 24.274590757126177], [67.67315952366216, 24.313212334189323], [67.65999798259715, 24.33960519528073], [67.61914858989692, 24.310617302122296], [67.60691257507676, 24.31543736908856], [67.61752872014686, 24.34838243132235], [67.56052702560117, 24.41597038786587], [67.55247545723095, 24.464272698362667], [67.52110762060506, 24.49526013771641], [67.51908058217052, 24.543866256766393], [67.49395404910811, 24.569756033983143], [67.49306081235191, 24.591365641183394], [67.53950457049547, 24.631414862354962], [67.54884014394489, 24.696809356594088], [67.50596689525727, 24.716484594801436], [67.53464103093178, 24.750297585899624], [67.53376409609122, 24.771918433822233], [67.48425274614554, 24.807559990200378], [67.60800026371207, 24.867409308568476], [67.58914917731356, 24.888205961315165], [67.59427738775149, 24.910108958738192], [67.56409012762089, 24.914141468389985], [67.52062035647876, 24.950085964910105], [67.53218226267032, 24.961449665960707], [67.58612897913484, 24.96391051785262], [67.61053115946702, 24.95419317385136], [67.62165561733242, 24.976374017752743], [67.60303508123991, 24.991774815660488], [67.60838507109807, 25.008274648897693], [67.67600911782421, 24.96804202279381], [67.70617681241009, 24.96402154187044], [67.7164289035549, 25.007826567068918], [67.66615743139786, 25.0651044433398], [67.66445617271756, 25.10837784642303], [67.69524989936912, 25.088112906945597], [67.76132591643712, 25.08574008817735], [67.80707461381631, 25.14203057647763], [67.82566799377705, 25.126641571131945], [67.86755302056535, 25.128591453335375], [67.91326947947098, 25.184888008602655], [67.97733878210482, 25.23121621584018], [67.98823047902752, 25.258807831229305], [67.97992360572863, 25.31800610854932], [68.06063116056119, 25.397622956818946], [68.05319139244034, 25.43520133852656], [68.11679624358902, 25.492356598934716], [68.1641381151862, 25.505412624258]]]}}, {"type": "Feature", "properties": {"na": "NA-183", "src": "commons-1993", "approx": false}, "geometry": {"type": "Polygon", "coordinates": [[[68.31447442729531, 25.182386537266165], [68.36464901984357, 25.125351919688914], [68.33104531526352, 25.06962772145402], [68.35051629046566, 25.03274227073766], [68.39984742819232, 24.997351404602348], [68.41910928893014, 24.96588763844353], [68.42985576958783, 24.852975329360472], [68.4551171665222, 24.82184503215413], [68.48496975304768, 24.823356960622426], [68.5097728310477, 24.803019546680254], [68.5251996174105, 24.72283452696348], [68.53760788464102, 24.712676544254197], [68.57939536230468, 24.71482570572392], [68.61709064952727, 24.673609859468577], [68.65266260671444, 24.680851800190663], [68.65337239842174, 24.66470608840333], [68.69036348728423, 24.639669339304234], [68.77460255633554, 24.62792085767567], [68.79305121701964, 24.483373973801125], [68.7658982566071, 24.42265610401909], [68.76761357815856, 24.385035664424095], [68.64918358948411, 24.357178455901543], [68.42235015814313, 24.33989452771176], [68.39891639863278, 24.327894922889318], [68.35058951193352, 24.33618415850115], [68.32811128442196, 24.30266575794663], [68.29245617426035, 24.295438246381995], [68.26948695314371, 24.27268409219008], [68.23333684863555, 24.27622682509031], [68.21610343887805, 24.259162872078562], [68.18617123632997, 24.25763609832809], [68.1674884195452, 24.27287153307], [68.16604938354737, 24.30517353502236], [68.14784929076605, 24.309648320597386], [68.13204222549706, 24.260282144536], [68.15072811659999, 24.245043058541334], [68.1519336305546, 24.218128945684402], [68.1162410945339, 24.210920611032844], [68.03644552480162, 24.25006490691179], [68.00505772710683, 24.280880918787357], [68.00986133779897, 24.308114221727575], [68.0331123058058, 24.32547150378551], [68.0319285798983, 24.35240773596562], [68.01372232048824, 24.356900358384504], [67.96815641007852, 24.30063833176583], [67.97124749738137, 24.23060735741824], [67.95350535821466, 24.224323820826555], [67.94465903957716, 24.28867226568829], [67.92573332067208, 24.309334848454757], [67.95404668222059, 24.348539021931266], [67.95263658419624, 24.380874719208105], [67.89567602098523, 24.448306102817522], [67.94291067116269, 24.466828884092752], [67.95257452716372, 24.521335622019514], [68.00647322719907, 24.52398095078049], [67.96731917457913, 24.597716013804042], [68.02719032862558, 24.600645801737183], [68.03156966921652, 24.638689544184107], [68.01224173750967, 24.670173982988718], [68.11949708933645, 24.686242836639547], [68.09305867502579, 24.744393613303433], [68.12160521303915, 24.778224175039693], [68.13198240863996, 24.81657189522256], [68.08787103630381, 24.868488470379152], [68.14342535754551, 24.973938338876152], [68.13501543513243, 25.033031478365668], [68.16445635864349, 25.045274262929098], [68.17087339737354, 25.034766577367947], [68.20075028799668, 25.03621708954116], [68.20562078740886, 25.063497918392848], [68.18084199991961, 25.08393463446077], [68.20386115469351, 25.106688085668342], [68.2029847283728, 25.128285849588305], [68.23197458788408, 25.15132943962536], [68.2806260317491, 25.13205473177596], [68.31447442729531, 25.182386537266165]]]}}, {"type": "Feature", "properties": {"na": "NA-184", "src": "commons-1993-inset", "approx": false, "confidence": "low"}, "geometry": {"type": "Polygon", "coordinates": [[[67.40835024275587, 25.250607955505647], [67.39883288591056, 25.219700199426498], [67.38843228330623, 25.22108630034038], [67.38410116319281, 25.21686634314447], [67.36242969490539, 25.226657771805108], [67.33988147219908, 25.2561057423787], [67.33468297404696, 25.253288427535622], [67.3286214254162, 25.243448878325317], [67.32168384362657, 25.251861724907958], [67.31648390295442, 25.251852702304895], [67.3078231052476, 25.24060449567305], [67.30695356342886, 25.24621957638591], [67.30348549379406, 25.249021853557224], [67.28009730092957, 25.226514913923296], [67.27576401703611, 25.22650739508741], [67.26969453454521, 25.232113453197208], [67.26449892143313, 25.223679553874092], [67.25409471252874, 25.232086385388023], [67.2462948015205, 25.23207285148343], [67.24023181036972, 25.225041594513144], [67.21683424112506, 25.220788554439338], [67.21596181426625, 25.232020219632236], [67.21075970981406, 25.2362236353892], [67.18562882701201, 25.23196758778104], [67.17089494051422, 25.23334616985904], [67.15876390939255, 25.229112678758536], [67.14403074415478, 25.229087114716528], [67.1353663401479, 25.224859638684727], [67.12843957725848, 25.21221029346723], [67.12844246229854, 25.206593708987192], [67.13971981932175, 25.185551066160357], [67.13279233517233, 25.174305867062866], [67.13280531785257, 25.1490312369027], [67.12154094350961, 25.144799249569374], [67.09727383244619, 25.146161290208425], [67.09206956421396, 25.15457714432542], [67.08166968286965, 25.154559099119293], [67.07040747230671, 25.146114673425938], [67.06434664493598, 25.134870978095627], [67.05828149000516, 25.13205215948537], [67.05395541871184, 25.118003179449392], [67.04789387008108, 25.108163630239087], [67.04009540159288, 25.105341804094476], [67.02622817187378, 25.106721889939653], [67.01929059008415, 25.115134736522293], [67.00282266876896, 25.11791445718595], [66.99848722109546, 25.122119376710092], [66.98635402619375, 25.122098323969613], [66.96642669036393, 25.11083056836447], [66.95342539616351, 25.113616304096833], [66.95169424638617, 25.109400858202452], [66.94562909145534, 25.106582039592194], [66.94130302016202, 25.092533059556217], [66.94131023276216, 25.078491598356123], [66.94651377973439, 25.07147989035914], [66.9430565289998, 25.053219975730315], [66.914459740343, 25.047553766933436], [66.90839530667219, 25.04333080220317], [66.90406707159883, 25.03349426052722], [66.90494094097767, 25.019454303094303], [66.90321123372034, 25.012430564959903], [66.89454682971346, 25.008203088928106], [66.89281567993612, 25.003987643033724], [66.8789520565171, 24.998346998278855], [66.87895638407717, 24.989922121558802], [66.8850316366482, 24.97308289448893], [66.88159746623406, 24.909890304019807], [66.88593435642758, 24.902877092255647], [66.8902755741812, 24.88743900377143], [66.88681832344662, 24.8691790891426], [66.86775043179534, 24.871954298504726], [66.8495556882629, 24.862093696553945], [66.84436079641084, 24.85225565111082], [66.8339803890869, 24.814325660664448], [66.83051664701219, 24.8087030611157], [66.82271745726398, 24.8072853810911], [66.80537783034998, 24.81989262082764], [66.79237797866959, 24.81987006431999], [66.77418323513714, 24.810009462369205], [66.76898329446499, 24.810000439766146], [66.74644084183879, 24.828215241379663], [66.73864093083056, 24.82820170747507], [66.7282489833464, 24.812738054948845], [66.71525562300613, 24.800078183361105], [66.70919407437538, 24.790238634150803], [66.71006289493411, 24.786027699557952], [66.70833102389676, 24.78321639978358], [66.70052822784847, 24.788819450359025], [66.67800452798264, 24.7705264528523], [66.65374246573933, 24.76205947065129], [66.6450809467725, 24.752215410139456], [66.6372831995443, 24.747989437874836], [66.62861663175737, 24.747974400203066], [66.61213861280199, 24.77041216654685], [66.61820304647279, 24.774635131277115], [66.62080013176882, 24.780256227058686], [66.61558865093643, 24.80271354237577], [66.61818068741236, 24.818163660997403], [66.63290014870987, 24.844868001319586], [66.63982186277919, 24.86734636937715], [66.65367394603798, 24.895453352052165], [66.65453699651661, 24.90247558641939], [66.6580000173313, 24.90950233208814], [66.67532738282505, 24.920765576391755], [66.68052299593712, 24.929199475714874], [66.68658165952782, 24.944655609405213], [66.69003241892229, 24.975552839114123], [66.69609324629302, 24.986796534444437], [66.70648880007725, 24.995239456370616], [66.71255034870799, 25.005079005580917], [66.71515031904407, 25.00508351688245], [66.72554154526821, 25.021951315528685], [66.75410948352446, 25.083783369125932], [66.75670007748036, 25.10204177998758], [66.76102903381374, 25.110474175543523], [66.76882678104194, 25.114700147808144], [66.78008682782482, 25.127357011861527], [66.78615342527566, 25.127367538231766], [66.79829166899746, 25.11755956813218], [66.80782272978304, 25.121788547931153], [66.81907917026585, 25.141466142584584], [66.82599727803509, 25.170965241242193], [66.83379141896322, 25.182211944106857], [66.8389827045152, 25.199070720150033], [66.8485094377407, 25.21172457666906], [66.85804049852628, 25.215953556468037], [66.87449904346128, 25.2314277353645], [66.89182640895503, 25.24269097966811], [66.91869060531447, 25.246950034810627], [66.94642362223263, 25.24699815536029], [66.9576879965756, 25.25123014269362], [66.96634879428241, 25.262478349325463], [66.97847766162403, 25.270924278785998], [66.96719814082077, 25.29617935997286], [67.03217287638225, 25.344033110591447], [67.04258285536676, 25.324393110117445], [67.04518859578295, 25.3131644524589], [67.04778928737905, 25.311764817640423], [67.05038637267506, 25.31738591342199], [67.05211103111228, 25.334238674396456], [67.06249504473628, 25.36514793424278], [67.07461814199779, 25.384827032663388], [67.08674845185944, 25.390464669883904], [67.10408086617328, 25.391898891347452], [67.11707134147348, 25.410175347415226], [67.1266045660391, 25.410191888854172], [67.13526680626595, 25.418631803246], [67.14479786705152, 25.422860783044975], [67.14220294553554, 25.41302724890338], [67.14741009880784, 25.39899481030635], [67.17428583532751, 25.380787527528714], [67.17688580566359, 25.380792038830247], [67.18294735429433, 25.39063158804055], [67.18466912769149, 25.413100933495052], [67.19160815200115, 25.401879794672393], [67.22541137267024, 25.39491771099225], [67.25662111434337, 25.375313800930492], [67.28261865392412, 25.37957135230583], [67.30254238345387, 25.39785983851102], [67.31380675779684, 25.402091825844348], [67.31987551902773, 25.39788991385456], [67.32681454333738, 25.386668775031904], [67.33374996134697, 25.38246836680929], [67.34243023307417, 25.355804628200886], [67.3398461304584, 25.324908902259153], [67.34331564261322, 25.319298332847826], [67.3485163045454, 25.317903209330876], [67.35631188799354, 25.326341619955524], [67.36324658474311, 25.32354535785292], [67.40835024275587, 25.250607955505647]]]}}, {"type": "Feature", "properties": {"na": "NA-185", "src": "commons-1993-inset", "approx": false}, "geometry": {"type": "MultiPolygon", "coordinates": [[[[66.91976065741713, 24.850982332735207], [66.88855235826402, 24.86777795055695], [66.89201249403867, 24.88042128070574], [66.89200816647858, 24.888846157425792], [66.88766694872496, 24.90428424591001], [66.88333005853143, 24.91129745767417], [66.88676422894557, 24.97449004814329], [66.88068897637454, 24.991329275213165], [66.88068609133448, 24.996945859693202], [66.89368377923483, 25.001180854560882], [66.89541492901218, 25.005396300455264], [66.90407933301907, 25.00962377648706], [66.90667497579506, 25.01805316450865], [66.90580110641622, 25.032093121941564], [66.90926340597092, 25.040524013730327], [66.92052705905387, 25.046160147183667], [66.93872613014639, 25.04759587241439], [66.94652243485456, 25.05463013691903], [66.94824637203176, 25.072887044013505], [66.94304282505954, 25.079898752010486], [66.94303705497943, 25.09113192097056], [66.94649719075407, 25.10377525111935], [66.9525623456849, 25.10659406972961], [66.95429349546224, 25.11080951562399], [66.96729478966266, 25.108023779891628], [66.98722212549248, 25.11929153549677], [66.99762200683679, 25.119309580702897], [67.0019574545103, 25.115104661178755], [67.01842537582549, 25.112324940515098], [67.02276226601903, 25.105311728750937], [67.0288303059899, 25.102513962881158], [67.0409635008916, 25.102535015621633], [67.04876196937981, 25.105356841766245], [67.05568945352924, 25.116602040863736], [67.05914958930389, 25.129245371012527], [67.06521474423471, 25.132064189622785], [67.07127557160544, 25.143307884953096], [67.08253778216836, 25.151752310646454], [67.09120434995529, 25.151767348318224], [67.09640861818752, 25.14335149420123], [67.100742623341, 25.141954866917107], [67.13367413841131, 25.14482030230985], [67.13628348512756, 25.12657091405126], [67.12936321357829, 25.10128425375368], [67.10425324731663, 25.05630796866525], [67.08779542364165, 25.03942964364878], [67.08866424420039, 25.03521870905593], [67.09559894094996, 25.032422446953326], [67.09646992528873, 25.023999074000447], [67.093005461954, 25.019780620571712], [67.09474166055143, 25.014167043626028], [67.09388077385286, 25.00293237089878], [67.09649228434917, 24.980470544280163], [67.10169727384142, 24.97065054404316], [67.10344284881904, 24.946783067537357], [67.09911100744561, 24.943967256461455], [67.09044371839867, 24.945356364909692], [67.08437423590776, 24.95096242301949], [67.0705084487087, 24.94953421662465], [67.03585660276126, 24.921391143537384], [67.03672758710003, 24.91296777058451], [67.04713251726444, 24.90315679295057], [67.0514751775381, 24.884910412226333], [67.06014463036509, 24.879308865418064], [67.05928085862645, 24.87369077717085], [67.06181547185949, 24.864131792971193], [67.05841852940783, 24.86526439668362], [67.04801864806352, 24.865246351477495], [67.04282303495145, 24.85681245215438], [67.03330856314619, 24.820288111595193], [67.03243541502738, 24.832923922908098], [67.04021296697518, 24.876465986532978], [67.03761155411907, 24.879269767471463], [67.02805957679308, 24.915761025152754], [67.01505900385267, 24.917142614765112], [67.00032944491497, 24.910096320123056], [66.99599471850148, 24.91289709352719], [66.9925331402068, 24.903062055618417], [66.9847346717186, 24.900240229473805], [66.97866518922768, 24.905846287583604], [66.96046251183509, 24.911431292952923], [66.95091414080918, 24.94090182003417], [66.9483141704731, 24.940897308732637], [66.93965553654631, 24.92543666374077], [66.94139750522388, 24.90858991783501], [66.95700381858047, 24.895979670564113], [66.9578726391392, 24.89176873597126], [66.9526748622471, 24.887547275008174], [66.95701391622066, 24.876321624883985], [66.94834806969375, 24.874902441092207], [66.94142707688445, 24.85101992691463], [66.93709667803104, 24.84539582359871], [66.93796549858978, 24.84118488900586], [66.9405153800836, 24.839454778408136], [66.93363437847636, 24.83696493180995], [66.91976065741713, 24.850982332735207]]], [[[67.10176435102274, 24.840064954882305], [67.10003680754546, 24.828828778387876], [67.09224483039738, 24.81336963716318], [67.09224699417742, 24.809157198803153], [67.08531446120789, 24.807741022545727], [67.07231244574746, 24.811930904398103], [67.06884942493275, 24.804904158729347], [67.06885303123283, 24.797883428129303], [67.05845387114853, 24.796461236803168], [67.04979523722176, 24.7810005918113], [67.03938165193718, 24.807661322885348], [67.05062727351977, 24.848401109338916], [67.05669170719058, 24.852624074069183], [67.05236347211721, 24.842787532393235], [67.05150258541863, 24.831552859665983], [67.0575749529496, 24.820330217076148], [67.073171168666, 24.82737801548538], [67.08704200468516, 24.818977199040155], [67.09397525891471, 24.81898922917757], [67.10003608628544, 24.830232924507886], [67.10089120290391, 24.85270076619521], [67.09894025145083, 24.854592979981074], [67.1008904816439, 24.85410491231522], [67.10176435102274, 24.840064954882305]]], [[[67.08355590355, 24.856883129211695], [67.06479666911552, 24.86313780642956], [67.08974630911212, 24.856893870405816], [67.08355590355, 24.856883129211695]]], [[[67.03073960699072, 24.759905317133267], [67.04114020959506, 24.75851921621938], [67.04373801615108, 24.762736165880938], [67.05588347247303, 24.73888673458126], [67.04200903015379, 24.75430828162653], [67.03507577592424, 24.754296251489112], [66.97958017042733, 24.811770001310165], [66.95849875482952, 24.827252945771512], [66.9813134839847, 24.81177300884452], [67.03073960699072, 24.759905317133267]]]]}}, {"type": "Feature", "properties": {"na": "NA-186", "src": "commons-1993-inset", "approx": false}, "geometry": {"type": "Polygon", "coordinates": [[[67.13450184714924, 25.220645696557526], [67.1448988434535, 25.226280326243685], [67.15963200869128, 25.226305890285694], [67.17176303981293, 25.230539381386198], [67.18649692631072, 25.2291607993082], [67.20989449555539, 25.233413839382006], [67.21422922196888, 25.23061306597787], [67.21510092756768, 25.220785546904985], [67.21164007053301, 25.209546362876203], [67.21511751654799, 25.188490186144772], [67.21165665951334, 25.17725100211599], [67.21426528496958, 25.16040575997741], [67.21167108471361, 25.149168079715807], [67.21341233213116, 25.13372547993006], [67.21081885313521, 25.121083653548446], [67.20389064772576, 25.111242600570964], [67.20389353276582, 25.10562601609093], [67.20736376618066, 25.09861130055959], [67.20303408858727, 25.09158305112366], [67.20564055026347, 25.07895024734511], [67.19437401214047, 25.078930698371806], [67.19263276472293, 25.094373298157553], [67.19003135186682, 25.097177079096042], [67.18914738484779, 25.130875082209087], [67.17701346868607, 25.132258175588618], [67.17614320560732, 25.139277402421484], [67.17354179275121, 25.142081183359974], [67.1614085978495, 25.142060130619495], [67.151881143364, 25.130810420220474], [67.14147909823964, 25.13500481337438], [67.13801463490492, 25.130786359945642], [67.13714220804611, 25.14201802513854], [67.13453935266998, 25.147630098317045], [67.13452636998971, 25.17290472847721], [67.14145241161913, 25.18695821981472], [67.13017505459591, 25.208000862641555], [67.13450184714924, 25.220645696557526]]]}}, {"type": "Feature", "properties": {"na": "NA-187", "src": "commons-1993-inset", "approx": false}, "geometry": {"type": "Polygon", "coordinates": [[[67.14234719753836, 25.132198024901538], [67.15274924266272, 25.12800363174763], [67.16227669714823, 25.139253342146652], [67.17267657849254, 25.139271387352778], [67.17614825442742, 25.129448379581422], [67.18828217058912, 25.12806528620189], [67.18829875956945, 25.09576992544168], [67.19090017242556, 25.09296614450319], [67.1926414198431, 25.077523544717444], [67.2065086495622, 25.076143458872266], [67.21258101709316, 25.06492081628243], [67.20999114439728, 25.045258259300773], [67.1978644408357, 25.03259989148021], [67.1961405036585, 25.01434298438574], [67.19181154732512, 25.005910588829796], [67.18661232791298, 25.004497420106727], [67.17881674446483, 24.996059009482078], [67.17274726197392, 25.001665067591876], [67.17187339259509, 25.01570502502479], [67.16840532296028, 25.018507302196102], [67.16666840310283, 25.025525025261793], [67.15713662105723, 25.022700191582828], [67.15366783016242, 25.026906614874147], [67.15626491545845, 25.032527710655714], [67.15452294678089, 25.049374456561473], [67.15018749910739, 25.053579376085615], [67.13025439319745, 25.053544789440544], [67.12591894552395, 25.057749708964685], [67.12678055348255, 25.067580235571928], [67.11897487239419, 25.078799870627407], [67.13109724839568, 25.099883115168023], [67.13801607742494, 25.127978067705623], [67.14234719753836, 25.132198024901538]]]}}, {"type": "Feature", "properties": {"na": "NA-188", "src": "commons-1993-inset", "approx": false}, "geometry": {"type": "Polygon", "coordinates": [[[67.11810965813552, 25.075990074620215], [67.12504796118517, 25.066173081917565], [67.12418635322658, 25.056342555310323], [67.1267884873427, 25.052134628251828], [67.13718981120704, 25.04934438121793], [67.14932228484872, 25.05076958007842], [67.15365773252223, 25.046564660554278], [67.15279612456364, 25.036734133947036], [67.15453088064105, 25.03392884924137], [67.151932352825, 25.03111604569982], [67.15193523786506, 25.025499461219784], [67.15627140679858, 25.019890395575633], [67.16580318884417, 25.022715229254597], [67.16667273066292, 25.017100148541736], [67.17014080029772, 25.014297871370427], [67.17101466967655, 25.000257913937514], [67.17881818698486, 24.99325071724206], [67.1753573299502, 24.982011533213278], [67.16929506005943, 24.973576130122986], [67.15370100812308, 24.962315893353725], [67.1407025989627, 24.95948504460605], [67.12597448254503, 24.949630457723977], [67.11991293391428, 24.939790908513675], [67.12251867433046, 24.92856225085513], [67.12078752455312, 24.92434680496075], [67.11905421099574, 24.924343797426395], [67.11471515702216, 24.935569447550584], [67.11211518668608, 24.935564936249055], [67.11038403690874, 24.931349490354673], [67.10778118153262, 24.936961563533178], [67.10864495327125, 24.94257965178039], [67.10517616237644, 24.94678607507171], [67.10256104558006, 24.976268632290374], [67.0973560560878, 24.986088632527377], [67.09647425284881, 25.015574197280394], [67.0947394967714, 25.018379481986056], [67.09820396010613, 25.022597935414794], [67.09733153324733, 25.03382960060769], [67.08952945845904, 25.038028505063124], [67.10512134661536, 25.053501180192413], [67.11810965813552, 25.075990074620215]]]}}, {"type": "Feature", "properties": {"na": "NA-189", "src": "commons-1993-inset", "approx": false}, "geometry": {"type": "Polygon", "coordinates": [[[67.12339326496932, 24.913118147302207], [67.11646289577983, 24.907489532684753], [67.11213466070647, 24.897652991008805], [67.10780209807302, 24.89624132605291], [67.10173045180207, 24.906059822522735], [67.08093141037345, 24.904619585990478], [67.07660029026003, 24.900399628794567], [67.06446781661835, 24.89897442993408], [67.0627316180209, 24.904588006879763], [67.05666285679001, 24.90878991886955], [67.04972960256048, 24.908777888732136], [67.04799773152311, 24.905966588957764], [67.0375928013587, 24.915777566591704], [67.03759063757866, 24.919990004951732], [67.06531139307658, 24.943908609541552], [67.08350902164909, 24.948152627012295], [67.08957850414001, 24.942546568902497], [67.10604498293517, 24.942575140478862], [67.10778406657266, 24.93134497905314], [67.11125213620747, 24.92854270188183], [67.1138499427635, 24.93275965154339], [67.1181897179971, 24.92012985529919], [67.12339326496932, 24.913118147302207]]]}}, {"type": "Feature", "properties": {"na": "NA-190", "src": "commons-1993-inset", "approx": false}, "geometry": {"type": "Polygon", "coordinates": [[[67.04886583082184, 24.90315980048492], [67.05579764253135, 24.905980122862356], [67.06186640376224, 24.901778210872568], [67.06446925913838, 24.89616613769406], [67.07313582692531, 24.896181175365832], [67.08179950967218, 24.90181279751764], [67.1008652375434, 24.90325002651554], [67.10693688381436, 24.893431530045717], [67.11213610322649, 24.894844698768786], [67.11387374434396, 24.886422829583086], [67.09481522907288, 24.870944139385088], [67.09742096948906, 24.859715481726546], [67.08528777458737, 24.85969442898607], [67.06275109204128, 24.866676061639513], [67.06187722266246, 24.88071601907243], [67.05927508854633, 24.884923946130925], [67.05320776983547, 24.886317565880695], [67.04886583082184, 24.90315980048492]]]}}, {"type": "Feature", "properties": {"na": "NA-191", "src": "commons-1993-inset", "approx": false}, "geometry": {"type": "Polygon", "coordinates": [[[67.1251258572667, 24.91452530095657], [67.13119461849759, 24.91032338896678], [67.13206848787641, 24.896283431533867], [67.13553800003125, 24.89067286212254], [67.16154347347214, 24.879484806177775], [67.1676158410031, 24.86826216358794], [67.16588685500581, 24.85983427933353], [67.16848971038193, 24.854222206155026], [67.17975552724494, 24.855645901248334], [67.18929957071076, 24.834600250887142], [67.185833664856, 24.833190089698427], [67.18496917185735, 24.828976147571222], [67.19017199756956, 24.823368585694247], [67.18845166669243, 24.798090947999725], [67.19106678348881, 24.768608390781065], [67.1980122991386, 24.744749936878325], [67.21189106901791, 24.720903513113], [67.22576623259717, 24.70407781994772], [67.22317203234121, 24.692840139686115], [67.22837702183345, 24.683020139449113], [67.22664803583616, 24.674592255194703], [67.21971622412664, 24.671771932817272], [67.21279018249724, 24.657718441479762], [67.20152869319433, 24.647869869666398], [67.18852523521387, 24.65486804375879], [67.17464935037461, 24.673097883044075], [67.16076841671524, 24.701156745169428], [67.15729457700033, 24.71519219130081], [67.14341436460097, 24.741846907306154], [67.12606824634686, 24.76709146212278], [67.10092438086456, 24.788110044674784], [67.07058634479021, 24.797886435663656], [67.07318054504618, 24.80912411592526], [67.08444924694923, 24.804931226538535], [67.09398102899482, 24.8077560602175], [67.09397886521478, 24.811968498577528], [67.10090634936421, 24.823213697675016], [67.10349838584013, 24.83866381629665], [67.10349117323999, 24.85270527749674], [67.09915500430647, 24.858314343140893], [67.09654926389028, 24.869543000799435], [67.11560777916137, 24.88502169099743], [67.11386869552386, 24.89625185242315], [67.1155991240412, 24.90187144443754], [67.12252949323069, 24.907500059054993], [67.1251258572667, 24.91452530095657]]]}}, {"type": "Feature", "properties": {"na": "NA-192", "src": "commons-1993-inset", "approx": false}, "geometry": {"type": "Polygon", "coordinates": [[[67.38236857089544, 25.215459189490108], [67.36504841800183, 25.1901544839864], [67.35291738688018, 25.185920992885897], [67.34338848987464, 25.177479574726895], [67.30265057245599, 25.18723792050964], [67.30007223992033, 25.145109025607834], [67.29487806932828, 25.133866834044696], [67.29921351700179, 25.129661914520554], [67.29575049618708, 25.1226351688518], [67.29835623660328, 25.11140651119326], [67.30529526091294, 25.1001853723706], [67.30096774709958, 25.088944684574642], [67.28970048771656, 25.09032928172135], [67.28797078045925, 25.08330554358695], [67.28277300356713, 25.07908408262386], [67.2819092318285, 25.073465994376647], [67.269786134567, 25.05378689595604], [67.25765438218532, 25.050957550975543], [67.25331604947176, 25.060779054979722], [67.24118213331005, 25.062162148359253], [67.2368553407567, 25.049517314443285], [67.22732572249116, 25.042480042404293], [67.22038958322156, 25.048084596746914], [67.21865266336411, 25.055102319812605], [67.21345272269195, 25.055093297209545], [67.21431360939053, 25.066327969936793], [67.20737386382086, 25.078953254879462], [67.20476812340466, 25.090181912538004], [67.20909780099807, 25.097210161973937], [67.20562468254316, 25.10984146198531], [67.21255288795261, 25.11968251496279], [67.21514636694856, 25.132324341344404], [67.21340511953102, 25.14776694113015], [67.21599787726696, 25.161812913631774], [67.21339069433074, 25.175849863530335], [67.21685010884536, 25.189897339799135], [67.21337410535041, 25.208145224290547], [67.21596902686639, 25.217978758432142], [67.24109990966843, 25.222234806040305], [67.24716290081922, 25.229266063010588], [67.25322949827007, 25.229276589380827], [67.26103373683839, 25.220865246565367], [67.26536702073186, 25.22087276540125], [67.27056263384392, 25.22930666472437], [67.27489880277744, 25.223697599080214], [67.2809654002283, 25.223708125450454], [67.30435359309277, 25.24621506508438], [67.30695789098894, 25.237794699665855], [67.31735200225314, 25.249045913832052], [67.3208186293679, 25.249051928900762], [67.32688955437885, 25.240637578550945], [67.32948952471493, 25.240642089852475], [67.33901625794041, 25.253295946371505], [67.36156448064673, 25.223847975797916], [67.38236857089544, 25.215459189490108]]]}}, {"type": "Feature", "properties": {"na": "NA-193", "src": "commons-1993-inset", "approx": false}, "geometry": {"type": "Polygon", "coordinates": [[[67.30704444219063, 25.06929716526475], [67.30618211297202, 25.06087078477752], [67.29492567248921, 25.04119319012409], [67.28453228248503, 25.028537829837884], [67.28194673734923, 25.000450396136166], [67.27068741182636, 24.986389385962774], [67.26202012277942, 24.987778494411014], [67.25249122577388, 24.979337076252012], [67.24382537924697, 24.977917892460233], [67.23949137409349, 24.979314519744356], [67.23775445423604, 24.98633224281005], [67.2299545432278, 24.986318708905458], [67.22302417403831, 24.980690094288004], [67.22389587963711, 24.970862575215115], [67.2178314459663, 24.966639610484847], [67.18922888722938, 24.972206570648044], [67.17795585776625, 24.984824336754826], [67.18401524261695, 24.99887632432516], [67.1944115176612, 25.00591510013133], [67.1978745384759, 25.012941845800082], [67.1995984756531, 25.031198752894557], [67.20826143713997, 25.038234521166373], [67.21345416521197, 25.052285004969526], [67.21778744910544, 25.05229252380541], [67.2195243689629, 25.04527480073972], [67.22646050823249, 25.039670246397097], [67.23772344005543, 25.046710525970447], [67.24205023260876, 25.059355359886414], [67.2524508352131, 25.057969258972527], [67.25678916792666, 25.048147754968348], [67.26892164156834, 25.049572953828836], [67.2836432666459, 25.07206485579099], [67.28450703838453, 25.077682944038205], [67.28970481527665, 25.081904405001296], [67.29056858701529, 25.087522493248507], [67.30010253284092, 25.086134888567447], [67.30270827325711, 25.074906230908905], [67.30704444219063, 25.06929716526475]]]}}, {"type": "Feature", "properties": {"na": "NA-194", "src": "commons-1993-inset", "approx": false}, "geometry": {"type": "Polygon", "coordinates": [[[67.27589600761868, 24.969548655125728], [67.27504161226024, 24.94567666731839], [67.2715771489255, 24.941458213889657], [67.26117726758119, 24.941440168683535], [67.25598165446912, 24.933006269360416], [67.2559859820292, 24.924581392640363], [67.25945621544405, 24.917566677109022], [67.2585917224454, 24.913352734981817], [67.21439366925209, 24.910467750615773], [67.21353134003348, 24.90204137012854], [67.21093353347744, 24.897824420466982], [67.21093858229754, 24.887995397626916], [67.21701167108853, 24.875368608917075], [67.21354792901381, 24.869746009368328], [67.18494897657696, 24.868292238931478], [67.17975192094485, 24.86266663184838], [67.1797540847249, 24.858454193488353], [67.1693549246406, 24.85703200216222], [67.16761800478315, 24.86404972522791], [67.16934843330047, 24.869669317242302], [67.1624086877308, 24.88229460218497], [67.13640321428991, 24.893482658129734], [67.13380108017378, 24.89769058518823], [67.13292721079496, 24.911730542621143], [67.11992231029447, 24.921537008953553], [67.12425343040789, 24.925756966149468], [67.12164696873168, 24.93838976992802], [67.12944110965981, 24.949636472792687], [67.14503660411619, 24.958088417321925], [67.15456910742179, 24.959509104880883], [67.17016315935815, 24.970769341650144], [67.17709064350758, 24.98201454074763], [67.18836367297071, 24.96939677464085], [67.21869954526503, 24.96383282201201], [67.2256299144545, 24.96946143662946], [67.22475820885572, 24.979288955702348], [67.22735673667177, 24.982101759243896], [67.23688923997737, 24.983522446802855], [67.23862615983482, 24.97650472373716], [67.24729344888178, 24.97511561528892], [67.25335932507261, 24.97653028777917], [67.26288822207815, 24.98497170593817], [67.27155551112509, 24.983582597489935], [67.27328738216244, 24.986393897264307], [67.27589600761868, 24.969548655125728]]]}}, {"type": "Feature", "properties": {"na": "NA-195", "src": "commons-1993-inset", "approx": false, "confidence": "low"}, "geometry": {"type": "Polygon", "coordinates": [[[67.18148595576226, 24.861265493262724], [67.19014963850913, 24.86689711541453], [67.21441602831253, 24.86693922089549], [67.21874570590592, 24.87396747033142], [67.22568473021558, 24.86274633150876], [67.22741299495287, 24.87257836188318], [67.23001224402893, 24.87398701930472], [67.23868386063596, 24.864173034136424], [67.23956061505484, 24.844516492223473], [67.25949444222479, 24.843146932748535], [67.2612335258623, 24.831916771322817], [67.30976269916901, 24.839021712884772], [67.3626193862891, 24.85736734224269], [67.36522368418527, 24.848946976824166], [67.36349253440791, 24.844731530929785], [67.37131191943654, 24.806833119594128], [67.36178230117098, 24.799795847555135], [67.35484471938136, 24.808208694137775], [67.35137809226659, 24.808202679069066], [67.34704769341317, 24.802578575753145], [67.34618392167454, 24.79696048750593], [67.33492098985161, 24.78992020793258], [67.33579413797042, 24.777284396619677], [67.32019575847399, 24.774449036570473], [67.29246995415595, 24.76035945482072], [67.27167163398735, 24.757515072168452], [67.26992894404978, 24.775765964194218], [67.26386162533892, 24.777159583943988], [67.24913278766122, 24.768709143181923], [67.24220602477182, 24.756059797964426], [67.22054104782453, 24.753213911544982], [67.21793747118836, 24.760230130843496], [67.21705999550947, 24.781290818876457], [67.20579129360642, 24.785483708263182], [67.19451826414328, 24.798101474369965], [67.1901842589898, 24.79949810165409], [67.19190458986694, 24.82477573934861], [67.18670176415472, 24.830383301225584], [67.19016767000949, 24.831793462414304], [67.19103216300813, 24.836007404541505], [67.18322503939976, 24.850035331837006], [67.18148595576226, 24.861265493262724]]]}}, {"type": "Feature", "properties": {"na": "NA-196", "src": "commons-1990", "approx": false}, "geometry": {"type": "Polygon", "coordinates": [[[67.55155726769709, 25.644934258697866], [67.58181617763807, 25.484395701502635], [67.54354888472338, 25.376541044799552], [67.4564367427503, 25.277577614610525], [67.44562589763136, 25.243556209104995], [67.47721069584586, 25.211486375932115], [67.5998339656033, 25.178073994162514], [67.68657536584459, 25.131875261932795], [67.69421378441255, 25.093142628682102], [67.67651273083395, 25.081136555059345], [67.67879566203429, 25.02539071052273], [67.72976259404517, 24.966375609994085], [67.72487153513272, 24.93821505909152], [67.65012857216695, 24.984929792900715], [67.61424936946835, 24.97205635763732], [67.62820570459448, 24.92802138263311], [67.6156285814369, 24.938598670942], [67.54897945198249, 24.93544347756618], [67.53125567102691, 24.92342930316914], [67.45153882813588, 24.94203572418901], [67.4266080691245, 24.957638393760117], [67.4508602404261, 24.958773529392865], [67.4618563918583, 24.987236407367952], [67.40662256473792, 25.00142730260333], [67.42975461098351, 25.0304539432601], [67.42886320482278, 25.052770510736714], [67.39072581997712, 25.095718826704555], [67.41408694096232, 25.119156840916208], [67.35801284322564, 25.1556981041175], [67.21228505024028, 25.1546269427559], [67.09913432707552, 25.093558311267614], [67.1106342027509, 25.110862042252787], [67.22398656878977, 25.166343187525474], [67.24546737049542, 25.24000708344147], [67.28619653105677, 25.286576961033774], [67.29056558490824, 25.33149256641766], [67.35361680745233, 25.42934692720491], [67.35841893247077, 25.463088790261203], [67.49819978814435, 25.614611762512308], [67.55155726769709, 25.644934258697866]]]}}, {"type": "Feature", "properties": {"na": "NA-197", "src": "reconstructed", "approx": true}, "geometry": {"type": "MultiPolygon", "coordinates": [[[[67.28024830753075, 30.333476336933693], [67.27856720162016, 30.207633754675467], [67.41305567446744, 30.17684248454845], [67.43154783948394, 30.052338653165314], [67.35421696759676, 30.004143621662166], [67.37607134443444, 29.92114106740674], [67.27688609570957, 29.927834821782177], [67.23822065976597, 29.977368604160414], [67.12390545784578, 29.94389983228323], [66.96083818451845, 29.98004610591059], [66.94738933723372, 30.046983649664966], [66.83475524122412, 30.06974241454145], [66.73052667476748, 30.148728716171615], [66.68345570927093, 30.139357460046003], [66.50525848274827, 29.810024744774477], [66.43297092859285, 29.854203523652366], [66.26822254935493, 29.87294603590359], [66.35900226852685, 29.97469110241024], [66.23964374887488, 30.085807425042503], [66.35059673897389, 30.186213740674066], [66.46827415271527, 30.15809997229723], [66.52375064776477, 30.22236001430143], [66.6498335910591, 30.172826231923192], [66.70194787428743, 30.18889124242424], [66.85997182988298, 30.46869017531753], [66.91712943084308, 30.47404517881788], [66.96420039633963, 30.39372012631263], [67.04825569186919, 30.37363886318632], [67.12558656375637, 30.43789890519052], [67.21804738883888, 30.443253908690867], [67.19283080018002, 30.368283859685967], [67.28024830753075, 30.333476336933693]]], [[[65.392366369937, 28.984015454845483], [65.36883088718872, 28.96795044434443], [65.16037375427543, 28.81399409370937], [65.04101523462346, 28.795251581458146], [64.91325118541855, 28.682796507950794], [64.91157007950795, 28.682796507950794], [64.81070372487248, 28.69484526582658], [64.49801802550255, 28.611842711571157], [64.40723830633063, 28.52348515381538], [64.12649361926192, 28.467257617061705], [64.00713509960995, 28.38291631193119], [63.92307980408041, 28.378900059305927], [63.82389455535554, 28.305268761176116], [63.26072407530753, 28.27715499279928], [63.205247580258025, 28.183442431543153], [63.06571578967897, 28.109811133413338], [63.05731026012601, 28.101778628162815], [63.032093671467145, 28.08303611591159], [63.02032593009301, 28.07366485978598], [63.01528261236123, 28.069648607160715], [63.00015265916591, 28.05626109840984], [62.934589528652864, 28.001372312531252], [62.89928630453045, 27.961209786278626], [62.89760519861986, 27.961209786278626], [62.88751856315631, 27.94916102840284], [62.86902639813981, 27.93041851615161], [62.80178216171617, 27.8889172390239], [62.76816004350435, 28.032163582658264], [62.78665220852085, 28.28117124542454], [62.59164392289229, 28.25573497879788], [62.44034439093909, 28.407013827682768], [62.295769282628264, 28.463241364436442], [62.115890950195016, 28.484661378437842], [61.957866994599456, 28.548921420442042], [61.80488635673567, 28.639956479947994], [61.680484519351936, 28.77115406570657], [61.50396839873987, 29.008112970597058], [61.42831863276327, 29.19419934223422], [61.35771218451845, 29.28255689999], [61.37284213771377, 29.348155692869284], [61.19296380528053, 29.502112043504347], [60.878597, 29.86223602890289], [61.65190571887189, 29.6252771240124], [62.45547434413441, 29.38831821912191], [63.36495264176418, 29.476675776877688], [63.59022083378338, 29.490063285628562], [64.03235168826882, 29.417770738373836], [64.10463924242424, 29.37760821212121], [64.15171020792079, 29.449900759375936], [64.26602540984098, 29.523532057505747], [64.487931390039, 29.5717270890089], [64.63250649834983, 29.581098345134514], [65.06623182328232, 29.535580815381536], [65.13011384788479, 29.551645825882588], [65.78070183528352, 29.724344688768877], [66.25813591389138, 29.8608972780278], [66.30352577347735, 29.84617101840184], [66.27830918481848, 29.747103453645362], [66.3119313030303, 29.63197087838784], [66.19257278337834, 29.38430196649665], [66.1623128769877, 29.32941318061806], [66.09843085238523, 29.349494443744373], [66.0093322391239, 29.1968768439844], [65.86643823672367, 29.128600549354935], [65.74539861116111, 29.144665559855984], [65.58905576147615, 29.030871735473546], [65.47642166546655, 29.03354923722372], [65.392366369937, 28.984015454845483]]]]}}, {"type": "Feature", "properties": {"na": "NA-198", "src": "commons-1993", "approx": false}, "geometry": {"type": "Polygon", "coordinates": [[[67.62299374795413, 31.123784259367717], [67.58779030859993, 31.100725270592534], [67.45938262098413, 30.94798579696546], [67.294779046856, 30.849660977481083], [67.28966247269268, 30.77761173802574], [67.26075511429723, 30.716018651232183], [67.26706221009746, 30.68300059126869], [67.33265195986725, 30.646026106351083], [67.45673566950029, 30.665940952813095], [67.49202743405583, 30.683479160244467], [67.54024214344972, 30.61298227694431], [67.54052356030554, 30.59089615408839], [67.4220506151712, 30.598687837508553], [67.36327024537249, 30.56394046487761], [67.29833967662582, 30.545616456313546], [67.1383664491938, 30.54140163129322], [67.0560982267161, 30.47844643073725], [67.03291448206798, 30.433610849748117], [66.99172719348856, 30.404903022161278], [66.96799247635171, 30.40429517775951], [66.90925394840863, 30.353025828470212], [66.8497460791898, 30.36258428872269], [66.78969759633068, 30.41641730620896], [66.73630448719679, 30.409574512427856], [66.58462440349784, 30.167928083066496], [66.54305099050735, 30.161383741241625], [66.50106157464099, 30.18804196583793], [66.41158857993453, 30.2025280385433], [66.40014602749514, 30.163505699800904], [66.35873244863863, 30.140389633330102], [66.25144753772446, 30.14344541418973], [66.20443091041166, 30.086990053118054], [66.20462982692922, 30.07038093776651], [66.1572055245538, 30.04714844839888], [66.15078180771343, 30.085773061058298], [66.1800667043777, 30.13074688531385], [66.17968122267388, 30.163976117521212], [66.2148648745023, 30.21462724476808], [66.21418051593595, 30.27556178145034], [66.27270941574521, 30.371075557580774], [66.260269332577, 30.420685883472487], [66.18801675121182, 30.49674431563815], [66.18146041478751, 30.55762006101821], [66.25152667100528, 30.703355149357314], [66.25092395602952, 30.769938602184006], [66.28017978941803, 30.82605382374515], [66.29717219991097, 30.926335545964537], [66.35630228775278, 30.96642273449338], [66.43945476642153, 30.97371368151058], [66.49862624012394, 31.00272133250694], [66.5987775396066, 31.09921913096509], [66.62167245985454, 31.205179423955432], [66.68683930225069, 31.21767674930689], [66.74553455466886, 31.296658458201666], [66.88162286581532, 31.32738531672439], [66.9053613733793, 31.32236335376408], [66.91141698059539, 31.30585228877023], [66.87596107324482, 31.293964391695972], [66.87618356757683, 31.26622594239704], [66.89413925663234, 31.244435919075105], [66.95958272137571, 31.212640199998287], [67.00663219718248, 31.25254072828103], [67.03623724185248, 31.25322394550204], [67.1136792831447, 31.199598453614946], [67.16102629814016, 31.200726427014892], [67.17862794900856, 31.217773815585623], [67.26736278157972, 31.219920195523535], [67.3327242811354, 31.188292898600718], [67.39780940345868, 31.184382315173544], [67.421778820931, 31.151768132710938], [67.4629849725433, 31.16942555796958], [67.516555147909, 31.132060127098313], [67.61106682623742, 31.13453312448333], [67.62299374795413, 31.123784259367717]]]}}, {"type": "Feature", "properties": {"na": "NA-199", "src": "commons-1993", "approx": false}, "geometry": {"type": "Polygon", "coordinates": [[[70.12549051170325, 31.419774875228963], [70.12633691848578, 31.36490017182187], [70.14442739037433, 31.327171519352003], [70.12745836440837, 31.29357975331726], [70.14080389692491, 31.18983280176066], [70.1130043140281, 31.106450040155018], [70.11383592939167, 31.057116641742866], [70.14968518750302, 31.009182846648866], [70.06837041041642, 30.984025040993863], [70.05114280106181, 30.96689300653558], [70.05219075722343, 30.9066153332155], [70.02999617800222, 30.839943813610947], [70.03167320031014, 30.746829331989744], [70.01485054744548, 30.70779423187002], [70.05071208753195, 30.66540365193502], [69.96337415617137, 30.645454395360428], [69.93516901576649, 30.58953055849453], [69.90624458625008, 30.571935617542625], [69.90101532406258, 30.538851539841435], [69.88367839769035, 30.527200054766645], [69.8860951983759, 30.401307764322002], [69.87514432748641, 30.362530588061396], [69.80003443655764, 30.31021295761556], [69.74289346560572, 30.23672287473281], [69.75581468220541, 30.17701333207929], [69.69890261648544, 30.092594083831315], [69.7111843664858, 30.065721763930526], [69.74025435535995, 30.077849515312135], [69.73541757986058, 30.028396861931075], [69.75885421808006, 30.029354787911313], [69.79331701204393, 30.06359872670931], [69.88747448056361, 30.045601247054318], [69.82375302067743, 30.010139271197524], [69.76621410390676, 29.958530291258636], [69.73784670296477, 29.913598423826432], [69.74476843986393, 29.864656682611265], [69.66506787684493, 29.751982313135166], [69.67752357085612, 29.719689240103524], [69.73690467635227, 29.6893642366828], [69.69208472298418, 29.59456858638548], [69.5477195555988, 29.484693257564064], [69.47173627299895, 29.46514758168621], [69.4199791157896, 29.41381429685151], [69.42060901295163, 29.38650765913422], [69.37270602554837, 29.422810260545294], [69.3719600202048, 29.455588502579907], [69.39509872853957, 29.472937592276978], [69.39435859331341, 29.505719239324215], [69.34648677614327, 29.542066705468862], [69.31146058395308, 29.52971428362623], [69.29298025366934, 29.56727308095606], [69.31529796815214, 29.622887610071004], [69.31882451368473, 29.732498995080334], [69.37053774268202, 29.789295197419623], [69.44100583670053, 29.792104465808105], [69.45193681648811, 29.83085758049204], [69.43985043841785, 29.84679770519165], [69.22851025334303, 29.833007723727924], [69.16508978705392, 29.770291378820517], [69.04870044522971, 29.705547535131675], [68.97808221348234, 29.702855580406435], [68.93631961350418, 29.72868139527867], [68.88311150502834, 29.7376504305293], [68.79357918142448, 29.794659115381467], [68.7990399113137, 29.816801263118066], [68.88136739386822, 29.825320542394486], [68.93369440964594, 29.860168293039663], [69.03776325362709, 29.957279079619678], [69.11419675458092, 29.960154929512946], [69.19989130485618, 30.089504876448313], [69.19926140604348, 30.122383260111885], [69.17534942164869, 30.143420943269604], [69.13422674469314, 30.14188130064971], [69.05875948287274, 30.08969997363766], [68.95880559541482, 30.08601513753249], [68.91814413899449, 30.057089495288725], [68.81222793482658, 30.053251766581944], [68.77142683858547, 30.02982709414999], [68.74198824717188, 30.028774330789044], [68.69996899262254, 30.071213465471736], [68.61161801053488, 30.06811092408921], [68.49541925893675, 29.9706759359446], [68.34216070333542, 29.959932426557344], [68.25848518328029, 30.01760126062652], [68.20498323053627, 30.037830453737566], [68.13302825689519, 30.10150433651573], [68.12076665205751, 30.128626052768336], [68.06761777626384, 30.12692121678247], [67.98377742775982, 30.1958510396372], [67.9772680869747, 30.234204345601235], [67.92392583388428, 30.243569173771483], [67.9056956800464, 30.276069417159206], [67.85784313862709, 30.313191157524503], [67.86958022009335, 30.319059021021236], [68.04198016411891, 30.2527526345568], [68.15406091910816, 30.261810047674942], [68.23015779205782, 30.30278919717543], [68.2180127856941, 30.32442082637537], [68.17662870423749, 30.328604436492647], [68.18218704417689, 30.3508085106279], [68.22929444242236, 30.357818409669115], [68.21117326502109, 30.384772991312357], [68.18159421589144, 30.389340948942984], [68.22852950475716, 30.40735424941881], [68.21614771385558, 30.445514476756077], [68.16256996446987, 30.476881020745942], [68.08013347060266, 30.463295555708658], [68.06816930990007, 30.473948443305982], [68.01504953206819, 30.472317671696835], [68.00253131319052, 30.521552483737644], [67.98466634436811, 30.53203893595454], [67.94932264874713, 30.52545925977635], [67.92609334645527, 30.497188780188385], [67.87270796925242, 30.51213871336429], [67.89019576343217, 30.52920584006872], [67.87807837741249, 30.550910083760524], [67.84264020967942, 30.5498633353116], [67.82514570102585, 30.532797567004405], [67.78378816096965, 30.531585177842032], [67.74855743199885, 30.51400459357704], [67.71279546772753, 30.535042700759224], [67.60031316408431, 30.54287159321284], [67.55242410677292, 30.58570435151154], [67.55207125029685, 30.61331063187606], [67.67616352084931, 30.622318016552526], [67.72244651153561, 30.70093491107219], [67.76465923549316, 30.635888637167852], [67.80046994623955, 30.609326864896158], [67.90669823217979, 30.617957244041776], [67.9602831808669, 30.58645311526943], [68.0665090313828, 30.589659766631016], [68.12518712850664, 30.613506099094412], [68.16104286270364, 30.58153683826675], [68.2144311930802, 30.561154293110434], [68.45544322302179, 30.607384870175185], [68.5271847417501, 30.538156638839247], [68.5683916480397, 30.539518742515646], [68.70831536046207, 30.626733113948113], [68.84173738301797, 30.74678512819212], [68.8652374104961, 30.747582818724126], [68.91325614409824, 30.683216317089602], [69.03079280680366, 30.68180330361033], [69.1323850001685, 30.575496143845907], [69.17989267177978, 30.544253287366843], [69.22692833258792, 30.540473738755356], [69.2260856806035, 30.58986933293721], [69.14862321436024, 30.658493636492103], [69.20079293143078, 30.69882642052505], [69.21049073335939, 30.825578416669696], [69.32047552933528, 30.917450189773984], [69.34899843799818, 30.96794321187212], [69.37083255072436, 31.073182414278204], [69.39384063830327, 31.10149451329041], [69.35101363596158, 31.22649327736866], [69.36826143459845, 31.249104345800276], [69.36718205428939, 31.326106151294205], [69.39020915581828, 31.354423806572886], [69.4136122803849, 31.355238186540102], [69.43670864525059, 31.378056759342847], [69.50650844515539, 31.40801656305867], [69.62310598282384, 31.434153904588893], [69.68091443391592, 31.480227182300986], [69.73339912366042, 31.487614811827047], [69.7849497054867, 31.560976093066103], [69.80814388232636, 31.572814968978975], [69.80322600374711, 31.506643092826593], [69.78018585585846, 31.483809778579246], [69.7807327717571, 31.44534018650038], [69.87485124434112, 31.399331310049416], [69.88259121041911, 31.273252313906944], [69.9003587544652, 31.257442867320485], [69.93521090872369, 31.269743718770066], [69.96312365528553, 31.353185613183953], [69.99246194487586, 31.34330968277002], [70.00396100643846, 31.354730254058218], [70.04478990361642, 31.356283084771064], [70.09626048334624, 31.424147823594804], [70.12549051170325, 31.419774875228963]]]}}, {"type": "Feature", "properties": {"na": "NA-200", "src": "commons-1993", "approx": false}, "geometry": {"type": "Polygon", "coordinates": [[[69.82265535904348, 31.798918627461486], [69.78281286887447, 31.720450582344718], [69.80799267967679, 31.583809765807636], [69.7732001829712, 31.566052608628386], [69.74469393685423, 31.51552204718813], [69.70996385390515, 31.49227081565254], [69.6749210315138, 31.491014201161402], [69.61710947382896, 31.444942120801308], [69.44233127607907, 31.39476298651065], [69.40761020820307, 31.36603597079268], [69.38420697933796, 31.365223134591165], [69.35540145155576, 31.33120139260907], [69.35647680396653, 31.254194960391096], [69.33922703900417, 31.23158390107851], [69.33977751445835, 31.19308972291015], [69.3820493269116, 31.10657443019322], [69.35903871346774, 31.078262453499793], [69.3540123316984, 31.023098259204207], [69.30867118978989, 30.92252496866801], [69.19867662568488, 30.830656337800193], [69.18897166282981, 30.703897627969017], [69.136797485318, 30.663566523694573], [69.13715828104495, 30.64159899144844], [69.21444543701367, 30.583953914638553], [69.22087308143824, 30.551235729622373], [69.18557402204472, 30.555444024809905], [69.13807015797015, 30.586687978322892], [69.03648757286703, 30.692998295464804], [68.91895749914858, 30.694412456146008], [68.90669558326857, 30.726993019103933], [68.8709438287352, 30.75878073854997], [68.83569466625087, 30.757585515563132], [68.7022645736315, 30.637535390058492], [68.56233489945592, 30.55032528985351], [68.53290212724077, 30.549353452665386], [68.46116715691886, 30.618583785375886], [68.22016674045881, 30.572354528774007], [68.16678211805385, 30.592737994714692], [68.13092955342239, 30.624708249251675], [68.06045433522625, 30.60050311208347], [67.96603370027758, 30.597656256147427], [67.91245287811276, 30.62916153361598], [67.8062301246377, 30.62053197043585], [67.77640228424605, 30.64174680720885], [67.74607824771252, 30.701606450743846], [67.7282143944271, 30.712142625472417], [67.68143464847918, 30.672163529375975], [67.67010994961446, 30.633189496201357], [67.54601677576416, 30.624189883537067], [67.49780733883438, 30.694688661562566], [67.33843922160449, 30.657236318815777], [67.27278999979137, 30.69974068951689], [67.30156436637766, 30.77238973407638], [67.3066769285172, 30.84443512096803], [67.46541647244302, 30.937081509415332], [67.59966193952913, 31.09550705694965], [67.63486259706043, 31.118567385884024], [67.61685698362128, 31.145750771322607], [67.52235040906217, 31.1432786005344], [67.4687845694941, 31.180645294057797], [67.42758002295484, 31.162987888567503], [67.40361313707692, 31.195602961414828], [67.36223359376186, 31.19456589903381], [67.2791911595775, 31.220209220887828], [67.2790889540865, 31.231287153476924], [67.34387401681047, 31.26057710543273], [67.36140406686928, 31.283168427647542], [67.48533660639747, 31.302876690284855], [67.60845773872985, 31.400141600304238], [67.59044877308537, 31.432911528406528], [67.44279278631241, 31.434766479249063], [67.4129291507541, 31.47282936736875], [67.41251572419971, 31.52270616565961], [67.45957653918113, 31.54601931389274], [67.47738039008055, 31.535367612393742], [67.53046343776033, 31.54221296678527], [67.64183270197856, 31.63363941759931], [67.64165194097282, 31.65580120816044], [67.70062012513246, 31.657275751167376], [67.76523473847107, 31.686610316962696], [67.82955146330822, 31.74918759642444], [67.88238190174152, 31.77269909854503], [67.92328595131558, 31.812528485976554], [67.92302084051336, 31.845761106607675], [67.94639230554934, 31.868522131583163], [67.96997877842836, 31.863589895994902], [68.06476799940395, 31.788539470355143], [68.17059739144224, 31.796912309598646], [68.30038042469954, 31.750679588806314], [68.32950920688906, 31.779149280066093], [68.32920699972817, 31.81233124814713], [68.28787652624982, 31.833317879555896], [68.24683323553138, 31.8211240957865], [68.2408101620222, 31.837561384015316], [68.29919394353277, 31.8834313103711], [68.37620679357389, 31.813644107880737], [68.41737366850597, 31.8092726687791], [68.43551343814362, 31.754491349500988], [68.4592728252187, 31.727529547093084], [68.51810397938, 31.718176040637125], [68.55377631711004, 31.675011197592458], [68.600910484172, 31.659829944799263], [68.64234528953173, 31.627926392867295], [68.66582024219768, 31.628632235335342], [68.73522995755289, 31.72460844154343], [68.82260740096082, 31.78248157158013], [68.85157102676433, 31.816497637863076], [68.89158225542843, 31.91712842625225], [68.9961724524163, 32.00316694969375], [69.02543892508818, 32.00406454588699], [69.0373082196714, 31.98786259419237], [69.13677983221821, 31.99095693854031], [69.14963216602928, 31.880977012102992], [69.18545884060904, 31.815916833618385], [69.30841268172739, 31.80888387514535], [69.43681807629643, 31.82967694174193], [69.52329517334094, 31.931788368199655], [69.6922416771345, 31.965075222000667], [69.65184858863965, 31.92512348813821], [69.65210834787175, 31.90309482053447], [69.74043515955186, 31.840061451839787], [69.70020405165556, 31.78909918175427], [69.70638614029069, 31.76178645523789], [69.72410441423618, 31.74589325820201], [69.75328259131928, 31.74692237816179], [69.81085029814356, 31.809508171583836], [69.82265535904348, 31.798918627461486]]]}}, {"type": "Feature", "properties": {"na": "NA-201", "src": "commons-1993", "approx": false}, "geometry": {"type": "Polygon", "coordinates": [[[67.26581294336889, 29.89876051532994], [67.32538486575108, 29.883934434923038], [67.35175312601437, 29.71934867464811], [67.38223480473211, 29.670672474282636], [67.43005802488243, 29.65008054304266], [67.48343085382773, 29.651703137613183], [67.53764529668346, 29.60381994141629], [67.57875785463723, 29.62711315197059], [67.6208231428203, 29.595405727326234], [67.62219510798542, 29.518418209685912], [67.70647389098492, 29.449612365715193], [67.70198655343393, 29.372495675246167], [67.72611102175122, 29.35129508485317], [67.79108414769273, 29.36442139987844], [67.81415152766851, 29.39815615883175], [67.83784440229888, 29.398939433285527], [67.86206210293014, 29.37226986788837], [67.85731178194123, 29.3116790763092], [67.828336438543, 29.27774964275277], [67.83512894649778, 29.23403574872892], [67.71272875541855, 29.125581491956485], [67.732078211512, 29.049348734093744], [67.81030394788918, 28.997112341988814], [67.81704029205295, 28.958928799330014], [67.80006329183463, 28.91993375592172], [67.74132939466399, 28.89047980825744], [67.71818019264242, 28.86224994418009], [67.71864916923793, 28.840317263088313], [67.8019465611321, 28.832220389944037], [68.02590101237362, 28.900426397808644], [68.04464032328781, 28.857240939776272], [68.10473520265202, 28.821046486051067], [68.10634787994388, 28.74987876767316], [68.14315138577915, 28.696455592541245], [68.14455497477596, 28.636271000554245], [68.12149679610488, 28.60803891101778], [68.13029166777417, 28.487935060756268], [68.06613543143824, 28.44175049018297], [68.0355646213233, 28.478931204142985], [67.99998107668605, 28.47761627763379], [67.98336522084459, 28.427729756851623], [67.86071529415258, 28.3410982021223], [67.86744799315697, 28.308496625498993], [67.9096742762036, 28.28268515010896], [67.91682545302704, 28.233697090969624], [67.95906206742409, 28.207917890213444], [67.96902781415362, 28.04968480787456], [67.9577159786435, 28.02738362686464], [67.9595664239214, 27.956385148560265], [67.87839999832515, 27.876755707517695], [67.79052845965622, 27.82421728968235], [67.80416527605853, 27.759143118184678], [67.87075084553736, 27.717983945551474], [67.8126195390502, 27.666572467364286], [67.65806239555859, 27.655217427961794], [67.61102365235435, 27.63158111687247], [67.52779469779992, 27.623002636534203], [67.49161565130588, 27.638065945721667], [67.45328557838123, 27.73511722979934], [67.42888908545528, 27.756116235608673], [67.38150484116639, 27.743457468612355], [67.36320501069726, 27.759217258473516], [67.35668542425037, 27.780877196639455], [67.37386438427752, 27.808862011188484], [67.34837204730651, 27.873650086490148], [67.29433211357573, 27.88816874921022], [67.26967979396869, 27.920168262378493], [67.2475434338863, 28.352497478950834], [67.2346501622491, 28.39596197874651], [67.19175478091888, 28.44942517637798], [67.11421124151164, 28.45237899034292], [67.05345509867406, 28.50533480087372], [67.05882763078343, 28.532971325573435], [67.10554615329575, 28.578412342697174], [67.12426985933544, 28.82629437212395], [67.18840286927941, 28.894279789792822], [67.20526868385478, 28.94429101288793], [67.23457016575584, 28.967204779294356], [67.23392517229416, 29.00017506168969], [67.26895370361902, 29.03426735167815], [67.28582933475084, 29.08428873269339], [67.36795572332075, 29.141864998788535], [67.33892909295865, 29.427063906755688], [67.3086622334878, 29.45917651476405], [67.23117837016525, 29.473368070479076], [67.22678105589561, 29.737730822177145], [67.17833440232853, 29.796989219398846], [67.17807679469614, 29.81352674578993], [67.21326137280084, 29.842105999030128], [67.21860116710643, 29.880865681723034], [67.26581294336889, 29.89876051532994]]]}}, {"type": "Feature", "properties": {"na": "NA-202", "src": "commons-1993", "approx": false}, "geometry": {"type": "Polygon", "coordinates": [[[67.06802624217171, 30.4732241950409], [67.14442734737588, 30.530500075525005], [67.30439987079319, 30.534725320963837], [67.3693290855266, 30.55305257661023], [67.42810706019418, 30.58780181210874], [67.54066511624272, 30.57985376273098], [67.59454454177019, 30.53166616091959], [67.70703332469017, 30.52383847796151], [67.74279803997635, 30.502801136576814], [67.87232474742079, 30.539707079595388], [67.86097148821204, 30.506274374309676], [67.89073677806138, 30.490614770011685], [67.93215504548284, 30.486342547723225], [67.95538246482212, 30.51461290728798], [67.97891929321824, 30.52083731753448], [68.00930637787498, 30.46111756510339], [68.10980038745343, 30.453194576125185], [68.15683478491623, 30.465682205710003], [68.21639801616466, 30.428998523414492], [68.21083558397375, 30.40679134968543], [68.17552685311226, 30.400164649470383], [68.16987936092949, 30.383462345259765], [68.21741193803959, 30.362944761106437], [68.17611719128196, 30.361629881850824], [68.16448678583882, 30.350246340216092], [68.16491337374426, 30.322724879329822], [68.21228633672021, 30.313225667065876], [68.20664680624749, 30.29652793938417], [68.11856007586577, 30.266185438370023], [68.0477137709213, 30.263948152513798], [67.87532579805708, 30.330257518611898], [67.85168863646314, 30.329542182163568], [67.84610521538096, 30.30732363666072], [67.89396106667624, 30.270199347405807], [67.91818615621068, 30.232372912773933], [67.96553845142832, 30.228330720322006], [67.97204817407379, 30.189976439615705], [68.0618903583017, 30.115728702710364], [68.11504210496562, 30.117434003656925], [68.12130936673678, 30.09562218631751], [68.19926670692331, 30.02664106514899], [68.25277236763895, 30.00641279282232], [68.33645465552097, 29.948745935540465], [68.50151369822684, 29.959899310935384], [68.61770588090864, 30.05733636102621], [68.69427863597254, 30.060028074648617], [68.73630179762367, 30.017590213249377], [68.77751685079107, 30.019065613567747], [68.81831634158655, 30.042491656558553], [68.92423207641133, 30.046336332211002], [68.96489157165519, 30.075263012255835], [69.0648450158446, 30.07895440936525], [69.14030873711755, 30.131137758795795], [69.16968281007748, 30.1322385975336], [69.18761821039098, 30.11646008559019], [69.18803755711085, 30.09454028794036], [69.10810360412792, 29.97089008558273], [69.03166976420404, 29.968019252928002], [68.87526501862158, 29.836063482692314], [68.79293681529157, 29.827549273838077], [68.7819064089913, 29.788745576297437], [68.87744369301689, 29.7264736548422], [68.93065509091366, 29.717505312464105], [68.9724209701676, 29.691680429007572], [69.05481095758294, 29.69482410607976], [69.17119586487573, 29.75957200826152], [69.234612131305, 29.822288938188997], [69.43420958163135, 29.835624014128353], [69.44031090271245, 29.824919069297124], [69.43490238123452, 29.802807414092637], [69.38193824452568, 29.806171818641612], [69.35280176020605, 29.794067103362078], [69.3069569420927, 29.73750416495224], [69.3034243705872, 29.627886614017203], [69.28170297994511, 29.544934584231346], [69.30582431919251, 29.51854589981745], [69.34085200674554, 29.530898403722038], [69.38272777133784, 29.49977688150662], [69.383220609, 29.477921574934346], [69.36007995021434, 29.46057326851664], [69.3610734523619, 29.416867195388917], [69.39084165523496, 29.401683194450143], [69.40322798235253, 29.37485877599612], [69.42686636717646, 29.370367796925066], [69.43440558733829, 29.299633752538387], [69.4001629147978, 29.25449602278024], [69.41335652318025, 29.19494730920991], [69.46026332128768, 29.20237610280016], [69.52010808942698, 29.16121493632562], [69.4917855050267, 29.116331175835242], [69.53388318869332, 29.079911280035653], [69.5403059892755, 29.05835345366784], [69.56969771420525, 29.05961663099266], [69.59826523335197, 29.093592377036742], [69.61603080720721, 29.08890147761809], [69.61644120064483, 29.07254809959374], [69.58282878730834, 29.005614740428634], [69.58393943009276, 28.962016116098564], [69.56182059006215, 28.906503420584464], [69.52079427238141, 28.899267627563624], [69.46911405637192, 28.847933356577226], [69.44110384995433, 28.792171191734013], [69.34875555062283, 28.717273943478034], [69.33869500175102, 28.651384501204536], [69.38624658423318, 28.637082642961555], [69.35869106589142, 28.56500026792781], [69.26219475195794, 28.42450766100402], [69.20352499865568, 28.411060937775712], [69.16872885743527, 28.38774986877378], [69.16962214428052, 28.355076020608518], [69.26097674336621, 28.255509904678423], [69.20305612753033, 28.21482696942777], [69.12648840454438, 28.20603540708998], [69.10817126329435, 28.227041267426078], [69.03732317637852, 28.223985518172455], [69.02581447494902, 28.21258784445071], [68.89009095201212, 28.201353211595254], [68.87812221081049, 28.206301889151742], [68.87575349425623, 28.293483934574834], [68.8146253999939, 28.367339364372782], [68.80785369012236, 28.399812291657692], [68.74170774518417, 28.440781978568033], [68.69809527456464, 28.526411494761874], [68.6499806992581, 28.55726774823512], [68.5190775479076, 28.584890289750017], [68.48278299117355, 28.616284461189327], [68.41099380107435, 28.64632980117418], [68.38851262198854, 28.59623046122294], [68.32971708224215, 28.57756431748971], [68.30064257975162, 28.554569877170586], [68.1350361526961, 28.537373130146992], [68.13347705934186, 28.603008221831256], [68.156532712148, 28.631240433686518], [68.15487202123052, 28.702364834337843], [68.1180709730835, 28.755785588966212], [68.11645822814039, 28.826951914739436], [68.05636749522802, 28.86314336981863], [68.04971779748627, 28.89579489305525], [68.03158537034145, 28.911594244245542], [67.79577743884325, 28.842977215492926], [67.73039935221898, 28.84620743195342], [67.76494210820444, 28.89677711509219], [67.82366761359648, 28.926235024703168], [67.82855191646895, 28.97578741533661], [67.82204729255277, 29.003003109448787], [67.74382694187943, 29.055235506902815], [67.72469932384932, 29.120489019618123], [67.78321560297759, 29.16089422212892], [67.84708834001341, 29.228946314546288], [67.84029380223495, 29.272657121047768], [67.86926606022871, 29.30658679012275], [67.87380091084628, 29.378155599736537], [67.84355758316549, 29.41011931353603], [67.80801914995278, 29.408945714666537], [67.7849495312936, 29.37521050293224], [67.73182858914116, 29.362475035040017], [67.71373664992056, 29.378375228259642], [67.71822349632849, 29.455490643878736], [67.6339505017089, 29.52429194695005], [67.63257846368862, 29.601277964862255], [67.58449375072351, 29.638300153804533], [67.56078507202949, 29.637564650965], [67.54338258856745, 29.615006849062663], [67.48917290006003, 29.662891535823533], [67.43580294198497, 29.661269406213712], [67.38798311082067, 29.68186220657577], [67.36352714494556, 29.72520822170289], [67.35625715449484, 29.80765713938848], [67.33793830631535, 29.840193822956724], [67.337246270554, 29.884278750292076], [67.35486504799128, 29.89581816910485], [67.36036684383664, 29.923546498014584], [67.24611078862256, 30.02508072319896], [67.24586791873095, 30.041628047602853], [67.2867351125423, 30.08692364405643], [67.27345959302733, 30.185901387844538], [67.23149876049504, 30.217869426894136], [67.15470886898345, 30.193683285513565], [67.11266112920798, 30.231212926013022], [67.16522939076893, 30.293392708751103], [67.07505501678014, 30.384946478581686], [67.0746387861313, 30.418104736508308], [67.04477765775697, 30.43391702073094], [67.06802624217171, 30.4732241950409]]]}}, {"type": "Feature", "properties": {"na": "NA-203", "src": "commons-1997", "approx": false}, "geometry": {"type": "Polygon", "coordinates": [[[69.11883679821939, 28.213073689154296], [69.11897368958294, 28.202018581653352], [69.0838806847215, 28.18977324269219], [68.46042746629247, 28.152563167308625], [68.39610602817899, 28.100626637950874], [68.35564683416473, 28.021757498079573], [68.22029357738288, 27.978593628232183], [68.0562184037491, 27.8402874517127], [68.01493404531436, 27.827871803483593], [67.98564081157384, 27.79921072171773], [67.96254331839903, 27.743027501166058], [67.88576025332131, 27.723922847923436], [67.87369334087809, 27.74571611118649], [67.82011977981942, 27.771733647970816], [67.808001238869, 27.799080263631083], [67.81946518367157, 27.838269902025033], [67.89017909652631, 27.873789174740907], [67.97810173526992, 27.959760940510616], [67.97739210843798, 28.031827759862708], [67.98900120519778, 28.054375841863934], [67.98144633353677, 28.226070275146284], [67.93981453903051, 28.252517568043178], [67.93344702524921, 28.302251265356496], [67.89181946645022, 28.328717691670686], [67.88571054702867, 28.35072671022432], [68.00905050767732, 28.437715326249336], [68.02046339914757, 28.482445664292513], [68.04408114086704, 28.483165510397303], [68.0680486443559, 28.44506812642105], [68.0857590008468, 28.445611520703014], [68.1561172921145, 28.497689339593716], [68.15570886736437, 28.542045519788438], [68.32070058278, 28.558215292555094], [68.34995142168094, 28.581296089219517], [68.4086986652156, 28.599747834642777], [68.43177143768607, 28.650349341047335], [68.52661534725019, 28.58680287672072], [68.65639553502645, 28.557659495236482], [68.69785419237597, 28.531286882932797], [68.7399691284347, 28.444037346298117], [68.80513270337393, 28.40185708322266], [68.81138323264544, 28.3688471483641], [68.87105183690709, 28.293317402460797], [68.87802692511941, 28.199474993594883], [69.11883679821939, 28.213073689154296]]]}}, {"type": "Feature", "properties": {"na": "NA-204", "src": "commons-1993", "approx": false}, "geometry": {"type": "Polygon", "coordinates": [[[67.33639393849097, 29.93939496051956], [67.34867832128336, 29.91217934934346], [67.33114420444815, 29.895129076457728], [67.31335176022472, 29.894614011937794], [67.30123425094042, 29.91080780102109], [67.25971163156005, 29.909616471066055], [67.21249857950816, 29.891723726717206], [67.20130652318431, 29.847280024851973], [67.16611887554974, 29.81870178129067], [67.16654748932632, 29.791138143296216], [67.21499743195355, 29.731876768691148], [67.21939449643405, 29.467508875068074], [67.24343819753524, 29.45170515489637], [67.30291783261465, 29.4479906174355], [67.32715270157492, 29.42119969942626], [67.35597057118444, 29.146986074812055], [67.27383749988988, 29.089412715434836], [67.25695846389746, 29.039389691137163], [67.2219265753357, 29.005298080347313], [67.22256984255523, 28.97232581507025], [67.19326585066379, 28.949412945142953], [67.17639663122783, 28.899400078765424], [67.11798919546271, 28.84259058055341], [67.10796699167305, 28.748825386393992], [67.03652111563585, 28.746584634601664], [67.00707703050223, 28.729174724380826], [66.92378700009334, 28.72110227434027], [66.8459859874153, 28.735229441546785], [66.75059666556741, 28.732363036793732], [66.68531180934878, 28.713916448763346], [66.62618391490076, 28.684657282468848], [66.53858517443622, 28.583025806746765], [66.44964342527172, 28.54741566198095], [66.34826895635875, 28.533496446181942], [66.29489311535706, 28.509957232563085], [66.25965801662039, 28.475923333666422], [66.17285715366653, 28.324815903401237], [66.14527068665622, 28.208442960038983], [66.10425700199185, 28.16324818617052], [66.0445793303286, 28.15055073520913], [66.01518612206297, 28.12220214535876], [65.98163334734585, 28.005684467444492], [65.92801649755094, 27.987661737010395], [65.91718603190236, 27.932328956598134], [65.79400304890709, 27.796807136353188], [65.7476409644461, 27.71848151517402], [65.74812341499369, 27.696490677037033], [65.70091459047816, 27.6566562104443], [65.68596088804385, 27.518738121986342], [65.65603125909384, 27.512390029285427], [65.64488145673222, 27.473582332276113], [65.60329216196799, 27.4504099628918], [65.57498437798361, 27.37263159646892], [65.5762603495316, 27.317694271823598], [65.55936923268828, 27.26774299316436], [65.51199928360363, 27.23341282996565], [65.48280900234832, 27.194107508950037], [65.48372413812882, 27.15566297213783], [65.39522305136902, 27.076203501903507], [65.36602269863809, 27.03690615155476], [65.36079495023917, 27.003787286638083], [65.34298075732461, 26.992290809735564], [65.10187664234819, 26.98007563107684], [65.04821247071618, 26.951119336298937], [64.96972581871069, 26.94900400758215], [64.72098954682917, 26.986534551341386], [64.70123378458455, 27.05762063454118], [64.67039374561719, 27.08438867883932], [64.3914233922874, 27.110702957875663], [64.32925526108919, 27.186471187336572], [64.25648845968455, 27.190329810815243], [64.21341474017608, 27.22247337874779], [64.12940230625422, 27.181973574875556], [64.09304521935333, 27.18117538248423], [64.03782744855003, 27.213105752619114], [64.00751956453252, 27.21245599193927], [63.97203308908272, 27.16751789180595], [63.94171278679999, 27.166872947764798], [63.856133985209695, 27.19822406283939], [63.80196492513501, 27.175006456227138], [63.78928386603713, 27.202376903273958], [63.75872433344822, 27.21281038642323], [63.75818702094527, 27.24043615885413], [63.73348493488784, 27.26205377390435], [63.41807251394506, 27.233864824762655], [63.37644834258671, 27.183293851782686], [63.25522075866134, 27.15894453820142], [63.193560423955866, 27.20213397020611], [63.1448744715161, 27.201283093194494], [63.101966119832646, 27.21715792496147], [63.02281505240193, 27.215817540704496], [62.9745837038108, 27.187311509329838], [62.8524300423514, 27.20194369856549], [62.80395655074795, 27.18454258909404], [62.76680156177019, 27.217223213201226], [62.772612786079975, 27.23394782499968], [62.80890278165098, 27.25114788530803], [62.78921092435467, 27.33402579044747], [62.83094449429505, 27.390131264863374], [62.848309182284055, 27.445868462404444], [62.829663384913864, 27.86753378067658], [63.16605512373126, 28.161192889414895], [63.244831576307156, 28.173454547210532], [63.31044232116719, 28.257746957313472], [63.5770021256673, 28.278512834447785], [63.765007955375964, 28.264960968191193], [63.93290606494631, 28.373224645986433], [63.99305492070399, 28.396458939713433], [64.03537384775129, 28.397207062023654], [64.14913361670965, 28.471324305930196], [64.26966727823087, 28.49016395926866], [64.29348643142144, 28.512776639397078], [64.30498918263133, 28.551788915701135], [64.3351631067443, 28.55235114024265], [64.36607221679525, 28.503059362511163], [64.39624080965153, 28.503634867072737], [64.50347832725325, 28.59434404163218], [64.55162214515444, 28.60082135154048], [64.64118545288629, 28.6579774212721], [64.71965284702044, 28.64847248553383], [64.78521529329981, 28.694101506844383], [64.92972245014747, 28.691563544317372], [64.98944198785759, 28.72049968741231], [65.06023248884885, 28.81055401967267], [65.1979970203102, 28.841199940827046], [65.25111194701616, 28.903222992925542], [65.32863715309497, 28.93812977556352], [65.44110861502831, 29.04021602038772], [65.57897751967994, 29.043355888458315], [65.70333535576903, 29.140244065638925], [65.79919735137668, 29.136981603197846], [65.81732154030333, 29.12636142659051], [65.88305317156829, 29.13347456429043], [65.94807248784494, 29.1847890205335], [65.98898770803056, 29.246571748919052], [66.00541588654528, 29.34645210612085], [66.0232606825955, 29.352412122710398], [66.05371842866454, 29.314469016679876], [66.07761733640042, 29.315057023513546], [66.08897988707979, 29.35401795982847], [66.14787423207825, 29.410730956924994], [66.18271217435986, 29.47790843582127], [66.18182680332592, 29.53868801083869], [66.20506329759722, 29.583481535820784], [66.22028196252313, 29.77740349812555], [66.2973511928155, 29.81244314199525], [66.38593107239646, 29.87543236773611], [66.48005417417468, 29.966226547498824], [66.5571478514158, 29.990251943811465], [66.58639214295253, 30.029688246039484], [66.59750164881711, 30.090799068973656], [66.61506361586677, 30.113357572604492], [66.65683891710366, 30.103335016414064], [66.67489513698587, 30.087197946197616], [66.68751843349492, 30.032228112296888], [66.73538837676915, 30.01133910095065], [66.80063343474006, 30.024075653302198], [66.86615975727166, 30.014736733413056], [66.90112361569598, 30.06537949598696], [66.92480860952622, 30.071528587396013], [66.9184918483223, 30.098986918781147], [66.94788729152295, 30.121861609561986], [67.00140189878724, 30.117755059336723], [67.0618457931795, 30.04206174953754], [67.05646071965121, 30.003266331062317], [67.10451313931213, 29.965944754900185], [67.17606169913608, 29.945863140728473], [67.22847855068456, 30.013548907791694], [67.25220468223338, 30.014217007666563], [67.33639393849097, 29.93939496051956]]]}}, {"type": "Feature", "properties": {"na": "NA-205", "src": "commons-1993", "approx": false}, "geometry": {"type": "Polygon", "coordinates": [[[67.10234999492826, 28.732159621982962], [67.09351943845698, 28.58352044949418], [67.04679643962878, 28.53808033796859], [67.04165651075101, 28.499464279841565], [67.1084934452694, 28.441211973148924], [67.18604134076455, 28.4382589447498], [67.22286401368156, 28.390082461776334], [67.23575808026312, 28.346616655236772], [67.25789486581004, 27.91427852615648], [67.28864501356519, 27.87701502997626], [67.33049668929594, 27.87301624901656], [67.35529502789713, 27.835570054534376], [67.3514262007395, 27.753320935375463], [67.37582785738819, 27.73230754946042], [67.42321423501107, 27.744966501843304], [67.44151301672291, 27.729216997911184], [67.48028163780914, 27.61577270174693], [67.44613521260938, 27.5543596492629], [67.44179668030422, 27.494057236156614], [67.35995440550204, 27.430886885711182], [67.34295475416208, 27.39745636853175], [67.34400359895409, 27.359229672074058], [67.28614435870941, 27.291493031278314], [67.27205993692301, 27.154349626426235], [67.24313301222097, 27.12048737283718], [67.24531804581808, 27.044090058027773], [67.27094761938079, 26.98498326084102], [67.27916012047464, 26.90885918656109], [67.26761411156102, 26.695587356230256], [67.0579787901391, 26.698479577257224], [66.93424803980722, 26.62832069630257], [66.97281267805367, 26.542429155709755], [67.00358415093412, 26.516310342790995], [67.01108368846558, 26.467491302623547], [67.04819427751322, 26.430730978828038], [67.10638546400897, 26.296680470375197], [67.10302711318923, 26.214797548496634], [67.07555863686352, 26.137427861314634], [67.077883956131, 26.066699714349888], [67.06080798393144, 26.038785225833248], [67.06298145911087, 25.973517219593926], [67.02939000395678, 25.901383702011657], [67.01158638976716, 25.895225821713154], [67.03833839907419, 25.814639545276815], [67.01490847294639, 25.79736438554139], [66.97273817110408, 25.801112077997306], [66.91635881942743, 25.869651973243123], [66.90745607236134, 25.956455339880453], [66.87620751057378, 25.99337201085801], [66.87478007763754, 26.036913826730796], [66.8364958180035, 26.106296550838685], [66.83457289050335, 26.166201408535567], [66.80902539847565, 26.214311305987685], [66.8007990128551, 26.28491766836409], [66.73213136862239, 26.369663366463836], [66.70482611919198, 26.47785471428258], [66.60853802649093, 26.485271214385428], [66.5851928723014, 26.4625749261918], [66.55519151804002, 26.461492957429034], [66.51853576941974, 26.482034379246453], [66.4465060138864, 26.479471987744468], [66.39879337785003, 26.466855364150476], [66.28924647793437, 26.512246076973952], [66.26521514570625, 26.511417740679924], [66.2640010679152, 26.34733303391647], [66.29815306808108, 26.211909866826442], [66.3235311926278, 26.169111322420918], [66.332068186951, 26.08749674731983], [66.36967371515273, 26.0397206659866], [66.42411827304753, 26.03079298045283], [66.45537954006419, 25.993742909113756], [66.47941897825308, 25.994632643554787], [66.50258727036142, 26.02277343902629], [66.52061186865969, 26.023442859483254], [66.57006742881528, 25.98164888338975], [66.57712902771357, 25.949190078454976], [66.61405526420558, 25.92332092412792], [66.59126959928487, 25.884288969707608], [66.59234027212874, 25.85161785209857], [66.67260273694151, 25.789292360935505], [66.66823433624785, 25.740084967103854], [66.63309724964397, 25.71148192376855], [66.56771484092152, 25.687164598374626], [66.45948087066031, 25.68303049696143], [66.32514961269025, 25.73796866744027], [66.2709847537387, 25.735965848516233], [66.23026807739875, 25.690825811592266], [65.89195903452702, 25.705959103374184], [65.77218235443439, 25.674475381725244], [65.71286778304018, 25.63965038248396], [65.45417345005738, 25.59810105059895], [65.24824128847217, 25.602285712023473], [65.19412097008076, 25.589602236244808], [65.18151686911446, 25.605613581366804], [65.12704577984567, 25.603879832752796], [65.07994382897823, 25.55860646331898], [64.74697865294792, 25.53738407994908], [64.57215798262453, 25.4938307152009], [64.47453099976212, 25.507431022504107], [64.37286501212576, 25.449683154037857], [64.30601369702906, 25.447783448359043], [64.20747590498712, 25.48891170232419], [64.12217565473333, 25.492056790862446], [64.10345944982795, 25.508013712836995], [64.10222071991276, 25.551894672572182], [64.14933420205965, 25.608065140686573], [64.1853528111354, 25.62551003169691], [64.27075400491813, 25.616868659309958], [64.32435485895135, 25.656765382843098], [64.31750982038716, 25.68401676211531], [64.2684483030709, 25.69913720189081], [64.29107639324445, 25.760143612372453], [64.29534321953598, 25.826150177664125], [64.37766089408862, 25.927230052861653], [64.39972541957273, 26.010214412401066], [64.46631324908306, 26.0175124611611], [64.51380380363652, 26.057253671221805], [64.5166730219637, 26.178179418281307], [64.49805621759461, 26.194161504277748], [64.47380516975973, 26.193511393363835], [64.40526761634307, 26.263150763043647], [64.35661025160599, 26.26737964420962], [64.34985018705711, 26.29469943535765], [64.43280510957128, 26.373840176784352], [64.52440693399203, 26.348753537586113], [64.59091088073743, 26.35602303165876], [64.731327192298, 26.315885637101815], [64.93663304715443, 26.33811955762126], [64.98370778593889, 26.388872032836762], [64.97708596939765, 26.410643834751355], [64.94656801482233, 26.42075901559804], [64.94542857436801, 26.464659555907048], [65.04100328400227, 26.511298724276724], [65.11208233986432, 26.568239442662126], [65.17639386796395, 26.65245111538577], [65.2124716755361, 26.65897993939507], [65.25317689339384, 26.720556538990905], [65.30074377508417, 26.74938785283628], [65.37034237273399, 26.861234416199423], [65.41774027894982, 26.89556130579752], [65.42281089140424, 26.934152920174512], [65.37432681857693, 26.943739377318153], [65.34324817361211, 26.98130888757045], [65.37298183820616, 26.998640167744398], [65.37820758853053, 27.031757493459395], [65.40740456814997, 27.071054748846414], [65.49589754952456, 27.15051624755756], [65.4949803997949, 27.18895847100774], [65.52416730793874, 27.228263697061614], [65.57153335612156, 27.262595426819058], [65.58842106810431, 27.312545062195873], [65.58714221948611, 27.36747908203831], [65.61544461640987, 27.445255040137432], [65.65703085751878, 27.468429193360993], [65.6622916645585, 27.501569641288917], [65.69810608434702, 27.513585444989307], [65.71305177860839, 27.651496602480233], [65.76025641451506, 27.6913323051514], [65.75977281313938, 27.713321821367227], [65.80612869504236, 27.79164636526281], [65.9292990645874, 27.92716957126204], [65.94012610950087, 27.982499934231537], [65.97010739323484, 27.983347967695302], [65.99373964968254, 28.00052566634528], [66.02728475155745, 28.11703906625382], [66.05079743548006, 28.139718270900946], [66.1104741349355, 28.152418915761036], [66.15735902023123, 28.20328468469098], [66.18493808623171, 28.319652906367466], [66.27172710360908, 28.470758068865713], [66.3010873325273, 28.49912006723813], [66.35446151593415, 28.522661423298697], [66.45583483011694, 28.536586534586373], [66.54477405377722, 28.572200471926887], [66.63236599996769, 28.673831747130265], [66.6914918550154, 28.703093109050116], [66.75677535722079, 28.721542944162834], [66.92996600277517, 28.71029437228408], [67.01325531240859, 28.718371892746816], [67.04269819997663, 28.735782734401432], [67.10234999492826, 28.732159621982962]]]}}, {"type": "Feature", "properties": {"na": "NA-206", "src": "commons-1990", "approx": false}, "geometry": {"type": "Polygon", "coordinates": [[[67.58537625004952, 26.048274052941718], [67.58694305856936, 26.00370840448115], [67.56517807474422, 25.935786494567896], [67.57642893804785, 25.791185809804322], [67.51867709975036, 25.716032510848308], [67.49778688626448, 25.625760968506636], [67.34610487516531, 25.468122021526458], [67.34129981931991, 25.434379315453782], [67.27823811370013, 25.336525208755802], [67.27386524102093, 25.291608371487406], [67.23313066068528, 25.245039203538816], [67.21164301967653, 25.17137407433209], [67.00304093012409, 25.06123956397679], [66.90942544049923, 24.961863771819164], [66.95401794112045, 25.070227763806407], [66.94397000026888, 25.17611583376476], [66.90424422418879, 25.263896088622577], [66.81740167949589, 25.3104523702145], [66.7313564505334, 25.334695104070224], [66.55429155948978, 25.34946951552512], [66.54763246688853, 25.365989333438606], [66.5654901736646, 25.377954327901328], [66.63236169155597, 25.38081737312778], [66.63766555091325, 25.403444072281797], [66.59396853472118, 25.435175525996684], [66.54476856259447, 25.4498845738314], [66.52867336289148, 25.56681639522652], [66.49810197606709, 25.571133797293253], [66.45684430523217, 25.530196287895993], [66.43270728639231, 25.523583635705453], [66.40673164932463, 25.572919271408246], [66.32050345173177, 25.602963684115075], [66.20543118061482, 25.58142164282364], [66.1153415890793, 25.53849591229686], [66.07985387336107, 25.50340268023731], [66.06891093031707, 25.463697583563278], [66.08145572217954, 25.452993519531464], [66.13020015702878, 25.454992213997464], [66.17175959828131, 25.490343001948137], [66.27562604203712, 25.48341920644045], [66.2874346892413, 25.495118600513685], [66.33611841522048, 25.497140850161518], [66.38571334489414, 25.4711924580628], [66.45907777707785, 25.463066941312544], [66.4803460088109, 25.374329039920404], [66.33150461808351, 25.45211545609696], [66.22801497148919, 25.44781298949027], [66.19202083147964, 25.429504080541214], [65.7965583768106, 25.385323402842452], [65.76062294160671, 25.361422649913912], [65.70583130223851, 25.35361046410256], [65.63337860667562, 25.322634900819523], [65.57225570728109, 25.320202460540848], [65.47340621522449, 25.350009046375867], [65.44894186167113, 25.349048509871743], [65.43721094388856, 25.331728804853633], [65.38826626599855, 25.329811861899998], [65.36329145284375, 25.345700015295783], [65.30853901813677, 25.332327048239662], [65.21653361345439, 25.3343908415019], [65.1815755933745, 25.271176947625744], [65.15159266295645, 25.24751964149169], [65.07190657757094, 25.244454173603277], [65.05302834937467, 25.26061147702647], [64.79472082467636, 25.27335890302527], [64.77584008138821, 25.289547300532647], [64.74514128779394, 25.288404103743304], [64.72733261760874, 25.265213726722582], [64.67220453431408, 25.257534026799416], [64.62381147237498, 25.227573803722876], [64.60029517039847, 25.18726159123824], [64.6076742912778, 25.14245586894672], [64.66299973916175, 25.144518558591734], [64.66378145962057, 25.116376723507496], [64.59093703757763, 25.0798425877726], [64.5597173761265, 25.09558720175117], [64.5830800092329, 25.141541879603704], [64.58200517765825, 25.180949393047857], [64.49471022512444, 25.222822641884612], [64.44550562393925, 25.22102499650073], [64.40948366315611, 25.18588610239436], [64.37255985200528, 25.184542151554314], [64.2849233056013, 25.23776801207326], [64.23566861326287, 25.23600281438925], [64.19086410623132, 25.30209642162094], [64.16007440213386, 25.301007012022232], [64.14831593668212, 25.278025132415127], [64.08657359692832, 25.281489825660554], [64.02385914298387, 25.324439218345397], [64.04809804429519, 25.342213732532375], [64.10353872302902, 25.34415137147125], [64.15198065104723, 25.37969838729333], [64.14500590289423, 25.413299597151937], [63.90476274619977, 25.40498832230459], [63.88102009515435, 25.36465816689542], [63.98112446131352, 25.30602006554555], [63.981940110988845, 25.272181936552695], [63.96974648345788, 25.266112179432714], [63.74057777324741, 25.297742604070702], [63.709199642917696, 25.319270833421044], [63.61646698637987, 25.321790884661965], [63.4752568329757, 25.27750593613413], [63.41443482913162, 25.23025299705526], [63.4352707076081, 25.129169946823517], [63.348781455342454, 25.120616885966665], [63.28626182815675, 25.14682074554115], [63.174570110569185, 25.154457941709467], [63.06842578605787, 25.190620925275518], [63.03744566168917, 25.189620946867358], [62.976289959571915, 25.14802128467916], [62.88327571883023, 25.145041542759294], [62.851916648244426, 25.161035159284506], [62.6095186344998, 25.17042770033662], [62.509489164914925, 25.201359630574046], [62.447350762280045, 25.199463481179667], [62.404152840082766, 25.181137686330995], [62.373585494413874, 25.151850958255302], [62.373898635109036, 25.134843811703384], [62.29946636331864, 25.12124217048005], [62.24428949909308, 25.074181916949783], [62.2450193991977, 25.03447930771079], [62.2576799761144, 25.023513493460683], [62.326464781091126, 25.008588649723027], [62.23953187184685, 24.994585916298092], [62.14570058494625, 25.014452687740587], [62.226343056711094, 25.033913712318686], [62.23163425699166, 25.085150099685592], [62.20622501397873, 25.112762262425317], [62.049866774688184, 25.1478570120285], [61.95718204137404, 25.099710693894107], [61.9833869903466, 25.02664796294664], [61.827486103811395, 25.02207540392335], [61.79648198154808, 25.00980899822022], [61.69170224336691, 24.927194227889036], [61.67969235175664, 24.898419758007844], [61.66095310980517, 24.89787615666622], [61.61646500382732, 24.942080268215797], [61.60965898737372, 24.976002006833973], [61.67751850587941, 25.029112174653346], [61.68266319168288, 25.097471190305274], [61.632370513458696, 25.11878336980381], [61.57644464027157, 25.100151143210415], [61.54478494533984, 25.127693480185176], [61.513472400741165, 25.132506281449093], [61.51313135609499, 25.15524333340621], [61.53794005809659, 25.167305592436666], [61.565636449573795, 25.41252507948703], [61.671483657861266, 25.426780957813186], [61.671165235912596, 25.449500762204906], [61.733246727442136, 25.468248074792893], [61.75857359302404, 25.44054252359342], [61.80218366133892, 25.441751134366694], [61.832668980825964, 25.48803321036196], [61.8575763823128, 25.488724749145163], [61.870526643136955, 25.455013627653614], [61.91444880845722, 25.433531601443185], [61.9764400262974, 25.45231211368406], [62.045062503675794, 25.442906802868077], [62.09456370418452, 25.461345609400365], [62.113936859161164, 25.416502570201644], [62.14539943629014, 25.394712033776866], [62.20758595021123, 25.396517183264823], [62.293768770552326, 25.450083135857465], [62.43003849639759, 25.47676800668102], [62.511418459918076, 25.439506791423955], [62.59839800920674, 25.436451857602755], [62.654841571052664, 25.40416512746293], [62.69205838472237, 25.405299867669825], [62.771835365677745, 25.453055361532137], [62.97019446362103, 25.453530801234464], [63.00756263924645, 25.443380991198374], [63.14372401470245, 25.447681366646027], [63.24853103753939, 25.4679951229935], [63.631747613975094, 25.469192350782418], [63.700238703221075, 25.443233835353396], [63.71345708778776, 25.404141036970227], [63.861221809086665, 25.420437174356152], [63.91001587370176, 25.44468100879486], [63.983955662330885, 25.447213054621304], [64.00217352593504, 25.459125326036993], [64.08223125861103, 25.46188688809397], [64.11354915197234, 25.440407958599568], [64.18741301583185, 25.44298473363101], [64.28696261387064, 25.401376089957687], [64.3669215868756, 25.40421850946236], [64.47000785363613, 25.464264148939755], [64.56872882963577, 25.450913424064638], [64.7457269591126, 25.49677296859177], [65.08255004701734, 25.52051133840857], [65.13030194762298, 25.56729648251543], [65.17314569660651, 25.568908715720813], [65.18584953827268, 25.55252032598625], [65.30177540962417, 25.56816212138364], [65.46103984237243, 25.56303352031585], [65.72262388900323, 25.60692144776492], [65.78262934460327, 25.642959278822456], [65.9037217013144, 25.675802672846032], [66.2455509081665, 25.66152973854079], [66.2867200692645, 25.708040132738727], [66.32928232638272, 25.709780405313353], [66.4649701632411, 25.65376120068178], [66.58646397208332, 25.658833275667533], [66.65251092271177, 25.68399945744103], [66.6938846865474, 25.71932192848369], [66.69793058943807, 25.781049210570657], [66.61689406192608, 25.844825237377048], [66.63884279838668, 25.918485381241638], [66.60157209488057, 25.944929050985607], [66.59445807631418, 25.97821396571393], [66.53831884336313, 26.026288976700506], [66.50799068753136, 26.025056842972596], [66.47244254927696, 25.99562676004392], [66.4409128452994, 26.033538423202973], [66.38595697440498, 26.042524607009938], [66.3542780878751, 26.08605057146401], [66.34575047238336, 26.16969768227751], [66.32018765926487, 26.213478853144366], [66.285905983099, 26.35210563728344], [66.28177420123086, 26.503092614247922], [66.40435245166391, 26.457462592245868], [66.52517328395457, 26.473376812018728], [66.56213009469097, 26.4524580360844], [66.60450212411185, 26.45413281018422], [66.62807115505746, 26.477434756238253], [66.70688005476319, 26.474974440099263], [66.73434614787817, 26.364259476738603], [66.80358290459526, 26.27761447436057], [66.81185688484057, 26.20527464957919], [66.8376250306404, 26.156017474118915], [66.83955366310728, 26.094596519465416], [66.87819046258721, 26.02351970055107], [66.87963161536076, 25.978850232660566], [66.91118116832236, 25.94103751823921], [66.92018573129297, 25.851956003671855], [66.98338506638794, 25.776371944191897], [67.03808191626398, 25.773131262372363], [67.06759161432733, 25.79676215801227], [67.06625961250847, 25.835831332306654], [67.0405387083623, 25.879444348061707], [67.05850799481127, 25.88580212327632], [67.09237815777963, 25.959900626866563], [67.09015425753631, 26.026859146622403], [67.10737478117505, 26.055526563266646], [67.10995918757345, 26.161781531349956], [67.13268905819504, 26.207424935795608], [67.13570091429364, 26.302497941960013], [67.07700837599039, 26.439681307847188], [67.0395914747285, 26.477239267813463], [67.0320409217284, 26.527195093758888], [67.00102301851287, 26.553858468957724], [66.96250466494593, 26.630494703897106], [67.08139214434517, 26.696710683406092], [67.28667158567616, 26.693912286676376], [67.30075203059207, 26.62753916290422], [67.28352575243406, 26.598927805233604], [67.28593535573783, 26.520903029293038], [67.32598017407727, 26.399803308518745], [67.420054993367, 26.292185215704983], [67.43396333308567, 26.236979453893813], [67.48408351562323, 26.18334006669328], [67.51048765738658, 26.117528267274878], [67.58537625004952, 26.048274052941718]]]}}, {"type": "Feature", "properties": {"na": "NA-207", "src": "commons-1993", "approx": false}, "geometry": {"type": "Polygon", "coordinates": [[[65.41089457794128, 26.928315242088164], [65.40554982737662, 26.900699039805335], [65.35814802025894, 26.866373716765956], [65.28854040647914, 26.75452586795772], [65.240969911594, 26.725696451151357], [65.20615552089704, 26.669780184397624], [65.17007720114637, 26.6632533432791], [65.09986106599582, 26.57338108017617], [65.0346771241979, 26.52210150987828], [64.93319451046418, 26.46980766781751], [64.93461734647728, 26.41492980441262], [64.9714713251315, 26.394012855942844], [64.93029539035142, 26.348918974677225], [64.73709558973856, 26.327030906351176], [64.66978533823332, 26.352656901284256], [64.5966882890491, 26.367170400788385], [64.53018764186977, 26.359901361045118], [64.45677509231949, 26.385462683242295], [64.41448182822835, 26.37886432164425], [64.33758115594303, 26.2998822181457], [64.33827433578924, 26.272403371981394], [64.35082364155178, 26.256232145838627], [64.39948376744886, 26.252003791926967], [64.46802755028638, 26.182366471959412], [64.50469201832124, 26.172361899141492], [64.50152918105744, 26.062410377195665], [64.4599536114591, 26.02832373315389], [64.3874433305207, 26.015376904453706], [64.3653734021014, 25.93238936243019], [64.28304674316792, 25.831309750108275], [64.2564488655079, 25.693320139897725], [64.27513609138036, 25.67736290122539], [64.31174252264874, 25.67288087811108], [64.31205055099547, 25.661912935678064], [64.26436786813797, 25.627669094750882], [64.1789670207722, 25.63631653583337], [64.14294718805627, 25.618872962198243], [64.0899011754294, 25.557052692924074], [64.09129279285273, 25.507684141452305], [63.92119383388662, 25.492164653477694], [63.87309324078538, 25.46893520726908], [63.73937215889295, 25.45449106937277], [63.72612311435882, 25.492616479226985], [63.658330246005065, 25.518389030985418], [63.26757827317135, 25.519983673390477], [63.16417581854262, 25.501097983203213], [63.041951194325065, 25.498353708387288], [63.00498702921984, 25.50855308709757], [62.7968776101374, 25.50959148904731], [62.718415745281035, 25.463856896090178], [62.69392449805642, 25.46334930939471], [62.637982956772866, 25.495283263925504], [62.60137112744704, 25.48902788528228], [62.53357367065241, 25.504219281499363], [62.47148697682748, 25.536103553337465], [62.42245471377125, 25.535156791744004], [62.32488779970965, 25.511224856519043], [62.240205218867374, 25.459959193326846], [62.19111289097537, 25.45905186446363], [62.16616621902914, 25.47516043894465], [62.15923994982245, 25.508168898575146], [62.14043519456044, 25.524399424664608], [62.103605693329676, 25.523741847444924], [62.079438719828254, 25.50674096770333], [62.01163364597886, 25.516600967881622], [61.962882420912614, 25.499181001073442], [61.92563673238334, 25.51512358826967], [61.90631394867403, 25.553489459907645], [61.86944774677889, 25.55287392894184], [61.83973297297978, 25.50815275546913], [61.80899915112723, 25.507644211787415], [61.77148346099296, 25.534677671524967], [61.7103712127751, 25.517102083055853], [61.710873224515154, 25.49498826656282], [61.61269900862796, 25.48236855412042], [61.62168001456846, 25.631899908846083], [61.657131183370204, 25.698856296293567], [61.68727296238513, 25.726990489399768], [61.76753885523059, 25.711628243073086], [61.80296166923698, 25.778586763446587], [61.801652929167915, 25.839447455454586], [61.856102610890595, 25.87903644085071], [61.84925755120153, 25.912142935083537], [61.812411626680486, 25.911578093180047], [61.78749621174689, 25.927810602361074], [61.78691901235958, 25.955489048694183], [61.80488296818598, 25.97790954068775], [61.81433616481869, 26.11652579666373], [61.86133821831339, 26.2224872822882], [61.88555222501004, 26.239463596401283], [61.94064999646748, 26.245813454552206], [62.00668210243937, 26.318821737148784], [62.07432591234407, 26.308758970415383], [62.142731629685535, 26.259970140703434], [62.2281616032858, 26.277933743457186], [62.24018616700663, 26.289198680155014], [62.23929272714958, 26.333477073224046], [62.27536541783743, 26.367273433024245], [62.26891177764234, 26.383782478717176], [62.24431158471721, 26.388931405916757], [62.243982893284226, 26.40554066816164], [62.31689274905236, 26.4343830234456], [62.32203220704727, 26.484306654340372], [62.35809527393192, 26.51810823313964], [62.437504545852, 26.524919166152845], [62.49810617947103, 26.553591579595654], [62.699424482384615, 26.57358424652958], [62.783692674324556, 26.635914094656915], [62.863592325357246, 26.60966521702695], [63.022426277027094, 26.601509832738905], [63.040491631511756, 26.612904180382937], [63.10145774888498, 26.61405365651357], [63.12526599987472, 26.64214269223266], [63.167924622681205, 26.642958121203247], [63.203109335690804, 26.709956860279725], [63.207178002219976, 26.809541814949068], [63.24902645899784, 26.849037101930215], [63.25122089847952, 27.0481939518493], [63.26296972252115, 27.070541247571878], [63.30555989051831, 27.07132578888693], [63.31751551959559, 27.082612033713108], [63.31698939754861, 27.110265452857217], [63.26151075128888, 27.147988514437642], [63.38273639079857, 27.1723442158163], [63.42435717805719, 27.222914895566205], [63.72762844787371, 27.25088030703235], [63.746156424434176, 27.23466684616957], [63.74669371091742, 27.20704053812148], [63.783432551922, 27.19120515487778], [63.79611529536773, 27.16383538093516], [63.82038844514382, 27.164334956490915], [63.85028638921131, 27.187052996684432], [63.93587091225182, 27.15570328861756], [63.978320360636005, 27.156607741888216], [64.01380383379148, 27.20154549560783], [64.08721090089402, 27.17000678698266], [64.13568818840577, 27.171072793919336], [64.20758533650107, 27.211305018800786], [64.25066254456064, 27.179162496239858], [64.32343338306761, 27.17530460666471], [64.38560763397642, 27.099538489209674], [64.66459391629508, 27.07322727037467], [64.68926783015878, 27.051812502169323], [64.69655737453961, 26.996926502822127], [64.71519603634782, 26.97537560738168], [64.96394706084095, 26.93784809342412], [65.05451077921796, 26.940292139356043], [65.10817293752433, 26.969250243817864], [65.21086471896297, 26.966588809068778], [65.24062207966722, 26.983909348291043], [65.33132646924132, 26.975475097011568], [65.36857006056727, 26.932587266401978], [65.41089457794128, 26.928315242088164]]]}}]}