{"type": "FeatureCollection", "features": [{"type": "Feature", "properties": {"na": "NA-1", "src": "commons-1993-inset", "approx": false}, "geometry": {"type": "MultiPolygon", "coordinates": [[[[71.52, 34.21], [71.53, 34.2], [71.54, 34.2], [71.56, 34.18], [71.59, 34.17], [71.64, 34.14], [71.65, 34.14], [71.67, 34.120000000000005], [71.68, 34.120000000000005], [71.73, 34.09], [71.76, 34.09], [71.77, 34.080000000000005], [71.77, 34.06], [71.78, 34.050000000000004], [71.78, 33.970000000000006], [71.77, 33.96], [71.77, 33.940000000000005], [71.76, 33.93], [71.76, 33.92], [71.74, 33.89], [71.74, 33.870000000000005], [71.71000000000001, 33.88], [71.66, 33.940000000000005], [71.66, 33.970000000000006], [71.65, 33.980000000000004], [71.65, 34.010000000000005], [71.64, 34.02], [71.64, 34.040000000000006], [71.65, 34.050000000000004], [71.62, 34.080000000000005], [71.58, 34.080000000000005], [71.53, 34.120000000000005], [71.51, 34.120000000000005], [71.51, 34.160000000000004], [71.5, 34.17], [71.49, 34.160000000000004], [71.48, 34.13], [71.46000000000001, 34.13], [71.45, 34.14], [71.44, 34.14], [71.52, 34.21]]], [[[71.42, 34.02], [71.47, 34.02], [71.48, 34.010000000000005], [71.52, 34.010000000000005], [71.54, 33.980000000000004], [71.54, 33.970000000000006], [71.53, 33.980000000000004], [71.5, 33.95], [71.48, 33.95], [71.47, 33.940000000000005], [71.42, 33.940000000000005], [71.4, 33.970000000000006], [71.4, 33.980000000000004], [71.41, 33.99], [71.41, 34.010000000000005], [71.42, 34.02]]]]}}, {"type": "Feature", "properties": {"na": "NA-2", "src": "commons-1993", "approx": false}, "geometry": {"type": "Polygon", "coordinates": [[[71.4, 34.0], [71.39, 34.010000000000005], [71.39, 34.03], [71.38, 34.040000000000006], [71.38, 34.07], [71.37, 34.080000000000005], [71.37, 34.09], [71.4, 34.14], [71.41, 34.17], [71.43, 34.190000000000005], [71.44, 34.190000000000005], [71.48, 34.230000000000004], [71.51, 34.21], [71.43, 34.14], [71.46000000000001, 34.120000000000005], [71.48, 34.120000000000005], [71.5, 34.150000000000006], [71.5, 34.120000000000005], [71.51, 34.11], [71.53, 34.11], [71.58, 34.07], [71.62, 34.07], [71.64, 34.050000000000004], [71.63, 34.040000000000006], [71.63, 34.02], [71.64, 34.010000000000005], [71.64, 33.980000000000004], [71.65, 33.970000000000006], [71.65, 33.96], [71.64, 33.970000000000006], [71.62, 33.970000000000006], [71.61, 33.96], [71.61, 33.95], [71.6, 33.96], [71.58, 33.96], [71.57, 33.970000000000006], [71.55, 33.970000000000006], [71.54, 34.0], [71.52, 34.02], [71.48, 34.02], [71.47, 34.03], [71.42, 34.03], [71.4, 34.010000000000005], [71.4, 34.0]]]}}, {"type": "Feature", "properties": {"na": "NA-3", "src": "commons-1993", "approx": false}, "geometry": {"type": "Polygon", "coordinates": [[[71.42, 33.93], [71.47, 33.93], [71.48, 33.940000000000005], [71.5, 33.940000000000005], [71.53, 33.970000000000006], [71.58, 33.940000000000005], [71.62, 33.940000000000005], [71.64, 33.96], [71.65, 33.95], [71.65, 33.940000000000005], [71.68, 33.910000000000004], [71.68, 33.900000000000006], [71.71000000000001, 33.870000000000005], [71.74, 33.86], [71.76, 33.84], [71.76, 33.82], [71.8, 33.78], [71.8, 33.760000000000005], [71.79, 33.75], [71.79, 33.730000000000004], [71.78, 33.720000000000006], [71.78, 33.71], [71.76, 33.690000000000005], [71.75, 33.690000000000005], [71.74, 33.68], [71.72, 33.68], [71.71000000000001, 33.67], [71.69, 33.67], [71.68, 33.660000000000004], [71.67, 33.67], [71.63, 33.67], [71.62, 33.68], [71.58, 33.68], [71.56, 33.7], [71.56, 33.71], [71.52, 33.75], [71.51, 33.75], [71.5, 33.760000000000005], [71.51, 33.81], [71.43, 33.88], [71.43, 33.89], [71.42, 33.900000000000006], [71.42, 33.93]]]}}, {"type": "Feature", "properties": {"na": "NA-4", "src": "commons-1993", "approx": false}, "geometry": {"type": "Polygon", "coordinates": [[[71.94, 34.150000000000006], [72.02, 34.09], [72.23, 34.09], [72.23, 34.080000000000005], [72.22, 34.07], [72.22, 34.050000000000004], [72.2, 34.02], [72.2, 34.0], [72.19, 33.99], [72.19, 33.970000000000006], [72.21000000000001, 33.940000000000005], [72.21000000000001, 33.92], [72.23, 33.89], [72.23, 33.790000000000006], [72.09, 33.790000000000006], [72.08, 33.78], [72.07, 33.78], [72.03, 33.74], [72.02, 33.74], [72.0, 33.720000000000006], [71.99, 33.730000000000004], [71.97, 33.730000000000004], [71.96000000000001, 33.74], [71.92, 33.74], [71.91, 33.730000000000004], [71.88, 33.730000000000004], [71.87, 33.720000000000006], [71.85, 33.720000000000006], [71.84, 33.71], [71.82, 33.71], [71.81, 33.7], [71.78, 33.7], [71.79, 33.71], [71.79, 33.720000000000006], [71.8, 33.730000000000004], [71.8, 33.75], [71.81, 33.760000000000005], [71.81, 33.78], [71.77, 33.82], [71.77, 33.84], [71.75, 33.86], [71.75, 33.89], [71.78, 33.940000000000005], [71.78, 33.96], [71.79, 33.970000000000006], [71.79, 34.050000000000004], [71.78, 34.06], [71.78, 34.080000000000005], [71.82, 34.080000000000005], [71.85, 34.1], [71.86, 34.1], [71.88, 34.120000000000005], [71.93, 34.14], [71.94, 34.150000000000006]]]}}, {"type": "Feature", "properties": {"na": "NA-5", "src": "commons-1993", "approx": false}, "geometry": {"type": "Polygon", "coordinates": [[[71.71000000000001, 34.45], [71.75, 34.45], [71.78, 34.42], [71.78, 34.410000000000004], [71.83, 34.36], [71.85, 34.31], [71.88, 34.260000000000005], [71.88, 34.25], [71.93, 34.160000000000004], [71.93, 34.150000000000006], [71.88, 34.13], [71.86, 34.11], [71.85, 34.11], [71.82, 34.09], [71.77, 34.09], [71.76, 34.1], [71.73, 34.1], [71.7, 34.120000000000005], [71.67, 34.13], [71.65, 34.150000000000006], [71.64, 34.150000000000006], [71.59, 34.18], [71.56, 34.190000000000005], [71.54, 34.21], [71.49, 34.230000000000004], [71.5, 34.24], [71.51, 34.27], [71.53, 34.290000000000006], [71.53, 34.300000000000004], [71.56, 34.330000000000005], [71.57, 34.330000000000005], [71.62, 34.38], [71.63, 34.38], [71.71000000000001, 34.45]]]}}, {"type": "Feature", "properties": {"na": "NA-6", "src": "commons-1993", "approx": false}, "geometry": {"type": "Polygon", "coordinates": [[[71.93, 34.290000000000006], [71.99, 34.24], [72.04, 34.24], [72.04, 34.230000000000004], [72.06, 34.21], [72.08, 34.21], [72.11, 34.230000000000004], [72.14, 34.230000000000004], [72.14, 34.21], [72.15, 34.2], [72.16, 34.17], [72.18, 34.150000000000006], [72.18, 34.1], [72.02, 34.1], [72.0, 34.120000000000005], [71.99, 34.120000000000005], [71.97, 34.14], [71.96000000000001, 34.14], [71.93, 34.17], [71.9, 34.24], [71.88, 34.27], [71.9, 34.27], [71.93, 34.290000000000006]]]}}, {"type": "Feature", "properties": {"na": "NA-7", "src": "commons-1993", "approx": false}, "geometry": {"type": "Polygon", "coordinates": [[[72.01, 34.53], [72.04, 34.510000000000005], [72.06, 34.510000000000005], [72.07, 34.5], [72.13, 34.5], [72.14, 34.510000000000005], [72.19, 34.510000000000005], [72.2, 34.52], [72.2, 34.510000000000005], [72.21000000000001, 34.5], [72.21000000000001, 34.480000000000004], [72.23, 34.45], [72.27, 34.45], [72.28, 34.440000000000005], [72.34, 34.440000000000005], [72.37, 34.42], [72.39, 34.42], [72.4, 34.410000000000004], [72.41, 34.410000000000004], [72.41, 34.400000000000006], [72.42, 34.39], [72.41, 34.38], [72.4, 34.38], [72.36, 34.34], [72.35, 34.34], [72.31, 34.300000000000004], [72.3, 34.300000000000004], [72.27, 34.27], [72.26, 34.27], [72.22, 34.230000000000004], [72.21000000000001, 34.230000000000004], [72.19, 34.21], [72.19, 34.160000000000004], [72.18, 34.160000000000004], [72.16, 34.190000000000005], [72.16, 34.2], [72.15, 34.21], [72.15, 34.230000000000004], [72.14, 34.24], [72.11, 34.24], [72.08, 34.220000000000006], [72.06, 34.220000000000006], [72.04, 34.25], [71.99, 34.25], [71.93, 34.300000000000004], [71.9, 34.28], [71.88, 34.28], [71.83, 34.370000000000005], [71.84, 34.370000000000005], [71.86, 34.39], [71.87, 34.39], [71.88, 34.400000000000006], [71.91, 34.410000000000004], [71.93, 34.43], [71.94, 34.43], [71.96000000000001, 34.45], [71.96000000000001, 34.46], [71.98, 34.480000000000004], [71.98, 34.49], [72.01, 34.53]]]}}, {"type": "Feature", "properties": {"na": "NA-8", "src": "commons-1993", "approx": false}, "geometry": {"type": "Polygon", "coordinates": [[[72.43, 34.39], [72.46000000000001, 34.36], [72.47, 34.36], [72.48, 34.35], [72.46000000000001, 34.330000000000005], [72.46000000000001, 34.32], [72.44, 34.290000000000006], [72.43, 34.24], [72.42, 34.230000000000004], [72.42, 34.21], [72.41, 34.2], [72.41, 34.190000000000005], [72.42, 34.18], [72.45, 34.18], [72.46000000000001, 34.17], [72.5, 34.17], [72.51, 34.160000000000004], [72.54, 34.160000000000004], [72.56, 34.190000000000005], [72.57, 34.220000000000006], [72.59, 34.24], [72.6, 34.24], [72.68, 34.31], [72.7, 34.31], [72.71000000000001, 34.300000000000004], [72.74, 34.300000000000004], [72.74, 34.230000000000004], [72.75, 34.220000000000006], [72.75, 34.14], [72.73, 34.120000000000005], [72.72, 34.120000000000005], [72.68, 34.080000000000005], [72.68, 34.07], [72.61, 34.010000000000005], [72.55, 34.010000000000005], [72.54, 34.0], [72.53, 34.010000000000005], [72.47, 34.010000000000005], [72.46000000000001, 34.0], [72.44, 34.0], [72.43, 33.99], [72.38, 33.970000000000006], [72.37, 33.96], [72.35, 33.96], [72.28, 33.92], [72.26, 33.92], [72.23, 33.900000000000006], [72.23, 33.910000000000004], [72.22, 33.92], [72.22, 33.940000000000005], [72.2, 33.970000000000006], [72.2, 33.99], [72.21000000000001, 34.0], [72.21000000000001, 34.02], [72.23, 34.050000000000004], [72.23, 34.07], [72.24, 34.080000000000005], [72.24, 34.09], [72.23, 34.1], [72.19, 34.1], [72.19, 34.150000000000006], [72.2, 34.160000000000004], [72.2, 34.21], [72.21000000000001, 34.220000000000006], [72.22, 34.220000000000006], [72.26, 34.260000000000005], [72.27, 34.260000000000005], [72.3, 34.290000000000006], [72.31, 34.290000000000006], [72.35, 34.330000000000005], [72.36, 34.330000000000005], [72.4, 34.370000000000005], [72.41, 34.370000000000005], [72.43, 34.39]]]}}, {"type": "Feature", "properties": {"na": "NA-9", "src": "commons-1993", "approx": false}, "geometry": {"type": "Polygon", "coordinates": [[[71.36, 33.760000000000005], [71.49, 33.760000000000005], [71.55, 33.71], [71.55, 33.7], [71.58, 33.67], [71.62, 33.67], [71.63, 33.660000000000004], [71.67, 33.660000000000004], [71.68, 33.650000000000006], [71.69, 33.660000000000004], [71.74, 33.67], [71.77, 33.690000000000005], [71.81, 33.690000000000005], [71.82, 33.7], [71.87, 33.71], [71.88, 33.720000000000006], [71.91, 33.720000000000006], [71.92, 33.730000000000004], [71.96000000000001, 33.730000000000004], [71.97, 33.720000000000006], [71.99, 33.720000000000006], [72.0, 33.71], [72.0, 33.7], [71.99, 33.690000000000005], [71.99, 33.660000000000004], [71.98, 33.650000000000006], [71.98, 33.61], [71.97, 33.6], [71.97, 33.57], [71.96000000000001, 33.56], [71.96000000000001, 33.540000000000006], [71.83, 33.410000000000004], [71.81, 33.410000000000004], [71.78, 33.39], [71.76, 33.39], [71.75, 33.38], [71.74, 33.38], [71.71000000000001, 33.330000000000005], [71.71000000000001, 33.31], [71.7, 33.300000000000004], [71.7, 33.290000000000006], [71.76, 33.190000000000005], [71.76, 33.18], [71.74, 33.150000000000006], [71.73, 33.1], [71.71000000000001, 33.07], [71.69, 33.07], [71.68, 33.080000000000005], [71.67, 33.080000000000005], [71.66, 33.09], [71.64, 33.09], [71.63, 33.1], [71.61, 33.150000000000006], [71.59, 33.17], [71.57, 33.220000000000006], [71.55, 33.24], [71.45, 33.24], [71.44, 33.25], [71.44, 33.300000000000004], [71.43, 33.31], [71.41, 33.31], [71.38, 33.330000000000005], [71.36, 33.330000000000005], [71.33, 33.35], [71.31, 33.35], [71.3, 33.36], [71.21000000000001, 33.36], [71.2, 33.370000000000005], [71.1, 33.370000000000005], [71.08, 33.39], [71.05, 33.400000000000006], [71.03, 33.370000000000005], [70.9, 33.370000000000005], [70.87, 33.32], [70.85, 33.32], [70.84, 33.330000000000005], [70.82, 33.330000000000005], [70.81, 33.34], [70.78, 33.34], [70.77, 33.35], [70.76, 33.34], [70.76, 33.31], [70.75, 33.300000000000004], [70.75, 33.25], [70.74, 33.24], [70.74, 33.230000000000004], [70.72, 33.230000000000004], [70.71000000000001, 33.24], [70.69, 33.24], [70.68, 33.25], [70.65, 33.25], [70.64, 33.260000000000005], [70.63, 33.260000000000005], [70.54, 33.36], [70.54, 33.370000000000005], [70.51, 33.400000000000006], [70.51, 33.410000000000004], [70.5, 33.42], [70.51, 33.42], [70.56, 33.45], [70.58, 33.45], [70.63, 33.480000000000004], [70.74, 33.480000000000004], [70.75, 33.49], [70.75, 33.540000000000006], [70.76, 33.550000000000004], [70.76, 33.580000000000005], [70.8, 33.580000000000005], [70.81, 33.57], [70.87, 33.57], [70.88, 33.56], [70.93, 33.56], [70.94, 33.550000000000004], [70.99, 33.550000000000004], [71.0, 33.540000000000006], [71.03, 33.56], [71.05, 33.56], [71.08, 33.580000000000005], [71.1, 33.580000000000005], [71.13, 33.6], [71.13, 33.730000000000004], [71.2, 33.730000000000004], [71.33, 33.620000000000005], [71.4, 33.660000000000004], [71.4, 33.67], [71.39, 33.68], [71.39, 33.7], [71.37, 33.730000000000004], [71.37, 33.75], [71.36, 33.760000000000005]]]}}, {"type": "Feature", "properties": {"na": "NA-10", "src": "commons-1993", "approx": false}, "geometry": {"type": "Polygon", "coordinates": [[[71.05, 33.39], [71.08, 33.38], [71.1, 33.36], [71.2, 33.36], [71.21000000000001, 33.35], [71.3, 33.35], [71.31, 33.34], [71.33, 33.34], [71.34, 33.330000000000005], [71.35, 33.330000000000005], [71.36, 33.32], [71.38, 33.32], [71.41, 33.300000000000004], [71.43, 33.300000000000004], [71.43, 33.24], [71.39, 33.2], [71.39, 33.190000000000005], [71.42, 33.14], [71.42, 33.120000000000005], [71.43, 33.11], [71.45, 33.06], [71.44, 33.050000000000004], [71.43, 33.02], [71.32, 33.02], [71.31, 33.03], [71.3, 33.02], [71.25, 33.010000000000005], [71.24, 33.0], [71.22, 33.0], [71.21000000000001, 32.99], [71.16, 32.980000000000004], [71.13, 32.93], [71.13, 32.910000000000004], [71.11, 32.88], [71.11, 32.86], [71.09, 32.830000000000005], [71.0, 32.830000000000005], [70.98, 32.85], [70.98, 32.86], [70.94, 32.900000000000006], [70.94, 32.93], [70.93, 32.940000000000005], [70.93, 32.96], [70.92, 32.97], [70.92, 33.0], [70.91, 33.010000000000005], [70.91, 33.02], [70.9, 33.03], [70.84, 33.03], [70.79, 33.1], [70.87, 33.190000000000005], [70.86, 33.2], [70.83, 33.2], [70.82, 33.21], [70.79, 33.21], [70.78, 33.220000000000006], [70.75, 33.220000000000006], [70.75, 33.24], [70.76, 33.25], [70.76, 33.300000000000004], [70.77, 33.31], [70.77, 33.34], [70.78, 33.330000000000005], [70.81, 33.330000000000005], [70.82, 33.32], [70.87, 33.31], [70.89, 33.330000000000005], [70.9, 33.36], [71.03, 33.36], [71.05, 33.38], [71.05, 33.39]]]}}, {"type": "Feature", "properties": {"na": "NA-11", "src": "commons-1993", "approx": false}, "geometry": {"type": "Polygon", "coordinates": [[[73.39, 34.370000000000005], [73.4, 34.370000000000005], [73.4, 34.36], [73.42, 34.34], [73.42, 34.330000000000005], [73.45, 34.300000000000004], [73.45, 34.290000000000006], [73.46000000000001, 34.28], [73.46000000000001, 34.260000000000005], [73.47, 34.25], [73.47, 34.2], [73.48, 34.190000000000005], [73.48, 34.14], [73.49, 34.13], [73.49, 34.09], [73.5, 34.080000000000005], [73.5, 34.050000000000004], [73.51, 34.040000000000006], [73.51, 34.03], [73.5, 34.02], [73.48, 34.02], [73.45, 34.0], [73.42, 34.02], [73.41, 34.02], [73.39, 34.040000000000006], [73.39, 34.07], [73.4, 34.080000000000005], [73.4, 34.11], [73.41, 34.120000000000005], [73.41, 34.13], [73.4, 34.14], [73.37, 34.150000000000006], [73.37, 34.17], [73.35, 34.2], [73.31, 34.2], [73.26, 34.17], [73.2, 34.17], [73.19, 34.18], [73.15, 34.18], [73.14, 34.190000000000005], [73.13, 34.190000000000005], [73.12, 34.18], [73.1, 34.18], [73.07, 34.150000000000006], [73.02, 34.150000000000006], [72.99, 34.120000000000005], [72.98, 34.120000000000005], [72.97, 34.11], [72.97, 34.06], [72.96000000000001, 34.050000000000004], [72.96000000000001, 34.03], [72.93, 33.99], [72.93, 33.980000000000004], [72.9, 33.980000000000004], [72.89, 33.99], [72.84, 34.0], [72.83, 34.010000000000005], [72.8, 34.010000000000005], [72.79, 34.02], [72.75, 34.02], [72.74, 34.03], [72.69, 34.03], [72.68, 34.040000000000006], [72.66, 34.040000000000006], [72.69, 34.07], [72.69, 34.080000000000005], [72.76, 34.14], [72.76, 34.220000000000006], [72.75, 34.230000000000004], [72.75, 34.300000000000004], [72.74, 34.31], [72.71000000000001, 34.31], [72.72, 34.34], [72.75, 34.36], [72.82, 34.36], [72.82, 34.35], [72.84, 34.32], [72.84, 34.300000000000004], [72.85, 34.290000000000006], [72.87, 34.290000000000006], [72.92, 34.25], [72.93, 34.25], [72.95, 34.230000000000004], [72.96000000000001, 34.230000000000004], [72.98, 34.21], [72.99, 34.220000000000006], [73.08, 34.220000000000006], [73.09, 34.230000000000004], [73.19, 34.230000000000004], [73.24, 34.27], [73.25, 34.27], [73.27, 34.290000000000006], [73.28, 34.290000000000006], [73.31, 34.32], [73.32, 34.32], [73.34, 34.34], [73.35, 34.34], [73.39, 34.370000000000005]]]}}, {"type": "Feature", "properties": {"na": "NA-12", "src": "commons-1993", "approx": false}, "geometry": {"type": "Polygon", "coordinates": [[[73.06, 33.92], [73.07, 33.92], [73.08, 33.93], [73.08, 33.970000000000006], [73.07, 33.980000000000004], [72.94, 33.980000000000004], [72.94, 33.99], [72.96000000000001, 33.99], [72.97, 34.0], [73.0, 34.0], [73.05, 34.03], [73.03, 34.080000000000005], [73.02, 34.09], [73.0, 34.09], [73.0, 34.11], [73.02, 34.14], [73.08, 34.14], [73.1, 34.160000000000004], [73.1, 34.17], [73.12, 34.17], [73.13, 34.18], [73.14, 34.18], [73.15, 34.17], [73.19, 34.17], [73.2, 34.160000000000004], [73.26, 34.160000000000004], [73.31, 34.190000000000005], [73.35, 34.190000000000005], [73.35, 34.18], [73.36, 34.17], [73.36, 34.150000000000006], [73.39, 34.13], [73.4, 34.13], [73.4, 34.120000000000005], [73.39, 34.11], [73.39, 34.080000000000005], [73.38, 34.07], [73.38, 34.040000000000006], [73.41, 34.010000000000005], [73.42, 34.010000000000005], [73.43, 34.0], [73.42, 33.99], [73.4, 33.99], [73.37, 33.96], [73.37, 33.95], [73.34, 33.92], [73.34, 33.910000000000004], [73.33, 33.900000000000006], [73.32, 33.910000000000004], [73.3, 33.910000000000004], [73.29, 33.92], [73.25, 33.92], [73.22, 33.88], [73.17, 33.88], [73.12, 33.85], [73.09, 33.88], [73.08, 33.88], [73.07, 33.89], [73.07, 33.910000000000004], [73.06, 33.92]]]}}, {"type": "Feature", "properties": {"na": "NA-13", "src": "reconstructed", "approx": true}, "geometry": {"type": "MultiPolygon", "coordinates": [[[[72.64, 34.03], [72.68, 34.03], [72.69, 34.02], [72.74, 34.02], [72.75, 34.010000000000005], [72.79, 34.010000000000005], [72.8, 34.0], [72.83, 34.0], [72.84, 33.99], [72.86, 33.99], [72.87, 33.980000000000004], [72.89, 33.980000000000004], [72.9, 33.970000000000006], [73.07, 33.970000000000006], [73.07, 33.93], [73.05, 33.93], [73.04, 33.92], [73.05, 33.910000000000004], [73.06, 33.910000000000004], [73.06, 33.89], [73.12, 33.84], [73.17, 33.870000000000005], [73.22, 33.870000000000005], [73.25, 33.910000000000004], [73.29, 33.910000000000004], [73.3, 33.900000000000006], [73.32, 33.900000000000006], [73.32, 33.89], [73.31, 33.88], [73.31, 33.870000000000005], [73.29, 33.85], [73.27, 33.85], [73.26, 33.84], [73.23, 33.84], [73.22, 33.830000000000005], [73.2, 33.830000000000005], [73.19, 33.82], [73.16, 33.82], [73.15, 33.81], [73.12, 33.81], [73.11, 33.800000000000004], [73.06, 33.790000000000006], [73.05, 33.78], [73.03, 33.78], [73.02, 33.77], [72.97, 33.760000000000005], [72.96000000000001, 33.75], [72.91, 33.74], [72.89, 33.760000000000005], [72.89, 33.78], [72.87, 33.81], [72.87, 33.82], [72.88, 33.830000000000005], [72.87, 33.84], [72.82, 33.84], [72.82, 33.85], [72.83, 33.86], [72.83, 33.88], [72.82, 33.89], [72.8, 33.89], [72.79, 33.92], [72.77, 33.95], [72.74, 33.940000000000005], [72.71000000000001, 33.910000000000004], [72.7, 33.910000000000004], [72.64, 33.86], [72.64, 33.870000000000005], [72.63, 33.88], [72.63, 33.910000000000004], [72.62, 33.92], [72.62, 33.940000000000005], [72.58, 33.980000000000004], [72.57, 33.980000000000004], [72.55, 34.0], [72.61, 34.0], [72.64, 34.03]]], [[[72.99, 34.11], [72.99, 34.09], [73.0, 34.080000000000005], [73.02, 34.080000000000005], [73.04, 34.03], [73.03, 34.03], [73.0, 34.010000000000005], [72.97, 34.010000000000005], [72.96000000000001, 34.0], [72.95, 34.0], [72.97, 34.03], [72.97, 34.050000000000004], [72.98, 34.06], [72.98, 34.11], [72.99, 34.11]]]]}}, {"type": "Feature", "properties": {"na": "NA-14", "src": "commons-1993", "approx": false}, "geometry": {"type": "Polygon", "coordinates": [[[73.21000000000001, 34.800000000000004], [73.22, 34.790000000000006], [73.22, 34.78], [73.24, 34.760000000000005], [73.27, 34.760000000000005], [73.31, 34.71], [73.35, 34.74], [73.36, 34.730000000000004], [73.37, 34.730000000000004], [73.45, 34.660000000000004], [73.5, 34.660000000000004], [73.5, 34.61], [73.51, 34.6], [73.51, 34.580000000000005], [73.5, 34.580000000000005], [73.49, 34.57], [73.45, 34.57], [73.44, 34.56], [73.44, 34.550000000000004], [73.43, 34.540000000000006], [73.43, 34.510000000000005], [73.42, 34.5], [73.42, 34.480000000000004], [73.41, 34.470000000000006], [73.41, 34.440000000000005], [73.4, 34.43], [73.4, 34.400000000000006], [73.38, 34.370000000000005], [73.37, 34.370000000000005], [73.35, 34.35], [73.34, 34.35], [73.32, 34.330000000000005], [73.31, 34.330000000000005], [73.28, 34.300000000000004], [73.27, 34.300000000000004], [73.25, 34.28], [73.24, 34.28], [73.19, 34.24], [73.09, 34.24], [73.08, 34.230000000000004], [73.04, 34.230000000000004], [73.04, 34.32], [72.99, 34.370000000000005], [73.0, 34.400000000000006], [72.97, 34.440000000000005], [72.97, 34.46], [72.96000000000001, 34.470000000000006], [72.96000000000001, 34.480000000000004], [72.98, 34.5], [72.98, 34.510000000000005], [72.99, 34.52], [73.0, 34.52], [73.01, 34.53], [73.01, 34.540000000000006], [73.03, 34.56], [73.03, 34.57], [73.04, 34.57], [73.06, 34.59], [73.07, 34.59], [73.08, 34.6], [73.08, 34.61], [73.09, 34.620000000000005], [73.09, 34.660000000000004], [73.1, 34.67], [73.1, 34.68], [73.14, 34.68], [73.15, 34.690000000000005], [73.16, 34.690000000000005], [73.19, 34.720000000000006], [73.19, 34.760000000000005], [73.2, 34.77], [73.2, 34.790000000000006], [73.21000000000001, 34.800000000000004]]]}}, {"type": "Feature", "properties": {"na": "NA-15", "src": "commons-1993", "approx": false}, "geometry": {"type": "Polygon", "coordinates": [[[72.87, 34.77], [72.87, 34.760000000000005], [72.88, 34.75], [72.89, 34.75], [72.89, 34.74], [72.9, 34.730000000000004], [72.9, 34.71], [72.93, 34.690000000000005], [72.93, 34.68], [72.91, 34.650000000000006], [72.91, 34.64], [72.89, 34.620000000000005], [72.89, 34.61], [72.91, 34.59], [72.93, 34.59], [72.96000000000001, 34.61], [72.98, 34.61], [72.99, 34.620000000000005], [73.0, 34.61], [73.01, 34.61], [73.03, 34.59], [73.05, 34.59], [73.02, 34.57], [73.02, 34.56], [73.0, 34.540000000000006], [73.0, 34.53], [72.99, 34.53], [72.97, 34.510000000000005], [72.97, 34.5], [72.95, 34.480000000000004], [72.95, 34.470000000000006], [72.96000000000001, 34.46], [72.96000000000001, 34.440000000000005], [72.98, 34.42], [72.98, 34.410000000000004], [72.99, 34.400000000000006], [72.98, 34.370000000000005], [73.03, 34.32], [73.03, 34.230000000000004], [72.99, 34.230000000000004], [72.98, 34.220000000000006], [72.93, 34.260000000000005], [72.92, 34.260000000000005], [72.9, 34.28], [72.89, 34.28], [72.87, 34.300000000000004], [72.85, 34.300000000000004], [72.85, 34.32], [72.82, 34.370000000000005], [72.75, 34.370000000000005], [72.74, 34.36], [72.74, 34.370000000000005], [72.73, 34.38], [72.73, 34.410000000000004], [72.72, 34.42], [72.72, 34.440000000000005], [72.71000000000001, 34.45], [72.71000000000001, 34.470000000000006], [72.72, 34.480000000000004], [72.72, 34.510000000000005], [72.73, 34.52], [72.73, 34.540000000000006], [72.77, 34.540000000000006], [72.78, 34.550000000000004], [72.78, 34.57], [72.79, 34.580000000000005], [72.79, 34.64], [72.8, 34.650000000000006], [72.8, 34.71], [72.81, 34.720000000000006], [72.81, 34.75], [72.83, 34.75], [72.84, 34.760000000000005], [72.86, 34.760000000000005], [72.87, 34.77]]]}}, {"type": "Feature", "properties": {"na": "NA-16", "src": "commons-1993", "approx": false}, "geometry": {"type": "Polygon", "coordinates": [[[73.95, 35.190000000000005], [73.96000000000001, 35.18], [73.98, 35.18], [74.01, 35.160000000000004], [74.06, 35.150000000000006], [74.09, 35.13], [74.11, 35.13], [74.11, 35.120000000000005], [74.1, 35.11], [74.1, 35.09], [74.09, 35.080000000000005], [74.09, 35.050000000000004], [74.08, 35.040000000000006], [74.07, 35.010000000000005], [74.05, 34.99], [74.05, 34.980000000000004], [74.03, 34.96], [74.03, 34.95], [74.01, 34.93], [74.01, 34.92], [73.99, 34.900000000000006], [73.99, 34.89], [73.98, 34.88], [73.93, 34.870000000000005], [73.9, 34.85], [73.88, 34.85], [73.87, 34.84], [73.85, 34.84], [73.84, 34.830000000000005], [73.82, 34.830000000000005], [73.79, 34.81], [73.77, 34.81], [73.66, 34.690000000000005], [73.66, 34.67], [73.65, 34.660000000000004], [73.65, 34.61], [73.64, 34.6], [73.64, 34.580000000000005], [73.63, 34.59], [73.54, 34.59], [73.53, 34.580000000000005], [73.52, 34.580000000000005], [73.52, 34.6], [73.51, 34.61], [73.51, 34.660000000000004], [73.5, 34.67], [73.45, 34.67], [73.37, 34.74], [73.36, 34.74], [73.35, 34.75], [73.31, 34.720000000000006], [73.3, 34.730000000000004], [73.3, 34.74], [73.27, 34.77], [73.24, 34.77], [73.23, 34.78], [73.23, 34.790000000000006], [73.21000000000001, 34.81], [73.19, 34.790000000000006], [73.19, 34.77], [73.18, 34.760000000000005], [73.18, 34.720000000000006], [73.14, 34.690000000000005], [73.1, 34.690000000000005], [73.09, 34.68], [73.09, 34.67], [73.08, 34.660000000000004], [73.08, 34.620000000000005], [73.07, 34.61], [73.07, 34.6], [73.03, 34.6], [73.01, 34.620000000000005], [73.0, 34.620000000000005], [72.99, 34.63], [72.98, 34.620000000000005], [72.96000000000001, 34.620000000000005], [72.93, 34.6], [72.91, 34.6], [72.9, 34.61], [72.9, 34.620000000000005], [72.93, 34.660000000000004], [72.94, 34.690000000000005], [72.92, 34.71], [72.91, 34.71], [72.91, 34.730000000000004], [72.9, 34.74], [72.9, 34.75], [72.89, 34.760000000000005], [72.88, 34.760000000000005], [72.88, 34.77], [73.0, 34.85], [72.99, 34.86], [72.98, 34.86], [72.96000000000001, 34.88], [72.91, 34.900000000000006], [72.89, 34.92], [72.91, 34.92], [72.92, 34.93], [72.95, 34.93], [72.96000000000001, 34.940000000000005], [72.98, 34.940000000000005], [72.99, 34.95], [73.02, 34.95], [73.03, 34.96], [73.06, 34.96], [73.11, 34.92], [73.41, 34.92], [73.42, 34.910000000000004], [73.45, 34.910000000000004], [73.46000000000001, 34.900000000000006], [73.49, 34.900000000000006], [73.56, 34.99], [73.66, 34.99], [73.67, 35.0], [73.68, 35.0], [73.71000000000001, 35.03], [73.72, 35.02], [73.76, 35.02], [73.77, 35.010000000000005], [73.8, 35.010000000000005], [73.83, 35.050000000000004], [73.83, 35.07], [73.84, 35.080000000000005], [73.84, 35.09], [73.9, 35.09], [73.91, 35.1], [73.94, 35.17], [73.95, 35.18], [73.95, 35.190000000000005]]]}}, {"type": "Feature", "properties": {"na": "NA-17", "src": "commons-1993", "approx": false}, "geometry": {"type": "Polygon", "coordinates": [[[72.81, 35.86], [72.82, 35.85], [72.96000000000001, 35.85], [72.97, 35.84], [73.12, 35.84], [73.12, 35.800000000000004], [73.11, 35.790000000000006], [73.11, 35.74], [73.16, 35.7], [73.17, 35.7], [73.2, 35.67], [73.21000000000001, 35.67], [73.24, 35.64], [73.25, 35.64], [73.27, 35.620000000000005], [73.28, 35.620000000000005], [73.3, 35.6], [73.34, 35.6], [73.35, 35.59], [73.39, 35.59], [73.4, 35.580000000000005], [73.43, 35.580000000000005], [73.44, 35.57], [73.48, 35.57], [73.49, 35.56], [73.54, 35.56], [73.55, 35.550000000000004], [73.59, 35.550000000000004], [73.6, 35.540000000000006], [73.64, 35.540000000000006], [73.65, 35.53], [73.7, 35.53], [73.71000000000001, 35.52], [73.75, 35.52], [73.76, 35.510000000000005], [73.8, 35.510000000000005], [73.7, 35.410000000000004], [73.7, 35.370000000000005], [73.71000000000001, 35.36], [73.71000000000001, 35.31], [73.72, 35.300000000000004], [73.72, 35.25], [73.74, 35.220000000000006], [73.75, 35.220000000000006], [73.78, 35.24], [73.79, 35.230000000000004], [73.81, 35.230000000000004], [73.82, 35.220000000000006], [73.85, 35.220000000000006], [73.86, 35.21], [73.88, 35.21], [73.89, 35.2], [73.92, 35.2], [73.93, 35.190000000000005], [73.94, 35.190000000000005], [73.94, 35.18], [73.91, 35.13], [73.9, 35.1], [73.84, 35.1], [73.82, 35.07], [73.82, 35.050000000000004], [73.8, 35.02], [73.77, 35.02], [73.76, 35.03], [73.72, 35.03], [73.71000000000001, 35.040000000000006], [73.68, 35.010000000000005], [73.67, 35.010000000000005], [73.66, 35.0], [73.56, 35.0], [73.53, 34.970000000000006], [73.53, 34.96], [73.5, 34.93], [73.5, 34.92], [73.49, 34.910000000000004], [73.46000000000001, 34.910000000000004], [73.45, 34.92], [73.42, 34.92], [73.41, 34.93], [73.11, 34.93], [73.06, 34.970000000000006], [73.03, 34.970000000000006], [73.02, 34.96], [72.99, 34.96], [72.98, 34.95], [72.96000000000001, 34.95], [72.95, 34.940000000000005], [72.92, 34.940000000000005], [72.91, 34.93], [72.89, 34.93], [72.88, 34.92], [72.88, 34.93], [72.91, 34.980000000000004], [72.9, 34.99], [72.86, 34.99], [72.85, 35.0], [72.81, 35.0], [72.81, 35.050000000000004], [72.8, 35.06], [72.8, 35.120000000000005], [72.79, 35.13], [72.76, 35.14], [72.74, 35.160000000000004], [72.73, 35.160000000000004], [72.69, 35.2], [72.76, 35.27], [72.76, 35.28], [72.77, 35.290000000000006], [72.77, 35.32], [72.78, 35.330000000000005], [72.78, 35.36], [72.79, 35.370000000000005], [72.79, 35.38], [72.76, 35.400000000000006], [72.73, 35.410000000000004], [72.73, 35.42], [72.76, 35.470000000000006], [72.77, 35.5], [72.79, 35.52], [72.8, 35.550000000000004], [72.82, 35.580000000000005], [72.82, 35.620000000000005], [72.81, 35.63], [72.81, 35.68], [72.76, 35.730000000000004], [72.75, 35.730000000000004], [72.71000000000001, 35.77], [72.71000000000001, 35.78], [72.73, 35.81], [72.74, 35.84], [72.76, 35.84], [72.77, 35.85], [72.8, 35.85], [72.81, 35.86]]]}}, {"type": "Feature", "properties": {"na": "NA-18", "src": "commons-1993", "approx": false}, "geometry": {"type": "Polygon", "coordinates": [[[70.21000000000001, 32.63], [70.29, 32.63], [70.35, 32.580000000000005], [70.39, 32.580000000000005], [70.4, 32.59], [70.43, 32.59], [70.44, 32.6], [70.49, 32.6], [70.51, 32.580000000000005], [70.51, 32.57], [70.56, 32.52], [70.56, 32.510000000000005], [70.59, 32.480000000000004], [70.6, 32.480000000000004], [70.6, 32.47], [70.59, 32.46], [70.59, 32.440000000000005], [70.65, 32.39], [70.66, 32.39], [70.69, 32.36], [70.7, 32.36], [70.71000000000001, 32.35], [70.68, 32.300000000000004], [70.68, 32.290000000000006], [70.69, 32.28], [70.71000000000001, 32.28], [70.72, 32.290000000000006], [70.74, 32.290000000000006], [70.75, 32.300000000000004], [70.78, 32.300000000000004], [70.79, 32.31], [70.81, 32.31], [70.82, 32.32], [70.85, 32.32], [70.86, 32.330000000000005], [70.89, 32.330000000000005], [70.9, 32.34], [70.92, 32.34], [70.93, 32.35], [70.96000000000001, 32.35], [70.99, 32.370000000000005], [71.01, 32.370000000000005], [71.06, 32.400000000000006], [71.08, 32.400000000000006], [71.13, 32.43], [71.15, 32.43], [71.16, 32.440000000000005], [71.17, 32.440000000000005], [71.24, 32.52], [71.27, 32.52], [71.28, 32.53], [71.31, 32.53], [71.31, 32.410000000000004], [71.16, 32.260000000000005], [71.16, 32.21], [71.11, 32.17], [71.11, 32.150000000000006], [71.1, 32.14], [71.1, 32.09], [71.09, 32.080000000000005], [71.09, 32.040000000000006], [71.08, 32.03], [71.08, 31.980000000000004], [71.07, 31.970000000000002], [71.07, 31.92], [71.06, 31.910000000000004], [71.06, 31.89], [70.88, 31.64], [70.88, 31.540000000000003], [70.89, 31.53], [70.89, 31.440000000000005], [70.87, 31.42], [70.86, 31.42], [70.84, 31.400000000000002], [70.83, 31.400000000000002], [70.77, 31.320000000000004], [70.72, 31.330000000000002], [70.69, 31.35], [70.55, 31.35], [70.54, 31.340000000000003], [70.53, 31.340000000000003], [70.5, 31.310000000000002], [70.49, 31.310000000000002], [70.45, 31.270000000000003], [70.44, 31.270000000000003], [70.42, 31.250000000000004], [70.4, 31.200000000000003], [70.37, 31.200000000000003], [70.36, 31.190000000000005], [70.33, 31.190000000000005], [70.32, 31.180000000000003], [70.28, 31.180000000000003], [70.28, 31.190000000000005], [70.27, 31.200000000000003], [70.27, 31.300000000000004], [70.28, 31.310000000000002], [70.28, 31.450000000000003], [70.27, 31.46], [70.27, 31.51], [70.26, 31.520000000000003], [70.21000000000001, 31.490000000000002], [70.16, 31.470000000000002], [70.14, 31.450000000000003], [70.07, 31.42], [70.06, 31.410000000000004], [70.05, 31.42], [70.05, 31.440000000000005], [70.03, 31.470000000000002], [70.03, 31.490000000000002], [70.02, 31.500000000000004], [70.02, 31.51], [70.01, 31.520000000000003], [69.94, 31.550000000000004], [69.94, 31.630000000000003], [69.95, 31.64], [69.95, 31.810000000000002], [69.96000000000001, 31.820000000000004], [69.96000000000001, 31.89], [69.97, 31.89], [69.98, 31.880000000000003], [70.01, 31.880000000000003], [70.02, 31.870000000000005], [70.04, 31.870000000000005], [70.05, 31.860000000000003], [70.07, 31.860000000000003], [70.08, 31.85], [70.1, 31.85], [70.11, 31.840000000000003], [70.14, 31.840000000000003], [70.15, 31.830000000000002], [70.2, 31.820000000000004], [70.21000000000001, 31.810000000000002], [70.22, 31.820000000000004], [70.22, 31.85], [70.21000000000001, 31.860000000000003], [70.21000000000001, 31.910000000000004], [70.2, 31.92], [70.2, 31.970000000000002], [70.19, 31.980000000000004], [70.19, 32.0], [70.17, 32.02], [70.12, 32.03], [70.12, 32.06], [70.11, 32.07], [70.11, 32.120000000000005], [70.1, 32.13], [70.1, 32.18], [70.09, 32.190000000000005], [70.09, 32.22], [70.07, 32.24], [70.06, 32.24], [70.06, 32.260000000000005], [70.07, 32.27], [70.07, 32.31], [70.08, 32.32], [70.08, 32.36], [70.09, 32.370000000000005], [70.09, 32.400000000000006], [70.1, 32.410000000000004], [70.1, 32.45], [70.11, 32.46], [70.11, 32.5], [70.12, 32.510000000000005], [70.12, 32.53], [70.21000000000001, 32.63]]]}}, {"type": "Feature", "properties": {"na": "NA-19", "src": "commons-1993", "approx": false}, "geometry": {"type": "Polygon", "coordinates": [[[70.61, 33.25], [70.64, 33.25], [70.65, 33.24], [70.68, 33.24], [70.69, 33.230000000000004], [70.74, 33.220000000000006], [70.75, 33.21], [70.78, 33.21], [70.79, 33.2], [70.82, 33.2], [70.83, 33.190000000000005], [70.86, 33.190000000000005], [70.78, 33.1], [70.79, 33.09], [70.79, 33.080000000000005], [70.82, 33.050000000000004], [70.82, 33.040000000000006], [70.84, 33.02], [70.9, 33.02], [70.9, 33.010000000000005], [70.91, 33.0], [70.91, 32.96], [70.86, 32.93], [70.84, 32.93], [70.8, 32.89], [70.8, 32.88], [70.78, 32.86], [70.78, 32.84], [70.77, 32.830000000000005], [70.72, 32.830000000000005], [70.69, 32.800000000000004], [70.69, 32.790000000000006], [70.68, 32.78], [70.68, 32.760000000000005], [70.7, 32.74], [70.7, 32.730000000000004], [70.69, 32.730000000000004], [70.68, 32.72], [70.66, 32.72], [70.65, 32.71], [70.62, 32.71], [70.61, 32.74], [70.59, 32.760000000000005], [70.56, 32.730000000000004], [70.53, 32.730000000000004], [70.52, 32.72], [70.5, 32.72], [70.46000000000001, 32.760000000000005], [70.45, 32.75], [70.44, 32.75], [70.43, 32.760000000000005], [70.42, 32.760000000000005], [70.41, 32.75], [70.39, 32.75], [70.39, 32.77], [70.38, 32.78], [70.37, 32.77], [70.35, 32.77], [70.34, 32.760000000000005], [70.31, 32.77], [70.34, 32.81], [70.34, 32.830000000000005], [70.35, 32.84], [70.35, 32.86], [70.36, 32.870000000000005], [70.36, 32.89], [70.37, 32.900000000000006], [70.38, 32.95], [70.39, 32.96], [70.39, 32.980000000000004], [70.4, 32.99], [70.41, 33.040000000000006], [70.43, 33.07], [70.43, 33.080000000000005], [70.46000000000001, 33.11], [70.46000000000001, 33.120000000000005], [70.48, 33.14], [70.48, 33.150000000000006], [70.51, 33.18], [70.51, 33.190000000000005], [70.52, 33.2], [70.55, 33.21], [70.57, 33.230000000000004], [70.58, 33.230000000000004], [70.61, 33.25]]]}}, {"type": "Feature", "properties": {"na": "NA-20", "src": "commons-1993", "approx": false}, "geometry": {"type": "Polygon", "coordinates": [[[70.92, 32.96], [70.92, 32.940000000000005], [70.93, 32.93], [70.93, 32.900000000000006], [71.0, 32.82], [71.09, 32.82], [71.09, 32.81], [71.1, 32.800000000000004], [71.1, 32.77], [71.11, 32.760000000000005], [71.11, 32.730000000000004], [71.12, 32.72], [71.12, 32.7], [71.13, 32.690000000000005], [71.13, 32.660000000000004], [71.14, 32.650000000000006], [71.14, 32.620000000000005], [71.15, 32.61], [71.15, 32.6], [71.19, 32.56], [71.19, 32.550000000000004], [71.22, 32.52], [71.22, 32.510000000000005], [71.17, 32.45], [71.16, 32.45], [71.15, 32.440000000000005], [71.13, 32.440000000000005], [71.08, 32.410000000000004], [71.06, 32.410000000000004], [71.01, 32.38], [70.99, 32.38], [70.96000000000001, 32.36], [70.93, 32.36], [70.92, 32.35], [70.9, 32.35], [70.89, 32.34], [70.86, 32.34], [70.85, 32.330000000000005], [70.82, 32.330000000000005], [70.81, 32.32], [70.79, 32.32], [70.78, 32.31], [70.75, 32.31], [70.74, 32.300000000000004], [70.72, 32.300000000000004], [70.71000000000001, 32.290000000000006], [70.69, 32.290000000000006], [70.69, 32.300000000000004], [70.72, 32.35], [70.7, 32.370000000000005], [70.69, 32.370000000000005], [70.66, 32.400000000000006], [70.65, 32.400000000000006], [70.62, 32.43], [70.61, 32.43], [70.6, 32.440000000000005], [70.6, 32.46], [70.61, 32.47], [70.61, 32.480000000000004], [70.57, 32.510000000000005], [70.57, 32.52], [70.52, 32.57], [70.52, 32.580000000000005], [70.49, 32.61], [70.44, 32.61], [70.43, 32.6], [70.4, 32.6], [70.39, 32.59], [70.35, 32.59], [70.29, 32.64], [70.3, 32.650000000000006], [70.31, 32.650000000000006], [70.35, 32.690000000000005], [70.36, 32.690000000000005], [70.38, 32.71], [70.38, 32.74], [70.41, 32.74], [70.42, 32.75], [70.43, 32.75], [70.44, 32.74], [70.45, 32.74], [70.46000000000001, 32.75], [70.5, 32.71], [70.52, 32.71], [70.53, 32.72], [70.56, 32.72], [70.59, 32.75], [70.62, 32.7], [70.65, 32.7], [70.66, 32.71], [70.68, 32.71], [70.69, 32.72], [70.7, 32.72], [70.71000000000001, 32.730000000000004], [70.71000000000001, 32.74], [70.69, 32.760000000000005], [70.69, 32.78], [70.7, 32.790000000000006], [70.7, 32.800000000000004], [70.72, 32.82], [70.77, 32.82], [70.79, 32.84], [70.79, 32.86], [70.81, 32.88], [70.81, 32.89], [70.84, 32.92], [70.86, 32.92], [70.89, 32.940000000000005], [70.9, 32.940000000000005], [70.92, 32.96]]]}}, {"type": "Feature", "properties": {"na": "NA-21", "src": "commons-1993", "approx": false}, "geometry": {"type": "Polygon", "coordinates": [[[72.24, 35.14], [72.26, 35.120000000000005], [72.31, 35.11], [72.32, 35.080000000000005], [72.34, 35.050000000000004], [72.34, 35.010000000000005], [72.37, 34.980000000000004], [72.45, 34.980000000000004], [72.46000000000001, 34.99], [72.5, 34.99], [72.51, 35.0], [72.52, 34.99], [72.52, 34.980000000000004], [72.53, 34.970000000000006], [72.53, 34.940000000000005], [72.52, 34.93], [72.52, 34.910000000000004], [72.53, 34.900000000000006], [72.53, 34.84], [72.52, 34.830000000000005], [72.52, 34.800000000000004], [72.51, 34.790000000000006], [72.51, 34.760000000000005], [72.48, 34.71], [72.46000000000001, 34.71], [72.43, 34.68], [72.4, 34.690000000000005], [72.32, 34.620000000000005], [72.31, 34.620000000000005], [72.29, 34.6], [72.24, 34.580000000000005], [72.22, 34.56], [72.2, 34.580000000000005], [72.15, 34.580000000000005], [72.15, 34.6], [72.14, 34.61], [72.14, 34.64], [72.13, 34.650000000000006], [72.13, 34.660000000000004], [72.12, 34.67], [72.09, 34.67], [72.19, 34.800000000000004], [72.18, 34.830000000000005], [72.13, 34.870000000000005], [72.17, 34.93], [72.17, 34.96], [72.18, 34.970000000000006], [72.18, 34.99], [72.19, 35.0], [72.19, 35.010000000000005], [72.22, 35.040000000000006], [72.22, 35.050000000000004], [72.21000000000001, 35.06], [72.21000000000001, 35.09], [72.2, 35.1], [72.2, 35.11], [72.24, 35.14]]]}}, {"type": "Feature", "properties": {"na": "NA-22", "src": "commons-1993", "approx": false}, "geometry": {"type": "Polygon", "coordinates": [[[72.51, 35.900000000000006], [72.58, 35.84], [72.73, 35.84], [72.7, 35.77], [72.8, 35.68], [72.8, 35.63], [72.81, 35.620000000000005], [72.81, 35.580000000000005], [72.8, 35.57], [72.78, 35.52], [72.76, 35.5], [72.73, 35.43], [72.72, 35.42], [72.72, 35.410000000000004], [72.73, 35.400000000000006], [72.78, 35.38], [72.78, 35.370000000000005], [72.77, 35.36], [72.77, 35.330000000000005], [72.76, 35.32], [72.76, 35.290000000000006], [72.75, 35.28], [72.75, 35.27], [72.68, 35.2], [72.73, 35.150000000000006], [72.74, 35.150000000000006], [72.76, 35.13], [72.79, 35.120000000000005], [72.79, 35.06], [72.8, 35.050000000000004], [72.8, 35.0], [72.81, 34.99], [72.85, 34.99], [72.86, 34.980000000000004], [72.9, 34.980000000000004], [72.88, 34.95], [72.87, 34.92], [72.88, 34.910000000000004], [72.89, 34.910000000000004], [72.91, 34.89], [72.96000000000001, 34.870000000000005], [72.98, 34.85], [72.9, 34.790000000000006], [72.89, 34.790000000000006], [72.86, 34.77], [72.81, 34.760000000000005], [72.8, 34.75], [72.8, 34.720000000000006], [72.79, 34.71], [72.79, 34.650000000000006], [72.78, 34.64], [72.78, 34.580000000000005], [72.77, 34.57], [72.77, 34.550000000000004], [72.73, 34.550000000000004], [72.72, 34.540000000000006], [72.72, 34.52], [72.71000000000001, 34.510000000000005], [72.71000000000001, 34.480000000000004], [72.7, 34.470000000000006], [72.68, 34.470000000000006], [72.68, 34.480000000000004], [72.67, 34.49], [72.67, 34.52], [72.64, 34.550000000000004], [72.63, 34.540000000000006], [72.59, 34.540000000000006], [72.56, 34.56], [72.49, 34.56], [72.48, 34.550000000000004], [72.45, 34.550000000000004], [72.41, 34.580000000000005], [72.4, 34.580000000000005], [72.34, 34.63], [72.4, 34.68], [72.43, 34.67], [72.46000000000001, 34.7], [72.48, 34.7], [72.5, 34.720000000000006], [72.5, 34.730000000000004], [72.52, 34.760000000000005], [72.52, 34.790000000000006], [72.53, 34.800000000000004], [72.53, 34.830000000000005], [72.54, 34.84], [72.54, 34.900000000000006], [72.53, 34.910000000000004], [72.53, 34.93], [72.54, 34.940000000000005], [72.54, 34.970000000000006], [72.51, 35.010000000000005], [72.5, 35.0], [72.46000000000001, 35.0], [72.45, 34.99], [72.37, 34.99], [72.35, 35.010000000000005], [72.35, 35.050000000000004], [72.32, 35.1], [72.32, 35.11], [72.31, 35.120000000000005], [72.29, 35.120000000000005], [72.28, 35.13], [72.26, 35.13], [72.25, 35.14], [72.33, 35.220000000000006], [72.32, 35.230000000000004], [72.31, 35.230000000000004], [72.31, 35.24], [72.29, 35.27], [72.37, 35.35], [72.37, 35.5], [72.34, 35.53], [72.33, 35.53], [72.29, 35.57], [72.28, 35.57], [72.24, 35.61], [72.23, 35.61], [72.21000000000001, 35.63], [72.22, 35.64], [72.22, 35.650000000000006], [72.24, 35.67], [72.25, 35.7], [72.27, 35.720000000000006], [72.27, 35.730000000000004], [72.29, 35.75], [72.29, 35.760000000000005], [72.36, 35.760000000000005], [72.51, 35.900000000000006]]]}}, {"type": "Feature", "properties": {"na": "NA-23", "src": "commons-1993", "approx": false}, "geometry": {"type": "Polygon", "coordinates": [[[72.33, 34.620000000000005], [72.34, 34.620000000000005], [72.4, 34.57], [72.41, 34.57], [72.45, 34.540000000000006], [72.48, 34.540000000000006], [72.49, 34.550000000000004], [72.56, 34.550000000000004], [72.59, 34.53], [72.63, 34.53], [72.64, 34.540000000000006], [72.66, 34.52], [72.66, 34.49], [72.67, 34.480000000000004], [72.67, 34.470000000000006], [72.68, 34.46], [72.7, 34.46], [72.7, 34.45], [72.71000000000001, 34.440000000000005], [72.71000000000001, 34.42], [72.72, 34.410000000000004], [72.72, 34.38], [72.73, 34.370000000000005], [72.73, 34.36], [72.7, 34.32], [72.68, 34.32], [72.56, 34.220000000000006], [72.54, 34.17], [72.51, 34.17], [72.5, 34.18], [72.46000000000001, 34.18], [72.45, 34.190000000000005], [72.42, 34.190000000000005], [72.42, 34.2], [72.43, 34.21], [72.43, 34.230000000000004], [72.44, 34.24], [72.44, 34.260000000000005], [72.45, 34.27], [72.45, 34.290000000000006], [72.46000000000001, 34.300000000000004], [72.47, 34.330000000000005], [72.49, 34.35], [72.47, 34.370000000000005], [72.46000000000001, 34.370000000000005], [72.43, 34.400000000000006], [72.42, 34.400000000000006], [72.42, 34.410000000000004], [72.39, 34.43], [72.37, 34.43], [72.34, 34.45], [72.28, 34.45], [72.27, 34.46], [72.23, 34.46], [72.23, 34.470000000000006], [72.22, 34.480000000000004], [72.22, 34.5], [72.21000000000001, 34.510000000000005], [72.21000000000001, 34.540000000000006], [72.24, 34.57], [72.29, 34.59], [72.33, 34.620000000000005]]]}}, {"type": "Feature", "properties": {"na": "NA-24", "src": "commons-1993", "approx": false}, "geometry": {"type": "Polygon", "coordinates": [[[73.63, 36.910000000000004], [73.7, 36.84], [73.75, 36.830000000000005], [73.76, 36.82], [73.77, 36.82], [73.78, 36.81], [73.8, 36.81], [73.81, 36.800000000000004], [73.83, 36.800000000000004], [73.83, 36.78], [73.84, 36.77], [73.84, 36.74], [73.85, 36.730000000000004], [73.85, 36.720000000000006], [73.84, 36.730000000000004], [73.69, 36.730000000000004], [73.68, 36.74], [73.53, 36.74], [73.52, 36.75], [73.34, 36.75], [73.33, 36.74], [73.3, 36.74], [73.29, 36.730000000000004], [73.27, 36.730000000000004], [73.26, 36.720000000000006], [73.23, 36.720000000000006], [73.22, 36.71], [73.21000000000001, 36.720000000000006], [73.12, 36.720000000000006], [73.09, 36.7], [73.07, 36.7], [73.06, 36.690000000000005], [73.05, 36.690000000000005], [73.04, 36.68], [73.04, 36.67], [73.06, 36.64], [73.07, 36.61], [72.95, 36.470000000000006], [72.88, 36.470000000000006], [72.86, 36.440000000000005], [72.86, 36.410000000000004], [72.85, 36.400000000000006], [72.85, 36.38], [72.84, 36.38], [72.81, 36.36], [72.76, 36.34], [72.73, 36.31], [72.72, 36.31], [72.66, 36.260000000000005], [72.57, 36.260000000000005], [72.55, 36.24], [72.54, 36.21], [72.53, 36.2], [72.53, 36.14], [72.52, 36.13], [72.52, 36.080000000000005], [72.54, 36.050000000000004], [72.56, 36.0], [72.55, 35.99], [72.52, 35.92], [72.43, 35.830000000000005], [72.42, 35.830000000000005], [72.36, 35.77], [72.3, 35.77], [72.29, 35.78], [72.21000000000001, 35.78], [72.2, 35.790000000000006], [72.13, 35.790000000000006], [72.12, 35.800000000000004], [72.11, 35.790000000000006], [72.11, 35.77], [72.1, 35.760000000000005], [72.1, 35.720000000000006], [72.09, 35.71], [72.09, 35.690000000000005], [72.08, 35.68], [72.07, 35.68], [72.05, 35.660000000000004], [72.04, 35.660000000000004], [72.02, 35.64], [72.01, 35.64], [71.99, 35.620000000000005], [71.98, 35.620000000000005], [71.96000000000001, 35.6], [71.95, 35.6], [71.92, 35.57], [71.92, 35.56], [71.89, 35.52], [71.89, 35.49], [71.88, 35.480000000000004], [71.87, 35.43], [71.86, 35.42], [71.86, 35.39], [71.85, 35.38], [71.8, 35.38], [71.79, 35.370000000000005], [71.79, 35.36], [71.77, 35.330000000000005], [71.77, 35.31], [71.74, 35.260000000000005], [71.74, 35.25], [71.72, 35.25], [71.69, 35.230000000000004], [71.66, 35.230000000000004], [71.55, 35.32], [71.58, 35.36], [71.58, 35.370000000000005], [71.6, 35.39], [71.61, 35.42], [71.64, 35.46], [71.61, 35.49], [71.6, 35.49], [71.59, 35.5], [71.59, 35.510000000000005], [71.6, 35.52], [71.6, 35.550000000000004], [71.61, 35.56], [71.61, 35.580000000000005], [71.58, 35.6], [71.56, 35.6], [71.53, 35.620000000000005], [71.51, 35.620000000000005], [71.5, 35.63], [71.49, 35.63], [71.51, 35.660000000000004], [71.54, 35.730000000000004], [71.36, 35.970000000000006], [71.35, 35.970000000000006], [71.28, 36.010000000000005], [71.26, 36.010000000000005], [71.25, 36.02], [71.24, 36.02], [71.21000000000001, 36.040000000000006], [71.2, 36.040000000000006], [71.2, 36.050000000000004], [71.23, 36.1], [71.24, 36.13], [71.31, 36.160000000000004], [71.32, 36.17], [71.33, 36.17], [71.44, 36.27], [71.45, 36.27], [71.48, 36.290000000000006], [71.55, 36.32], [71.56, 36.330000000000005], [71.56, 36.35], [71.55, 36.36], [71.55, 36.370000000000005], [71.65, 36.480000000000004], [71.66, 36.470000000000006], [71.71000000000001, 36.45], [71.78, 36.410000000000004], [71.81, 36.45], [71.81, 36.470000000000006], [71.83, 36.5], [71.83, 36.510000000000005], [71.84, 36.510000000000005], [71.86, 36.53], [71.89, 36.540000000000006], [71.91, 36.56], [71.92, 36.56], [71.93, 36.57], [71.96000000000001, 36.57], [71.97, 36.580000000000005], [72.01, 36.580000000000005], [72.02, 36.59], [72.05, 36.59], [72.06, 36.6], [72.09, 36.6], [72.1, 36.61], [72.1, 36.650000000000006], [72.15, 36.650000000000006], [72.16, 36.660000000000004], [72.2, 36.660000000000004], [72.22, 36.690000000000005], [72.22, 36.71], [72.23, 36.720000000000006], [72.23, 36.74], [72.24, 36.75], [72.24, 36.760000000000005], [72.36, 36.760000000000005], [72.37, 36.77], [72.48, 36.77], [72.49, 36.78], [72.5, 36.78], [72.51, 36.790000000000006], [72.54, 36.800000000000004], [72.65, 36.86], [72.66, 36.85], [72.92, 36.85], [72.93, 36.86], [72.97, 36.86], [72.98, 36.870000000000005], [73.01, 36.870000000000005], [73.02, 36.88], [73.06, 36.88], [73.07, 36.89], [73.34, 36.89], [73.35, 36.900000000000006], [73.62, 36.900000000000006], [73.63, 36.910000000000004]]]}}, {"type": "Feature", "properties": {"na": "NA-25", "src": "commons-1993", "approx": false}, "geometry": {"type": "Polygon", "coordinates": [[[72.12, 35.790000000000006], [72.13, 35.78], [72.2, 35.78], [72.21000000000001, 35.77], [72.29, 35.77], [72.26, 35.730000000000004], [72.26, 35.720000000000006], [72.24, 35.7], [72.23, 35.67], [72.2, 35.63], [72.23, 35.6], [72.24, 35.6], [72.28, 35.56], [72.29, 35.56], [72.33, 35.52], [72.34, 35.52], [72.36, 35.5], [72.36, 35.35], [72.28, 35.27], [72.29, 35.260000000000005], [72.3, 35.230000000000004], [72.31, 35.220000000000006], [72.32, 35.220000000000006], [72.25, 35.150000000000006], [72.24, 35.150000000000006], [72.19, 35.11], [72.19, 35.1], [72.2, 35.09], [72.2, 35.06], [72.21000000000001, 35.050000000000004], [72.21000000000001, 35.040000000000006], [72.18, 35.010000000000005], [72.18, 35.0], [72.17, 34.99], [72.17, 34.970000000000006], [72.16, 34.96], [72.16, 34.93], [72.12, 34.870000000000005], [72.15, 34.84], [72.16, 34.84], [72.17, 34.830000000000005], [72.17, 34.82], [72.18, 34.81], [72.18, 34.800000000000004], [72.16, 34.78], [72.16, 34.77], [72.13, 34.74], [72.13, 34.730000000000004], [72.08, 34.67], [72.07, 34.67], [72.0, 34.63], [71.82, 34.63], [71.76, 34.67], [71.76, 34.790000000000006], [71.75, 34.800000000000004], [71.72, 34.800000000000004], [71.71000000000001, 34.81], [71.69, 34.81], [71.68, 34.82], [71.65, 34.82], [71.64, 34.830000000000005], [71.61, 34.830000000000005], [71.58, 34.870000000000005], [71.58, 34.88], [71.56, 34.900000000000006], [71.56, 34.910000000000004], [71.53, 34.940000000000005], [71.53, 34.95], [71.5, 34.99], [71.51, 35.0], [71.52, 35.0], [71.55, 35.03], [71.53, 35.080000000000005], [71.67, 35.220000000000006], [71.69, 35.220000000000006], [71.72, 35.24], [71.74, 35.24], [71.75, 35.25], [71.77, 35.300000000000004], [71.78, 35.31], [71.78, 35.330000000000005], [71.79, 35.34], [71.8, 35.370000000000005], [71.85, 35.370000000000005], [71.87, 35.39], [71.87, 35.42], [71.88, 35.43], [71.88, 35.45], [71.89, 35.46], [71.89, 35.480000000000004], [71.9, 35.49], [71.9, 35.52], [71.91, 35.53], [71.91, 35.540000000000006], [71.95, 35.59], [71.96000000000001, 35.59], [71.98, 35.61], [71.99, 35.61], [72.04, 35.650000000000006], [72.05, 35.650000000000006], [72.07, 35.67], [72.08, 35.67], [72.1, 35.690000000000005], [72.12, 35.790000000000006]]]}}, {"type": "Feature", "properties": {"na": "NA-26", "src": "commons-1993", "approx": false}, "geometry": {"type": "Polygon", "coordinates": [[[71.76, 34.660000000000004], [71.82, 34.620000000000005], [72.0, 34.620000000000005], [72.07, 34.660000000000004], [72.12, 34.660000000000004], [72.12, 34.650000000000006], [72.13, 34.64], [72.13, 34.61], [72.14, 34.6], [72.14, 34.580000000000005], [72.15, 34.57], [72.2, 34.57], [72.21000000000001, 34.56], [72.21000000000001, 34.550000000000004], [72.19, 34.52], [72.14, 34.52], [72.13, 34.510000000000005], [72.07, 34.510000000000005], [72.06, 34.52], [72.04, 34.52], [72.03, 34.53], [72.02, 34.53], [72.01, 34.540000000000006], [71.99, 34.52], [71.99, 34.510000000000005], [71.97, 34.49], [71.97, 34.480000000000004], [71.94, 34.440000000000005], [71.93, 34.440000000000005], [71.91, 34.42], [71.86, 34.400000000000006], [71.84, 34.38], [71.82, 34.38], [71.75, 34.46], [71.7, 34.46], [71.7, 34.470000000000006], [71.64, 34.550000000000004], [71.66, 34.580000000000005], [71.66, 34.6], [71.67, 34.61], [71.67, 34.620000000000005], [71.68, 34.620000000000005], [71.69, 34.63], [71.71000000000001, 34.63], [71.76, 34.660000000000004]]]}}, {"type": "Feature", "properties": {"na": "NA-27", "src": "commons-1993", "approx": false}, "geometry": {"type": "Polygon", "coordinates": [[[71.1, 34.67], [71.11, 34.660000000000004], [71.12, 34.660000000000004], [71.14, 34.64], [71.15, 34.64], [71.17, 34.620000000000005], [71.2, 34.61], [71.22, 34.59], [71.27, 34.57], [71.29, 34.550000000000004], [71.33, 34.550000000000004], [71.36, 34.580000000000005], [71.43, 34.580000000000005], [71.45, 34.550000000000004], [71.45, 34.540000000000006], [71.5, 34.49], [71.51, 34.49], [71.54, 34.46], [71.57, 34.46], [71.58, 34.470000000000006], [71.66, 34.470000000000006], [71.67, 34.480000000000004], [71.68, 34.480000000000004], [71.7, 34.45], [71.68, 34.43], [71.67, 34.43], [71.63, 34.39], [71.62, 34.39], [71.57, 34.34], [71.56, 34.34], [71.52, 34.300000000000004], [71.52, 34.290000000000006], [71.5, 34.27], [71.49, 34.24], [71.48, 34.24], [71.4, 34.17], [71.37, 34.1], [71.36, 34.09], [71.36, 34.080000000000005], [71.37, 34.07], [71.37, 34.040000000000006], [71.38, 34.03], [71.38, 34.02], [71.36, 34.040000000000006], [71.35, 34.040000000000006], [71.28, 34.11], [71.23, 34.120000000000005], [71.21000000000001, 34.150000000000006], [71.2, 34.150000000000006], [71.19, 34.160000000000004], [71.19, 34.220000000000006], [71.13, 34.27], [71.12, 34.27], [71.16, 34.34], [71.13, 34.370000000000005], [71.12, 34.370000000000005], [71.08, 34.410000000000004], [71.07, 34.410000000000004], [71.03, 34.45], [71.02, 34.45], [71.0, 34.470000000000006], [71.0, 34.510000000000005], [70.99, 34.52], [70.99, 34.56], [71.0, 34.56], [71.01, 34.57], [71.03, 34.57], [71.08, 34.6], [71.08, 34.61], [71.09, 34.620000000000005], [71.09, 34.650000000000006], [71.1, 34.660000000000004], [71.1, 34.67]]]}}, {"type": "Feature", "properties": {"na": "NA-28", "src": "commons-1993", "approx": false}, "geometry": {"type": "Polygon", "coordinates": [[[69.91, 34.040000000000006], [70.04, 34.040000000000006], [70.05, 34.03], [70.07, 34.03], [70.08, 34.02], [70.13, 34.010000000000005], [70.14, 34.0], [70.17, 34.0], [70.18, 33.99], [70.23, 33.980000000000004], [70.24, 33.970000000000006], [70.33, 33.970000000000006], [70.34, 33.96], [70.38, 33.96], [70.38, 33.93], [70.37, 33.92], [70.37, 33.89], [70.35, 33.86], [70.35, 33.82], [70.34, 33.81], [70.34, 33.800000000000004], [70.38, 33.760000000000005], [70.39, 33.760000000000005], [70.42, 33.730000000000004], [70.43, 33.730000000000004], [70.44, 33.720000000000006], [70.44, 33.7], [70.45, 33.690000000000005], [70.45, 33.660000000000004], [70.48, 33.620000000000005], [70.48, 33.6], [70.54, 33.550000000000004], [70.61, 33.550000000000004], [70.61, 33.53], [70.6, 33.52], [70.6, 33.510000000000005], [70.61, 33.5], [70.63, 33.5], [70.64, 33.49], [70.59, 33.470000000000006], [70.58, 33.46], [70.56, 33.46], [70.49, 33.42], [70.5, 33.410000000000004], [70.5, 33.400000000000006], [70.53, 33.370000000000005], [70.53, 33.36], [70.62, 33.260000000000005], [70.51, 33.260000000000005], [70.5, 33.27], [70.48, 33.27], [70.47, 33.28], [70.46000000000001, 33.28], [70.45, 33.290000000000006], [70.4, 33.290000000000006], [70.37, 33.32], [70.35, 33.32], [70.34, 33.330000000000005], [70.31, 33.330000000000005], [70.32, 33.34], [70.32, 33.370000000000005], [70.31, 33.38], [70.31, 33.400000000000006], [70.17, 33.53], [70.17, 33.550000000000004], [70.18, 33.56], [70.18, 33.61], [70.19, 33.620000000000005], [70.19, 33.64], [70.18, 33.650000000000006], [70.18, 33.660000000000004], [70.15, 33.690000000000005], [70.15, 33.7], [70.12, 33.730000000000004], [70.07, 33.730000000000004], [70.06, 33.74], [70.0, 33.74], [69.99, 33.75], [69.99, 33.760000000000005], [69.96000000000001, 33.790000000000006], [69.96000000000001, 33.800000000000004], [69.93, 33.830000000000005], [69.93, 33.84], [69.9, 33.870000000000005], [69.9, 33.88], [69.87, 33.910000000000004], [69.86, 33.940000000000005], [69.9, 34.010000000000005], [69.91, 34.040000000000006]]]}}, {"type": "Feature", "properties": {"na": "NA-29", "src": "commons-1993", "approx": false}, "geometry": {"type": "Polygon", "coordinates": [[[71.11, 33.85], [71.14, 33.830000000000005], [71.14, 33.82], [71.2, 33.74], [71.13, 33.74], [71.12, 33.730000000000004], [71.12, 33.6], [71.11, 33.6], [71.1, 33.59], [71.08, 33.59], [71.05, 33.57], [71.03, 33.57], [71.0, 33.550000000000004], [70.99, 33.56], [70.94, 33.56], [70.93, 33.57], [70.88, 33.57], [70.87, 33.580000000000005], [70.81, 33.580000000000005], [70.8, 33.59], [70.76, 33.59], [70.75, 33.580000000000005], [70.75, 33.550000000000004], [70.74, 33.540000000000006], [70.74, 33.49], [70.66, 33.49], [70.63, 33.510000000000005], [70.61, 33.510000000000005], [70.61, 33.52], [70.62, 33.53], [70.62, 33.550000000000004], [70.61, 33.56], [70.54, 33.56], [70.51, 33.59], [70.5, 33.59], [70.49, 33.6], [70.49, 33.63], [70.5, 33.64], [70.5, 33.660000000000004], [70.51, 33.67], [70.51, 33.68], [70.54, 33.67], [70.55, 33.660000000000004], [70.57, 33.660000000000004], [70.6, 33.64], [70.62, 33.64], [70.63, 33.63], [70.82, 33.63], [70.84, 33.650000000000006], [70.84, 33.660000000000004], [70.85, 33.67], [70.86, 33.67], [70.87, 33.68], [70.89, 33.68], [70.92, 33.7], [70.93, 33.7], [70.94, 33.71], [70.94, 33.730000000000004], [70.95, 33.74], [70.95, 33.760000000000005], [71.0, 33.760000000000005], [71.01, 33.77], [71.02, 33.800000000000004], [71.04, 33.82], [71.04, 33.830000000000005], [71.05, 33.84], [71.1, 33.84], [71.11, 33.85]]]}}, {"type": "Feature", "properties": {"na": "NA-30", "src": "commons-1993", "approx": false}, "geometry": {"type": "Polygon", "coordinates": [[[70.29, 33.32], [70.34, 33.32], [70.35, 33.31], [70.37, 33.31], [70.4, 33.28], [70.45, 33.28], [70.48, 33.260000000000005], [70.5, 33.260000000000005], [70.51, 33.25], [70.59, 33.25], [70.58, 33.24], [70.57, 33.24], [70.55, 33.220000000000006], [70.52, 33.21], [70.5, 33.190000000000005], [70.5, 33.18], [70.47, 33.150000000000006], [70.47, 33.14], [70.45, 33.120000000000005], [70.45, 33.11], [70.42, 33.080000000000005], [70.41, 33.050000000000004], [70.4, 33.050000000000004], [70.35, 33.0], [70.34, 33.0], [70.31, 32.97], [70.32, 32.940000000000005], [70.31, 32.93], [70.31, 32.92], [70.29, 32.900000000000006], [70.3, 32.85], [70.29, 32.84], [70.28, 32.84], [70.26, 32.82], [70.24, 32.82], [70.2, 32.78], [70.19, 32.78], [70.17, 32.760000000000005], [70.15, 32.71], [70.14, 32.7], [70.14, 32.63], [70.15, 32.620000000000005], [70.1, 32.57], [70.02, 32.57], [70.01, 32.56], [69.99, 32.56], [69.94, 32.510000000000005], [69.81, 32.510000000000005], [69.8, 32.5], [69.68, 32.5], [69.67, 32.49], [69.54, 32.49], [69.51, 32.47], [69.49, 32.47], [69.46000000000001, 32.45], [69.43, 32.45], [69.42, 32.440000000000005], [69.39, 32.440000000000005], [69.38, 32.43], [69.36, 32.43], [69.35, 32.42], [69.32, 32.42], [69.31, 32.410000000000004], [69.26, 32.410000000000004], [69.24, 32.47], [69.26, 32.5], [69.27, 32.53], [69.28, 32.540000000000006], [69.33, 32.56], [69.35, 32.580000000000005], [69.4, 32.6], [69.42, 32.620000000000005], [69.42, 32.63], [69.45, 32.67], [69.43, 32.72], [69.39, 32.790000000000006], [69.42, 32.800000000000004], [69.44, 32.82], [69.49, 32.84], [69.53, 32.870000000000005], [69.51, 32.92], [69.49, 32.95], [69.49, 32.980000000000004], [69.5, 32.99], [69.5, 33.03], [69.53, 33.06], [69.54, 33.06], [69.58, 33.1], [69.73, 33.1], [69.78, 33.13], [69.79, 33.120000000000005], [69.81, 33.120000000000005], [69.82, 33.11], [69.84, 33.11], [69.85, 33.1], [69.89, 33.1], [69.9, 33.11], [69.92, 33.11], [69.93, 33.120000000000005], [69.98, 33.13], [69.99, 33.14], [70.01, 33.14], [70.03, 33.160000000000004], [70.05, 33.21], [70.06, 33.220000000000006], [70.14, 33.220000000000006], [70.29, 33.32]]]}}, {"type": "Feature", "properties": {"na": "NA-31", "src": "commons-1993", "approx": false}, "geometry": {"type": "Polygon", "coordinates": [[[70.15, 32.61], [70.15, 32.57], [70.11, 32.53], [70.11, 32.510000000000005], [70.1, 32.5], [70.1, 32.46], [70.08, 32.43], [70.07, 32.43], [70.05, 32.410000000000004], [70.04, 32.410000000000004], [70.02, 32.43], [69.99, 32.440000000000005], [69.89, 32.36], [69.89, 32.34], [69.91, 32.31], [69.91, 32.300000000000004], [69.9, 32.290000000000006], [69.9, 32.25], [69.91, 32.24], [69.91, 32.21], [69.9, 32.2], [69.9, 32.18], [69.92, 32.160000000000004], [69.92, 32.150000000000006], [69.91, 32.14], [69.91, 32.120000000000005], [69.92, 32.11], [69.92, 32.09], [69.94, 32.07], [70.05, 32.07], [70.06, 32.06], [70.11, 32.050000000000004], [70.11, 32.03], [70.12, 32.02], [70.17, 32.010000000000005], [70.18, 32.0], [70.18, 31.980000000000004], [70.19, 31.970000000000002], [70.19, 31.92], [70.2, 31.910000000000004], [70.2, 31.860000000000003], [70.21000000000001, 31.85], [70.21000000000001, 31.820000000000004], [70.2, 31.830000000000002], [70.18, 31.830000000000002], [70.17, 31.840000000000003], [70.15, 31.840000000000003], [70.14, 31.85], [70.11, 31.85], [70.1, 31.860000000000003], [70.05, 31.870000000000005], [70.04, 31.880000000000003], [70.02, 31.880000000000003], [70.01, 31.89], [69.98, 31.89], [69.97, 31.900000000000002], [69.85, 31.900000000000002], [69.88, 31.990000000000002], [69.85, 32.010000000000005], [69.8, 32.03], [69.84, 32.09], [69.84, 32.1], [69.83, 32.11], [69.8, 32.11], [69.79, 32.1], [69.74, 32.1], [69.73, 32.09], [69.68, 32.09], [69.55, 31.970000000000002], [69.54, 31.970000000000002], [69.52, 31.990000000000002], [69.51, 31.980000000000004], [69.42, 31.980000000000004], [69.41, 31.970000000000002], [69.32, 31.970000000000002], [69.32, 31.980000000000004], [69.31, 31.990000000000002], [69.31, 32.02], [69.3, 32.03], [69.3, 32.06], [69.29, 32.07], [69.29, 32.1], [69.28, 32.11], [69.28, 32.14], [69.27, 32.150000000000006], [69.27, 32.25], [69.28, 32.260000000000005], [69.28, 32.370000000000005], [69.27, 32.38], [69.27, 32.400000000000006], [69.31, 32.400000000000006], [69.32, 32.410000000000004], [69.35, 32.410000000000004], [69.36, 32.42], [69.38, 32.42], [69.39, 32.43], [69.42, 32.43], [69.43, 32.440000000000005], [69.46000000000001, 32.440000000000005], [69.47, 32.45], [69.48, 32.45], [69.49, 32.46], [69.51, 32.46], [69.54, 32.480000000000004], [69.67, 32.480000000000004], [69.68, 32.49], [69.8, 32.49], [69.81, 32.5], [69.94, 32.5], [69.99, 32.550000000000004], [70.01, 32.550000000000004], [70.02, 32.56], [70.1, 32.56], [70.15, 32.61]]]}}, {"type": "Feature", "properties": {"na": "NA-32", "src": "commons-1993", "approx": false}, "geometry": {"type": "Polygon", "coordinates": [[[71.48, 34.980000000000004], [71.5, 34.980000000000004], [71.5, 34.970000000000006], [71.52, 34.95], [71.52, 34.940000000000005], [71.55, 34.910000000000004], [71.55, 34.900000000000006], [71.57, 34.88], [71.57, 34.870000000000005], [71.61, 34.82], [71.64, 34.82], [71.65, 34.81], [71.68, 34.81], [71.69, 34.800000000000004], [71.71000000000001, 34.800000000000004], [71.72, 34.790000000000006], [71.75, 34.790000000000006], [71.75, 34.660000000000004], [71.72, 34.650000000000006], [71.71000000000001, 34.64], [71.69, 34.64], [71.68, 34.63], [71.67, 34.63], [71.65, 34.6], [71.65, 34.580000000000005], [71.63, 34.550000000000004], [71.67, 34.5], [71.67, 34.49], [71.66, 34.480000000000004], [71.58, 34.480000000000004], [71.57, 34.470000000000006], [71.54, 34.470000000000006], [71.46000000000001, 34.540000000000006], [71.45, 34.57], [71.43, 34.59], [71.36, 34.59], [71.33, 34.56], [71.29, 34.56], [71.27, 34.580000000000005], [71.22, 34.6], [71.2, 34.620000000000005], [71.17, 34.63], [71.15, 34.650000000000006], [71.14, 34.650000000000006], [71.12, 34.67], [71.11, 34.67], [71.1, 34.68], [71.11, 34.71], [71.16, 34.730000000000004], [71.21000000000001, 34.77], [71.22, 34.77], [71.24, 34.790000000000006], [71.25, 34.790000000000006], [71.27, 34.81], [71.3, 34.88], [71.31, 34.88], [71.32, 34.89], [71.33, 34.89], [71.35, 34.910000000000004], [71.36, 34.910000000000004], [71.41, 34.940000000000005], [71.44, 34.95], [71.48, 34.980000000000004]]]}}, {"type": "Feature", "properties": {"na": "NA-33", "src": "commons-1993", "approx": false}, "geometry": {"type": "Polygon", "coordinates": [[[71.12, 34.260000000000005], [71.13, 34.260000000000005], [71.16, 34.230000000000004], [71.17, 34.230000000000004], [71.18, 34.220000000000006], [71.18, 34.160000000000004], [71.2, 34.14], [71.21000000000001, 34.14], [71.21000000000001, 34.13], [71.23, 34.11], [71.28, 34.1], [71.35, 34.03], [71.36, 34.03], [71.39, 34.0], [71.39, 33.970000000000006], [71.4, 33.96], [71.4, 33.940000000000005], [71.41, 33.93], [71.41, 33.900000000000006], [71.42, 33.89], [71.42, 33.88], [71.5, 33.81], [71.5, 33.790000000000006], [71.49, 33.78], [71.49, 33.77], [71.36, 33.77], [71.35, 33.760000000000005], [71.36, 33.75], [71.36, 33.730000000000004], [71.38, 33.7], [71.38, 33.68], [71.39, 33.67], [71.39, 33.660000000000004], [71.38, 33.660000000000004], [71.33, 33.63], [71.21000000000001, 33.730000000000004], [71.21000000000001, 33.74], [71.19, 33.760000000000005], [71.19, 33.77], [71.17, 33.790000000000006], [71.17, 33.800000000000004], [71.15, 33.82], [71.15, 33.830000000000005], [71.11, 33.86], [71.1, 33.85], [71.05, 33.85], [71.01, 33.800000000000004], [71.0, 33.77], [70.95, 33.77], [70.94, 33.760000000000005], [70.93, 33.71], [70.92, 33.71], [70.89, 33.690000000000005], [70.87, 33.690000000000005], [70.86, 33.68], [70.85, 33.68], [70.82, 33.64], [70.63, 33.64], [70.62, 33.650000000000006], [70.6, 33.650000000000006], [70.57, 33.67], [70.55, 33.67], [70.54, 33.68], [70.51, 33.690000000000005], [70.49, 33.660000000000004], [70.49, 33.64], [70.48, 33.63], [70.48, 33.64], [70.46000000000001, 33.660000000000004], [70.46000000000001, 33.690000000000005], [70.45, 33.7], [70.45, 33.720000000000006], [70.39, 33.77], [70.38, 33.77], [70.35, 33.800000000000004], [70.35, 33.81], [70.36, 33.82], [70.36, 33.86], [70.38, 33.89], [70.38, 33.92], [70.39, 33.93], [70.39, 33.96], [70.78, 33.96], [70.79, 33.970000000000006], [70.81, 33.970000000000006], [70.84, 33.99], [70.89, 34.0], [70.9, 34.010000000000005], [70.92, 34.010000000000005], [70.93, 34.02], [70.95, 34.02], [70.96000000000001, 34.03], [70.98, 34.03], [70.99, 34.040000000000006], [71.0, 34.040000000000006], [71.01, 34.050000000000004], [71.03, 34.050000000000004], [71.04, 34.06], [71.06, 34.06], [71.08, 34.080000000000005], [71.1, 34.13], [71.12, 34.160000000000004], [71.12, 34.260000000000005]]]}}, {"type": "Feature", "properties": {"na": "NA-34", "src": "commons-1993", "approx": false}, "geometry": {"type": "MultiPolygon", "coordinates": [[[[70.4, 33.040000000000006], [70.4, 33.02], [70.39, 33.010000000000005], [70.39, 32.99], [70.38, 32.980000000000004], [70.38, 32.96], [70.37, 32.95], [70.37, 32.93], [70.36, 32.92], [70.36, 32.900000000000006], [70.35, 32.89], [70.34, 32.84], [70.33, 32.830000000000005], [70.33, 32.81], [70.32, 32.800000000000004], [70.32, 32.790000000000006], [70.28, 32.75], [70.29, 32.74], [70.31, 32.74], [70.32, 32.75], [70.34, 32.75], [70.35, 32.760000000000005], [70.37, 32.760000000000005], [70.38, 32.77], [70.38, 32.75], [70.37, 32.74], [70.37, 32.71], [70.36, 32.7], [70.35, 32.7], [70.31, 32.660000000000004], [70.3, 32.660000000000004], [70.28, 32.64], [70.21000000000001, 32.64], [70.16, 32.59], [70.16, 32.620000000000005], [70.15, 32.63], [70.15, 32.7], [70.18, 32.75], [70.18, 32.760000000000005], [70.19, 32.77], [70.2, 32.77], [70.24, 32.81], [70.26, 32.81], [70.31, 32.85], [70.3, 32.900000000000006], [70.33, 32.940000000000005], [70.32, 32.97], [70.34, 32.99], [70.35, 32.99], [70.4, 33.040000000000006]]], [[[69.99, 32.43], [70.02, 32.42], [70.04, 32.400000000000006], [70.05, 32.400000000000006], [70.07, 32.42], [70.08, 32.42], [70.09, 32.43], [70.09, 32.410000000000004], [70.08, 32.400000000000006], [70.08, 32.370000000000005], [70.07, 32.36], [70.07, 32.32], [70.06, 32.31], [70.06, 32.27], [70.05, 32.260000000000005], [70.05, 32.24], [70.08, 32.22], [70.08, 32.190000000000005], [70.09, 32.18], [70.09, 32.13], [70.1, 32.120000000000005], [70.1, 32.07], [70.11, 32.06], [70.06, 32.07], [70.05, 32.080000000000005], [69.94, 32.080000000000005], [69.93, 32.09], [69.93, 32.11], [69.92, 32.120000000000005], [69.92, 32.14], [69.93, 32.150000000000006], [69.93, 32.160000000000004], [69.91, 32.18], [69.91, 32.2], [69.92, 32.21], [69.92, 32.24], [69.91, 32.25], [69.91, 32.290000000000006], [69.92, 32.300000000000004], [69.92, 32.31], [69.9, 32.34], [69.9, 32.36], [69.91, 32.370000000000005], [69.92, 32.370000000000005], [69.96000000000001, 32.410000000000004], [69.97, 32.410000000000004], [69.99, 32.43]]]]}}, {"type": "Feature", "properties": {"na": "NA-35", "src": "commons-1993", "approx": false}, "geometry": {"type": "Polygon", "coordinates": [[[73.12, 33.800000000000004], [73.18, 33.800000000000004], [73.19, 33.790000000000006], [73.22, 33.790000000000006], [73.23, 33.78], [73.25, 33.78], [73.27, 33.760000000000005], [73.28, 33.760000000000005], [73.32, 33.720000000000006], [73.33, 33.720000000000006], [73.34, 33.71], [73.34, 33.7], [73.32, 33.67], [73.29, 33.6], [73.19, 33.510000000000005], [73.19, 33.52], [73.17, 33.540000000000006], [73.17, 33.550000000000004], [73.15, 33.57], [73.14, 33.6], [73.08, 33.68], [73.01, 33.64], [73.0, 33.64], [72.98, 33.620000000000005], [72.91, 33.59], [72.9, 33.6], [72.9, 33.61], [72.87, 33.64], [72.87, 33.650000000000006], [72.84, 33.68], [72.84, 33.690000000000005], [72.82, 33.71], [72.86, 33.71], [72.87, 33.720000000000006], [72.91, 33.720000000000006], [72.94, 33.74], [72.96000000000001, 33.74], [72.97, 33.75], [72.99, 33.75], [73.0, 33.760000000000005], [73.02, 33.760000000000005], [73.03, 33.77], [73.08, 33.78], [73.09, 33.790000000000006], [73.11, 33.790000000000006], [73.12, 33.800000000000004]]]}}, {"type": "Feature", "properties": {"na": "NA-36", "src": "commons-1993", "approx": false}, "geometry": {"type": "Polygon", "coordinates": [[[73.2, 33.46], [73.21000000000001, 33.49], [73.23, 33.510000000000005], [73.24, 33.540000000000006], [73.3, 33.6], [73.32, 33.650000000000006], [73.35, 33.7], [73.35, 33.71], [73.32, 33.74], [73.31, 33.74], [73.27, 33.78], [73.24, 33.790000000000006], [73.24, 33.800000000000004], [73.23, 33.81], [73.22, 33.81], [73.21000000000001, 33.82], [73.22, 33.82], [73.23, 33.830000000000005], [73.26, 33.830000000000005], [73.27, 33.84], [73.29, 33.84], [73.32, 33.870000000000005], [73.32, 33.88], [73.35, 33.910000000000004], [73.35, 33.92], [73.4, 33.980000000000004], [73.45, 33.99], [73.48, 34.010000000000005], [73.5, 34.010000000000005], [73.51, 34.02], [73.57, 33.910000000000004], [73.57, 33.800000000000004], [73.58, 33.790000000000006], [73.58, 33.730000000000004], [73.59, 33.720000000000006], [73.59, 33.690000000000005], [73.57, 33.660000000000004], [73.56, 33.63], [73.62, 33.57], [73.62, 33.470000000000006], [73.59, 33.45], [73.57, 33.400000000000006], [73.52, 33.440000000000005], [73.47, 33.440000000000005], [73.46000000000001, 33.43], [73.42, 33.43], [73.41, 33.42], [73.4, 33.43], [73.39, 33.43], [73.37, 33.45], [73.36, 33.45], [73.34, 33.470000000000006], [73.27, 33.470000000000006], [73.26, 33.46], [73.2, 33.46]]]}}, {"type": "Feature", "properties": {"na": "NA-37", "src": "commons-1993", "approx": false}, "geometry": {"type": "Polygon", "coordinates": [[[73.11, 33.480000000000004], [73.18, 33.440000000000005], [73.25, 33.440000000000005], [73.26, 33.45], [73.32, 33.45], [73.33, 33.46], [73.35, 33.440000000000005], [73.36, 33.440000000000005], [73.38, 33.42], [73.39, 33.42], [73.4, 33.410000000000004], [73.45, 33.410000000000004], [73.46000000000001, 33.42], [73.51, 33.42], [73.52, 33.43], [73.55, 33.39], [73.58, 33.39], [73.57, 33.38], [73.57, 33.370000000000005], [73.59, 33.34], [73.59, 33.32], [73.61, 33.290000000000006], [73.61, 33.28], [73.58, 33.260000000000005], [73.57, 33.260000000000005], [73.55, 33.24], [73.54, 33.24], [73.53, 33.25], [73.43, 33.25], [73.42, 33.260000000000005], [73.4, 33.260000000000005], [73.38, 33.24], [73.38, 33.230000000000004], [73.41, 33.2], [73.4, 33.190000000000005], [73.39, 33.190000000000005], [73.36, 33.21], [73.35, 33.21], [73.34, 33.2], [73.35, 33.17], [73.36, 33.160000000000004], [73.36, 33.14], [73.34, 33.120000000000005], [73.28, 33.120000000000005], [73.27, 33.11], [73.21000000000001, 33.11], [73.2, 33.1], [73.19, 33.11], [73.07, 33.11], [73.02, 33.07], [72.92, 33.17], [72.92, 33.18], [72.91, 33.190000000000005], [72.92, 33.2], [72.92, 33.220000000000006], [72.93, 33.230000000000004], [72.93, 33.24], [72.99, 33.290000000000006], [72.99, 33.300000000000004], [73.0, 33.31], [73.0, 33.330000000000005], [73.03, 33.330000000000005], [73.04, 33.34], [73.06, 33.34], [73.11, 33.39], [73.12, 33.42], [73.09, 33.45], [73.11, 33.480000000000004]]]}}, {"type": "Feature", "properties": {"na": "NA-38", "src": "commons-1993-inset", "approx": false}, "geometry": {"type": "MultiPolygon", "coordinates": [[[[73.4, 33.25], [73.42, 33.25], [73.43, 33.24], [73.44, 33.24], [73.42, 33.220000000000006], [73.42, 33.21], [73.41, 33.21], [73.39, 33.230000000000004], [73.39, 33.24], [73.4, 33.25]]], [[[73.35, 33.2], [73.36, 33.2], [73.39, 33.18], [73.37, 33.160000000000004], [73.36, 33.17], [73.35, 33.2]]], [[[72.92, 33.580000000000005], [72.97, 33.61], [72.98, 33.61], [73.0, 33.63], [73.01, 33.63], [73.08, 33.67], [73.19, 33.5], [73.23, 33.540000000000006], [73.23, 33.53], [73.2, 33.49], [73.2, 33.480000000000004], [73.18, 33.45], [73.11, 33.49], [73.1, 33.480000000000004], [73.09, 33.49], [73.06, 33.5], [73.06, 33.510000000000005], [73.07, 33.52], [72.98, 33.6], [72.96000000000001, 33.580000000000005], [72.92, 33.580000000000005]]], [[[73.18, 33.81], [73.19, 33.81], [73.2, 33.82], [73.22, 33.800000000000004], [73.19, 33.800000000000004], [73.18, 33.81]]], [[[73.22, 33.800000000000004], [73.23, 33.800000000000004], [73.23, 33.790000000000006], [73.22, 33.800000000000004]]], [[[72.71000000000001, 33.730000000000004], [72.79, 33.730000000000004], [72.8, 33.720000000000006], [72.82, 33.720000000000006], [72.81, 33.71], [72.91, 33.580000000000005], [72.9, 33.57], [72.91, 33.56], [72.89, 33.53], [72.89, 33.52], [72.88, 33.52], [72.83, 33.57], [72.82, 33.57], [72.77, 33.620000000000005], [72.76, 33.620000000000005], [72.74, 33.64], [72.71000000000001, 33.730000000000004]]], [[[72.91, 33.56], [72.92, 33.56], [72.92, 33.550000000000004], [72.91, 33.56]]]]}}, {"type": "Feature", "properties": {"na": "NA-39", "src": "commons-1993", "approx": false}, "geometry": {"type": "Polygon", "coordinates": [[[72.74, 33.870000000000005], [72.81, 33.830000000000005], [72.87, 33.830000000000005], [72.86, 33.82], [72.86, 33.81], [72.88, 33.78], [72.88, 33.760000000000005], [72.91, 33.730000000000004], [72.87, 33.730000000000004], [72.86, 33.720000000000006], [72.85, 33.720000000000006], [72.84, 33.730000000000004], [72.8, 33.730000000000004], [72.79, 33.74], [72.7, 33.74], [72.7, 33.760000000000005], [72.69, 33.77], [72.69, 33.790000000000006], [72.68, 33.800000000000004], [72.68, 33.81], [72.74, 33.870000000000005]]]}}, {"type": "Feature", "properties": {"na": "NA-40", "src": "commons-1993", "approx": false}, "geometry": {"type": "Polygon", "coordinates": [[[72.92, 33.57], [72.96000000000001, 33.57], [72.98, 33.59], [73.02, 33.550000000000004], [73.03, 33.550000000000004], [73.06, 33.52], [73.05, 33.510000000000005], [73.05, 33.5], [73.08, 33.480000000000004], [73.09, 33.480000000000004], [73.09, 33.470000000000006], [73.08, 33.46], [73.08, 33.440000000000005], [73.11, 33.410000000000004], [73.06, 33.36], [73.01, 33.36], [72.99, 33.34], [72.99, 33.31], [72.98, 33.300000000000004], [72.98, 33.290000000000006], [72.96000000000001, 33.27], [72.95, 33.27], [72.92, 33.24], [72.92, 33.230000000000004], [72.91, 33.220000000000006], [72.91, 33.2], [72.9, 33.190000000000005], [72.91, 33.18], [72.91, 33.17], [72.82, 33.17], [72.81, 33.160000000000004], [72.77, 33.190000000000005], [72.74, 33.2], [72.72, 33.220000000000006], [72.68, 33.220000000000006], [72.67, 33.21], [72.64, 33.21], [72.63, 33.2], [72.67, 33.300000000000004], [72.71000000000001, 33.35], [72.72, 33.38], [72.74, 33.400000000000006], [72.74, 33.410000000000004], [72.76, 33.43], [72.76, 33.440000000000005], [72.77, 33.45], [72.78, 33.45], [72.8, 33.43], [72.83, 33.45], [72.83, 33.46], [72.84, 33.46], [72.85, 33.470000000000006], [72.91, 33.470000000000006], [72.92, 33.480000000000004], [72.92, 33.49], [72.9, 33.52], [72.91, 33.550000000000004], [72.92, 33.540000000000006], [72.93, 33.550000000000004], [72.93, 33.56], [72.92, 33.57]]]}}, {"type": "Feature", "properties": {"na": "NA-41", "src": "commons-1993", "approx": false}, "geometry": {"type": "Polygon", "coordinates": [[[72.47, 34.0], [72.53, 34.0], [72.57, 33.970000000000006], [72.58, 33.970000000000006], [72.61, 33.940000000000005], [72.61, 33.92], [72.62, 33.910000000000004], [72.62, 33.88], [72.64, 33.85], [72.7, 33.900000000000006], [72.71000000000001, 33.900000000000006], [72.74, 33.93], [72.77, 33.940000000000005], [72.79, 33.89], [72.8, 33.88], [72.82, 33.88], [72.82, 33.86], [72.81, 33.85], [72.81, 33.84], [72.74, 33.88], [72.67, 33.81], [72.67, 33.800000000000004], [72.68, 33.790000000000006], [72.69, 33.74], [72.71000000000001, 33.71], [72.71000000000001, 33.690000000000005], [72.72, 33.68], [72.72, 33.660000000000004], [72.73, 33.650000000000006], [72.73, 33.64], [72.91, 33.49], [72.88, 33.49], [72.87, 33.480000000000004], [72.85, 33.480000000000004], [72.84, 33.470000000000006], [72.81, 33.470000000000006], [72.8, 33.46], [72.77, 33.46], [72.75, 33.440000000000005], [72.75, 33.43], [72.72, 33.39], [72.68, 33.39], [72.66, 33.42], [72.63, 33.42], [72.6, 33.400000000000006], [72.56, 33.400000000000006], [72.55, 33.410000000000004], [72.54, 33.410000000000004], [72.54, 33.43], [72.51, 33.46], [72.5, 33.46], [72.49, 33.470000000000006], [72.49, 33.510000000000005], [72.44, 33.56], [72.43, 33.56], [72.42, 33.550000000000004], [72.36, 33.550000000000004], [72.35, 33.56], [72.34, 33.56], [72.33, 33.550000000000004], [72.3, 33.550000000000004], [72.29, 33.540000000000006], [72.26, 33.540000000000006], [72.25, 33.53], [72.21000000000001, 33.53], [72.2, 33.540000000000006], [72.19, 33.540000000000006], [72.16, 33.580000000000005], [72.15, 33.57], [72.12, 33.57], [72.11, 33.56], [72.07, 33.56], [72.04, 33.580000000000005], [71.98, 33.580000000000005], [71.98, 33.6], [71.99, 33.61], [71.99, 33.650000000000006], [72.0, 33.660000000000004], [72.0, 33.690000000000005], [72.01, 33.7], [72.01, 33.720000000000006], [72.02, 33.730000000000004], [72.03, 33.730000000000004], [72.07, 33.77], [72.08, 33.77], [72.09, 33.78], [72.23, 33.78], [72.24, 33.790000000000006], [72.24, 33.900000000000006], [72.25, 33.900000000000006], [72.26, 33.910000000000004], [72.28, 33.910000000000004], [72.35, 33.95], [72.37, 33.95], [72.44, 33.99], [72.46000000000001, 33.99], [72.47, 34.0]]]}}, {"type": "Feature", "properties": {"na": "NA-42", "src": "commons-1993", "approx": false}, "geometry": {"type": "Polygon", "coordinates": [[[71.98, 33.57], [72.04, 33.57], [72.07, 33.550000000000004], [72.11, 33.550000000000004], [72.12, 33.56], [72.15, 33.56], [72.16, 33.57], [72.16, 33.56], [72.19, 33.53], [72.2, 33.53], [72.21000000000001, 33.52], [72.25, 33.52], [72.26, 33.53], [72.29, 33.53], [72.3, 33.540000000000006], [72.33, 33.540000000000006], [72.34, 33.550000000000004], [72.35, 33.550000000000004], [72.36, 33.540000000000006], [72.42, 33.540000000000006], [72.43, 33.550000000000004], [72.44, 33.550000000000004], [72.48, 33.510000000000005], [72.48, 33.470000000000006], [72.53, 33.43], [72.53, 33.410000000000004], [72.54, 33.400000000000006], [72.55, 33.400000000000006], [72.56, 33.39], [72.6, 33.39], [72.63, 33.410000000000004], [72.66, 33.410000000000004], [72.66, 33.400000000000006], [72.68, 33.38], [72.71000000000001, 33.38], [72.71000000000001, 33.370000000000005], [72.68, 33.330000000000005], [72.68, 33.32], [72.66, 33.300000000000004], [72.65, 33.27], [72.64, 33.260000000000005], [72.64, 33.24], [72.62, 33.21], [72.59, 33.21], [72.58, 33.220000000000006], [72.54, 33.220000000000006], [72.53, 33.230000000000004], [72.46000000000001, 33.150000000000006], [72.28, 33.150000000000006], [72.27, 33.14], [72.09, 33.14], [72.08, 33.13], [72.05, 33.13], [72.04, 33.120000000000005], [72.0, 33.120000000000005], [71.99, 33.11], [71.96000000000001, 33.11], [71.93, 33.09], [71.92, 33.09], [71.9, 33.07], [71.85, 33.050000000000004], [71.83, 33.03], [71.82, 33.03], [71.81, 33.02], [71.79, 33.02], [71.78, 33.03], [71.77, 33.03], [71.75, 33.050000000000004], [71.72, 33.06], [71.72, 33.07], [71.74, 33.1], [71.74, 33.120000000000005], [71.75, 33.13], [71.75, 33.150000000000006], [71.77, 33.18], [71.75, 33.230000000000004], [71.73, 33.25], [71.73, 33.260000000000005], [71.71000000000001, 33.290000000000006], [71.71000000000001, 33.300000000000004], [71.72, 33.31], [71.72, 33.330000000000005], [71.73, 33.34], [71.74, 33.370000000000005], [71.75, 33.370000000000005], [71.76, 33.38], [71.78, 33.38], [71.81, 33.400000000000006], [71.83, 33.400000000000006], [71.97, 33.540000000000006], [71.97, 33.56], [71.98, 33.57]]]}}, {"type": "Feature", "properties": {"na": "NA-43", "src": "commons-1993", "approx": false}, "geometry": {"type": "Polygon", "coordinates": [[[72.53, 33.220000000000006], [72.54, 33.21], [72.58, 33.21], [72.59, 33.2], [72.62, 33.2], [72.63, 33.190000000000005], [72.64, 33.2], [72.67, 33.2], [72.68, 33.21], [72.72, 33.21], [72.74, 33.190000000000005], [72.77, 33.18], [72.81, 33.150000000000006], [72.82, 33.160000000000004], [72.92, 33.160000000000004], [73.02, 33.06], [73.07, 33.1], [73.19, 33.1], [73.19, 33.050000000000004], [73.2, 33.040000000000006], [73.2, 32.99], [73.19, 32.980000000000004], [73.16, 32.910000000000004], [73.14, 32.89], [73.12, 32.84], [73.11, 32.830000000000005], [73.12, 32.82], [73.21000000000001, 32.82], [73.23, 32.760000000000005], [73.2, 32.760000000000005], [73.19, 32.75], [73.15, 32.75], [73.13, 32.730000000000004], [73.12, 32.730000000000004], [73.1, 32.71], [73.09, 32.71], [73.05, 32.68], [72.99, 32.68], [72.98, 32.67], [72.92, 32.67], [72.91, 32.660000000000004], [72.84, 32.660000000000004], [72.82, 32.68], [72.81, 32.68], [72.79, 32.7], [72.78, 32.7], [72.77, 32.71], [72.74, 32.660000000000004], [72.73, 32.63], [72.68, 32.620000000000005], [72.67, 32.61], [72.65, 32.61], [72.64, 32.620000000000005], [72.63, 32.620000000000005], [72.59, 32.660000000000004], [72.58, 32.660000000000004], [72.56, 32.68], [72.47, 32.68], [72.46000000000001, 32.690000000000005], [72.45, 32.690000000000005], [72.46000000000001, 32.74], [72.43, 32.78], [72.43, 32.85], [72.44, 32.85], [72.46000000000001, 32.870000000000005], [72.47, 32.870000000000005], [72.49, 32.89], [72.5, 32.89], [72.52, 32.910000000000004], [72.52, 32.96], [72.51, 32.97], [72.51, 32.980000000000004], [72.49, 33.0], [72.48, 33.0], [72.48, 33.010000000000005], [72.49, 33.02], [72.49, 33.040000000000006], [72.48, 33.050000000000004], [72.47, 33.050000000000004], [72.45, 33.080000000000005], [72.45, 33.13], [72.44, 33.14], [72.46000000000001, 33.14], [72.53, 33.220000000000006]]]}}, {"type": "Feature", "properties": {"na": "NA-44", "src": "commons-1993", "approx": false}, "geometry": {"type": "Polygon", "coordinates": [[[72.28, 33.14], [72.43, 33.14], [72.44, 33.13], [72.44, 33.080000000000005], [72.47, 33.040000000000006], [72.48, 33.040000000000006], [72.48, 33.02], [72.47, 33.010000000000005], [72.47, 33.0], [72.5, 32.980000000000004], [72.5, 32.97], [72.51, 32.96], [72.51, 32.910000000000004], [72.42, 32.85], [72.42, 32.78], [72.45, 32.74], [72.44, 32.690000000000005], [72.45, 32.68], [72.46000000000001, 32.68], [72.46000000000001, 32.67], [72.41, 32.63], [72.34, 32.71], [72.17, 32.71], [72.16, 32.72], [72.14, 32.7], [72.12, 32.650000000000006], [72.11, 32.64], [72.1, 32.64], [72.09, 32.63], [72.07, 32.63], [72.02, 32.6], [72.0, 32.6], [71.99, 32.59], [71.98, 32.59], [71.96000000000001, 32.57], [71.96000000000001, 32.56], [71.95, 32.56], [71.93, 32.61], [71.9, 32.660000000000004], [71.9, 32.760000000000005], [71.91, 32.760000000000005], [71.93, 32.78], [71.94, 32.78], [71.98, 32.81], [71.92, 32.86], [71.92, 32.870000000000005], [71.91, 32.88], [71.91, 32.900000000000006], [71.9, 32.910000000000004], [71.9, 32.940000000000005], [71.89, 32.95], [71.89, 32.97], [71.88, 32.980000000000004], [71.88, 32.99], [71.87, 33.0], [71.84, 33.0], [71.83, 33.010000000000005], [71.81, 33.010000000000005], [71.82, 33.02], [71.83, 33.02], [71.85, 33.040000000000006], [71.9, 33.06], [71.92, 33.080000000000005], [71.93, 33.080000000000005], [71.96000000000001, 33.1], [71.99, 33.1], [72.0, 33.11], [72.04, 33.11], [72.05, 33.120000000000005], [72.08, 33.120000000000005], [72.09, 33.13], [72.27, 33.13], [72.28, 33.14]]]}}, {"type": "Feature", "properties": {"na": "NA-45", "src": "commons-1993", "approx": false}, "geometry": {"type": "Polygon", "coordinates": [[[73.6, 33.25], [73.63, 33.25], [73.66, 33.220000000000006], [73.62, 33.1], [73.67, 33.07], [73.68, 33.07], [73.77, 33.02], [73.8, 33.010000000000005], [73.63, 32.85], [73.6, 32.85], [73.59, 32.86], [73.59, 32.88], [73.57, 32.910000000000004], [73.53, 32.910000000000004], [73.52, 32.92], [73.49, 32.92], [73.48, 32.93], [73.47, 32.93], [73.43, 32.900000000000006], [73.43, 32.88], [73.38, 32.82], [73.36, 32.82], [73.36, 32.84], [73.31, 32.870000000000005], [73.3, 32.870000000000005], [73.27, 32.830000000000005], [73.28, 32.800000000000004], [73.23, 32.800000000000004], [73.21000000000001, 32.830000000000005], [73.12, 32.830000000000005], [73.15, 32.88], [73.15, 32.89], [73.17, 32.910000000000004], [73.19, 32.96], [73.21000000000001, 32.99], [73.21000000000001, 33.040000000000006], [73.2, 33.050000000000004], [73.2, 33.09], [73.21000000000001, 33.1], [73.27, 33.1], [73.28, 33.11], [73.34, 33.11], [73.38, 33.150000000000006], [73.38, 33.160000000000004], [73.43, 33.21], [73.43, 33.220000000000006], [73.45, 33.24], [73.48, 33.24], [73.49, 33.230000000000004], [73.52, 33.230000000000004], [73.53, 33.220000000000006], [73.54, 33.230000000000004], [73.56, 33.230000000000004], [73.57, 33.24], [73.59, 33.24], [73.6, 33.25]]]}}, {"type": "Feature", "properties": {"na": "NA-46", "src": "commons-1993", "approx": false}, "geometry": {"type": "Polygon", "coordinates": [[[73.47, 32.92], [73.48, 32.92], [73.49, 32.910000000000004], [73.52, 32.910000000000004], [73.53, 32.900000000000006], [73.57, 32.900000000000006], [73.57, 32.89], [73.58, 32.88], [73.58, 32.86], [73.6, 32.84], [73.63, 32.84], [73.61, 32.81], [73.61, 32.790000000000006], [73.6, 32.78], [73.6, 32.77], [73.56, 32.730000000000004], [73.55, 32.730000000000004], [73.51, 32.690000000000005], [73.5, 32.690000000000005], [73.48, 32.67], [73.46000000000001, 32.67], [73.45, 32.660000000000004], [73.42, 32.660000000000004], [73.41, 32.650000000000006], [73.39, 32.650000000000006], [73.38, 32.64], [73.36, 32.64], [73.35, 32.63], [73.32, 32.63], [73.31, 32.620000000000005], [73.29, 32.620000000000005], [73.28, 32.61], [73.26, 32.61], [73.25, 32.6], [73.22, 32.6], [73.21000000000001, 32.59], [73.08, 32.59], [73.07, 32.580000000000005], [73.05, 32.580000000000005], [73.04, 32.57], [73.02, 32.57], [73.01, 32.56], [72.99, 32.56], [72.98, 32.550000000000004], [72.93, 32.540000000000006], [72.92, 32.53], [72.87, 32.52], [72.83, 32.47], [72.79, 32.47], [72.78, 32.46], [72.75, 32.46], [72.74, 32.45], [72.7, 32.45], [72.69, 32.440000000000005], [72.66, 32.440000000000005], [72.66, 32.6], [72.67, 32.6], [72.68, 32.61], [72.7, 32.61], [72.71000000000001, 32.620000000000005], [72.73, 32.620000000000005], [72.76, 32.67], [72.77, 32.7], [72.78, 32.690000000000005], [72.79, 32.690000000000005], [72.81, 32.67], [72.82, 32.67], [72.84, 32.650000000000006], [72.91, 32.650000000000006], [72.92, 32.660000000000004], [72.98, 32.660000000000004], [72.99, 32.67], [73.05, 32.67], [73.09, 32.7], [73.1, 32.7], [73.12, 32.72], [73.13, 32.72], [73.15, 32.74], [73.19, 32.74], [73.2, 32.75], [73.23, 32.75], [73.24, 32.760000000000005], [73.23, 32.790000000000006], [73.28, 32.790000000000006], [73.29, 32.800000000000004], [73.28, 32.830000000000005], [73.3, 32.86], [73.35, 32.84], [73.35, 32.82], [73.36, 32.81], [73.38, 32.81], [73.44, 32.88], [73.44, 32.900000000000006], [73.47, 32.92]]]}}, {"type": "Feature", "properties": {"na": "NA-47", "src": "commons-1993", "approx": false}, "geometry": {"type": "Polygon", "coordinates": [[[73.08, 32.580000000000005], [73.19, 32.580000000000005], [73.18, 32.550000000000004], [73.16, 32.52], [73.16, 32.5], [73.14, 32.47], [73.14, 32.46], [73.08, 32.46], [73.07, 32.45], [73.08, 32.440000000000005], [73.08, 32.42], [73.1, 32.39], [73.11, 32.34], [73.12, 32.330000000000005], [73.12, 32.31], [73.14, 32.28], [73.14, 32.260000000000005], [73.15, 32.25], [73.13, 32.25], [73.12, 32.24], [73.09, 32.230000000000004], [73.07, 32.2], [73.07, 32.190000000000005], [73.02, 32.14], [73.0, 32.14], [72.99, 32.13], [72.96000000000001, 32.13], [72.91, 32.190000000000005], [72.9, 32.190000000000005], [72.87, 32.160000000000004], [72.86, 32.160000000000004], [72.86, 32.190000000000005], [72.85, 32.2], [72.85, 32.22], [72.82, 32.25], [72.8, 32.25], [72.79, 32.24], [72.78, 32.27], [72.77, 32.28], [72.75, 32.28], [72.72, 32.300000000000004], [72.7, 32.300000000000004], [72.73, 32.34], [72.73, 32.35], [72.74, 32.36], [72.74, 32.38], [72.76, 32.38], [72.77, 32.39], [72.77, 32.410000000000004], [72.78, 32.42], [72.78, 32.45], [72.79, 32.46], [72.83, 32.46], [72.86, 32.49], [72.86, 32.5], [72.87, 32.510000000000005], [72.89, 32.510000000000005], [72.9, 32.52], [72.95, 32.53], [72.96000000000001, 32.540000000000006], [73.01, 32.550000000000004], [73.02, 32.56], [73.04, 32.56], [73.05, 32.57], [73.07, 32.57], [73.08, 32.580000000000005]]]}}, {"type": "Feature", "properties": {"na": "NA-48", "src": "commons-1993", "approx": false}, "geometry": {"type": "Polygon", "coordinates": [[[73.21000000000001, 32.27], [73.22, 32.260000000000005], [73.22, 32.25], [73.24, 32.230000000000004], [73.25, 32.2], [73.27, 32.18], [73.27, 32.17], [73.29, 32.150000000000006], [73.29, 32.14], [73.3, 32.13], [73.22, 32.03], [73.21000000000001, 32.0], [73.16, 31.910000000000004], [73.16, 31.900000000000002], [73.13, 31.92], [73.11, 31.92], [73.08, 31.940000000000005], [73.06, 31.940000000000005], [73.03, 31.96], [73.01, 31.96], [73.0, 31.970000000000002], [72.99, 31.970000000000002], [72.95, 31.930000000000003], [72.94, 31.930000000000003], [72.93, 31.92], [72.9, 31.92], [72.89, 31.910000000000004], [72.9, 31.900000000000002], [72.88, 31.900000000000002], [72.87, 31.89], [72.87, 31.910000000000004], [72.86, 31.92], [72.86, 31.930000000000003], [72.82, 31.96], [72.79, 31.970000000000002], [72.81, 32.0], [72.82, 32.03], [72.84, 32.03], [72.85, 32.040000000000006], [72.86, 32.09], [72.87, 32.1], [72.87, 32.13], [72.86, 32.14], [72.86, 32.150000000000006], [72.87, 32.150000000000006], [72.9, 32.18], [72.91, 32.18], [72.93, 32.160000000000004], [72.93, 32.150000000000006], [72.96000000000001, 32.120000000000005], [72.99, 32.120000000000005], [73.0, 32.13], [73.02, 32.13], [73.08, 32.190000000000005], [73.09, 32.22], [73.12, 32.230000000000004], [73.13, 32.24], [73.16, 32.24], [73.21000000000001, 32.27]]]}}, {"type": "Feature", "properties": {"na": "NA-49", "src": "commons-1993", "approx": false}, "geometry": {"type": "Polygon", "coordinates": [[[72.47, 32.13], [72.5, 32.13], [72.5, 32.1], [72.51, 32.09], [72.51, 32.07], [72.55, 32.040000000000006], [72.56, 32.040000000000006], [72.56, 32.010000000000005], [72.55, 32.0], [72.55, 31.96], [72.57, 31.940000000000005], [72.61, 31.940000000000005], [72.65, 31.910000000000004], [72.7, 31.910000000000004], [72.73, 31.930000000000003], [72.75, 31.930000000000003], [72.78, 31.950000000000003], [72.79, 31.950000000000003], [72.8, 31.96], [72.83, 31.930000000000003], [72.84, 31.930000000000003], [72.85, 31.92], [72.85, 31.900000000000002], [72.87, 31.880000000000003], [72.84, 31.860000000000003], [72.82, 31.860000000000003], [72.79, 31.840000000000003], [72.77, 31.840000000000003], [72.74, 31.820000000000004], [72.72, 31.820000000000004], [72.71000000000001, 31.810000000000002], [72.7, 31.810000000000002], [72.69, 31.800000000000004], [72.67, 31.800000000000004], [72.66, 31.790000000000003], [72.61, 31.790000000000003], [72.6, 31.78], [72.56, 31.78], [72.43, 31.67], [72.4, 31.660000000000004], [72.38, 31.64], [72.31, 31.610000000000003], [72.29, 31.590000000000003], [72.28, 31.590000000000003], [72.25, 31.570000000000004], [72.24, 31.6], [72.35, 31.720000000000002], [72.34, 31.730000000000004], [72.32, 31.730000000000004], [72.31, 31.740000000000002], [72.28, 31.740000000000002], [72.27, 31.750000000000004], [72.25, 31.750000000000004], [72.24, 31.76], [72.21000000000001, 31.76], [72.21000000000001, 31.78], [72.22, 31.790000000000003], [72.22, 31.820000000000004], [72.23, 31.830000000000002], [72.23, 31.860000000000003], [72.24, 31.870000000000005], [72.24, 31.910000000000004], [72.25, 31.92], [72.25, 31.950000000000003], [72.26, 31.96], [72.26, 31.980000000000004], [72.27, 31.990000000000002], [72.27, 32.0], [72.29, 32.02], [72.29, 32.03], [72.31, 32.050000000000004], [72.33, 32.050000000000004], [72.35, 32.07], [72.39, 32.07], [72.41, 32.09], [72.42, 32.09], [72.44, 32.11], [72.45, 32.11], [72.47, 32.13]]]}}, {"type": "Feature", "properties": {"na": "NA-50", "src": "reconstructed", "approx": true}, "geometry": {"type": "Polygon", "coordinates": [[[72.75, 32.45], [72.77, 32.45], [72.77, 32.42], [72.76, 32.410000000000004], [72.76, 32.39], [72.74, 32.39], [72.73, 32.38], [72.73, 32.36], [72.69, 32.300000000000004], [72.7, 32.290000000000006], [72.72, 32.290000000000006], [72.75, 32.27], [72.77, 32.27], [72.78, 32.24], [72.79, 32.230000000000004], [72.8, 32.24], [72.82, 32.24], [72.84, 32.22], [72.84, 32.2], [72.85, 32.190000000000005], [72.85, 32.14], [72.86, 32.13], [72.86, 32.1], [72.85, 32.09], [72.84, 32.040000000000006], [72.82, 32.040000000000006], [72.8, 32.010000000000005], [72.79, 31.980000000000004], [72.78, 31.970000000000002], [72.79, 31.96], [72.78, 31.96], [72.75, 31.940000000000005], [72.73, 31.940000000000005], [72.7, 31.92], [72.65, 31.92], [72.61, 31.950000000000003], [72.57, 31.950000000000003], [72.56, 31.96], [72.56, 32.0], [72.57, 32.010000000000005], [72.57, 32.040000000000006], [72.53, 32.07], [72.52, 32.07], [72.52, 32.09], [72.51, 32.1], [72.51, 32.13], [72.5, 32.14], [72.47, 32.14], [72.45, 32.120000000000005], [72.44, 32.150000000000006], [72.42, 32.17], [72.42, 32.18], [72.4, 32.21], [72.41, 32.22], [72.42, 32.22], [72.45, 32.25], [72.46000000000001, 32.25], [72.49, 32.28], [72.5, 32.28], [72.53, 32.31], [72.54, 32.31], [72.56, 32.330000000000005], [72.57, 32.330000000000005], [72.6, 32.36], [72.61, 32.36], [72.64, 32.39], [72.64, 32.400000000000006], [72.66, 32.42], [72.66, 32.43], [72.69, 32.43], [72.7, 32.440000000000005], [72.74, 32.440000000000005], [72.75, 32.45]]]}}, {"type": "Feature", "properties": {"na": "NA-51", "src": "commons-1993", "approx": false}, "geometry": {"type": "Polygon", "coordinates": [[[72.16, 32.71], [72.17, 32.7], [72.34, 32.7], [72.41, 32.620000000000005], [72.47, 32.67], [72.56, 32.67], [72.58, 32.650000000000006], [72.59, 32.650000000000006], [72.63, 32.61], [72.64, 32.61], [72.65, 32.6], [72.65, 32.42], [72.61, 32.370000000000005], [72.6, 32.370000000000005], [72.57, 32.34], [72.56, 32.34], [72.54, 32.32], [72.53, 32.32], [72.5, 32.290000000000006], [72.49, 32.290000000000006], [72.46000000000001, 32.260000000000005], [72.45, 32.260000000000005], [72.39, 32.21], [72.4, 32.2], [72.41, 32.17], [72.43, 32.150000000000006], [72.44, 32.120000000000005], [72.39, 32.080000000000005], [72.35, 32.080000000000005], [72.33, 32.06], [72.31, 32.06], [72.32, 32.07], [72.32, 32.120000000000005], [72.29, 32.150000000000006], [72.28, 32.150000000000006], [72.27, 32.14], [72.18, 32.14], [72.13, 32.190000000000005], [72.12, 32.190000000000005], [72.09, 32.22], [72.08, 32.22], [72.07, 32.21], [72.03, 32.21], [71.98, 32.160000000000004], [71.92, 32.160000000000004], [71.89, 32.18], [71.87, 32.18], [71.8, 32.22], [71.74, 32.22], [71.73, 32.21], [71.73, 32.28], [71.85, 32.410000000000004], [71.79, 32.46], [71.88, 32.540000000000006], [71.94, 32.540000000000006], [71.95, 32.53], [71.98, 32.580000000000005], [71.99, 32.580000000000005], [72.0, 32.59], [72.02, 32.59], [72.07, 32.620000000000005], [72.09, 32.620000000000005], [72.1, 32.63], [72.11, 32.63], [72.13, 32.650000000000006], [72.13, 32.660000000000004], [72.16, 32.71]]]}}, {"type": "Feature", "properties": {"na": "NA-52", "src": "commons-1993", "approx": false}, "geometry": {"type": "Polygon", "coordinates": [[[71.74, 32.21], [71.8, 32.21], [71.85, 32.18], [71.86, 32.18], [71.87, 32.17], [71.89, 32.17], [71.92, 32.150000000000006], [71.98, 32.150000000000006], [72.03, 32.2], [72.07, 32.2], [72.08, 32.21], [72.09, 32.21], [72.12, 32.18], [72.13, 32.18], [72.18, 32.13], [72.27, 32.13], [72.28, 32.14], [72.29, 32.14], [72.31, 32.120000000000005], [72.31, 32.07], [72.28, 32.03], [72.28, 32.02], [72.26, 32.0], [72.26, 31.990000000000002], [72.25, 31.980000000000004], [72.25, 31.96], [72.24, 31.950000000000003], [72.24, 31.92], [72.23, 31.910000000000004], [72.23, 31.870000000000005], [72.22, 31.860000000000003], [72.22, 31.830000000000002], [72.21000000000001, 31.820000000000004], [72.21000000000001, 31.790000000000003], [72.2, 31.78], [72.2, 31.76], [72.15, 31.76], [72.12, 31.730000000000004], [72.12, 31.720000000000002], [72.09, 31.690000000000005], [72.09, 31.680000000000003], [72.06, 31.650000000000002], [72.06, 31.64], [72.03, 31.610000000000003], [72.03, 31.6], [71.98, 31.540000000000003], [71.93, 31.580000000000002], [71.92, 31.580000000000002], [71.9, 31.6], [71.89, 31.6], [71.86, 31.630000000000003], [71.85, 31.630000000000003], [71.83, 31.650000000000002], [71.82, 31.650000000000002], [71.8, 31.67], [71.79, 31.67], [71.77, 31.690000000000005], [71.76, 31.690000000000005], [71.74, 31.720000000000002], [71.74, 31.740000000000002], [71.73, 31.750000000000004], [71.73, 31.770000000000003], [71.72, 31.78], [71.72, 31.800000000000004], [71.71000000000001, 31.810000000000002], [71.71000000000001, 31.820000000000004], [71.66, 31.85], [71.64, 31.85], [71.63, 31.860000000000003], [71.62, 31.860000000000003], [71.76, 32.050000000000004], [71.76, 32.09], [71.77, 32.1], [71.77, 32.14], [71.73, 32.190000000000005], [71.73, 32.2], [71.74, 32.21]]]}}, {"type": "Feature", "properties": {"na": "NA-53", "src": "commons-1993", "approx": false}, "geometry": {"type": "Polygon", "coordinates": [[[71.44, 33.24], [71.45, 33.230000000000004], [71.55, 33.230000000000004], [71.56, 33.220000000000006], [71.58, 33.17], [71.6, 33.150000000000006], [71.62, 33.1], [71.64, 33.080000000000005], [71.66, 33.080000000000005], [71.69, 33.06], [71.71000000000001, 33.06], [71.81, 33.0], [71.83, 33.0], [71.84, 32.99], [71.87, 32.99], [71.87, 32.980000000000004], [71.88, 32.97], [71.88, 32.95], [71.89, 32.940000000000005], [71.89, 32.910000000000004], [71.9, 32.900000000000006], [71.9, 32.88], [71.91, 32.870000000000005], [71.91, 32.86], [71.97, 32.81], [71.96000000000001, 32.81], [71.94, 32.790000000000006], [71.93, 32.790000000000006], [71.89, 32.760000000000005], [71.89, 32.660000000000004], [71.9, 32.650000000000006], [71.88, 32.650000000000006], [71.87, 32.660000000000004], [71.83, 32.660000000000004], [71.77, 32.71], [71.76, 32.7], [71.69, 32.7], [71.68, 32.690000000000005], [71.66, 32.690000000000005], [71.63, 32.71], [71.58, 32.71], [71.57, 32.72], [71.56, 32.72], [71.47, 32.620000000000005], [71.43, 32.620000000000005], [71.42, 32.61], [71.42, 32.59], [71.41, 32.580000000000005], [71.41, 32.550000000000004], [71.4, 32.540000000000006], [71.4, 32.510000000000005], [71.39, 32.5], [71.39, 32.49], [71.32, 32.46], [71.32, 32.53], [71.31, 32.540000000000006], [71.28, 32.540000000000006], [71.27, 32.53], [71.24, 32.53], [71.23, 32.52], [71.16, 32.6], [71.16, 32.61], [71.15, 32.620000000000005], [71.15, 32.650000000000006], [71.14, 32.660000000000004], [71.14, 32.690000000000005], [71.13, 32.7], [71.13, 32.72], [71.12, 32.730000000000004], [71.12, 32.760000000000005], [71.11, 32.77], [71.11, 32.800000000000004], [71.1, 32.81], [71.1, 32.830000000000005], [71.12, 32.86], [71.12, 32.88], [71.14, 32.910000000000004], [71.14, 32.93], [71.15, 32.940000000000005], [71.16, 32.97], [71.18, 32.97], [71.19, 32.980000000000004], [71.21000000000001, 32.980000000000004], [71.22, 32.99], [71.27, 33.0], [71.28, 33.010000000000005], [71.3, 33.010000000000005], [71.31, 33.02], [71.32, 33.010000000000005], [71.43, 33.010000000000005], [71.44, 33.02], [71.46000000000001, 33.07], [71.44, 33.1], [71.44, 33.11], [71.43, 33.120000000000005], [71.43, 33.14], [71.4, 33.190000000000005], [71.4, 33.2], [71.44, 33.24]]]}}, {"type": "Feature", "properties": {"na": "NA-54", "src": "commons-1993", "approx": false}, "geometry": {"type": "Polygon", "coordinates": [[[71.56, 32.71], [71.57, 32.71], [71.58, 32.7], [71.63, 32.7], [71.66, 32.68], [71.68, 32.68], [71.69, 32.690000000000005], [71.76, 32.690000000000005], [71.77, 32.7], [71.83, 32.650000000000006], [71.87, 32.650000000000006], [71.88, 32.64], [71.9, 32.64], [71.95, 32.550000000000004], [71.95, 32.540000000000006], [71.94, 32.550000000000004], [71.88, 32.550000000000004], [71.78, 32.46], [71.84, 32.410000000000004], [71.72, 32.28], [71.72, 32.2], [71.71000000000001, 32.21], [71.65, 32.21], [71.64, 32.22], [71.59, 32.22], [71.58, 32.230000000000004], [71.43, 32.230000000000004], [71.42, 32.22], [71.34, 32.22], [71.32, 32.190000000000005], [71.32, 32.18], [71.31, 32.190000000000005], [71.27, 32.190000000000005], [71.26, 32.2], [71.22, 32.2], [71.21000000000001, 32.21], [71.17, 32.21], [71.17, 32.260000000000005], [71.32, 32.410000000000004], [71.32, 32.45], [71.37, 32.47], [71.4, 32.49], [71.4, 32.5], [71.41, 32.510000000000005], [71.41, 32.540000000000006], [71.42, 32.550000000000004], [71.42, 32.580000000000005], [71.43, 32.59], [71.43, 32.61], [71.47, 32.61], [71.56, 32.71]]]}}, {"type": "Feature", "properties": {"na": "NA-55", "src": "commons-1993", "approx": false}, "geometry": {"type": "Polygon", "coordinates": [[[71.43, 32.22], [71.58, 32.22], [71.59, 32.21], [71.64, 32.21], [71.65, 32.2], [71.71000000000001, 32.2], [71.76, 32.14], [71.76, 32.1], [71.75, 32.09], [71.75, 32.050000000000004], [71.74, 32.040000000000006], [71.74, 32.03], [71.68, 31.96], [71.68, 31.950000000000003], [71.65, 31.92], [71.65, 31.910000000000004], [71.62, 31.880000000000003], [71.62, 31.870000000000005], [71.6, 31.85], [71.46000000000001, 31.85], [71.44, 31.830000000000002], [71.43, 31.830000000000002], [71.39, 31.800000000000004], [71.33, 31.800000000000004], [71.29, 31.76], [71.19, 31.76], [71.15, 31.790000000000003], [71.12, 31.790000000000003], [71.11, 31.78], [71.09, 31.78], [71.06, 31.750000000000004], [70.98, 31.750000000000004], [70.98, 31.770000000000003], [71.01, 31.800000000000004], [71.01, 31.810000000000002], [71.03, 31.830000000000002], [71.03, 31.840000000000003], [71.06, 31.870000000000005], [71.06, 31.880000000000003], [71.07, 31.89], [71.07, 31.910000000000004], [71.08, 31.92], [71.08, 31.970000000000002], [71.09, 31.980000000000004], [71.09, 32.03], [71.1, 32.040000000000006], [71.1, 32.080000000000005], [71.11, 32.09], [71.11, 32.14], [71.12, 32.150000000000006], [71.12, 32.17], [71.13, 32.18], [71.14, 32.18], [71.16, 32.2], [71.21000000000001, 32.2], [71.22, 32.190000000000005], [71.26, 32.190000000000005], [71.27, 32.18], [71.31, 32.18], [71.32, 32.17], [71.33, 32.18], [71.34, 32.21], [71.42, 32.21], [71.43, 32.22]]]}}, {"type": "Feature", "properties": {"na": "NA-56", "src": "commons-1993", "approx": false}, "geometry": {"type": "Polygon", "coordinates": [[[71.61, 31.85], [71.66, 31.840000000000003], [71.69, 31.820000000000004], [71.7, 31.820000000000004], [71.74, 31.700000000000003], [71.76, 31.680000000000003], [71.77, 31.680000000000003], [71.79, 31.660000000000004], [71.8, 31.660000000000004], [71.85, 31.620000000000005], [71.86, 31.620000000000005], [71.89, 31.590000000000003], [71.9, 31.590000000000003], [71.92, 31.570000000000004], [71.93, 31.570000000000004], [71.97, 31.540000000000003], [71.97, 31.520000000000003], [71.98, 31.51], [71.98, 31.470000000000002], [71.99, 31.46], [71.99, 31.42], [72.0, 31.410000000000004], [72.0, 31.370000000000005], [72.01, 31.360000000000003], [72.01, 31.330000000000002], [72.0, 31.320000000000004], [72.0, 31.300000000000004], [71.98, 31.270000000000003], [71.88, 31.270000000000003], [71.87, 31.28], [71.76, 31.17], [71.74, 31.17], [71.71000000000001, 31.190000000000005], [71.69, 31.190000000000005], [71.66, 31.21], [71.64, 31.21], [71.61, 31.230000000000004], [71.59, 31.230000000000004], [71.56, 31.250000000000004], [71.54, 31.250000000000004], [71.53, 31.26], [71.44, 31.17], [71.3, 31.17], [71.3, 31.180000000000003], [71.28, 31.200000000000003], [71.28, 31.21], [71.25, 31.240000000000002], [71.25, 31.250000000000004], [71.21000000000001, 31.300000000000004], [71.21000000000001, 31.310000000000002], [71.2, 31.320000000000004], [71.2, 31.370000000000005], [71.19, 31.380000000000003], [71.15, 31.380000000000003], [71.14, 31.39], [71.1, 31.39], [71.09, 31.400000000000002], [70.85, 31.400000000000002], [70.86, 31.410000000000004], [70.87, 31.410000000000004], [70.9, 31.440000000000005], [70.9, 31.53], [70.89, 31.540000000000003], [70.89, 31.64], [70.9, 31.650000000000002], [70.9, 31.660000000000004], [70.93, 31.690000000000005], [70.93, 31.700000000000003], [70.95, 31.720000000000002], [70.95, 31.730000000000004], [70.97, 31.750000000000004], [70.98, 31.740000000000002], [71.06, 31.740000000000002], [71.09, 31.770000000000003], [71.11, 31.770000000000003], [71.12, 31.78], [71.15, 31.78], [71.17, 31.76], [71.18, 31.76], [71.19, 31.750000000000004], [71.29, 31.750000000000004], [71.33, 31.790000000000003], [71.39, 31.790000000000003], [71.43, 31.820000000000004], [71.44, 31.820000000000004], [71.46000000000001, 31.840000000000003], [71.6, 31.840000000000003], [71.61, 31.85]]]}}, {"type": "Feature", "properties": {"na": "NA-57", "src": "commons-1993", "approx": false}, "geometry": {"type": "Polygon", "coordinates": [[[73.24, 31.78], [73.25, 31.78], [73.26, 31.770000000000003], [73.28, 31.770000000000003], [73.29, 31.76], [73.29, 31.750000000000004], [73.32, 31.720000000000002], [73.32, 31.71], [73.37, 31.650000000000002], [73.4, 31.650000000000002], [73.41, 31.64], [73.43, 31.64], [73.43, 31.630000000000003], [73.44, 31.620000000000005], [73.44, 31.6], [73.45, 31.590000000000003], [73.45, 31.570000000000004], [73.46000000000001, 31.560000000000002], [73.46000000000001, 31.540000000000003], [73.47, 31.53], [73.47, 31.51], [73.48, 31.500000000000004], [73.47, 31.490000000000002], [73.46000000000001, 31.490000000000002], [73.44, 31.470000000000002], [73.41, 31.46], [73.4, 31.450000000000003], [73.37, 31.470000000000002], [73.35, 31.470000000000002], [73.31, 31.440000000000005], [73.28, 31.440000000000005], [73.26, 31.46], [73.25, 31.46], [73.24, 31.490000000000002], [73.17, 31.560000000000002], [73.12, 31.560000000000002], [73.07, 31.610000000000003], [73.08, 31.64], [73.1, 31.660000000000004], [73.11, 31.650000000000002], [73.15, 31.650000000000002], [73.16, 31.660000000000004], [73.16, 31.67], [73.15, 31.680000000000003], [73.12, 31.690000000000005], [73.12, 31.700000000000003], [73.16, 31.740000000000002], [73.17, 31.740000000000002], [73.18, 31.750000000000004], [73.19, 31.750000000000004], [73.21000000000001, 31.730000000000004], [73.24, 31.76], [73.24, 31.78]]]}}, {"type": "Feature", "properties": {"na": "NA-58", "src": "commons-1993", "approx": false}, "geometry": {"type": "Polygon", "coordinates": [[[73.47, 31.480000000000004], [73.48, 31.480000000000004], [73.49, 31.470000000000002], [73.49, 31.450000000000003], [73.51, 31.42], [73.52, 31.430000000000003], [73.56, 31.430000000000003], [73.57, 31.440000000000005], [73.6, 31.440000000000005], [73.61, 31.450000000000003], [73.64, 31.450000000000003], [73.67, 31.400000000000002], [73.67, 31.380000000000003], [73.65, 31.35], [73.65, 31.330000000000002], [73.64, 31.320000000000004], [73.63, 31.290000000000003], [73.62, 31.28], [73.61, 31.28], [73.57, 31.240000000000002], [73.56, 31.240000000000002], [73.55, 31.230000000000004], [73.54, 31.240000000000002], [73.49, 31.240000000000002], [73.48, 31.230000000000004], [73.48, 31.240000000000002], [73.46000000000001, 31.270000000000003], [73.4, 31.270000000000003], [73.39, 31.26], [73.35, 31.300000000000004], [73.29, 31.300000000000004], [73.28, 31.290000000000003], [73.27, 31.290000000000003], [73.25, 31.270000000000003], [73.24, 31.28], [73.22, 31.28], [73.21000000000001, 31.290000000000003], [73.18, 31.290000000000003], [73.18, 31.300000000000004], [73.19, 31.310000000000002], [73.19, 31.330000000000002], [73.18, 31.340000000000003], [73.16, 31.340000000000003], [73.19, 31.380000000000003], [73.2, 31.410000000000004], [73.21000000000001, 31.42], [73.22, 31.42], [73.24, 31.440000000000005], [73.25, 31.430000000000003], [73.32, 31.430000000000003], [73.35, 31.46], [73.36, 31.450000000000003], [73.38, 31.450000000000003], [73.39, 31.440000000000005], [73.42, 31.440000000000005], [73.47, 31.480000000000004]]]}}, {"type": "Feature", "properties": {"na": "NA-59", "src": "commons-1993", "approx": false}, "geometry": {"type": "Polygon", "coordinates": [[[73.3, 31.290000000000003], [73.34, 31.290000000000003], [73.38, 31.250000000000004], [73.45, 31.250000000000004], [73.46000000000001, 31.26], [73.47, 31.21], [73.45, 31.21], [73.42, 31.190000000000005], [73.42, 31.180000000000003], [73.4, 31.150000000000002], [73.41, 31.14], [73.4, 31.14], [73.39, 31.130000000000003], [73.4, 31.080000000000002], [73.39, 31.070000000000004], [73.38, 31.040000000000003], [73.32, 30.990000000000002], [73.31, 30.990000000000002], [73.28, 30.96], [73.27, 30.96], [73.25, 30.940000000000005], [73.24, 30.940000000000005], [73.24, 30.970000000000002], [73.23, 30.980000000000004], [73.22, 30.980000000000004], [73.21000000000001, 30.990000000000002], [73.14, 30.990000000000002], [73.11, 31.040000000000003], [73.05, 31.040000000000003], [73.05, 31.060000000000002], [73.06, 31.070000000000004], [73.06, 31.090000000000003], [73.07, 31.090000000000003], [73.09, 31.110000000000003], [73.09, 31.120000000000005], [73.07, 31.150000000000002], [73.08, 31.160000000000004], [73.08, 31.17], [73.11, 31.200000000000003], [73.11, 31.21], [73.15, 31.250000000000004], [73.15, 31.26], [73.17, 31.28], [73.18, 31.270000000000003], [73.22, 31.270000000000003], [73.23, 31.26], [73.27, 31.26], [73.3, 31.290000000000003]]]}}, {"type": "Feature", "properties": {"na": "NA-60", "src": "commons-1993", "approx": false}, "geometry": {"type": "Polygon", "coordinates": [[[73.03, 31.03], [73.07, 31.03], [73.08, 31.020000000000003], [73.11, 31.020000000000003], [73.11, 31.01], [73.13, 30.980000000000004], [73.19, 30.980000000000004], [73.2, 30.970000000000002], [73.21000000000001, 30.970000000000002], [73.22, 30.96], [73.23, 30.96], [73.23, 30.930000000000003], [73.17, 30.910000000000004], [73.15, 30.89], [73.15, 30.880000000000003], [73.12, 30.830000000000002], [73.1, 30.830000000000002], [73.07, 30.810000000000002], [73.02, 30.800000000000004], [73.01, 30.790000000000003], [72.99, 30.790000000000003], [72.96000000000001, 30.770000000000003], [72.94, 30.770000000000003], [72.91, 30.720000000000002], [72.9, 30.690000000000005], [72.79, 30.690000000000005], [72.74, 30.750000000000004], [72.77, 30.820000000000004], [72.78, 30.830000000000002], [72.78, 30.840000000000003], [72.75, 30.860000000000003], [72.74, 30.860000000000003], [72.72, 30.880000000000003], [72.71000000000001, 30.880000000000003], [72.77, 30.950000000000003], [72.79, 31.000000000000004], [72.84, 31.000000000000004], [72.86, 31.020000000000003], [72.87, 31.020000000000003], [72.92, 30.980000000000004], [72.95, 30.980000000000004], [72.96000000000001, 30.990000000000002], [72.97, 30.990000000000002], [72.99, 31.01], [73.0, 31.01], [73.03, 31.03]]]}}, {"type": "Feature", "properties": {"na": "NA-61", "src": "commons-1993", "approx": false}, "geometry": {"type": "Polygon", "coordinates": [[[72.81, 31.2], [72.84, 31.17], [72.86, 31.190000000000005], [72.86, 31.200000000000003], [72.87, 31.200000000000003], [72.88, 31.21], [72.88, 31.230000000000004], [72.84, 31.270000000000003], [72.89, 31.320000000000004], [72.94, 31.320000000000004], [72.97, 31.35], [72.97, 31.360000000000003], [72.98, 31.370000000000005], [73.01, 31.380000000000003], [73.06, 31.410000000000004], [73.08, 31.39], [73.09, 31.39], [73.12, 31.370000000000005], [73.14, 31.370000000000005], [73.15, 31.360000000000003], [73.16, 31.360000000000003], [73.15, 31.330000000000002], [73.16, 31.320000000000004], [73.17, 31.320000000000004], [73.17, 31.290000000000003], [73.12, 31.240000000000002], [73.12, 31.230000000000004], [73.11, 31.230000000000004], [73.07, 31.190000000000005], [73.07, 31.17], [73.06, 31.160000000000004], [73.06, 31.130000000000003], [73.07, 31.120000000000005], [73.08, 31.120000000000005], [73.05, 31.090000000000003], [73.04, 31.040000000000003], [72.98, 31.020000000000003], [72.95, 30.990000000000002], [72.92, 30.990000000000002], [72.87, 31.03], [72.86, 31.03], [72.84, 31.01], [72.79, 31.01], [72.81, 31.040000000000003], [72.82, 31.070000000000004], [72.77, 31.110000000000003], [72.77, 31.150000000000002], [72.78, 31.160000000000004], [72.79, 31.150000000000002], [72.81, 31.150000000000002], [72.82, 31.160000000000004], [72.82, 31.180000000000003], [72.81, 31.190000000000005], [72.81, 31.2]]]}}, {"type": "Feature", "properties": {"na": "NA-62", "src": "commons-1993", "approx": false}, "geometry": {"type": "MultiPolygon", "coordinates": [[[[73.06, 31.610000000000003], [73.09, 31.580000000000002], [73.09, 31.570000000000004], [73.06, 31.6], [73.06, 31.610000000000003]]], [[[73.09, 31.570000000000004], [73.12, 31.540000000000003], [73.17, 31.540000000000003], [73.2, 31.51], [73.21000000000001, 31.51], [73.23, 31.490000000000002], [73.23, 31.440000000000005], [73.18, 31.42], [73.18, 31.440000000000005], [73.17, 31.450000000000003], [73.16, 31.450000000000003], [73.14, 31.470000000000002], [73.11, 31.470000000000002], [73.03, 31.400000000000002], [73.01, 31.400000000000002], [73.0, 31.39], [72.99, 31.39], [72.94, 31.330000000000002], [72.88, 31.330000000000002], [72.85, 31.300000000000004], [72.84, 31.310000000000002], [72.84, 31.330000000000002], [72.88, 31.400000000000002], [72.88, 31.410000000000004], [72.86, 31.430000000000003], [72.87, 31.42], [72.89, 31.42], [72.95, 31.490000000000002], [72.96000000000001, 31.490000000000002], [72.98, 31.51], [72.99, 31.51], [73.01, 31.53], [73.02, 31.53], [73.03, 31.540000000000003], [73.03, 31.550000000000004], [73.04, 31.540000000000003], [73.07, 31.540000000000003], [73.09, 31.560000000000002], [73.09, 31.570000000000004]]]]}}, {"type": "Feature", "properties": {"na": "NA-63", "src": "commons-1993-inset", "approx": false}, "geometry": {"type": "MultiPolygon", "coordinates": [[[[73.21000000000001, 31.78], [73.23, 31.78], [73.23, 31.76], [73.21000000000001, 31.740000000000002], [73.19, 31.76], [73.21000000000001, 31.78]]], [[[73.11, 31.46], [73.14, 31.46], [73.16, 31.440000000000005], [73.17, 31.440000000000005], [73.15, 31.410000000000004], [73.15, 31.380000000000003], [73.12, 31.380000000000003], [73.09, 31.400000000000002], [73.08, 31.400000000000002], [73.06, 31.42], [73.05, 31.410000000000004], [73.07, 31.430000000000003], [73.08, 31.430000000000003], [73.11, 31.46]]], [[[73.11, 31.680000000000003], [73.13, 31.680000000000003], [73.14, 31.67], [73.15, 31.67], [73.15, 31.660000000000004], [73.11, 31.660000000000004], [73.1, 31.67], [73.11, 31.680000000000003]]], [[[73.05, 31.590000000000003], [73.06, 31.590000000000003], [73.08, 31.570000000000004], [73.08, 31.560000000000002], [73.07, 31.550000000000004], [73.04, 31.550000000000004], [73.03, 31.560000000000002], [73.02, 31.550000000000004], [73.02, 31.540000000000003], [73.01, 31.540000000000003], [72.99, 31.520000000000003], [72.98, 31.520000000000003], [72.96000000000001, 31.500000000000004], [72.95, 31.500000000000004], [72.91, 31.46], [72.91, 31.450000000000003], [72.89, 31.430000000000003], [72.87, 31.430000000000003], [72.86, 31.42], [72.87, 31.410000000000004], [72.87, 31.400000000000002], [72.85, 31.370000000000005], [72.83, 31.320000000000004], [72.81, 31.340000000000003], [72.81, 31.360000000000003], [72.82, 31.370000000000005], [72.82, 31.400000000000002], [72.85, 31.440000000000005], [72.87, 31.490000000000002], [73.05, 31.590000000000003]]], [[[72.83, 31.26], [72.84, 31.26], [72.87, 31.230000000000004], [72.87, 31.21], [72.86, 31.21], [72.85, 31.200000000000003], [72.85, 31.190000000000005], [72.84, 31.180000000000003], [72.81, 31.21], [72.8, 31.200000000000003], [72.8, 31.190000000000005], [72.81, 31.180000000000003], [72.81, 31.160000000000004], [72.79, 31.160000000000004], [72.78, 31.17], [72.78, 31.200000000000003], [72.82, 31.240000000000002], [72.82, 31.250000000000004], [72.83, 31.26]]]]}}, {"type": "Feature", "properties": {"na": "NA-64", "src": "commons-1993-inset", "approx": false}, "geometry": {"type": "MultiPolygon", "coordinates": [[[[73.49, 31.230000000000004], [73.54, 31.230000000000004], [73.54, 31.220000000000002], [73.53, 31.21], [73.52, 31.21], [73.5, 31.190000000000005], [73.48, 31.190000000000005], [73.48, 31.220000000000002], [73.49, 31.230000000000004]]], [[[73.17, 31.42], [73.18, 31.410000000000004], [73.19, 31.410000000000004], [73.19, 31.400000000000002], [73.17, 31.370000000000005], [73.15, 31.370000000000005], [73.16, 31.380000000000003], [73.16, 31.410000000000004], [73.17, 31.42]]]]}}, {"type": "Feature", "properties": {"na": "NA-65", "src": "commons-1993-inset", "approx": false}, "geometry": {"type": "Polygon", "coordinates": [[[73.45, 31.200000000000003], [73.47, 31.200000000000003], [73.47, 31.180000000000003], [73.45, 31.180000000000003], [73.44, 31.17], [73.41, 31.1], [73.4, 31.110000000000003], [73.4, 31.130000000000003], [73.41, 31.130000000000003], [73.42, 31.14], [73.41, 31.150000000000002], [73.43, 31.180000000000003], [73.43, 31.190000000000005], [73.44, 31.190000000000005], [73.45, 31.200000000000003]]]}}, {"type": "Feature", "properties": {"na": "NA-66", "src": "commons-1993", "approx": false}, "geometry": {"type": "Polygon", "coordinates": [[[72.99, 31.96], [73.0, 31.96], [73.01, 31.950000000000003], [73.03, 31.950000000000003], [73.06, 31.930000000000003], [73.08, 31.930000000000003], [73.11, 31.910000000000004], [73.13, 31.910000000000004], [73.14, 31.900000000000002], [73.15, 31.900000000000002], [73.21000000000001, 31.790000000000003], [73.11, 31.700000000000003], [73.11, 31.690000000000005], [73.09, 31.67], [73.09, 31.660000000000004], [73.07, 31.64], [73.07, 31.630000000000003], [73.05, 31.610000000000003], [73.05, 31.6], [73.04, 31.590000000000003], [72.97, 31.560000000000002], [72.95, 31.540000000000003], [72.94, 31.540000000000003], [72.89, 31.51], [72.85, 31.550000000000004], [72.79, 31.550000000000004], [72.72, 31.620000000000005], [72.71000000000001, 31.620000000000005], [72.7, 31.630000000000003], [72.67, 31.630000000000003], [72.66, 31.64], [72.64, 31.64], [72.59, 31.67], [72.59, 31.680000000000003], [72.6, 31.690000000000005], [72.58, 31.71], [72.62, 31.740000000000002], [72.62, 31.78], [72.66, 31.78], [72.67, 31.790000000000003], [72.69, 31.790000000000003], [72.7, 31.800000000000004], [72.71000000000001, 31.800000000000004], [72.72, 31.810000000000002], [72.74, 31.810000000000002], [72.77, 31.830000000000002], [72.79, 31.830000000000002], [72.82, 31.85], [72.84, 31.85], [72.87, 31.870000000000005], [72.89, 31.870000000000005], [72.99, 31.96]]]}}, {"type": "Feature", "properties": {"na": "NA-67", "src": "commons-1993", "approx": false}, "geometry": {"type": "Polygon", "coordinates": [[[72.61, 31.78], [72.61, 31.740000000000002], [72.57, 31.71], [72.59, 31.690000000000005], [72.58, 31.680000000000003], [72.58, 31.67], [72.6, 31.650000000000002], [72.61, 31.650000000000002], [72.64, 31.630000000000003], [72.66, 31.630000000000003], [72.67, 31.620000000000005], [72.7, 31.620000000000005], [72.71000000000001, 31.610000000000003], [72.72, 31.610000000000003], [72.79, 31.540000000000003], [72.85, 31.540000000000003], [72.88, 31.51], [72.86, 31.490000000000002], [72.84, 31.440000000000005], [72.82, 31.42], [72.82, 31.410000000000004], [72.81, 31.400000000000002], [72.81, 31.370000000000005], [72.8, 31.360000000000003], [72.8, 31.35], [72.67, 31.240000000000002], [72.5, 31.240000000000002], [72.5, 31.250000000000004], [72.49, 31.26], [72.44, 31.270000000000003], [72.41, 31.300000000000004], [72.4, 31.300000000000004], [72.38, 31.320000000000004], [72.37, 31.320000000000004], [72.37, 31.39], [72.32, 31.42], [72.29, 31.490000000000002], [72.26, 31.520000000000003], [72.26, 31.53], [72.28, 31.560000000000002], [72.28, 31.570000000000004], [72.31, 31.6], [72.38, 31.630000000000003], [72.42, 31.660000000000004], [72.43, 31.660000000000004], [72.56, 31.770000000000003], [72.6, 31.770000000000003], [72.61, 31.78]]]}}, {"type": "Feature", "properties": {"na": "NA-68", "src": "commons-1993", "approx": false}, "geometry": {"type": "Polygon", "coordinates": [[[72.15, 31.750000000000004], [72.24, 31.750000000000004], [72.25, 31.740000000000002], [72.27, 31.740000000000002], [72.28, 31.730000000000004], [72.31, 31.730000000000004], [72.32, 31.720000000000002], [72.34, 31.720000000000002], [72.23, 31.6], [72.24, 31.570000000000004], [72.25, 31.560000000000002], [72.26, 31.570000000000004], [72.27, 31.570000000000004], [72.25, 31.520000000000003], [72.28, 31.490000000000002], [72.31, 31.42], [72.33, 31.400000000000002], [72.36, 31.39], [72.36, 31.320000000000004], [72.4, 31.290000000000003], [72.41, 31.290000000000003], [72.44, 31.26], [72.49, 31.250000000000004], [72.49, 31.240000000000002], [72.48, 31.230000000000004], [72.48, 31.180000000000003], [72.47, 31.17], [72.47, 31.130000000000003], [72.36, 31.03], [72.36, 31.01], [72.35, 31.000000000000004], [72.35, 30.990000000000002], [72.33, 30.990000000000002], [72.32, 31.000000000000004], [72.29, 31.000000000000004], [72.28, 31.01], [72.26, 31.01], [72.24, 31.03], [72.23, 31.060000000000002], [72.22, 31.070000000000004], [72.19, 31.070000000000004], [72.18, 31.080000000000002], [72.16, 31.080000000000002], [72.08, 31.160000000000004], [72.07, 31.160000000000004], [72.06, 31.150000000000002], [72.03, 31.150000000000002], [72.02, 31.160000000000004], [72.0, 31.160000000000004], [71.98, 31.180000000000003], [71.98, 31.190000000000005], [71.91, 31.26], [71.98, 31.26], [72.01, 31.300000000000004], [72.01, 31.320000000000004], [72.02, 31.330000000000002], [72.02, 31.360000000000003], [72.01, 31.370000000000005], [72.01, 31.410000000000004], [72.0, 31.42], [72.0, 31.46], [71.99, 31.470000000000002], [71.99, 31.51], [71.98, 31.520000000000003], [71.98, 31.53], [72.01, 31.560000000000002], [72.01, 31.570000000000004], [72.04, 31.6], [72.04, 31.610000000000003], [72.07, 31.64], [72.07, 31.650000000000002], [72.1, 31.680000000000003], [72.1, 31.690000000000005], [72.15, 31.750000000000004]]]}}, {"type": "Feature", "properties": {"na": "NA-69", "src": "commons-1993", "approx": false}, "geometry": {"type": "Polygon", "coordinates": [[[72.0, 31.1], [72.01, 31.1], [72.03, 31.080000000000002], [72.06, 31.080000000000002], [72.07, 31.090000000000003], [72.11, 31.090000000000003], [72.12, 31.1], [72.13, 31.1], [72.16, 31.070000000000004], [72.18, 31.070000000000004], [72.19, 31.060000000000002], [72.22, 31.060000000000002], [72.23, 31.03], [72.26, 31.000000000000004], [72.28, 31.000000000000004], [72.29, 30.990000000000002], [72.32, 30.990000000000002], [72.33, 30.980000000000004], [72.35, 30.980000000000004], [72.34, 30.950000000000003], [72.23, 30.85], [72.32, 30.800000000000004], [72.33, 30.800000000000004], [72.33, 30.76], [72.32, 30.750000000000004], [72.32, 30.730000000000004], [72.05, 30.730000000000004], [71.99, 30.680000000000003], [72.0, 30.71], [72.02, 30.730000000000004], [72.02, 30.740000000000002], [72.05, 30.790000000000003], [72.05, 30.830000000000002], [72.0, 30.92], [72.0, 30.930000000000003], [72.01, 30.940000000000005], [72.01, 30.96], [72.03, 30.990000000000002], [72.03, 31.01], [72.02, 31.020000000000003], [72.02, 31.050000000000004], [72.01, 31.060000000000002], [72.01, 31.080000000000002], [72.0, 31.090000000000003], [72.0, 31.1]]]}}, {"type": "Feature", "properties": {"na": "NA-70", "src": "commons-1993", "approx": false}, "geometry": {"type": "Polygon", "coordinates": [[[71.87, 31.270000000000003], [71.88, 31.26], [71.9, 31.26], [71.97, 31.190000000000005], [71.97, 31.180000000000003], [72.0, 31.150000000000002], [72.02, 31.150000000000002], [72.03, 31.14], [72.06, 31.14], [72.07, 31.150000000000002], [72.08, 31.150000000000002], [72.12, 31.110000000000003], [72.11, 31.1], [72.07, 31.1], [72.06, 31.090000000000003], [72.03, 31.090000000000003], [72.01, 31.110000000000003], [72.0, 31.110000000000003], [71.99, 31.1], [71.99, 31.090000000000003], [72.0, 31.080000000000002], [72.0, 31.060000000000002], [72.01, 31.050000000000004], [72.01, 31.020000000000003], [72.02, 31.01], [72.02, 30.990000000000002], [72.0, 30.96], [72.0, 30.940000000000005], [71.99, 30.930000000000003], [71.99, 30.92], [72.04, 30.830000000000002], [72.04, 30.790000000000003], [72.02, 30.76], [72.01, 30.730000000000004], [71.99, 30.71], [71.98, 30.680000000000003], [71.94, 30.680000000000003], [71.93, 30.690000000000005], [71.88, 30.690000000000005], [71.87, 30.700000000000003], [71.81, 30.650000000000002], [71.8, 30.650000000000002], [71.78, 30.630000000000003], [71.77, 30.630000000000003], [71.74, 30.6], [71.71000000000001, 30.590000000000003], [71.7, 30.6], [71.69, 30.6], [71.67, 30.620000000000005], [71.66, 30.620000000000005], [71.66, 30.650000000000002], [71.67, 30.660000000000004], [71.67, 30.690000000000005], [71.79, 30.800000000000004], [71.79, 30.810000000000002], [71.8, 30.820000000000004], [71.8, 30.840000000000003], [71.81, 30.85], [71.81, 30.880000000000003], [71.82, 30.89], [71.82, 30.910000000000004], [71.83, 30.92], [71.83, 30.930000000000003], [71.81, 30.950000000000003], [71.8, 30.950000000000003], [71.78, 30.970000000000002], [71.78, 30.980000000000004], [71.81, 31.03], [71.82, 31.060000000000002], [71.77, 31.150000000000002], [71.77, 31.17], [71.87, 31.270000000000003]]]}}, {"type": "Feature", "properties": {"na": "NA-71", "src": "commons-1993", "approx": false}, "geometry": {"type": "Polygon", "coordinates": [[[72.8, 31.340000000000003], [72.85, 31.290000000000003], [72.77, 31.200000000000003], [72.77, 31.160000000000004], [72.76, 31.150000000000002], [72.76, 31.110000000000003], [72.79, 31.080000000000002], [72.8, 31.080000000000002], [72.81, 31.070000000000004], [72.78, 31.000000000000004], [72.77, 31.000000000000004], [72.76, 30.990000000000002], [72.71000000000001, 30.990000000000002], [72.7, 30.980000000000004], [72.66, 30.980000000000004], [72.65, 30.970000000000002], [72.59, 30.970000000000002], [72.56, 30.990000000000002], [72.54, 30.990000000000002], [72.53, 31.000000000000004], [72.52, 31.000000000000004], [72.51, 30.990000000000002], [72.43, 30.990000000000002], [72.4, 31.01], [72.39, 31.01], [72.37, 31.03], [72.41, 31.070000000000004], [72.42, 31.070000000000004], [72.48, 31.130000000000003], [72.48, 31.17], [72.49, 31.180000000000003], [72.49, 31.230000000000004], [72.67, 31.230000000000004], [72.8, 31.340000000000003]]]}}, {"type": "Feature", "properties": {"na": "NA-72", "src": "commons-1993", "approx": false}, "geometry": {"type": "Polygon", "coordinates": [[[72.37, 31.020000000000003], [72.39, 31.000000000000004], [72.4, 31.000000000000004], [72.43, 30.980000000000004], [72.51, 30.980000000000004], [72.52, 30.990000000000002], [72.53, 30.990000000000002], [72.54, 30.980000000000004], [72.56, 30.980000000000004], [72.59, 30.96], [72.65, 30.96], [72.66, 30.970000000000002], [72.7, 30.970000000000002], [72.71000000000001, 30.980000000000004], [72.76, 30.980000000000004], [72.77, 30.990000000000002], [72.78, 30.990000000000002], [72.77, 30.980000000000004], [72.76, 30.950000000000003], [72.7, 30.880000000000003], [72.71000000000001, 30.870000000000005], [72.72, 30.870000000000005], [72.74, 30.85], [72.77, 30.840000000000003], [72.76, 30.830000000000002], [72.74, 30.830000000000002], [72.73, 30.820000000000004], [72.71000000000001, 30.820000000000004], [72.68, 30.840000000000003], [72.67, 30.840000000000003], [72.66, 30.830000000000002], [72.63, 30.830000000000002], [72.6, 30.800000000000004], [72.6, 30.790000000000003], [72.59, 30.790000000000003], [72.54, 30.740000000000002], [72.51, 30.740000000000002], [72.5, 30.730000000000004], [72.46000000000001, 30.730000000000004], [72.43, 30.76], [72.42, 30.750000000000004], [72.39, 30.750000000000004], [72.38, 30.740000000000002], [72.33, 30.740000000000002], [72.33, 30.750000000000004], [72.34, 30.76], [72.34, 30.800000000000004], [72.29, 30.830000000000002], [72.24, 30.85], [72.28, 30.89], [72.29, 30.89], [72.35, 30.950000000000003], [72.35, 30.96], [72.36, 30.970000000000002], [72.36, 31.000000000000004], [72.37, 31.01], [72.37, 31.020000000000003]]]}}, {"type": "Feature", "properties": {"na": "NA-73", "src": "commons-1993", "approx": false}, "geometry": {"type": "Polygon", "coordinates": [[[72.67, 30.830000000000002], [72.68, 30.830000000000002], [72.71000000000001, 30.810000000000002], [72.76, 30.820000000000004], [72.73, 30.750000000000004], [72.78, 30.690000000000005], [72.71000000000001, 30.580000000000002], [72.33, 30.580000000000002], [72.3, 30.540000000000003], [72.29, 30.550000000000004], [72.26, 30.550000000000004], [72.25, 30.560000000000002], [72.23, 30.560000000000002], [72.22, 30.570000000000004], [72.19, 30.570000000000004], [72.18, 30.580000000000002], [72.15, 30.580000000000002], [72.21000000000001, 30.690000000000005], [72.22, 30.720000000000002], [72.32, 30.720000000000002], [72.33, 30.730000000000004], [72.38, 30.730000000000004], [72.39, 30.740000000000002], [72.42, 30.740000000000002], [72.43, 30.750000000000004], [72.46000000000001, 30.720000000000002], [72.5, 30.720000000000002], [72.51, 30.730000000000004], [72.54, 30.730000000000004], [72.59, 30.78], [72.6, 30.78], [72.61, 30.790000000000003], [72.61, 30.800000000000004], [72.63, 30.820000000000004], [72.66, 30.820000000000004], [72.67, 30.830000000000002]]]}}, {"type": "Feature", "properties": {"na": "NA-74", "src": "commons-1993", "approx": false}, "geometry": {"type": "Polygon", "coordinates": [[[74.19, 32.550000000000004], [74.19, 32.510000000000005], [74.18, 32.5], [74.18, 32.45], [74.19, 32.440000000000005], [74.19, 32.42], [74.2, 32.410000000000004], [74.2, 32.39], [74.21000000000001, 32.38], [74.21000000000001, 32.36], [74.19, 32.36], [74.17, 32.38], [74.16, 32.38], [74.1, 32.34], [74.03, 32.34], [74.02, 32.330000000000005], [74.02, 32.31], [74.01, 32.300000000000004], [74.01, 32.27], [73.99, 32.25], [73.97, 32.25], [73.96000000000001, 32.24], [73.93, 32.24], [73.92, 32.230000000000004], [73.9, 32.230000000000004], [73.85, 32.190000000000005], [73.82, 32.22], [73.81, 32.22], [73.81, 32.230000000000004], [73.78, 32.27], [73.78, 32.28], [73.75, 32.31], [73.75, 32.36], [73.76, 32.36], [73.77, 32.370000000000005], [73.8, 32.370000000000005], [73.81, 32.38], [73.85, 32.38], [73.86, 32.39], [73.89, 32.39], [73.9, 32.400000000000006], [73.92, 32.400000000000006], [73.93, 32.410000000000004], [73.96000000000001, 32.410000000000004], [73.97, 32.42], [73.99, 32.42], [74.06, 32.49], [74.09, 32.5], [74.12, 32.52], [74.14, 32.52], [74.19, 32.550000000000004]]]}}, {"type": "Feature", "properties": {"na": "NA-75", "src": "commons-1993", "approx": false}, "geometry": {"type": "Polygon", "coordinates": [[[73.48, 32.230000000000004], [73.48, 32.2], [73.51, 32.17], [73.52, 32.17], [73.53, 32.160000000000004], [73.52, 32.13], [73.56, 32.09], [73.61, 32.11], [73.61, 32.1], [73.64, 32.07], [73.65, 32.07], [73.68, 32.050000000000004], [73.7, 32.050000000000004], [73.71000000000001, 32.040000000000006], [73.72, 32.040000000000006], [73.72, 32.02], [73.75, 32.0], [73.76, 32.0], [73.78, 31.980000000000004], [73.77, 31.970000000000002], [73.76, 31.970000000000002], [73.72, 31.930000000000003], [73.71000000000001, 31.930000000000003], [73.68, 31.900000000000002], [73.66, 31.900000000000002], [73.65, 31.89], [73.63, 31.89], [73.62, 31.880000000000003], [73.6, 31.880000000000003], [73.59, 31.870000000000005], [73.57, 31.870000000000005], [73.56, 31.860000000000003], [73.54, 31.860000000000003], [73.53, 31.85], [73.51, 31.85], [73.5, 31.840000000000003], [73.48, 31.840000000000003], [73.47, 31.830000000000002], [73.42, 31.820000000000004], [73.41, 31.810000000000002], [73.39, 31.810000000000002], [73.38, 31.800000000000004], [73.35, 31.800000000000004], [73.34, 31.790000000000003], [73.32, 31.790000000000003], [73.31, 31.78], [73.26, 31.78], [73.25, 31.790000000000003], [73.22, 31.790000000000003], [73.17, 31.880000000000003], [73.17, 31.910000000000004], [73.18, 31.92], [73.18, 31.930000000000003], [73.21000000000001, 31.980000000000004], [73.23, 32.03], [73.31, 32.13], [73.34, 32.14], [73.37, 32.160000000000004], [73.39, 32.160000000000004], [73.42, 32.18], [73.43, 32.18], [73.48, 32.230000000000004]]]}}, {"type": "Feature", "properties": {"na": "NA-76", "src": "commons-1993", "approx": false}, "geometry": {"type": "Polygon", "coordinates": [[[74.16, 32.370000000000005], [74.17, 32.370000000000005], [74.19, 32.35], [74.21000000000001, 32.35], [74.22, 32.34], [74.23, 32.290000000000006], [74.25, 32.260000000000005], [74.28, 32.260000000000005], [74.28, 32.22], [74.27, 32.21], [74.27, 32.190000000000005], [74.23, 32.150000000000006], [74.21000000000001, 32.150000000000006], [74.2, 32.14], [74.16, 32.14], [74.14, 32.160000000000004], [74.13, 32.160000000000004], [74.12, 32.150000000000006], [74.1, 32.150000000000006], [74.09, 32.14], [74.06, 32.14], [74.03, 32.17], [74.03, 32.2], [74.01, 32.22], [74.01, 32.260000000000005], [74.02, 32.27], [74.02, 32.300000000000004], [74.03, 32.31], [74.03, 32.330000000000005], [74.1, 32.330000000000005], [74.16, 32.370000000000005]]]}}, {"type": "Feature", "properties": {"na": "NA-77", "src": "commons-1993", "approx": false}, "geometry": {"type": "Polygon", "coordinates": [[[74.29, 32.25], [74.31, 32.25], [74.32, 32.24], [74.32, 32.230000000000004], [74.34, 32.21], [74.35, 32.18], [74.37, 32.160000000000004], [74.46000000000001, 32.160000000000004], [74.54, 32.050000000000004], [74.47, 32.02], [74.35, 31.900000000000002], [74.34, 31.900000000000002], [74.34, 31.910000000000004], [74.32, 31.940000000000005], [74.32, 31.96], [74.29, 32.010000000000005], [74.3, 32.02], [74.3, 32.050000000000004], [74.23, 32.14], [74.28, 32.190000000000005], [74.28, 32.21], [74.29, 32.22], [74.29, 32.25]]]}}, {"type": "Feature", "properties": {"na": "NA-78", "src": "commons-1993", "approx": false}, "geometry": {"type": "Polygon", "coordinates": [[[74.13, 32.150000000000006], [74.14, 32.150000000000006], [74.16, 32.13], [74.2, 32.13], [74.21000000000001, 32.14], [74.22, 32.14], [74.24, 32.120000000000005], [74.24, 32.11], [74.29, 32.050000000000004], [74.29, 32.02], [74.28, 32.010000000000005], [74.31, 31.96], [74.31, 31.940000000000005], [74.33, 31.910000000000004], [74.33, 31.900000000000002], [74.2, 31.900000000000002], [74.16, 31.860000000000003], [74.15, 31.860000000000003], [74.13, 31.840000000000003], [74.02, 31.840000000000003], [74.01, 31.85], [73.9, 31.85], [73.86, 31.910000000000004], [73.86, 31.930000000000003], [73.88, 31.950000000000003], [73.88, 32.0], [73.89, 32.010000000000005], [73.88, 32.02], [73.88, 32.03], [73.93, 32.03], [73.97, 32.07], [73.97, 32.080000000000005], [73.99, 32.1], [74.03, 32.1], [74.06, 32.13], [74.09, 32.13], [74.1, 32.14], [74.12, 32.14], [74.13, 32.150000000000006]]]}}, {"type": "Feature", "properties": {"na": "NA-79", "src": "commons-1993", "approx": false}, "geometry": {"type": "Polygon", "coordinates": [[[73.72, 32.36], [73.74, 32.36], [73.74, 32.31], [73.79, 32.25], [73.8, 32.22], [73.81, 32.21], [73.82, 32.21], [73.85, 32.18], [73.9, 32.22], [73.92, 32.22], [73.93, 32.230000000000004], [73.96000000000001, 32.230000000000004], [73.97, 32.24], [73.99, 32.24], [74.0, 32.25], [74.0, 32.22], [74.02, 32.2], [74.02, 32.17], [74.05, 32.14], [74.05, 32.13], [74.03, 32.11], [73.99, 32.11], [73.93, 32.040000000000006], [73.88, 32.040000000000006], [73.87, 32.03], [73.87, 32.02], [73.88, 32.010000000000005], [73.87, 32.0], [73.87, 31.950000000000003], [73.85, 31.930000000000003], [73.84, 31.940000000000005], [73.84, 31.950000000000003], [73.82, 31.970000000000002], [73.82, 31.980000000000004], [73.8, 32.0], [73.79, 31.990000000000002], [73.78, 31.990000000000002], [73.76, 32.010000000000005], [73.73, 32.02], [73.73, 32.040000000000006], [73.72, 32.050000000000004], [73.71000000000001, 32.050000000000004], [73.7, 32.06], [73.68, 32.06], [73.65, 32.080000000000005], [73.64, 32.080000000000005], [73.61, 32.120000000000005], [73.56, 32.1], [73.53, 32.13], [73.54, 32.160000000000004], [73.49, 32.2], [73.49, 32.24], [73.52, 32.27], [73.53, 32.27], [73.54, 32.28], [73.55, 32.28], [73.58, 32.300000000000004], [73.63, 32.32], [73.64, 32.330000000000005], [73.65, 32.330000000000005], [73.66, 32.34], [73.67, 32.34], [73.68, 32.35], [73.71000000000001, 32.35], [73.72, 32.36]]]}}, {"type": "Feature", "properties": {"na": "NA-80", "src": "commons-1993", "approx": false}, "geometry": {"type": "Polygon", "coordinates": [[[74.18, 32.85], [74.24, 32.85], [74.25, 32.84], [74.27, 32.84], [74.3, 32.82], [74.31, 32.82], [74.33, 32.800000000000004], [74.34, 32.800000000000004], [74.36, 32.78], [74.4, 32.78], [74.41, 32.790000000000006], [74.43, 32.790000000000006], [74.43, 32.75], [74.44, 32.74], [74.44, 32.68], [74.4, 32.650000000000006], [74.39, 32.650000000000006], [74.37, 32.63], [74.36, 32.63], [74.34, 32.61], [74.25, 32.580000000000005], [74.23, 32.6], [74.23, 32.620000000000005], [74.24, 32.63], [74.24, 32.67], [74.21000000000001, 32.690000000000005], [74.2, 32.690000000000005], [74.18, 32.71], [74.17, 32.71], [74.17, 32.72], [74.16, 32.730000000000004], [74.16, 32.760000000000005], [74.17, 32.77], [74.17, 32.830000000000005], [74.18, 32.84], [74.18, 32.85]]]}}, {"type": "Feature", "properties": {"na": "NA-81", "src": "commons-1993", "approx": false}, "geometry": {"type": "Polygon", "coordinates": [[[74.14, 32.760000000000005], [74.15, 32.760000000000005], [74.15, 32.730000000000004], [74.16, 32.72], [74.16, 32.71], [74.17, 32.7], [74.18, 32.7], [74.2, 32.68], [74.23, 32.67], [74.23, 32.63], [74.22, 32.620000000000005], [74.22, 32.6], [74.24, 32.580000000000005], [74.23, 32.580000000000005], [74.22, 32.57], [74.2, 32.57], [74.18, 32.550000000000004], [74.17, 32.550000000000004], [74.14, 32.53], [74.12, 32.53], [74.11, 32.52], [74.06, 32.5], [73.99, 32.43], [73.97, 32.43], [73.96000000000001, 32.42], [73.96000000000001, 32.440000000000005], [73.9, 32.5], [73.85, 32.52], [73.84, 32.550000000000004], [73.83, 32.56], [73.89, 32.620000000000005], [73.89, 32.63], [73.92, 32.660000000000004], [73.92, 32.67], [73.93, 32.68], [73.96000000000001, 32.68], [73.97, 32.690000000000005], [74.01, 32.690000000000005], [74.02, 32.7], [74.07, 32.7], [74.14, 32.760000000000005]]]}}, {"type": "Feature", "properties": {"na": "NA-82", "src": "commons-1993", "approx": false}, "geometry": {"type": "Polygon", "coordinates": [[[73.94, 33.03], [73.97, 32.99], [73.97, 32.980000000000004], [73.99, 32.96], [74.0, 32.96], [74.03, 32.940000000000005], [74.05, 32.940000000000005], [74.1, 32.910000000000004], [74.11, 32.910000000000004], [74.14, 32.89], [74.16, 32.89], [74.21000000000001, 32.86], [74.18, 32.86], [74.17, 32.85], [74.17, 32.84], [74.16, 32.830000000000005], [74.16, 32.77], [74.14, 32.77], [74.07, 32.71], [74.03, 32.71], [74.02, 32.72], [74.01, 32.75], [73.93, 32.830000000000005], [73.85, 32.830000000000005], [73.81, 32.86], [73.8, 32.86], [73.78, 32.88], [73.67, 32.88], [73.72, 32.93], [73.73, 32.93], [73.82, 33.02], [73.93, 33.02], [73.94, 33.03]]]}}, {"type": "Feature", "properties": {"na": "NA-83", "src": "commons-1993", "approx": false}, "geometry": {"type": "Polygon", "coordinates": [[[73.66, 32.870000000000005], [73.78, 32.870000000000005], [73.8, 32.85], [73.81, 32.85], [73.85, 32.82], [73.93, 32.82], [74.0, 32.75], [74.0, 32.74], [74.02, 32.71], [74.01, 32.7], [73.97, 32.7], [73.96000000000001, 32.690000000000005], [73.93, 32.690000000000005], [73.91, 32.67], [73.91, 32.660000000000004], [73.88, 32.63], [73.88, 32.620000000000005], [73.82, 32.56], [73.84, 32.53], [73.84, 32.510000000000005], [73.83, 32.510000000000005], [73.8, 32.49], [73.76, 32.49], [73.75, 32.5], [73.74, 32.5], [73.71000000000001, 32.480000000000004], [73.66, 32.480000000000004], [73.58, 32.550000000000004], [73.58, 32.56], [73.51, 32.63], [73.5, 32.63], [73.5, 32.64], [73.49, 32.650000000000006], [73.49, 32.67], [73.5, 32.68], [73.51, 32.68], [73.55, 32.72], [73.56, 32.72], [73.61, 32.77], [73.63, 32.830000000000005], [73.66, 32.870000000000005]]]}}, {"type": "Feature", "properties": {"na": "NA-84", "src": "commons-1993", "approx": false}, "geometry": {"type": "Polygon", "coordinates": [[[73.46000000000001, 32.660000000000004], [73.48, 32.660000000000004], [73.49, 32.63], [73.5, 32.620000000000005], [73.51, 32.620000000000005], [73.57, 32.56], [73.57, 32.550000000000004], [73.66, 32.47], [73.71000000000001, 32.47], [73.74, 32.49], [73.75, 32.49], [73.76, 32.480000000000004], [73.8, 32.480000000000004], [73.85, 32.510000000000005], [73.86, 32.510000000000005], [73.89, 32.49], [73.9, 32.49], [73.95, 32.440000000000005], [73.95, 32.42], [73.93, 32.42], [73.92, 32.410000000000004], [73.9, 32.410000000000004], [73.89, 32.400000000000006], [73.86, 32.400000000000006], [73.85, 32.39], [73.81, 32.39], [73.8, 32.38], [73.77, 32.38], [73.76, 32.370000000000005], [73.72, 32.370000000000005], [73.71000000000001, 32.36], [73.68, 32.36], [73.59, 32.31], [73.54, 32.290000000000006], [73.53, 32.28], [73.52, 32.28], [73.43, 32.190000000000005], [73.42, 32.190000000000005], [73.39, 32.17], [73.37, 32.17], [73.32, 32.14], [73.3, 32.14], [73.3, 32.150000000000006], [73.26, 32.2], [73.25, 32.230000000000004], [73.21000000000001, 32.28], [73.16, 32.25], [73.15, 32.260000000000005], [73.15, 32.28], [73.13, 32.31], [73.12, 32.36], [73.11, 32.370000000000005], [73.11, 32.39], [73.09, 32.42], [73.09, 32.440000000000005], [73.08, 32.45], [73.14, 32.45], [73.15, 32.46], [73.16, 32.49], [73.17, 32.5], [73.17, 32.52], [73.18, 32.53], [73.2, 32.580000000000005], [73.21000000000001, 32.580000000000005], [73.22, 32.59], [73.25, 32.59], [73.26, 32.6], [73.28, 32.6], [73.29, 32.61], [73.31, 32.61], [73.32, 32.620000000000005], [73.35, 32.620000000000005], [73.36, 32.63], [73.41, 32.64], [73.42, 32.650000000000006], [73.45, 32.650000000000006], [73.46000000000001, 32.660000000000004]]]}}, {"type": "Feature", "properties": {"na": "NA-85", "src": "commons-1993", "approx": false}, "geometry": {"type": "Polygon", "coordinates": [[[74.44, 32.800000000000004], [74.46000000000001, 32.800000000000004], [74.48, 32.78], [74.49, 32.78], [74.51, 32.760000000000005], [74.52, 32.760000000000005], [74.54, 32.74], [74.57, 32.74], [74.58, 32.730000000000004], [74.61, 32.730000000000004], [74.62, 32.72], [74.65, 32.72], [74.65, 32.68], [74.64, 32.67], [74.64, 32.61], [74.65, 32.6], [74.65, 32.580000000000005], [74.66, 32.57], [74.66, 32.540000000000006], [74.59, 32.540000000000006], [74.59, 32.550000000000004], [74.58, 32.56], [74.58, 32.580000000000005], [74.56, 32.61], [74.55, 32.6], [74.53, 32.6], [74.52, 32.61], [74.54, 32.63], [74.52, 32.650000000000006], [74.5, 32.650000000000006], [74.48, 32.67], [74.48, 32.68], [74.47, 32.690000000000005], [74.47, 32.71], [74.44, 32.75], [74.44, 32.800000000000004]]]}}, {"type": "Feature", "properties": {"na": "NA-86", "src": "commons-1993", "approx": false}, "geometry": {"type": "Polygon", "coordinates": [[[74.45, 32.72], [74.46000000000001, 32.71], [74.46000000000001, 32.690000000000005], [74.47, 32.68], [74.47, 32.67], [74.5, 32.64], [74.52, 32.64], [74.53, 32.63], [74.51, 32.61], [74.53, 32.59], [74.55, 32.59], [74.56, 32.6], [74.58, 32.540000000000006], [74.59, 32.53], [74.61, 32.53], [74.58, 32.510000000000005], [74.6, 32.49], [74.6, 32.480000000000004], [74.57, 32.45], [74.54, 32.46], [74.5, 32.43], [74.44, 32.43], [74.43, 32.42], [74.42, 32.42], [74.4, 32.400000000000006], [74.4, 32.370000000000005], [74.36, 32.370000000000005], [74.35, 32.36], [74.36, 32.35], [74.35, 32.34], [74.33, 32.290000000000006], [74.31, 32.27], [74.31, 32.260000000000005], [74.29, 32.260000000000005], [74.28, 32.27], [74.25, 32.27], [74.25, 32.28], [74.24, 32.290000000000006], [74.24, 32.31], [74.23, 32.32], [74.23, 32.34], [74.22, 32.35], [74.22, 32.38], [74.21000000000001, 32.39], [74.21000000000001, 32.410000000000004], [74.2, 32.42], [74.2, 32.440000000000005], [74.19, 32.45], [74.19, 32.5], [74.2, 32.510000000000005], [74.2, 32.56], [74.22, 32.56], [74.23, 32.57], [74.26, 32.57], [74.27, 32.580000000000005], [74.29, 32.580000000000005], [74.3, 32.59], [74.32, 32.59], [74.33, 32.6], [74.34, 32.6], [74.36, 32.620000000000005], [74.37, 32.620000000000005], [74.39, 32.64], [74.4, 32.64], [74.45, 32.68], [74.45, 32.72]]]}}, {"type": "Feature", "properties": {"na": "NA-87", "src": "commons-1993", "approx": false}, "geometry": {"type": "Polygon", "coordinates": [[[74.54, 32.45], [74.55, 32.45], [74.57, 32.43], [74.57, 32.42], [74.6, 32.400000000000006], [74.66, 32.400000000000006], [74.66, 32.39], [74.68, 32.36], [74.68, 32.34], [74.69, 32.330000000000005], [74.71000000000001, 32.330000000000005], [74.72, 32.32], [74.73, 32.32], [74.74, 32.290000000000006], [74.75, 32.28], [74.76, 32.28], [74.77, 32.27], [74.78, 32.28], [74.79, 32.28], [74.8, 32.27], [74.8, 32.24], [74.81, 32.230000000000004], [74.82, 32.2], [74.84, 32.18], [74.84, 32.17], [74.85, 32.160000000000004], [74.8, 32.160000000000004], [74.79, 32.17], [74.77, 32.17], [74.76, 32.18], [74.75, 32.17], [74.74, 32.17], [74.72, 32.150000000000006], [74.67, 32.13], [74.65, 32.11], [74.62, 32.1], [74.57, 32.14], [74.55, 32.14], [74.54, 32.150000000000006], [74.51, 32.150000000000006], [74.5, 32.14], [74.48, 32.14], [74.48, 32.150000000000006], [74.46000000000001, 32.17], [74.37, 32.17], [74.36, 32.18], [74.35, 32.21], [74.32, 32.25], [74.32, 32.27], [74.34, 32.290000000000006], [74.35, 32.32], [74.37, 32.35], [74.36, 32.36], [74.4, 32.36], [74.41, 32.370000000000005], [74.41, 32.400000000000006], [74.44, 32.42], [74.5, 32.42], [74.54, 32.45]]]}}, {"type": "Feature", "properties": {"na": "NA-88", "src": "commons-1993", "approx": false}, "geometry": {"type": "Polygon", "coordinates": [[[74.67, 32.540000000000006], [74.67, 32.52], [74.69, 32.5], [74.84, 32.5], [74.84, 32.47], [74.85, 32.46], [74.85, 32.440000000000005], [74.82, 32.39], [74.83, 32.34], [74.79, 32.290000000000006], [74.78, 32.290000000000006], [74.77, 32.28], [74.76, 32.290000000000006], [74.75, 32.290000000000006], [74.75, 32.300000000000004], [74.73, 32.330000000000005], [74.72, 32.330000000000005], [74.71000000000001, 32.34], [74.69, 32.34], [74.69, 32.36], [74.66, 32.410000000000004], [74.6, 32.410000000000004], [74.59, 32.42], [74.58, 32.42], [74.58, 32.43], [74.57, 32.440000000000005], [74.61, 32.480000000000004], [74.61, 32.49], [74.59, 32.510000000000005], [74.6, 32.510000000000005], [74.62, 32.53], [74.66, 32.53], [74.67, 32.540000000000006]]]}}, {"type": "Feature", "properties": {"na": "NA-89", "src": "commons-1993", "approx": false}, "geometry": {"type": "Polygon", "coordinates": [[[74.85, 32.5], [74.86, 32.49], [74.88, 32.49], [74.89, 32.480000000000004], [74.9, 32.480000000000004], [74.91, 32.47], [75.07, 32.47], [75.08, 32.480000000000004], [75.18, 32.42], [75.14, 32.42], [75.13, 32.410000000000004], [75.11, 32.410000000000004], [75.1, 32.400000000000006], [75.07, 32.400000000000006], [75.03, 32.36], [75.03, 32.34], [75.05, 32.32], [75.05, 32.300000000000004], [75.06, 32.290000000000006], [75.06, 32.27], [75.07, 32.260000000000005], [75.06, 32.25], [75.06, 32.190000000000005], [75.05, 32.18], [75.05, 32.1], [75.04, 32.09], [75.04, 32.06], [75.03, 32.07], [75.02, 32.07], [75.0, 32.09], [74.99, 32.09], [74.97, 32.11], [74.96000000000001, 32.11], [74.94, 32.13], [74.93, 32.13], [74.91, 32.150000000000006], [74.87, 32.150000000000006], [74.85, 32.17], [74.85, 32.18], [74.83, 32.2], [74.83, 32.21], [74.81, 32.24], [74.81, 32.27], [74.8, 32.28], [74.8, 32.290000000000006], [74.84, 32.34], [74.83, 32.39], [74.86, 32.440000000000005], [74.86, 32.46], [74.85, 32.47], [74.85, 32.5]]]}}, {"type": "Feature", "properties": {"na": "NA-90", "src": "commons-1993", "approx": false, "confidence": "low"}, "geometry": {"type": "Polygon", "coordinates": [[[75.14, 32.410000000000004], [75.2, 32.410000000000004], [75.23, 32.39], [75.28, 32.370000000000005], [75.3, 32.35], [75.33, 32.34], [75.33, 32.330000000000005], [75.34, 32.32], [75.34, 32.300000000000004], [75.36, 32.27], [75.36, 32.25], [75.37, 32.24], [75.37, 32.230000000000004], [75.23, 32.09], [75.2, 32.09], [75.19, 32.080000000000005], [75.16, 32.080000000000005], [75.15, 32.07], [75.12, 32.07], [75.11, 32.06], [75.08, 32.06], [75.07, 32.050000000000004], [75.05, 32.050000000000004], [75.05, 32.09], [75.06, 32.1], [75.06, 32.18], [75.07, 32.190000000000005], [75.07, 32.25], [75.08, 32.260000000000005], [75.07, 32.27], [75.06, 32.32], [75.04, 32.34], [75.04, 32.36], [75.07, 32.39], [75.1, 32.39], [75.11, 32.400000000000006], [75.13, 32.400000000000006], [75.14, 32.410000000000004]]]}}, {"type": "Feature", "properties": {"na": "NA-91", "src": "commons-1993", "approx": false, "confidence": "low"}, "geometry": {"type": "Polygon", "coordinates": [[[74.76, 32.17], [74.77, 32.160000000000004], [74.79, 32.160000000000004], [74.8, 32.150000000000006], [74.86, 32.150000000000006], [74.87, 32.14], [74.91, 32.14], [74.93, 32.120000000000005], [74.94, 32.120000000000005], [74.96000000000001, 32.1], [74.97, 32.1], [74.99, 32.080000000000005], [75.0, 32.080000000000005], [75.02, 32.06], [75.03, 32.06], [75.04, 32.050000000000004], [75.03, 32.040000000000006], [75.0, 32.040000000000006], [74.99, 32.03], [74.97, 32.050000000000004], [74.96000000000001, 32.050000000000004], [74.94, 32.07], [74.93, 32.07], [74.8, 31.950000000000003], [74.77, 31.950000000000003], [74.76, 31.940000000000005], [74.74, 31.940000000000005], [74.73, 31.930000000000003], [74.69, 31.930000000000003], [74.69, 31.940000000000005], [74.66, 31.970000000000002], [74.66, 31.980000000000004], [74.63, 32.010000000000005], [74.63, 32.02], [74.6, 32.050000000000004], [74.6, 32.06], [74.59, 32.07], [74.57, 32.07], [74.55, 32.050000000000004], [74.54, 32.06], [74.54, 32.07], [74.49, 32.13], [74.5, 32.13], [74.51, 32.14], [74.54, 32.14], [74.55, 32.13], [74.57, 32.13], [74.59, 32.11], [74.6, 32.11], [74.62, 32.09], [74.63, 32.09], [74.64, 32.1], [74.65, 32.1], [74.67, 32.120000000000005], [74.72, 32.14], [74.74, 32.160000000000004], [74.75, 32.160000000000004], [74.76, 32.17]]]}}, {"type": "Feature", "properties": {"na": "NA-92", "src": "commons-1993-inset", "approx": false}, "geometry": {"type": "Polygon", "coordinates": [[[74.29, 31.660000000000004], [74.34, 31.660000000000004], [74.35, 31.650000000000002], [74.39, 31.650000000000002], [74.39, 31.64], [74.36, 31.620000000000005], [74.33, 31.620000000000005], [74.3, 31.6], [74.29, 31.6], [74.28, 31.590000000000003], [74.29, 31.580000000000002], [74.29, 31.560000000000002], [74.28, 31.550000000000004], [74.27, 31.550000000000004], [74.26, 31.540000000000003], [74.25, 31.550000000000004], [74.23, 31.550000000000004], [74.25, 31.570000000000004], [74.27, 31.620000000000005], [74.29, 31.650000000000002], [74.29, 31.660000000000004]]]}}, {"type": "Feature", "properties": {"na": "NA-93", "src": "commons-1993-inset", "approx": false}, "geometry": {"type": "Polygon", "coordinates": [[[74.37, 31.620000000000005], [74.42, 31.610000000000003], [74.42, 31.590000000000003], [74.4, 31.590000000000003], [74.39, 31.580000000000002], [74.39, 31.560000000000002], [74.38, 31.560000000000002], [74.36, 31.540000000000003], [74.35, 31.540000000000003], [74.35, 31.550000000000004], [74.34, 31.560000000000002], [74.32, 31.560000000000002], [74.31, 31.550000000000004], [74.3, 31.550000000000004], [74.3, 31.580000000000002], [74.29, 31.590000000000003], [74.32, 31.6], [74.33, 31.610000000000003], [74.36, 31.610000000000003], [74.37, 31.620000000000005]]]}}, {"type": "Feature", "properties": {"na": "NA-94", "src": "commons-1993-inset", "approx": false}, "geometry": {"type": "Polygon", "coordinates": [[[74.51, 31.71], [74.52, 31.71], [74.52, 31.650000000000002], [74.54, 31.630000000000003], [74.57, 31.620000000000005], [74.6, 31.550000000000004], [74.61, 31.540000000000003], [74.55, 31.540000000000003], [74.54, 31.53], [74.54, 31.520000000000003], [74.42, 31.520000000000003], [74.42, 31.53], [74.41, 31.540000000000003], [74.37, 31.540000000000003], [74.4, 31.560000000000002], [74.4, 31.580000000000002], [74.42, 31.580000000000002], [74.43, 31.590000000000003], [74.43, 31.610000000000003], [74.42, 31.620000000000005], [74.4, 31.620000000000005], [74.39, 31.630000000000003], [74.44, 31.67], [74.49, 31.690000000000005], [74.51, 31.71]]]}}, {"type": "Feature", "properties": {"na": "NA-95", "src": "commons-1993-inset", "approx": false}, "geometry": {"type": "Polygon", "coordinates": [[[74.41, 31.51], [74.56, 31.51], [74.54, 31.490000000000002], [74.56, 31.470000000000002], [74.59, 31.470000000000002], [74.6, 31.46], [74.63, 31.46], [74.63, 31.450000000000003], [74.62, 31.440000000000005], [74.62, 31.430000000000003], [74.6, 31.410000000000004], [74.59, 31.380000000000003], [74.57, 31.35], [74.56, 31.360000000000003], [74.46000000000001, 31.360000000000003], [74.44, 31.340000000000003], [74.44, 31.320000000000004], [74.43, 31.310000000000002], [74.43, 31.300000000000004], [74.31, 31.300000000000004], [74.32, 31.310000000000002], [74.33, 31.310000000000002], [74.34, 31.320000000000004], [74.36, 31.320000000000004], [74.37, 31.330000000000002], [74.37, 31.35], [74.39, 31.370000000000005], [74.39, 31.39], [74.4, 31.400000000000002], [74.4, 31.410000000000004], [74.39, 31.42], [74.38, 31.42], [74.38, 31.430000000000003], [74.39, 31.430000000000003], [74.43, 31.470000000000002], [74.43, 31.480000000000004], [74.44, 31.480000000000004], [74.45, 31.490000000000002], [74.44, 31.500000000000004], [74.41, 31.500000000000004], [74.41, 31.51]]]}}, {"type": "Feature", "properties": {"na": "NA-96", "src": "commons-1993", "approx": false}, "geometry": {"type": "MultiPolygon", "coordinates": [[[[74.55, 31.53], [74.61, 31.53], [74.62, 31.520000000000003], [74.64, 31.470000000000002], [74.6, 31.470000000000002], [74.59, 31.480000000000004], [74.56, 31.480000000000004], [74.55, 31.490000000000002], [74.56, 31.500000000000004], [74.58, 31.500000000000004], [74.59, 31.51], [74.58, 31.520000000000003], [74.55, 31.520000000000003], [74.55, 31.53]]], [[[74.53, 31.690000000000005], [74.54, 31.680000000000003], [74.56, 31.630000000000003], [74.53, 31.650000000000002], [74.53, 31.690000000000005]]]]}}, {"type": "Feature", "properties": {"na": "NA-97", "src": "commons-1993-inset", "approx": false}, "geometry": {"type": "Polygon", "coordinates": [[[74.37, 31.430000000000003], [74.37, 31.42], [74.38, 31.410000000000004], [74.39, 31.410000000000004], [74.39, 31.400000000000002], [74.38, 31.39], [74.38, 31.370000000000005], [74.36, 31.35], [74.36, 31.330000000000002], [74.31, 31.320000000000004], [74.3, 31.310000000000002], [74.3, 31.300000000000004], [74.26, 31.300000000000004], [74.25, 31.290000000000003], [74.23, 31.290000000000003], [74.19, 31.330000000000002], [74.19, 31.340000000000003], [74.18, 31.35], [74.18, 31.370000000000005], [74.2, 31.370000000000005], [74.26, 31.42], [74.3, 31.42], [74.31, 31.410000000000004], [74.35, 31.410000000000004], [74.37, 31.430000000000003]]]}}, {"type": "Feature", "properties": {"na": "NA-98", "src": "commons-1993-inset", "approx": false}, "geometry": {"type": "Polygon", "coordinates": [[[74.21000000000001, 31.520000000000003], [74.22, 31.51], [74.25, 31.51], [74.26, 31.500000000000004], [74.28, 31.500000000000004], [74.3, 31.480000000000004], [74.33, 31.470000000000002], [74.33, 31.46], [74.32, 31.450000000000003], [74.31, 31.450000000000003], [74.29, 31.430000000000003], [74.25, 31.430000000000003], [74.23, 31.410000000000004], [74.22, 31.410000000000004], [74.17, 31.370000000000005], [74.17, 31.39], [74.18, 31.400000000000002], [74.18, 31.410000000000004], [74.17, 31.42], [74.15, 31.42], [74.14, 31.450000000000003], [74.21000000000001, 31.520000000000003]]]}}, {"type": "Feature", "properties": {"na": "NA-99", "src": "commons-1993", "approx": false}, "geometry": {"type": "Polygon", "coordinates": [[[74.29, 31.550000000000004], [74.3, 31.540000000000003], [74.31, 31.540000000000003], [74.32, 31.550000000000004], [74.34, 31.550000000000004], [74.34, 31.540000000000003], [74.35, 31.53], [74.41, 31.53], [74.4, 31.500000000000004], [74.41, 31.490000000000002], [74.43, 31.490000000000002], [74.42, 31.480000000000004], [74.42, 31.470000000000002], [74.39, 31.440000000000005], [74.37, 31.440000000000005], [74.35, 31.42], [74.31, 31.42], [74.3, 31.430000000000003], [74.34, 31.46], [74.34, 31.470000000000002], [74.31, 31.490000000000002], [74.3, 31.490000000000002], [74.28, 31.51], [74.26, 31.51], [74.25, 31.520000000000003], [74.22, 31.520000000000003], [74.22, 31.540000000000003], [74.25, 31.540000000000003], [74.26, 31.53], [74.29, 31.550000000000004]]]}}, {"type": "Feature", "properties": {"na": "NA-100", "src": "commons-1993", "approx": false, "confidence": "low"}, "geometry": {"type": "Polygon", "coordinates": [[[74.04, 31.330000000000002], [74.06, 31.330000000000002], [74.06, 31.290000000000003], [74.04, 31.310000000000002], [74.04, 31.330000000000002]]]}}, {"type": "Feature", "properties": {"na": "NA-101", "src": "commons-1993", "approx": false, "confidence": "low"}, "geometry": {"type": "Polygon", "coordinates": [[[74.57, 32.06], [74.59, 32.06], [74.59, 32.050000000000004], [74.62, 32.02], [74.62, 32.010000000000005], [74.65, 31.980000000000004], [74.66, 31.950000000000003], [74.65, 31.950000000000003], [74.61, 31.910000000000004], [74.6, 31.910000000000004], [74.56, 31.870000000000005], [74.55, 31.870000000000005], [74.51, 31.830000000000002], [74.5, 31.830000000000002], [74.42, 31.750000000000004], [74.41, 31.750000000000004], [74.4, 31.740000000000002], [74.4, 31.720000000000002], [74.38, 31.720000000000002], [74.37, 31.71], [74.38, 31.700000000000003], [74.41, 31.690000000000005], [74.41, 31.680000000000003], [74.42, 31.67], [74.42, 31.660000000000004], [74.41, 31.660000000000004], [74.4, 31.650000000000002], [74.39, 31.660000000000004], [74.35, 31.660000000000004], [74.34, 31.67], [74.33, 31.67], [74.34, 31.680000000000003], [74.32, 31.700000000000003], [74.32, 31.71], [74.31, 31.720000000000002], [74.3, 31.71], [74.26, 31.71], [74.26, 31.730000000000004], [74.24, 31.750000000000004], [74.15, 31.750000000000004], [74.14, 31.76], [74.13, 31.76], [74.08, 31.820000000000004], [74.08, 31.830000000000002], [74.13, 31.830000000000002], [74.15, 31.85], [74.16, 31.85], [74.2, 31.89], [74.35, 31.89], [74.47, 32.010000000000005], [74.52, 32.03], [74.53, 32.040000000000006], [74.55, 32.040000000000006], [74.57, 32.06]]]}}, {"type": "Feature", "properties": {"na": "NA-102", "src": "commons-1993", "approx": false, "confidence": "low"}, "geometry": {"type": "Polygon", "coordinates": [[[74.39, 31.71], [74.4, 31.71], [74.41, 31.720000000000002], [74.41, 31.740000000000002], [74.42, 31.740000000000002], [74.5, 31.820000000000004], [74.51, 31.820000000000004], [74.55, 31.860000000000003], [74.56, 31.860000000000003], [74.65, 31.940000000000005], [74.66, 31.940000000000005], [74.67, 31.950000000000003], [74.68, 31.940000000000005], [74.68, 31.930000000000003], [74.69, 31.92], [74.68, 31.92], [74.64, 31.89], [74.63, 31.89], [74.61, 31.870000000000005], [74.58, 31.860000000000003], [74.54, 31.830000000000002], [74.54, 31.810000000000002], [74.53, 31.800000000000004], [74.53, 31.750000000000004], [74.52, 31.740000000000002], [74.52, 31.720000000000002], [74.51, 31.720000000000002], [74.49, 31.700000000000003], [74.44, 31.680000000000003], [74.43, 31.67], [74.42, 31.680000000000003], [74.42, 31.690000000000005], [74.39, 31.71]]]}}, {"type": "Feature", "properties": {"na": "NA-103", "src": "commons-1993", "approx": false}, "geometry": {"type": "MultiPolygon", "coordinates": [[[[73.87, 31.880000000000003], [73.88, 31.870000000000005], [73.88, 31.860000000000003], [73.87, 31.870000000000005], [73.87, 31.880000000000003]]], [[[73.88, 31.860000000000003], [73.9, 31.840000000000003], [74.01, 31.840000000000003], [74.02, 31.830000000000002], [74.07, 31.830000000000002], [74.07, 31.820000000000004], [74.09, 31.800000000000004], [74.09, 31.790000000000003], [74.13, 31.750000000000004], [74.14, 31.750000000000004], [74.15, 31.740000000000002], [74.24, 31.740000000000002], [74.25, 31.730000000000004], [74.25, 31.71], [74.26, 31.700000000000003], [74.3, 31.700000000000003], [74.31, 31.71], [74.31, 31.700000000000003], [74.33, 31.680000000000003], [74.32, 31.67], [74.29, 31.67], [74.28, 31.660000000000004], [74.28, 31.650000000000002], [74.27, 31.64], [74.24, 31.570000000000004], [74.16, 31.480000000000004], [74.12, 31.520000000000003], [74.12, 31.53], [74.1, 31.550000000000004], [74.1, 31.560000000000002], [74.06, 31.590000000000003], [74.05, 31.590000000000003], [74.04, 31.580000000000002], [73.98, 31.580000000000002], [73.97, 31.590000000000003], [73.92, 31.6], [73.92, 31.610000000000003], [73.91, 31.620000000000005], [73.91, 31.64], [73.89, 31.67], [73.89, 31.680000000000003], [73.9, 31.680000000000003], [73.92, 31.700000000000003], [73.93, 31.700000000000003], [73.94, 31.71], [73.94, 31.720000000000002], [73.9, 31.76], [73.88, 31.76], [73.87, 31.770000000000003], [73.85, 31.770000000000003], [73.84, 31.78], [73.84, 31.800000000000004], [73.87, 31.810000000000002], [73.88, 31.820000000000004], [73.88, 31.860000000000003]]]]}}, {"type": "Feature", "properties": {"na": "NA-104", "src": "commons-1993", "approx": false}, "geometry": {"type": "Polygon", "coordinates": [[[73.8, 31.990000000000002], [73.83, 31.950000000000003], [73.84, 31.92], [73.86, 31.900000000000002], [73.86, 31.870000000000005], [73.87, 31.860000000000003], [73.87, 31.820000000000004], [73.86, 31.820000000000004], [73.83, 31.800000000000004], [73.83, 31.78], [73.85, 31.76], [73.9, 31.750000000000004], [73.93, 31.720000000000002], [73.93, 31.71], [73.92, 31.71], [73.9, 31.690000000000005], [73.89, 31.690000000000005], [73.88, 31.680000000000003], [73.9, 31.630000000000003], [73.88, 31.610000000000003], [73.85, 31.610000000000003], [73.84, 31.620000000000005], [73.79, 31.620000000000005], [73.78, 31.610000000000003], [73.78, 31.590000000000003], [73.79, 31.580000000000002], [73.79, 31.550000000000004], [73.72, 31.520000000000003], [73.71000000000001, 31.51], [73.71000000000001, 31.46], [73.67, 31.42], [73.64, 31.46], [73.61, 31.46], [73.6, 31.450000000000003], [73.57, 31.450000000000003], [73.56, 31.440000000000005], [73.52, 31.440000000000005], [73.51, 31.430000000000003], [73.44, 31.64], [73.43, 31.650000000000002], [73.41, 31.650000000000002], [73.4, 31.660000000000004], [73.37, 31.660000000000004], [73.29, 31.770000000000003], [73.34, 31.78], [73.35, 31.790000000000003], [73.38, 31.790000000000003], [73.39, 31.800000000000004], [73.44, 31.810000000000002], [73.45, 31.820000000000004], [73.5, 31.830000000000002], [73.51, 31.840000000000003], [73.53, 31.840000000000003], [73.54, 31.85], [73.56, 31.85], [73.57, 31.860000000000003], [73.59, 31.860000000000003], [73.6, 31.870000000000005], [73.62, 31.870000000000005], [73.63, 31.880000000000003], [73.68, 31.89], [73.8, 31.990000000000002]]]}}, {"type": "Feature", "properties": {"na": "NA-105", "src": "commons-1993", "approx": false}, "geometry": {"type": "Polygon", "coordinates": [[[73.9, 31.620000000000005], [73.92, 31.590000000000003], [73.94, 31.590000000000003], [73.95, 31.580000000000002], [73.97, 31.580000000000002], [73.98, 31.570000000000004], [74.04, 31.570000000000004], [74.05, 31.580000000000002], [74.08, 31.570000000000004], [74.11, 31.53], [74.11, 31.520000000000003], [74.15, 31.480000000000004], [74.15, 31.470000000000002], [74.07, 31.380000000000003], [74.02, 31.380000000000003], [74.01, 31.370000000000005], [74.02, 31.360000000000003], [74.02, 31.340000000000003], [74.03, 31.330000000000002], [74.03, 31.320000000000004], [73.99, 31.320000000000004], [73.98, 31.310000000000002], [73.94, 31.310000000000002], [73.92, 31.290000000000003], [73.9, 31.240000000000002], [73.87, 31.240000000000002], [73.86, 31.230000000000004], [73.83, 31.230000000000004], [73.82, 31.220000000000002], [73.79, 31.220000000000002], [73.78, 31.21], [73.75, 31.21], [73.74, 31.200000000000003], [73.73, 31.200000000000003], [73.71000000000001, 31.180000000000003], [73.7, 31.180000000000003], [73.68, 31.160000000000004], [73.65, 31.150000000000002], [73.6, 31.1], [73.48, 31.1], [73.44, 31.070000000000004], [73.41, 31.060000000000002], [73.39, 31.040000000000003], [73.39, 31.050000000000004], [73.4, 31.060000000000002], [73.4, 31.070000000000004], [73.43, 31.120000000000005], [73.45, 31.17], [73.5, 31.180000000000003], [73.64, 31.290000000000003], [73.64, 31.300000000000004], [73.66, 31.330000000000002], [73.66, 31.35], [73.68, 31.380000000000003], [73.68, 31.400000000000002], [73.67, 31.410000000000004], [73.72, 31.46], [73.72, 31.51], [73.79, 31.540000000000003], [73.8, 31.550000000000004], [73.8, 31.580000000000002], [73.79, 31.590000000000003], [73.79, 31.610000000000003], [73.84, 31.610000000000003], [73.85, 31.6], [73.88, 31.6], [73.9, 31.620000000000005]]]}}, {"type": "Feature", "properties": {"na": "NA-106", "src": "commons-1993", "approx": false, "confidence": "low"}, "geometry": {"type": "Polygon", "coordinates": [[[74.46000000000001, 31.35], [74.56, 31.35], [74.56, 31.340000000000003], [74.53, 31.320000000000004], [74.53, 31.300000000000004], [74.52, 31.290000000000003], [74.52, 31.28], [74.49, 31.28], [74.45, 31.230000000000004], [74.43, 31.230000000000004], [74.42, 31.220000000000002], [74.39, 31.220000000000002], [74.37, 31.190000000000005], [74.34, 31.190000000000005], [74.33, 31.180000000000003], [74.32, 31.180000000000003], [74.28, 31.14], [74.27, 31.14], [74.25, 31.120000000000005], [74.23, 31.120000000000005], [74.2, 31.080000000000002], [74.19, 31.080000000000002], [74.18, 31.090000000000003], [74.18, 31.130000000000003], [74.17, 31.14], [74.16, 31.14], [74.15, 31.130000000000003], [74.08, 31.130000000000003], [74.07, 31.14], [74.07, 31.150000000000002], [74.05, 31.17], [74.04, 31.17], [74.04, 31.190000000000005], [74.03, 31.200000000000003], [74.0, 31.200000000000003], [73.99, 31.21], [73.98, 31.21], [73.96000000000001, 31.230000000000004], [73.96000000000001, 31.250000000000004], [73.97, 31.26], [73.95, 31.290000000000003], [73.95, 31.300000000000004], [73.98, 31.300000000000004], [73.99, 31.310000000000002], [74.03, 31.310000000000002], [74.07, 31.270000000000003], [74.08, 31.28], [74.25, 31.28], [74.26, 31.290000000000003], [74.43, 31.290000000000003], [74.45, 31.320000000000004], [74.45, 31.340000000000003], [74.46000000000001, 31.35]]]}}, {"type": "Feature", "properties": {"na": "NA-107", "src": "commons-1993", "approx": false, "confidence": "low"}, "geometry": {"type": "Polygon", "coordinates": [[[74.57, 31.340000000000003], [74.57, 31.320000000000004], [74.56, 31.310000000000002], [74.56, 31.250000000000004], [74.55, 31.240000000000002], [74.55, 31.180000000000003], [74.54, 31.17], [74.54, 31.14], [74.55, 31.130000000000003], [74.58, 31.130000000000003], [74.59, 31.120000000000005], [74.63, 31.120000000000005], [74.64, 31.110000000000003], [74.67, 31.110000000000003], [74.67, 31.1], [74.65, 31.070000000000004], [74.65, 31.050000000000004], [74.64, 31.040000000000003], [74.64, 31.03], [74.59, 31.060000000000002], [74.57, 31.060000000000002], [74.56, 31.070000000000004], [74.55, 31.060000000000002], [74.54, 31.01], [74.52, 31.01], [74.51, 31.020000000000003], [74.52, 31.050000000000004], [74.51, 31.060000000000002], [74.49, 31.060000000000002], [74.47, 31.080000000000002], [74.46000000000001, 31.080000000000002], [74.46000000000001, 31.1], [74.44, 31.120000000000005], [74.41, 31.120000000000005], [74.39, 31.14], [74.35, 31.14], [74.32, 31.17], [74.33, 31.17], [74.34, 31.180000000000003], [74.37, 31.180000000000003], [74.39, 31.200000000000003], [74.39, 31.21], [74.42, 31.21], [74.43, 31.220000000000002], [74.45, 31.220000000000002], [74.48, 31.250000000000004], [74.48, 31.26], [74.49, 31.270000000000003], [74.52, 31.270000000000003], [74.53, 31.28], [74.53, 31.290000000000003], [74.54, 31.300000000000004], [74.54, 31.320000000000004], [74.55, 31.320000000000004], [74.57, 31.340000000000003]]]}}, {"type": "Feature", "properties": {"na": "NA-108", "src": "commons-1993", "approx": false, "confidence": "low"}, "geometry": {"type": "Polygon", "coordinates": [[[73.94, 31.300000000000004], [73.94, 31.290000000000003], [73.96000000000001, 31.26], [73.95, 31.250000000000004], [73.95, 31.230000000000004], [73.98, 31.200000000000003], [73.99, 31.200000000000003], [74.0, 31.190000000000005], [74.03, 31.190000000000005], [74.03, 31.17], [74.06, 31.150000000000002], [74.06, 31.14], [74.08, 31.120000000000005], [74.15, 31.120000000000005], [74.16, 31.130000000000003], [74.17, 31.130000000000003], [74.17, 31.090000000000003], [74.19, 31.070000000000004], [74.2, 31.070000000000004], [74.2, 31.060000000000002], [74.19, 31.050000000000004], [74.18, 31.050000000000004], [74.13, 31.000000000000004], [74.13, 30.940000000000005], [74.14, 30.930000000000003], [74.14, 30.92], [74.11, 30.89], [74.13, 30.870000000000005], [74.13, 30.840000000000003], [74.12, 30.830000000000002], [74.12, 30.810000000000002], [74.11, 30.800000000000004], [74.1, 30.770000000000003], [74.09, 30.770000000000003], [74.08, 30.78], [74.08, 30.790000000000003], [74.06, 30.810000000000002], [73.99, 30.840000000000003], [73.98, 30.85], [73.97, 30.85], [73.94, 30.870000000000005], [73.86, 30.870000000000005], [73.83, 30.910000000000004], [73.83, 30.92], [73.8, 30.950000000000003], [73.8, 30.96], [73.78, 30.980000000000004], [73.78, 30.990000000000002], [73.72, 31.050000000000004], [73.71000000000001, 31.050000000000004], [73.67, 31.090000000000003], [73.67, 31.110000000000003], [73.66, 31.120000000000005], [73.66, 31.14], [73.67, 31.150000000000002], [73.68, 31.150000000000002], [73.7, 31.17], [73.71000000000001, 31.17], [73.73, 31.190000000000005], [73.74, 31.190000000000005], [73.75, 31.200000000000003], [73.78, 31.200000000000003], [73.79, 31.21], [73.82, 31.21], [73.83, 31.220000000000002], [73.86, 31.220000000000002], [73.87, 31.230000000000004], [73.9, 31.230000000000004], [73.94, 31.300000000000004]]]}}, {"type": "Feature", "properties": {"na": "NA-109", "src": "commons-1993", "approx": false, "confidence": "low"}, "geometry": {"type": "Polygon", "coordinates": [[[74.31, 31.160000000000004], [74.32, 31.160000000000004], [74.35, 31.130000000000003], [74.39, 31.130000000000003], [74.41, 31.110000000000003], [74.44, 31.110000000000003], [74.45, 31.1], [74.45, 31.080000000000002], [74.46000000000001, 31.070000000000004], [74.47, 31.070000000000004], [74.49, 31.050000000000004], [74.51, 31.050000000000004], [74.5, 31.020000000000003], [74.52, 31.000000000000004], [74.53, 31.000000000000004], [74.52, 30.990000000000002], [74.5, 30.990000000000002], [74.49, 30.980000000000004], [74.48, 30.980000000000004], [74.42, 30.930000000000003], [74.41, 30.930000000000003], [74.38, 30.900000000000002], [74.37, 30.900000000000002], [74.34, 30.870000000000005], [74.33, 30.870000000000005], [74.3, 30.830000000000002], [74.3, 30.800000000000004], [74.29, 30.790000000000003], [74.29, 30.76], [74.28, 30.750000000000004], [74.28, 30.740000000000002], [74.27, 30.730000000000004], [74.26, 30.730000000000004], [74.23, 30.700000000000003], [74.22, 30.700000000000003], [74.19, 30.67], [74.16, 30.660000000000004], [74.16, 30.67], [74.14, 30.690000000000005], [74.14, 30.700000000000003], [74.12, 30.720000000000002], [74.12, 30.730000000000004], [74.1, 30.750000000000004], [74.1, 30.76], [74.13, 30.810000000000002], [74.13, 30.830000000000002], [74.14, 30.840000000000003], [74.14, 30.870000000000005], [74.12, 30.89], [74.15, 30.92], [74.15, 30.930000000000003], [74.14, 30.940000000000005], [74.14, 31.000000000000004], [74.18, 31.040000000000003], [74.19, 31.040000000000003], [74.21000000000001, 31.060000000000002], [74.21000000000001, 31.080000000000002], [74.23, 31.110000000000003], [74.25, 31.110000000000003], [74.31, 31.160000000000004]]]}}, {"type": "Feature", "properties": {"na": "NA-110", "src": "reconstructed", "approx": true}, "geometry": {"type": "MultiPolygon", "coordinates": [[[[73.65, 31.14], [73.66, 31.090000000000003], [73.77, 30.990000000000002], [73.77, 30.980000000000004], [73.79, 30.96], [73.79, 30.950000000000003], [73.82, 30.92], [73.8, 30.940000000000005], [73.77, 30.940000000000005], [73.76, 30.950000000000003], [73.75, 30.940000000000005], [73.74, 30.940000000000005], [73.73, 30.930000000000003], [73.73, 30.92], [73.7, 30.940000000000005], [73.69, 30.930000000000003], [73.67, 30.930000000000003], [73.66, 30.92], [73.61, 30.910000000000004], [73.59, 30.930000000000003], [73.55, 30.930000000000003], [73.54, 30.940000000000005], [73.49, 30.96], [73.44, 31.000000000000004], [73.41, 31.01], [73.38, 31.03], [73.39, 31.03], [73.41, 31.050000000000004], [73.44, 31.060000000000002], [73.48, 31.090000000000003], [73.6, 31.090000000000003], [73.65, 31.14]]], [[[73.72, 30.860000000000003], [73.75, 30.840000000000003], [73.75, 30.820000000000004], [73.72, 30.85], [73.72, 30.860000000000003]]]]}}, {"type": "Feature", "properties": {"na": "NA-111", "src": "commons-1993", "approx": false}, "geometry": {"type": "Polygon", "coordinates": [[[73.37, 31.020000000000003], [73.44, 30.990000000000002], [73.49, 30.950000000000003], [73.54, 30.930000000000003], [73.55, 30.92], [73.59, 30.92], [73.61, 30.900000000000002], [73.63, 30.900000000000002], [73.64, 30.910000000000004], [73.69, 30.92], [73.7, 30.930000000000003], [73.71000000000001, 30.92], [73.72, 30.92], [73.72, 30.910000000000004], [73.73, 30.900000000000002], [73.73, 30.89], [73.71000000000001, 30.870000000000005], [73.71000000000001, 30.85], [73.74, 30.820000000000004], [73.72, 30.820000000000004], [73.69, 30.790000000000003], [73.69, 30.78], [73.68, 30.770000000000003], [73.68, 30.740000000000002], [73.67, 30.730000000000004], [73.67, 30.720000000000002], [73.64, 30.720000000000002], [73.63, 30.71], [73.63, 30.700000000000003], [73.6, 30.690000000000005], [73.59, 30.680000000000003], [73.59, 30.660000000000004], [73.58, 30.650000000000002], [73.58, 30.610000000000003], [73.57, 30.620000000000005], [73.55, 30.620000000000005], [73.51, 30.580000000000002], [73.51, 30.540000000000003], [73.46000000000001, 30.570000000000004], [73.45, 30.560000000000002], [73.32, 30.560000000000002], [73.38, 30.64], [73.38, 30.700000000000003], [73.37, 30.71], [73.37, 30.78], [73.36, 30.790000000000003], [73.3, 30.790000000000003], [73.3, 30.810000000000002], [73.29, 30.820000000000004], [73.29, 30.860000000000003], [73.28, 30.870000000000005], [73.28, 30.910000000000004], [73.27, 30.92], [73.27, 30.950000000000003], [73.28, 30.950000000000003], [73.31, 30.980000000000004], [73.32, 30.980000000000004], [73.35, 31.01], [73.36, 31.01], [73.37, 31.020000000000003]]]}}, {"type": "Feature", "properties": {"na": "NA-112", "src": "commons-1993", "approx": false}, "geometry": {"type": "Polygon", "coordinates": [[[73.76, 30.940000000000005], [73.77, 30.930000000000003], [73.8, 30.930000000000003], [73.84, 30.89], [73.84, 30.880000000000003], [73.86, 30.860000000000003], [73.94, 30.860000000000003], [73.99, 30.830000000000002], [74.06, 30.800000000000004], [74.06, 30.790000000000003], [74.04, 30.770000000000003], [74.04, 30.750000000000004], [74.02, 30.720000000000002], [74.02, 30.71], [74.01, 30.71], [74.0, 30.700000000000003], [73.96000000000001, 30.700000000000003], [73.93, 30.680000000000003], [73.92, 30.680000000000003], [73.88, 30.64], [73.85, 30.64], [73.84, 30.630000000000003], [73.82, 30.630000000000003], [73.81, 30.620000000000005], [73.75, 30.620000000000005], [73.72, 30.64], [73.67, 30.64], [73.64, 30.610000000000003], [73.59, 30.610000000000003], [73.59, 30.650000000000002], [73.6, 30.660000000000004], [73.6, 30.680000000000003], [73.61, 30.680000000000003], [73.62, 30.690000000000005], [73.66, 30.690000000000005], [73.69, 30.740000000000002], [73.69, 30.770000000000003], [73.7, 30.78], [73.7, 30.790000000000003], [73.71000000000001, 30.790000000000003], [73.73, 30.810000000000002], [73.75, 30.810000000000002], [73.76, 30.820000000000004], [73.76, 30.840000000000003], [73.72, 30.870000000000005], [73.74, 30.89], [73.74, 30.930000000000003], [73.75, 30.930000000000003], [73.76, 30.940000000000005]]]}}, {"type": "Feature", "properties": {"na": "NA-113", "src": "commons-1997", "approx": false}, "geometry": {"type": "Polygon", "coordinates": [[[74.07, 30.790000000000003], [74.07, 30.78], [74.09, 30.76], [74.09, 30.750000000000004], [74.11, 30.730000000000004], [74.11, 30.720000000000002], [74.13, 30.700000000000003], [74.13, 30.690000000000005], [74.15, 30.67], [74.15, 30.660000000000004], [74.16, 30.650000000000002], [74.15, 30.64], [74.14, 30.64], [74.06, 30.570000000000004], [74.05, 30.570000000000004], [74.01, 30.53], [74.0, 30.53], [73.92, 30.46], [73.91, 30.430000000000003], [73.89, 30.410000000000004], [73.89, 30.400000000000002], [73.87, 30.370000000000005], [73.9, 30.340000000000003], [73.91, 30.340000000000003], [73.92, 30.330000000000002], [73.78, 30.330000000000002], [73.73, 30.270000000000003], [73.72, 30.28], [73.63, 30.28], [73.63, 30.380000000000003], [73.64, 30.39], [73.64, 30.480000000000004], [73.57, 30.520000000000003], [73.55, 30.520000000000003], [73.54, 30.53], [73.53, 30.53], [73.52, 30.540000000000003], [73.52, 30.580000000000002], [73.55, 30.610000000000003], [73.57, 30.610000000000003], [73.58, 30.6], [73.64, 30.6], [73.67, 30.630000000000003], [73.72, 30.630000000000003], [73.75, 30.610000000000003], [73.81, 30.610000000000003], [73.82, 30.620000000000005], [73.84, 30.620000000000005], [73.85, 30.630000000000003], [73.88, 30.630000000000003], [73.92, 30.67], [73.93, 30.67], [73.94, 30.680000000000003], [73.95, 30.680000000000003], [73.96000000000001, 30.690000000000005], [74.0, 30.690000000000005], [74.01, 30.700000000000003], [74.02, 30.700000000000003], [74.05, 30.750000000000004], [74.05, 30.770000000000003], [74.07, 30.790000000000003]]]}}, {"type": "Feature", "properties": {"na": "NA-114", "src": "commons-1993", "approx": false}, "geometry": {"type": "MultiPolygon", "coordinates": [[[[71.53, 30.430000000000003], [71.57, 30.430000000000003], [71.58, 30.42], [71.61, 30.42], [71.64, 30.35], [71.66, 30.330000000000002], [71.68, 30.330000000000002], [71.69, 30.320000000000004], [71.73, 30.320000000000004], [71.74, 30.310000000000002], [71.77, 30.310000000000002], [71.83, 30.26], [71.82, 30.250000000000004], [71.8, 30.200000000000003], [71.78, 30.180000000000003], [71.76, 30.130000000000003], [71.74, 30.110000000000003], [71.72, 30.060000000000002], [71.66, 30.020000000000003], [71.6, 30.020000000000003], [71.6, 30.040000000000003], [71.59, 30.050000000000004], [71.59, 30.1], [71.58, 30.110000000000003], [71.55, 30.110000000000003], [71.51, 30.14], [71.5, 30.14], [71.45, 30.110000000000003], [71.4, 30.110000000000003], [71.38, 30.130000000000003], [71.37, 30.130000000000003], [71.35, 30.150000000000002], [71.34, 30.150000000000002], [71.31, 30.120000000000005], [71.29, 30.120000000000005], [71.29, 30.130000000000003], [71.3, 30.14], [71.3, 30.17], [71.4, 30.28], [71.4, 30.290000000000003], [71.41, 30.300000000000004], [71.41, 30.330000000000002], [71.42, 30.340000000000003], [71.42, 30.35], [71.53, 30.430000000000003]]], [[[71.71000000000001, 29.950000000000003], [71.75, 29.950000000000003], [71.75, 29.940000000000005], [71.74, 29.940000000000005], [71.72, 29.92], [71.72, 29.940000000000005], [71.71000000000001, 29.950000000000003]]]]}}, {"type": "Feature", "properties": {"na": "NA-115", "src": "commons-1993", "approx": false}, "geometry": {"type": "MultiPolygon", "coordinates": [[[[71.58, 29.970000000000002], [71.61, 30.000000000000004], [71.61, 30.01], [71.64, 30.01], [71.58, 29.970000000000002]]], [[[71.58, 29.970000000000002], [71.63, 29.910000000000004], [71.68, 29.930000000000003], [71.69, 29.940000000000005], [71.71000000000001, 29.940000000000005], [71.71000000000001, 29.92], [71.66, 29.870000000000005], [71.66, 29.860000000000003], [71.65, 29.85], [71.65, 29.800000000000004], [71.64, 29.790000000000003], [71.64, 29.78], [71.61, 29.810000000000002], [71.6, 29.810000000000002], [71.59, 29.820000000000004], [71.55, 29.820000000000004], [71.54, 29.810000000000002], [71.51, 29.810000000000002], [71.48, 29.790000000000003], [71.46000000000001, 29.790000000000003], [71.45, 29.78], [71.43, 29.78], [71.42, 29.770000000000003], [71.31, 29.770000000000003], [71.3, 29.78], [71.25, 29.78], [71.24, 29.790000000000003], [71.23, 29.790000000000003], [71.22, 29.800000000000004], [71.22, 29.810000000000002], [71.19, 29.840000000000003], [71.18, 29.840000000000003], [71.18, 29.89], [71.19, 29.900000000000002], [71.19, 29.92], [71.21000000000001, 29.950000000000003], [71.21000000000001, 29.970000000000002], [71.22, 29.980000000000004], [71.22, 29.990000000000002], [71.24, 29.990000000000002], [71.25, 30.000000000000004], [71.26, 30.000000000000004], [71.3, 29.96], [71.38, 29.96], [71.41, 29.980000000000004], [71.42, 29.970000000000002], [71.43, 29.970000000000002], [71.45, 29.950000000000003], [71.47, 29.950000000000003], [71.48, 29.940000000000005], [71.52, 29.940000000000005], [71.56, 29.970000000000002], [71.58, 29.970000000000002]]]]}}, {"type": "Feature", "properties": {"na": "NA-116", "src": "commons-1993", "approx": false}, "geometry": {"type": "Polygon", "coordinates": [[[71.18, 29.830000000000002], [71.19, 29.830000000000002], [71.21000000000001, 29.810000000000002], [71.21000000000001, 29.800000000000004], [71.23, 29.78], [71.24, 29.78], [71.25, 29.770000000000003], [71.3, 29.770000000000003], [71.31, 29.76], [71.42, 29.76], [71.43, 29.770000000000003], [71.48, 29.78], [71.51, 29.800000000000004], [71.54, 29.800000000000004], [71.55, 29.810000000000002], [71.59, 29.810000000000002], [71.6, 29.800000000000004], [71.61, 29.800000000000004], [71.63, 29.78], [71.63, 29.770000000000003], [71.62, 29.770000000000003], [71.61, 29.76], [71.59, 29.76], [71.58, 29.750000000000004], [71.51, 29.750000000000004], [71.48, 29.71], [71.43, 29.71], [71.42, 29.700000000000003], [71.42, 29.690000000000005], [71.44, 29.67], [71.42, 29.650000000000002], [71.41, 29.620000000000005], [71.39, 29.6], [71.37, 29.6], [71.34, 29.580000000000002], [71.29, 29.560000000000002], [71.24, 29.520000000000003], [71.19, 29.500000000000004], [71.16, 29.470000000000002], [71.13, 29.470000000000002], [71.12, 29.46], [71.06, 29.46], [71.05, 29.490000000000002], [71.02, 29.53], [71.01, 29.560000000000002], [71.06, 29.650000000000002], [71.07, 29.680000000000003], [71.1, 29.680000000000003], [71.11, 29.690000000000005], [71.14, 29.690000000000005], [71.15, 29.700000000000003], [71.18, 29.700000000000003], [71.19, 29.71], [71.19, 29.790000000000003], [71.18, 29.800000000000004], [71.18, 29.830000000000002]]]}}, {"type": "Feature", "properties": {"na": "NA-117", "src": "commons-1993", "approx": false}, "geometry": {"type": "Polygon", "coordinates": [[[71.76, 29.940000000000005], [71.81, 29.930000000000003], [71.82, 29.92], [71.84, 29.92], [71.85, 29.910000000000004], [71.87, 29.910000000000004], [71.88, 29.900000000000002], [71.88, 29.89], [71.9, 29.870000000000005], [71.9, 29.860000000000003], [71.92, 29.840000000000003], [71.92, 29.830000000000002], [71.95, 29.790000000000003], [71.92, 29.76], [72.09, 29.6], [72.08, 29.590000000000003], [72.07, 29.560000000000002], [71.95, 29.560000000000002], [71.94, 29.550000000000004], [71.93, 29.550000000000004], [71.92, 29.580000000000002], [71.9, 29.6], [71.9, 29.610000000000003], [71.88, 29.64], [71.88, 29.650000000000002], [71.85, 29.680000000000003], [71.79, 29.680000000000003], [71.78, 29.690000000000005], [71.77, 29.690000000000005], [71.71000000000001, 29.740000000000002], [71.7, 29.740000000000002], [71.68, 29.76], [71.67, 29.76], [71.65, 29.78], [71.65, 29.790000000000003], [71.66, 29.800000000000004], [71.66, 29.85], [71.67, 29.860000000000003], [71.67, 29.870000000000005], [71.71000000000001, 29.910000000000004], [71.72, 29.910000000000004], [71.74, 29.930000000000003], [71.75, 29.930000000000003], [71.76, 29.940000000000005]]]}}, {"type": "Feature", "properties": {"na": "NA-118", "src": "commons-1993", "approx": false}, "geometry": {"type": "Polygon", "coordinates": [[[71.64, 29.770000000000003], [71.65, 29.770000000000003], [71.67, 29.750000000000004], [71.68, 29.750000000000004], [71.7, 29.730000000000004], [71.71000000000001, 29.730000000000004], [71.74, 29.700000000000003], [71.75, 29.700000000000003], [71.77, 29.680000000000003], [71.78, 29.680000000000003], [71.79, 29.67], [71.85, 29.67], [71.87, 29.650000000000002], [71.88, 29.620000000000005], [71.91, 29.580000000000002], [71.92, 29.550000000000004], [71.82, 29.550000000000004], [71.81, 29.540000000000003], [71.79, 29.540000000000003], [71.78, 29.53], [71.76, 29.53], [71.75, 29.520000000000003], [71.72, 29.520000000000003], [71.71000000000001, 29.51], [71.66, 29.500000000000004], [71.65, 29.490000000000002], [71.63, 29.490000000000002], [71.58, 29.46], [71.55, 29.450000000000003], [71.53, 29.430000000000003], [71.52, 29.430000000000003], [71.47, 29.400000000000002], [71.46000000000001, 29.410000000000004], [71.43, 29.410000000000004], [71.42, 29.42], [71.39, 29.42], [71.38, 29.430000000000003], [71.35, 29.430000000000003], [71.32, 29.450000000000003], [71.3, 29.450000000000003], [71.29, 29.46], [71.28, 29.46], [71.27, 29.470000000000002], [71.25, 29.470000000000002], [71.24, 29.480000000000004], [71.18, 29.480000000000004], [71.17, 29.470000000000002], [71.19, 29.490000000000002], [71.24, 29.51], [71.29, 29.550000000000004], [71.34, 29.570000000000004], [71.37, 29.590000000000003], [71.39, 29.590000000000003], [71.42, 29.620000000000005], [71.43, 29.650000000000002], [71.45, 29.67], [71.43, 29.690000000000005], [71.43, 29.700000000000003], [71.48, 29.700000000000003], [71.51, 29.730000000000004], [71.51, 29.740000000000002], [71.58, 29.740000000000002], [71.59, 29.750000000000004], [71.61, 29.750000000000004], [71.62, 29.76], [71.63, 29.76], [71.64, 29.770000000000003]]]}}, {"type": "Feature", "properties": {"na": "NA-119", "src": "commons-1993", "approx": false, "confidence": "low"}, "geometry": {"type": "Polygon", "coordinates": [[[71.34, 30.14], [71.35, 30.14], [71.37, 30.120000000000005], [71.38, 30.120000000000005], [71.4, 30.1], [71.45, 30.1], [71.5, 30.130000000000003], [71.51, 30.130000000000003], [71.55, 30.1], [71.58, 30.1], [71.58, 30.050000000000004], [71.59, 30.040000000000003], [71.59, 30.020000000000003], [71.6, 30.01], [71.6, 30.000000000000004], [71.58, 29.980000000000004], [71.56, 29.980000000000004], [71.52, 29.950000000000003], [71.48, 29.950000000000003], [71.47, 29.96], [71.45, 29.96], [71.43, 29.980000000000004], [71.42, 29.980000000000004], [71.41, 29.990000000000002], [71.38, 29.970000000000002], [71.3, 29.970000000000002], [71.27, 30.000000000000004], [71.28, 30.01], [71.28, 30.050000000000004], [71.29, 30.060000000000002], [71.29, 30.110000000000003], [71.31, 30.110000000000003], [71.34, 30.14]]]}}, {"type": "Feature", "properties": {"na": "NA-120", "src": "reconstructed", "approx": true}, "geometry": {"type": "Polygon", "coordinates": [[[74.13, 31.440000000000005], [74.16, 31.39], [74.16, 31.370000000000005], [74.18, 31.340000000000003], [74.18, 31.330000000000002], [74.22, 31.290000000000003], [74.08, 31.290000000000003], [74.07, 31.28], [74.07, 31.330000000000002], [74.06, 31.340000000000003], [74.03, 31.340000000000003], [74.03, 31.360000000000003], [74.02, 31.370000000000005], [74.07, 31.370000000000005], [74.12, 31.42], [74.12, 31.430000000000003], [74.13, 31.440000000000005]]]}}, {"type": "Feature", "properties": {"na": "NA-121", "src": "commons-1993", "approx": false}, "geometry": {"type": "Polygon", "coordinates": [[[72.05, 30.720000000000002], [72.21000000000001, 30.720000000000002], [72.21000000000001, 30.71], [72.19, 30.680000000000003], [72.19, 30.67], [72.16, 30.620000000000005], [72.15, 30.590000000000003], [72.14, 30.580000000000002], [72.15, 30.570000000000004], [72.18, 30.570000000000004], [72.19, 30.560000000000002], [72.22, 30.560000000000002], [72.23, 30.550000000000004], [72.22, 30.540000000000003], [72.21000000000001, 30.540000000000003], [72.18, 30.51], [72.16, 30.51], [72.15, 30.500000000000004], [72.15, 30.470000000000002], [72.12, 30.440000000000005], [72.14, 30.410000000000004], [72.14, 30.400000000000002], [72.13, 30.400000000000002], [72.12, 30.39], [72.1, 30.39], [72.07, 30.370000000000005], [72.07, 30.360000000000003], [72.06, 30.35], [72.06, 30.320000000000004], [72.05, 30.310000000000002], [72.05, 30.300000000000004], [72.04, 30.300000000000004], [72.02, 30.28], [72.01, 30.28], [72.0, 30.270000000000003], [71.95, 30.270000000000003], [71.93, 30.290000000000003], [71.9, 30.300000000000004], [71.89, 30.290000000000003], [71.85, 30.290000000000003], [71.83, 30.270000000000003], [71.77, 30.320000000000004], [71.74, 30.320000000000004], [71.73, 30.330000000000002], [71.69, 30.330000000000002], [71.68, 30.340000000000003], [71.66, 30.340000000000003], [71.61, 30.430000000000003], [71.58, 30.430000000000003], [71.57, 30.440000000000005], [71.54, 30.440000000000005], [71.55, 30.450000000000003], [71.56, 30.450000000000003], [71.59, 30.480000000000004], [71.6, 30.480000000000004], [71.63, 30.51], [71.64, 30.51], [71.66, 30.53], [71.67, 30.53], [71.7, 30.560000000000002], [71.71000000000001, 30.560000000000002], [71.73, 30.580000000000002], [71.73, 30.590000000000003], [71.74, 30.590000000000003], [71.8, 30.64], [71.81, 30.64], [71.87, 30.690000000000005], [71.88, 30.680000000000003], [71.93, 30.680000000000003], [71.94, 30.67], [71.99, 30.67], [72.05, 30.720000000000002]]]}}, {"type": "Feature", "properties": {"na": "NA-122", "src": "commons-1993", "approx": false}, "geometry": {"type": "Polygon", "coordinates": [[[71.9, 30.290000000000003], [71.93, 30.28], [71.95, 30.26], [72.0, 30.26], [72.04, 30.290000000000003], [72.05, 30.290000000000003], [72.04, 30.28], [72.04, 30.270000000000003], [72.05, 30.26], [72.06, 30.26], [72.06, 30.250000000000004], [72.05, 30.240000000000002], [72.08, 30.21], [72.09, 30.21], [72.1, 30.200000000000003], [72.1, 30.190000000000005], [72.09, 30.180000000000003], [72.09, 30.160000000000004], [72.13, 30.120000000000005], [72.13, 30.110000000000003], [72.1, 30.080000000000002], [72.07, 30.080000000000002], [72.06, 30.090000000000003], [72.04, 30.090000000000003], [72.03, 30.1], [72.0, 30.1], [71.99, 30.110000000000003], [71.98, 30.1], [71.93, 30.080000000000002], [71.91, 30.060000000000002], [71.88, 30.050000000000004], [71.83, 30.020000000000003], [71.82, 30.020000000000003], [71.81, 30.01], [71.8, 30.01], [71.78, 29.990000000000002], [71.77, 29.990000000000002], [71.76, 29.980000000000004], [71.69, 29.950000000000003], [71.68, 29.940000000000005], [71.67, 29.940000000000005], [71.64, 29.92], [71.63, 29.92], [71.59, 29.970000000000002], [71.6, 29.970000000000002], [71.65, 30.01], [71.68, 30.020000000000003], [71.73, 30.060000000000002], [71.74, 30.090000000000003], [71.77, 30.130000000000003], [71.79, 30.180000000000003], [71.81, 30.200000000000003], [71.82, 30.230000000000004], [71.84, 30.250000000000004], [71.84, 30.270000000000003], [71.85, 30.28], [71.89, 30.28], [71.9, 30.290000000000003]]]}}, {"type": "Feature", "properties": {"na": "NA-123", "src": "commons-1993", "approx": false}, "geometry": {"type": "Polygon", "coordinates": [[[72.33, 30.570000000000004], [72.48, 30.570000000000004], [72.47, 30.560000000000002], [72.46000000000001, 30.51], [72.44, 30.480000000000004], [72.44, 30.46], [72.43, 30.450000000000003], [72.43, 30.430000000000003], [72.42, 30.42], [72.42, 30.400000000000002], [72.41, 30.39], [72.41, 30.370000000000005], [72.39, 30.340000000000003], [72.39, 30.320000000000004], [72.38, 30.310000000000002], [72.38, 30.230000000000004], [72.32, 30.230000000000004], [72.29, 30.21], [72.27, 30.21], [72.22, 30.180000000000003], [72.2, 30.180000000000003], [72.19, 30.17], [72.18, 30.17], [72.14, 30.130000000000003], [72.13, 30.130000000000003], [72.1, 30.160000000000004], [72.1, 30.180000000000003], [72.11, 30.190000000000005], [72.11, 30.200000000000003], [72.06, 30.240000000000002], [72.07, 30.250000000000004], [72.07, 30.26], [72.06, 30.270000000000003], [72.05, 30.270000000000003], [72.05, 30.28], [72.06, 30.290000000000003], [72.06, 30.310000000000002], [72.07, 30.320000000000004], [72.07, 30.35], [72.08, 30.360000000000003], [72.08, 30.370000000000005], [72.09, 30.370000000000005], [72.1, 30.380000000000003], [72.12, 30.380000000000003], [72.15, 30.400000000000002], [72.15, 30.410000000000004], [72.13, 30.440000000000005], [72.16, 30.470000000000002], [72.16, 30.500000000000004], [72.18, 30.500000000000004], [72.21000000000001, 30.53], [72.24, 30.540000000000003], [72.25, 30.550000000000004], [72.26, 30.540000000000003], [72.29, 30.540000000000003], [72.3, 30.53], [72.33, 30.570000000000004]]]}}, {"type": "Feature", "properties": {"na": "NA-124", "src": "commons-1993", "approx": false}, "geometry": {"type": "MultiPolygon", "coordinates": [[[[73.35, 30.550000000000004], [73.42, 30.550000000000004], [73.39, 30.53], [73.38, 30.53], [73.35, 30.550000000000004]]], [[[73.26, 30.940000000000005], [73.29, 30.790000000000003], [73.3, 30.78], [73.36, 30.78], [73.36, 30.71], [73.37, 30.700000000000003], [73.37, 30.64], [73.3, 30.550000000000004], [73.27, 30.540000000000003], [73.26, 30.53], [73.21000000000001, 30.520000000000003], [73.18, 30.570000000000004], [73.15, 30.570000000000004], [73.14, 30.560000000000002], [73.11, 30.560000000000002], [73.1, 30.570000000000004], [73.08, 30.570000000000004], [73.07, 30.580000000000002], [73.07, 30.610000000000003], [73.06, 30.620000000000005], [73.06, 30.650000000000002], [73.04, 30.67], [73.03, 30.67], [73.0, 30.700000000000003], [72.99, 30.700000000000003], [72.98, 30.71], [72.98, 30.770000000000003], [72.99, 30.78], [73.01, 30.78], [73.02, 30.790000000000003], [73.07, 30.800000000000004], [73.1, 30.820000000000004], [73.12, 30.820000000000004], [73.14, 30.840000000000003], [73.16, 30.89], [73.17, 30.900000000000002], [73.18, 30.900000000000002], [73.19, 30.910000000000004], [73.21000000000001, 30.910000000000004], [73.26, 30.940000000000005]]]]}}, {"type": "Feature", "properties": {"na": "NA-125", "src": "commons-1993", "approx": false}, "geometry": {"type": "Polygon", "coordinates": [[[72.97, 30.770000000000003], [72.97, 30.71], [73.05, 30.650000000000002], [73.05, 30.620000000000005], [73.06, 30.610000000000003], [73.06, 30.580000000000002], [73.08, 30.560000000000002], [73.1, 30.560000000000002], [73.11, 30.550000000000004], [73.14, 30.550000000000004], [73.15, 30.560000000000002], [73.18, 30.560000000000002], [73.19, 30.53], [73.21000000000001, 30.51], [73.23, 30.51], [73.24, 30.500000000000004], [73.2, 30.470000000000002], [73.2, 30.46], [73.16, 30.46], [73.15, 30.450000000000003], [73.15, 30.430000000000003], [73.14, 30.42], [73.14, 30.410000000000004], [73.1, 30.380000000000003], [73.08, 30.380000000000003], [73.07, 30.39], [73.05, 30.39], [73.04, 30.400000000000002], [73.03, 30.400000000000002], [72.98, 30.370000000000005], [72.97, 30.370000000000005], [72.96000000000001, 30.360000000000003], [72.96000000000001, 30.35], [72.94, 30.35], [72.93, 30.360000000000003], [72.92, 30.360000000000003], [72.89, 30.340000000000003], [72.88, 30.340000000000003], [72.86, 30.360000000000003], [72.85, 30.360000000000003], [72.85, 30.380000000000003], [72.84, 30.39], [72.83, 30.380000000000003], [72.81, 30.380000000000003], [72.79, 30.400000000000002], [72.78, 30.400000000000002], [72.76, 30.46], [72.7, 30.51], [72.7, 30.560000000000002], [72.69, 30.570000000000004], [72.71000000000001, 30.570000000000004], [72.73, 30.590000000000003], [72.73, 30.6], [72.76, 30.64], [72.76, 30.650000000000002], [72.78, 30.67], [72.78, 30.680000000000003], [72.9, 30.680000000000003], [72.93, 30.730000000000004], [72.94, 30.76], [72.96000000000001, 30.76], [72.97, 30.770000000000003]]]}}, {"type": "Feature", "properties": {"na": "NA-126", "src": "commons-1993", "approx": false}, "geometry": {"type": "MultiPolygon", "coordinates": [[[[72.85, 30.35], [72.86, 30.35], [72.88, 30.330000000000002], [72.9, 30.330000000000002], [72.9, 30.300000000000004], [72.89, 30.310000000000002], [72.87, 30.310000000000002], [72.86, 30.320000000000004], [72.85, 30.320000000000004], [72.85, 30.35]]], [[[72.49, 30.570000000000004], [72.68, 30.570000000000004], [72.69, 30.560000000000002], [72.69, 30.51], [72.75, 30.46], [72.77, 30.400000000000002], [72.78, 30.39], [72.79, 30.39], [72.8, 30.380000000000003], [72.8, 30.370000000000005], [72.79, 30.370000000000005], [72.78, 30.360000000000003], [72.76, 30.360000000000003], [72.73, 30.340000000000003], [72.71000000000001, 30.340000000000003], [72.68, 30.320000000000004], [72.66, 30.320000000000004], [72.6, 30.26], [72.55, 30.28], [72.54, 30.290000000000003], [72.49, 30.230000000000004], [72.49, 30.220000000000002], [72.46000000000001, 30.190000000000005], [72.46000000000001, 30.180000000000003], [72.45, 30.190000000000005], [72.44, 30.190000000000005], [72.42, 30.21], [72.41, 30.21], [72.39, 30.230000000000004], [72.39, 30.310000000000002], [72.4, 30.320000000000004], [72.4, 30.340000000000003], [72.42, 30.370000000000005], [72.42, 30.39], [72.43, 30.400000000000002], [72.43, 30.42], [72.44, 30.430000000000003], [72.44, 30.450000000000003], [72.45, 30.46], [72.45, 30.480000000000004], [72.47, 30.51], [72.47, 30.53], [72.48, 30.540000000000003], [72.48, 30.560000000000002], [72.49, 30.570000000000004]]]]}}, {"type": "Feature", "properties": {"na": "NA-127", "src": "commons-1993", "approx": false}, "geometry": {"type": "Polygon", "coordinates": [[[73.46000000000001, 30.560000000000002], [73.55, 30.51], [73.57, 30.51], [73.6, 30.490000000000002], [73.63, 30.480000000000004], [73.63, 30.39], [73.62, 30.380000000000003], [73.62, 30.28], [73.57, 30.270000000000003], [73.56, 30.26], [73.53, 30.26], [73.52, 30.250000000000004], [73.5, 30.250000000000004], [73.49, 30.240000000000002], [73.46000000000001, 30.240000000000002], [73.45, 30.230000000000004], [73.43, 30.230000000000004], [73.41, 30.250000000000004], [73.43, 30.270000000000003], [73.43, 30.28], [73.38, 30.320000000000004], [73.34, 30.320000000000004], [73.33, 30.330000000000002], [73.34, 30.340000000000003], [73.34, 30.400000000000002], [73.32, 30.42], [73.31, 30.42], [73.29, 30.400000000000002], [73.28, 30.400000000000002], [73.26, 30.42], [73.27, 30.42], [73.28, 30.430000000000003], [73.28, 30.440000000000005], [73.26, 30.46], [73.21000000000001, 30.46], [73.21000000000001, 30.470000000000002], [73.25, 30.500000000000004], [73.24, 30.51], [73.24, 30.520000000000003], [73.26, 30.520000000000003], [73.31, 30.550000000000004], [73.34, 30.550000000000004], [73.36, 30.53], [73.39, 30.520000000000003], [73.43, 30.550000000000004], [73.45, 30.550000000000004], [73.46000000000001, 30.560000000000002]]]}}, {"type": "Feature", "properties": {"na": "NA-128", "src": "commons-1993", "approx": false}, "geometry": {"type": "Polygon", "coordinates": [[[73.16, 30.450000000000003], [73.26, 30.450000000000003], [73.27, 30.440000000000005], [73.27, 30.430000000000003], [73.26, 30.430000000000003], [73.25, 30.42], [73.28, 30.39], [73.29, 30.39], [73.31, 30.410000000000004], [73.32, 30.410000000000004], [73.33, 30.400000000000002], [73.33, 30.340000000000003], [73.32, 30.330000000000002], [73.34, 30.310000000000002], [73.38, 30.310000000000002], [73.42, 30.28], [73.42, 30.270000000000003], [73.4, 30.250000000000004], [73.43, 30.220000000000002], [73.45, 30.220000000000002], [73.46000000000001, 30.230000000000004], [73.46000000000001, 30.220000000000002], [73.45, 30.21], [73.45, 30.180000000000003], [73.44, 30.17], [73.44, 30.160000000000004], [73.41, 30.150000000000002], [73.39, 30.130000000000003], [73.38, 30.130000000000003], [73.35, 30.110000000000003], [73.3, 30.110000000000003], [73.29, 30.1], [73.23, 30.1], [73.22, 30.090000000000003], [73.17, 30.090000000000003], [73.08, 30.03], [73.07, 30.040000000000003], [73.01, 30.040000000000003], [72.99, 30.01], [72.98, 29.980000000000004], [72.94, 30.050000000000004], [72.94, 30.090000000000003], [72.95, 30.1], [72.95, 30.160000000000004], [72.96000000000001, 30.17], [72.96000000000001, 30.230000000000004], [72.97, 30.240000000000002], [72.97, 30.270000000000003], [72.96000000000001, 30.28], [72.95, 30.28], [72.94, 30.290000000000003], [72.92, 30.290000000000003], [72.91, 30.300000000000004], [72.91, 30.330000000000002], [72.9, 30.340000000000003], [72.91, 30.340000000000003], [72.92, 30.35], [72.93, 30.35], [72.94, 30.340000000000003], [72.96000000000001, 30.340000000000003], [72.97, 30.35], [72.97, 30.360000000000003], [72.98, 30.360000000000003], [73.03, 30.39], [73.04, 30.39], [73.05, 30.380000000000003], [73.07, 30.380000000000003], [73.08, 30.370000000000005], [73.1, 30.370000000000005], [73.15, 30.410000000000004], [73.15, 30.42], [73.16, 30.430000000000003], [73.16, 30.450000000000003]]]}}, {"type": "Feature", "properties": {"na": "NA-129", "src": "commons-1993", "approx": false}, "geometry": {"type": "Polygon", "coordinates": [[[72.71000000000001, 29.93000000000001], [72.71000000000001, 29.96], [72.64, 30.03], [72.65, 30.040000000000003], [72.66, 30.070000000000004], [72.58, 30.14], [72.52, 30.160000000000004], [72.5, 30.180000000000003], [72.5, 30.230000000000004], [72.53, 30.26], [72.53, 30.270000000000003], [72.54, 30.28], [72.57, 30.26], [72.6, 30.250000000000004], [72.66, 30.310000000000002], [72.68, 30.310000000000002], [72.71000000000001, 30.330000000000002], [72.73, 30.330000000000002], [72.76, 30.35], [72.78, 30.35], [72.81, 30.370000000000005], [72.83, 30.370000000000005], [72.84, 30.380000000000003], [72.84, 30.320000000000004], [72.85, 30.310000000000002], [72.86, 30.310000000000002], [72.87, 30.300000000000004], [72.89, 30.300000000000004], [72.92, 30.28], [72.94, 30.28], [72.95, 30.270000000000003], [72.96000000000001, 30.270000000000003], [72.96000000000001, 30.240000000000002], [72.95, 30.230000000000004], [72.95, 30.17], [72.94, 30.160000000000004], [72.94, 30.1], [72.93, 30.090000000000003], [72.93, 30.050000000000004], [72.96000000000001, 30.000000000000004], [72.97, 29.970000000000002], [72.96000000000001, 29.980000000000004], [72.91, 29.990000000000002], [72.9, 30.000000000000004], [72.88, 30.000000000000004], [72.85, 29.950000000000003], [72.84, 29.96], [72.82, 29.96], [72.79, 29.980000000000004], [72.77, 29.980000000000004], [72.71000000000001, 29.93000000000001]]]}}, {"type": "Feature", "properties": {"na": "NA-130", "src": "commons-1993", "approx": false}, "geometry": {"type": "Polygon", "coordinates": [[[72.19, 29.730000000000004], [72.17, 29.76], [72.17, 29.78], [72.16, 29.790000000000003], [72.16, 29.800000000000004], [72.1, 29.860000000000003], [72.09, 29.860000000000003], [72.06, 29.89], [72.05, 29.89], [71.99, 29.950000000000003], [71.98, 29.950000000000003], [71.92, 30.01], [71.91, 30.01], [71.88, 30.040000000000003], [71.91, 30.050000000000004], [71.93, 30.070000000000004], [71.96000000000001, 30.080000000000002], [71.99, 30.1], [72.0, 30.090000000000003], [72.03, 30.090000000000003], [72.04, 30.080000000000002], [72.06, 30.080000000000002], [72.07, 30.070000000000004], [72.1, 30.070000000000004], [72.18, 30.160000000000004], [72.19, 30.160000000000004], [72.2, 30.17], [72.22, 30.17], [72.27, 30.200000000000003], [72.29, 30.200000000000003], [72.32, 30.220000000000002], [72.39, 30.220000000000002], [72.41, 30.200000000000003], [72.42, 30.200000000000003], [72.44, 30.180000000000003], [72.45, 30.180000000000003], [72.46000000000001, 30.17], [72.47, 30.180000000000003], [72.47, 30.190000000000005], [72.49, 30.21], [72.49, 30.180000000000003], [72.52, 30.150000000000002], [72.58, 30.130000000000003], [72.62, 30.090000000000003], [72.63, 30.090000000000003], [72.65, 30.070000000000004], [72.65, 30.060000000000002], [72.63, 30.03], [72.7, 29.96], [72.7, 29.930000000000003], [72.65, 29.880000000000003], [72.64, 29.880000000000003], [72.56, 29.810000000000002], [72.55, 29.820000000000004], [72.5, 29.830000000000002], [72.47, 29.85], [72.42, 29.860000000000003], [72.41, 29.870000000000005], [72.38, 29.870000000000005], [72.36, 29.85], [72.31, 29.830000000000002], [72.29, 29.810000000000002], [72.24, 29.790000000000003], [72.22, 29.770000000000003], [72.21000000000001, 29.770000000000003], [72.19, 29.740000000000002], [72.19, 29.730000000000004]]]}}, {"type": "Feature", "properties": {"na": "NA-131", "src": "commons-1993", "approx": false, "confidence": "low"}, "geometry": {"type": "Polygon", "coordinates": [[[71.74, 29.96], [71.77, 29.980000000000004], [71.78, 29.980000000000004], [71.8, 30.000000000000004], [71.81, 30.000000000000004], [71.86, 30.03], [71.88, 30.03], [71.91, 30.000000000000004], [71.92, 30.000000000000004], [71.98, 29.940000000000005], [71.99, 29.940000000000005], [72.05, 29.880000000000003], [72.06, 29.880000000000003], [72.09, 29.85], [72.1, 29.85], [72.15, 29.800000000000004], [72.15, 29.790000000000003], [72.16, 29.78], [72.16, 29.76], [72.18, 29.730000000000004], [72.18, 29.680000000000003], [72.17, 29.67], [72.17, 29.650000000000002], [72.16, 29.64], [72.16, 29.630000000000003], [72.13, 29.630000000000003], [72.12, 29.620000000000005], [72.1, 29.620000000000005], [72.09, 29.610000000000003], [71.93, 29.76], [71.96000000000001, 29.790000000000003], [71.93, 29.830000000000002], [71.93, 29.840000000000003], [71.91, 29.860000000000003], [71.91, 29.870000000000005], [71.89, 29.89], [71.89, 29.900000000000002], [71.87, 29.92], [71.85, 29.92], [71.84, 29.930000000000003], [71.82, 29.930000000000003], [71.81, 29.940000000000005], [71.79, 29.940000000000005], [71.78, 29.950000000000003], [71.76, 29.950000000000003], [71.75, 29.96], [71.74, 29.96]]]}}, {"type": "Feature", "properties": {"na": "NA-132", "src": "commons-1993", "approx": false}, "geometry": {"type": "Polygon", "coordinates": [[[70.55, 31.340000000000003], [70.69, 31.340000000000003], [70.72, 31.320000000000004], [70.74, 31.320000000000004], [70.75, 31.310000000000002], [70.76, 31.310000000000002], [70.76, 31.28], [70.77, 31.270000000000003], [70.77, 31.200000000000003], [70.78, 31.190000000000005], [70.78, 31.020000000000003], [70.77, 31.01], [70.77, 30.870000000000005], [70.75, 30.840000000000003], [70.75, 30.820000000000004], [70.74, 30.810000000000002], [70.73, 30.78], [70.74, 30.770000000000003], [70.76, 30.770000000000003], [70.77, 30.76], [70.78, 30.76], [70.78, 30.490000000000002], [70.79, 30.480000000000004], [70.79, 30.470000000000002], [70.8, 30.46], [70.8, 30.440000000000005], [70.82, 30.410000000000004], [70.82, 30.380000000000003], [70.81, 30.370000000000005], [70.81, 30.320000000000004], [70.8, 30.310000000000002], [70.8, 30.270000000000003], [70.79, 30.26], [70.79, 30.230000000000004], [70.83, 30.160000000000004], [70.83, 30.14], [70.84, 30.130000000000003], [70.84, 30.120000000000005], [70.83, 30.120000000000005], [70.78, 30.090000000000003], [70.76, 30.090000000000003], [70.73, 30.070000000000004], [70.71000000000001, 30.070000000000004], [70.7, 30.060000000000002], [70.67, 30.060000000000002], [70.64, 30.090000000000003], [70.63, 30.090000000000003], [70.62, 30.1], [70.61, 30.090000000000003], [70.59, 30.090000000000003], [70.58, 30.1], [70.59, 30.150000000000002], [70.57, 30.17], [70.56, 30.17], [70.55, 30.160000000000004], [70.5, 30.160000000000004], [70.49, 30.17], [70.48, 30.17], [70.47, 30.160000000000004], [70.45, 30.160000000000004], [70.4, 30.1], [70.35, 30.090000000000003], [70.23, 29.970000000000002], [70.12, 29.970000000000002], [70.11, 29.980000000000004], [70.1, 29.980000000000004], [70.08, 29.96], [70.07, 29.96], [69.99, 29.900000000000002], [69.88, 29.900000000000002], [69.88, 29.92], [69.89, 29.930000000000003], [69.89, 29.940000000000005], [69.93, 29.990000000000002], [69.94, 30.020000000000003], [69.96000000000001, 30.040000000000003], [69.97, 30.070000000000004], [69.98, 30.080000000000002], [69.98, 30.120000000000005], [69.99, 30.130000000000003], [69.99, 30.180000000000003], [70.07, 30.270000000000003], [70.04, 30.290000000000003], [70.03, 30.290000000000003], [70.01, 30.310000000000002], [69.98, 30.320000000000004], [69.97, 30.330000000000002], [69.97, 30.35], [69.98, 30.360000000000003], [69.98, 30.39], [69.99, 30.400000000000002], [69.99, 30.430000000000003], [70.01, 30.46], [70.02, 30.490000000000002], [70.04, 30.51], [70.05, 30.540000000000003], [70.07, 30.560000000000002], [70.07, 30.570000000000004], [70.09, 30.6], [70.09, 30.700000000000003], [70.1, 30.71], [70.11, 30.71], [70.13, 30.730000000000004], [70.14, 30.730000000000004], [70.16, 30.750000000000004], [70.17, 30.750000000000004], [70.19, 30.770000000000003], [70.2, 30.770000000000003], [70.22, 30.790000000000003], [70.22, 30.800000000000004], [70.24, 30.830000000000002], [70.24, 30.85], [70.26, 30.880000000000003], [70.26, 30.930000000000003], [70.27, 30.940000000000005], [70.27, 31.03], [70.28, 31.040000000000003], [70.28, 31.120000000000005], [70.29, 31.130000000000003], [70.29, 31.17], [70.32, 31.17], [70.33, 31.180000000000003], [70.36, 31.180000000000003], [70.37, 31.190000000000005], [70.4, 31.190000000000005], [70.44, 31.26], [70.45, 31.26], [70.49, 31.300000000000004], [70.5, 31.300000000000004], [70.53, 31.330000000000002], [70.54, 31.330000000000002], [70.55, 31.340000000000003]]]}}, {"type": "Feature", "properties": {"na": "NA-133", "src": "commons-1993", "approx": false}, "geometry": {"type": "Polygon", "coordinates": [[[70.48, 30.160000000000004], [70.49, 30.160000000000004], [70.5, 30.150000000000002], [70.55, 30.150000000000002], [70.56, 30.160000000000004], [70.57, 30.160000000000004], [70.58, 30.150000000000002], [70.57, 30.1], [70.59, 30.080000000000002], [70.61, 30.080000000000002], [70.62, 30.090000000000003], [70.63, 30.080000000000002], [70.64, 30.080000000000002], [70.67, 30.050000000000004], [70.7, 30.050000000000004], [70.71000000000001, 30.060000000000002], [70.73, 30.060000000000002], [70.74, 30.070000000000004], [70.75, 30.070000000000004], [70.76, 30.080000000000002], [70.78, 30.080000000000002], [70.83, 30.110000000000003], [70.85, 30.110000000000003], [70.85, 30.1], [70.87, 30.070000000000004], [70.87, 30.050000000000004], [70.85, 30.020000000000003], [70.85, 29.970000000000002], [70.84, 29.96], [70.84, 29.89], [70.83, 29.880000000000003], [70.83, 29.85], [70.8, 29.810000000000002], [70.8, 29.800000000000004], [70.78, 29.78], [70.78, 29.770000000000003], [70.76, 29.750000000000004], [70.76, 29.740000000000002], [70.74, 29.720000000000002], [70.74, 29.71], [70.72, 29.690000000000005], [70.72, 29.71], [70.71000000000001, 29.720000000000002], [70.71000000000001, 29.740000000000002], [70.7, 29.750000000000004], [70.7, 29.770000000000003], [70.69, 29.78], [70.69, 29.790000000000003], [70.68, 29.800000000000004], [70.65, 29.800000000000004], [70.64, 29.810000000000002], [70.61, 29.810000000000002], [70.6, 29.820000000000004], [70.58, 29.800000000000004], [70.58, 29.790000000000003], [70.57, 29.78], [70.54, 29.71], [70.53, 29.700000000000003], [70.53, 29.690000000000005], [70.49, 29.660000000000004], [70.48, 29.660000000000004], [70.44, 29.630000000000003], [70.43, 29.630000000000003], [70.34, 29.750000000000004], [70.26, 29.750000000000004], [70.25, 29.76], [70.17, 29.76], [70.15, 29.78], [70.14, 29.78], [70.12, 29.800000000000004], [70.11, 29.800000000000004], [70.09, 29.820000000000004], [70.08, 29.820000000000004], [70.06, 29.840000000000003], [70.03, 29.840000000000003], [70.02, 29.85], [69.99, 29.85], [69.98, 29.860000000000003], [69.95, 29.860000000000003], [69.94, 29.870000000000005], [69.91, 29.870000000000005], [69.89, 29.89], [69.99, 29.89], [70.01, 29.910000000000004], [70.02, 29.910000000000004], [70.04, 29.930000000000003], [70.05, 29.930000000000003], [70.07, 29.950000000000003], [70.08, 29.950000000000003], [70.1, 29.970000000000002], [70.11, 29.970000000000002], [70.12, 29.96], [70.23, 29.96], [70.35, 30.080000000000002], [70.4, 30.090000000000003], [70.44, 30.130000000000003], [70.44, 30.14], [70.45, 30.150000000000002], [70.47, 30.150000000000002], [70.48, 30.160000000000004]]]}}, {"type": "Feature", "properties": {"na": "NA-134", "src": "commons-1993", "approx": false}, "geometry": {"type": "Polygon", "coordinates": [[[69.87, 29.900000000000002], [69.91, 29.860000000000003], [69.94, 29.860000000000003], [69.95, 29.85], [69.98, 29.85], [69.99, 29.840000000000003], [70.02, 29.840000000000003], [70.03, 29.830000000000002], [70.06, 29.830000000000002], [70.08, 29.810000000000002], [70.09, 29.810000000000002], [70.11, 29.790000000000003], [70.12, 29.790000000000003], [70.17, 29.750000000000004], [70.25, 29.750000000000004], [70.26, 29.740000000000002], [70.34, 29.740000000000002], [70.35, 29.730000000000004], [70.35, 29.720000000000002], [70.38, 29.690000000000005], [70.38, 29.680000000000003], [70.41, 29.650000000000002], [70.41, 29.64], [70.43, 29.620000000000005], [70.44, 29.620000000000005], [70.46000000000001, 29.64], [70.49, 29.650000000000002], [70.54, 29.690000000000005], [70.55, 29.720000000000002], [70.6, 29.810000000000002], [70.61, 29.800000000000004], [70.64, 29.800000000000004], [70.65, 29.790000000000003], [70.68, 29.790000000000003], [70.68, 29.78], [70.69, 29.770000000000003], [70.69, 29.750000000000004], [70.7, 29.740000000000002], [70.7, 29.720000000000002], [70.71000000000001, 29.71], [70.71000000000001, 29.690000000000005], [70.72, 29.680000000000003], [70.72, 29.660000000000004], [70.71000000000001, 29.650000000000002], [70.71000000000001, 29.630000000000003], [70.69, 29.6], [70.68, 29.550000000000004], [70.66, 29.520000000000003], [70.65, 29.470000000000002], [70.63, 29.440000000000005], [70.63, 29.42], [70.62, 29.410000000000004], [70.62, 29.28], [70.61, 29.270000000000003], [70.61, 29.240000000000002], [70.6, 29.230000000000004], [70.59, 29.180000000000003], [70.58, 29.17], [70.58, 29.14], [70.57, 29.130000000000003], [70.56, 29.080000000000002], [70.55, 29.07], [70.55, 29.040000000000003], [70.54, 29.03], [70.54, 29.020000000000003], [70.51, 28.990000000000002], [70.51, 28.980000000000004], [70.44, 28.910000000000004], [70.44, 28.900000000000002], [70.41, 28.870000000000005], [70.39, 28.870000000000005], [70.36, 28.85], [70.34, 28.85], [70.31, 28.830000000000002], [70.29, 28.830000000000002], [70.27, 28.810000000000002], [70.26, 28.78], [70.23, 28.740000000000002], [70.21000000000001, 28.690000000000005], [69.96000000000001, 28.46], [69.85, 28.46], [69.82, 28.440000000000005], [69.8, 28.440000000000005], [69.75, 28.410000000000004], [69.74, 28.410000000000004], [69.73, 28.42], [69.71000000000001, 28.42], [69.68, 28.440000000000005], [69.66, 28.440000000000005], [69.65, 28.450000000000003], [69.6, 28.46], [69.59, 28.470000000000002], [69.58, 28.470000000000002], [69.57, 28.480000000000004], [69.55, 28.480000000000004], [69.54, 28.490000000000002], [69.49, 28.490000000000002], [69.48, 28.480000000000004], [69.45, 28.480000000000004], [69.44, 28.470000000000002], [69.41, 28.470000000000002], [69.4, 28.46], [69.37, 28.46], [69.36, 28.450000000000003], [69.36, 28.46], [69.35, 28.470000000000002], [69.35, 28.490000000000002], [69.33, 28.520000000000003], [69.33, 28.540000000000003], [69.32, 28.550000000000004], [69.32, 28.560000000000002], [69.34, 28.560000000000002], [69.37, 28.580000000000002], [69.39, 28.580000000000002], [69.43, 28.610000000000003], [69.44, 28.64], [69.48, 28.690000000000005], [69.49, 28.720000000000002], [69.51, 28.740000000000002], [69.52, 28.770000000000003], [69.53, 28.78], [69.53, 28.790000000000003], [69.51, 28.82], [69.51, 28.840000000000003], [69.49, 28.870000000000005], [69.48, 28.900000000000002], [69.49, 28.900000000000002], [69.54, 28.940000000000005], [69.55, 28.940000000000005], [69.58, 28.970000000000002], [69.58, 28.980000000000004], [69.61, 29.010000000000005], [69.61, 29.020000000000003], [69.64, 29.050000000000004], [69.64, 29.060000000000002], [69.65, 29.07], [69.67, 29.07], [69.7, 29.090000000000003], [69.7, 29.1], [69.71000000000001, 29.110000000000003], [69.71000000000001, 29.14], [69.72, 29.150000000000002], [69.72, 29.180000000000003], [69.73, 29.190000000000005], [69.73, 29.220000000000002], [69.74, 29.230000000000004], [69.74, 29.240000000000002], [69.72, 29.26], [69.71000000000001, 29.26], [69.68, 29.290000000000003], [69.67, 29.290000000000003], [69.65, 29.310000000000002], [69.64, 29.310000000000002], [69.63, 29.320000000000004], [69.66, 29.370000000000005], [69.56, 29.46], [69.56, 29.480000000000004], [69.57, 29.490000000000002], [69.57, 29.540000000000003], [69.58, 29.550000000000004], [69.58, 29.6], [69.59, 29.610000000000003], [69.59, 29.630000000000003], [69.64, 29.690000000000005], [69.67, 29.700000000000003], [69.69, 29.720000000000002], [69.7, 29.720000000000002], [69.71000000000001, 29.730000000000004], [69.74, 29.740000000000002], [69.76, 29.76], [69.77, 29.76], [69.79, 29.78], [69.79, 29.790000000000003], [69.81, 29.810000000000002], [69.81, 29.820000000000004], [69.84, 29.85], [69.84, 29.860000000000003], [69.87, 29.900000000000002]]]}}, {"type": "Feature", "properties": {"na": "NA-135", "src": "commons-1993", "approx": false}, "geometry": {"type": "Polygon", "coordinates": [[[71.17, 30.770000000000003], [71.18, 30.76], [71.24, 30.76], [71.25, 30.750000000000004], [71.31, 30.750000000000004], [71.43, 30.64], [71.46000000000001, 30.630000000000003], [71.48, 30.610000000000003], [71.51, 30.6], [71.52, 30.590000000000003], [71.56, 30.590000000000003], [71.57, 30.6], [71.6, 30.6], [71.61, 30.610000000000003], [71.64, 30.610000000000003], [71.65, 30.620000000000005], [71.69, 30.590000000000003], [71.72, 30.580000000000002], [71.71000000000001, 30.570000000000004], [71.7, 30.570000000000004], [71.67, 30.540000000000003], [71.66, 30.540000000000003], [71.64, 30.520000000000003], [71.63, 30.520000000000003], [71.6, 30.490000000000002], [71.59, 30.490000000000002], [71.56, 30.46], [71.55, 30.46], [71.52, 30.430000000000003], [71.51, 30.430000000000003], [71.48, 30.400000000000002], [71.47, 30.400000000000002], [71.44, 30.370000000000005], [71.43, 30.370000000000005], [71.41, 30.35], [71.41, 30.340000000000003], [71.4, 30.330000000000002], [71.4, 30.300000000000004], [71.36, 30.300000000000004], [71.35, 30.310000000000002], [71.32, 30.310000000000002], [71.27, 30.370000000000005], [71.27, 30.380000000000003], [71.26, 30.39], [71.2, 30.39], [71.17, 30.370000000000005], [71.17, 30.320000000000004], [71.14, 30.290000000000003], [71.14, 30.250000000000004], [71.13, 30.240000000000002], [71.14, 30.21], [71.13, 30.200000000000003], [71.1, 30.190000000000005], [71.09, 30.200000000000003], [71.08, 30.200000000000003], [71.06, 30.220000000000002], [70.95, 30.220000000000002], [70.92, 30.200000000000003], [70.9, 30.200000000000003], [70.89, 30.190000000000005], [70.88, 30.190000000000005], [70.85, 30.17], [70.83, 30.17], [70.81, 30.220000000000002], [70.8, 30.230000000000004], [70.8, 30.26], [70.81, 30.270000000000003], [70.81, 30.310000000000002], [70.82, 30.320000000000004], [70.82, 30.370000000000005], [70.83, 30.380000000000003], [70.83, 30.410000000000004], [70.82, 30.42], [70.82, 30.430000000000003], [70.81, 30.440000000000005], [70.81, 30.46], [70.79, 30.490000000000002], [70.79, 30.660000000000004], [70.86, 30.660000000000004], [70.87, 30.67], [70.94, 30.67], [70.95, 30.680000000000003], [70.96000000000001, 30.67], [70.98, 30.67], [70.99, 30.660000000000004], [71.0, 30.660000000000004], [71.01, 30.650000000000002], [71.06, 30.650000000000002], [71.07, 30.660000000000004], [71.1, 30.660000000000004], [71.11, 30.67], [71.14, 30.67], [71.15, 30.680000000000003], [71.15, 30.700000000000003], [71.16, 30.71], [71.16, 30.740000000000002], [71.17, 30.750000000000004], [71.17, 30.770000000000003]]]}}, {"type": "Feature", "properties": {"na": "NA-136", "src": "commons-1993", "approx": false}, "geometry": {"type": "Polygon", "coordinates": [[[71.2, 30.380000000000003], [71.26, 30.380000000000003], [71.26, 30.370000000000005], [71.32, 30.300000000000004], [71.35, 30.300000000000004], [71.36, 30.290000000000003], [71.39, 30.290000000000003], [71.39, 30.28], [71.29, 30.17], [71.29, 30.14], [71.28, 30.130000000000003], [71.28, 30.060000000000002], [71.27, 30.050000000000004], [71.27, 30.01], [71.22, 30.000000000000004], [71.2, 29.970000000000002], [71.17, 29.980000000000004], [71.11, 29.940000000000005], [71.05, 29.940000000000005], [70.98, 29.900000000000002], [70.91, 29.900000000000002], [70.88, 29.92], [70.85, 29.92], [70.85, 29.96], [70.86, 29.970000000000002], [70.86, 30.020000000000003], [70.88, 30.050000000000004], [70.88, 30.070000000000004], [70.84, 30.14], [70.84, 30.160000000000004], [70.87, 30.17], [70.9, 30.190000000000005], [70.92, 30.190000000000005], [70.95, 30.21], [71.06, 30.21], [71.1, 30.180000000000003], [71.13, 30.190000000000005], [71.15, 30.21], [71.15, 30.220000000000002], [71.14, 30.230000000000004], [71.14, 30.240000000000002], [71.15, 30.250000000000004], [71.15, 30.290000000000003], [71.18, 30.320000000000004], [71.18, 30.370000000000005], [71.19, 30.370000000000005], [71.2, 30.380000000000003]]]}}, {"type": "Feature", "properties": {"na": "NA-137", "src": "commons-1993", "approx": false}, "geometry": {"type": "Polygon", "coordinates": [[[71.17, 29.970000000000002], [71.2, 29.96], [71.2, 29.950000000000003], [71.18, 29.92], [71.18, 29.900000000000002], [71.17, 29.89], [71.17, 29.800000000000004], [71.18, 29.790000000000003], [71.18, 29.71], [71.15, 29.71], [71.14, 29.700000000000003], [71.11, 29.700000000000003], [71.1, 29.690000000000005], [71.07, 29.690000000000005], [71.02, 29.6], [71.01, 29.570000000000004], [71.0, 29.560000000000002], [71.02, 29.51], [71.04, 29.490000000000002], [71.05, 29.46], [71.06, 29.450000000000003], [71.05, 29.440000000000005], [71.05, 29.430000000000003], [70.99, 29.470000000000002], [70.94, 29.470000000000002], [70.93, 29.480000000000004], [70.89, 29.480000000000004], [70.88, 29.490000000000002], [70.87, 29.490000000000002], [70.85, 29.470000000000002], [70.85, 29.46], [70.82, 29.430000000000003], [70.82, 29.42], [70.81, 29.410000000000004], [70.76, 29.400000000000002], [70.75, 29.39], [70.72, 29.39], [70.71000000000001, 29.380000000000003], [70.63, 29.380000000000003], [70.63, 29.410000000000004], [70.64, 29.42], [70.64, 29.440000000000005], [70.66, 29.470000000000002], [70.67, 29.520000000000003], [70.69, 29.550000000000004], [70.7, 29.6], [70.72, 29.630000000000003], [70.72, 29.650000000000002], [70.73, 29.660000000000004], [70.73, 29.690000000000005], [70.75, 29.71], [70.75, 29.720000000000002], [70.77, 29.740000000000002], [70.77, 29.750000000000004], [70.79, 29.770000000000003], [70.79, 29.78], [70.81, 29.800000000000004], [70.81, 29.810000000000002], [70.83, 29.830000000000002], [70.83, 29.840000000000003], [70.84, 29.85], [70.84, 29.880000000000003], [70.85, 29.89], [70.85, 29.910000000000004], [70.88, 29.910000000000004], [70.91, 29.89], [70.98, 29.89], [71.05, 29.930000000000003], [71.11, 29.930000000000003], [71.17, 29.970000000000002]]]}}, {"type": "Feature", "properties": {"na": "NA-138", "src": "commons-1993", "approx": false}, "geometry": {"type": "Polygon", "coordinates": [[[70.56, 29.04000000000001], [70.56, 29.07], [70.57, 29.080000000000002], [70.57, 29.1], [70.58, 29.110000000000003], [70.58, 29.130000000000003], [70.59, 29.14], [70.59, 29.17], [70.6, 29.180000000000003], [70.6, 29.200000000000003], [70.61, 29.21], [70.61, 29.230000000000004], [70.62, 29.240000000000002], [70.62, 29.270000000000003], [70.63, 29.28], [70.63, 29.370000000000005], [70.71000000000001, 29.370000000000005], [70.72, 29.380000000000003], [70.75, 29.380000000000003], [70.76, 29.39], [70.78, 29.39], [70.79, 29.400000000000002], [70.81, 29.400000000000002], [70.87, 29.480000000000004], [70.88, 29.480000000000004], [70.89, 29.470000000000002], [70.93, 29.470000000000002], [70.94, 29.46], [70.99, 29.46], [71.0, 29.450000000000003], [71.01, 29.450000000000003], [71.03, 29.430000000000003], [71.04, 29.430000000000003], [71.04, 29.410000000000004], [71.03, 29.400000000000002], [71.03, 29.39], [71.01, 29.39], [70.98, 29.370000000000005], [70.96000000000001, 29.370000000000005], [70.93, 29.35], [70.93, 29.330000000000002], [70.92, 29.320000000000004], [70.92, 29.28], [70.91, 29.270000000000003], [70.91, 29.26], [70.79, 29.26], [70.73, 29.150000000000002], [70.72, 29.150000000000002], [70.7, 29.130000000000003], [70.69, 29.130000000000003], [70.67, 29.110000000000003], [70.66, 29.110000000000003], [70.64, 29.090000000000003], [70.63, 29.090000000000003], [70.61, 29.07], [70.6, 29.07], [70.58, 29.050000000000004], [70.57, 29.050000000000004], [70.56, 29.04000000000001]]]}}, {"type": "Feature", "properties": {"na": "NA-139", "src": "commons-1993", "approx": false}, "geometry": {"type": "Polygon", "coordinates": [[[70.83, 31.39], [71.09, 31.39], [71.1, 31.380000000000003], [71.14, 31.380000000000003], [71.15, 31.370000000000005], [71.19, 31.370000000000005], [71.19, 31.320000000000004], [71.2, 31.310000000000002], [71.2, 31.300000000000004], [71.24, 31.250000000000004], [71.24, 31.240000000000002], [71.27, 31.21], [71.27, 31.200000000000003], [71.29, 31.180000000000003], [71.29, 31.17], [71.3, 31.160000000000004], [71.44, 31.160000000000004], [71.53, 31.250000000000004], [71.54, 31.240000000000002], [71.56, 31.240000000000002], [71.57, 31.230000000000004], [71.58, 31.230000000000004], [71.59, 31.220000000000002], [71.61, 31.220000000000002], [71.64, 31.200000000000003], [71.66, 31.200000000000003], [71.69, 31.180000000000003], [71.71000000000001, 31.180000000000003], [71.74, 31.160000000000004], [71.76, 31.160000000000004], [71.77, 31.130000000000003], [71.81, 31.060000000000002], [71.79, 31.01], [71.77, 30.980000000000004], [71.77, 30.970000000000002], [71.8, 30.940000000000005], [71.81, 30.940000000000005], [71.82, 30.930000000000003], [71.82, 30.92], [71.81, 30.910000000000004], [71.81, 30.89], [71.8, 30.880000000000003], [71.8, 30.85], [71.79, 30.840000000000003], [71.79, 30.820000000000004], [71.78, 30.810000000000002], [71.78, 30.800000000000004], [71.66, 30.690000000000005], [71.66, 30.660000000000004], [71.65, 30.650000000000002], [71.65, 30.630000000000003], [71.64, 30.620000000000005], [71.61, 30.620000000000005], [71.6, 30.610000000000003], [71.57, 30.610000000000003], [71.56, 30.6], [71.52, 30.6], [71.51, 30.610000000000003], [71.48, 30.620000000000005], [71.46000000000001, 30.64], [71.43, 30.650000000000002], [71.31, 30.76], [71.25, 30.76], [71.24, 30.770000000000003], [71.18, 30.770000000000003], [71.17, 30.78], [71.17, 30.790000000000003], [71.14, 30.820000000000004], [71.14, 30.840000000000003], [71.15, 30.85], [71.15, 30.89], [71.13, 30.92], [71.08, 30.92], [71.06, 30.900000000000002], [71.04, 30.900000000000002], [71.03, 30.89], [70.89, 30.89], [70.87, 30.910000000000004], [70.86, 30.910000000000004], [70.84, 30.930000000000003], [70.83, 30.930000000000003], [70.8, 30.96], [70.79, 30.96], [70.78, 30.970000000000002], [70.78, 31.01], [70.79, 31.020000000000003], [70.79, 31.190000000000005], [70.78, 31.200000000000003], [70.78, 31.270000000000003], [70.77, 31.28], [70.77, 31.310000000000002], [70.79, 31.330000000000002], [70.79, 31.340000000000003], [70.82, 31.370000000000005], [70.82, 31.380000000000003], [70.83, 31.39]]]}}, {"type": "Feature", "properties": {"na": "NA-140", "src": "commons-1993", "approx": false}, "geometry": {"type": "Polygon", "coordinates": [[[70.78, 30.96], [70.79, 30.950000000000003], [70.8, 30.950000000000003], [70.83, 30.92], [70.84, 30.92], [70.86, 30.900000000000002], [70.87, 30.900000000000002], [70.89, 30.880000000000003], [71.03, 30.880000000000003], [71.04, 30.89], [71.06, 30.89], [71.08, 30.910000000000004], [71.13, 30.910000000000004], [71.13, 30.900000000000002], [71.14, 30.89], [71.14, 30.85], [71.13, 30.840000000000003], [71.13, 30.820000000000004], [71.16, 30.790000000000003], [71.16, 30.750000000000004], [71.14, 30.720000000000002], [71.15, 30.71], [71.14, 30.700000000000003], [71.14, 30.680000000000003], [71.11, 30.680000000000003], [71.1, 30.67], [71.07, 30.67], [71.06, 30.660000000000004], [71.01, 30.660000000000004], [70.98, 30.680000000000003], [70.96000000000001, 30.680000000000003], [70.95, 30.690000000000005], [70.94, 30.680000000000003], [70.87, 30.680000000000003], [70.86, 30.67], [70.79, 30.67], [70.79, 30.76], [70.76, 30.78], [70.74, 30.78], [70.74, 30.790000000000003], [70.76, 30.820000000000004], [70.76, 30.840000000000003], [70.78, 30.870000000000005], [70.78, 30.96]]]}}, {"type": "Feature", "properties": {"na": "NA-141", "src": "commons-1993", "approx": false}, "geometry": {"type": "Polygon", "coordinates": [[[71.18, 29.470000000000002], [71.24, 29.470000000000002], [71.25, 29.46], [71.27, 29.46], [71.28, 29.450000000000003], [71.29, 29.450000000000003], [71.3, 29.440000000000005], [71.32, 29.440000000000005], [71.35, 29.42], [71.38, 29.42], [71.39, 29.410000000000004], [71.42, 29.410000000000004], [71.43, 29.400000000000002], [71.46000000000001, 29.400000000000002], [71.47, 29.39], [71.52, 29.42], [71.53, 29.370000000000005], [71.55, 29.340000000000003], [71.55, 29.320000000000004], [71.59, 29.28], [71.59, 29.270000000000003], [71.6, 29.26], [71.6, 29.230000000000004], [71.59, 29.230000000000004], [71.58, 29.220000000000002], [71.62, 29.190000000000005], [71.63, 29.190000000000005], [71.63, 29.180000000000003], [71.64, 29.17], [71.61, 29.150000000000002], [71.54, 29.150000000000002], [71.44, 29.060000000000002], [71.39, 29.060000000000002], [71.38, 29.050000000000004], [71.32, 29.050000000000004], [71.31, 29.040000000000003], [71.26, 29.040000000000003], [71.2, 28.980000000000004], [71.14, 28.980000000000004], [71.13, 28.990000000000002], [71.09, 28.990000000000002], [71.08, 29.000000000000004], [71.07, 29.000000000000004], [71.05, 28.970000000000002], [71.05, 29.000000000000004], [71.09, 29.07], [71.08, 29.080000000000002], [71.06, 29.080000000000002], [71.05, 29.090000000000003], [71.02, 29.090000000000003], [71.01, 29.1], [70.96000000000001, 29.110000000000003], [70.96000000000001, 29.120000000000005], [70.95, 29.130000000000003], [70.95, 29.160000000000004], [70.94, 29.17], [70.94, 29.190000000000005], [70.93, 29.200000000000003], [70.93, 29.230000000000004], [70.92, 29.240000000000002], [70.92, 29.270000000000003], [70.93, 29.28], [70.93, 29.320000000000004], [70.94, 29.330000000000002], [70.94, 29.35], [70.95, 29.35], [70.96000000000001, 29.360000000000003], [70.98, 29.360000000000003], [71.01, 29.380000000000003], [71.03, 29.380000000000003], [71.07, 29.450000000000003], [71.12, 29.450000000000003], [71.13, 29.46], [71.17, 29.46], [71.18, 29.470000000000002]]]}}, {"type": "Feature", "properties": {"na": "NA-142", "src": "commons-1993", "approx": false}, "geometry": {"type": "Polygon", "coordinates": [[[71.6, 29.220000000000002], [71.61, 29.230000000000004], [71.61, 29.26], [71.6, 29.270000000000003], [71.6, 29.28], [71.56, 29.320000000000004], [71.56, 29.340000000000003], [71.55, 29.35], [71.55, 29.360000000000003], [71.54, 29.370000000000005], [71.54, 29.39], [71.53, 29.400000000000002], [71.53, 29.42], [71.55, 29.440000000000005], [71.62, 29.470000000000002], [71.63, 29.480000000000004], [71.68, 29.490000000000002], [71.69, 29.500000000000004], [71.71000000000001, 29.500000000000004], [71.72, 29.51], [71.75, 29.51], [71.76, 29.520000000000003], [71.81, 29.53], [71.82, 29.540000000000003], [71.94, 29.540000000000003], [71.95, 29.550000000000004], [72.07, 29.550000000000004], [72.09, 29.580000000000002], [72.1, 29.610000000000003], [72.12, 29.610000000000003], [72.13, 29.6], [72.13, 29.580000000000002], [72.14, 29.570000000000004], [72.14, 29.550000000000004], [72.15, 29.540000000000003], [72.15, 29.520000000000003], [72.17, 29.500000000000004], [72.17, 29.470000000000002], [72.18, 29.46], [72.19, 29.46], [72.19, 29.450000000000003], [72.2, 29.440000000000005], [72.21000000000001, 29.440000000000005], [72.22, 29.430000000000003], [72.22, 29.410000000000004], [72.23, 29.400000000000002], [72.23, 29.39], [72.2, 29.360000000000003], [72.2, 29.320000000000004], [72.19, 29.310000000000002], [72.19, 29.28], [72.14, 29.21], [72.09, 29.21], [72.07, 29.230000000000004], [72.1, 29.250000000000004], [72.1, 29.270000000000003], [72.08, 29.290000000000003], [72.07, 29.28], [72.06, 29.28], [72.0, 29.220000000000002], [71.97, 29.21], [71.93, 29.180000000000003], [71.88, 29.160000000000004], [71.86, 29.14], [71.85, 29.14], [71.84, 29.130000000000003], [71.73, 29.130000000000003], [71.68, 29.17], [71.65, 29.17], [71.64, 29.180000000000003], [71.64, 29.190000000000005], [71.6, 29.220000000000002]]]}}, {"type": "Feature", "properties": {"na": "NA-143", "src": "commons-1993", "approx": false}, "geometry": {"type": "Polygon", "coordinates": [[[72.38, 29.860000000000003], [72.41, 29.860000000000003], [72.42, 29.85], [72.47, 29.840000000000003], [72.5, 29.820000000000004], [72.52, 29.820000000000004], [72.53, 29.810000000000002], [72.55, 29.810000000000002], [72.56, 29.800000000000004], [72.56, 29.740000000000002], [72.65, 29.680000000000003], [72.67, 29.630000000000003], [72.69, 29.610000000000003], [72.69, 29.6], [72.71000000000001, 29.570000000000004], [72.71000000000001, 29.520000000000003], [72.72, 29.51], [72.72, 29.470000000000002], [72.71000000000001, 29.470000000000002], [72.69, 29.450000000000003], [72.68, 29.450000000000003], [72.63, 29.410000000000004], [72.63, 29.39], [72.64, 29.380000000000003], [72.64, 29.35], [72.65, 29.340000000000003], [72.65, 29.310000000000002], [72.66, 29.300000000000004], [72.66, 29.270000000000003], [72.67, 29.26], [72.67, 29.230000000000004], [72.68, 29.220000000000002], [72.68, 29.21], [72.62, 29.250000000000004], [72.58, 29.250000000000004], [72.57, 29.240000000000002], [72.54, 29.240000000000002], [72.53, 29.230000000000004], [72.51, 29.230000000000004], [72.5, 29.220000000000002], [72.47, 29.220000000000002], [72.46000000000001, 29.21], [72.45, 29.220000000000002], [72.28, 29.220000000000002], [72.27, 29.21], [72.27, 29.1], [72.28, 29.090000000000003], [72.36, 29.090000000000003], [72.37, 29.080000000000002], [72.38, 29.050000000000004], [72.4, 29.03], [72.41, 29.000000000000004], [72.43, 28.970000000000002], [72.44, 28.92], [72.46000000000001, 28.89], [72.46000000000001, 28.870000000000005], [72.47, 28.860000000000003], [72.47, 28.840000000000003], [72.48, 28.830000000000002], [72.48, 28.82], [72.42, 28.800000000000004], [72.3, 28.67], [72.29, 28.64], [72.28, 28.630000000000003], [72.28, 28.610000000000003], [72.27, 28.6], [72.27, 28.580000000000002], [72.25, 28.550000000000004], [72.25, 28.53], [72.23, 28.5], [72.23, 28.480000000000004], [72.21000000000001, 28.450000000000003], [72.21000000000001, 28.430000000000003], [72.2, 28.42], [72.2, 28.400000000000002], [72.19, 28.39], [72.18, 28.360000000000003], [72.17, 28.35], [72.16, 28.35], [72.12, 28.310000000000002], [72.11, 28.310000000000002], [72.07, 28.270000000000003], [72.06, 28.270000000000003], [72.02, 28.230000000000004], [72.01, 28.230000000000004], [71.94, 28.150000000000002], [71.94, 28.14], [71.92, 28.120000000000005], [71.92, 28.1], [71.91, 28.090000000000003], [71.91, 28.050000000000004], [71.9, 28.040000000000003], [71.9, 28.0], [71.89, 27.990000000000002], [71.89, 27.970000000000002], [71.87, 27.970000000000002], [71.86, 27.96], [71.84, 27.96], [71.83, 27.950000000000003], [71.82, 27.950000000000003], [71.81, 27.940000000000005], [71.76, 27.930000000000003], [71.75, 27.92], [71.73, 27.92], [71.7, 27.900000000000002], [71.68, 27.900000000000002], [71.67, 27.89], [71.52, 27.89], [71.51, 27.880000000000003], [71.36, 27.880000000000003], [71.35, 27.870000000000005], [71.32, 27.870000000000005], [71.31, 27.860000000000003], [71.29, 27.860000000000003], [71.28, 27.85], [71.25, 27.85], [71.24, 27.840000000000003], [71.22, 27.840000000000003], [71.21000000000001, 27.830000000000002], [71.18, 27.830000000000002], [71.17, 27.82], [71.15, 27.82], [71.14, 27.810000000000002], [71.11, 27.810000000000002], [71.11, 27.85], [71.1, 27.860000000000003], [71.1, 27.92], [71.09, 27.930000000000003], [71.09, 27.950000000000003], [71.08, 27.96], [71.08, 27.980000000000004], [71.07, 27.990000000000002], [71.07, 28.010000000000005], [71.06, 28.020000000000003], [71.06, 28.040000000000003], [71.05, 28.050000000000004], [71.05, 28.07], [71.03, 28.1], [71.03, 28.120000000000005], [71.02, 28.130000000000003], [71.01, 28.180000000000003], [71.0, 28.190000000000005], [71.0, 28.21], [70.99, 28.220000000000002], [70.98, 28.270000000000003], [70.97, 28.28], [70.97, 28.430000000000003], [70.96000000000001, 28.440000000000005], [70.96000000000001, 28.590000000000003], [70.97, 28.6], [70.97, 28.620000000000005], [70.99, 28.650000000000002], [71.0, 28.700000000000003], [71.02, 28.730000000000004], [71.03, 28.78], [71.05, 28.810000000000002], [71.05, 28.96], [71.07, 28.980000000000004], [71.07, 28.990000000000002], [71.08, 28.990000000000002], [71.09, 28.980000000000004], [71.13, 28.980000000000004], [71.14, 28.970000000000002], [71.2, 28.970000000000002], [71.26, 29.03], [71.31, 29.03], [71.32, 29.040000000000003], [71.38, 29.040000000000003], [71.39, 29.050000000000004], [71.44, 29.050000000000004], [71.54, 29.14], [71.61, 29.14], [71.64, 29.160000000000004], [71.68, 29.160000000000004], [71.73, 29.120000000000005], [71.84, 29.120000000000005], [71.85, 29.130000000000003], [71.86, 29.130000000000003], [71.88, 29.150000000000002], [71.93, 29.17], [71.97, 29.200000000000003], [72.0, 29.21], [72.06, 29.270000000000003], [72.07, 29.270000000000003], [72.08, 29.28], [72.09, 29.270000000000003], [72.09, 29.250000000000004], [72.08, 29.250000000000004], [72.06, 29.230000000000004], [72.09, 29.200000000000003], [72.14, 29.200000000000003], [72.2, 29.28], [72.2, 29.310000000000002], [72.21000000000001, 29.320000000000004], [72.21000000000001, 29.360000000000003], [72.24, 29.39], [72.24, 29.400000000000002], [72.23, 29.410000000000004], [72.23, 29.430000000000003], [72.21000000000001, 29.450000000000003], [72.2, 29.450000000000003], [72.2, 29.46], [72.19, 29.470000000000002], [72.18, 29.470000000000002], [72.18, 29.500000000000004], [72.16, 29.520000000000003], [72.16, 29.540000000000003], [72.15, 29.550000000000004], [72.15, 29.570000000000004], [72.14, 29.580000000000002], [72.14, 29.6], [72.13, 29.610000000000003], [72.13, 29.620000000000005], [72.16, 29.620000000000005], [72.17, 29.630000000000003], [72.17, 29.64], [72.18, 29.650000000000002], [72.18, 29.67], [72.19, 29.680000000000003], [72.19, 29.71], [72.2, 29.720000000000002], [72.2, 29.740000000000002], [72.21000000000001, 29.750000000000004], [72.21000000000001, 29.76], [72.22, 29.76], [72.24, 29.78], [72.29, 29.800000000000004], [72.31, 29.820000000000004], [72.36, 29.840000000000003], [72.38, 29.860000000000003]]]}}, {"type": "Feature", "properties": {"na": "NA-144", "src": "commons-1993", "approx": false}, "geometry": {"type": "Polygon", "coordinates": [[[73.78, 30.320000000000004], [73.92, 30.320000000000004], [73.93, 30.310000000000002], [73.93, 30.290000000000003], [73.94, 30.28], [73.94, 30.250000000000004], [73.95, 30.240000000000002], [73.95, 30.220000000000002], [73.96000000000001, 30.21], [73.96000000000001, 30.200000000000003], [73.94, 30.180000000000003], [73.93, 30.180000000000003], [73.89, 30.14], [73.88, 30.14], [73.8, 30.070000000000004], [73.77, 30.070000000000004], [73.76, 30.060000000000002], [73.73, 30.060000000000002], [73.72, 30.050000000000004], [73.69, 30.050000000000004], [73.68, 30.040000000000003], [73.66, 30.040000000000003], [73.65, 30.03], [73.62, 30.03], [73.61, 30.020000000000003], [73.58, 30.020000000000003], [73.57, 30.01], [73.55, 30.01], [73.54, 30.000000000000004], [73.53, 30.000000000000004], [73.52, 29.990000000000002], [73.5, 29.990000000000002], [73.47, 29.970000000000002], [73.45, 29.970000000000002], [73.42, 29.950000000000003], [73.4, 29.950000000000003], [73.38, 29.92], [73.38, 29.900000000000002], [73.37, 29.89], [73.37, 29.870000000000005], [73.36, 29.860000000000003], [73.36, 29.85], [73.35, 29.85], [73.32, 29.870000000000005], [73.32, 29.900000000000002], [73.31, 29.910000000000004], [73.3, 29.900000000000002], [73.26, 29.900000000000002], [73.19, 29.940000000000005], [73.19, 29.950000000000003], [73.2, 29.96], [73.2, 29.980000000000004], [73.19, 29.990000000000002], [73.19, 30.01], [73.17, 30.03], [73.17, 30.050000000000004], [73.16, 30.060000000000002], [73.16, 30.070000000000004], [73.17, 30.080000000000002], [73.22, 30.080000000000002], [73.23, 30.090000000000003], [73.29, 30.090000000000003], [73.3, 30.1], [73.35, 30.1], [73.45, 30.160000000000004], [73.45, 30.17], [73.46000000000001, 30.180000000000003], [73.46000000000001, 30.21], [73.47, 30.220000000000002], [73.47, 30.230000000000004], [73.52, 30.240000000000002], [73.53, 30.250000000000004], [73.56, 30.250000000000004], [73.57, 30.26], [73.59, 30.26], [73.6, 30.270000000000003], [73.72, 30.270000000000003], [73.73, 30.26], [73.78, 30.320000000000004]]]}}, {"type": "Feature", "properties": {"na": "NA-145", "src": "commons-1993", "approx": false}, "geometry": {"type": "Polygon", "coordinates": [[[73.15, 30.070000000000004], [73.15, 30.060000000000002], [73.16, 30.050000000000004], [73.16, 30.03], [73.18, 30.01], [73.18, 29.990000000000002], [73.19, 29.980000000000004], [73.19, 29.96], [73.18, 29.950000000000003], [73.18, 29.940000000000005], [73.2, 29.92], [73.21000000000001, 29.92], [73.26, 29.89], [73.3, 29.89], [73.31, 29.900000000000002], [73.31, 29.870000000000005], [73.33, 29.85], [73.36, 29.840000000000003], [73.36, 29.830000000000002], [73.35, 29.820000000000004], [73.35, 29.800000000000004], [73.34, 29.790000000000003], [73.34, 29.770000000000003], [73.33, 29.76], [73.33, 29.740000000000002], [73.32, 29.730000000000004], [73.32, 29.71], [73.31, 29.700000000000003], [73.31, 29.680000000000003], [73.3, 29.67], [73.3, 29.64], [73.29, 29.630000000000003], [73.29, 29.620000000000005], [73.27, 29.620000000000005], [73.25, 29.64], [73.24, 29.64], [73.23, 29.630000000000003], [73.17, 29.630000000000003], [73.13, 29.6], [73.12, 29.6], [73.1, 29.580000000000002], [73.05, 29.580000000000002], [73.05, 29.590000000000003], [73.03, 29.610000000000003], [73.03, 29.620000000000005], [73.01, 29.64], [72.99, 29.64], [72.98, 29.650000000000002], [72.94, 29.650000000000002], [72.93, 29.64], [72.91, 29.64], [72.88, 29.620000000000005], [72.86, 29.620000000000005], [72.83, 29.6], [72.77, 29.6], [72.76, 29.610000000000003], [72.75, 29.610000000000003], [72.74, 29.6], [72.72, 29.6], [72.71000000000001, 29.590000000000003], [72.68, 29.630000000000003], [72.66, 29.680000000000003], [72.61, 29.720000000000002], [72.6, 29.720000000000002], [72.58, 29.740000000000002], [72.57, 29.740000000000002], [72.57, 29.810000000000002], [72.77, 29.970000000000002], [72.79, 29.970000000000002], [72.8, 29.96], [72.81, 29.96], [72.82, 29.950000000000003], [72.84, 29.950000000000003], [72.85, 29.940000000000005], [72.87, 29.96], [72.88, 29.990000000000002], [72.9, 29.990000000000002], [72.91, 29.980000000000004], [72.93, 29.980000000000004], [72.94, 29.970000000000002], [72.96000000000001, 29.970000000000002], [72.97, 29.96], [72.99, 29.980000000000004], [73.01, 30.03], [73.07, 30.03], [73.08, 30.020000000000003], [73.12, 30.050000000000004], [73.13, 30.050000000000004], [73.15, 30.070000000000004]]]}}, {"type": "Feature", "properties": {"na": "NA-146", "src": "commons-1993", "approx": false}, "geometry": {"type": "Polygon", "coordinates": [[[72.94, 29.64], [72.98, 29.64], [72.99, 29.630000000000003], [73.01, 29.630000000000003], [73.05, 29.570000000000004], [73.1, 29.570000000000004], [73.12, 29.590000000000003], [73.13, 29.590000000000003], [73.17, 29.620000000000005], [73.23, 29.620000000000005], [73.24, 29.630000000000003], [73.25, 29.630000000000003], [73.27, 29.610000000000003], [73.29, 29.610000000000003], [73.28, 29.6], [73.28, 29.580000000000002], [73.27, 29.570000000000004], [73.25, 29.520000000000003], [73.23, 29.500000000000004], [73.22, 29.470000000000002], [73.2, 29.450000000000003], [73.19, 29.42], [73.17, 29.400000000000002], [73.17, 29.39], [73.14, 29.35], [73.13, 29.320000000000004], [73.11, 29.300000000000004], [73.1, 29.270000000000003], [72.99, 29.150000000000002], [72.96000000000001, 29.080000000000002], [72.94, 29.050000000000004], [72.94, 29.040000000000003], [72.92, 29.040000000000003], [72.89, 29.020000000000003], [72.87, 29.020000000000003], [72.86, 29.010000000000005], [72.84, 29.010000000000005], [72.81, 28.990000000000002], [72.79, 28.990000000000002], [72.78, 28.980000000000004], [72.77, 28.980000000000004], [72.76, 28.970000000000002], [72.74, 28.970000000000002], [72.73, 28.96], [72.7, 28.950000000000003], [72.68, 28.930000000000003], [72.61, 28.900000000000002], [72.59, 28.880000000000003], [72.54, 28.860000000000003], [72.52, 28.840000000000003], [72.49, 28.830000000000002], [72.48, 28.840000000000003], [72.48, 28.860000000000003], [72.47, 28.870000000000005], [72.47, 28.89], [72.45, 28.92], [72.44, 28.970000000000002], [72.41, 29.020000000000003], [72.41, 29.03], [72.39, 29.050000000000004], [72.38, 29.080000000000002], [72.36, 29.1], [72.28, 29.1], [72.28, 29.21], [72.45, 29.21], [72.46000000000001, 29.200000000000003], [72.47, 29.21], [72.5, 29.21], [72.51, 29.220000000000002], [72.53, 29.220000000000002], [72.54, 29.230000000000004], [72.57, 29.230000000000004], [72.58, 29.240000000000002], [72.62, 29.240000000000002], [72.68, 29.200000000000003], [72.69, 29.21], [72.69, 29.220000000000002], [72.68, 29.230000000000004], [72.68, 29.26], [72.67, 29.270000000000003], [72.67, 29.300000000000004], [72.66, 29.310000000000002], [72.66, 29.340000000000003], [72.65, 29.35], [72.65, 29.380000000000003], [72.64, 29.39], [72.64, 29.410000000000004], [72.73, 29.470000000000002], [72.73, 29.51], [72.72, 29.520000000000003], [72.72, 29.570000000000004], [72.71000000000001, 29.580000000000002], [72.72, 29.590000000000003], [72.74, 29.590000000000003], [72.75, 29.6], [72.76, 29.6], [72.77, 29.590000000000003], [72.83, 29.590000000000003], [72.86, 29.610000000000003], [72.88, 29.610000000000003], [72.91, 29.630000000000003], [72.93, 29.630000000000003], [72.94, 29.64]]]}}, {"type": "Feature", "properties": {"na": "NA-147", "src": "commons-1993", "approx": false}, "geometry": {"type": "Polygon", "coordinates": [[[70.79, 29.250000000000004], [70.91, 29.250000000000004], [70.91, 29.240000000000002], [70.92, 29.230000000000004], [70.92, 29.200000000000003], [70.93, 29.190000000000005], [70.93, 29.17], [70.94, 29.160000000000004], [70.94, 29.130000000000003], [70.95, 29.120000000000005], [70.95, 29.110000000000003], [70.96000000000001, 29.1], [70.98, 29.1], [70.99, 29.090000000000003], [71.01, 29.090000000000003], [71.02, 29.080000000000002], [71.05, 29.080000000000002], [71.06, 29.07], [71.08, 29.07], [71.04, 29.000000000000004], [71.04, 28.810000000000002], [71.02, 28.78], [71.01, 28.730000000000004], [70.99, 28.700000000000003], [70.98, 28.650000000000002], [70.96000000000001, 28.620000000000005], [70.96000000000001, 28.6], [70.95, 28.590000000000003], [70.95, 28.440000000000005], [70.96000000000001, 28.430000000000003], [70.96000000000001, 28.42], [70.89, 28.42], [70.87, 28.400000000000002], [70.83, 28.400000000000002], [70.79, 28.440000000000005], [70.76, 28.440000000000005], [70.75, 28.450000000000003], [70.74, 28.450000000000003], [70.73, 28.440000000000005], [70.6, 28.440000000000005], [70.59, 28.450000000000003], [70.56, 28.46], [70.56, 28.490000000000002], [70.52, 28.53], [70.51, 28.53], [70.5, 28.520000000000003], [70.39, 28.520000000000003], [70.37, 28.540000000000003], [70.37, 28.610000000000003], [70.31, 28.660000000000004], [70.3, 28.660000000000004], [70.29, 28.67], [70.27, 28.67], [70.23, 28.700000000000003], [70.23, 28.720000000000002], [70.24, 28.730000000000004], [70.24, 28.740000000000002], [70.26, 28.760000000000005], [70.27, 28.790000000000003], [70.29, 28.82], [70.31, 28.82], [70.34, 28.840000000000003], [70.36, 28.840000000000003], [70.39, 28.860000000000003], [70.41, 28.860000000000003], [70.45, 28.900000000000002], [70.45, 28.910000000000004], [70.52, 28.980000000000004], [70.52, 28.990000000000002], [70.57, 29.040000000000003], [70.58, 29.040000000000003], [70.63, 29.080000000000002], [70.64, 29.080000000000002], [70.66, 29.1], [70.67, 29.1], [70.69, 29.120000000000005], [70.7, 29.120000000000005], [70.72, 29.14], [70.73, 29.14], [70.75, 29.160000000000004], [70.77, 29.21], [70.79, 29.240000000000002], [70.79, 29.250000000000004]]]}}, {"type": "Feature", "properties": {"na": "NA-148", "src": "commons-1993", "approx": false}, "geometry": {"type": "Polygon", "coordinates": [[[69.96000000000001, 28.450000000000003], [70.02, 28.510000000000005], [70.03, 28.510000000000005], [70.14, 28.620000000000005], [70.15, 28.620000000000005], [70.22, 28.690000000000005], [70.22, 28.700000000000003], [70.25, 28.67], [70.31, 28.650000000000002], [70.34, 28.620000000000005], [70.35, 28.620000000000005], [70.36, 28.610000000000003], [70.36, 28.540000000000003], [70.39, 28.510000000000005], [70.5, 28.510000000000005], [70.51, 28.520000000000003], [70.52, 28.520000000000003], [70.55, 28.490000000000002], [70.55, 28.450000000000003], [70.53, 28.450000000000003], [70.52, 28.440000000000005], [70.51, 28.410000000000004], [70.5, 28.400000000000002], [70.5, 28.370000000000005], [70.49, 28.370000000000005], [70.47, 28.35], [70.46000000000001, 28.35], [70.44, 28.330000000000002], [70.43, 28.330000000000002], [70.39, 28.300000000000004], [70.4, 28.25], [70.37, 28.21], [70.28, 28.21], [70.25, 28.230000000000004], [70.22, 28.230000000000004], [70.2, 28.21], [70.19, 28.21], [70.18, 28.200000000000003], [70.19, 28.17], [70.18, 28.17], [70.17, 28.160000000000004], [70.16, 28.160000000000004], [70.15, 28.17], [70.12, 28.17], [70.11, 28.180000000000003], [70.06, 28.180000000000003], [70.04, 28.200000000000003], [70.05, 28.230000000000004], [70.03, 28.25], [70.02, 28.25], [70.02, 28.270000000000003], [69.99, 28.300000000000004], [69.98, 28.300000000000004], [69.98, 28.330000000000002], [70.01, 28.360000000000003], [70.01, 28.370000000000005], [70.03, 28.39], [70.04, 28.42], [70.02, 28.450000000000003], [69.96000000000001, 28.450000000000003]]]}}, {"type": "Feature", "properties": {"na": "NA-149", "src": "commons-1993", "approx": false}, "geometry": {"type": "Polygon", "coordinates": [[[70.56, 28.450000000000003], [70.59, 28.440000000000005], [70.6, 28.430000000000003], [70.73, 28.430000000000003], [70.74, 28.440000000000005], [70.75, 28.440000000000005], [70.76, 28.430000000000003], [70.79, 28.430000000000003], [70.83, 28.39], [70.87, 28.39], [70.89, 28.410000000000004], [70.96000000000001, 28.410000000000004], [70.96000000000001, 28.28], [70.97, 28.270000000000003], [70.97, 28.25], [70.98, 28.240000000000002], [70.99, 28.190000000000005], [71.0, 28.180000000000003], [71.0, 28.160000000000004], [71.01, 28.150000000000002], [71.02, 28.1], [71.04, 28.07], [71.05, 28.020000000000003], [71.06, 28.010000000000005], [71.06, 27.990000000000002], [71.07, 27.980000000000004], [71.07, 27.96], [71.08, 27.950000000000003], [71.08, 27.930000000000003], [71.09, 27.92], [71.09, 27.860000000000003], [71.1, 27.85], [71.1, 27.800000000000004], [71.08, 27.800000000000004], [71.05, 27.78], [71.03, 27.78], [71.0, 27.760000000000005], [70.98, 27.760000000000005], [70.95, 27.740000000000002], [70.93, 27.740000000000002], [70.92, 27.730000000000004], [70.91, 27.730000000000004], [70.9, 27.720000000000002], [70.75, 27.720000000000002], [70.67, 27.840000000000003], [70.67, 27.92], [70.56, 28.03], [70.47, 28.03], [70.46000000000001, 28.020000000000003], [70.37, 28.020000000000003], [70.18, 27.860000000000003], [70.13, 27.89], [70.11, 27.89], [70.08, 27.910000000000004], [70.07, 27.910000000000004], [70.04, 27.930000000000003], [70.02, 27.930000000000003], [69.98, 27.96], [69.99, 27.96], [70.03, 28.0], [70.03, 28.010000000000005], [70.05, 28.03], [70.05, 28.040000000000003], [70.13, 28.040000000000003], [70.14, 28.050000000000004], [70.14, 28.120000000000005], [70.15, 28.120000000000005], [70.16, 28.130000000000003], [70.16, 28.150000000000002], [70.17, 28.150000000000002], [70.2, 28.17], [70.19, 28.200000000000003], [70.2, 28.200000000000003], [70.22, 28.220000000000002], [70.25, 28.220000000000002], [70.28, 28.200000000000003], [70.37, 28.200000000000003], [70.4, 28.230000000000004], [70.4, 28.240000000000002], [70.41, 28.25], [70.4, 28.300000000000004], [70.41, 28.300000000000004], [70.43, 28.32], [70.44, 28.32], [70.49, 28.360000000000003], [70.5, 28.360000000000003], [70.51, 28.370000000000005], [70.51, 28.400000000000002], [70.53, 28.430000000000003], [70.53, 28.440000000000005], [70.55, 28.440000000000005], [70.56, 28.450000000000003]]]}}, {"type": "Feature", "properties": {"na": "NA-150", "src": "commons-1993", "approx": false}, "geometry": {"type": "MultiPolygon", "coordinates": [[[[69.85, 28.450000000000003], [69.93, 28.450000000000003], [69.94, 28.440000000000005], [70.02, 28.440000000000005], [70.03, 28.410000000000004], [70.0, 28.370000000000005], [70.0, 28.360000000000003], [69.97, 28.330000000000002], [69.97, 28.300000000000004], [70.01, 28.270000000000003], [70.01, 28.25], [70.02, 28.240000000000002], [70.03, 28.240000000000002], [70.04, 28.230000000000004], [70.03, 28.200000000000003], [70.06, 28.17], [70.11, 28.17], [70.12, 28.160000000000004], [70.15, 28.160000000000004], [70.15, 28.130000000000003], [70.14, 28.130000000000003], [70.13, 28.120000000000005], [70.13, 28.050000000000004], [70.05, 28.050000000000004], [70.04, 28.040000000000003], [70.04, 28.03], [70.02, 28.010000000000005], [70.02, 28.0], [69.99, 27.970000000000002], [69.98, 27.970000000000002], [69.94, 28.010000000000005], [69.94, 28.020000000000003], [69.9, 28.060000000000002], [69.9, 28.07], [69.86, 28.110000000000003], [69.86, 28.120000000000005], [69.84, 28.14], [69.84, 28.160000000000004], [69.85, 28.17], [69.85, 28.21], [69.82, 28.260000000000005], [69.81, 28.290000000000003], [69.78, 28.340000000000003], [69.78, 28.35], [69.77, 28.360000000000003], [69.76, 28.39], [69.75, 28.400000000000002], [69.8, 28.430000000000003], [69.82, 28.430000000000003], [69.83, 28.440000000000005], [69.84, 28.440000000000005], [69.85, 28.450000000000003]]], [[[69.58, 28.35], [69.65, 28.35], [69.66, 28.340000000000003], [69.67, 28.340000000000003], [69.67, 28.330000000000002], [69.69, 28.310000000000002], [69.7, 28.310000000000002], [69.71000000000001, 28.300000000000004], [69.66, 28.230000000000004], [69.65, 28.240000000000002], [69.63, 28.240000000000002], [69.62, 28.25], [69.59, 28.25], [69.59, 28.300000000000004], [69.58, 28.310000000000002], [69.58, 28.35]]]]}}, {"type": "Feature", "properties": {"na": "NA-151", "src": "commons-1993", "approx": false}, "geometry": {"type": "Polygon", "coordinates": [[[68.69, 27.78], [68.74, 27.78], [68.75, 27.790000000000003], [68.8, 27.790000000000003], [68.84, 27.860000000000003], [68.85, 27.89], [68.86, 27.89], [68.88, 27.910000000000004], [68.89, 27.910000000000004], [68.91, 27.930000000000003], [68.92, 27.930000000000003], [68.97, 27.970000000000002], [68.98, 27.970000000000002], [69.0, 27.990000000000002], [69.02, 27.990000000000002], [69.03, 27.96], [69.04, 27.950000000000003], [69.04, 27.930000000000003], [69.06, 27.900000000000002], [69.07, 27.870000000000005], [69.09, 27.85], [69.11, 27.800000000000004], [69.14, 27.760000000000005], [69.15, 27.71], [69.18, 27.660000000000004], [69.18, 27.650000000000002], [69.23, 27.590000000000003], [69.23, 27.580000000000002], [69.22, 27.580000000000002], [69.21000000000001, 27.57], [69.23, 27.550000000000004], [69.24, 27.550000000000004], [69.22, 27.53], [69.21000000000001, 27.53], [69.2, 27.520000000000003], [69.16, 27.520000000000003], [69.15, 27.510000000000005], [69.16, 27.5], [69.16, 27.490000000000002], [69.19, 27.46], [69.2, 27.46], [69.21000000000001, 27.450000000000003], [69.18, 27.410000000000004], [69.18, 27.400000000000002], [69.16, 27.380000000000003], [69.14, 27.380000000000003], [69.13, 27.370000000000005], [69.08, 27.370000000000005], [69.07, 27.360000000000003], [69.04, 27.360000000000003], [69.03, 27.35], [69.03, 27.330000000000002], [69.02, 27.32], [69.02, 27.290000000000003], [69.01, 27.28], [69.01, 27.270000000000003], [69.0, 27.260000000000005], [68.99, 27.260000000000005], [68.97, 27.240000000000002], [68.94, 27.240000000000002], [68.93, 27.25], [68.92, 27.25], [68.9, 27.270000000000003], [68.83, 27.300000000000004], [68.84, 27.310000000000002], [68.84, 27.32], [68.87, 27.370000000000005], [68.89, 27.42], [68.79, 27.510000000000005], [68.79, 27.520000000000003], [68.8, 27.53], [68.8, 27.550000000000004], [68.82, 27.580000000000002], [68.82, 27.6], [68.83, 27.610000000000003], [68.83, 27.620000000000005], [68.82, 27.630000000000003], [68.81, 27.660000000000004], [68.78, 27.71], [68.78, 27.720000000000002], [68.76, 27.740000000000002], [68.73, 27.75], [68.71000000000001, 27.770000000000003], [68.7, 27.770000000000003], [68.69, 27.78]]]}}, {"type": "Feature", "properties": {"na": "NA-152", "src": "commons-1993", "approx": false}, "geometry": {"type": "Polygon", "coordinates": [[[68.97, 27.230000000000004], [69.02, 27.270000000000003], [69.02, 27.28], [69.03, 27.290000000000003], [69.03, 27.32], [69.04, 27.330000000000002], [69.04, 27.35], [69.07, 27.35], [69.08, 27.360000000000003], [69.13, 27.360000000000003], [69.14, 27.370000000000005], [69.16, 27.370000000000005], [69.19, 27.400000000000002], [69.19, 27.410000000000004], [69.21000000000001, 27.430000000000003], [69.21000000000001, 27.440000000000005], [69.22, 27.450000000000003], [69.2, 27.470000000000002], [69.19, 27.470000000000002], [69.16, 27.510000000000005], [69.2, 27.510000000000005], [69.21000000000001, 27.520000000000003], [69.22, 27.520000000000003], [69.25, 27.550000000000004], [69.22, 27.57], [69.23, 27.57], [69.24, 27.580000000000002], [69.25, 27.580000000000002], [69.26, 27.57], [69.29, 27.57], [69.3, 27.580000000000002], [69.31, 27.57], [69.37, 27.57], [69.38, 27.560000000000002], [69.43, 27.540000000000003], [69.44, 27.53], [69.44, 27.520000000000003], [69.47, 27.490000000000002], [69.49, 27.490000000000002], [69.52, 27.470000000000002], [69.71000000000001, 27.470000000000002], [69.72, 27.480000000000004], [69.76, 27.480000000000004], [69.77, 27.490000000000002], [69.81, 27.490000000000002], [69.82, 27.5], [69.83, 27.5], [69.86, 27.480000000000004], [69.89, 27.480000000000004], [69.91, 27.5], [69.92, 27.5], [69.74, 27.310000000000002], [69.73, 27.310000000000002], [69.68, 27.260000000000005], [69.67, 27.260000000000005], [69.62, 27.21], [69.61, 27.21], [69.58, 27.180000000000003], [69.58, 27.17], [69.55, 27.120000000000005], [69.54, 27.090000000000003], [69.53, 27.080000000000002], [69.53, 27.07], [69.5, 27.090000000000003], [69.48, 27.090000000000003], [69.43, 27.120000000000005], [69.41, 27.120000000000005], [69.36, 27.150000000000002], [69.34, 27.150000000000002], [69.33, 27.160000000000004], [69.32, 27.160000000000004], [69.31, 27.17], [69.28, 27.17], [69.27, 27.180000000000003], [69.23, 27.180000000000003], [69.22, 27.190000000000005], [69.19, 27.190000000000005], [69.18, 27.200000000000003], [69.14, 27.200000000000003], [69.13, 27.21], [69.0, 27.21], [68.97, 27.230000000000004]]]}}, {"type": "Feature", "properties": {"na": "NA-153", "src": "commons-1993", "approx": false}, "geometry": {"type": "Polygon", "coordinates": [[[69.72, 28.400000000000002], [69.74, 28.400000000000002], [69.75, 28.39], [69.75, 28.380000000000003], [69.79, 28.310000000000002], [69.82, 28.240000000000002], [69.84, 28.21], [69.84, 28.17], [69.83, 28.160000000000004], [69.83, 28.14], [69.85, 28.120000000000005], [69.85, 28.110000000000003], [69.89, 28.07], [69.89, 28.060000000000002], [69.93, 28.020000000000003], [69.93, 28.010000000000005], [69.97, 27.970000000000002], [69.97, 27.96], [70.0, 27.930000000000003], [70.01, 27.930000000000003], [70.02, 27.92], [70.04, 27.92], [70.11, 27.880000000000003], [70.13, 27.880000000000003], [70.16, 27.860000000000003], [70.17, 27.860000000000003], [70.17, 27.85], [70.14, 27.82], [70.14, 27.810000000000002], [70.1, 27.770000000000003], [70.01, 27.560000000000002], [70.0, 27.560000000000002], [69.98, 27.540000000000003], [69.97, 27.540000000000003], [69.95, 27.520000000000003], [69.94, 27.520000000000003], [69.93, 27.510000000000005], [69.91, 27.510000000000005], [69.89, 27.490000000000002], [69.86, 27.490000000000002], [69.83, 27.510000000000005], [69.82, 27.510000000000005], [69.81, 27.5], [69.77, 27.5], [69.76, 27.490000000000002], [69.72, 27.490000000000002], [69.71000000000001, 27.480000000000004], [69.52, 27.480000000000004], [69.49, 27.5], [69.47, 27.5], [69.43, 27.550000000000004], [69.38, 27.57], [69.37, 27.580000000000002], [69.31, 27.580000000000002], [69.3, 27.590000000000003], [69.29, 27.580000000000002], [69.26, 27.580000000000002], [69.25, 27.590000000000003], [69.24, 27.590000000000003], [69.19, 27.650000000000002], [69.18, 27.680000000000003], [69.16, 27.71], [69.15, 27.760000000000005], [69.12, 27.800000000000004], [69.1, 27.85], [69.08, 27.870000000000005], [69.06, 27.92], [69.05, 27.930000000000003], [69.05, 27.950000000000003], [69.02, 28.0], [69.03, 28.010000000000005], [69.04, 28.010000000000005], [69.06, 28.03], [69.07, 28.020000000000003], [69.1, 28.020000000000003], [69.11, 28.010000000000005], [69.14, 28.010000000000005], [69.15, 28.0], [69.18, 28.0], [69.21000000000001, 28.040000000000003], [69.21000000000001, 28.060000000000002], [69.23, 28.090000000000003], [69.23, 28.1], [69.24, 28.1], [69.25, 28.110000000000003], [69.27, 28.110000000000003], [69.34, 28.150000000000002], [69.36, 28.150000000000002], [69.43, 28.190000000000005], [69.45, 28.190000000000005], [69.46000000000001, 28.200000000000003], [69.47, 28.200000000000003], [69.51, 28.240000000000002], [69.62, 28.240000000000002], [69.63, 28.230000000000004], [69.65, 28.230000000000004], [69.66, 28.220000000000002], [69.71000000000001, 28.28], [69.71000000000001, 28.290000000000003], [69.72, 28.300000000000004], [69.7, 28.32], [69.69, 28.32], [69.67, 28.35], [69.69, 28.370000000000005], [69.69, 28.380000000000003], [69.72, 28.400000000000002]]]}}, {"type": "Feature", "properties": {"na": "NA-154", "src": "commons-1993", "approx": false}, "geometry": {"type": "Polygon", "coordinates": [[[68.53, 28.17], [68.54, 28.160000000000004], [68.59, 28.160000000000004], [68.6, 28.150000000000002], [68.67, 28.150000000000002], [68.68, 28.14], [68.7, 28.14], [68.71000000000001, 28.130000000000003], [68.74, 28.130000000000003], [68.75, 28.120000000000005], [68.77, 28.120000000000005], [68.78, 28.110000000000003], [68.81, 28.110000000000003], [68.82, 28.1], [68.84, 28.1], [68.85, 28.090000000000003], [69.0, 28.090000000000003], [69.05, 28.040000000000003], [69.05, 28.03], [68.87, 27.910000000000004], [68.78, 27.910000000000004], [68.74, 27.880000000000003], [68.68, 27.880000000000003], [68.67, 27.89], [68.66, 27.89], [68.64, 27.910000000000004], [68.58, 27.89], [68.52, 27.830000000000002], [68.52, 27.810000000000002], [68.51, 27.800000000000004], [68.51, 27.75], [68.5, 27.740000000000002], [68.5, 27.720000000000002], [68.48, 27.700000000000003], [68.47, 27.700000000000003], [68.46, 27.690000000000005], [68.45, 27.700000000000003], [68.38, 27.730000000000004], [68.37, 27.740000000000002], [68.36, 27.740000000000002], [68.33, 27.760000000000005], [68.3, 27.830000000000002], [68.28, 27.85], [68.26, 27.900000000000002], [68.24, 27.930000000000003], [68.3, 27.930000000000003], [68.31, 27.940000000000005], [68.31, 28.03], [68.32, 28.040000000000003], [68.32, 28.130000000000003], [68.33, 28.120000000000005], [68.42, 28.120000000000005], [68.45, 28.14], [68.47, 28.14], [68.5, 28.160000000000004], [68.52, 28.160000000000004], [68.53, 28.17]]]}}, {"type": "Feature", "properties": {"na": "NA-155", "src": "commons-1993", "approx": false}, "geometry": {"type": "Polygon", "coordinates": [[[68.63, 27.900000000000002], [68.64, 27.900000000000002], [68.66, 27.880000000000003], [68.67, 27.880000000000003], [68.68, 27.870000000000005], [68.74, 27.870000000000005], [68.78, 27.900000000000002], [68.85, 27.900000000000002], [68.82, 27.85], [68.8, 27.800000000000004], [68.75, 27.800000000000004], [68.74, 27.790000000000003], [68.68, 27.790000000000003], [68.66, 27.770000000000003], [68.64, 27.770000000000003], [68.61, 27.75], [68.59, 27.75], [68.56, 27.730000000000004], [68.54, 27.730000000000004], [68.51, 27.71], [68.5, 27.71], [68.51, 27.720000000000002], [68.51, 27.740000000000002], [68.52, 27.75], [68.52, 27.800000000000004], [68.53, 27.810000000000002], [68.53, 27.830000000000002], [68.58, 27.880000000000003], [68.59, 27.880000000000003], [68.6, 27.89], [68.62, 27.89], [68.63, 27.900000000000002]]]}}, {"type": "Feature", "properties": {"na": "NA-156", "src": "commons-1993", "approx": false}, "geometry": {"type": "Polygon", "coordinates": [[[69.02, 28.440000000000005], [69.11, 28.440000000000005], [69.12, 28.430000000000003], [69.12, 28.42], [69.13, 28.410000000000004], [69.13, 28.39], [69.16, 28.340000000000003], [69.15, 28.330000000000002], [69.15, 28.28], [69.14, 28.270000000000003], [69.14, 28.240000000000002], [69.13, 28.230000000000004], [69.13, 28.220000000000002], [69.11, 28.200000000000003], [69.1, 28.200000000000003], [69.07, 28.180000000000003], [68.86, 28.180000000000003], [68.83, 28.150000000000002], [68.83, 28.130000000000003], [68.82, 28.120000000000005], [68.82, 28.110000000000003], [68.81, 28.120000000000005], [68.78, 28.120000000000005], [68.77, 28.130000000000003], [68.75, 28.130000000000003], [68.74, 28.14], [68.71000000000001, 28.14], [68.7, 28.150000000000002], [68.68, 28.150000000000002], [68.67, 28.160000000000004], [68.6, 28.160000000000004], [68.59, 28.17], [68.54, 28.17], [68.53, 28.180000000000003], [68.52, 28.17], [68.5, 28.17], [68.49, 28.160000000000004], [68.48, 28.160000000000004], [68.47, 28.150000000000002], [68.45, 28.150000000000002], [68.42, 28.130000000000003], [68.33, 28.130000000000003], [68.32, 28.14], [68.31, 28.130000000000003], [68.31, 28.040000000000003], [68.3, 28.03], [68.3, 27.940000000000005], [68.13, 27.940000000000005], [68.08, 28.0], [67.92, 28.0], [68.03, 28.110000000000003], [68.04, 28.110000000000003], [68.1, 28.160000000000004], [68.11, 28.160000000000004], [68.17, 28.220000000000002], [68.18, 28.220000000000002], [68.21, 28.25], [68.24, 28.25], [68.25, 28.260000000000005], [68.29, 28.260000000000005], [68.3, 28.270000000000003], [68.31, 28.270000000000003], [68.34, 28.300000000000004], [68.35, 28.300000000000004], [68.38, 28.330000000000002], [68.38, 28.340000000000003], [68.41, 28.370000000000005], [68.41, 28.380000000000003], [68.44, 28.410000000000004], [68.45, 28.410000000000004], [68.46, 28.42], [68.48, 28.42], [68.49, 28.430000000000003], [68.69, 28.430000000000003], [68.7, 28.42], [68.72, 28.42], [68.73, 28.430000000000003], [68.9, 28.430000000000003], [68.91, 28.42], [68.92, 28.430000000000003], [69.01, 28.430000000000003], [69.02, 28.440000000000005]]]}}, {"type": "Feature", "properties": {"na": "NA-157", "src": "commons-1993", "approx": false}, "geometry": {"type": "Polygon", "coordinates": [[[69.49, 28.480000000000004], [69.54, 28.480000000000004], [69.55, 28.470000000000002], [69.57, 28.470000000000002], [69.6, 28.450000000000003], [69.65, 28.440000000000005], [69.66, 28.430000000000003], [69.68, 28.430000000000003], [69.69, 28.42], [69.72, 28.410000000000004], [69.71000000000001, 28.400000000000002], [69.7, 28.400000000000002], [69.66, 28.35], [69.65, 28.360000000000003], [69.58, 28.360000000000003], [69.57, 28.35], [69.57, 28.310000000000002], [69.58, 28.300000000000004], [69.58, 28.25], [69.51, 28.25], [69.47, 28.21], [69.46000000000001, 28.21], [69.45, 28.200000000000003], [69.43, 28.200000000000003], [69.36, 28.160000000000004], [69.34, 28.160000000000004], [69.27, 28.120000000000005], [69.25, 28.120000000000005], [69.24, 28.110000000000003], [69.23, 28.110000000000003], [69.22, 28.1], [69.21000000000001, 28.07], [69.2, 28.060000000000002], [69.2, 28.040000000000003], [69.18, 28.010000000000005], [69.15, 28.010000000000005], [69.14, 28.020000000000003], [69.11, 28.020000000000003], [69.1, 28.03], [69.07, 28.03], [69.0, 28.1], [68.85, 28.1], [68.84, 28.110000000000003], [68.83, 28.110000000000003], [68.83, 28.120000000000005], [68.84, 28.130000000000003], [68.84, 28.150000000000002], [68.86, 28.17], [69.07, 28.17], [69.1, 28.190000000000005], [69.11, 28.190000000000005], [69.14, 28.220000000000002], [69.14, 28.230000000000004], [69.15, 28.240000000000002], [69.15, 28.270000000000003], [69.16, 28.28], [69.16, 28.330000000000002], [69.17, 28.340000000000003], [69.16, 28.35], [69.15, 28.380000000000003], [69.14, 28.39], [69.14, 28.410000000000004], [69.12, 28.440000000000005], [69.13, 28.450000000000003], [69.35, 28.450000000000003], [69.36, 28.440000000000005], [69.37, 28.450000000000003], [69.4, 28.450000000000003], [69.41, 28.46], [69.44, 28.46], [69.45, 28.470000000000002], [69.48, 28.470000000000002], [69.49, 28.480000000000004]]]}}, {"type": "Feature", "properties": {"na": "NA-158", "src": "commons-1993", "approx": false}, "geometry": {"type": "Polygon", "coordinates": [[[68.18, 27.230000000000004], [68.19, 27.220000000000002], [68.25, 27.220000000000002], [68.26, 27.21], [68.33, 27.21], [68.43, 27.090000000000003], [68.43, 27.07], [68.44, 27.060000000000002], [68.44, 27.040000000000003], [68.42, 27.020000000000003], [68.42, 27.010000000000005], [68.39, 26.980000000000004], [68.39, 26.970000000000002], [68.36, 26.940000000000005], [68.36, 26.930000000000003], [68.33, 26.900000000000002], [68.33, 26.89], [68.32, 26.880000000000003], [68.32, 26.860000000000003], [68.31, 26.85], [68.31, 26.800000000000004], [68.3, 26.790000000000003], [68.3, 26.75], [68.29, 26.740000000000002], [68.29, 26.730000000000004], [68.24, 26.730000000000004], [68.19, 26.78], [68.18, 26.78], [68.15, 26.810000000000002], [68.11, 26.810000000000002], [68.09, 26.790000000000003], [68.05, 26.790000000000003], [68.04, 26.800000000000004], [68.01, 26.790000000000003], [68.0, 26.800000000000004], [67.98, 26.800000000000004], [67.97, 26.810000000000002], [67.96, 26.810000000000002], [67.91, 26.840000000000003], [67.83, 26.840000000000003], [67.83, 26.860000000000003], [67.84, 26.870000000000005], [67.85, 26.870000000000005], [67.89, 26.910000000000004], [67.9, 26.910000000000004], [67.92, 26.930000000000003], [67.92, 26.990000000000002], [67.91, 27.0], [67.91, 27.050000000000004], [67.95, 27.050000000000004], [67.96, 27.060000000000002], [67.99, 27.060000000000002], [68.01, 27.080000000000002], [68.01, 27.090000000000003], [68.05, 27.14], [68.05, 27.150000000000002], [68.08, 27.180000000000003], [68.08, 27.190000000000005], [68.09, 27.200000000000003], [68.14, 27.21], [68.15, 27.220000000000002], [68.17, 27.220000000000002], [68.18, 27.230000000000004]]]}}, {"type": "Feature", "properties": {"na": "NA-159", "src": "commons-1993", "approx": false, "confidence": "low"}, "geometry": {"type": "Polygon", "coordinates": [[[67.83, 26.830000000000002], [67.91, 26.830000000000002], [67.96, 26.800000000000004], [67.97, 26.800000000000004], [67.98, 26.790000000000003], [68.0, 26.790000000000003], [68.01, 26.78], [68.02, 26.78], [68.03, 26.790000000000003], [68.04, 26.790000000000003], [68.05, 26.78], [68.09, 26.78], [68.11, 26.800000000000004], [68.15, 26.800000000000004], [68.18, 26.770000000000003], [68.19, 26.770000000000003], [68.24, 26.720000000000002], [68.29, 26.720000000000002], [68.29, 26.690000000000005], [68.28, 26.680000000000003], [68.28, 26.660000000000004], [68.29, 26.650000000000002], [68.31, 26.650000000000002], [68.32, 26.64], [68.35, 26.64], [68.36, 26.630000000000003], [68.43, 26.630000000000003], [68.38, 26.580000000000002], [68.37, 26.550000000000004], [68.32, 26.550000000000004], [68.29, 26.53], [68.22, 26.53], [68.19, 26.5], [68.16, 26.5], [68.12, 26.53], [68.11, 26.53], [68.03, 26.450000000000003], [68.01, 26.450000000000003], [67.97, 26.410000000000004], [67.96, 26.410000000000004], [67.93, 26.39], [67.91, 26.39], [67.9, 26.380000000000003], [67.89, 26.380000000000003], [67.89, 26.410000000000004], [67.9, 26.42], [67.9, 26.5], [67.91, 26.510000000000005], [67.91, 26.550000000000004], [67.86, 26.580000000000002], [67.84, 26.580000000000002], [67.81, 26.6], [67.8, 26.6], [67.86, 26.67], [67.86, 26.700000000000003], [67.85, 26.71], [67.85, 26.760000000000005], [67.84, 26.770000000000003], [67.84, 26.82], [67.83, 26.830000000000002]]]}}, {"type": "Feature", "properties": {"na": "NA-160", "src": "commons-1993", "approx": false}, "geometry": {"type": "Polygon", "coordinates": [[[68.43, 26.620000000000005], [68.51, 26.620000000000005], [68.52, 26.610000000000003], [68.59, 26.610000000000003], [68.6, 26.6], [68.67, 26.6], [68.68, 26.590000000000003], [68.75, 26.590000000000003], [68.78, 26.57], [68.8, 26.57], [68.8, 26.560000000000002], [68.81, 26.550000000000004], [68.81, 26.53], [68.82, 26.520000000000003], [68.82, 26.490000000000002], [68.83, 26.480000000000004], [68.83, 26.46], [68.84, 26.450000000000003], [68.84, 26.440000000000005], [68.74, 26.32], [68.7, 26.32], [68.69, 26.310000000000002], [68.65, 26.310000000000002], [68.64, 26.300000000000004], [68.64, 26.17], [68.63, 26.180000000000003], [68.6, 26.180000000000003], [68.59, 26.190000000000005], [68.53, 26.190000000000005], [68.52, 26.180000000000003], [68.49, 26.180000000000003], [68.48, 26.17], [68.45, 26.17], [68.44, 26.160000000000004], [68.44, 26.130000000000003], [68.43, 26.120000000000005], [68.42, 26.120000000000005], [68.4, 26.14], [68.4, 26.190000000000005], [68.44, 26.230000000000004], [68.44, 26.270000000000003], [68.45, 26.28], [68.45, 26.32], [68.43, 26.340000000000003], [68.42, 26.340000000000003], [68.38, 26.380000000000003], [68.38, 26.39], [68.37, 26.400000000000002], [68.37, 26.42], [68.38, 26.430000000000003], [68.38, 26.440000000000005], [68.31, 26.53], [68.32, 26.540000000000003], [68.37, 26.540000000000003], [68.39, 26.57], [68.39, 26.580000000000002], [68.43, 26.620000000000005]]]}}, {"type": "Feature", "properties": {"na": "NA-161", "src": "commons-1993", "approx": false, "confidence": "low"}, "geometry": {"type": "Polygon", "coordinates": [[[68.3, 26.53], [68.37, 26.440000000000005], [68.37, 26.430000000000003], [68.36, 26.42], [68.36, 26.400000000000002], [68.37, 26.39], [68.37, 26.380000000000003], [68.42, 26.330000000000002], [68.43, 26.330000000000002], [68.44, 26.32], [68.44, 26.28], [68.43, 26.270000000000003], [68.43, 26.230000000000004], [68.39, 26.190000000000005], [68.39, 26.14], [68.42, 26.110000000000003], [68.43, 26.110000000000003], [68.43, 26.080000000000002], [68.34, 26.080000000000002], [68.33, 26.07], [68.33, 26.060000000000002], [68.27, 26.0], [68.26, 26.010000000000005], [68.17, 26.010000000000005], [68.03, 26.150000000000002], [68.03, 26.17], [68.01, 26.200000000000003], [68.0, 26.200000000000003], [67.98, 26.220000000000002], [67.97, 26.220000000000002], [67.95, 26.240000000000002], [67.94, 26.240000000000002], [67.89, 26.28], [67.88, 26.28], [67.88, 26.32], [67.89, 26.330000000000002], [67.89, 26.370000000000005], [67.9, 26.370000000000005], [67.91, 26.380000000000003], [67.93, 26.380000000000003], [67.96, 26.400000000000002], [67.97, 26.400000000000002], [68.01, 26.440000000000005], [68.03, 26.440000000000005], [68.11, 26.520000000000003], [68.12, 26.520000000000003], [68.14, 26.5], [68.15, 26.5], [68.16, 26.490000000000002], [68.19, 26.490000000000002], [68.22, 26.520000000000003], [68.29, 26.520000000000003], [68.3, 26.53]]]}}, {"type": "Feature", "properties": {"na": "NA-162", "src": "commons-1993", "approx": false}, "geometry": {"type": "Polygon", "coordinates": [[[68.38000000000001, 26.950000000000003], [68.45, 27.040000000000003], [68.44, 27.090000000000003], [68.33, 27.220000000000002], [68.26, 27.220000000000002], [68.25, 27.230000000000004], [68.19, 27.230000000000004], [68.19, 27.240000000000002], [68.2, 27.25], [68.2, 27.270000000000003], [68.22, 27.300000000000004], [68.22, 27.32], [68.23, 27.330000000000002], [68.23, 27.340000000000003], [68.28, 27.35], [68.29, 27.360000000000003], [68.31, 27.360000000000003], [68.32, 27.370000000000005], [68.34, 27.370000000000005], [68.35, 27.380000000000003], [68.33, 27.410000000000004], [68.33, 27.42], [68.31, 27.440000000000005], [68.29, 27.490000000000002], [68.28, 27.5], [68.29, 27.5], [68.34, 27.53], [68.34, 27.550000000000004], [68.35, 27.560000000000002], [68.35, 27.590000000000003], [68.36, 27.6], [68.36, 27.610000000000003], [68.38, 27.610000000000003], [68.39, 27.620000000000005], [68.42, 27.620000000000005], [68.43, 27.630000000000003], [68.45, 27.630000000000003], [68.46, 27.64], [68.49, 27.64], [68.5, 27.650000000000002], [68.47, 27.690000000000005], [68.48, 27.690000000000005], [68.49, 27.700000000000003], [68.51, 27.700000000000003], [68.54, 27.720000000000002], [68.56, 27.720000000000002], [68.59, 27.740000000000002], [68.61, 27.740000000000002], [68.64, 27.760000000000005], [68.69, 27.770000000000003], [68.7, 27.760000000000005], [68.71000000000001, 27.760000000000005], [68.73, 27.740000000000002], [68.76, 27.730000000000004], [68.77, 27.720000000000002], [68.77, 27.71], [68.82, 27.620000000000005], [68.82, 27.610000000000003], [68.81, 27.6], [68.81, 27.580000000000002], [68.79, 27.550000000000004], [68.79, 27.53], [68.78, 27.520000000000003], [68.78, 27.510000000000005], [68.88, 27.42], [68.87, 27.39], [68.82, 27.300000000000004], [68.85, 27.28], [68.9, 27.260000000000005], [68.92, 27.240000000000002], [68.99, 27.21], [68.99, 27.200000000000003], [68.97, 27.200000000000003], [68.96000000000001, 27.190000000000005], [68.88, 27.190000000000005], [68.85, 27.17], [68.83, 27.17], [68.78, 27.14], [68.77, 27.14], [68.71000000000001, 27.090000000000003], [68.58, 27.090000000000003], [68.55, 27.110000000000003], [68.54, 27.110000000000003], [68.51, 27.080000000000002], [68.51, 27.07], [68.52, 27.060000000000002], [68.52, 27.040000000000003], [68.46, 27.020000000000003], [68.45, 27.010000000000005], [68.45, 27.0], [68.44, 27.0], [68.39, 26.950000000000003], [68.38000000000001, 26.950000000000003]]]}}, {"type": "Feature", "properties": {"na": "NA-163", "src": "commons-1993", "approx": false}, "geometry": {"type": "Polygon", "coordinates": [[[69.0, 27.200000000000003], [69.13, 27.200000000000003], [69.14, 27.190000000000005], [69.18, 27.190000000000005], [69.19, 27.180000000000003], [69.22, 27.180000000000003], [69.23, 27.17], [69.27, 27.17], [69.28, 27.160000000000004], [69.31, 27.160000000000004], [69.34, 27.14], [69.36, 27.14], [69.41, 27.110000000000003], [69.43, 27.110000000000003], [69.48, 27.080000000000002], [69.5, 27.080000000000002], [69.51, 27.07], [69.52, 27.07], [69.53, 27.060000000000002], [69.53, 27.050000000000004], [69.52, 27.040000000000003], [69.52, 27.0], [69.51, 26.990000000000002], [69.51, 26.950000000000003], [69.5, 26.940000000000005], [69.5, 26.89], [69.49, 26.880000000000003], [69.49, 26.840000000000003], [69.48, 26.830000000000002], [69.48, 26.810000000000002], [69.51, 26.760000000000005], [69.51, 26.75], [69.53, 26.730000000000004], [69.54, 26.730000000000004], [69.57, 26.71], [69.59, 26.71], [69.68, 26.660000000000004], [69.7, 26.660000000000004], [69.73, 26.64], [69.76, 26.630000000000003], [69.79, 26.610000000000003], [69.81, 26.610000000000003], [69.84, 26.590000000000003], [70.01, 26.590000000000003], [70.02, 26.6], [70.03, 26.590000000000003], [70.05, 26.590000000000003], [70.06, 26.580000000000002], [70.09, 26.580000000000002], [70.1, 26.57], [70.12, 26.57], [70.13, 26.560000000000002], [70.16, 26.560000000000002], [70.16, 26.550000000000004], [70.17, 26.540000000000003], [70.17, 26.510000000000005], [70.18, 26.5], [70.18, 26.380000000000003], [70.17, 26.370000000000005], [70.17, 26.25], [70.16, 26.240000000000002], [70.13, 26.17], [70.12, 26.160000000000004], [70.08, 26.160000000000004], [70.07, 26.17], [70.03, 26.17], [70.02, 26.180000000000003], [69.98, 26.180000000000003], [69.97, 26.190000000000005], [69.94, 26.190000000000005], [69.93, 26.200000000000003], [69.89, 26.200000000000003], [69.88, 26.21], [69.84, 26.21], [69.83, 26.220000000000002], [69.46000000000001, 26.220000000000002], [69.45, 26.230000000000004], [69.35, 26.230000000000004], [69.34, 26.240000000000002], [69.24, 26.240000000000002], [69.23, 26.25], [69.22, 26.240000000000002], [69.11, 26.240000000000002], [68.96000000000001, 26.380000000000003], [68.93, 26.450000000000003], [68.91, 26.480000000000004], [68.9, 26.470000000000002], [68.89, 26.470000000000002], [68.88, 26.46], [68.86, 26.46], [68.85, 26.450000000000003], [68.84, 26.46], [68.84, 26.480000000000004], [68.83, 26.490000000000002], [68.83, 26.520000000000003], [68.82, 26.53], [68.82, 26.550000000000004], [68.8, 26.580000000000002], [68.78, 26.580000000000002], [68.75, 26.6], [68.68, 26.6], [68.67, 26.610000000000003], [68.6, 26.610000000000003], [68.59, 26.620000000000005], [68.52, 26.620000000000005], [68.51, 26.630000000000003], [68.44, 26.630000000000003], [68.43, 26.64], [68.36, 26.64], [68.35, 26.650000000000002], [68.32, 26.650000000000002], [68.31, 26.660000000000004], [68.29, 26.660000000000004], [68.29, 26.680000000000003], [68.3, 26.690000000000005], [68.3, 26.740000000000002], [68.31, 26.75], [68.31, 26.790000000000003], [68.32, 26.800000000000004], [68.32, 26.85], [68.33, 26.860000000000003], [68.33, 26.880000000000003], [68.34, 26.89], [68.34, 26.900000000000002], [68.44, 26.990000000000002], [68.45, 26.990000000000002], [68.46, 27.0], [68.46, 27.010000000000005], [68.47, 27.010000000000005], [68.48, 27.020000000000003], [68.5, 27.020000000000003], [68.53, 27.040000000000003], [68.53, 27.060000000000002], [68.52, 27.07], [68.52, 27.080000000000002], [68.54, 27.1], [68.57, 27.090000000000003], [68.58, 27.080000000000002], [68.71000000000001, 27.080000000000002], [68.77, 27.130000000000003], [68.78, 27.130000000000003], [68.83, 27.160000000000004], [68.85, 27.160000000000004], [68.88, 27.180000000000003], [68.96000000000001, 27.180000000000003], [68.97, 27.190000000000005], [68.99, 27.190000000000005], [69.0, 27.200000000000003]]]}}, {"type": "Feature", "properties": {"na": "NA-164", "src": "commons-1993", "approx": false}, "geometry": {"type": "Polygon", "coordinates": [[[67.94, 27.990000000000002], [68.08, 27.990000000000002], [68.1, 27.970000000000002], [68.1, 27.96], [68.12, 27.930000000000003], [68.12, 27.92], [68.15, 27.870000000000005], [68.16, 27.840000000000003], [68.17, 27.830000000000002], [68.17, 27.770000000000003], [68.15, 27.740000000000002], [68.15, 27.690000000000005], [68.17, 27.67], [68.24, 27.67], [68.25, 27.680000000000003], [68.33, 27.6], [68.33, 27.590000000000003], [68.34, 27.580000000000002], [68.33, 27.53], [68.28, 27.510000000000005], [68.27, 27.5], [68.29, 27.470000000000002], [68.3, 27.440000000000005], [68.32, 27.42], [68.33, 27.39], [68.34, 27.380000000000003], [68.32, 27.380000000000003], [68.31, 27.370000000000005], [68.26, 27.360000000000003], [68.25, 27.35], [68.24, 27.360000000000003], [68.14, 27.360000000000003], [68.12, 27.380000000000003], [68.11, 27.380000000000003], [68.1, 27.39], [68.08, 27.39], [68.07, 27.380000000000003], [68.06, 27.35], [68.04, 27.35], [68.01, 27.370000000000005], [67.99, 27.370000000000005], [67.98, 27.360000000000003], [67.96, 27.380000000000003], [67.97, 27.410000000000004], [67.99, 27.430000000000003], [68.02, 27.430000000000003], [68.04, 27.450000000000003], [68.05, 27.480000000000004], [68.06, 27.490000000000002], [68.06, 27.53], [68.07, 27.540000000000003], [68.07, 27.580000000000002], [68.03, 27.620000000000005], [68.03, 27.630000000000003], [68.01, 27.650000000000002], [67.99, 27.650000000000002], [67.98, 27.660000000000004], [67.95, 27.67], [67.89, 27.720000000000002], [67.89, 27.800000000000004], [67.9, 27.810000000000002], [67.9, 27.860000000000003], [67.91, 27.870000000000005], [67.91, 27.910000000000004], [67.92, 27.92], [67.92, 27.950000000000003], [67.93, 27.96], [67.93, 27.980000000000004], [67.94, 27.990000000000002]]]}}, {"type": "Feature", "properties": {"na": "NA-165", "src": "reconstructed", "approx": true}, "geometry": {"type": "Polygon", "coordinates": [[[67.91, 28.0], [67.92, 27.990000000000002], [67.93, 27.990000000000002], [67.92, 27.980000000000004], [67.92, 27.96], [67.91, 27.950000000000003], [67.91, 27.92], [67.9, 27.910000000000004], [67.9, 27.870000000000005], [67.89, 27.860000000000003], [67.89, 27.810000000000002], [67.88, 27.800000000000004], [67.88, 27.700000000000003], [67.87, 27.690000000000005], [67.87, 27.67], [67.86, 27.660000000000004], [67.86, 27.630000000000003], [67.85, 27.620000000000005], [67.84, 27.57], [67.82, 27.540000000000003], [67.82, 27.520000000000003], [67.81, 27.510000000000005], [67.81, 27.46], [67.8, 27.450000000000003], [67.8, 27.410000000000004], [67.79, 27.400000000000002], [67.79, 27.35], [67.78, 27.340000000000003], [67.78, 27.32], [67.66, 27.32], [67.65, 27.310000000000002], [67.64, 27.32], [67.5, 27.32], [67.47, 27.340000000000003], [67.44, 27.35], [67.42, 27.370000000000005], [67.41, 27.370000000000005], [67.38, 27.39], [67.35, 27.39], [67.34, 27.380000000000003], [67.32, 27.380000000000003], [67.31, 27.370000000000005], [67.27, 27.400000000000002], [67.22, 27.42], [67.2, 27.440000000000005], [67.19, 27.440000000000005], [67.18, 27.450000000000003], [67.18, 27.490000000000002], [67.19, 27.5], [67.19, 27.540000000000003], [67.23, 27.610000000000003], [67.24, 27.64], [67.34, 27.730000000000004], [67.34, 27.740000000000002], [67.35, 27.75], [67.35, 27.770000000000003], [67.36, 27.78], [67.36, 27.800000000000004], [67.37, 27.810000000000002], [67.37, 27.840000000000003], [67.38, 27.85], [67.38, 27.870000000000005], [67.39, 27.880000000000003], [67.39, 27.900000000000002], [67.4, 27.910000000000004], [67.41, 27.900000000000002], [67.47, 27.900000000000002], [67.48, 27.910000000000004], [67.54, 27.910000000000004], [67.55, 27.92], [67.6, 27.92], [67.61, 27.930000000000003], [67.66, 27.930000000000003], [67.67, 27.940000000000005], [67.7, 27.940000000000005], [67.71, 27.950000000000003], [67.74, 27.950000000000003], [67.75, 27.96], [67.78, 27.96], [67.79, 27.970000000000002], [67.82, 27.970000000000002], [67.83, 27.980000000000004], [67.86, 27.980000000000004], [67.87, 27.990000000000002], [67.9, 27.990000000000002], [67.91, 28.0]]]}}, {"type": "Feature", "properties": {"na": "NA-166", "src": "reconstructed", "approx": true}, "geometry": {"type": "MultiPolygon", "coordinates": [[[[68.13, 27.930000000000003], [68.23, 27.930000000000003], [68.26, 27.880000000000003], [68.27, 27.85], [68.29, 27.830000000000002], [68.32, 27.760000000000005], [68.34, 27.740000000000002], [68.37, 27.730000000000004], [68.42, 27.700000000000003], [68.43, 27.700000000000003], [68.44, 27.690000000000005], [68.45, 27.690000000000005], [68.46, 27.680000000000003], [68.47, 27.680000000000003], [68.47, 27.67], [68.49, 27.650000000000002], [68.46, 27.650000000000002], [68.45, 27.64], [68.43, 27.64], [68.42, 27.630000000000003], [68.39, 27.630000000000003], [68.38, 27.620000000000005], [68.36, 27.620000000000005], [68.34, 27.590000000000003], [68.34, 27.6], [68.26, 27.680000000000003], [68.26, 27.790000000000003], [68.25, 27.800000000000004], [68.24, 27.790000000000003], [68.24, 27.680000000000003], [68.17, 27.680000000000003], [68.16, 27.690000000000005], [68.16, 27.740000000000002], [68.18, 27.770000000000003], [68.18, 27.830000000000002], [68.16, 27.860000000000003], [68.13, 27.930000000000003]]], [[[67.89, 27.71], [67.95, 27.660000000000004], [67.98, 27.650000000000002], [67.99, 27.64], [68.01, 27.64], [68.02, 27.630000000000003], [68.02, 27.620000000000005], [68.06, 27.580000000000002], [68.06, 27.540000000000003], [68.05, 27.53], [68.05, 27.490000000000002], [68.03, 27.46], [68.03, 27.450000000000003], [68.02, 27.440000000000005], [67.99, 27.440000000000005], [67.96, 27.410000000000004], [67.95, 27.380000000000003], [67.98, 27.35], [67.99, 27.360000000000003], [68.01, 27.360000000000003], [68.04, 27.340000000000003], [68.06, 27.340000000000003], [68.08, 27.370000000000005], [68.08, 27.380000000000003], [68.1, 27.380000000000003], [68.11, 27.370000000000005], [68.12, 27.370000000000005], [68.14, 27.35], [68.23, 27.35], [68.21, 27.32], [68.21, 27.300000000000004], [68.19, 27.270000000000003], [68.19, 27.25], [68.17, 27.230000000000004], [68.12, 27.220000000000002], [68.11, 27.21], [68.09, 27.21], [68.04, 27.150000000000002], [68.04, 27.14], [68.01, 27.150000000000002], [67.97, 27.190000000000005], [67.96, 27.190000000000005], [67.95, 27.200000000000003], [67.96, 27.230000000000004], [67.97, 27.240000000000002], [67.97, 27.260000000000005], [67.99, 27.290000000000003], [67.99, 27.300000000000004], [67.98, 27.310000000000002], [67.93, 27.310000000000002], [67.92, 27.32], [67.79, 27.32], [67.79, 27.340000000000003], [67.8, 27.35], [67.8, 27.400000000000002], [67.81, 27.410000000000004], [67.81, 27.450000000000003], [67.82, 27.46], [67.82, 27.510000000000005], [67.83, 27.520000000000003], [67.83, 27.540000000000003], [67.85, 27.57], [67.85, 27.590000000000003], [67.86, 27.6], [67.86, 27.620000000000005], [67.87, 27.630000000000003], [67.87, 27.660000000000004], [67.88, 27.67], [67.88, 27.690000000000005], [67.89, 27.700000000000003], [67.89, 27.71]]]]}}, {"type": "Feature", "properties": {"na": "NA-167", "src": "commons-1993", "approx": false}, "geometry": {"type": "MultiPolygon", "coordinates": [[[[68.34, 26.07], [68.44, 26.07], [68.48, 26.040000000000003], [68.49, 26.040000000000003], [68.49, 26.03], [68.46, 25.980000000000004], [68.43, 25.910000000000004], [68.48, 25.85], [68.48, 25.840000000000003], [68.51, 25.810000000000002], [68.51, 25.800000000000004], [68.56, 25.75], [68.49, 25.660000000000004], [68.45, 25.660000000000004], [68.45, 25.67], [68.46, 25.680000000000003], [68.45, 25.690000000000005], [68.44, 25.690000000000005], [68.43, 25.700000000000003], [68.41, 25.700000000000003], [68.38, 25.720000000000002], [68.36, 25.720000000000002], [68.33, 25.740000000000002], [68.31, 25.740000000000002], [68.31, 25.860000000000003], [68.23, 25.930000000000003], [68.26, 25.980000000000004], [68.26, 25.990000000000002], [68.27, 25.990000000000002], [68.34, 26.060000000000002], [68.34, 26.07]]], [[[68.42, 25.650000000000002], [68.46, 25.610000000000003], [68.47, 25.610000000000003], [68.49, 25.590000000000003], [68.49, 25.580000000000002], [68.48, 25.580000000000002], [68.47, 25.590000000000003], [68.46, 25.590000000000003], [68.45, 25.580000000000002], [68.36, 25.580000000000002], [68.36, 25.590000000000003], [68.35, 25.6], [68.36, 25.610000000000003], [68.37, 25.610000000000003], [68.39, 25.630000000000003], [68.4, 25.630000000000003], [68.42, 25.650000000000002]]]]}}, {"type": "Feature", "properties": {"na": "NA-168", "src": "reconstructed", "approx": true}, "geometry": {"type": "Polygon", "coordinates": [[[68.73, 25.760000000000005], [68.74, 25.75], [68.76, 25.75], [68.77, 25.740000000000002], [68.79, 25.740000000000002], [68.8, 25.730000000000004], [68.85, 25.720000000000002], [68.86, 25.71], [68.88, 25.71], [68.88, 25.540000000000003], [68.9, 25.510000000000005], [68.9, 25.5], [68.93, 25.450000000000003], [68.94, 25.42], [68.91, 25.42], [68.9, 25.430000000000003], [68.87, 25.430000000000003], [68.85, 25.450000000000003], [68.84, 25.450000000000003], [68.83, 25.46], [68.81, 25.46], [68.8, 25.470000000000002], [68.78, 25.470000000000002], [68.77, 25.46], [68.69, 25.46], [68.67, 25.480000000000004], [68.68, 25.490000000000002], [68.68, 25.5], [68.69, 25.5], [68.7, 25.510000000000005], [68.7, 25.520000000000003], [68.69, 25.53], [68.69, 25.550000000000004], [68.67, 25.580000000000002], [68.66, 25.57], [68.57, 25.57], [68.56, 25.580000000000002], [68.54, 25.580000000000002], [68.51, 25.6], [68.5, 25.590000000000003], [68.43, 25.650000000000002], [68.43, 25.660000000000004], [68.44, 25.660000000000004], [68.45, 25.650000000000002], [68.49, 25.650000000000002], [68.52, 25.680000000000003], [68.52, 25.690000000000005], [68.55, 25.720000000000002], [68.55, 25.730000000000004], [68.56, 25.740000000000002], [68.57, 25.740000000000002], [68.59, 25.720000000000002], [68.6, 25.720000000000002], [68.65, 25.67], [68.66, 25.67], [68.73, 25.760000000000005]]]}}, {"type": "Feature", "properties": {"na": "NA-169", "src": "commons-1993", "approx": false}, "geometry": {"type": "Polygon", "coordinates": [[[68.51, 25.590000000000003], [68.52, 25.580000000000002], [68.53, 25.580000000000002], [68.54, 25.57], [68.56, 25.57], [68.57, 25.560000000000002], [68.66, 25.560000000000002], [68.67, 25.57], [68.69, 25.510000000000005], [68.68, 25.510000000000005], [68.67, 25.5], [68.65, 25.450000000000003], [68.64, 25.450000000000003], [68.61, 25.42], [68.59, 25.42], [68.57, 25.440000000000005], [68.56, 25.440000000000005], [68.55, 25.430000000000003], [68.55, 25.42], [68.54, 25.42], [68.53, 25.410000000000004], [68.51, 25.430000000000003], [68.5, 25.430000000000003], [68.5, 25.450000000000003], [68.48, 25.470000000000002], [68.47, 25.46], [68.46, 25.46], [68.45, 25.470000000000002], [68.32, 25.470000000000002], [68.34, 25.490000000000002], [68.35, 25.520000000000003], [68.37, 25.540000000000003], [68.37, 25.57], [68.45, 25.57], [68.46, 25.580000000000002], [68.49, 25.57], [68.51, 25.590000000000003]]]}}, {"type": "Feature", "properties": {"na": "NA-170", "src": "commons-1993", "approx": false}, "geometry": {"type": "Polygon", "coordinates": [[[68.67, 25.470000000000002], [68.69, 25.450000000000003], [68.77, 25.450000000000003], [68.78, 25.46], [68.8, 25.46], [68.81, 25.450000000000003], [68.83, 25.450000000000003], [68.84, 25.440000000000005], [68.85, 25.440000000000005], [68.87, 25.42], [68.9, 25.42], [68.91, 25.410000000000004], [68.95, 25.410000000000004], [68.95, 25.35], [68.96000000000001, 25.340000000000003], [68.96000000000001, 25.300000000000004], [68.88, 25.230000000000004], [68.78, 25.230000000000004], [68.77, 25.220000000000002], [68.76, 25.25], [68.74, 25.28], [68.73, 25.28], [68.72, 25.270000000000003], [68.71000000000001, 25.270000000000003], [68.7, 25.28], [68.68, 25.28], [68.67, 25.270000000000003], [68.56, 25.270000000000003], [68.54, 25.290000000000003], [68.54, 25.310000000000002], [68.51, 25.340000000000003], [68.5, 25.340000000000003], [68.49, 25.35], [68.45, 25.35], [68.44, 25.360000000000003], [68.43, 25.360000000000003], [68.38, 25.410000000000004], [68.35, 25.42], [68.34, 25.430000000000003], [68.32, 25.430000000000003], [68.31, 25.440000000000005], [68.31, 25.450000000000003], [68.32, 25.46], [68.45, 25.46], [68.46, 25.450000000000003], [68.47, 25.450000000000003], [68.48, 25.46], [68.49, 25.450000000000003], [68.49, 25.430000000000003], [68.5, 25.42], [68.51, 25.42], [68.53, 25.400000000000002], [68.56, 25.42], [68.56, 25.430000000000003], [68.57, 25.430000000000003], [68.59, 25.410000000000004], [68.61, 25.410000000000004], [68.63, 25.430000000000003], [68.64, 25.430000000000003], [68.67, 25.470000000000002]]]}}, {"type": "Feature", "properties": {"na": "NA-171", "src": "commons-1993", "approx": false}, "geometry": {"type": "Polygon", "coordinates": [[[68.31, 25.430000000000003], [68.32, 25.42], [68.34, 25.42], [68.35, 25.410000000000004], [68.38, 25.400000000000002], [68.43, 25.35], [68.44, 25.35], [68.45, 25.340000000000003], [68.49, 25.340000000000003], [68.5, 25.330000000000002], [68.51, 25.330000000000002], [68.53, 25.310000000000002], [68.53, 25.290000000000003], [68.56, 25.260000000000005], [68.67, 25.260000000000005], [68.68, 25.270000000000003], [68.7, 25.270000000000003], [68.71000000000001, 25.260000000000005], [68.72, 25.260000000000005], [68.73, 25.270000000000003], [68.74, 25.270000000000003], [68.75, 25.24000000000001], [68.73, 25.260000000000005], [68.72, 25.25], [68.71000000000001, 25.25], [68.68, 25.220000000000002], [68.67, 25.220000000000002], [68.64, 25.190000000000005], [68.63, 25.190000000000005], [68.6, 25.160000000000004], [68.57, 25.090000000000003], [68.58, 25.080000000000002], [68.59, 25.080000000000002], [68.61, 25.060000000000002], [68.66, 25.040000000000003], [68.68, 25.020000000000003], [68.73, 25.0], [68.75, 24.980000000000004], [68.76, 24.980000000000004], [68.79, 24.96], [68.79, 24.950000000000003], [68.81, 24.930000000000003], [68.81, 24.92], [68.84, 24.880000000000003], [68.83, 24.870000000000005], [68.82, 24.840000000000003], [68.71000000000001, 24.840000000000003], [68.7, 24.830000000000002], [68.7, 24.85], [68.69, 24.860000000000003], [68.69, 24.900000000000002], [68.67, 24.930000000000003], [68.57, 24.870000000000005], [68.54, 24.89], [68.52, 24.89], [68.51, 24.880000000000003], [68.5, 24.880000000000003], [68.47, 24.85], [68.46, 24.85], [68.38, 24.78], [68.37, 24.78], [68.35, 24.760000000000005], [68.34, 24.770000000000003], [68.34, 24.78], [68.29, 24.840000000000003], [68.29, 24.85], [68.27, 24.870000000000005], [68.27, 24.880000000000003], [68.26, 24.89], [68.31, 24.940000000000005], [68.28, 24.970000000000002], [68.27, 24.970000000000002], [68.26, 24.980000000000004], [68.26, 25.010000000000005], [68.27, 25.020000000000003], [68.27, 25.060000000000002], [68.28, 25.07], [68.28, 25.1], [68.29, 25.110000000000003], [68.29, 25.120000000000005], [68.33, 25.120000000000005], [68.34, 25.130000000000003], [68.34, 25.17], [68.35, 25.180000000000003], [68.35, 25.310000000000002], [68.32, 25.360000000000003], [68.32, 25.410000000000004], [68.31, 25.42], [68.31, 25.430000000000003]]]}}, {"type": "Feature", "properties": {"na": "NA-172", "src": "commons-1993", "approx": false}, "geometry": {"type": "Polygon", "coordinates": [[[68.95, 25.28], [68.95, 25.240000000000002], [68.96000000000001, 25.230000000000004], [68.96000000000001, 25.160000000000004], [68.98, 25.14], [68.99, 25.14], [69.03, 25.1], [69.04, 25.1], [69.09, 25.050000000000004], [69.09, 25.040000000000003], [69.14, 24.990000000000002], [69.14, 24.980000000000004], [69.17, 24.950000000000003], [69.27, 24.950000000000003], [69.27, 24.940000000000005], [69.3, 24.910000000000004], [69.3, 24.900000000000002], [69.31, 24.89], [69.31, 24.810000000000002], [69.3, 24.800000000000004], [69.29, 24.800000000000004], [69.26, 24.770000000000003], [69.25, 24.770000000000003], [69.23, 24.75], [69.23, 24.740000000000002], [69.22, 24.730000000000004], [69.22, 24.700000000000003], [69.21000000000001, 24.690000000000005], [69.2, 24.690000000000005], [69.19, 24.700000000000003], [69.16, 24.700000000000003], [69.08, 24.78], [69.06, 24.78], [69.06, 24.790000000000003], [69.04, 24.810000000000002], [69.02, 24.810000000000002], [69.0, 24.830000000000002], [68.95, 24.830000000000002], [68.91, 24.860000000000003], [68.91, 24.880000000000003], [68.93, 24.900000000000002], [68.93, 24.910000000000004], [68.94, 24.92], [68.93, 24.930000000000003], [68.93, 24.940000000000005], [68.92, 24.950000000000003], [68.9, 24.950000000000003], [68.89, 24.96], [68.88, 24.96], [68.88, 24.970000000000002], [68.87, 24.980000000000004], [68.84, 24.980000000000004], [68.8, 25.010000000000005], [68.82, 25.040000000000003], [68.82, 25.060000000000002], [68.81, 25.07], [68.82, 25.1], [68.8, 25.120000000000005], [68.8, 25.14], [68.79, 25.150000000000002], [68.77, 25.150000000000002], [68.7, 25.220000000000002], [68.7, 25.230000000000004], [68.73, 25.25], [68.77, 25.21], [68.78, 25.220000000000002], [68.88, 25.220000000000002], [68.92, 25.260000000000005], [68.93, 25.260000000000005], [68.95, 25.28]]]}}, {"type": "Feature", "properties": {"na": "NA-173", "src": "commons-1993", "approx": false}, "geometry": {"type": "Polygon", "coordinates": [[[68.69, 25.220000000000002], [68.77, 25.14], [68.79, 25.14], [68.79, 25.120000000000005], [68.81, 25.1], [68.81, 25.090000000000003], [68.8, 25.080000000000002], [68.8, 25.07], [68.81, 25.060000000000002], [68.81, 25.040000000000003], [68.79, 25.010000000000005], [68.84, 24.970000000000002], [68.87, 24.970000000000002], [68.87, 24.96], [68.88, 24.950000000000003], [68.89, 24.950000000000003], [68.9, 24.940000000000005], [68.92, 24.940000000000005], [68.92, 24.930000000000003], [68.93, 24.92], [68.9, 24.880000000000003], [68.9, 24.860000000000003], [68.93, 24.830000000000002], [68.94, 24.830000000000002], [68.95, 24.82], [69.0, 24.82], [69.02, 24.800000000000004], [69.04, 24.800000000000004], [69.06, 24.770000000000003], [69.08, 24.770000000000003], [69.16, 24.690000000000005], [69.19, 24.690000000000005], [69.2, 24.680000000000003], [69.21000000000001, 24.680000000000003], [69.21000000000001, 24.67], [69.2, 24.660000000000004], [69.2, 24.64], [69.19, 24.630000000000003], [69.19, 24.6], [69.18, 24.590000000000003], [69.18, 24.57], [69.17, 24.560000000000002], [69.17, 24.550000000000004], [69.15, 24.53], [69.14, 24.53], [69.1, 24.490000000000002], [69.09, 24.490000000000002], [69.07, 24.470000000000002], [69.07, 24.46], [69.06, 24.450000000000003], [69.06, 24.42], [69.05, 24.410000000000004], [69.05, 24.39], [69.04, 24.380000000000003], [69.04, 24.35], [69.05, 24.340000000000003], [69.05, 24.290000000000003], [69.06, 24.28], [69.06, 24.260000000000005], [69.02, 24.260000000000005], [69.01, 24.25], [68.97, 24.25], [68.96000000000001, 24.240000000000002], [68.96000000000001, 24.25], [68.93, 24.300000000000004], [68.77, 24.300000000000004], [68.72, 24.39], [68.71000000000001, 24.380000000000003], [68.53, 24.380000000000003], [68.52, 24.39], [68.49, 24.39], [68.48, 24.400000000000002], [68.45, 24.400000000000002], [68.41, 24.450000000000003], [68.41, 24.480000000000004], [68.4, 24.490000000000002], [68.4, 24.540000000000003], [68.39, 24.550000000000004], [68.39, 24.6], [68.38, 24.610000000000003], [68.38, 24.660000000000004], [68.37, 24.67], [68.37, 24.720000000000002], [68.36, 24.730000000000004], [68.36, 24.760000000000005], [68.37, 24.770000000000003], [68.38, 24.770000000000003], [68.41, 24.800000000000004], [68.42, 24.800000000000004], [68.5, 24.870000000000005], [68.51, 24.870000000000005], [68.52, 24.880000000000003], [68.54, 24.880000000000003], [68.57, 24.860000000000003], [68.67, 24.92], [68.67, 24.910000000000004], [68.68, 24.900000000000002], [68.68, 24.860000000000003], [68.69, 24.85], [68.69, 24.830000000000002], [68.7, 24.82], [68.71000000000001, 24.830000000000002], [68.82, 24.830000000000002], [68.85, 24.880000000000003], [68.84, 24.89], [68.84, 24.900000000000002], [68.82, 24.92], [68.82, 24.930000000000003], [68.8, 24.950000000000003], [68.8, 24.96], [68.78, 24.980000000000004], [68.75, 24.990000000000002], [68.73, 25.010000000000005], [68.68, 25.03], [68.66, 25.050000000000004], [68.61, 25.07], [68.59, 25.090000000000003], [68.58, 25.090000000000003], [68.61, 25.160000000000004], [68.63, 25.180000000000003], [68.64, 25.180000000000003], [68.67, 25.21], [68.68, 25.21], [68.69, 25.220000000000002]]]}}, {"type": "Feature", "properties": {"na": "NA-174", "src": "commons-1993", "approx": false}, "geometry": {"type": "Polygon", "coordinates": [[[69.11, 25.810000000000002], [69.22, 25.810000000000002], [69.25, 25.790000000000003], [69.26, 25.790000000000003], [69.28, 25.770000000000003], [69.29, 25.770000000000003], [69.29, 25.740000000000002], [69.3, 25.730000000000004], [69.3, 25.660000000000004], [69.31, 25.650000000000002], [69.31, 25.610000000000003], [69.28, 25.560000000000002], [69.29, 25.550000000000004], [69.34, 25.550000000000004], [69.35, 25.540000000000003], [69.35, 25.53], [69.38, 25.5], [69.38, 25.46], [69.37, 25.450000000000003], [69.37, 25.410000000000004], [69.38, 25.400000000000002], [69.43, 25.380000000000003], [69.43, 25.360000000000003], [69.35, 25.270000000000003], [69.3, 25.260000000000005], [69.24, 25.220000000000002], [69.18, 25.220000000000002], [69.06, 25.1], [69.05, 25.1], [68.97, 25.160000000000004], [68.97, 25.230000000000004], [68.96000000000001, 25.240000000000002], [68.96000000000001, 25.290000000000003], [68.97, 25.300000000000004], [68.97, 25.340000000000003], [68.96000000000001, 25.35], [68.96000000000001, 25.410000000000004], [68.95, 25.42], [68.93, 25.470000000000002], [68.89, 25.540000000000003], [68.89, 25.71], [68.92, 25.75], [68.98, 25.700000000000003], [69.03, 25.730000000000004], [69.05, 25.730000000000004], [69.1, 25.760000000000005], [69.1, 25.790000000000003], [69.11, 25.800000000000004], [69.11, 25.810000000000002]]]}}, {"type": "Feature", "properties": {"na": "NA-175", "src": "commons-1997", "approx": false}, "geometry": {"type": "Polygon", "coordinates": [[[70.09, 25.770000000000003], [70.1, 25.770000000000003], [70.09, 25.760000000000005], [70.11, 25.730000000000004], [70.11, 25.720000000000002], [70.13, 25.700000000000003], [70.14, 25.71], [70.15, 25.71], [70.16, 25.700000000000003], [70.16, 25.660000000000004], [70.15, 25.650000000000002], [70.2, 25.610000000000003], [70.21000000000001, 25.610000000000003], [70.23, 25.590000000000003], [70.23, 25.57], [70.22, 25.560000000000002], [70.22, 25.510000000000005], [70.21000000000001, 25.5], [70.21000000000001, 25.490000000000002], [70.17, 25.440000000000005], [70.16, 25.440000000000005], [70.11, 25.400000000000002], [70.08, 25.400000000000002], [70.07, 25.39], [70.05, 25.39], [70.04, 25.380000000000003], [70.03, 25.39], [69.94, 25.39], [69.93, 25.400000000000002], [69.92, 25.400000000000002], [69.89, 25.42], [69.87, 25.42], [69.86, 25.430000000000003], [69.8, 25.430000000000003], [69.75, 25.380000000000003], [69.75, 25.340000000000003], [69.77, 25.32], [69.78, 25.32], [69.78, 25.300000000000004], [69.77, 25.290000000000003], [69.77, 25.260000000000005], [69.79, 25.230000000000004], [69.79, 25.220000000000002], [69.62, 25.220000000000002], [69.52, 25.120000000000005], [69.51, 25.120000000000005], [69.49, 25.1], [69.48, 25.1], [69.38, 25.0], [69.35, 24.990000000000002], [69.31, 24.96], [69.31, 25.050000000000004], [69.27, 25.090000000000003], [69.27, 25.1], [69.26, 25.110000000000003], [69.25, 25.110000000000003], [69.24, 25.1], [69.2, 25.1], [69.19, 25.110000000000003], [69.08, 25.110000000000003], [69.18, 25.21], [69.24, 25.21], [69.3, 25.25], [69.35, 25.260000000000005], [69.44, 25.360000000000003], [69.44, 25.380000000000003], [69.43, 25.39], [69.38, 25.410000000000004], [69.38, 25.450000000000003], [69.39, 25.46], [69.39, 25.5], [69.36, 25.53], [69.36, 25.540000000000003], [69.35, 25.550000000000004], [69.45, 25.550000000000004], [69.46000000000001, 25.560000000000002], [69.48, 25.560000000000002], [69.51, 25.580000000000002], [69.54, 25.53], [69.54, 25.520000000000003], [69.56, 25.5], [69.58, 25.5], [69.59, 25.490000000000002], [69.63, 25.490000000000002], [69.65, 25.510000000000005], [69.68, 25.520000000000003], [69.7, 25.540000000000003], [69.71000000000001, 25.540000000000003], [69.73, 25.560000000000002], [69.74, 25.590000000000003], [69.76, 25.610000000000003], [69.77, 25.64], [69.92, 25.760000000000005], [69.96000000000001, 25.730000000000004], [69.99, 25.730000000000004], [70.0, 25.740000000000002], [70.05, 25.75], [70.06, 25.760000000000005], [70.08, 25.760000000000005], [70.09, 25.770000000000003]]]}}, {"type": "Feature", "properties": {"na": "NA-176", "src": "commons-1993", "approx": false}, "geometry": {"type": "Polygon", "coordinates": [[[70.23, 25.790000000000003], [70.25, 25.740000000000002], [70.27, 25.720000000000002], [70.29, 25.720000000000002], [70.3, 25.71], [70.31, 25.71], [70.32, 25.700000000000003], [70.34, 25.700000000000003], [70.35, 25.690000000000005], [70.45, 25.690000000000005], [70.46000000000001, 25.700000000000003], [70.54, 25.700000000000003], [70.55, 25.71], [70.63, 25.71], [70.64, 25.720000000000002], [70.65, 25.71], [70.66, 25.680000000000003], [70.67, 25.67], [70.67, 25.540000000000003], [70.66, 25.53], [70.66, 25.400000000000002], [70.67, 25.39], [70.67, 25.380000000000003], [70.7, 25.35], [70.7, 25.340000000000003], [70.73, 25.310000000000002], [70.73, 25.300000000000004], [70.88, 25.150000000000002], [70.88, 25.14], [70.89, 25.130000000000003], [70.89, 25.110000000000003], [70.9, 25.1], [70.9, 25.07], [70.91, 25.060000000000002], [70.91, 25.040000000000003], [70.92, 25.03], [70.92, 25.010000000000005], [70.93, 25.0], [70.93, 24.980000000000004], [70.94, 24.970000000000002], [70.94, 24.940000000000005], [70.95, 24.930000000000003], [70.95, 24.910000000000004], [70.96000000000001, 24.900000000000002], [70.97, 24.870000000000005], [70.99, 24.85], [71.0, 24.82], [71.04, 24.770000000000003], [71.05, 24.740000000000002], [71.08, 24.700000000000003], [70.98, 24.610000000000003], [70.98, 24.57], [70.99, 24.560000000000002], [70.99, 24.490000000000002], [71.0, 24.480000000000004], [71.0, 24.450000000000003], [71.01, 24.440000000000005], [71.1, 24.440000000000005], [71.09, 24.430000000000003], [71.09, 24.42], [71.06, 24.39], [71.06, 24.380000000000003], [71.05, 24.370000000000005], [70.97, 24.370000000000005], [70.96000000000001, 24.360000000000003], [70.93, 24.35], [70.91, 24.330000000000002], [70.88, 24.32], [70.87, 24.310000000000002], [70.88, 24.300000000000004], [70.88, 24.290000000000003], [70.9, 24.270000000000003], [70.88, 24.270000000000003], [70.85, 24.25], [70.83, 24.25], [70.8, 24.230000000000004], [70.65, 24.230000000000004], [70.58, 24.270000000000003], [70.57, 24.270000000000003], [70.57, 24.42], [70.56, 24.430000000000003], [70.55, 24.430000000000003], [70.54, 24.42], [70.51, 24.42], [70.5, 24.410000000000004], [70.48, 24.410000000000004], [70.47, 24.400000000000002], [70.45, 24.400000000000002], [70.44, 24.39], [70.41, 24.39], [70.4, 24.380000000000003], [70.38, 24.380000000000003], [70.37, 24.370000000000005], [70.34, 24.370000000000005], [70.33, 24.360000000000003], [70.31, 24.360000000000003], [70.3, 24.35], [70.28, 24.35], [70.27, 24.340000000000003], [70.24, 24.340000000000003], [70.23, 24.330000000000002], [70.21000000000001, 24.330000000000002], [70.2, 24.32], [70.18, 24.32], [70.17, 24.310000000000002], [70.14, 24.310000000000002], [70.13, 24.300000000000004], [70.11, 24.300000000000004], [70.09, 24.28], [70.09, 24.270000000000003], [70.07, 24.25], [70.07, 24.240000000000002], [70.05, 24.220000000000002], [70.05, 24.21], [70.02, 24.17], [70.01, 24.180000000000003], [69.72, 24.180000000000003], [69.69, 24.21], [69.68, 24.21], [69.62, 24.270000000000003], [69.61, 24.270000000000003], [69.59, 24.290000000000003], [69.55, 24.290000000000003], [69.54, 24.28], [69.51, 24.28], [69.5, 24.270000000000003], [69.49, 24.28], [69.29, 24.28], [69.28, 24.270000000000003], [69.25, 24.270000000000003], [69.24, 24.260000000000005], [69.22, 24.260000000000005], [69.21000000000001, 24.25], [69.19, 24.25], [69.18, 24.240000000000002], [69.17, 24.25], [69.13, 24.25], [69.12, 24.260000000000005], [69.07, 24.260000000000005], [69.07, 24.28], [69.06, 24.290000000000003], [69.06, 24.340000000000003], [69.05, 24.35], [69.05, 24.380000000000003], [69.06, 24.39], [69.06, 24.410000000000004], [69.07, 24.42], [69.07, 24.450000000000003], [69.09, 24.480000000000004], [69.1, 24.480000000000004], [69.18, 24.550000000000004], [69.18, 24.560000000000002], [69.19, 24.57], [69.19, 24.590000000000003], [69.2, 24.6], [69.2, 24.630000000000003], [69.21000000000001, 24.64], [69.22, 24.690000000000005], [69.23, 24.700000000000003], [69.23, 24.730000000000004], [69.24, 24.740000000000002], [69.24, 24.75], [69.25, 24.760000000000005], [69.26, 24.760000000000005], [69.32, 24.810000000000002], [69.32, 24.89], [69.27, 24.96], [69.17, 24.96], [69.15, 24.980000000000004], [69.15, 24.990000000000002], [69.1, 25.040000000000003], [69.1, 25.050000000000004], [69.06, 25.090000000000003], [69.07, 25.1], [69.19, 25.1], [69.2, 25.090000000000003], [69.24, 25.090000000000003], [69.25, 25.1], [69.26, 25.1], [69.26, 25.090000000000003], [69.3, 25.050000000000004], [69.3, 24.96], [69.31, 24.950000000000003], [69.32, 24.96], [69.33, 24.96], [69.35, 24.980000000000004], [69.38, 24.990000000000002], [69.48, 25.090000000000003], [69.49, 25.090000000000003], [69.51, 25.110000000000003], [69.52, 25.110000000000003], [69.62, 25.21], [69.79, 25.21], [69.8, 25.220000000000002], [69.8, 25.230000000000004], [69.78, 25.260000000000005], [69.78, 25.290000000000003], [69.79, 25.300000000000004], [69.79, 25.32], [69.76, 25.340000000000003], [69.76, 25.380000000000003], [69.8, 25.42], [69.86, 25.42], [69.87, 25.410000000000004], [69.89, 25.410000000000004], [69.92, 25.39], [69.93, 25.39], [69.94, 25.380000000000003], [70.03, 25.380000000000003], [70.04, 25.370000000000005], [70.05, 25.380000000000003], [70.07, 25.380000000000003], [70.08, 25.39], [70.11, 25.39], [70.13, 25.410000000000004], [70.14, 25.410000000000004], [70.16, 25.430000000000003], [70.17, 25.430000000000003], [70.22, 25.490000000000002], [70.22, 25.5], [70.23, 25.510000000000005], [70.23, 25.560000000000002], [70.24, 25.57], [70.24, 25.590000000000003], [70.21000000000001, 25.620000000000005], [70.2, 25.620000000000005], [70.18, 25.64], [70.17, 25.64], [70.16, 25.650000000000002], [70.17, 25.660000000000004], [70.17, 25.700000000000003], [70.15, 25.720000000000002], [70.14, 25.720000000000002], [70.13, 25.71], [70.1, 25.760000000000005], [70.11, 25.770000000000003], [70.15, 25.770000000000003], [70.16, 25.78], [70.22, 25.78], [70.23, 25.790000000000003]]]}}, {"type": "Feature", "properties": {"na": "NA-177", "src": "commons-1993", "approx": false}, "geometry": {"type": "Polygon", "coordinates": [[[67.13, 27.270000000000003], [67.16, 27.270000000000003], [67.17, 27.260000000000005], [67.2, 27.260000000000005], [67.21, 27.25], [67.24, 27.25], [67.29, 27.220000000000002], [67.32, 27.220000000000002], [67.33, 27.21], [67.34, 27.21], [67.37, 27.180000000000003], [67.41, 27.180000000000003], [67.44, 27.160000000000004], [67.46, 27.160000000000004], [67.49, 27.180000000000003], [67.5, 27.180000000000003], [67.52, 27.160000000000004], [67.53, 27.160000000000004], [67.58, 27.120000000000005], [67.65, 27.120000000000005], [67.66, 27.130000000000003], [67.67, 27.130000000000003], [67.7, 27.110000000000003], [67.72, 27.110000000000003], [67.73, 27.1], [67.91, 27.1], [67.94, 27.120000000000005], [67.94, 27.130000000000003], [67.96, 27.150000000000002], [67.96, 27.17], [67.98, 27.17], [68.01, 27.14], [68.02, 27.14], [68.03, 27.130000000000003], [67.99, 27.07], [67.96, 27.07], [67.95, 27.060000000000002], [67.91, 27.060000000000002], [67.9, 27.050000000000004], [67.9, 27.0], [67.91, 26.990000000000002], [67.91, 26.930000000000003], [67.9, 26.92], [67.89, 26.92], [67.85, 26.880000000000003], [67.84, 26.880000000000003], [67.82, 26.860000000000003], [67.82, 26.830000000000002], [67.83, 26.82], [67.83, 26.790000000000003], [67.79, 26.790000000000003], [67.77, 26.760000000000005], [67.73, 26.760000000000005], [67.67, 26.720000000000002], [67.6, 26.720000000000002], [67.5, 26.78], [67.49, 26.78], [67.48, 26.770000000000003], [67.44, 26.770000000000003], [67.43, 26.760000000000005], [67.41, 26.760000000000005], [67.38, 26.740000000000002], [67.35, 26.740000000000002], [67.3, 26.78], [67.29, 26.78], [67.28, 26.770000000000003], [67.15, 26.770000000000003], [67.15, 26.82], [67.14, 26.830000000000002], [67.14, 26.910000000000004], [67.15, 26.92], [67.15, 26.970000000000002], [67.16, 26.980000000000004], [67.16, 27.03], [67.17, 27.040000000000003], [67.17, 27.090000000000003], [67.16, 27.1], [67.16, 27.14], [67.15, 27.150000000000002], [67.15, 27.200000000000003], [67.14, 27.21], [67.14, 27.25], [67.13, 27.260000000000005], [67.13, 27.270000000000003]]]}}, {"type": "Feature", "properties": {"na": "NA-178", "src": "commons-1993", "approx": false, "confidence": "low"}, "geometry": {"type": "Polygon", "coordinates": [[[67.18, 27.440000000000005], [67.22, 27.410000000000004], [67.27, 27.39], [67.31, 27.360000000000003], [67.32, 27.370000000000005], [67.34, 27.370000000000005], [67.35, 27.380000000000003], [67.38, 27.380000000000003], [67.41, 27.360000000000003], [67.42, 27.360000000000003], [67.44, 27.340000000000003], [67.45, 27.340000000000003], [67.5, 27.310000000000002], [67.64, 27.310000000000002], [67.65, 27.300000000000004], [67.66, 27.310000000000002], [67.92, 27.310000000000002], [67.93, 27.300000000000004], [67.98, 27.300000000000004], [67.98, 27.290000000000003], [67.96, 27.260000000000005], [67.96, 27.240000000000002], [67.94, 27.21], [67.94, 27.200000000000003], [67.96, 27.180000000000003], [67.95, 27.17], [67.95, 27.150000000000002], [67.93, 27.130000000000003], [67.93, 27.120000000000005], [67.92, 27.120000000000005], [67.91, 27.110000000000003], [67.73, 27.110000000000003], [67.72, 27.120000000000005], [67.7, 27.120000000000005], [67.67, 27.14], [67.66, 27.14], [67.65, 27.130000000000003], [67.58, 27.130000000000003], [67.53, 27.17], [67.52, 27.17], [67.5, 27.190000000000005], [67.49, 27.190000000000005], [67.46, 27.17], [67.44, 27.17], [67.41, 27.190000000000005], [67.37, 27.190000000000005], [67.34, 27.220000000000002], [67.33, 27.220000000000002], [67.32, 27.230000000000004], [67.29, 27.230000000000004], [67.24, 27.260000000000005], [67.21, 27.260000000000005], [67.2, 27.270000000000003], [67.17, 27.270000000000003], [67.16, 27.28], [67.13, 27.28], [67.13, 27.290000000000003], [67.14, 27.300000000000004], [67.14, 27.330000000000002], [67.15, 27.340000000000003], [67.15, 27.360000000000003], [67.16, 27.370000000000005], [67.16, 27.39], [67.17, 27.400000000000002], [67.17, 27.430000000000003], [67.18, 27.440000000000005]]]}}, {"type": "Feature", "properties": {"na": "NA-179", "src": "commons-1993", "approx": false, "confidence": "low"}, "geometry": {"type": "Polygon", "coordinates": [[[67.79, 26.78], [67.83, 26.78], [67.83, 26.770000000000003], [67.84, 26.760000000000005], [67.84, 26.71], [67.85, 26.700000000000003], [67.85, 26.67], [67.79, 26.6], [67.84, 26.57], [67.86, 26.57], [67.89, 26.550000000000004], [67.9, 26.550000000000004], [67.9, 26.510000000000005], [67.89, 26.5], [67.89, 26.42], [67.88, 26.410000000000004], [67.88, 26.330000000000002], [67.87, 26.32], [67.87, 26.28], [67.88, 26.270000000000003], [67.89, 26.270000000000003], [67.91, 26.25], [67.92, 26.25], [67.94, 26.230000000000004], [67.95, 26.230000000000004], [67.97, 26.21], [67.98, 26.21], [68.0, 26.190000000000005], [68.01, 26.190000000000005], [68.01, 26.180000000000003], [68.02, 26.17], [68.02, 26.150000000000002], [68.17, 26.0], [68.26, 26.0], [68.22, 25.930000000000003], [68.3, 25.860000000000003], [68.3, 25.740000000000002], [68.31, 25.730000000000004], [68.33, 25.730000000000004], [68.36, 25.71], [68.38, 25.71], [68.41, 25.690000000000005], [68.43, 25.690000000000005], [68.44, 25.680000000000003], [68.45, 25.680000000000003], [68.44, 25.67], [68.43, 25.67], [68.4, 25.64], [68.39, 25.64], [68.37, 25.620000000000005], [68.36, 25.620000000000005], [68.34, 25.6], [68.36, 25.57], [68.36, 25.540000000000003], [68.34, 25.520000000000003], [68.33, 25.490000000000002], [68.3, 25.450000000000003], [68.3, 25.42], [68.31, 25.410000000000004], [68.31, 25.360000000000003], [68.34, 25.310000000000002], [68.18, 25.310000000000002], [68.13, 25.370000000000005], [68.13, 25.380000000000003], [68.1, 25.410000000000004], [68.07, 25.42], [68.06, 25.430000000000003], [68.04, 25.430000000000003], [67.99, 25.46], [67.89, 25.370000000000005], [67.89, 25.310000000000002], [67.8, 25.220000000000002], [67.8, 25.160000000000004], [67.79, 25.150000000000002], [67.79, 25.1], [67.7, 25.010000000000005], [67.61, 25.010000000000005], [67.6, 25.0], [67.52, 25.0], [67.46, 25.110000000000003], [67.41, 25.130000000000003], [67.38, 25.150000000000002], [67.36, 25.150000000000002], [67.29, 25.190000000000005], [67.28, 25.190000000000005], [67.31, 25.230000000000004], [67.31, 25.240000000000002], [67.33, 25.260000000000005], [67.33, 25.270000000000003], [67.35, 25.290000000000003], [67.35, 25.300000000000004], [67.38, 25.35], [67.38, 25.370000000000005], [67.4, 25.400000000000002], [67.4, 25.42], [67.42, 25.450000000000003], [67.42, 25.480000000000004], [67.41, 25.490000000000002], [67.41, 25.53], [67.4, 25.540000000000003], [67.4, 25.57], [67.39, 25.580000000000002], [67.39, 25.620000000000005], [67.38, 25.630000000000003], [67.38, 25.650000000000002], [67.37, 25.660000000000004], [67.36, 25.650000000000002], [67.33, 25.650000000000002], [67.34, 25.660000000000004], [67.35, 25.690000000000005], [67.41, 25.800000000000004], [67.41, 25.940000000000005], [67.42, 25.950000000000003], [67.42, 26.090000000000003], [67.36, 26.150000000000002], [67.34, 26.200000000000003], [67.31, 26.25], [67.31, 26.270000000000003], [67.27, 26.340000000000003], [67.26, 26.370000000000005], [67.21, 26.430000000000003], [67.21, 26.440000000000005], [67.19, 26.46], [67.18, 26.490000000000002], [67.17, 26.5], [67.17, 26.53], [67.16, 26.540000000000003], [67.16, 26.560000000000002], [67.15, 26.57], [67.15, 26.6], [67.14, 26.610000000000003], [67.14, 26.64], [67.13, 26.650000000000002], [67.13, 26.680000000000003], [67.14, 26.690000000000005], [67.14, 26.740000000000002], [67.15, 26.75], [67.15, 26.760000000000005], [67.28, 26.760000000000005], [67.29, 26.770000000000003], [67.3, 26.770000000000003], [67.35, 26.730000000000004], [67.38, 26.730000000000004], [67.41, 26.75], [67.43, 26.75], [67.44, 26.760000000000005], [67.48, 26.760000000000005], [67.49, 26.770000000000003], [67.5, 26.770000000000003], [67.6, 26.71], [67.67, 26.71], [67.73, 26.75], [67.77, 26.75], [67.79, 26.770000000000003], [67.79, 26.78]]]}}, {"type": "Feature", "properties": {"na": "NA-180", "src": "commons-1993", "approx": false}, "geometry": {"type": "Polygon", "coordinates": [[[68.91, 26.470000000000002], [68.91, 26.46], [68.93, 26.430000000000003], [68.95, 26.380000000000003], [69.11, 26.230000000000004], [69.14, 26.230000000000004], [69.14, 26.180000000000003], [69.17, 26.150000000000002], [69.16, 26.120000000000005], [69.15, 26.120000000000005], [69.14, 26.110000000000003], [69.12, 26.110000000000003], [69.08, 26.060000000000002], [69.08, 26.0], [69.09, 25.990000000000002], [69.1, 25.96], [69.02, 25.870000000000005], [69.04, 25.840000000000003], [69.09, 25.82], [69.09, 25.760000000000005], [69.08, 25.760000000000005], [69.05, 25.740000000000002], [69.03, 25.740000000000002], [68.98, 25.71], [68.92, 25.760000000000005], [68.89, 25.720000000000002], [68.86, 25.720000000000002], [68.85, 25.730000000000004], [68.8, 25.740000000000002], [68.79, 25.75], [68.77, 25.75], [68.76, 25.760000000000005], [68.74, 25.760000000000005], [68.73, 25.770000000000003], [68.67, 25.700000000000003], [68.67, 25.690000000000005], [68.66, 25.680000000000003], [68.65, 25.680000000000003], [68.52, 25.800000000000004], [68.52, 25.810000000000002], [68.49, 25.840000000000003], [68.49, 25.85], [68.44, 25.910000000000004], [68.44, 25.92], [68.48, 25.990000000000002], [68.49, 26.020000000000003], [68.5, 26.03], [68.5, 26.040000000000003], [68.49, 26.050000000000004], [68.48, 26.050000000000004], [68.44, 26.080000000000002], [68.44, 26.120000000000005], [68.45, 26.130000000000003], [68.45, 26.160000000000004], [68.48, 26.160000000000004], [68.49, 26.17], [68.52, 26.17], [68.53, 26.180000000000003], [68.59, 26.180000000000003], [68.6, 26.17], [68.63, 26.17], [68.64, 26.160000000000004], [68.65, 26.17], [68.65, 26.300000000000004], [68.69, 26.300000000000004], [68.7, 26.310000000000002], [68.74, 26.310000000000002], [68.77, 26.340000000000003], [68.77, 26.35], [68.82, 26.400000000000002], [68.82, 26.410000000000004], [68.86, 26.450000000000003], [68.88, 26.450000000000003], [68.91, 26.470000000000002]]]}}, {"type": "Feature", "properties": {"na": "NA-181", "src": "commons-1993", "approx": false}, "geometry": {"type": "Polygon", "coordinates": [[[69.1, 25.810000000000002], [69.1, 25.82], [69.09, 25.830000000000002], [69.04, 25.85], [69.04, 25.860000000000003], [69.03, 25.870000000000005], [69.11, 25.96], [69.11, 25.970000000000002], [69.09, 26.0], [69.09, 26.060000000000002], [69.12, 26.1], [69.14, 26.1], [69.15, 26.110000000000003], [69.16, 26.110000000000003], [69.18, 26.14], [69.18, 26.150000000000002], [69.15, 26.180000000000003], [69.15, 26.230000000000004], [69.22, 26.230000000000004], [69.23, 26.240000000000002], [69.24, 26.230000000000004], [69.34, 26.230000000000004], [69.35, 26.220000000000002], [69.45, 26.220000000000002], [69.46000000000001, 26.21], [69.83, 26.21], [69.84, 26.200000000000003], [69.88, 26.200000000000003], [69.89, 26.190000000000005], [69.93, 26.190000000000005], [69.94, 26.180000000000003], [69.97, 26.180000000000003], [69.98, 26.17], [70.02, 26.17], [70.03, 26.160000000000004], [70.07, 26.160000000000004], [70.08, 26.150000000000002], [70.12, 26.150000000000002], [70.09, 26.080000000000002], [70.08, 26.07], [70.08, 26.020000000000003], [70.09, 26.010000000000005], [70.09, 25.970000000000002], [70.14, 25.910000000000004], [70.14, 25.900000000000002], [70.21000000000001, 25.82], [70.22, 25.790000000000003], [70.16, 25.790000000000003], [70.15, 25.78], [70.09, 25.78], [70.08, 25.770000000000003], [70.03, 25.760000000000005], [70.02, 25.75], [70.0, 25.75], [69.99, 25.740000000000002], [69.96000000000001, 25.740000000000002], [69.92, 25.770000000000003], [69.9, 25.75], [69.89, 25.75], [69.85, 25.71], [69.84, 25.71], [69.8, 25.67], [69.79, 25.67], [69.76, 25.64], [69.75, 25.610000000000003], [69.73, 25.590000000000003], [69.73, 25.580000000000002], [69.71000000000001, 25.550000000000004], [69.7, 25.550000000000004], [69.68, 25.53], [69.65, 25.520000000000003], [69.63, 25.5], [69.59, 25.5], [69.58, 25.510000000000005], [69.56, 25.510000000000005], [69.55, 25.520000000000003], [69.53, 25.57], [69.51, 25.590000000000003], [69.48, 25.57], [69.46000000000001, 25.57], [69.45, 25.560000000000002], [69.29, 25.560000000000002], [69.32, 25.610000000000003], [69.32, 25.650000000000002], [69.31, 25.660000000000004], [69.31, 25.730000000000004], [69.3, 25.740000000000002], [69.3, 25.770000000000003], [69.29, 25.78], [69.28, 25.78], [69.26, 25.800000000000004], [69.25, 25.800000000000004], [69.22, 25.82], [69.11, 25.82], [69.1, 25.810000000000002]]]}}, {"type": "Feature", "properties": {"na": "NA-182", "src": "commons-1993", "approx": false}, "geometry": {"type": "Polygon", "coordinates": [[[67.99, 25.450000000000003], [68.04, 25.42], [68.06, 25.42], [68.07, 25.410000000000004], [68.1, 25.400000000000002], [68.15, 25.340000000000003], [68.15, 25.330000000000002], [68.18, 25.300000000000004], [68.34, 25.300000000000004], [68.34, 25.21], [68.33, 25.200000000000003], [68.31, 25.200000000000003], [68.29, 25.180000000000003], [68.28, 25.150000000000002], [68.23, 25.17], [68.19, 25.130000000000003], [68.18, 25.1], [68.17, 25.090000000000003], [68.17, 25.080000000000002], [68.19, 25.060000000000002], [68.19, 25.050000000000004], [68.16, 25.060000000000002], [68.15, 25.050000000000004], [68.13, 25.050000000000004], [68.12, 25.040000000000003], [68.12, 25.0], [68.13, 24.990000000000002], [68.13, 24.980000000000004], [68.07, 24.870000000000005], [68.09, 24.85], [68.09, 24.840000000000003], [68.1, 24.830000000000002], [68.11, 24.830000000000002], [68.12, 24.82], [68.12, 24.800000000000004], [68.11, 24.790000000000003], [68.11, 24.78], [68.08, 24.75], [68.1, 24.690000000000005], [68.01, 24.690000000000005], [68.0, 24.680000000000003], [68.01, 24.67], [68.01, 24.650000000000002], [68.02, 24.64], [68.01, 24.610000000000003], [67.99, 24.610000000000003], [67.98, 24.620000000000005], [67.95, 24.6], [67.98, 24.550000000000004], [67.98, 24.540000000000003], [67.95, 24.540000000000003], [67.93, 24.510000000000005], [67.93, 24.470000000000002], [67.91, 24.470000000000002], [67.88, 24.450000000000003], [67.94, 24.39], [67.94, 24.35], [67.93, 24.340000000000003], [67.93, 24.330000000000002], [67.91, 24.310000000000002], [67.93, 24.290000000000003], [67.93, 24.270000000000003], [67.94, 24.260000000000005], [67.94, 23.990000000000002], [67.95, 23.980000000000004], [67.95, 23.92], [67.96, 23.910000000000004], [67.96, 23.85], [67.97, 23.840000000000003], [67.97, 23.800000000000004], [67.95, 23.82], [67.9, 23.840000000000003], [67.88, 23.860000000000003], [67.87, 23.860000000000003], [67.83, 23.82], [67.75, 23.82], [67.74, 23.810000000000002], [67.66, 23.810000000000002], [67.65, 23.800000000000004], [67.64, 23.830000000000002], [67.62, 23.85], [67.61, 23.85], [67.6, 23.860000000000003], [67.58, 23.860000000000003], [67.53, 23.89], [67.51, 23.89], [67.5, 23.900000000000002], [67.49, 23.900000000000002], [67.49, 23.940000000000005], [67.48, 23.950000000000003], [67.48, 23.980000000000004], [67.47, 23.990000000000002], [67.43, 23.990000000000002], [67.43, 24.0], [67.4, 24.050000000000004], [67.4, 24.07], [67.37, 24.120000000000005], [67.37, 24.14], [67.33, 24.21], [67.33, 24.230000000000004], [67.32, 24.240000000000002], [67.3, 24.290000000000003], [67.33, 24.330000000000002], [67.33, 24.340000000000003], [67.35, 24.360000000000003], [67.36, 24.39], [67.38, 24.410000000000004], [67.39, 24.440000000000005], [67.38, 24.450000000000003], [67.38, 24.480000000000004], [67.37, 24.490000000000002], [67.37, 24.510000000000005], [67.36, 24.520000000000003], [67.36, 24.53], [67.31, 24.580000000000002], [67.32, 24.580000000000002], [67.34, 24.6], [67.35, 24.6], [67.4, 24.64], [67.4, 24.650000000000002], [67.41, 24.660000000000004], [67.41, 24.690000000000005], [67.42, 24.700000000000003], [67.42, 24.730000000000004], [67.43, 24.740000000000002], [67.43, 24.770000000000003], [67.44, 24.78], [67.44, 24.790000000000003], [67.56, 24.790000000000003], [67.57, 24.800000000000004], [67.56, 24.810000000000002], [67.56, 24.840000000000003], [67.55, 24.85], [67.55, 24.870000000000005], [67.54, 24.880000000000003], [67.54, 24.900000000000002], [67.53, 24.910000000000004], [67.53, 24.940000000000005], [67.52, 24.950000000000003], [67.52, 24.970000000000002], [67.51, 24.980000000000004], [67.51, 24.990000000000002], [67.6, 24.990000000000002], [67.61, 25.0], [67.7, 25.0], [67.8, 25.1], [67.8, 25.150000000000002], [67.81, 25.160000000000004], [67.81, 25.220000000000002], [67.9, 25.310000000000002], [67.9, 25.370000000000005], [67.93, 25.400000000000002], [67.94, 25.400000000000002], [67.99, 25.450000000000003]]]}}, {"type": "Feature", "properties": {"na": "NA-183", "src": "commons-1993", "approx": false}, "geometry": {"type": "Polygon", "coordinates": [[[68.34, 25.200000000000003], [68.34, 25.180000000000003], [68.33, 25.17], [68.33, 25.130000000000003], [68.29, 25.130000000000003], [68.27, 25.1], [68.27, 25.07], [68.26, 25.060000000000002], [68.26, 25.020000000000003], [68.25, 25.010000000000005], [68.25, 24.980000000000004], [68.3, 24.940000000000005], [68.25, 24.89], [68.28, 24.85], [68.28, 24.840000000000003], [68.31, 24.810000000000002], [68.31, 24.800000000000004], [68.35, 24.75], [68.35, 24.730000000000004], [68.36, 24.720000000000002], [68.36, 24.67], [68.37, 24.660000000000004], [68.37, 24.610000000000003], [68.38, 24.6], [68.38, 24.550000000000004], [68.39, 24.540000000000003], [68.39, 24.490000000000002], [68.4, 24.480000000000004], [68.4, 24.450000000000003], [68.42, 24.430000000000003], [68.42, 24.42], [68.45, 24.39], [68.48, 24.39], [68.49, 24.380000000000003], [68.52, 24.380000000000003], [68.53, 24.370000000000005], [68.71000000000001, 24.370000000000005], [68.72, 24.380000000000003], [68.74, 24.330000000000002], [68.76, 24.300000000000004], [68.76, 24.220000000000002], [68.75, 24.21], [68.75, 24.060000000000002], [68.74, 24.050000000000004], [68.74, 23.970000000000002], [68.33, 23.970000000000002], [68.32, 23.96], [68.31, 23.96], [68.27, 23.92], [68.26, 23.92], [68.22, 23.880000000000003], [68.21, 23.880000000000003], [68.18, 23.85], [68.18, 23.830000000000002], [68.17, 23.82], [68.17, 23.790000000000003], [68.16, 23.78], [68.16, 23.760000000000005], [68.15, 23.75], [68.15, 23.720000000000002], [68.14, 23.71], [68.14, 23.700000000000003], [68.13, 23.71], [68.1, 23.71], [68.09, 23.720000000000002], [68.07, 23.720000000000002], [68.06, 23.730000000000004], [68.03, 23.730000000000004], [68.04, 23.740000000000002], [68.04, 23.75], [68.07, 23.78], [68.07, 23.790000000000003], [68.1, 23.82], [68.1, 23.830000000000002], [68.11, 23.840000000000003], [68.1, 23.85], [68.08, 23.85], [68.07, 23.840000000000003], [68.06, 23.840000000000003], [68.04, 23.82], [68.03, 23.82], [68.01, 23.800000000000004], [68.0, 23.800000000000004], [67.99, 23.790000000000003], [67.98, 23.800000000000004], [67.98, 23.840000000000003], [67.97, 23.85], [67.97, 23.910000000000004], [67.96, 23.92], [67.96, 23.980000000000004], [67.95, 23.990000000000002], [67.95, 24.260000000000005], [67.94, 24.270000000000003], [67.94, 24.290000000000003], [67.92, 24.310000000000002], [67.95, 24.35], [67.95, 24.39], [67.89, 24.450000000000003], [67.9, 24.450000000000003], [67.91, 24.46], [67.93, 24.46], [67.94, 24.470000000000002], [67.94, 24.510000000000005], [67.95, 24.520000000000003], [67.95, 24.53], [67.98, 24.53], [67.99, 24.540000000000003], [67.98, 24.57], [67.96, 24.6], [67.97, 24.6], [67.98, 24.610000000000003], [67.99, 24.6], [68.01, 24.6], [68.02, 24.610000000000003], [68.03, 24.64], [68.02, 24.650000000000002], [68.02, 24.67], [68.01, 24.680000000000003], [68.1, 24.680000000000003], [68.11, 24.690000000000005], [68.09, 24.75], [68.12, 24.78], [68.12, 24.790000000000003], [68.13, 24.800000000000004], [68.13, 24.82], [68.11, 24.840000000000003], [68.1, 24.840000000000003], [68.1, 24.85], [68.08, 24.870000000000005], [68.14, 24.980000000000004], [68.14, 24.990000000000002], [68.13, 25.0], [68.13, 25.040000000000003], [68.15, 25.040000000000003], [68.16, 25.050000000000004], [68.19, 25.040000000000003], [68.2, 25.050000000000004], [68.2, 25.060000000000002], [68.18, 25.080000000000002], [68.18, 25.090000000000003], [68.2, 25.120000000000005], [68.2, 25.130000000000003], [68.23, 25.160000000000004], [68.28, 25.14], [68.29, 25.150000000000002], [68.3, 25.180000000000003], [68.31, 25.190000000000005], [68.33, 25.190000000000005], [68.34, 25.200000000000003]]]}}, {"type": "Feature", "properties": {"na": "NA-184", "src": "commons-1993-inset", "approx": false, "confidence": "low"}, "geometry": {"type": "MultiPolygon", "coordinates": [[[[67.24, 25.520000000000003], [67.25, 25.490000000000002], [67.26, 25.480000000000004], [67.27, 25.480000000000004], [67.3, 25.450000000000003], [67.31, 25.450000000000003], [67.31, 25.440000000000005], [67.32, 25.430000000000003], [67.32, 25.400000000000002], [67.28, 25.340000000000003], [67.27, 25.290000000000003], [67.23, 25.25], [67.23, 25.230000000000004], [67.22, 25.230000000000004], [67.22, 25.240000000000002], [67.21, 25.25], [67.2, 25.25], [67.19, 25.240000000000002], [67.18, 25.240000000000002], [67.17, 25.25], [67.16, 25.240000000000002], [67.13, 25.240000000000002], [67.12, 25.230000000000004], [67.12, 25.21], [67.13, 25.200000000000003], [67.13, 25.190000000000005], [67.12, 25.180000000000003], [67.12, 25.160000000000004], [67.1, 25.160000000000004], [67.09, 25.17], [67.08, 25.17], [67.04, 25.130000000000003], [67.04, 25.120000000000005], [67.02, 25.120000000000005], [67.01, 25.130000000000003], [67.01, 25.17], [67.1, 25.25], [67.1, 25.260000000000005], [67.12, 25.290000000000003], [67.12, 25.300000000000004], [67.15, 25.35], [67.16, 25.380000000000003], [67.17, 25.39], [67.17, 25.46], [67.24, 25.520000000000003]]], [[[66.66, 24.840000000000003], [66.66, 24.85], [66.69, 24.880000000000003], [66.69, 24.89], [66.7, 24.89], [66.79, 24.970000000000002], [66.81, 24.970000000000002], [66.82, 24.980000000000004], [66.83, 24.980000000000004], [66.84, 24.990000000000002], [66.86, 24.990000000000002], [66.87, 25.0], [66.87, 24.910000000000004], [66.88, 24.900000000000002], [66.88, 24.880000000000003], [66.86, 24.860000000000003], [66.81, 24.860000000000003], [66.8, 24.85], [66.73, 24.85], [66.72, 24.840000000000003], [66.66, 24.840000000000003]]]]}}, {"type": "Feature", "properties": {"na": "NA-185", "src": "commons-1993-inset", "approx": false}, "geometry": {"type": "Polygon", "coordinates": [[[66.88000000000001, 24.870000000000005], [66.89, 24.880000000000003], [66.89, 24.900000000000002], [66.88, 24.910000000000004], [66.88, 25.0], [66.89, 25.010000000000005], [66.91, 25.010000000000005], [67.01, 25.110000000000003], [67.01, 25.120000000000005], [67.02, 25.110000000000003], [67.04, 25.110000000000003], [67.05, 25.120000000000005], [67.05, 25.130000000000003], [67.08, 25.160000000000004], [67.09, 25.160000000000004], [67.1, 25.150000000000002], [67.12, 25.150000000000002], [67.12, 25.1], [67.07, 25.040000000000003], [67.08, 25.03], [67.08, 24.990000000000002], [67.09, 24.980000000000004], [67.09, 24.96], [67.06, 24.96], [67.02, 24.92], [67.04, 24.900000000000002], [67.05, 24.870000000000005], [67.06, 24.860000000000003], [67.07, 24.860000000000003], [67.07, 24.85], [67.08, 24.840000000000003], [67.08, 24.82], [67.07, 24.82], [67.06, 24.810000000000002], [67.06, 24.800000000000004], [67.05, 24.810000000000002], [67.03, 24.810000000000002], [67.02, 24.82], [66.99, 24.82], [66.98, 24.830000000000002], [66.96, 24.830000000000002], [66.96, 24.85], [66.94, 24.870000000000005], [66.88000000000001, 24.870000000000005]]]}}, {"type": "Feature", "properties": {"na": "NA-186", "src": "commons-1993-inset", "approx": false}, "geometry": {"type": "Polygon", "coordinates": [[[67.17, 25.240000000000002], [67.18, 25.230000000000004], [67.21, 25.240000000000002], [67.21, 25.130000000000003], [67.2, 25.120000000000005], [67.2, 25.1], [67.19, 25.110000000000003], [67.19, 25.130000000000003], [67.17, 25.150000000000002], [67.16, 25.150000000000002], [67.15, 25.14], [67.14, 25.150000000000002], [67.13, 25.14], [67.13, 25.180000000000003], [67.14, 25.190000000000005], [67.14, 25.200000000000003], [67.13, 25.21], [67.13, 25.230000000000004], [67.16, 25.230000000000004], [67.17, 25.240000000000002]]]}}, {"type": "Feature", "properties": {"na": "NA-187", "src": "commons-1993-inset", "approx": false}, "geometry": {"type": "Polygon", "coordinates": [[[67.14, 25.14], [67.15, 25.130000000000003], [67.16, 25.14], [67.17, 25.14], [67.18, 25.130000000000003], [67.18, 25.110000000000003], [67.19, 25.1], [67.19, 25.090000000000003], [67.21, 25.07], [67.19, 25.040000000000003], [67.19, 25.010000000000005], [67.18, 25.010000000000005], [67.18, 25.020000000000003], [67.14, 25.07], [67.13, 25.060000000000002], [67.13, 25.07], [67.12, 25.080000000000002], [67.12, 25.090000000000003], [67.13, 25.1], [67.13, 25.130000000000003], [67.14, 25.14]]]}}, {"type": "Feature", "properties": {"na": "NA-188", "src": "commons-1993-inset", "approx": false}, "geometry": {"type": "Polygon", "coordinates": [[[67.11, 25.080000000000002], [67.13, 25.050000000000004], [67.14, 25.060000000000002], [67.15, 25.050000000000004], [67.15, 25.040000000000003], [67.17, 25.020000000000003], [67.17, 24.990000000000002], [67.14, 24.96], [67.13, 24.96], [67.12, 24.950000000000003], [67.11, 24.950000000000003], [67.1, 24.96], [67.1, 24.980000000000004], [67.09, 24.990000000000002], [67.09, 25.03], [67.08, 25.040000000000003], [67.11, 25.07], [67.11, 25.080000000000002]]]}}, {"type": "Feature", "properties": {"na": "NA-189", "src": "commons-1993-inset", "approx": false}, "geometry": {"type": "Polygon", "coordinates": [[[67.06, 24.950000000000003], [67.1, 24.950000000000003], [67.12, 24.92], [67.11, 24.910000000000004], [67.1, 24.92], [67.08, 24.92], [67.07, 24.910000000000004], [67.06, 24.92], [67.03, 24.92], [67.06, 24.950000000000003]]]}}, {"type": "Feature", "properties": {"na": "NA-190", "src": "commons-1993-inset", "approx": false}, "geometry": {"type": "Polygon", "coordinates": [[[67.04, 24.910000000000004], [67.06, 24.910000000000004], [67.07, 24.900000000000002], [67.08, 24.910000000000004], [67.1, 24.910000000000004], [67.11, 24.900000000000002], [67.11, 24.89], [67.1, 24.89], [67.09, 24.880000000000003], [67.09, 24.85], [67.08, 24.85], [67.08, 24.860000000000003], [67.07, 24.870000000000005], [67.06, 24.870000000000005], [67.06, 24.880000000000003], [67.04, 24.910000000000004]]]}}, {"type": "Feature", "properties": {"na": "NA-191", "src": "commons-1993-inset", "approx": false}, "geometry": {"type": "Polygon", "coordinates": [[[67.12, 24.900000000000002], [67.13, 24.89], [67.15, 24.89], [67.15, 24.860000000000003], [67.16, 24.85], [67.18, 24.85], [67.17, 24.840000000000003], [67.18, 24.830000000000002], [67.18, 24.800000000000004], [67.19, 24.790000000000003], [67.09, 24.790000000000003], [67.08, 24.800000000000004], [67.07, 24.800000000000004], [67.07, 24.810000000000002], [67.08, 24.810000000000002], [67.09, 24.82], [67.09, 24.840000000000003], [67.1, 24.85], [67.1, 24.880000000000003], [67.11, 24.880000000000003], [67.12, 24.89], [67.12, 24.900000000000002]]]}}, {"type": "Feature", "properties": {"na": "NA-192", "src": "commons-1993-inset", "approx": false}, "geometry": {"type": "Polygon", "coordinates": [[[67.3, 25.25], [67.31, 25.25], [67.27, 25.190000000000005], [67.28, 25.180000000000003], [67.29, 25.180000000000003], [67.31, 25.150000000000002], [67.31, 25.14], [67.33, 25.120000000000005], [67.34, 25.120000000000005], [67.34, 25.1], [67.28, 25.1], [67.27, 25.090000000000003], [67.26, 25.060000000000002], [67.25, 25.07], [67.24, 25.07], [67.22, 25.050000000000004], [67.22, 25.07], [67.21, 25.080000000000002], [67.21, 25.120000000000005], [67.22, 25.130000000000003], [67.22, 25.220000000000002], [67.23, 25.220000000000002], [67.24, 25.230000000000004], [67.28, 25.230000000000004], [67.3, 25.25]]]}}, {"type": "Feature", "properties": {"na": "NA-193", "src": "commons-1993-inset", "approx": false}, "geometry": {"type": "Polygon", "coordinates": [[[67.21, 25.050000000000004], [67.22, 25.040000000000003], [67.24, 25.060000000000002], [67.25, 25.060000000000002], [67.26, 25.050000000000004], [67.28, 25.080000000000002], [67.28, 25.090000000000003], [67.34, 25.090000000000003], [67.34, 25.080000000000002], [67.35, 25.07], [67.35, 25.040000000000003], [67.34, 25.03], [67.34, 24.980000000000004], [67.33, 24.980000000000004], [67.32, 24.990000000000002], [67.26, 24.990000000000002], [67.25, 24.980000000000004], [67.22, 24.980000000000004], [67.21, 24.970000000000002], [67.2, 24.980000000000004], [67.18, 24.980000000000004], [67.18, 25.0], [67.19, 25.0], [67.2, 25.010000000000005], [67.2, 25.040000000000003], [67.21, 25.050000000000004]]]}}, {"type": "Feature", "properties": {"na": "NA-194", "src": "commons-1993-inset", "approx": false}, "geometry": {"type": "Polygon", "coordinates": [[[67.17, 24.980000000000004], [67.18, 24.970000000000002], [67.2, 24.970000000000002], [67.21, 24.96], [67.22, 24.970000000000002], [67.25, 24.970000000000002], [67.26, 24.980000000000004], [67.32, 24.980000000000004], [67.33, 24.970000000000002], [67.34, 24.970000000000002], [67.34, 24.930000000000003], [67.33, 24.92], [67.32, 24.92], [67.29, 24.89], [67.27, 24.89], [67.26, 24.900000000000002], [67.23, 24.900000000000002], [67.21, 24.880000000000003], [67.21, 24.870000000000005], [67.18, 24.870000000000005], [67.17, 24.860000000000003], [67.16, 24.860000000000003], [67.16, 24.89], [67.15, 24.900000000000002], [67.13, 24.900000000000002], [67.13, 24.930000000000003], [67.12, 24.940000000000005], [67.13, 24.950000000000003], [67.14, 24.950000000000003], [67.17, 24.980000000000004]]]}}, {"type": "Feature", "properties": {"na": "NA-195", "src": "commons-1993-inset", "approx": false, "confidence": "low"}, "geometry": {"type": "Polygon", "coordinates": [[[67.35, 24.930000000000003], [67.38, 24.910000000000004], [67.39, 24.910000000000004], [67.41, 24.89], [67.42, 24.89], [67.5, 24.810000000000002], [67.5, 24.800000000000004], [67.44, 24.800000000000004], [67.43, 24.790000000000003], [67.2, 24.790000000000003], [67.19, 24.800000000000004], [67.19, 24.830000000000002], [67.18, 24.840000000000003], [67.19, 24.85], [67.18, 24.860000000000003], [67.21, 24.860000000000003], [67.23, 24.89], [67.26, 24.89], [67.27, 24.880000000000003], [67.29, 24.880000000000003], [67.35, 24.930000000000003]]]}}, {"type": "Feature", "properties": {"na": "NA-196", "src": "commons-1990", "approx": false}, "geometry": {"type": "MultiPolygon", "coordinates": [[[[67.31, 25.17], [67.36, 25.14], [67.38, 25.14], [67.39, 25.130000000000003], [67.46, 25.1], [67.49, 25.03], [67.51, 25.0], [67.5, 24.990000000000002], [67.5, 24.980000000000004], [67.51, 24.970000000000002], [67.51, 24.950000000000003], [67.52, 24.940000000000005], [67.52, 24.910000000000004], [67.53, 24.900000000000002], [67.53, 24.880000000000003], [67.54, 24.870000000000005], [67.54, 24.85], [67.55, 24.840000000000003], [67.55, 24.810000000000002], [67.56, 24.800000000000004], [67.51, 24.800000000000004], [67.51, 24.810000000000002], [67.42, 24.900000000000002], [67.41, 24.900000000000002], [67.39, 24.92], [67.38, 24.92], [67.35, 24.940000000000005], [67.35, 25.03], [67.36, 25.040000000000003], [67.36, 25.07], [67.35, 25.080000000000002], [67.35, 25.120000000000005], [67.32, 25.14], [67.31, 25.17]]], [[[67.37, 25.650000000000002], [67.37, 25.630000000000003], [67.38, 25.620000000000005], [67.38, 25.580000000000002], [67.39, 25.57], [67.39, 25.540000000000003], [67.4, 25.53], [67.4, 25.490000000000002], [67.41, 25.480000000000004], [67.41, 25.450000000000003], [67.39, 25.42], [67.39, 25.400000000000002], [67.37, 25.370000000000005], [67.37, 25.35], [67.35, 25.32], [67.34, 25.290000000000003], [67.32, 25.270000000000003], [67.32, 25.260000000000005], [67.3, 25.260000000000005], [67.28, 25.240000000000002], [67.24, 25.240000000000002], [67.24, 25.25], [67.28, 25.290000000000003], [67.29, 25.340000000000003], [67.33, 25.400000000000002], [67.33, 25.430000000000003], [67.32, 25.440000000000005], [67.32, 25.450000000000003], [67.31, 25.46], [67.3, 25.46], [67.27, 25.490000000000002], [67.26, 25.490000000000002], [67.26, 25.5], [67.25, 25.510000000000005], [67.25, 25.53], [67.26, 25.540000000000003], [67.26, 25.550000000000004], [67.29, 25.580000000000002], [67.29, 25.590000000000003], [67.32, 25.620000000000005], [67.32, 25.630000000000003], [67.33, 25.64], [67.36, 25.64], [67.37, 25.650000000000002]]]]}}, {"type": "Feature", "properties": {"na": "NA-197", "src": "reconstructed", "approx": true}, "geometry": {"type": "Polygon", "coordinates": [[[66.91, 30.480000000000004], [66.93, 30.450000000000003], [66.93, 30.440000000000005], [66.95, 30.42], [66.95, 30.410000000000004], [66.97, 30.39], [67.0, 30.39], [67.01, 30.380000000000003], [67.04, 30.380000000000003], [67.05, 30.39], [67.06, 30.39], [67.12, 30.440000000000005], [67.2, 30.440000000000005], [67.2, 30.430000000000003], [67.19, 30.42], [67.19, 30.39], [67.18, 30.380000000000003], [67.18, 30.370000000000005], [67.19, 30.360000000000003], [67.21, 30.360000000000003], [67.22, 30.35], [67.24, 30.35], [67.25, 30.340000000000003], [67.27, 30.340000000000003], [67.28, 30.330000000000002], [67.28, 30.28], [67.27, 30.270000000000003], [67.27, 30.21], [67.28, 30.200000000000003], [67.32, 30.200000000000003], [67.33, 30.190000000000005], [67.36, 30.190000000000005], [67.37, 30.180000000000003], [67.41, 30.180000000000003], [67.41, 30.150000000000002], [67.42, 30.14], [67.42, 30.090000000000003], [67.43, 30.080000000000002], [67.43, 30.070000000000004], [67.34, 30.01], [67.34, 30.000000000000004], [67.35, 29.990000000000002], [67.35, 29.96], [67.36, 29.950000000000003], [67.36, 29.930000000000003], [67.27, 29.930000000000003], [67.23, 29.980000000000004], [67.2, 29.980000000000004], [67.19, 29.970000000000002], [67.17, 29.970000000000002], [67.16, 29.96], [67.13, 29.96], [67.12, 29.950000000000003], [67.11, 29.96], [67.08, 29.96], [67.07, 29.970000000000002], [67.04, 29.970000000000002], [67.03, 29.980000000000004], [67.0, 29.980000000000004], [66.99, 29.990000000000002], [66.96, 29.990000000000002], [66.96, 30.000000000000004], [66.95, 30.01], [66.95, 30.03], [66.93, 30.060000000000002], [66.89, 30.060000000000002], [66.88, 30.070000000000004], [66.83, 30.070000000000004], [66.75, 30.14], [66.74, 30.14], [66.73, 30.150000000000002], [66.69, 30.150000000000002], [66.67, 30.130000000000003], [66.65, 30.080000000000002], [66.63, 30.060000000000002], [66.6, 29.990000000000002], [66.58, 29.970000000000002], [66.56, 29.92], [66.54, 29.900000000000002], [66.51, 29.830000000000002], [66.5, 29.820000000000004], [66.46, 29.85], [66.43, 29.860000000000003], [66.42, 29.870000000000005], [66.35, 29.870000000000005], [66.34, 29.880000000000003], [66.26, 29.880000000000003], [66.25, 29.870000000000005], [66.28, 29.85], [66.3, 29.85], [66.3, 29.840000000000003], [66.29, 29.830000000000002], [66.29, 29.810000000000002], [66.28, 29.800000000000004], [66.28, 29.770000000000003], [66.27, 29.76], [66.27, 29.740000000000002], [66.28, 29.730000000000004], [66.28, 29.71], [66.3, 29.680000000000003], [66.31, 29.630000000000003], [66.3, 29.620000000000005], [66.3, 29.610000000000003], [66.24, 29.500000000000004], [66.22, 29.450000000000003], [66.21, 29.440000000000005], [66.18, 29.370000000000005], [66.16, 29.340000000000003], [66.16, 29.330000000000002], [66.15, 29.340000000000003], [66.13, 29.340000000000003], [66.12, 29.35], [66.09, 29.35], [66.0, 29.200000000000003], [65.99, 29.200000000000003], [65.98, 29.190000000000005], [65.91, 29.160000000000004], [65.86, 29.130000000000003], [65.85, 29.14], [65.8, 29.14], [65.79, 29.150000000000002], [65.74, 29.150000000000002], [65.7, 29.120000000000005], [65.69, 29.120000000000005], [65.67, 29.1], [65.66, 29.1], [65.64, 29.080000000000002], [65.63, 29.080000000000002], [65.61, 29.060000000000002], [65.6, 29.060000000000002], [65.58, 29.040000000000003], [65.45, 29.040000000000003], [65.4, 29.000000000000004], [65.39, 29.000000000000004], [65.37, 28.980000000000004], [65.36, 28.980000000000004], [65.34, 28.96], [65.33, 28.96], [65.3, 28.930000000000003], [65.29, 28.930000000000003], [65.26, 28.900000000000002], [65.25, 28.900000000000002], [65.22, 28.870000000000005], [65.21, 28.870000000000005], [65.15, 28.82], [65.1, 28.82], [65.09, 28.810000000000002], [65.04, 28.810000000000002], [65.01, 28.78], [65.0, 28.78], [64.94, 28.720000000000002], [64.93, 28.720000000000002], [64.91, 28.700000000000003], [64.82, 28.700000000000003], [64.81, 28.71], [64.8, 28.700000000000003], [64.77, 28.700000000000003], [64.76, 28.690000000000005], [64.73, 28.690000000000005], [64.72, 28.680000000000003], [64.69, 28.680000000000003], [64.68, 28.67], [64.65, 28.67], [64.64, 28.660000000000004], [64.61, 28.660000000000004], [64.6, 28.650000000000002], [64.57, 28.650000000000002], [64.56, 28.64], [64.53, 28.64], [64.52, 28.630000000000003], [64.49, 28.630000000000003], [64.39, 28.53], [64.35, 28.53], [64.34, 28.520000000000003], [64.31, 28.520000000000003], [64.3, 28.510000000000005], [64.26, 28.510000000000005], [64.25, 28.5], [64.21, 28.5], [64.2, 28.490000000000002], [64.17, 28.490000000000002], [64.16, 28.480000000000004], [64.12, 28.480000000000004], [64.1, 28.46], [64.09, 28.46], [64.07, 28.440000000000005], [64.06, 28.440000000000005], [64.04, 28.42], [64.03, 28.42], [64.01, 28.400000000000002], [64.0, 28.400000000000002], [63.99, 28.39], [63.92, 28.39], [63.87, 28.35], [63.86, 28.35], [63.84, 28.330000000000002], [63.83, 28.330000000000002], [63.81, 28.310000000000002], [63.63, 28.310000000000002], [63.62, 28.300000000000004], [63.45, 28.300000000000004], [63.44, 28.290000000000003], [63.26, 28.290000000000003], [63.24, 28.270000000000003], [63.24, 28.260000000000005], [63.22, 28.240000000000002], [63.22, 28.230000000000004], [63.19, 28.190000000000005], [63.18, 28.190000000000005], [63.16, 28.17], [63.11, 28.150000000000002], [63.09, 28.130000000000003], [63.08, 28.130000000000003], [63.07, 28.120000000000005], [63.05, 28.120000000000005], [62.98, 28.050000000000004], [62.97, 28.050000000000004], [62.95, 28.03], [62.94, 28.03], [62.88, 27.970000000000002], [62.88, 27.96], [62.87, 27.950000000000003], [62.86, 27.950000000000003], [62.8, 27.900000000000002], [62.79, 27.910000000000004], [62.79, 27.940000000000005], [62.78, 27.950000000000003], [62.78, 27.980000000000004], [62.77, 27.990000000000002], [62.77, 28.020000000000003], [62.76, 28.03], [62.76, 28.1], [62.77, 28.110000000000003], [62.77, 28.220000000000002], [62.78, 28.230000000000004], [62.78, 28.28], [62.77, 28.290000000000003], [62.73, 28.290000000000003], [62.72, 28.28], [62.66, 28.28], [62.65, 28.270000000000003], [62.6, 28.270000000000003], [62.59, 28.260000000000005], [62.43, 28.42], [62.42, 28.42], [62.41, 28.430000000000003], [62.39, 28.430000000000003], [62.36, 28.450000000000003], [62.34, 28.450000000000003], [62.31, 28.470000000000002], [62.29, 28.470000000000002], [62.28, 28.480000000000004], [62.2, 28.480000000000004], [62.19, 28.490000000000002], [62.11, 28.490000000000002], [62.1, 28.5], [62.08, 28.5], [62.05, 28.520000000000003], [62.0, 28.53], [61.97, 28.550000000000004], [61.95, 28.550000000000004], [61.94, 28.560000000000002], [61.93, 28.560000000000002], [61.91, 28.580000000000002], [61.88, 28.590000000000003], [61.86, 28.610000000000003], [61.83, 28.620000000000005], [61.81, 28.64], [61.8, 28.64], [61.77, 28.67], [61.77, 28.680000000000003], [61.71, 28.740000000000002], [61.71, 28.750000000000004], [61.66, 28.800000000000004], [61.66, 28.810000000000002], [61.63, 28.840000000000003], [61.63, 28.85], [61.59, 28.89], [61.59, 28.900000000000002], [61.55, 28.940000000000005], [61.55, 28.950000000000003], [61.5, 29.010000000000005], [61.49, 29.040000000000003], [61.47, 29.07], [61.47, 29.090000000000003], [61.45, 29.120000000000005], [61.45, 29.14], [61.44, 29.150000000000002], [61.42, 29.200000000000003], [61.35, 29.290000000000003], [61.37, 29.35], [61.32, 29.400000000000002], [61.31, 29.400000000000002], [61.23, 29.480000000000004], [61.22, 29.480000000000004], [61.15, 29.550000000000004], [61.15, 29.560000000000002], [61.07, 29.64], [61.07, 29.650000000000002], [60.99, 29.730000000000004], [60.99, 29.740000000000002], [60.91, 29.820000000000004], [60.91, 29.830000000000002], [60.87, 29.870000000000005], [60.88, 29.860000000000003], [60.9, 29.860000000000003], [60.91, 29.85], [60.93, 29.85], [60.94, 29.840000000000003], [60.97, 29.840000000000003], [60.98, 29.830000000000002], [61.03, 29.820000000000004], [61.04, 29.810000000000002], [61.06, 29.810000000000002], [61.07, 29.800000000000004], [61.1, 29.800000000000004], [61.11, 29.790000000000003], [61.13, 29.790000000000003], [61.14, 29.78], [61.19, 29.770000000000003], [61.2, 29.76], [61.23, 29.76], [61.24, 29.750000000000004], [61.26, 29.750000000000004], [61.27, 29.740000000000002], [61.29, 29.740000000000002], [61.3, 29.730000000000004], [61.32, 29.730000000000004], [61.33, 29.720000000000002], [61.36, 29.720000000000002], [61.37, 29.71], [61.42, 29.700000000000003], [61.43, 29.690000000000005], [61.45, 29.690000000000005], [61.46, 29.680000000000003], [61.49, 29.680000000000003], [61.5, 29.67], [61.55, 29.660000000000004], [61.56, 29.650000000000002], [61.58, 29.650000000000002], [61.59, 29.64], [61.62, 29.64], [61.63, 29.630000000000003], [61.65, 29.630000000000003], [61.66, 29.620000000000005], [61.68, 29.620000000000005], [61.69, 29.610000000000003], [61.72, 29.610000000000003], [61.73, 29.6], [61.78, 29.590000000000003], [61.79, 29.580000000000002], [61.82, 29.580000000000002], [61.83, 29.570000000000004], [61.85, 29.570000000000004], [61.86, 29.560000000000002], [61.88, 29.560000000000002], [61.89, 29.550000000000004], [61.92, 29.550000000000004], [61.93, 29.540000000000003], [61.95, 29.540000000000003], [61.96, 29.53], [61.98, 29.53], [61.99, 29.520000000000003], [62.02, 29.520000000000003], [62.03, 29.51], [62.08, 29.500000000000004], [62.09, 29.490000000000002], [62.12, 29.490000000000002], [62.13, 29.480000000000004], [62.15, 29.480000000000004], [62.16, 29.470000000000002], [62.18, 29.470000000000002], [62.19, 29.46], [62.22, 29.46], [62.23, 29.450000000000003], [62.28, 29.440000000000005], [62.29, 29.430000000000003], [62.32, 29.430000000000003], [62.33, 29.42], [62.38, 29.410000000000004], [62.39, 29.400000000000002], [62.42, 29.400000000000002], [62.43, 29.39], [62.54, 29.39], [62.55, 29.400000000000002], [62.64, 29.400000000000002], [62.65, 29.410000000000004], [62.74, 29.410000000000004], [62.75, 29.42], [62.84, 29.42], [62.85, 29.430000000000003], [62.95, 29.430000000000003], [62.96, 29.440000000000005], [63.05, 29.440000000000005], [63.06, 29.450000000000003], [63.15, 29.450000000000003], [63.16, 29.46], [63.25, 29.46], [63.26, 29.470000000000002], [63.35, 29.470000000000002], [63.36, 29.480000000000004], [63.47, 29.480000000000004], [63.48, 29.490000000000002], [63.58, 29.490000000000002], [63.59, 29.500000000000004], [63.6, 29.490000000000002], [63.64, 29.490000000000002], [63.65, 29.480000000000004], [63.7, 29.480000000000004], [63.71, 29.470000000000002], [63.75, 29.470000000000002], [63.76, 29.46], [63.81, 29.46], [63.82, 29.450000000000003], [63.86, 29.450000000000003], [63.87, 29.440000000000005], [63.92, 29.440000000000005], [63.93, 29.430000000000003], [63.97, 29.430000000000003], [63.98, 29.42], [64.03, 29.42], [64.04, 29.410000000000004], [64.05, 29.410000000000004], [64.07, 29.39], [64.1, 29.380000000000003], [64.16, 29.46], [64.17, 29.46], [64.19, 29.480000000000004], [64.2, 29.480000000000004], [64.26, 29.53], [64.29, 29.53], [64.3, 29.540000000000003], [64.34, 29.540000000000003], [64.35, 29.550000000000004], [64.38, 29.550000000000004], [64.39, 29.560000000000002], [64.43, 29.560000000000002], [64.44, 29.570000000000004], [64.47, 29.570000000000004], [64.48, 29.580000000000002], [64.62, 29.580000000000002], [64.63, 29.590000000000003], [64.64, 29.580000000000002], [64.72, 29.580000000000002], [64.73, 29.570000000000004], [64.8, 29.570000000000004], [64.81, 29.560000000000002], [64.89, 29.560000000000002], [64.9, 29.550000000000004], [64.97, 29.550000000000004], [64.98, 29.540000000000003], [65.09, 29.540000000000003], [65.1, 29.550000000000004], [65.12, 29.550000000000004], [65.13, 29.560000000000002], [65.16, 29.560000000000002], [65.17, 29.570000000000004], [65.2, 29.570000000000004], [65.21, 29.580000000000002], [65.23, 29.580000000000002], [65.24, 29.590000000000003], [65.27, 29.590000000000003], [65.28, 29.6], [65.31, 29.6], [65.32, 29.610000000000003], [65.35, 29.610000000000003], [65.36, 29.620000000000005], [65.39, 29.620000000000005], [65.4, 29.630000000000003], [65.43, 29.630000000000003], [65.44, 29.64], [65.46, 29.64], [65.47, 29.650000000000002], [65.5, 29.650000000000002], [65.51, 29.660000000000004], [65.54, 29.660000000000004], [65.55, 29.67], [65.58, 29.67], [65.59, 29.680000000000003], [65.62, 29.680000000000003], [65.63, 29.690000000000005], [65.66, 29.690000000000005], [65.67, 29.700000000000003], [65.69, 29.700000000000003], [65.7, 29.71], [65.73, 29.71], [65.74, 29.720000000000002], [65.77, 29.720000000000002], [65.78, 29.730000000000004], [65.8, 29.730000000000004], [65.81, 29.740000000000002], [65.84, 29.740000000000002], [65.85, 29.750000000000004], [65.9, 29.76], [65.91, 29.770000000000003], [65.94, 29.770000000000003], [65.95, 29.78], [65.97, 29.78], [65.98, 29.790000000000003], [66.01, 29.790000000000003], [66.02, 29.800000000000004], [66.07, 29.810000000000002], [66.08, 29.820000000000004], [66.11, 29.820000000000004], [66.12, 29.830000000000002], [66.14, 29.830000000000002], [66.15, 29.840000000000003], [66.17, 29.840000000000003], [66.18, 29.85], [66.21, 29.85], [66.22, 29.860000000000003], [66.24, 29.860000000000003], [66.31, 29.930000000000003], [66.31, 29.940000000000005], [66.35, 29.980000000000004], [66.23, 30.090000000000003], [66.25, 30.110000000000003], [66.26, 30.110000000000003], [66.31, 30.160000000000004], [66.32, 30.160000000000004], [66.35, 30.190000000000005], [66.36, 30.180000000000003], [66.39, 30.180000000000003], [66.4, 30.17], [66.42, 30.17], [66.43, 30.160000000000004], [66.46, 30.160000000000004], [66.52, 30.230000000000004], [66.55, 30.21], [66.57, 30.21], [66.6, 30.190000000000005], [66.62, 30.190000000000005], [66.63, 30.180000000000003], [66.69, 30.180000000000003], [66.71, 30.200000000000003], [66.71, 30.21], [66.73, 30.240000000000002], [66.76, 30.310000000000002], [66.78, 30.330000000000002], [66.78, 30.340000000000003], [66.79, 30.35], [66.79, 30.360000000000003], [66.84, 30.450000000000003], [66.84, 30.46], [66.85, 30.470000000000002], [66.9, 30.470000000000002], [66.91, 30.480000000000004]]]}}, {"type": "Feature", "properties": {"na": "NA-198", "src": "commons-1993", "approx": false}, "geometry": {"type": "Polygon", "coordinates": [[[66.25, 30.120000000000005], [66.27, 30.17], [66.3, 30.220000000000002], [66.3, 30.230000000000004], [66.31, 30.240000000000002], [66.31, 30.270000000000003], [66.32, 30.28], [66.32, 30.310000000000002], [66.33, 30.320000000000004], [66.33, 30.360000000000003], [66.34, 30.370000000000005], [66.34, 30.400000000000002], [66.35, 30.410000000000004], [66.35, 30.440000000000005], [66.32, 30.490000000000002], [66.32, 30.500000000000004], [66.3, 30.53], [66.28, 30.580000000000002], [66.29, 30.590000000000003], [66.29, 30.620000000000005], [66.3, 30.630000000000003], [66.3, 30.660000000000004], [66.31, 30.67], [66.31, 30.690000000000005], [66.32, 30.700000000000003], [66.32, 30.730000000000004], [66.33, 30.740000000000002], [66.33, 30.770000000000003], [66.34, 30.78], [66.34, 30.810000000000002], [66.35, 30.820000000000004], [66.35, 30.840000000000003], [66.36, 30.85], [66.36, 30.880000000000003], [66.37, 30.89], [66.37, 30.92], [66.38, 30.930000000000003], [66.38, 30.940000000000005], [66.42, 30.940000000000005], [66.43, 30.950000000000003], [66.46, 30.950000000000003], [66.47, 30.96], [66.51, 30.96], [66.52, 30.970000000000002], [66.55, 30.970000000000002], [66.58, 31.000000000000004], [66.59, 31.000000000000004], [66.64, 31.050000000000004], [66.65, 31.050000000000004], [66.68, 31.080000000000002], [66.68, 31.090000000000003], [66.69, 31.1], [66.69, 31.120000000000005], [66.71, 31.150000000000002], [66.71, 31.17], [66.72, 31.180000000000003], [66.72, 31.200000000000003], [66.73, 31.21], [66.73, 31.220000000000002], [66.74, 31.220000000000002], [66.75, 31.230000000000004], [66.77, 31.230000000000004], [66.82, 31.26], [66.84, 31.26], [66.85, 31.270000000000003], [66.9, 31.290000000000003], [66.91, 31.300000000000004], [66.93, 31.300000000000004], [66.96, 31.320000000000004], [66.97, 31.310000000000002], [67.04, 31.310000000000002], [67.04, 31.28], [67.05, 31.270000000000003], [67.05, 31.250000000000004], [67.06, 31.240000000000002], [67.15, 31.240000000000002], [67.16, 31.250000000000004], [67.19, 31.230000000000004], [67.21, 31.230000000000004], [67.22, 31.220000000000002], [67.23, 31.220000000000002], [67.24, 31.21], [67.31, 31.21], [67.32, 31.220000000000002], [67.37, 31.220000000000002], [67.38, 31.230000000000004], [67.43, 31.230000000000004], [67.44, 31.240000000000002], [67.45, 31.230000000000004], [67.48, 31.220000000000002], [67.53, 31.190000000000005], [67.54, 31.190000000000005], [67.59, 31.160000000000004], [67.63, 31.160000000000004], [67.64, 31.150000000000002], [67.67, 31.150000000000002], [67.68, 31.14], [67.72, 31.14], [67.73, 31.130000000000003], [67.76, 31.130000000000003], [67.77, 31.120000000000005], [67.81, 31.120000000000005], [67.77, 31.080000000000002], [67.77, 31.070000000000004], [67.71, 31.01], [67.7, 31.01], [67.66, 30.970000000000002], [67.65, 30.970000000000002], [67.57, 30.900000000000002], [67.53, 30.900000000000002], [67.52, 30.89], [67.48, 30.89], [67.47, 30.880000000000003], [67.47, 30.78], [67.48, 30.770000000000003], [67.48, 30.690000000000005], [67.49, 30.680000000000003], [67.65, 30.680000000000003], [67.66, 30.690000000000005], [67.66, 30.680000000000003], [67.69, 30.630000000000003], [67.69, 30.6], [67.58, 30.6], [67.54, 30.560000000000002], [67.54, 30.550000000000004], [67.52, 30.53], [67.45, 30.6], [67.36, 30.6], [67.33, 30.580000000000002], [67.32, 30.580000000000002], [67.3, 30.560000000000002], [67.27, 30.550000000000004], [67.25, 30.53], [67.25, 30.520000000000003], [67.23, 30.500000000000004], [67.23, 30.490000000000002], [67.21, 30.470000000000002], [67.21, 30.46], [67.2, 30.450000000000003], [67.12, 30.450000000000003], [67.04, 30.39], [67.01, 30.39], [67.0, 30.400000000000002], [66.97, 30.400000000000002], [66.94, 30.440000000000005], [66.93, 30.470000000000002], [66.91, 30.490000000000002], [66.9, 30.480000000000004], [66.85, 30.480000000000004], [66.83, 30.46], [66.83, 30.450000000000003], [66.79, 30.380000000000003], [66.79, 30.370000000000005], [66.77, 30.340000000000003], [66.77, 30.330000000000002], [66.75, 30.310000000000002], [66.75, 30.300000000000004], [66.71, 30.230000000000004], [66.7, 30.200000000000003], [66.69, 30.190000000000005], [66.63, 30.190000000000005], [66.62, 30.200000000000003], [66.6, 30.200000000000003], [66.57, 30.220000000000002], [66.55, 30.220000000000002], [66.52, 30.240000000000002], [66.48, 30.200000000000003], [66.48, 30.190000000000005], [66.46, 30.17], [66.43, 30.17], [66.42, 30.180000000000003], [66.4, 30.180000000000003], [66.39, 30.190000000000005], [66.36, 30.190000000000005], [66.35, 30.200000000000003], [66.32, 30.17], [66.31, 30.17], [66.26, 30.120000000000005], [66.25, 30.120000000000005]]]}}, {"type": "Feature", "properties": {"na": "NA-199", "src": "commons-1993", "approx": false}, "geometry": {"type": "Polygon", "coordinates": [[[68.22, 30.17], [68.32, 30.17], [68.33, 30.160000000000004], [68.34, 30.17], [68.39, 30.17], [68.4, 30.180000000000003], [68.46, 30.180000000000003], [68.57, 30.300000000000004], [68.54, 30.320000000000004], [68.53, 30.320000000000004], [68.5, 30.340000000000003], [68.49, 30.340000000000003], [68.48, 30.35], [68.47, 30.35], [68.44, 30.370000000000005], [68.43, 30.370000000000005], [68.36, 30.410000000000004], [68.29, 30.440000000000005], [68.28, 30.450000000000003], [68.27, 30.450000000000003], [68.26, 30.46], [68.25, 30.46], [68.25, 30.470000000000002], [68.24, 30.480000000000004], [68.24, 30.51], [68.22, 30.540000000000003], [68.13, 30.540000000000003], [68.12, 30.550000000000004], [68.04, 30.550000000000004], [68.03, 30.560000000000002], [67.98, 30.520000000000003], [67.97, 30.520000000000003], [67.95, 30.500000000000004], [67.86, 30.500000000000004], [67.85, 30.51], [67.78, 30.51], [67.73, 30.570000000000004], [67.73, 30.580000000000002], [67.7, 30.610000000000003], [67.7, 30.620000000000005], [67.83, 30.620000000000005], [67.84, 30.630000000000003], [67.89, 30.64], [67.9, 30.650000000000002], [67.92, 30.650000000000002], [67.93, 30.660000000000004], [67.94, 30.630000000000003], [67.96, 30.610000000000003], [68.13, 30.610000000000003], [68.14, 30.620000000000005], [68.18, 30.590000000000003], [68.19, 30.590000000000003], [68.21, 30.570000000000004], [68.22, 30.570000000000004], [68.24, 30.550000000000004], [68.27, 30.550000000000004], [68.28, 30.560000000000002], [68.3, 30.560000000000002], [68.33, 30.580000000000002], [68.35, 30.580000000000002], [68.36, 30.590000000000003], [68.45, 30.540000000000003], [68.5, 30.540000000000003], [68.51, 30.550000000000004], [68.54, 30.550000000000004], [68.55, 30.560000000000002], [68.59, 30.560000000000002], [68.6, 30.570000000000004], [68.63, 30.570000000000004], [68.64, 30.580000000000002], [68.75, 30.520000000000003], [68.78, 30.520000000000003], [68.79, 30.53], [68.82, 30.53], [68.83, 30.540000000000003], [68.85, 30.540000000000003], [68.86, 30.550000000000004], [68.91, 30.560000000000002], [68.92, 30.570000000000004], [68.95, 30.570000000000004], [68.96000000000001, 30.580000000000002], [68.98, 30.580000000000002], [68.99, 30.590000000000003], [69.01, 30.590000000000003], [69.04, 30.620000000000005], [69.05, 30.620000000000005], [69.1, 30.67], [69.11, 30.67], [69.13, 30.690000000000005], [69.14, 30.690000000000005], [69.22, 30.620000000000005], [69.32, 30.620000000000005], [69.33, 30.610000000000003], [69.34, 30.610000000000003], [69.37, 30.580000000000002], [69.38, 30.580000000000002], [69.41, 30.550000000000004], [69.42, 30.550000000000004], [69.45, 30.520000000000003], [69.46000000000001, 30.520000000000003], [69.49, 30.490000000000002], [69.5, 30.490000000000002], [69.56, 30.440000000000005], [69.57, 30.450000000000003], [69.57, 30.46], [69.53, 30.53], [69.53, 30.540000000000003], [69.52, 30.550000000000004], [69.47, 30.550000000000004], [69.47, 30.560000000000002], [69.53, 30.67], [69.53, 30.71], [69.54, 30.720000000000002], [69.54, 30.750000000000004], [69.65, 30.860000000000003], [69.67, 30.910000000000004], [69.69, 30.930000000000003], [69.69, 30.940000000000005], [69.72, 30.990000000000002], [69.72, 31.03], [69.71000000000001, 31.040000000000003], [69.71000000000001, 31.130000000000003], [69.7, 31.14], [69.7, 31.21], [69.71000000000001, 31.220000000000002], [69.71000000000001, 31.250000000000004], [69.72, 31.26], [69.72, 31.28], [69.76, 31.28], [69.77, 31.290000000000003], [69.83, 31.290000000000003], [69.92, 31.240000000000002], [70.03, 31.310000000000002], [70.03, 31.320000000000004], [70.04, 31.330000000000002], [70.04, 31.35], [70.05, 31.360000000000003], [70.05, 31.380000000000003], [70.07, 31.410000000000004], [70.14, 31.440000000000005], [70.16, 31.46], [70.17, 31.46], [70.26, 31.51], [70.26, 31.46], [70.27, 31.450000000000003], [70.27, 31.310000000000002], [70.26, 31.300000000000004], [70.26, 31.200000000000003], [70.28, 31.17], [70.28, 31.130000000000003], [70.27, 31.120000000000005], [70.27, 31.040000000000003], [70.26, 31.03], [70.26, 30.940000000000005], [70.25, 30.930000000000003], [70.25, 30.880000000000003], [70.23, 30.85], [70.23, 30.830000000000002], [70.22, 30.820000000000004], [70.21000000000001, 30.790000000000003], [70.2, 30.78], [70.19, 30.78], [70.17, 30.76], [70.16, 30.76], [70.14, 30.740000000000002], [70.13, 30.740000000000002], [70.11, 30.720000000000002], [70.1, 30.720000000000002], [70.08, 30.700000000000003], [70.08, 30.6], [70.07, 30.590000000000003], [70.06, 30.560000000000002], [70.04, 30.540000000000003], [70.03, 30.51], [70.01, 30.490000000000002], [70.01, 30.480000000000004], [69.98, 30.430000000000003], [69.98, 30.400000000000002], [69.97, 30.39], [69.97, 30.360000000000003], [69.96000000000001, 30.35], [69.96000000000001, 30.330000000000002], [69.98, 30.310000000000002], [70.01, 30.300000000000004], [70.03, 30.28], [70.06, 30.270000000000003], [69.98, 30.180000000000003], [69.98, 30.130000000000003], [69.97, 30.120000000000005], [69.97, 30.080000000000002], [69.95, 30.050000000000004], [69.95, 30.040000000000003], [69.93, 30.020000000000003], [69.92, 29.990000000000002], [69.88, 29.940000000000005], [69.87, 29.910000000000004], [69.85, 29.89], [69.85, 29.880000000000003], [69.83, 29.860000000000003], [69.83, 29.85], [69.8, 29.820000000000004], [69.8, 29.810000000000002], [69.78, 29.790000000000003], [69.78, 29.78], [69.74, 29.750000000000004], [69.69, 29.730000000000004], [69.67, 29.71], [69.66, 29.71], [69.65, 29.700000000000003], [69.6, 29.700000000000003], [69.59, 29.71], [69.55, 29.71], [69.54, 29.720000000000002], [69.53, 29.71], [69.51, 29.71], [69.5, 29.700000000000003], [69.48, 29.700000000000003], [69.47, 29.690000000000005], [69.44, 29.690000000000005], [69.43, 29.680000000000003], [69.41, 29.680000000000003], [69.4, 29.67], [69.35, 29.660000000000004], [69.34, 29.650000000000002], [69.31, 29.650000000000002], [69.3, 29.64], [69.28, 29.64], [69.27, 29.630000000000003], [69.24, 29.630000000000003], [69.23, 29.64], [69.21000000000001, 29.64], [69.14, 29.680000000000003], [69.12, 29.680000000000003], [69.11, 29.690000000000005], [69.1, 29.690000000000005], [69.07, 29.730000000000004], [69.08, 29.740000000000002], [69.09, 29.740000000000002], [69.11, 29.76], [69.12, 29.76], [69.14, 29.78], [69.15, 29.78], [69.17, 29.800000000000004], [69.18, 29.800000000000004], [69.2, 29.820000000000004], [69.21000000000001, 29.820000000000004], [69.22, 29.830000000000002], [69.24, 29.830000000000002], [69.29, 29.860000000000003], [69.31, 29.860000000000003], [69.34, 29.880000000000003], [69.36, 29.880000000000003], [69.37, 29.89], [69.38, 29.89], [69.48, 30.01], [69.45, 30.03], [69.44, 30.03], [69.42, 30.050000000000004], [69.39, 30.050000000000004], [69.33, 30.01], [69.14, 30.01], [69.13, 30.000000000000004], [69.09, 30.000000000000004], [69.08, 29.990000000000002], [69.05, 29.990000000000002], [69.04, 29.980000000000004], [68.95, 30.03], [68.93, 30.03], [68.92, 30.020000000000003], [68.91, 30.020000000000003], [68.89, 30.000000000000004], [68.84, 29.980000000000004], [68.8, 29.950000000000003], [68.73, 29.950000000000003], [68.72, 29.940000000000005], [68.64, 29.940000000000005], [68.63, 29.930000000000003], [68.56, 29.930000000000003], [68.55, 29.92], [68.53, 29.940000000000005], [68.52, 29.940000000000005], [68.47, 29.980000000000004], [68.46, 29.980000000000004], [68.44, 30.000000000000004], [68.43, 30.000000000000004], [68.41, 30.020000000000003], [68.4, 30.020000000000003], [68.37, 30.050000000000004], [68.36, 30.050000000000004], [68.32, 30.090000000000003], [68.31, 30.090000000000003], [68.27, 30.130000000000003], [68.26, 30.130000000000003], [68.22, 30.17]]]}}, {"type": "Feature", "properties": {"na": "NA-200", "src": "commons-1993", "approx": false}, "geometry": {"type": "Polygon", "coordinates": [[[67.46, 31.240000000000002], [67.47, 31.240000000000002], [67.48, 31.250000000000004], [67.52, 31.250000000000004], [67.53, 31.26], [67.56, 31.26], [67.57, 31.270000000000003], [67.6, 31.270000000000003], [67.67, 31.310000000000002], [67.69, 31.310000000000002], [67.72, 31.330000000000002], [67.73, 31.330000000000002], [67.78, 31.360000000000003], [67.74, 31.42], [67.64, 31.42], [67.63, 31.410000000000004], [67.6, 31.46], [67.57, 31.53], [67.63, 31.53], [67.64, 31.520000000000003], [67.7, 31.520000000000003], [67.71, 31.53], [67.72, 31.53], [67.74, 31.550000000000004], [67.75, 31.550000000000004], [67.81, 31.6], [67.83, 31.6], [67.84, 31.610000000000003], [67.87, 31.610000000000003], [67.88, 31.620000000000005], [67.9, 31.620000000000005], [67.91, 31.630000000000003], [67.93, 31.630000000000003], [67.96, 31.650000000000002], [67.97, 31.650000000000002], [68.02, 31.680000000000003], [68.05, 31.690000000000005], [68.17, 31.820000000000004], [68.18, 31.810000000000002], [68.21, 31.800000000000004], [68.23, 31.78], [68.26, 31.770000000000003], [68.29, 31.750000000000004], [68.46, 31.750000000000004], [68.47, 31.76], [68.48, 31.76], [68.56, 31.830000000000002], [68.59, 31.810000000000002], [68.61, 31.810000000000002], [68.64, 31.790000000000003], [68.65, 31.790000000000003], [68.66, 31.78], [68.68, 31.78], [68.69, 31.770000000000003], [68.7, 31.770000000000003], [68.7, 31.740000000000002], [68.71000000000001, 31.730000000000004], [68.71000000000001, 31.700000000000003], [68.81, 31.610000000000003], [68.91, 31.610000000000003], [68.98, 31.650000000000002], [69.0, 31.650000000000002], [69.07, 31.690000000000005], [69.1, 31.700000000000003], [69.12, 31.720000000000002], [69.13, 31.750000000000004], [69.16, 31.790000000000003], [69.18, 31.840000000000003], [69.32, 31.96], [69.41, 31.96], [69.42, 31.970000000000002], [69.51, 31.970000000000002], [69.52, 31.980000000000004], [69.54, 31.96], [69.55, 31.96], [69.68, 32.080000000000005], [69.73, 32.080000000000005], [69.74, 32.09], [69.79, 32.09], [69.8, 32.1], [69.83, 32.1], [69.83, 32.09], [69.79, 32.03], [69.84, 32.0], [69.87, 31.990000000000002], [69.84, 31.900000000000002], [69.85, 31.89], [69.95, 31.89], [69.95, 31.820000000000004], [69.94, 31.810000000000002], [69.94, 31.64], [69.93, 31.630000000000003], [69.93, 31.550000000000004], [69.94, 31.540000000000003], [70.01, 31.51], [70.01, 31.500000000000004], [70.02, 31.490000000000002], [70.02, 31.470000000000002], [70.04, 31.440000000000005], [70.04, 31.42], [70.05, 31.410000000000004], [70.05, 31.39], [70.04, 31.380000000000003], [70.04, 31.360000000000003], [70.03, 31.35], [70.03, 31.330000000000002], [70.02, 31.320000000000004], [70.02, 31.310000000000002], [70.01, 31.310000000000002], [69.99, 31.290000000000003], [69.96000000000001, 31.28], [69.92, 31.250000000000004], [69.83, 31.300000000000004], [69.77, 31.300000000000004], [69.76, 31.290000000000003], [69.72, 31.290000000000003], [69.71000000000001, 31.28], [69.71000000000001, 31.26], [69.7, 31.250000000000004], [69.7, 31.220000000000002], [69.69, 31.21], [69.69, 31.14], [69.7, 31.130000000000003], [69.7, 31.040000000000003], [69.71000000000001, 31.03], [69.71000000000001, 30.990000000000002], [69.69, 30.96], [69.68, 30.930000000000003], [69.66, 30.910000000000004], [69.64, 30.860000000000003], [69.53, 30.750000000000004], [69.53, 30.720000000000002], [69.52, 30.71], [69.52, 30.67], [69.46000000000001, 30.560000000000002], [69.46000000000001, 30.550000000000004], [69.47, 30.540000000000003], [69.52, 30.540000000000003], [69.52, 30.53], [69.54, 30.500000000000004], [69.56, 30.450000000000003], [69.5, 30.500000000000004], [69.49, 30.500000000000004], [69.46000000000001, 30.53], [69.45, 30.53], [69.42, 30.560000000000002], [69.41, 30.560000000000002], [69.38, 30.590000000000003], [69.37, 30.590000000000003], [69.34, 30.620000000000005], [69.33, 30.620000000000005], [69.32, 30.630000000000003], [69.22, 30.630000000000003], [69.14, 30.700000000000003], [69.13, 30.700000000000003], [69.11, 30.680000000000003], [69.1, 30.680000000000003], [69.05, 30.630000000000003], [69.04, 30.630000000000003], [69.01, 30.6], [68.99, 30.6], [68.98, 30.590000000000003], [68.96000000000001, 30.590000000000003], [68.95, 30.580000000000002], [68.92, 30.580000000000002], [68.91, 30.570000000000004], [68.89, 30.570000000000004], [68.88, 30.560000000000002], [68.83, 30.550000000000004], [68.82, 30.540000000000003], [68.79, 30.540000000000003], [68.78, 30.53], [68.75, 30.53], [68.64, 30.590000000000003], [68.63, 30.580000000000002], [68.6, 30.580000000000002], [68.59, 30.570000000000004], [68.55, 30.570000000000004], [68.54, 30.560000000000002], [68.51, 30.560000000000002], [68.5, 30.550000000000004], [68.45, 30.550000000000004], [68.36, 30.6], [68.35, 30.590000000000003], [68.33, 30.590000000000003], [68.3, 30.570000000000004], [68.28, 30.570000000000004], [68.27, 30.560000000000002], [68.24, 30.560000000000002], [68.22, 30.580000000000002], [68.21, 30.580000000000002], [68.19, 30.6], [68.18, 30.6], [68.14, 30.630000000000003], [68.13, 30.620000000000005], [67.96, 30.620000000000005], [67.93, 30.67], [67.92, 30.660000000000004], [67.9, 30.660000000000004], [67.89, 30.650000000000002], [67.87, 30.650000000000002], [67.86, 30.64], [67.84, 30.64], [67.83, 30.630000000000003], [67.7, 30.630000000000003], [67.66, 30.700000000000003], [67.65, 30.690000000000005], [67.49, 30.690000000000005], [67.49, 30.770000000000003], [67.48, 30.78], [67.48, 30.880000000000003], [67.52, 30.880000000000003], [67.53, 30.89], [67.57, 30.89], [67.65, 30.96], [67.66, 30.96], [67.7, 31.000000000000004], [67.71, 31.000000000000004], [67.78, 31.070000000000004], [67.78, 31.080000000000002], [67.82, 31.120000000000005], [67.81, 31.130000000000003], [67.77, 31.130000000000003], [67.76, 31.14], [67.73, 31.14], [67.72, 31.150000000000002], [67.68, 31.150000000000002], [67.67, 31.160000000000004], [67.64, 31.160000000000004], [67.63, 31.17], [67.59, 31.17], [67.58, 31.180000000000003], [67.57, 31.180000000000003], [67.46, 31.240000000000002]]]}}, {"type": "Feature", "properties": {"na": "NA-201", "src": "commons-1993", "approx": false}, "geometry": {"type": "Polygon", "coordinates": [[[67.2, 29.970000000000002], [67.23, 29.970000000000002], [67.24, 29.96], [67.24, 29.950000000000003], [67.27, 29.92], [67.38, 29.92], [67.41, 29.900000000000002], [67.42, 29.900000000000002], [67.42, 29.89], [67.44, 29.860000000000003], [67.44, 29.840000000000003], [67.46, 29.810000000000002], [67.47, 29.76], [67.5, 29.71], [67.51, 29.71], [67.52, 29.700000000000003], [67.54, 29.700000000000003], [67.61, 29.660000000000004], [67.63, 29.660000000000004], [67.7, 29.620000000000005], [67.72, 29.620000000000005], [67.75, 29.6], [67.76, 29.6], [67.76, 29.590000000000003], [67.77, 29.580000000000002], [67.77, 29.560000000000002], [67.78, 29.550000000000004], [67.78, 29.520000000000003], [67.79, 29.51], [67.79, 29.490000000000002], [67.8, 29.480000000000004], [67.8, 29.470000000000002], [67.86, 29.430000000000003], [67.86, 29.340000000000003], [67.87, 29.330000000000002], [67.88, 29.340000000000003], [67.9, 29.340000000000003], [67.93, 29.360000000000003], [67.95, 29.360000000000003], [67.96, 29.370000000000005], [67.97, 29.370000000000005], [67.97, 29.14], [67.96, 29.130000000000003], [67.95, 29.1], [67.92, 29.1], [67.91, 29.110000000000003], [67.89, 29.110000000000003], [67.88, 29.120000000000005], [67.85, 29.120000000000005], [67.84, 29.130000000000003], [67.81, 29.130000000000003], [67.8, 29.14], [67.78, 29.14], [67.77, 29.150000000000002], [67.74, 29.150000000000002], [67.73, 29.160000000000004], [67.72, 29.150000000000002], [67.72, 29.130000000000003], [67.73, 29.120000000000005], [67.73, 29.090000000000003], [67.72, 29.080000000000002], [67.7, 29.03], [67.68, 29.000000000000004], [67.68, 28.990000000000002], [67.64, 28.92], [67.64, 28.900000000000002], [67.67, 28.85], [67.67, 28.830000000000002], [67.69, 28.800000000000004], [67.69, 28.78], [67.71, 28.750000000000004], [67.72, 28.700000000000003], [67.74, 28.67], [67.74, 28.650000000000002], [67.76, 28.620000000000005], [67.76, 28.590000000000003], [67.77, 28.580000000000002], [67.77, 28.550000000000004], [67.76, 28.540000000000003], [67.76, 28.520000000000003], [67.75, 28.510000000000005], [67.75, 28.480000000000004], [67.74, 28.470000000000002], [67.73, 28.42], [67.74, 28.410000000000004], [67.74, 28.380000000000003], [67.75, 28.370000000000005], [67.75, 28.340000000000003], [67.76, 28.330000000000002], [67.76, 28.310000000000002], [67.77, 28.300000000000004], [67.77, 28.270000000000003], [67.78, 28.260000000000005], [67.78, 28.230000000000004], [67.79, 28.220000000000002], [67.79, 28.21], [67.78, 28.21], [67.77, 28.200000000000003], [67.72, 28.190000000000005], [67.71, 28.180000000000003], [67.69, 28.180000000000003], [67.68, 28.17], [67.66, 28.17], [67.65, 28.160000000000004], [67.63, 28.160000000000004], [67.62, 28.150000000000002], [67.62, 28.130000000000003], [67.63, 28.120000000000005], [67.63, 28.090000000000003], [67.64, 28.080000000000002], [67.64, 28.050000000000004], [67.65, 28.040000000000003], [67.65, 28.010000000000005], [67.66, 28.0], [67.66, 27.970000000000002], [67.67, 27.96], [67.67, 27.950000000000003], [67.66, 27.940000000000005], [67.61, 27.940000000000005], [67.6, 27.930000000000003], [67.55, 27.930000000000003], [67.54, 27.92], [67.48, 27.92], [67.47, 27.910000000000004], [67.41, 27.910000000000004], [67.4, 27.92], [67.4, 28.240000000000002], [67.38, 28.270000000000003], [67.38, 28.290000000000003], [67.36, 28.32], [67.36, 28.340000000000003], [67.35, 28.35], [67.35, 28.370000000000005], [67.33, 28.400000000000002], [67.33, 28.410000000000004], [67.27, 28.46], [67.26, 28.46], [67.23, 28.490000000000002], [67.22, 28.490000000000002], [67.21, 28.5], [67.21, 28.53], [67.22, 28.540000000000003], [67.22, 28.610000000000003], [67.23, 28.620000000000005], [67.23, 28.680000000000003], [67.24, 28.690000000000005], [67.24, 28.730000000000004], [67.25, 28.740000000000002], [67.25, 28.770000000000003], [67.26, 28.78], [67.26, 28.800000000000004], [67.27, 28.810000000000002], [67.27, 28.840000000000003], [67.28, 28.85], [67.28, 28.860000000000003], [67.29, 28.860000000000003], [67.31, 28.880000000000003], [67.32, 28.880000000000003], [67.33, 28.89], [67.33, 28.900000000000002], [67.34, 28.910000000000004], [67.34, 28.930000000000003], [67.36, 28.96], [67.36, 28.980000000000004], [67.37, 28.990000000000002], [67.37, 29.010000000000005], [67.39, 29.040000000000003], [67.39, 29.060000000000002], [67.4, 29.07], [67.4, 29.090000000000003], [67.43, 29.14], [67.46, 29.21], [67.47, 29.220000000000002], [67.47, 29.250000000000004], [67.46, 29.26], [67.46, 29.330000000000002], [67.45, 29.340000000000003], [67.45, 29.380000000000003], [67.43, 29.400000000000002], [67.42, 29.400000000000002], [67.4, 29.42], [67.39, 29.42], [67.37, 29.440000000000005], [67.36, 29.440000000000005], [67.35, 29.450000000000003], [67.35, 29.46], [67.34, 29.470000000000002], [67.34, 29.500000000000004], [67.33, 29.51], [67.33, 29.53], [67.32, 29.540000000000003], [67.31, 29.53], [67.14, 29.53], [67.15, 29.540000000000003], [67.15, 29.550000000000004], [67.19, 29.590000000000003], [67.19, 29.6], [67.22, 29.630000000000003], [67.22, 29.64], [67.26, 29.680000000000003], [67.26, 29.690000000000005], [67.28, 29.71], [67.22, 29.76], [67.21, 29.76], [67.17, 29.800000000000004], [67.16, 29.800000000000004], [67.15, 29.810000000000002], [67.15, 29.840000000000003], [67.14, 29.85], [67.14, 29.910000000000004], [67.13, 29.92], [67.13, 29.950000000000003], [67.16, 29.950000000000003], [67.17, 29.96], [67.19, 29.96], [67.2, 29.970000000000002]]]}}, {"type": "Feature", "properties": {"na": "NA-202", "src": "commons-1993", "approx": false}, "geometry": {"type": "Polygon", "coordinates": [[[67.7, 30.6], [67.75, 30.540000000000003], [67.75, 30.53], [67.78, 30.500000000000004], [67.85, 30.500000000000004], [67.86, 30.490000000000002], [67.95, 30.490000000000002], [68.0, 30.53], [68.01, 30.53], [68.03, 30.550000000000004], [68.04, 30.540000000000003], [68.12, 30.540000000000003], [68.13, 30.53], [68.22, 30.53], [68.22, 30.520000000000003], [68.23, 30.51], [68.23, 30.480000000000004], [68.25, 30.450000000000003], [68.26, 30.450000000000003], [68.27, 30.440000000000005], [68.34, 30.410000000000004], [68.39, 30.380000000000003], [68.4, 30.380000000000003], [68.49, 30.330000000000002], [68.54, 30.310000000000002], [68.55, 30.300000000000004], [68.56, 30.300000000000004], [68.46, 30.190000000000005], [68.4, 30.190000000000005], [68.39, 30.180000000000003], [68.34, 30.180000000000003], [68.33, 30.17], [68.32, 30.180000000000003], [68.21, 30.180000000000003], [68.2, 30.17], [68.21, 30.160000000000004], [68.22, 30.160000000000004], [68.26, 30.120000000000005], [68.27, 30.120000000000005], [68.31, 30.080000000000002], [68.32, 30.080000000000002], [68.36, 30.040000000000003], [68.37, 30.040000000000003], [68.4, 30.01], [68.41, 30.01], [68.43, 29.990000000000002], [68.44, 29.990000000000002], [68.46, 29.970000000000002], [68.47, 29.970000000000002], [68.49, 29.950000000000003], [68.5, 29.950000000000003], [68.52, 29.930000000000003], [68.53, 29.930000000000003], [68.55, 29.910000000000004], [68.56, 29.92], [68.63, 29.92], [68.64, 29.930000000000003], [68.72, 29.930000000000003], [68.73, 29.940000000000005], [68.8, 29.940000000000005], [68.84, 29.970000000000002], [68.89, 29.990000000000002], [68.91, 30.01], [68.92, 30.01], [68.93, 30.020000000000003], [68.95, 30.020000000000003], [69.04, 29.970000000000002], [69.05, 29.980000000000004], [69.08, 29.980000000000004], [69.09, 29.990000000000002], [69.13, 29.990000000000002], [69.14, 30.000000000000004], [69.33, 30.000000000000004], [69.39, 30.040000000000003], [69.42, 30.040000000000003], [69.44, 30.020000000000003], [69.47, 30.01], [69.38, 29.900000000000002], [69.37, 29.900000000000002], [69.36, 29.89], [69.34, 29.89], [69.31, 29.870000000000005], [69.29, 29.870000000000005], [69.24, 29.840000000000003], [69.22, 29.840000000000003], [69.21000000000001, 29.830000000000002], [69.2, 29.830000000000002], [69.18, 29.810000000000002], [69.17, 29.810000000000002], [69.15, 29.790000000000003], [69.14, 29.790000000000003], [69.09, 29.750000000000004], [69.08, 29.750000000000004], [69.06, 29.730000000000004], [69.07, 29.720000000000002], [69.07, 29.71], [69.1, 29.680000000000003], [69.11, 29.680000000000003], [69.12, 29.67], [69.14, 29.67], [69.21000000000001, 29.630000000000003], [69.23, 29.630000000000003], [69.24, 29.620000000000005], [69.27, 29.620000000000005], [69.28, 29.630000000000003], [69.3, 29.630000000000003], [69.31, 29.64], [69.34, 29.64], [69.35, 29.650000000000002], [69.37, 29.650000000000002], [69.38, 29.660000000000004], [69.4, 29.660000000000004], [69.41, 29.67], [69.43, 29.67], [69.44, 29.680000000000003], [69.47, 29.680000000000003], [69.48, 29.690000000000005], [69.5, 29.690000000000005], [69.51, 29.700000000000003], [69.53, 29.700000000000003], [69.54, 29.71], [69.55, 29.700000000000003], [69.59, 29.700000000000003], [69.6, 29.690000000000005], [69.63, 29.690000000000005], [69.58, 29.630000000000003], [69.58, 29.610000000000003], [69.57, 29.6], [69.57, 29.550000000000004], [69.56, 29.540000000000003], [69.56, 29.490000000000002], [69.55, 29.480000000000004], [69.55, 29.46], [69.65, 29.370000000000005], [69.62, 29.320000000000004], [69.67, 29.28], [69.68, 29.28], [69.71000000000001, 29.250000000000004], [69.72, 29.250000000000004], [69.73, 29.240000000000002], [69.73, 29.230000000000004], [69.72, 29.220000000000002], [69.72, 29.190000000000005], [69.71000000000001, 29.180000000000003], [69.71000000000001, 29.150000000000002], [69.7, 29.14], [69.7, 29.110000000000003], [69.69, 29.1], [69.69, 29.090000000000003], [69.68, 29.090000000000003], [69.67, 29.080000000000002], [69.65, 29.080000000000002], [69.55, 28.950000000000003], [69.54, 28.950000000000003], [69.52, 28.930000000000003], [69.51, 28.930000000000003], [69.47, 28.900000000000002], [69.49, 28.85], [69.5, 28.840000000000003], [69.5, 28.82], [69.51, 28.810000000000002], [69.52, 28.78], [69.5, 28.750000000000004], [69.5, 28.740000000000002], [69.48, 28.720000000000002], [69.47, 28.690000000000005], [69.43, 28.64], [69.42, 28.610000000000003], [69.39, 28.590000000000003], [69.37, 28.590000000000003], [69.34, 28.57], [69.32, 28.57], [69.31, 28.560000000000002], [69.31, 28.550000000000004], [69.32, 28.540000000000003], [69.32, 28.520000000000003], [69.34, 28.490000000000002], [69.34, 28.470000000000002], [69.35, 28.46], [69.04, 28.46], [69.03, 28.470000000000002], [68.95, 28.470000000000002], [68.94, 28.480000000000004], [68.87, 28.480000000000004], [68.86, 28.490000000000002], [68.78, 28.490000000000002], [68.75, 28.510000000000005], [68.74, 28.510000000000005], [68.65, 28.560000000000002], [68.62, 28.57], [68.6, 28.590000000000003], [68.57, 28.6], [68.5, 28.64], [68.49, 28.64], [68.48, 28.650000000000002], [68.47, 28.650000000000002], [68.45, 28.680000000000003], [68.45, 28.720000000000002], [68.44, 28.730000000000004], [68.44, 28.82], [68.43, 28.830000000000002], [68.43, 28.92], [68.42, 28.930000000000003], [68.42, 28.980000000000004], [68.4, 29.010000000000005], [68.4, 29.03], [68.38, 29.060000000000002], [68.37, 29.050000000000004], [68.32, 29.03], [68.31, 29.020000000000003], [68.29, 29.020000000000003], [68.24, 28.990000000000002], [68.24, 28.96], [68.23, 28.950000000000003], [68.23, 28.900000000000002], [68.22, 28.89], [68.22, 28.860000000000003], [68.2, 28.860000000000003], [68.17, 28.840000000000003], [68.15, 28.840000000000003], [68.12, 28.82], [68.07, 28.810000000000002], [68.04, 28.790000000000003], [68.02, 28.790000000000003], [68.01, 28.78], [68.01, 28.730000000000004], [67.99, 28.730000000000004], [67.96, 28.71], [67.91, 28.700000000000003], [67.9, 28.690000000000005], [67.89, 28.690000000000005], [67.88, 28.680000000000003], [67.86, 28.680000000000003], [67.85, 28.67], [67.86, 28.620000000000005], [67.77, 28.620000000000005], [67.76, 28.630000000000003], [67.76, 28.64], [67.75, 28.650000000000002], [67.75, 28.67], [67.73, 28.700000000000003], [67.73, 28.720000000000002], [67.72, 28.730000000000004], [67.72, 28.750000000000004], [67.7, 28.78], [67.7, 28.800000000000004], [67.68, 28.830000000000002], [67.68, 28.85], [67.65, 28.900000000000002], [67.65, 28.92], [67.66, 28.930000000000003], [67.66, 28.940000000000005], [67.71, 29.03], [67.71, 29.040000000000003], [67.74, 29.090000000000003], [67.74, 29.120000000000005], [67.73, 29.130000000000003], [67.73, 29.150000000000002], [67.74, 29.14], [67.77, 29.14], [67.78, 29.130000000000003], [67.8, 29.130000000000003], [67.81, 29.120000000000005], [67.84, 29.120000000000005], [67.85, 29.110000000000003], [67.88, 29.110000000000003], [67.89, 29.1], [67.91, 29.1], [67.92, 29.090000000000003], [67.95, 29.090000000000003], [67.96, 29.1], [67.96, 29.110000000000003], [67.98, 29.14], [67.98, 29.370000000000005], [67.97, 29.380000000000003], [67.96, 29.380000000000003], [67.95, 29.370000000000005], [67.93, 29.370000000000005], [67.92, 29.360000000000003], [67.91, 29.360000000000003], [67.9, 29.35], [67.88, 29.35], [67.87, 29.340000000000003], [67.87, 29.430000000000003], [67.85, 29.450000000000003], [67.84, 29.450000000000003], [67.82, 29.470000000000002], [67.81, 29.470000000000002], [67.81, 29.480000000000004], [67.8, 29.490000000000002], [67.8, 29.51], [67.79, 29.520000000000003], [67.79, 29.550000000000004], [67.78, 29.560000000000002], [67.78, 29.580000000000002], [67.77, 29.590000000000003], [67.77, 29.6], [67.72, 29.630000000000003], [67.7, 29.630000000000003], [67.63, 29.67], [67.61, 29.67], [67.54, 29.71], [67.52, 29.71], [67.51, 29.720000000000002], [67.5, 29.720000000000002], [67.5, 29.730000000000004], [67.48, 29.76], [67.48, 29.78], [67.47, 29.790000000000003], [67.47, 29.810000000000002], [67.45, 29.840000000000003], [67.45, 29.860000000000003], [67.44, 29.870000000000005], [67.43, 29.900000000000002], [67.42, 29.910000000000004], [67.37, 29.930000000000003], [67.37, 29.950000000000003], [67.36, 29.96], [67.36, 29.990000000000002], [67.35, 30.000000000000004], [67.35, 30.01], [67.36, 30.01], [67.38, 30.03], [67.39, 30.03], [67.44, 30.070000000000004], [67.44, 30.080000000000002], [67.43, 30.090000000000003], [67.43, 30.14], [67.42, 30.150000000000002], [67.42, 30.180000000000003], [67.41, 30.190000000000005], [67.37, 30.190000000000005], [67.36, 30.200000000000003], [67.33, 30.200000000000003], [67.32, 30.21], [67.28, 30.21], [67.28, 30.270000000000003], [67.29, 30.28], [67.29, 30.330000000000002], [67.27, 30.35], [67.22, 30.360000000000003], [67.21, 30.370000000000005], [67.19, 30.370000000000005], [67.19, 30.380000000000003], [67.2, 30.39], [67.2, 30.42], [67.21, 30.430000000000003], [67.21, 30.450000000000003], [67.24, 30.490000000000002], [67.24, 30.500000000000004], [67.26, 30.520000000000003], [67.26, 30.53], [67.36, 30.590000000000003], [67.45, 30.590000000000003], [67.52, 30.520000000000003], [67.58, 30.590000000000003], [67.69, 30.590000000000003], [67.7, 30.6]]]}}, {"type": "Feature", "properties": {"na": "NA-203", "src": "commons-1997", "approx": false}, "geometry": {"type": "Polygon", "coordinates": [[[68.38, 29.050000000000004], [68.38, 29.040000000000003], [68.39, 29.03], [68.39, 29.010000000000005], [68.41, 28.980000000000004], [68.41, 28.930000000000003], [68.42, 28.92], [68.42, 28.830000000000002], [68.43, 28.82], [68.43, 28.730000000000004], [68.44, 28.720000000000002], [68.44, 28.680000000000003], [68.47, 28.64], [68.48, 28.64], [68.49, 28.630000000000003], [68.5, 28.630000000000003], [68.55, 28.6], [68.6, 28.580000000000002], [68.62, 28.560000000000002], [68.65, 28.550000000000004], [68.7, 28.520000000000003], [68.71000000000001, 28.520000000000003], [68.78, 28.480000000000004], [68.86, 28.480000000000004], [68.87, 28.470000000000002], [68.94, 28.470000000000002], [68.95, 28.46], [69.03, 28.46], [69.04, 28.450000000000003], [69.02, 28.450000000000003], [69.01, 28.440000000000005], [68.92, 28.440000000000005], [68.91, 28.430000000000003], [68.9, 28.440000000000005], [68.73, 28.440000000000005], [68.72, 28.430000000000003], [68.7, 28.430000000000003], [68.69, 28.440000000000005], [68.49, 28.440000000000005], [68.48, 28.430000000000003], [68.46, 28.430000000000003], [68.45, 28.42], [68.44, 28.42], [68.4, 28.380000000000003], [68.4, 28.370000000000005], [68.35, 28.310000000000002], [68.34, 28.310000000000002], [68.31, 28.28], [68.3, 28.28], [68.29, 28.270000000000003], [68.25, 28.270000000000003], [68.24, 28.260000000000005], [68.21, 28.260000000000005], [68.18, 28.230000000000004], [68.17, 28.230000000000004], [68.11, 28.17], [68.1, 28.17], [68.07, 28.14], [68.06, 28.14], [68.04, 28.120000000000005], [68.03, 28.120000000000005], [67.92, 28.010000000000005], [67.91, 28.010000000000005], [67.9, 28.0], [67.87, 28.0], [67.86, 27.990000000000002], [67.83, 27.990000000000002], [67.82, 27.980000000000004], [67.79, 27.980000000000004], [67.78, 27.970000000000002], [67.75, 27.970000000000002], [67.74, 27.96], [67.71, 27.96], [67.7, 27.950000000000003], [67.68, 27.950000000000003], [67.68, 27.96], [67.67, 27.970000000000002], [67.67, 28.0], [67.66, 28.010000000000005], [67.66, 28.040000000000003], [67.65, 28.050000000000004], [67.65, 28.080000000000002], [67.64, 28.090000000000003], [67.64, 28.120000000000005], [67.63, 28.130000000000003], [67.63, 28.150000000000002], [67.65, 28.150000000000002], [67.66, 28.160000000000004], [67.68, 28.160000000000004], [67.69, 28.17], [67.74, 28.180000000000003], [67.75, 28.190000000000005], [67.77, 28.190000000000005], [67.8, 28.21], [67.8, 28.220000000000002], [67.79, 28.230000000000004], [67.79, 28.260000000000005], [67.78, 28.270000000000003], [67.78, 28.300000000000004], [67.77, 28.310000000000002], [67.77, 28.330000000000002], [67.76, 28.340000000000003], [67.76, 28.370000000000005], [67.75, 28.380000000000003], [67.75, 28.410000000000004], [67.74, 28.42], [67.74, 28.440000000000005], [67.75, 28.450000000000003], [67.75, 28.470000000000002], [67.76, 28.480000000000004], [67.76, 28.510000000000005], [67.77, 28.520000000000003], [67.77, 28.540000000000003], [67.78, 28.550000000000004], [67.78, 28.580000000000002], [67.77, 28.590000000000003], [67.77, 28.610000000000003], [67.86, 28.610000000000003], [67.87, 28.620000000000005], [67.86, 28.67], [67.88, 28.67], [67.91, 28.690000000000005], [67.93, 28.690000000000005], [67.94, 28.700000000000003], [67.96, 28.700000000000003], [67.99, 28.720000000000002], [68.01, 28.720000000000002], [68.02, 28.730000000000004], [68.02, 28.78], [68.04, 28.78], [68.07, 28.800000000000004], [68.12, 28.810000000000002], [68.15, 28.830000000000002], [68.17, 28.830000000000002], [68.2, 28.85], [68.22, 28.85], [68.23, 28.860000000000003], [68.23, 28.89], [68.24, 28.900000000000002], [68.24, 28.950000000000003], [68.25, 28.96], [68.25, 28.990000000000002], [68.26, 28.990000000000002], [68.29, 29.010000000000005], [68.31, 29.010000000000005], [68.38, 29.050000000000004]]]}}, {"type": "Feature", "properties": {"na": "NA-204", "src": "commons-1993", "approx": false}, "geometry": {"type": "Polygon", "coordinates": [[[66.27, 29.870000000000005], [66.34, 29.870000000000005], [66.35, 29.860000000000003], [66.42, 29.860000000000003], [66.43, 29.85], [66.46, 29.840000000000003], [66.5, 29.810000000000002], [66.52, 29.830000000000002], [66.55, 29.900000000000002], [66.57, 29.92], [66.59, 29.970000000000002], [66.61, 29.990000000000002], [66.64, 30.060000000000002], [66.66, 30.080000000000002], [66.66, 30.090000000000003], [66.69, 30.14], [66.73, 30.14], [66.74, 30.130000000000003], [66.75, 30.130000000000003], [66.83, 30.060000000000002], [66.88, 30.060000000000002], [66.89, 30.050000000000004], [66.93, 30.050000000000004], [66.93, 30.040000000000003], [66.94, 30.03], [66.94, 30.01], [66.96, 29.980000000000004], [66.99, 29.980000000000004], [67.0, 29.970000000000002], [67.03, 29.970000000000002], [67.04, 29.96], [67.07, 29.96], [67.08, 29.950000000000003], [67.11, 29.950000000000003], [67.12, 29.940000000000005], [67.12, 29.92], [67.13, 29.910000000000004], [67.13, 29.85], [67.14, 29.840000000000003], [67.14, 29.810000000000002], [67.16, 29.790000000000003], [67.17, 29.790000000000003], [67.21, 29.750000000000004], [67.22, 29.750000000000004], [67.25, 29.720000000000002], [67.26, 29.720000000000002], [67.27, 29.71], [67.25, 29.690000000000005], [67.25, 29.680000000000003], [67.21, 29.64], [67.21, 29.630000000000003], [67.14, 29.550000000000004], [67.14, 29.540000000000003], [67.13, 29.53], [67.14, 29.520000000000003], [67.31, 29.520000000000003], [67.32, 29.53], [67.32, 29.51], [67.33, 29.500000000000004], [67.33, 29.470000000000002], [67.34, 29.46], [67.34, 29.450000000000003], [67.36, 29.430000000000003], [67.37, 29.430000000000003], [67.39, 29.410000000000004], [67.4, 29.410000000000004], [67.42, 29.39], [67.43, 29.39], [67.44, 29.380000000000003], [67.44, 29.340000000000003], [67.45, 29.330000000000002], [67.45, 29.26], [67.46, 29.250000000000004], [67.46, 29.220000000000002], [67.41, 29.130000000000003], [67.4, 29.1], [67.39, 29.090000000000003], [67.38, 29.040000000000003], [67.36, 29.010000000000005], [67.36, 28.990000000000002], [67.35, 28.980000000000004], [67.35, 28.96], [67.33, 28.930000000000003], [67.33, 28.910000000000004], [67.32, 28.900000000000002], [67.32, 28.89], [67.31, 28.89], [67.29, 28.870000000000005], [67.27, 28.870000000000005], [67.26, 28.860000000000003], [67.15, 28.860000000000003], [67.14, 28.85], [67.02, 28.85], [67.01, 28.840000000000003], [66.9, 28.840000000000003], [66.89, 28.830000000000002], [66.77, 28.830000000000002], [66.75, 28.810000000000002], [66.75, 28.800000000000004], [66.73, 28.78], [66.73, 28.770000000000003], [66.69, 28.720000000000002], [66.68, 28.690000000000005], [66.66, 28.67], [66.66, 28.660000000000004], [66.64, 28.64], [66.64, 28.630000000000003], [66.62, 28.610000000000003], [66.62, 28.6], [66.61, 28.590000000000003], [66.58, 28.590000000000003], [66.57, 28.580000000000002], [66.55, 28.580000000000002], [66.54, 28.57], [66.51, 28.57], [66.49, 28.550000000000004], [66.49, 28.540000000000003], [66.47, 28.520000000000003], [66.47, 28.510000000000005], [66.44, 28.480000000000004], [66.44, 28.470000000000002], [66.41, 28.430000000000003], [66.44, 28.39], [66.44, 28.380000000000003], [66.46, 28.360000000000003], [66.47, 28.330000000000002], [66.5, 28.290000000000003], [66.5, 28.230000000000004], [66.49, 28.220000000000002], [66.49, 28.17], [66.48, 28.17], [66.47, 28.160000000000004], [66.45, 28.160000000000004], [66.38, 28.120000000000005], [66.36, 28.120000000000005], [66.29, 28.080000000000002], [66.27, 28.080000000000002], [66.26, 28.07], [66.25, 28.07], [66.12, 27.970000000000002], [66.07, 27.970000000000002], [66.06, 27.96], [66.02, 27.96], [66.01, 27.950000000000003], [65.97, 27.950000000000003], [65.8, 27.82], [65.79, 27.790000000000003], [65.77, 27.760000000000005], [65.77, 27.75], [65.71, 27.64], [65.7, 27.610000000000003], [65.69, 27.6], [65.69, 27.580000000000002], [65.7, 27.57], [65.7, 27.550000000000004], [65.71, 27.540000000000003], [65.71, 27.53], [65.59, 27.42], [65.58, 27.39], [65.57, 27.380000000000003], [65.56, 27.330000000000002], [65.54, 27.300000000000004], [65.54, 27.28], [65.53, 27.270000000000003], [65.52, 27.240000000000002], [65.49, 27.21], [65.49, 27.200000000000003], [65.47, 27.180000000000003], [65.47, 27.17], [65.45, 27.150000000000002], [65.45, 27.14], [65.42, 27.110000000000003], [65.42, 27.1], [65.4, 27.080000000000002], [65.4, 27.07], [65.38, 27.050000000000004], [65.38, 27.040000000000003], [65.35, 27.010000000000005], [65.35, 27.0], [65.34, 26.990000000000002], [65.34, 26.950000000000003], [65.33, 26.940000000000005], [65.33, 26.900000000000002], [65.29, 26.900000000000002], [65.28, 26.89], [65.27, 26.900000000000002], [65.27, 26.910000000000004], [65.24, 26.940000000000005], [65.24, 26.950000000000003], [65.22, 26.970000000000002], [65.22, 26.980000000000004], [65.17, 27.040000000000003], [65.08, 27.040000000000003], [65.08, 27.050000000000004], [65.07, 27.060000000000002], [65.07, 27.07], [65.02, 27.160000000000004], [65.02, 27.17], [65.0, 27.190000000000005], [64.96, 27.160000000000004], [64.91, 27.14], [64.87, 27.110000000000003], [64.82, 27.090000000000003], [64.8, 27.07], [64.75, 27.050000000000004], [64.73, 27.03], [64.72, 27.03], [64.69, 27.010000000000005], [64.68, 27.020000000000003], [64.65, 27.03], [64.63, 27.050000000000004], [64.58, 27.07], [64.55, 27.090000000000003], [64.54, 27.090000000000003], [64.52, 27.110000000000003], [64.49, 27.120000000000005], [64.49, 27.190000000000005], [64.47, 27.220000000000002], [64.47, 27.230000000000004], [64.42, 27.290000000000003], [64.35, 27.260000000000005], [64.31, 27.230000000000004], [64.3, 27.230000000000004], [64.26, 27.190000000000005], [64.25, 27.190000000000005], [64.21, 27.150000000000002], [64.2, 27.150000000000002], [64.12, 27.080000000000002], [64.11, 27.090000000000003], [63.99, 27.090000000000003], [63.94, 27.130000000000003], [63.93, 27.130000000000003], [63.91, 27.150000000000002], [63.9, 27.150000000000002], [63.82, 27.260000000000005], [63.79, 27.260000000000005], [63.78, 27.25], [63.75, 27.25], [63.74, 27.240000000000002], [63.65, 27.240000000000002], [63.64, 27.230000000000004], [63.57, 27.230000000000004], [63.56, 27.220000000000002], [63.5, 27.220000000000002], [63.49, 27.21], [63.42, 27.21], [63.41, 27.200000000000003], [63.4, 27.21], [63.24, 27.21], [63.19, 27.25], [63.06, 27.25], [62.97, 27.200000000000003], [62.96, 27.21], [62.9, 27.21], [62.89, 27.220000000000002], [62.82, 27.220000000000002], [62.78, 27.260000000000005], [62.78, 27.270000000000003], [62.79, 27.28], [62.79, 27.300000000000004], [62.8, 27.310000000000002], [62.8, 27.330000000000002], [62.81, 27.340000000000003], [62.81, 27.360000000000003], [62.82, 27.370000000000005], [62.82, 27.39], [62.83, 27.400000000000002], [62.83, 27.42], [62.84, 27.430000000000003], [62.84, 27.450000000000003], [62.85, 27.46], [62.85, 27.510000000000005], [62.84, 27.520000000000003], [62.84, 27.590000000000003], [62.83, 27.6], [62.83, 27.680000000000003], [62.82, 27.690000000000005], [62.82, 27.760000000000005], [62.81, 27.770000000000003], [62.81, 27.840000000000003], [62.8, 27.85], [62.8, 27.89], [62.86, 27.940000000000005], [62.87, 27.940000000000005], [62.89, 27.96], [62.89, 27.970000000000002], [62.94, 28.020000000000003], [62.95, 28.020000000000003], [62.97, 28.040000000000003], [62.98, 28.040000000000003], [63.05, 28.110000000000003], [63.07, 28.110000000000003], [63.11, 28.14], [63.14, 28.150000000000002], [63.18, 28.180000000000003], [63.19, 28.180000000000003], [63.21, 28.200000000000003], [63.21, 28.21], [63.23, 28.230000000000004], [63.23, 28.240000000000002], [63.26, 28.28], [63.44, 28.28], [63.45, 28.290000000000003], [63.62, 28.290000000000003], [63.63, 28.300000000000004], [63.81, 28.300000000000004], [63.83, 28.32], [63.84, 28.32], [63.86, 28.340000000000003], [63.87, 28.340000000000003], [63.92, 28.380000000000003], [63.99, 28.380000000000003], [64.0, 28.39], [64.01, 28.39], [64.03, 28.410000000000004], [64.04, 28.410000000000004], [64.06, 28.430000000000003], [64.07, 28.430000000000003], [64.12, 28.470000000000002], [64.16, 28.470000000000002], [64.17, 28.480000000000004], [64.2, 28.480000000000004], [64.21, 28.490000000000002], [64.25, 28.490000000000002], [64.26, 28.5], [64.3, 28.5], [64.31, 28.510000000000005], [64.34, 28.510000000000005], [64.35, 28.520000000000003], [64.39, 28.520000000000003], [64.49, 28.620000000000005], [64.52, 28.620000000000005], [64.53, 28.630000000000003], [64.56, 28.630000000000003], [64.57, 28.64], [64.6, 28.64], [64.61, 28.650000000000002], [64.64, 28.650000000000002], [64.65, 28.660000000000004], [64.68, 28.660000000000004], [64.69, 28.67], [64.72, 28.67], [64.73, 28.680000000000003], [64.76, 28.680000000000003], [64.77, 28.690000000000005], [64.8, 28.690000000000005], [64.81, 28.700000000000003], [64.82, 28.690000000000005], [64.91, 28.690000000000005], [64.93, 28.71], [64.94, 28.71], [65.0, 28.770000000000003], [65.01, 28.770000000000003], [65.04, 28.800000000000004], [65.09, 28.800000000000004], [65.1, 28.810000000000002], [65.15, 28.810000000000002], [65.21, 28.860000000000003], [65.22, 28.860000000000003], [65.25, 28.89], [65.26, 28.89], [65.29, 28.92], [65.3, 28.92], [65.33, 28.950000000000003], [65.34, 28.950000000000003], [65.36, 28.970000000000002], [65.37, 28.970000000000002], [65.39, 28.990000000000002], [65.4, 28.990000000000002], [65.45, 29.03], [65.58, 29.03], [65.6, 29.050000000000004], [65.61, 29.050000000000004], [65.63, 29.07], [65.64, 29.07], [65.66, 29.090000000000003], [65.67, 29.090000000000003], [65.69, 29.110000000000003], [65.7, 29.110000000000003], [65.72, 29.130000000000003], [65.73, 29.130000000000003], [65.74, 29.14], [65.79, 29.14], [65.8, 29.130000000000003], [65.85, 29.130000000000003], [65.86, 29.120000000000005], [65.97, 29.180000000000003], [65.98, 29.180000000000003], [65.99, 29.190000000000005], [66.0, 29.190000000000005], [66.02, 29.21], [66.02, 29.220000000000002], [66.05, 29.26], [66.06, 29.290000000000003], [66.08, 29.310000000000002], [66.09, 29.340000000000003], [66.12, 29.340000000000003], [66.13, 29.330000000000002], [66.15, 29.330000000000002], [66.16, 29.320000000000004], [66.17, 29.330000000000002], [66.17, 29.340000000000003], [66.2, 29.39], [66.21, 29.42], [66.22, 29.430000000000003], [66.24, 29.480000000000004], [66.25, 29.490000000000002], [66.27, 29.540000000000003], [66.32, 29.630000000000003], [66.31, 29.680000000000003], [66.29, 29.71], [66.29, 29.730000000000004], [66.28, 29.740000000000002], [66.28, 29.76], [66.29, 29.770000000000003], [66.29, 29.800000000000004], [66.3, 29.810000000000002], [66.3, 29.830000000000002], [66.31, 29.840000000000003], [66.31, 29.85], [66.3, 29.860000000000003], [66.28, 29.860000000000003], [66.27, 29.870000000000005]]]}}, {"type": "Feature", "properties": {"na": "NA-205", "src": "commons-1993", "approx": false}, "geometry": {"type": "Polygon", "coordinates": [[[67.27, 28.860000000000003], [67.27, 28.85], [67.26, 28.840000000000003], [67.26, 28.810000000000002], [67.25, 28.800000000000004], [67.25, 28.78], [67.24, 28.770000000000003], [67.24, 28.740000000000002], [67.23, 28.730000000000004], [67.23, 28.690000000000005], [67.22, 28.680000000000003], [67.22, 28.620000000000005], [67.21, 28.610000000000003], [67.21, 28.540000000000003], [67.2, 28.53], [67.2, 28.5], [67.32, 28.410000000000004], [67.32, 28.400000000000002], [67.34, 28.370000000000005], [67.35, 28.32], [67.37, 28.290000000000003], [67.37, 28.270000000000003], [67.39, 28.240000000000002], [67.39, 27.910000000000004], [67.38, 27.900000000000002], [67.37, 27.85], [67.36, 27.840000000000003], [67.36, 27.810000000000002], [67.35, 27.800000000000004], [67.35, 27.78], [67.34, 27.770000000000003], [67.34, 27.75], [67.33, 27.740000000000002], [67.33, 27.730000000000004], [67.3, 27.700000000000003], [67.29, 27.700000000000003], [67.23, 27.64], [67.23, 27.630000000000003], [67.18, 27.540000000000003], [67.18, 27.5], [67.17, 27.490000000000002], [67.17, 27.440000000000005], [67.16, 27.430000000000003], [67.16, 27.400000000000002], [67.15, 27.39], [67.14, 27.340000000000003], [67.13, 27.330000000000002], [67.13, 27.300000000000004], [67.12, 27.290000000000003], [67.12, 27.260000000000005], [67.13, 27.25], [67.13, 27.21], [67.14, 27.200000000000003], [67.14, 27.150000000000002], [67.15, 27.14], [67.15, 27.1], [67.16, 27.090000000000003], [67.16, 27.040000000000003], [67.15, 27.03], [67.15, 26.980000000000004], [67.14, 26.970000000000002], [67.14, 26.92], [67.13, 26.910000000000004], [67.13, 26.830000000000002], [67.14, 26.82], [67.14, 26.75], [67.13, 26.740000000000002], [67.13, 26.690000000000005], [67.11, 26.660000000000004], [67.1, 26.660000000000004], [67.05, 26.630000000000003], [67.03, 26.630000000000003], [66.96, 26.590000000000003], [66.96, 26.560000000000002], [66.97, 26.550000000000004], [66.97, 26.510000000000005], [66.98, 26.5], [66.98, 26.490000000000002], [67.03, 26.430000000000003], [67.03, 26.42], [67.07, 26.370000000000005], [67.07, 26.360000000000003], [67.1, 26.330000000000002], [67.1, 26.32], [67.12, 26.300000000000004], [67.12, 26.290000000000003], [67.13, 26.28], [67.13, 26.240000000000002], [67.12, 26.230000000000004], [67.12, 26.14], [67.11, 26.130000000000003], [67.11, 26.050000000000004], [67.1, 26.040000000000003], [67.1, 25.970000000000002], [67.11, 25.96], [67.11, 25.900000000000002], [67.12, 25.89], [67.12, 25.85], [67.11, 25.840000000000003], [67.11, 25.82], [67.09, 25.790000000000003], [67.09, 25.770000000000003], [67.08, 25.760000000000005], [67.08, 25.75], [67.0, 25.75], [66.99, 25.760000000000005], [66.99, 25.78], [66.97, 25.810000000000002], [66.97, 25.830000000000002], [66.96, 25.840000000000003], [66.95, 25.89], [66.94, 25.900000000000002], [66.94, 25.92], [66.92, 25.950000000000003], [66.92, 25.970000000000002], [66.91, 25.980000000000004], [66.91, 26.0], [66.9, 26.010000000000005], [66.9, 26.040000000000003], [66.89, 26.050000000000004], [66.89, 26.07], [66.88, 26.080000000000002], [66.88, 26.1], [66.87, 26.110000000000003], [66.87, 26.14], [66.86, 26.150000000000002], [66.86, 26.17], [66.85, 26.180000000000003], [66.85, 26.200000000000003], [66.84, 26.21], [66.84, 26.240000000000002], [66.78, 26.340000000000003], [66.78, 26.370000000000005], [66.77, 26.380000000000003], [66.77, 26.430000000000003], [66.76, 26.440000000000005], [66.76, 26.470000000000002], [66.75, 26.480000000000004], [66.74, 26.470000000000002], [66.68, 26.470000000000002], [66.67, 26.46], [66.61, 26.46], [66.6, 26.450000000000003], [66.54, 26.450000000000003], [66.53, 26.440000000000005], [66.44, 26.440000000000005], [66.43, 26.450000000000003], [66.41, 26.450000000000003], [66.4, 26.46], [66.37, 26.46], [66.36, 26.470000000000002], [66.33, 26.470000000000002], [66.32, 26.480000000000004], [66.3, 26.480000000000004], [66.29, 26.490000000000002], [66.26, 26.490000000000002], [66.25, 26.5], [66.21, 26.430000000000003], [66.21, 26.410000000000004], [66.18, 26.360000000000003], [66.18, 26.340000000000003], [66.15, 26.290000000000003], [66.16, 26.240000000000002], [66.18, 26.21], [66.18, 26.190000000000005], [66.19, 26.180000000000003], [66.19, 26.14], [66.2, 26.130000000000003], [66.2, 26.080000000000002], [66.21, 26.07], [66.21, 26.020000000000003], [66.22, 26.010000000000005], [66.22, 25.950000000000003], [66.23, 25.940000000000005], [66.23, 25.89], [66.24, 25.880000000000003], [66.24, 25.840000000000003], [66.22, 25.810000000000002], [66.22, 25.790000000000003], [66.2, 25.760000000000005], [66.2, 25.740000000000002], [66.19, 25.730000000000004], [66.16, 25.660000000000004], [66.14, 25.64], [66.12, 25.590000000000003], [66.1, 25.57], [66.09, 25.540000000000003], [66.07, 25.520000000000003], [66.06, 25.490000000000002], [66.03, 25.470000000000002], [65.99, 25.470000000000002], [65.98, 25.480000000000004], [65.97, 25.480000000000004], [65.96, 25.490000000000002], [65.94, 25.490000000000002], [65.91, 25.510000000000005], [65.83, 25.510000000000005], [65.82, 25.520000000000003], [65.75, 25.520000000000003], [65.74, 25.53], [65.71, 25.510000000000005], [65.69, 25.510000000000005], [65.66, 25.490000000000002], [65.64, 25.490000000000002], [65.61, 25.470000000000002], [65.59, 25.470000000000002], [65.56, 25.450000000000003], [65.55, 25.450000000000003], [65.55, 25.490000000000002], [65.54, 25.5], [65.54, 25.560000000000002], [65.51, 25.6], [65.51, 25.610000000000003], [65.48, 25.650000000000002], [65.48, 25.660000000000004], [65.46, 25.680000000000003], [65.32, 25.6], [65.27, 25.590000000000003], [65.26, 25.580000000000002], [65.23, 25.580000000000002], [65.22, 25.57], [65.2, 25.57], [65.19, 25.6], [65.17, 25.620000000000005], [65.16, 25.610000000000003], [65.14, 25.610000000000003], [65.13, 25.6], [65.1, 25.6], [65.09, 25.590000000000003], [65.07, 25.590000000000003], [65.06, 25.580000000000002], [65.03, 25.580000000000002], [65.02, 25.57], [64.95, 25.57], [64.94, 25.560000000000002], [64.87, 25.560000000000002], [64.86, 25.550000000000004], [64.79, 25.550000000000004], [64.78, 25.540000000000003], [64.71, 25.540000000000003], [64.7, 25.53], [64.63, 25.53], [64.62, 25.520000000000003], [64.55, 25.520000000000003], [64.54, 25.510000000000005], [64.47, 25.510000000000005], [64.36, 25.450000000000003], [64.31, 25.46], [64.28, 25.480000000000004], [64.14, 25.480000000000004], [64.15, 25.490000000000002], [64.16, 25.520000000000003], [64.21, 25.610000000000003], [64.25, 25.610000000000003], [64.26, 25.620000000000005], [64.3, 25.620000000000005], [64.31, 25.630000000000003], [64.35, 25.630000000000003], [64.36, 25.64], [64.33, 25.680000000000003], [64.33, 25.690000000000005], [64.31, 25.71], [64.31, 25.720000000000002], [64.29, 25.740000000000002], [64.28, 25.770000000000003], [64.3, 25.800000000000004], [64.3, 25.82], [64.32, 25.85], [64.32, 25.870000000000005], [64.34, 25.900000000000002], [64.34, 25.92], [64.36, 25.950000000000003], [64.36, 25.970000000000002], [64.37, 25.980000000000004], [64.38, 26.010000000000005], [64.43, 26.03], [64.44, 26.040000000000003], [64.46, 26.040000000000003], [64.51, 26.07], [64.51, 26.120000000000005], [64.5, 26.130000000000003], [64.5, 26.180000000000003], [64.45, 26.240000000000002], [64.45, 26.360000000000003], [64.91, 26.360000000000003], [64.92, 26.370000000000005], [64.92, 26.46], [64.95, 26.490000000000002], [64.96, 26.490000000000002], [65.02, 26.550000000000004], [65.03, 26.550000000000004], [65.09, 26.610000000000003], [65.1, 26.610000000000003], [65.3, 26.810000000000002], [65.32, 26.860000000000003], [65.34, 26.89], [65.34, 26.940000000000005], [65.35, 26.950000000000003], [65.35, 26.990000000000002], [65.36, 27.0], [65.36, 27.010000000000005], [65.39, 27.040000000000003], [65.39, 27.050000000000004], [65.43, 27.1], [65.43, 27.110000000000003], [65.46, 27.14], [65.46, 27.150000000000002], [65.48, 27.17], [65.48, 27.180000000000003], [65.5, 27.200000000000003], [65.5, 27.21], [65.53, 27.240000000000002], [65.53, 27.25], [65.55, 27.28], [65.55, 27.300000000000004], [65.57, 27.330000000000002], [65.57, 27.35], [65.58, 27.360000000000003], [65.58, 27.380000000000003], [65.59, 27.39], [65.6, 27.42], [65.72, 27.53], [65.72, 27.540000000000003], [65.71, 27.550000000000004], [65.71, 27.57], [65.7, 27.580000000000002], [65.7, 27.6], [65.76, 27.71], [65.76, 27.720000000000002], [65.79, 27.770000000000003], [65.81, 27.82], [65.82, 27.830000000000002], [65.83, 27.830000000000002], [65.86, 27.860000000000003], [65.87, 27.860000000000003], [65.9, 27.89], [65.91, 27.89], [65.94, 27.92], [65.95, 27.92], [65.97, 27.940000000000005], [66.01, 27.940000000000005], [66.02, 27.950000000000003], [66.06, 27.950000000000003], [66.07, 27.96], [66.12, 27.96], [66.25, 28.060000000000002], [66.26, 28.060000000000002], [66.27, 28.07], [66.29, 28.07], [66.36, 28.110000000000003], [66.38, 28.110000000000003], [66.45, 28.150000000000002], [66.47, 28.150000000000002], [66.5, 28.17], [66.5, 28.220000000000002], [66.51, 28.230000000000004], [66.51, 28.290000000000003], [66.48, 28.330000000000002], [66.47, 28.360000000000003], [66.45, 28.380000000000003], [66.45, 28.39], [66.42, 28.430000000000003], [66.51, 28.560000000000002], [66.54, 28.560000000000002], [66.55, 28.57], [66.57, 28.57], [66.58, 28.580000000000002], [66.61, 28.580000000000002], [66.63, 28.6], [66.63, 28.610000000000003], [66.65, 28.630000000000003], [66.65, 28.64], [66.69, 28.690000000000005], [66.7, 28.720000000000002], [66.72, 28.740000000000002], [66.72, 28.750000000000004], [66.74, 28.770000000000003], [66.74, 28.78], [66.76, 28.800000000000004], [66.76, 28.810000000000002], [66.77, 28.82], [66.89, 28.82], [66.9, 28.830000000000002], [67.01, 28.830000000000002], [67.02, 28.840000000000003], [67.14, 28.840000000000003], [67.15, 28.85], [67.26, 28.85], [67.27, 28.860000000000003]]]}}, {"type": "Feature", "properties": {"na": "NA-206", "src": "commons-1990", "approx": false}, "geometry": {"type": "Polygon", "coordinates": [[[61.61, 25.21], [61.62, 25.240000000000002], [61.65, 25.290000000000003], [61.65, 25.380000000000003], [61.66, 25.39], [61.66, 25.540000000000003], [61.67, 25.550000000000004], [61.67, 25.71], [61.68, 25.720000000000002], [61.68, 25.800000000000004], [61.72, 25.800000000000004], [61.73, 25.810000000000002], [61.76, 25.810000000000002], [61.77, 25.800000000000004], [61.77, 25.770000000000003], [61.78, 25.760000000000005], [61.78, 25.730000000000004], [61.8, 25.700000000000003], [61.83, 25.700000000000003], [61.84, 25.690000000000005], [61.87, 25.690000000000005], [61.88, 25.680000000000003], [61.9, 25.680000000000003], [61.91, 25.67], [61.94, 25.67], [61.95, 25.660000000000004], [62.01, 25.71], [62.02, 25.71], [62.04, 25.690000000000005], [62.05, 25.690000000000005], [62.08, 25.64], [62.08, 25.620000000000005], [62.09, 25.610000000000003], [62.1, 25.580000000000002], [62.04, 25.510000000000005], [62.05, 25.5], [62.06, 25.5], [62.07, 25.490000000000002], [62.09, 25.490000000000002], [62.12, 25.470000000000002], [62.13, 25.480000000000004], [62.15, 25.480000000000004], [62.16, 25.490000000000002], [62.19, 25.490000000000002], [62.2, 25.5], [62.22, 25.5], [62.23, 25.510000000000005], [62.26, 25.510000000000005], [62.27, 25.520000000000003], [62.29, 25.520000000000003], [62.3, 25.53], [62.33, 25.53], [62.34, 25.540000000000003], [62.36, 25.540000000000003], [62.37, 25.550000000000004], [62.4, 25.550000000000004], [62.41, 25.560000000000002], [62.8, 25.560000000000002], [62.81, 25.57], [62.86, 25.57], [62.87, 25.580000000000002], [62.92, 25.580000000000002], [62.93, 25.590000000000003], [62.98, 25.590000000000003], [63.03, 25.53], [63.1, 25.53], [63.11, 25.520000000000003], [63.18, 25.520000000000003], [63.19, 25.510000000000005], [63.26, 25.510000000000005], [63.27, 25.5], [63.34, 25.5], [63.46, 25.400000000000002], [63.53, 25.440000000000005], [63.55, 25.440000000000005], [63.56, 25.450000000000003], [63.59, 25.46], [63.66, 25.5], [63.67, 25.5], [63.7, 25.520000000000003], [63.72, 25.520000000000003], [63.73, 25.53], [63.74, 25.53], [63.79, 25.560000000000002], [63.81, 25.560000000000002], [63.82, 25.57], [63.85, 25.57], [63.86, 25.580000000000002], [63.88, 25.580000000000002], [63.89, 25.590000000000003], [63.92, 25.590000000000003], [63.93, 25.6], [63.95, 25.6], [63.96, 25.610000000000003], [64.01, 25.610000000000003], [64.02, 25.6], [64.04, 25.6], [64.05, 25.590000000000003], [64.07, 25.590000000000003], [64.08, 25.580000000000002], [64.1, 25.580000000000002], [64.11, 25.57], [64.13, 25.57], [64.14, 25.560000000000002], [64.16, 25.560000000000002], [64.17, 25.550000000000004], [64.13, 25.480000000000004], [64.14, 25.470000000000002], [64.28, 25.470000000000002], [64.31, 25.450000000000003], [64.36, 25.440000000000005], [64.47, 25.5], [64.54, 25.5], [64.55, 25.510000000000005], [64.62, 25.510000000000005], [64.63, 25.520000000000003], [64.7, 25.520000000000003], [64.71, 25.53], [64.78, 25.53], [64.79, 25.540000000000003], [64.86, 25.540000000000003], [64.87, 25.550000000000004], [64.94, 25.550000000000004], [64.95, 25.560000000000002], [65.02, 25.560000000000002], [65.03, 25.57], [65.06, 25.57], [65.07, 25.580000000000002], [65.09, 25.580000000000002], [65.1, 25.590000000000003], [65.13, 25.590000000000003], [65.14, 25.6], [65.16, 25.6], [65.17, 25.610000000000003], [65.18, 25.6], [65.19, 25.57], [65.2, 25.560000000000002], [65.22, 25.560000000000002], [65.23, 25.57], [65.26, 25.57], [65.27, 25.580000000000002], [65.32, 25.590000000000003], [65.46, 25.67], [65.53, 25.560000000000002], [65.53, 25.5], [65.54, 25.490000000000002], [65.54, 25.450000000000003], [65.55, 25.440000000000005], [65.56, 25.440000000000005], [65.59, 25.46], [65.61, 25.46], [65.64, 25.480000000000004], [65.66, 25.480000000000004], [65.69, 25.5], [65.71, 25.5], [65.74, 25.520000000000003], [65.75, 25.510000000000005], [65.82, 25.510000000000005], [65.83, 25.5], [65.91, 25.5], [65.94, 25.480000000000004], [65.96, 25.480000000000004], [65.97, 25.470000000000002], [65.98, 25.470000000000002], [65.99, 25.46], [66.03, 25.46], [66.07, 25.490000000000002], [66.08, 25.520000000000003], [66.1, 25.540000000000003], [66.11, 25.57], [66.13, 25.590000000000003], [66.15, 25.64], [66.17, 25.660000000000004], [66.17, 25.67], [66.21, 25.740000000000002], [66.21, 25.760000000000005], [66.23, 25.790000000000003], [66.23, 25.810000000000002], [66.25, 25.840000000000003], [66.25, 25.880000000000003], [66.24, 25.89], [66.24, 25.940000000000005], [66.23, 25.950000000000003], [66.23, 26.010000000000005], [66.22, 26.020000000000003], [66.22, 26.07], [66.21, 26.080000000000002], [66.21, 26.130000000000003], [66.2, 26.14], [66.2, 26.180000000000003], [66.19, 26.190000000000005], [66.19, 26.21], [66.18, 26.220000000000002], [66.18, 26.230000000000004], [66.17, 26.240000000000002], [66.17, 26.260000000000005], [66.16, 26.270000000000003], [66.16, 26.290000000000003], [66.19, 26.340000000000003], [66.19, 26.360000000000003], [66.22, 26.410000000000004], [66.22, 26.430000000000003], [66.23, 26.440000000000005], [66.25, 26.490000000000002], [66.26, 26.480000000000004], [66.29, 26.480000000000004], [66.3, 26.470000000000002], [66.32, 26.470000000000002], [66.33, 26.46], [66.36, 26.46], [66.37, 26.450000000000003], [66.4, 26.450000000000003], [66.41, 26.440000000000005], [66.43, 26.440000000000005], [66.44, 26.430000000000003], [66.53, 26.430000000000003], [66.54, 26.440000000000005], [66.6, 26.440000000000005], [66.61, 26.450000000000003], [66.67, 26.450000000000003], [66.68, 26.46], [66.74, 26.46], [66.75, 26.470000000000002], [66.75, 26.440000000000005], [66.76, 26.430000000000003], [66.76, 26.380000000000003], [66.77, 26.370000000000005], [66.77, 26.340000000000003], [66.83, 26.240000000000002], [66.83, 26.21], [66.84, 26.200000000000003], [66.85, 26.150000000000002], [66.86, 26.14], [66.86, 26.110000000000003], [66.87, 26.1], [66.88, 26.050000000000004], [66.89, 26.040000000000003], [66.89, 26.010000000000005], [66.9, 26.0], [66.91, 25.950000000000003], [66.93, 25.92], [66.93, 25.900000000000002], [66.94, 25.89], [66.94, 25.870000000000005], [66.95, 25.860000000000003], [66.96, 25.810000000000002], [66.98, 25.78], [66.98, 25.760000000000005], [67.0, 25.740000000000002], [67.08, 25.740000000000002], [67.09, 25.75], [67.09, 25.760000000000005], [67.1, 25.770000000000003], [67.1, 25.790000000000003], [67.12, 25.82], [67.12, 25.840000000000003], [67.13, 25.85], [67.13, 25.89], [67.12, 25.900000000000002], [67.12, 25.96], [67.11, 25.970000000000002], [67.11, 26.040000000000003], [67.12, 26.050000000000004], [67.12, 26.130000000000003], [67.13, 26.14], [67.13, 26.230000000000004], [67.14, 26.240000000000002], [67.14, 26.28], [67.11, 26.32], [67.11, 26.330000000000002], [67.08, 26.360000000000003], [67.08, 26.370000000000005], [67.06, 26.39], [67.06, 26.400000000000002], [67.04, 26.42], [67.04, 26.430000000000003], [66.99, 26.490000000000002], [66.99, 26.5], [66.98, 26.510000000000005], [66.98, 26.550000000000004], [66.97, 26.560000000000002], [66.97, 26.590000000000003], [66.98, 26.590000000000003], [67.03, 26.620000000000005], [67.05, 26.620000000000005], [67.12, 26.660000000000004], [67.12, 26.650000000000002], [67.13, 26.64], [67.13, 26.610000000000003], [67.14, 26.6], [67.14, 26.57], [67.15, 26.560000000000002], [67.15, 26.540000000000003], [67.16, 26.53], [67.16, 26.5], [67.17, 26.490000000000002], [67.18, 26.46], [67.25, 26.370000000000005], [67.27, 26.32], [67.3, 26.270000000000003], [67.3, 26.25], [67.34, 26.180000000000003], [67.35, 26.150000000000002], [67.41, 26.090000000000003], [67.41, 25.950000000000003], [67.4, 25.940000000000005], [67.4, 25.800000000000004], [67.38, 25.770000000000003], [67.38, 25.760000000000005], [67.32, 25.650000000000002], [67.31, 25.620000000000005], [67.25, 25.550000000000004], [67.25, 25.540000000000003], [67.16, 25.46], [67.16, 25.39], [67.1, 25.28], [67.09, 25.25], [67.06, 25.220000000000002], [67.05, 25.220000000000002], [67.0, 25.17], [67.0, 25.110000000000003], [66.91, 25.020000000000003], [66.89, 25.020000000000003], [66.86, 25.0], [66.84, 25.0], [66.81, 24.980000000000004], [66.79, 24.980000000000004], [66.7, 24.900000000000002], [66.7, 25.1], [66.71, 25.110000000000003], [66.71, 25.14], [66.72, 25.150000000000002], [66.72, 25.180000000000003], [66.73, 25.190000000000005], [66.73, 25.200000000000003], [66.72, 25.21], [66.72, 25.220000000000002], [66.69, 25.25], [66.69, 25.260000000000005], [66.65, 25.300000000000004], [66.64, 25.300000000000004], [66.61, 25.330000000000002], [66.6, 25.330000000000002], [66.56, 25.360000000000003], [66.57, 25.39], [66.59, 25.42], [66.59, 25.440000000000005], [66.58, 25.450000000000003], [66.58, 25.470000000000002], [66.56, 25.5], [66.56, 25.520000000000003], [66.55, 25.53], [66.55, 25.540000000000003], [66.53, 25.560000000000002], [66.52, 25.560000000000002], [66.5, 25.580000000000002], [66.49, 25.580000000000002], [66.45, 25.610000000000003], [66.43, 25.610000000000003], [66.42, 25.6], [66.4, 25.6], [66.39, 25.590000000000003], [66.34, 25.620000000000005], [66.32, 25.620000000000005], [66.31, 25.630000000000003], [66.26, 25.630000000000003], [66.25, 25.620000000000005], [66.22, 25.620000000000005], [66.13, 25.540000000000003], [66.12, 25.490000000000002], [66.13, 25.480000000000004], [66.14, 25.480000000000004], [66.15, 25.490000000000002], [66.17, 25.490000000000002], [66.18, 25.5], [66.19, 25.5], [66.2, 25.510000000000005], [66.22, 25.510000000000005], [66.23, 25.520000000000003], [66.28, 25.53], [66.31, 25.550000000000004], [66.33, 25.550000000000004], [66.34, 25.560000000000002], [66.36, 25.540000000000003], [66.37, 25.540000000000003], [66.42, 25.5], [66.43, 25.5], [66.45, 25.480000000000004], [66.46, 25.480000000000004], [66.48, 25.46], [66.49, 25.46], [66.5, 25.410000000000004], [66.49, 25.42], [66.47, 25.42], [66.46, 25.430000000000003], [66.44, 25.430000000000003], [66.43, 25.440000000000005], [66.41, 25.440000000000005], [66.4, 25.450000000000003], [66.35, 25.46], [66.34, 25.470000000000002], [66.13, 25.470000000000002], [66.12, 25.46], [66.09, 25.46], [66.08, 25.450000000000003], [66.04, 25.450000000000003], [66.03, 25.440000000000005], [66.0, 25.440000000000005], [65.99, 25.430000000000003], [65.96, 25.430000000000003], [65.95, 25.42], [65.79, 25.42], [65.78, 25.410000000000004], [65.76, 25.410000000000004], [65.75, 25.400000000000002], [65.73, 25.400000000000002], [65.7, 25.380000000000003], [65.65, 25.370000000000005], [65.64, 25.360000000000003], [65.63, 25.370000000000005], [65.57, 25.370000000000005], [65.56, 25.380000000000003], [65.51, 25.380000000000003], [65.5, 25.39], [65.44, 25.39], [65.43, 25.400000000000002], [65.27, 25.400000000000002], [65.24, 25.370000000000005], [65.24, 25.360000000000003], [65.23, 25.35], [65.16, 25.32], [65.15, 25.310000000000002], [65.14, 25.32], [65.07, 25.32], [65.06, 25.330000000000002], [64.74, 25.330000000000002], [64.72, 25.310000000000002], [64.69, 25.300000000000004], [64.67, 25.28], [64.64, 25.270000000000003], [64.62, 25.25], [64.61, 25.25], [64.6, 25.240000000000002], [64.55, 25.28], [64.51, 25.28], [64.5, 25.270000000000003], [64.48, 25.270000000000003], [64.47, 25.260000000000005], [64.44, 25.260000000000005], [64.43, 25.25], [64.41, 25.25], [64.4, 25.240000000000002], [64.35, 25.270000000000003], [64.33, 25.270000000000003], [64.26, 25.310000000000002], [64.24, 25.310000000000002], [64.21, 25.330000000000002], [64.08, 25.330000000000002], [64.07, 25.340000000000003], [63.94, 25.340000000000003], [63.93, 25.35], [63.89, 25.35], [63.88, 25.360000000000003], [63.83, 25.360000000000003], [63.82, 25.370000000000005], [63.78, 25.370000000000005], [63.77, 25.380000000000003], [63.72, 25.380000000000003], [63.71, 25.39], [63.64, 25.39], [63.63, 25.380000000000003], [63.61, 25.380000000000003], [63.6, 25.370000000000005], [63.57, 25.370000000000005], [63.56, 25.360000000000003], [63.54, 25.360000000000003], [63.51, 25.330000000000002], [63.51, 25.32], [63.48, 25.290000000000003], [63.48, 25.28], [63.47, 25.270000000000003], [63.47, 25.240000000000002], [63.48, 25.230000000000004], [63.48, 25.200000000000003], [63.47, 25.21], [63.42, 25.21], [63.41, 25.220000000000002], [63.36, 25.220000000000002], [63.35, 25.230000000000004], [63.31, 25.230000000000004], [63.3, 25.240000000000002], [63.25, 25.240000000000002], [63.24, 25.25], [63.19, 25.25], [63.18, 25.260000000000005], [63.11, 25.260000000000005], [63.1, 25.25], [63.07, 25.25], [63.06, 25.240000000000002], [63.01, 25.230000000000004], [63.0, 25.220000000000002], [62.99, 25.230000000000004], [62.93, 25.230000000000004], [62.92, 25.240000000000002], [62.86, 25.240000000000002], [62.85, 25.25], [62.79, 25.25], [62.78, 25.260000000000005], [62.72, 25.260000000000005], [62.71, 25.270000000000003], [62.5, 25.270000000000003], [62.35, 25.17], [62.34, 25.180000000000003], [62.29, 25.190000000000005], [62.26, 25.21], [62.24, 25.21], [62.23, 25.220000000000002], [62.18, 25.220000000000002], [62.17, 25.21], [62.13, 25.21], [62.12, 25.200000000000003], [62.09, 25.200000000000003], [62.08, 25.190000000000005], [62.08, 25.150000000000002], [62.09, 25.14], [62.09, 25.1], [62.08, 25.110000000000003], [61.87, 25.110000000000003], [61.85, 25.080000000000002], [61.84, 25.050000000000004], [61.83, 25.060000000000002], [61.72, 25.060000000000002], [61.78, 25.160000000000004], [61.77, 25.17], [61.74, 25.180000000000003], [61.7, 25.21], [61.61, 25.21]]]}}, {"type": "Feature", "properties": {"na": "NA-207", "src": "commons-1993", "approx": false}, "geometry": {"type": "Polygon", "coordinates": [[[64.41, 27.28], [64.42, 27.28], [64.43, 27.270000000000003], [64.43, 27.260000000000005], [64.46, 27.230000000000004], [64.46, 27.220000000000002], [64.48, 27.190000000000005], [64.48, 27.120000000000005], [64.49, 27.110000000000003], [64.5, 27.110000000000003], [64.54, 27.080000000000002], [64.55, 27.080000000000002], [64.6, 27.050000000000004], [64.63, 27.040000000000003], [64.65, 27.020000000000003], [64.68, 27.010000000000005], [64.69, 27.0], [64.72, 27.020000000000003], [64.73, 27.020000000000003], [64.75, 27.040000000000003], [64.8, 27.060000000000002], [64.82, 27.080000000000002], [64.87, 27.1], [64.91, 27.130000000000003], [64.96, 27.150000000000002], [65.0, 27.180000000000003], [65.04, 27.110000000000003], [65.07, 27.040000000000003], [65.08, 27.03], [65.17, 27.03], [65.18, 27.020000000000003], [65.18, 27.010000000000005], [65.21, 26.980000000000004], [65.21, 26.970000000000002], [65.23, 26.950000000000003], [65.23, 26.940000000000005], [65.28, 26.880000000000003], [65.29, 26.89], [65.33, 26.89], [65.3, 26.840000000000003], [65.29, 26.810000000000002], [65.1, 26.620000000000005], [65.09, 26.620000000000005], [65.03, 26.560000000000002], [65.02, 26.560000000000002], [64.96, 26.5], [64.95, 26.5], [64.91, 26.46], [64.91, 26.370000000000005], [64.45, 26.370000000000005], [64.44, 26.360000000000003], [64.44, 26.240000000000002], [64.49, 26.180000000000003], [64.49, 26.130000000000003], [64.5, 26.120000000000005], [64.5, 26.07], [64.49, 26.07], [64.46, 26.050000000000004], [64.44, 26.050000000000004], [64.37, 26.010000000000005], [64.37, 26.0], [64.35, 25.970000000000002], [64.35, 25.950000000000003], [64.33, 25.92], [64.33, 25.900000000000002], [64.31, 25.870000000000005], [64.31, 25.85], [64.29, 25.82], [64.29, 25.800000000000004], [64.27, 25.770000000000003], [64.28, 25.740000000000002], [64.3, 25.720000000000002], [64.3, 25.71], [64.32, 25.690000000000005], [64.32, 25.680000000000003], [64.34, 25.660000000000004], [64.34, 25.650000000000002], [64.35, 25.64], [64.31, 25.64], [64.3, 25.630000000000003], [64.26, 25.630000000000003], [64.25, 25.620000000000005], [64.21, 25.620000000000005], [64.19, 25.6], [64.18, 25.57], [64.17, 25.560000000000002], [64.16, 25.57], [64.14, 25.57], [64.13, 25.580000000000002], [64.11, 25.580000000000002], [64.1, 25.590000000000003], [64.05, 25.6], [64.04, 25.610000000000003], [64.02, 25.610000000000003], [64.01, 25.620000000000005], [63.96, 25.620000000000005], [63.95, 25.610000000000003], [63.93, 25.610000000000003], [63.92, 25.6], [63.89, 25.6], [63.88, 25.590000000000003], [63.86, 25.590000000000003], [63.85, 25.580000000000002], [63.82, 25.580000000000002], [63.81, 25.57], [63.79, 25.57], [63.72, 25.53], [63.7, 25.53], [63.67, 25.510000000000005], [63.66, 25.510000000000005], [63.55, 25.450000000000003], [63.53, 25.450000000000003], [63.46, 25.410000000000004], [63.34, 25.510000000000005], [63.27, 25.510000000000005], [63.26, 25.520000000000003], [63.19, 25.520000000000003], [63.18, 25.53], [63.11, 25.53], [63.1, 25.540000000000003], [63.03, 25.540000000000003], [62.98, 25.6], [62.93, 25.6], [62.92, 25.590000000000003], [62.87, 25.590000000000003], [62.86, 25.580000000000002], [62.81, 25.580000000000002], [62.8, 25.57], [62.41, 25.57], [62.4, 25.560000000000002], [62.37, 25.560000000000002], [62.36, 25.550000000000004], [62.34, 25.550000000000004], [62.33, 25.540000000000003], [62.3, 25.540000000000003], [62.29, 25.53], [62.27, 25.53], [62.26, 25.520000000000003], [62.23, 25.520000000000003], [62.22, 25.510000000000005], [62.2, 25.510000000000005], [62.19, 25.5], [62.16, 25.5], [62.15, 25.490000000000002], [62.13, 25.490000000000002], [62.12, 25.480000000000004], [62.09, 25.5], [62.07, 25.5], [62.06, 25.510000000000005], [62.05, 25.510000000000005], [62.11, 25.580000000000002], [62.11, 25.590000000000003], [62.09, 25.620000000000005], [62.09, 25.64], [62.08, 25.650000000000002], [62.07, 25.680000000000003], [62.05, 25.700000000000003], [62.04, 25.700000000000003], [62.02, 25.720000000000002], [62.01, 25.720000000000002], [61.95, 25.67], [61.94, 25.680000000000003], [61.91, 25.680000000000003], [61.9, 25.690000000000005], [61.88, 25.690000000000005], [61.87, 25.700000000000003], [61.84, 25.700000000000003], [61.83, 25.71], [61.8, 25.71], [61.8, 25.720000000000002], [61.79, 25.730000000000004], [61.79, 25.760000000000005], [61.78, 25.770000000000003], [61.78, 25.800000000000004], [61.77, 25.810000000000002], [61.77, 25.840000000000003], [61.78, 25.85], [61.78, 25.900000000000002], [61.79, 25.910000000000004], [61.79, 25.96], [61.8, 25.970000000000002], [61.8, 26.020000000000003], [61.81, 26.03], [61.81, 26.080000000000002], [61.82, 26.090000000000003], [61.82, 26.14], [61.83, 26.150000000000002], [61.83, 26.180000000000003], [61.84, 26.190000000000005], [61.86, 26.240000000000002], [61.87, 26.25], [61.89, 26.25], [61.92, 26.270000000000003], [61.97, 26.28], [61.98, 26.290000000000003], [62.0, 26.290000000000003], [62.03, 26.310000000000002], [62.05, 26.310000000000002], [62.12, 26.39], [62.13, 26.380000000000003], [62.17, 26.380000000000003], [62.18, 26.370000000000005], [62.23, 26.370000000000005], [62.24, 26.360000000000003], [62.27, 26.360000000000003], [62.28, 26.370000000000005], [62.27, 26.380000000000003], [62.27, 26.400000000000002], [62.26, 26.410000000000004], [62.26, 26.430000000000003], [62.25, 26.440000000000005], [62.25, 26.450000000000003], [62.3, 26.510000000000005], [62.3, 26.520000000000003], [62.31, 26.53], [62.33, 26.53], [62.34, 26.540000000000003], [62.36, 26.540000000000003], [62.37, 26.550000000000004], [62.42, 26.560000000000002], [62.43, 26.57], [62.51, 26.57], [62.52, 26.580000000000002], [62.59, 26.580000000000002], [62.6, 26.590000000000003], [62.61, 26.590000000000003], [62.62, 26.6], [62.64, 26.6], [62.67, 26.620000000000005], [62.69, 26.620000000000005], [62.72, 26.64], [62.74, 26.64], [62.77, 26.660000000000004], [62.78, 26.650000000000002], [63.15, 26.650000000000002], [63.16, 26.660000000000004], [63.16, 26.680000000000003], [63.17, 26.690000000000005], [63.17, 26.740000000000002], [63.18, 26.75], [63.18, 26.810000000000002], [63.19, 26.82], [63.19, 26.85], [63.22, 26.85], [63.23, 26.860000000000003], [63.26, 26.860000000000003], [63.27, 26.870000000000005], [63.27, 26.92], [63.26, 26.930000000000003], [63.26, 27.03], [63.25, 27.040000000000003], [63.25, 27.090000000000003], [63.31, 27.14], [63.25, 27.200000000000003], [63.4, 27.200000000000003], [63.41, 27.190000000000005], [63.42, 27.200000000000003], [63.49, 27.200000000000003], [63.5, 27.21], [63.56, 27.21], [63.57, 27.220000000000002], [63.64, 27.220000000000002], [63.65, 27.230000000000004], [63.74, 27.230000000000004], [63.75, 27.240000000000002], [63.78, 27.240000000000002], [63.79, 27.25], [63.82, 27.25], [63.82, 27.240000000000002], [63.85, 27.21], [63.85, 27.200000000000003], [63.9, 27.14], [63.91, 27.14], [63.93, 27.120000000000005], [63.94, 27.120000000000005], [63.99, 27.080000000000002], [64.11, 27.080000000000002], [64.12, 27.07], [64.2, 27.14], [64.21, 27.14], [64.25, 27.180000000000003], [64.26, 27.180000000000003], [64.3, 27.220000000000002], [64.31, 27.220000000000002], [64.33, 27.240000000000002], [64.4, 27.270000000000003], [64.41, 27.28]]]}}]}