{"type": "FeatureCollection", "features": [{"type": "Feature", "properties": {"na": "NA-60", "src": "sheet-split: jhelum_na60_61.jpg, outline-fit", "approx": false, "rms_km": 2.076}, "geometry": {"type": "Polygon", "coordinates": [[[73.36193230184752, 32.705219129598504], [73.36182983579377, 32.70521902389742], [73.3617278112113, 32.7052285258926], [73.36162712697417, 32.705247551867956], [73.35616887945305, 32.70654696374589], [73.35606025034966, 32.70657885923658], [73.3559555088674, 32.706621833953875], [73.35585578157877, 32.70667542567277], [73.35576214112486, 32.70673905797449], [73.35567559467833, 32.70681204644635], [73.35559707311054, 32.7068936060431], [73.35552742097929, 32.70698285953067], [73.35403395005699, 32.70911610890964], [73.34914403306475, 32.70911610890964], [73.34901949928661, 32.70912323548733], [73.3488965914876, 32.70914452217202], [73.34877691441716, 32.709179691033455], [73.34149925105567, 32.71177851478933], [73.34140195212224, 32.71181864748034], [73.3413089702918, 32.711867963750905], [73.34122116989884, 32.71192600517], [73.34113936711262, 32.71199223219997], [73.3341723200686, 32.7182119920552], [73.33094987466102, 32.7182119920552], [73.33082534088288, 32.718219118632895], [73.33070243308387, 32.71824040531758], [73.33058275601343, 32.71827557417902], [73.32694392433268, 32.719574986056955], [73.32684421594405, 32.71961625499882], [73.32674906923613, 32.71966716661143], [73.32665941395135, 32.719727223403204], [73.32657612617176, 32.71979583851887], [73.32650001975823, 32.71987234147402], [73.32643183839767, 32.71995598470686], [73.32637224833599, 32.72004595088314], [73.3263218318677, 32.7201413608829], [73.32474202539169, 32.72352621538546], [73.31802208646619, 32.72472604670838], [73.31791620046315, 32.72475044590954], [73.31781326465318, 32.72478525087594], [73.31771429890847, 32.724830116765325], [73.31762028376635, 32.72488459905338], [73.3175321507144, 32.72494815793799], [73.31745077296132, 32.72502016368749], [73.31737695678535, 32.72509990288001], [73.31731143354581, 32.72518658547191], [73.31725485243688, 32.725279352625414], [73.31720777405545, 32.725377285217846], [73.31717066484688, 32.725479412948154], [73.31714389248351, 32.72558472395051], [73.3171277222218, 32.72569217481972], [73.31712231427419, 32.725800700949115], [73.31712231427419, 32.72783769940104], [73.31401897531791, 32.73005407864298], [73.30887026583522, 32.732505522712515], [73.3054780528958, 32.732505522712515], [73.30536541586, 32.732511349239346], [73.3052539811931, 32.73252876662328], [73.30514493842908, 32.732557588938626], [73.30503945156897, 32.7325975085152], [73.30493864665557, 32.732648099222665], [73.30484359975317, 32.73270882101936], [73.29955918349123, 32.73648290779291], [73.29443340735807, 32.737703170224265], [73.28728389449206, 32.737703170224265], [73.28717125745627, 32.737708996751095], [73.28705982278937, 32.73772641413503], [73.28695078002535, 32.737755236450376], [73.28684529316524, 32.73779515602695], [73.28674448825184, 32.737845746734415], [73.28664944134944, 32.73790646853111], [73.28318444092787, 32.740381143426724], [73.2782489942666, 32.741556095275236], [73.27491510225704, 32.740365576103954], [73.27481275670833, 32.74033459020611], [73.27470787057536, 32.74031376626995], [73.27460145027479, 32.74030330410795], [73.27449451694412, 32.74030330410795], [73.27438809664355, 32.74031376626995], [73.27428321051057, 32.74033459020611], [73.27418086496186, 32.740365576103954], [73.27054203328112, 32.74166498798189], [73.27044580939719, 32.741704616017394], [73.2703537960824, 32.74175322637571], [73.27026682949658, 32.74181037731609], [73.27018569993807, 32.741875549486295], [73.27011114466187, 32.741948150642116], [73.26669707378694, 32.74560560278848], [73.26168392223136, 32.74679905336983], [73.2581732410461, 32.74679905336983], [73.25806156972054, 32.746804780153454], [73.25795107004853, 32.746821900419], [73.25784290139072, 32.746850234540965], [73.2577381986507, 32.746889485238235], [73.25763806036778, 32.74693924069318], [73.25754353719104, 32.74699897887246], [73.25745562085599, 32.747068073004165], [73.25737523377926, 32.747145798153866], [73.25422592350326, 32.750519615526294], [73.25126269633219, 32.74946145924952], [73.25117604462501, 32.749434520973345], [73.25108745499682, 32.749414872389195], [73.24380979163533, 32.74811546051126], [73.24371422857689, 32.7481027223644], [73.24361791432311, 32.748098465247764], [73.24016814793336, 32.748098465247764], [73.23306853792846, 32.745563223615704], [73.23296735323633, 32.7455325286189], [73.23286367355001, 32.74551176693792], [73.23275847159306, 32.74550113335901], [73.2326527343709, 32.74550072764646], [73.23254745391091, 32.74551055360668], [73.23244361795507, 32.74553051905244], [73.23234220069303, 32.745560436667795], [73.2322441536222, 32.74560002576548], [73.23215039662091, 32.745648914920295], [73.23206180931797, 32.745706645453865], [73.23197922284004, 32.74577267573794], [73.23190341201403, 32.74584638627593], [73.23049382724136, 32.74735645710959], [73.230749826, 32.747471654], [73.232122396, 32.748089297], [73.23317107000001, 32.748829685], [73.23402689800001, 32.749433918], [73.236177632, 32.750643555], [73.237612016, 32.751450296], [73.239406416, 32.75324469], [73.241197146, 32.755035415], [73.243101518, 32.756940045], [73.24535543600001, 32.758160829], [73.245790395, 32.758396414], [73.247695026, 32.759852795], [73.246907726, 32.761558652], [73.246350652, 32.762765674], [73.245118144, 32.765902671], [73.245118144, 32.767388238], [73.245118144, 32.7683673], [73.24421193, 32.772380794], [73.243549768, 32.775313418], [73.243305319, 32.776983723], [73.242877529, 32.779906796], [73.242322211, 32.783177117], [73.242228634, 32.783728201], [73.241869269, 32.785844537], [73.241480122, 32.792070903], [73.241421136, 32.79301468], [73.241150526, 32.794023679], [73.240838016, 32.794398793], [73.240188769, 32.794359042], [73.238741585, 32.794018536], [73.237256567, 32.793669129], [73.236379649, 32.7934628], [73.234929405, 32.792931038], [73.23301865, 32.792230421], [73.231562269, 32.792566665], [73.23021777800001, 32.793910909], [73.231121609, 32.79580894], [73.23132180600001, 32.79622935], [73.23247000900001, 32.798376432], [73.23301865, 32.799400541], [73.23346087, 32.800152313], [73.234139022, 32.801305171], [73.234811144, 32.804105914], [73.23399924600001, 32.805792217], [73.233354764, 32.807130799], [73.232245337, 32.807850445], [73.229308192, 32.809755666], [73.22846845, 32.810229198], [73.226496155, 32.81131912], [73.224952265, 32.812172299], [73.224582764, 32.812444569], [73.222823645, 32.813740792], [73.22214726300001, 32.814154136], [73.220807019, 32.814973171], [73.220134768, 32.817549923], [73.220331986, 32.818864585], [73.220470893, 32.819790539], [73.220470893, 32.821135042], [73.21890253, 32.821807176], [73.217830782, 32.821807176], [73.217204651, 32.821807176], [73.216325636, 32.821807176], [73.214309022, 32.821135042], [73.213214883, 32.81991922], [73.212292526, 32.818894286], [73.209715773, 32.817101803], [73.207026896, 32.816317544], [73.204674274, 32.816317544], [73.203694061, 32.816730319], [73.202545642, 32.817213927], [73.200753018, 32.817325922], [73.199527953, 32.816917478], [73.199072647, 32.816765677], [73.196495765, 32.816429669], [73.194479269, 32.816653682], [73.191566402, 32.817661918], [73.19111758800001, 32.81788634], [73.18954977700001, 32.818670296], [73.18743613800001, 32.818670296], [73.184844403, 32.818670296], [73.18227871, 32.819415142], [73.181371397, 32.819678544], [73.17877078, 32.820521966], [73.17722614, 32.821022918], [73.173283888, 32.821114671], [73.172408642, 32.821135042], [73.16915976700001, 32.821471179], [73.16723373, 32.822130041], [73.164902397, 32.822927548], [73.16315093300001, 32.82304975], [73.160085017, 32.823263662], [73.158646374, 32.823503439], [73.158067457, 32.823553037], [73.151914014, 32.824625535], [73.150674271, 32.824832179], [73.149397688, 32.824857202], [73.146280485, 32.824918302], [73.14496052, 32.824944174], [73.14320576, 32.824702131], [73.141711645, 32.824496041], [73.139527047, 32.824271989], [73.13865319, 32.824182367], [73.137342268, 32.82404792], [73.136035235, 32.824010546], [73.13516455300001, 32.823985649], [73.134701929, 32.82397242], [73.133421153, 32.823935796], [73.132011508, 32.824104963], [73.131179348, 32.824204828], [73.130620269, 32.824271922], [73.128316772, 32.825354568], [73.127293022, 32.825601143], [73.12669914300001, 32.82572842], [73.126122346, 32.825440044], [73.123562145, 32.824160045], [73.12306159100001, 32.823951447], [73.122107224, 32.823585783], [73.12031327000001, 32.825840427], [73.117724608, 32.8287837], [73.116581615, 32.830329335], [73.116287693, 32.830847118], [73.116035699, 32.831328153], [73.11527177, 32.832786427], [73.11538554, 32.833981317], [73.115495772, 32.835139049], [73.11576084, 32.836928359], [73.115943893, 32.83816404], [73.116973759, 32.839242929], [73.11829664400001, 32.840628787], [73.12105661000001, 32.843130089], [73.121881633, 32.843877791], [73.123040755, 32.844548837], [73.124975313, 32.845668802], [73.126138898, 32.846342431], [73.127065262, 32.846783509], [73.12849163700001, 32.847462663], [73.129996341, 32.848359093], [73.13112457000001, 32.849031238], [73.132252861, 32.84970342], [73.133004849, 32.850151418], [73.133757267, 32.850599672], [73.134486029, 32.85111823], [73.138490519, 32.853967664], [73.139583024, 32.854745047], [73.140495901, 32.855633881], [73.14292724900001, 32.858001195], [73.14384027700001, 32.858890176], [73.144912348, 32.860205905], [73.147861268, 32.863825046], [73.14876964, 32.864940052], [73.150766457, 32.867079521], [73.15190665, 32.868301169], [73.152579579, 32.869759088], [73.15325102300001, 32.871213789], [73.154553718, 32.874470612], [73.15504353, 32.875695173], [73.155526343, 32.877636794], [73.15627064200001, 32.880626261], [73.157047188, 32.882753417], [73.157620271, 32.884321802], [73.158012676, 32.885744046], [73.158516653, 32.887570677], [73.158852767, 32.889587291], [73.15829968, 32.89020774], [73.157396269, 32.891379797], [73.156611607, 32.892399867], [73.156226974, 32.893007569], [73.155749284, 32.894679912], [73.155603892, 32.895188917], [73.155798121, 32.895716263], [73.156387892, 32.897317538], [73.156388651, 32.898089761], [73.156389019, 32.898999047], [73.155152916, 32.899971161], [73.154396367, 32.900858837], [73.153588835, 32.902553986], [73.153361515, 32.903031171], [73.15359367900001, 32.903469874], [73.154272551, 32.904752685], [73.154640674, 32.905349609], [73.156158918, 32.906874199], [73.157147292, 32.907928669], [73.159389048, 32.910089119], [73.16008751800001, 32.910760795], [73.161260512, 32.911594293], [73.161864615, 32.912023477], [73.162771886, 32.912668045], [73.16396503, 32.913284471], [73.164542569, 32.913582866], [73.16579939, 32.914232298], [73.16789618300001, 32.915141485], [73.169942029, 32.916028551], [73.17133816, 32.916822252], [73.174089518, 32.918379928], [73.174457236, 32.919021804], [73.174988143, 32.919948538], [73.1757699, 32.920398303], [73.176698307, 32.920253442], [73.177228019, 32.92017079], [73.179130277, 32.921069298], [73.181370775, 32.922860431], [73.182158145, 32.924207553], [73.181793335, 32.92493644], [73.18159702, 32.925328676], [73.181708639, 32.926670173], [73.183277895, 32.928350415], [73.18391972, 32.9288595], [73.184584656, 32.929386917], [73.18560474, 32.930196067], [73.186137465, 32.930594459], [73.189211901, 32.932608924], [73.191254203, 32.934180178], [73.192100156, 32.934830909], [73.19358139500001, 32.935969547], [73.194927279, 32.93711587], [73.19660877000001, 32.938548038], [73.201311513, 32.942580044], [73.203948628, 32.944672399], [73.205120633, 32.945602299], [73.205459272, 32.947060171], [73.20419097, 32.948325068], [73.203551894, 32.948962429], [73.20299103, 32.949636206], [73.20187177000001, 32.950980793], [73.201197726, 32.951292358], [73.200418759, 32.951652422], [73.199631272, 32.952888042], [73.201230164, 32.953441859], [73.20220977400001, 32.953781172], [73.204672148, 32.955799429], [73.205646076, 32.957537515], [73.206038907, 32.958238566], [73.206317686, 32.958777697], [73.206910264, 32.96015847], [73.207588268, 32.961738297], [73.20774414, 32.963677669], [73.20792127, 32.965881535], [73.208709028, 32.968459427], [73.209345306, 32.969550279], [73.21027776800001, 32.971148915], [73.210573831, 32.972983343], [73.21083802400001, 32.9746203], [73.21160344, 32.976214895], [73.212291269, 32.977647675], [73.212595309, 32.978727079], [73.213300398, 32.981230292], [73.214050661, 32.982325874], [73.21475827, 32.983359171], [73.21464752, 32.984928791], [73.212901735, 32.986461114], [73.210900115, 32.987361947], [73.209936768, 32.987914419], [73.208519011, 32.988727542], [73.208277773, 32.989248347], [73.20743051, 32.991080047], [73.207199735, 32.992817509], [73.20707064, 32.99378998], [73.20604297300001, 32.99467676], [73.20568264, 32.994985168], [73.20511518500001, 32.995470692], [73.204531265, 32.995970305], [73.203454444, 32.99644162], [73.20236749300001, 32.996917368], [73.201632267, 32.99723917], [73.20036209700001, 32.997572519], [73.19819152, 32.998142176], [73.197043774, 32.999101173], [73.196019402, 32.999955796], [73.195315164, 33.001129492], [73.194740845, 33.002036615], [73.19384577000001, 33.003578552], [73.19284287500001, 33.006252881], [73.19221552, 33.007925793], [73.190207899, 33.011439243], [73.18931739, 33.012997683], [73.189020043, 33.01428613], [73.188481544, 33.016619528], [73.18823051000001, 33.017707296], [73.188185273, 33.018974102], [73.188079537, 33.021935063], [73.188049394, 33.022779174], [73.188049394, 33.027247857], [73.188049394, 33.029481163], [73.186779337, 33.031044521], [73.185977893, 33.032031047], [73.185692263, 33.032379668], [73.185294588, 33.03457391], [73.184970514, 33.036362047], [73.18533217800001, 33.037583698], [73.18613041, 33.040280019], [73.186419766, 33.041257425], [73.18709558, 33.042338648], [73.189804114, 33.046671984], [73.190040889, 33.047050795], [73.190520752, 33.047460456], [73.19056964100001, 33.048092836], [73.191169531, 33.049220865], [73.191929891, 33.050596107], [73.192550401, 33.051721699], [73.192763018, 33.052118516], [73.193052715, 33.052659536], [73.196371883, 33.058839109], [73.196613571, 33.059288977], [73.196893207, 33.060207575], [73.197271572, 33.061450501], [73.19726368900001, 33.062649038], [73.197259005, 33.063361023], [73.19693879200001, 33.064800151], [73.19630502000001, 33.065854007], [73.19556214500001, 33.067089564], [73.194251081, 33.069718725], [73.194007642, 33.070559926], [73.193887961, 33.070973482], [73.193768441, 33.071386483], [73.193411404, 33.072620216], [73.193421445, 33.073408826], [73.193437903, 33.07470163], [73.193709063, 33.075651848], [73.19387057, 33.076217808], [73.194199312, 33.077369805], [73.194654071, 33.078076492], [73.195571092, 33.079501527], [73.196039254, 33.080229042], [73.196718098, 33.08094395], [73.199219323, 33.083578059], [73.202518378, 33.087037389], [73.203720122, 33.088297516], [73.204926485, 33.089118909], [73.210261417, 33.092750896], [73.21127877, 33.091243789], [73.212233769, 33.089827106], [73.21281934800001, 33.08895367], [73.213370459, 33.088132211], [73.213709761, 33.087636718], [73.214299712, 33.086937809], [73.21503168000001, 33.08642967], [73.21557807900001, 33.086303299], [73.21619381, 33.086326875], [73.21677200500001, 33.086447387], [73.217469831, 33.086655002], [73.218855731, 33.087102428], [73.221499392, 33.087954677], [73.22248645900001, 33.088272883], [73.223471246, 33.088593131], [73.224156479, 33.088728075], [73.224837905, 33.088865195], [73.230013479, 33.089906647], [73.231712359, 33.090246933], [73.232784674, 33.09035128], [73.233745382, 33.090456877], [73.23553734500001, 33.090640535], [73.239235171, 33.090212026], [73.240379676, 33.090078248], [73.241292266, 33.090104052], [73.24228161, 33.090134035], [73.243021381, 33.090271247], [73.246080511, 33.090854302], [73.248422133, 33.0913004], [73.249890019, 33.091580044], [73.250442543, 33.091699228], [73.25201066800001, 33.091977471], [73.253860242, 33.092328577], [73.255302702, 33.092719382], [73.260174807, 33.094029482], [73.260618522, 33.094154531], [73.261251689, 33.094351383], [73.26185805, 33.094561289], [73.262299925, 33.094726011], [73.263078776, 33.095043675], [73.26367095, 33.095303227], [73.264167127, 33.095548054], [73.26464960700001, 33.095797781], [73.265222855, 33.096119597], [73.26581288, 33.096489504], [73.266181516, 33.096749732], [73.266516949, 33.097015476], [73.26690737, 33.097368544], [73.267284665, 33.097796024], [73.268260021, 33.098810054], [73.26857965, 33.099129827], [73.270829135, 33.099832244], [73.27239319600001, 33.099903972], [73.273191689, 33.09994059], [73.274030322, 33.099879636], [73.274487781, 33.099837953], [73.27496685, 33.099789844], [73.27573198200001, 33.099709241], [73.27642655400001, 33.099637491], [73.277020713, 33.099585615], [73.277856755, 33.099537471], [73.27846265, 33.099518935], [73.279177417, 33.099518935], [73.280039899, 33.099544911], [73.28063983700001, 33.099572482], [73.281293209, 33.099622601], [73.28203351, 33.099691032], [73.282891886, 33.099782152], [73.283663271, 33.099880524], [73.284239213, 33.099961584], [73.28502616, 33.100076756], [73.285834797, 33.100206346], [73.286557935, 33.100322278], [73.287520717, 33.100482145], [73.288443486, 33.1006402], [73.289024685, 33.100736444], [73.289639327, 33.10083562], [73.290549607, 33.100979471], [73.291083831, 33.101061525], [73.292538899, 33.101293789], [73.293079897, 33.101380054], [73.296684882, 33.101955437], [73.297661923, 33.102117367], [73.29838595400001, 33.102261956], [73.298896779, 33.102363391], [73.299780909, 33.102541398], [73.300454009, 33.102683657], [73.301352201, 33.102872457], [73.302068011, 33.103022106], [73.30272513700001, 33.103163686], [73.303622016, 33.103358166], [73.304307778, 33.103510272], [73.304937677, 33.103649983], [73.3059003, 33.103868313], [73.30631435, 33.103963418], [73.30675918, 33.104067973], [73.30729332300001, 33.10419925], [73.307938821, 33.104359295], [73.308542438, 33.10451716], [73.309217363, 33.104691427], [73.309687449, 33.10481134], [73.310132752, 33.104922121], [73.31080447, 33.105082925], [73.31161936, 33.105209339], [73.313682402, 33.105527131], [73.314735891, 33.105685939], [73.31563099600001, 33.105703597], [73.31811858600001, 33.105741427], [73.31998826, 33.105768937], [73.322174276, 33.105053787], [73.32265831, 33.104891985], [73.32326064, 33.104696584], [73.323957643, 33.104536373], [73.32456104900001, 33.104441318], [73.324998484, 33.104400339], [73.325657921, 33.104370479], [73.32647854000001, 33.104378896], [73.32695775900001, 33.104397897], [73.327572852, 33.104441318], [73.32813132400001, 33.104493028], [73.328701218, 33.104561442], [73.329455635, 33.104664744], [73.330213336, 33.104792401], [73.330831726, 33.104910863], [73.331329682, 33.105021298], [73.331820869, 33.105140939], [73.332360742, 33.105293354], [73.333087558, 33.105523979], [73.333701054, 33.105741728], [73.334159933, 33.105930191], [73.334622249, 33.10613108], [73.335297423, 33.106483125], [73.336004365, 33.106935181], [73.336347155, 33.107202774], [73.33666997600001, 33.107492199], [73.337032171, 33.107897494], [73.337427222, 33.10848082], [73.33784647600001, 33.109275588], [73.338116256, 33.109894057], [73.338790457, 33.111352373], [73.33944792, 33.111697106], [73.340786707, 33.111569824], [73.34249253, 33.111403647], [73.342940653, 33.111363163], [73.34374176, 33.111032939], [73.344571199, 33.110694522], [73.345445794, 33.110334116], [73.347462766, 33.108732029], [73.34998732000001, 33.105812734], [73.350292793, 33.105448631], [73.350636433, 33.105051314], [73.350973402, 33.10468044], [73.351507499, 33.104161076], [73.352167034, 33.10368691], [73.352809668, 33.103461365], [73.353399437, 33.103482695], [73.35382337, 33.10363506], [73.354255344, 33.103944928], [73.354566294, 33.104373924], [73.354750014, 33.10494556], [73.355067053, 33.105717802], [73.35671141200001, 33.104613049], [73.357191509, 33.104211882], [73.35769921, 33.10379816], [73.358222351, 33.103383754], [73.358706295, 33.103020762], [73.359270355, 33.102642639], [73.359779001, 33.102368505], [73.360229567, 33.102196722], [73.36069637700001, 33.102102707], [73.361259741, 33.102077187], [73.361922329, 33.102153507], [73.36258976500001, 33.102286568], [73.36302704900001, 33.102397171], [73.36360804600001, 33.102559012], [73.364240542, 33.102756043], [73.364949068, 33.102992789], [73.365756708, 33.103290108], [73.366323482, 33.103522672], [73.366848298, 33.103742522], [73.367425033, 33.103956361], [73.368096249, 33.10423994], [73.36843756600001, 33.104677033], [73.368505874, 33.105310235], [73.368484228, 33.105802613], [73.368457888, 33.106451014], [73.368370426, 33.108599737], [73.368935049, 33.109665386], [73.369312304, 33.110036261], [73.369752184, 33.110415491], [73.370234699, 33.11084698], [73.370634222, 33.111371871], [73.370763869, 33.112071028], [73.370653548, 33.112679696], [73.370578599, 33.114289657], [73.371055227, 33.11495485], [73.371340012, 33.115349924], [73.372091803, 33.116390301], [73.373425346, 33.118248596], [73.373718904, 33.118677398], [73.374004724, 33.119072753], [73.374452725, 33.119664863], [73.374969719, 33.120281557], [73.375509046, 33.120886197], [73.376065751, 33.121510388], [73.376496048, 33.122023902], [73.376905612, 33.122567876], [73.377250349, 33.123091408], [73.37760207, 33.123733179], [73.377872702, 33.124306642], [73.37805089000001, 33.124699281], [73.378254456, 33.125172273], [73.378869065, 33.126408837], [73.379724049, 33.127320398], [73.381551156, 33.128422616], [73.382369709, 33.128918246], [73.38287089900001, 33.129212406], [73.383439067, 33.129550489], [73.384018771, 33.129915437], [73.38448629, 33.130238663], [73.38618068800001, 33.13153705], [73.387147932, 33.132483632], [73.38787971500001, 33.133204688], [73.38833245, 33.133650982], [73.388884473, 33.134203476], [73.389648903, 33.135213286], [73.390497643, 33.136382052], [73.391039016, 33.1371013], [73.391299269, 33.137448418], [73.392301431, 33.138710594], [73.394355589, 33.140786085], [73.395437528, 33.1418788], [73.39581014, 33.143998543], [73.39556939, 33.144989989], [73.395017507, 33.147262729], [73.394811392, 33.148111542], [73.394173597, 33.149233951], [73.39169226700001, 33.153600668], [73.390158553, 33.156671335], [73.389200019, 33.158590427], [73.388230534, 33.16002901], [73.385806943, 33.163625285], [73.385081888, 33.164701168], [73.383953727, 33.165955631], [73.383391544, 33.166580753], [73.381717765, 33.168441919], [73.37964888, 33.169658389], [73.378099014, 33.170567545], [73.377972023, 33.172561048], [73.378598634, 33.173360821], [73.38021964900001, 33.175429796], [73.382698994, 33.177787913], [73.383742387, 33.178416669], [73.386457886, 33.180042422], [73.388288622, 33.181159648], [73.388737653, 33.181433674], [73.389322395, 33.181789681], [73.390174517, 33.181663548], [73.39082964100001, 33.181565933], [73.391819646, 33.18141842], [73.392341021, 33.181320799], [73.395937894, 33.180669802], [73.397214308, 33.18112591], [73.399440528, 33.181921417], [73.399808762, 33.182453169], [73.40142002200001, 33.184779924], [73.40306331100001, 33.187362214], [73.403443206, 33.187876159], [73.40397583500001, 33.188551258], [73.40424138, 33.188887832], [73.405039888, 33.189899927], [73.406910017, 33.191270053], [73.407755671, 33.191551935], [73.409160016, 33.192020045], [73.40980419600001, 33.19282845], [73.41065002900001, 33.193889916], [73.41183645000001, 33.194257711], [73.412650026, 33.194509922], [73.413900137, 33.196009928], [73.41365851, 33.197910559], [73.41352002100001, 33.198999913], [73.41372002, 33.201280056], [73.414890019, 33.203250049], [73.416729236, 33.204073122], [73.418510026, 33.204870048], [73.419324799, 33.20532216], [73.420421741, 33.205930846], [73.421880021, 33.206740036], [73.422880025, 33.208479921], [73.421677632, 33.209843054], [73.421010014, 33.210599922], [73.41976002, 33.213220054], [73.41976002, 33.21497005], [73.421880021, 33.216339918], [73.423225583, 33.216453838], [73.426370012, 33.216720058], [73.42805564800001, 33.217029445], [73.431110016, 33.217590053], [73.43240085500001, 33.217702496], [73.43398002, 33.217840054], [73.43509977, 33.219709666], [73.434063019, 33.221512241], [73.43198001200001, 33.224450046], [73.429819247, 33.227160976], [73.429142655, 33.227988681], [73.428494522, 33.22869417], [73.42724001900001, 33.230060046], [73.427011189, 33.231688592], [73.429203525, 33.233895521], [73.430746141, 33.235020047], [73.431805208, 33.235786808], [73.432858027, 33.236549047], [73.43354751800001, 33.236409796], [73.434284218, 33.236259448], [73.435359894, 33.236039921], [73.435987716, 33.235996714], [73.43710002600001, 33.235920163], [73.438559073, 33.235070963], [73.440090022, 33.234179914], [73.441679198, 33.234132686], [73.444260968, 33.234055961], [73.446450025, 33.23429993], [73.447330025, 33.235920163], [73.445609053, 33.236837896], [73.44420990200001, 33.237420041], [73.444140019, 33.239970054], [73.44433002400001, 33.240910039], [73.445458704, 33.241910795], [73.446450025, 33.242790056], [73.448485292, 33.244410197], [73.448949895, 33.244780036], [73.450940028, 33.245650055], [73.452030379, 33.245584561], [73.452940025, 33.245529922], [73.454783687, 33.245654703], [73.456172948, 33.246532072], [73.457526012, 33.246864864], [73.457984722, 33.246700106], [73.459555642, 33.24566929], [73.462837992, 33.243515577], [73.463385488, 33.243154891], [73.464114645, 33.242483247], [73.46541001700001, 33.24129005], [73.466314471, 33.239829366], [73.466766454, 33.239099419], [73.46721945, 33.238367835], [73.467670021, 33.237640167], [73.468650026, 33.236050043], [73.47023290700001, 33.233503127], [73.470899895, 33.232429918], [73.471400027, 33.232099923], [73.472770012, 33.231190047], [73.474559116, 33.231268404], [73.475510019, 33.231310051], [73.477880021, 33.23106005], [73.479880018, 33.230439926], [73.480410679, 33.227460327], [73.480384895, 33.226110054], [73.480750014, 33.22519992], [73.482130017, 33.225450051], [73.48264439, 33.225543915], [73.484870024, 33.225950053], [73.486807723, 33.225602581], [73.48746002300001, 33.225550044], [73.490359397, 33.225448794], [73.49273852600001, 33.22573715], [73.494990013, 33.226010013], [73.496679205, 33.224766777], [73.498020018, 33.22377992], [73.50062002300001, 33.223050056], [73.501832785, 33.222977202], [73.503450018, 33.22288005], [73.505156705, 33.223383417], [73.506900136, 33.224179929], [73.50778912, 33.224678085], [73.50876476900001, 33.225224804], [73.50922003, 33.225480054], [73.510470024, 33.226220041], [73.513379831, 33.226949292], [73.518770028, 33.228300174], [73.519581015, 33.228455964], [73.520478089, 33.228628414], [73.521500017, 33.228990052], [73.52195002900001, 33.229950047], [73.521923618, 33.230629294], [73.52189233300001, 33.231486115], [73.522109661, 33.231854274], [73.522284573, 33.232282063], [73.522403839, 33.232689473], [73.522512315, 33.233209818], [73.5235633, 33.233513399], [73.524380027, 33.234080179], [73.524500019, 33.234700044], [73.524042037, 33.235431209], [73.524194561, 33.236045752], [73.524380027, 33.237189921], [73.523930016, 33.237470043], [73.52325712400001, 33.23707698], [73.522803323, 33.236810921], [73.52218002, 33.237019926], [73.521550008, 33.237640167], [73.522010013, 33.23861005], [73.522903262, 33.239148273], [73.523240396, 33.239442174], [73.52412015, 33.240220044], [73.52653002000001, 33.242059922], [73.527697083, 33.243715486], [73.528025371, 33.244227156], [73.528460028, 33.244880041], [73.528740138, 33.245390166], [73.529590017, 33.245790058], [73.530380018, 33.245620051], [73.531960137, 33.244769914], [73.533260016, 33.243409921], [73.533660013, 33.242229917], [73.533660013, 33.240590049], [73.533436611, 33.239935609], [73.532810016, 33.238100043], [73.53311286600001, 33.237228693], [73.53338002000001, 33.236460046], [73.532503641, 33.234435848], [73.532252287, 33.2338525], [73.531999228, 33.23295376], [73.531400027, 33.230812305], [73.530890143, 33.228990052], [73.531680026, 33.227630047], [73.532284645, 33.227174184], [73.533550143, 33.226220041], [73.534110142, 33.2254198], [73.533833974, 33.225078811], [73.533430022, 33.224580043], [73.537001777, 33.223157818], [73.538980155, 33.222370054], [73.539200023, 33.221800051], [73.53886112900001, 33.220056792], [73.538640142, 33.218920041], [73.538410022, 33.215980048], [73.538410022, 33.214604918], [73.538410022, 33.214170044], [73.538580017, 33.213380043], [73.538920018, 33.212640045], [73.540315844, 33.211445105], [73.541419825, 33.210498454], [73.542149892, 33.209869917], [73.542310023, 33.20794005], [73.542150528, 33.20753832], [73.54177022600001, 33.206579384], [73.54201856200001, 33.205973827], [73.543304184, 33.20428397], [73.544412813, 33.202913018], [73.54514911400001, 33.202099927], [73.546160138, 33.200989916], [73.546777265, 33.200261844], [73.547438736, 33.199482784], [73.548000017, 33.199039804], [73.549070152, 33.199259931], [73.549987466, 33.199960332], [73.550749642, 33.20058467], [73.552000023, 33.201609922], [73.55321231, 33.202879013], [73.553710021, 33.203400045], [73.554499893, 33.204970053], [73.554499893, 33.206540049], [73.55439663, 33.207317161], [73.554129407, 33.209328168], [73.553919109, 33.210903642], [73.553710021, 33.212470051], [73.553850024, 33.215190047], [73.554780027, 33.217400165], [73.556070265, 33.219050051], [73.557930025, 33.220120056], [73.559103516, 33.220251532], [73.560430153, 33.220400167], [73.561860017, 33.221480049], [73.56236002, 33.222830036], [73.562210024, 33.224120039], [73.56086002500001, 33.225550044], [73.55943807300001, 33.226117084], [73.557599122, 33.226851095], [73.557570025, 33.228120044], [73.55791963, 33.229039996], [73.558140017, 33.229619922], [73.559075817, 33.233521676], [73.559534842, 33.234789403], [73.560080018, 33.236289922], [73.560760149, 33.237130172], [73.561720015, 33.237529922], [73.562570023, 33.237300178], [73.562789891, 33.236230172], [73.562123258, 33.234211191], [73.561720807, 33.232992001], [73.561860017, 33.230550043], [73.562280025, 33.229980039], [73.563280029, 33.229980039], [73.56479001800001, 33.230690174], [73.565492498, 33.231055976], [73.566710138, 33.231690038], [73.567827108, 33.23246941], [73.569039961, 33.233265107], [73.570570024, 33.233909926], [73.57202908, 33.234059552], [73.57246991400001, 33.233714193], [73.57299560700001, 33.233292646], [73.57356725800001, 33.232897823], [73.574139212, 33.232075355], [73.57557001, 33.230690174], [73.57622470841798, 33.23046114543026], [73.57653328078635, 33.22287574042315], [73.58287481062405, 33.20342199083228], [73.60143078299045, 33.18742590412117], [73.61035476935717, 33.179246157484215], [73.61458245531611, 33.15742321500943], [73.6075363120512, 33.14267490812057], [73.5878071100102, 33.112580675957474], [73.59062556821544, 33.093692754616995], [73.60049016878634, 33.07952414981969], [73.61246861143735, 33.068305718833926], [73.63431165645784, 33.05826696275017], [73.66320084474324, 33.05118009278709], [73.6949084894353, 33.05177068656798], [73.74634533526904, 33.01573718772107], [73.77119867914858, 33.007982335261126], [73.77664375220746, 33.00628333900494], [73.79144065306372, 33.00805601337436], [73.80031229177001, 33.01196608929495], [73.802221883, 33.010898168], [73.805817409, 33.008887403], [73.801050317, 32.99500998], [73.79615629700001, 32.986232224], [73.79533070100001, 32.985419413], [73.794406053, 32.984566103], [73.793403057, 32.983643051], [73.792650023, 32.982950038], [73.79141322800001, 32.982054928], [73.790080022, 32.981090043], [73.7886255, 32.979713589], [73.787146335, 32.978313803], [73.785953391, 32.977508925], [73.782984702, 32.975649197], [73.781179886, 32.973020281], [73.780170818, 32.971657068], [73.779352786, 32.970551913], [73.778438098, 32.969316141], [73.777980628, 32.968824397], [73.777099506, 32.967920923], [73.775630665, 32.966415614], [73.775043303, 32.96581355], [73.774161161, 32.964909328], [73.773498042, 32.964303252], [73.772834671, 32.963696946], [73.768853946, 32.960058651], [73.76719334, 32.958540894], [73.76591267, 32.956994613], [73.76528754, 32.956239875], [73.76437794478545, 32.95514177155571], [73.76196236353843, 32.95600436571776], [73.75669318130831, 32.95600436571776], [73.75656864753017, 32.95601149229545], [73.75644573973116, 32.95603277898014], [73.75632606266072, 32.956067947841575], [73.75347120099246, 32.95708740724148], [73.75212920923414, 32.955170528216726], [73.75206211615613, 32.95508423548361], [73.75198672978493, 32.95500508491858], [73.75190380594091, 32.95493387008165], [73.7518141760148, 32.954871304969565], [73.75171873863219, 32.95481801685732], [73.751618450644, 32.95477454000912], [73.75151431753306, 32.95474131032189], [73.75140738333327, 32.95471866095499], [73.7512987201621, 32.95470681898995], [73.75118941747161, 32.954705903153766], [73.75108057112564, 32.95471592262858], [73.74230966029928, 32.955968745150535], [73.73714889354137, 32.953511560276254], [73.73705956006813, 32.953473797917724], [73.73696722750219, 32.9534441135375], [73.73687262465452, 32.95342274144405], [73.73677649825622, 32.953409850334275], [73.7366796070642, 32.953405541961885], [73.731298930587, 32.953405541961885], [73.72227864300277, 32.952117098872705], [73.72212428034122, 32.95210613008395], [73.71848544866047, 32.95210613008395], [73.71837844829783, 32.95211138667469], [73.71827247840717, 32.952127105823074], [73.71816855953647, 32.9521531361451], [73.71806769248126, 32.952189226954545], [73.71797084864643, 32.95223503067718], [73.71787896069104, 32.95229010619813], [73.71779291354633, 32.95235392311], [73.71771353589335, 32.95242586682106], [73.7176415921823, 32.95250524447403], [73.71757777527043, 32.95259129161874], [73.71752269974948, 32.95268317957412], [73.71747689602684, 32.952780023408955], [73.7174408052174, 32.952880890464165], [73.71741477489537, 32.952984809334865], [73.717399055747, 32.953090779225526], [73.71739379915626, 32.95319777958817], [73.71739379915626, 32.95653418991804], [73.71276670093376, 32.95983882553639], [73.70594141509008, 32.95862018473713], [73.70583891091658, 32.95860685410565], [73.70573560542041, 32.95860327838427], [73.70563242484225, 32.958609489633005], [73.70553029430273, 32.95862543216159], [73.7054301295078, 32.95865096302877], [73.7053328285385, 32.9586858533239], [73.70523926379869, 32.95872979021938], [73.70515027419306, 32.958782379775485], [73.70506665760551, 32.95884315047243], [73.70498916374527, 32.95891155743804], [73.70491848742495, 32.9589869873331], [73.70485526233091, 32.95906876385054], [73.70366783428072, 32.960764866608756], [73.70092574339937, 32.95880648778048], [73.70084106845005, 32.95875173634387], [73.70075170279594, 32.95870503145424], [73.70065840890433, 32.95866677159745], [73.69701957722359, 32.95736735971951], [73.69691729444214, 32.957336389516044], [73.69681247354463, 32.95731556884539], [73.69670611910647, 32.95730509724729], [73.69659925040015, 32.95730507507874], [73.69649289162675, 32.9573155025522], [73.69638806210028, 32.957336279733546], [73.69628576647891, 32.957367207499836], [73.69618698513645, 32.95740798944764], [73.6960926647669, 32.95745823473367], [73.69600370931141, 32.95751746182056], [73.69592097129528, 32.95758510309175], [73.6958452436575, 32.95766051029141], [73.69577725215152, 32.9577429607371], [73.69571764838969, 32.95783166424582], [73.69566700359856, 32.957925770706886], [73.69562580314424, 32.95802437822914], [73.69559444188084, 32.95812654178449], [73.69557322036636, 32.95823128226475], [73.69556234198207, 32.95833759586518], [73.69556191098351, 32.9584444637047], [73.69557193150128, 32.95855086159052], [73.69559230750139, 32.95865576983377], [73.6956228437057, 32.95875818302192], [73.69566324746343, 32.95885711965439], [73.69733117378675, 32.96243077757461], [73.69558201358161, 32.97117542872895], [73.69556587692341, 32.97128447946064], [73.69556082077911, 32.971394601616566], [73.69556689670921, 32.971504672216156], [73.69558404275385, 32.97161356880459], [73.69561208406472, 32.97172018089915], [73.69565073468802, 32.97182342131342], [73.69569960048057, 32.971922237244016], [73.69575818312904, 32.97201562100662], [73.6971392887526, 32.97398836963517], [73.69410385631298, 32.97832413156403], [73.68890550873734, 32.98079920971294], [73.6888127150159, 32.980849018008016], [73.68872515276435, 32.98090753632226], [73.68864363695411, 32.980974220006004], [73.68856892628028, 32.98104844841171], [73.6885017161003, 32.98112953067059], [73.68844263196199, 32.98121671212273], [73.68839222378132, 32.981309181340954], [73.68835096072424, 32.981406077683076], [73.68831922683991, 32.98150649930218], [73.68829731748632, 32.98160951154039], [73.68828543658117, 32.98171415562809], [73.68828369470408, 32.98181945760747], [73.68829210806729, 32.98192443739751], [73.68831059836478, 32.98202811791591], [73.68833899350112, 32.98212953417314], [73.6883770291932, 32.98222774225389], [73.68842435143002, 32.98232182810246], [73.68848051976755, 32.98241091603012], [73.6896797178266, 32.984123830876044], [73.68374637073208, 32.9883613787304], [73.68064483466023, 32.987253832912074], [73.6805444785684, 32.987223346383175], [73.68044165994586, 32.98720263154614], [73.68033732792888, 32.987191879623175], [73.68023244562413, 32.98719118986712], [73.68012798121806, 32.98720056864523], [73.68002489903945, 32.98721992938039], [73.67456665151833, 32.988519341258325], [73.67445802241494, 32.98855123674901], [73.67435328093268, 32.98859421146631], [73.67425355364405, 32.9886478031852], [73.67415991319014, 32.98871143548692], [73.67407336674361, 32.98878442395878], [73.67399484517583, 32.988865983555534], [73.67392519304457, 32.9889552370431], [73.67258320128624, 32.990872116067855], [73.66972833961799, 32.98985265666795], [73.66962777076824, 32.98982211654539], [73.66952473105864, 32.98980138948896], [73.66942017564534, 32.989790667634054], [73.66931507373475, 32.989790050369976], [73.66921039959921, 32.98979954341865], [73.66910712354566, 32.98981905878152], [73.66900620292114, 32.989848415555336], [73.66890857323833, 32.989887341609055], [73.6688151395036, 32.98993547610645], [73.66872676782778, 32.98999237285098], [73.66373279648798, 32.99355902624215], [73.66063126041612, 32.992451480423824], [73.66052891486741, 32.99242049452598], [73.66042402873444, 32.99239967058982], [73.66031760843387, 32.99238920842782], [73.6602106751032, 32.99238920842782], [73.66010425480263, 32.99239967058982], [73.65999936866966, 32.99242049452598], [73.65989702312095, 32.992451480423824], [73.6570421614527, 32.99347093982373], [73.65570016969437, 32.991554060798975], [73.65563096687711, 32.99146532560474], [73.6555529968555, 32.99138418596991], [73.65546708813733, 32.991311504082525], [73.65537415358683, 32.99124805225879], [73.65527518072459, 32.99119450473644], [73.64981693320347, 32.988595680980566], [73.64971071047628, 32.98855180580642], [73.64960046369949, 32.988519341258325], [73.64531961947044, 32.98750022664007], [73.64673916276583, 32.98344492190251], [73.64676866360233, 32.98334582433263], [73.64678865662708, 32.98324438022648], [73.64679896248433, 32.983141499630555], [73.6467994887211, 32.98303810547799], [73.64679023061657, 32.98293512530896], [73.64677127122441, 32.98283348294988], [73.64674278062775, 32.98273409022574], [73.64670501441327, 32.98263783878026], [73.64665831137854, 32.98254559207703], [73.6466030904925, 32.98245817765341], [73.64332583521188, 32.977776999943316], [73.64487861031775, 32.97445006218964], [73.64491943281448, 32.97434993484893], [73.64495014947406, 32.97424626012964], [73.64497045893008, 32.97414005520229], [73.64498016192294, 32.97403236206172], [73.64497916325494, 32.973924237303876], [73.64496747272416, 32.973816741759386], [73.6449452050284, 32.97371093008554], [73.64491257863989, 32.97360784041889], [73.64486991366174, 32.97350848418992], [73.64481762868736, 32.973413836199704], [73.6447562366937, 32.973324825055975], [73.64468634000812, 32.97324232406238], [73.64460862439908, 32.9731671426504], [73.6445238523478, 32.97310001843779], [73.64134221702865, 32.97082772057535], [73.64134221702865, 32.96903293269926], [73.64298603221039, 32.96551093471802], [73.64650682231239, 32.961739155575984], [73.64657427650528, 32.96165958919213], [73.6466338285492, 32.96157394789576], [73.64668493470054, 32.961483013639985], [73.64672712833146, 32.96138761670561], [73.64676002419043, 32.961288628120194], [73.64838743997102, 32.95547719307408], [73.6563467401889, 32.95434029968075], [73.65962968862591, 32.95668495454143], [73.65972473552831, 32.95674567633812], [73.65982554044172, 32.95679626704559], [73.65993102730182, 32.95683618662216], [73.66004007006585, 32.956865008937505], [73.66015150473274, 32.95688242632144], [73.66026414176854, 32.95688825284827], [73.66754180513003, 32.95688825284827], [73.66765060052373, 32.956882817964825], [73.66775831262048, 32.956866567430666], [73.66786386890995, 32.95683966305554], [73.66796621834759, 32.95680237273155], [73.66806434182008, 32.95675506776572], [73.66815726229291, 32.95669821918282], [73.6682440545388, 32.95663239303527], [73.66832385435043, 32.95655824476685], [73.66839586714555, 32.95647651268632], [73.6684593758787, 32.956388010615946], [73.66851374818106, 32.95629361978808], [73.66855844265699, 32.956194280070605], [73.6685930142749, 32.956090980608444], [73.67041243011528, 32.94959392121876], [73.67043483478295, 32.94949715979776], [73.67044835220128, 32.94939876253596], [73.67045287047462, 32.94929954395436], [73.67044835220128, 32.949200325372765], [73.67043483478295, 32.94910192811096], [73.67041243011528, 32.949005166689965], [73.66863345463425, 32.94265251816587], [73.66863345463425, 32.93760483705292], [73.66862852596101, 32.93750122008721], [73.66861378444608, 32.937398538759105], [73.66858936320199, 32.93729772025763], [73.668555482747, 32.93719967495089], [73.66851244901392, 32.93710528816569], [73.66846065058756, 32.937015412193205], [73.6684005551959, 32.93693085859301], [73.66833270548668, 32.936852390864864], [73.6682577141273, 32.936780717554484], [73.66817625827265, 32.93671648585554], [73.66623720763099, 32.935331631783264], [73.66790892377762, 32.93473466879952], [73.66800221766923, 32.934696408942735], [73.66809158332333, 32.9346497040531], [73.66817625827265, 32.93459495261649], [73.67363450579377, 32.93069671698268], [73.67371596164841, 32.93063248528374], [73.6737909530078, 32.93056081197336], [73.67385880271702, 32.93048234424521], [73.67391889810868, 32.93039779064502], [73.67397069653504, 32.93030791467253], [73.67401373026811, 32.93021352788733], [73.67404761072311, 32.93011548258059], [73.6740720319672, 32.93001466407912], [73.67408677348213, 32.92991198275101], [73.67409170215537, 32.9298083657853], [73.67409170215537, 32.92777136733337], [73.67727333747452, 32.92549906947093], [73.67735869675823, 32.92543143059279], [73.67743689159873, 32.925355622993735], [73.68107572327948, 32.92145738735992], [73.68114769055754, 32.92137190885342], [73.68121054279288, 32.92127952129638], [73.68126362145956, 32.92118119266714], [73.6813063704329, 32.92107795319086], [73.68133834181621, 32.920970884545426], [73.68135920063357, 32.920861108528364], [73.68136872833948, 32.92074977530329], [73.68136682510868, 32.92063805134929], [73.681353510882, 32.92052710723925], [73.68132892515752, 32.92041810537534], [73.67961858967162, 32.9143105674604], [73.68126692712521, 32.9107788801707], [73.68130774962194, 32.910678752829995], [73.68133846628152, 32.9105750781107], [73.68135877573754, 32.910468873183355], [73.6813684787304, 32.910361180042784], [73.6813674800624, 32.91025305528494], [73.68135578953162, 32.91014555974045], [73.68133352183587, 32.9100397480666], [73.68130089544735, 32.90993665839996], [73.6812582304692, 32.909837302170985], [73.68120594549482, 32.90974265418077], [73.68114455350116, 32.90965364303704], [73.68107465681558, 32.90957114204345], [73.68099694120654, 32.90949596063146], [73.68091216915526, 32.909428836418854], [73.67545392163414, 32.90553060078504], [73.67536924668482, 32.905475849348434], [73.67527988103072, 32.9054291444588], [73.67518658713911, 32.905390884602014], [73.67154775545836, 32.904091472724076], [73.67144718660862, 32.90406093260152], [73.67134414689902, 32.90404020554509], [73.67123959148572, 32.90402948369018], [73.67113448957512, 32.9040288664261], [73.67102981543958, 32.904038359474775], [73.67092653938603, 32.90405787483765], [73.67082561876151, 32.90408723161146], [73.6707279890787, 32.90412615766518], [73.67063455534397, 32.90417429216258], [73.67054618366815, 32.904231188907104], [73.66708118324658, 32.90670586380272], [73.66269641585077, 32.90774971877889], [73.6612533528811, 32.90465784755002], [73.66120075981125, 32.90455878589617], [73.66113828005957, 32.904465643409125], [73.66106657314513, 32.9043794032753], [73.66098639598634, 32.90430097582177], [73.66089859491116, 32.904231188907104], [73.65725976323041, 32.90163236515123], [73.65716471632801, 32.901571643354536], [73.65706391141461, 32.90152105264707], [73.6569584245545, 32.9014811330705], [73.65684938179048, 32.901452310755154], [73.65673794712359, 32.90143489337122], [73.65662531008779, 32.901429066844386], [73.65355480893592, 32.901429066844386], [73.65206133801362, 32.899295817465415], [73.65199168588236, 32.89920656397785], [73.65191316431458, 32.8991250043811], [73.65182661786805, 32.899052015909234], [73.65173297741414, 32.89898838360752], [73.65163325012551, 32.89893479188862], [73.65152850864325, 32.898891817171325], [73.65141987953986, 32.89885992168064], [73.64601970992757, 32.897574336058156], [73.64276473563964, 32.896411998081796], [73.63952280118828, 32.89178127206511], [73.63952280118828, 32.88692777381336], [73.63951787251504, 32.88682415684765], [73.63950313100011, 32.88672147551954], [73.63947870975602, 32.88662065701807], [73.63944482930103, 32.88652261171133], [73.63940179556795, 32.88642822492613], [73.6393499971416, 32.88633834895364], [73.63928990174993, 32.88625379535345], [73.63922205204071, 32.8861753276253], [73.63914706068132, 32.88610365431492], [73.63906560482668, 32.88603942261598], [73.63375976713323, 32.88225003683166], [73.63224513782679, 32.88008656516367], [73.63224513782679, 32.87653247878986], [73.63223948642391, 32.876421542934736], [73.6322225907292, 32.87631175569592], [73.63219462567864, 32.876204253797084], [73.63215588081891, 32.87610015029978], [73.6321067573096, 32.87600052307889], [73.63204776376952, 32.87590640366254], [73.63022834792915, 32.873307579906665], [73.63015935263485, 32.87321908431691], [73.63008163720039, 32.87313813908055], [73.62999602278873, 32.87306559948752], [73.62990341402559, 32.87300223201139], [73.629804789441, 32.87294870621056], [73.62970119112978, 32.87290558765358], [73.62606235944904, 32.87160617577564], [73.62594805777464, 32.87157227224395], [73.61587039526343, 32.86917314426043], [73.61587039526343, 32.86150136155856], [73.61905203058258, 32.85922906369612], [73.61913348643722, 32.85916483199718], [73.6192084777966, 32.8590931586868], [73.61927632750583, 32.85901469095865], [73.61933642289749, 32.858930137358456], [73.61938822132385, 32.85884026138597], [73.61943125505692, 32.85874587460077], [73.61946513551192, 32.85864782929403], [73.61948955675601, 32.858547010792556], [73.61950429827094, 32.85844432946445], [73.61950922694417, 32.85834071249874], [73.61950922694417, 32.854442476864925], [73.61950206257254, 32.85431761439142], [73.61948066349551, 32.854194390834365], [73.61766124765514, 32.84639791956674], [73.61763278852183, 32.846297801961704], [73.61759492383412, 32.846200849795494], [73.61754799781114, 32.84610794443787], [73.61749243704654, 32.84601993046998], [73.61385360536579, 32.84082228295823], [73.61379113983352, 32.840741399171684], [73.61372138426141, 32.84066671122216], [73.61364494999209, 32.84059887368004], [73.61356250690085, 32.840538481078234], [73.61347477752464, 32.840486062701714], [73.60619711416315, 32.8365878270679], [73.60610171224411, 32.83654252121062], [73.60600237875116, 32.83650664637209], [73.6059000434331, 32.8364805383362], [73.6057956641354, 32.836464441470845], [73.60569021783495, 32.83645850644062], [73.60558469149564, 32.83646278879665], [73.6054800728305, 32.83647724845663], [73.60537734105687, 32.83650175008], [73.60527745773099, 32.83653606433468], [73.60518135774805, 32.83657987004364], [73.60508994059157, 32.83663275719106], [73.60500406191444, 32.836694230759996], [73.60492452553012, 32.836763715365706], [73.60485207588897, 32.836840560641164], [73.60478739111039, 32.836924047324416], [73.60353912039396, 32.838707056749556], [73.5953067276578, 32.83400345082601], [73.59521443552113, 32.83395638136615], [73.59511809696049, 32.83391827291203], [73.59501857967652, 32.83388946869826], [73.59491677999989, 32.8338702281582], [73.59481361481836, 32.83386072458722], [73.59471001331846, 32.83386104358195], [73.59460690861653, 32.83387118226926], [73.59450522935437, 32.8338910493322], [73.59440589133517, 32.833920465832406], [73.59430978927504, 32.83395916682181], [73.5942177887445, 32.83400680372895], [73.59413071837248, 32.83406294749848], [73.59095616287306, 32.83633018901172], [73.58799803903754, 32.835273855115155], [73.58448312961549, 32.83276353562054], [73.58439447294514, 32.83270647428843], [73.58430072516045, 32.832658231634205], [73.58420276072783, 32.83261925765871], [73.58410149344606, 32.83258991590583], [73.57870132383377, 32.831304330283345], [73.57511871591859, 32.83002499568164], [73.57501753122646, 32.82999430068484], [73.57491385154015, 32.82997353900386], [73.57480864958319, 32.82996290542494], [73.57470291236103, 32.829962499712394], [73.57459763190104, 32.829972325672614], [73.5744937959452, 32.82999229111837], [73.57439237868316, 32.83002220873373], [73.57429433161234, 32.83006179783141], [73.57420057461104, 32.83011068698623], [73.5741119873081, 32.8301684175198], [73.57402940083017, 32.830234447803875], [73.57395359000417, 32.830308158341865], [73.57053951912924, 32.83396561048823], [73.56547191338062, 32.835172024649], [73.55344534601983, 32.83639906405148], [73.5519934667931, 32.83432522356854], [73.55192933759054, 32.83424238695735], [73.55185756349738, 32.83416607877742], [73.55177880548761, 32.834097001757556], [73.55169378885077, 32.834035792034186], [73.55160329651262, 32.8339830132931], [73.55150816182515, 32.833939151578406], [73.55140926089217, 32.833904610816546], [73.55130750450117, 32.83387970909647], [73.55120382973578, 32.83386467574033], [73.55109919134615, 32.83385964919164], [73.54746035966541, 32.83385964919164], [73.54730599700386, 32.833870617980395], [73.538208917802, 32.83517002985833], [73.5381012161018, 32.83519098376449], [73.53799616181595, 32.83522264319339], [73.53071849845446, 32.837821466949265], [73.53061879006583, 32.83786273589113], [73.53052364335791, 32.83791364750374], [73.53043398807313, 32.837973704295514], [73.53035070029354, 32.83804231941118], [73.53027459388001, 32.83811882236633], [73.53020641251945, 32.83820246559917], [73.53014682245777, 32.83829243177545], [73.53009640598948, 32.83838784177521], [73.52831728468138, 32.84219974333515], [73.52679041888575, 32.84438069340367], [73.521735720927, 32.8455840346852], [73.52163445364522, 32.84561337643809], [73.52153648921261, 32.84565235041358], [73.52144274142792, 32.845700593067804], [73.52135408475756, 32.84575765439992], [73.51771525307682, 32.84835647815579], [73.51763379722217, 32.848420709854736], [73.51755880586279, 32.848492383165116], [73.51749095615357, 32.84857085089326], [73.5174308607619, 32.848655404493456], [73.51737906233555, 32.84874528046594], [73.51733602860247, 32.84883966725114], [73.51730214814748, 32.848937712557884], [73.51727772690339, 32.84903853105936], [73.51726298538846, 32.849141212387465], [73.51725805671522, 32.849244829353175], [73.51725805671522, 32.85549967816703], [73.51575166383867, 32.85872723849688], [73.50763938935896, 32.86104472646904], [73.50442883263908, 32.85875177317929], [73.50434415768976, 32.858697021742685], [73.50425479203565, 32.85865031685305], [73.50416149814404, 32.858612056996265], [73.50124719731993, 32.85757137211744], [73.50124719731993, 32.85500430216887], [73.50442883263908, 32.85273200430643], [73.50451440275533, 32.85266418046798], [73.50459276941773, 32.85258814768504], [73.50466314860905, 32.8525046666256], [73.50472483622254, 32.85241457247373], [73.50477721510605, 32.852318766574015], [73.50481976123642, 32.852218207414076], [73.50485204896201, 32.852113901035395], [73.50487375526112, 32.85200689096841], [73.50488466297364, 32.85189824779253], [73.50488466297364, 32.85178905842557], [73.50487375526112, 32.85168041524969], [73.50485204896201, 32.851573405182705], [73.50481976123642, 32.851469098804024], [73.50477721510605, 32.851368539644085], [73.50472483622254, 32.85127273374437], [73.50466314860905, 32.8511826395925], [73.50459276941773, 32.85109915853306], [73.50451440275533, 32.85102312575012], [73.50442883263908, 32.85095530191167], [73.49760836563918, 32.84608418029335], [73.49760836563918, 32.838849534329675], [73.49760264696565, 32.83873794189699], [73.4975855508603, 32.83862751863204], [73.49755725644113, 32.83851942145305], [73.49751806015229, 32.83841478290756], [73.49746837265815, 32.83831469930657], [73.49740871454075, 32.838220219238366], [73.49733971084555, 32.83813233258232], [73.49726208453285, 32.83805196013782], [73.4971766489031, 32.83797994397692], [73.49708429907601, 32.83791703862185], [73.49698600261213, 32.83786390313982], [73.49215011811806, 32.835561403765205], [73.49215011811806, 32.833651886817925], [73.49214486152732, 32.83354488645528], [73.49212914237894, 32.83343891656462], [73.49210311205692, 32.83333499769392], [73.49206702124748, 32.83323413063871], [73.49202121752484, 32.833137286803876], [73.49196614200389, 32.83304539884849], [73.49190232509201, 32.832959351703785], [73.49183038138096, 32.83287997405081], [73.49175100372798, 32.832808030339756], [73.49166495658328, 32.83274421342788], [73.49157306862789, 32.83268913790693], [73.49147622479306, 32.8326433341843], [73.49137535773785, 32.83260724337485], [73.49127143886714, 32.832581213052826], [73.49116546897649, 32.83256549390444], [73.49105846861384, 32.8325602373137], [73.48749720797701, 32.8325602373137], [73.47847692039278, 32.83127179422452], [73.47837343243901, 32.83126201155033], [73.47826948319036, 32.83126211640575], [73.47816601518309, 32.83127210784002], [73.47806396658987, 32.831291895258076], [73.47796426271323, 32.831321299241985], [73.47786780759543, 32.8313600531778], [73.47777547582142, 32.83140780567298], [73.47768810458861, 32.831464123742606], [73.47494601370725, 32.83342250257088], [73.47405512014505, 32.83214996481342], [73.47046937719378, 32.83214996481342], [73.47388020691018, 32.831900121616556], [73.47375858565707, 32.831726399812666], [73.4736944564545, 32.831643563201474], [73.47362268236134, 32.83156725502155], [73.47354392435157, 32.83149817800168], [73.47345890771473, 32.83143696827831], [73.47336841537658, 32.831384189537225], [73.47327328068911, 32.83134032782253], [73.47317437975613, 32.83130578706067], [73.47307262336513, 32.8312808853406], [73.47296894859974, 32.831265851984455], [73.47286431021011, 32.83126082543576], [73.46941454382036, 32.83126082543576], [73.46609717773255, 32.830076207603405], [73.45894343662975, 32.82496706435292], [73.45885195003991, 32.824908374916205], [73.4587550805955, 32.82485907423831], [73.45865378863951, 32.82481965107564], [73.4585490783588, 32.82479049626102], [73.45844198782875, 32.82477189882907], [73.45833357872203, 32.82476404315075], [73.4582249257834, 32.82476700710559], [73.45811710617491, 32.82478076130957], [73.45142408100519, 32.82597578723656], [73.44819049571173, 32.82251168707424], [73.448110409593, 32.822434224561874], [73.44802284470742, 32.822365328857714], [73.44792871324066, 32.822305717665806], [73.44782899578408, 32.82225601197107], [73.44772473111975, 32.82221672957034], [73.44761700539912, 32.82218827967836], [73.4475069408284, 32.82217095866488], [73.44739568397816, 32.82216494696728], [73.44728439383923, 32.822170307210946], [73.44717422974924, 32.822186983556875], [73.43467470061957, 32.82473757248128], [73.43028997954538, 32.82369372853262], [73.43028997954538, 32.82065776803855], [73.43028505087214, 32.82055415107284], [73.43027030935721, 32.82045146974473], [73.43024588811312, 32.82035065124326], [73.43021200765813, 32.82025260593652], [73.43016897392505, 32.82015821915132], [73.4301171754987, 32.82006834317883], [73.43005708010703, 32.819983789578636], [73.42998923039781, 32.81990532185049], [73.42991423903842, 32.81983364854011], [73.42983278318378, 32.81976941684117], [73.42483173202426, 32.81619770710079], [73.42483173202426, 32.814504857908865], [73.42827318964774, 32.809589136264435], [73.42832983098704, 32.809499210282134], [73.42837745953392, 32.809404202676475], [73.42841562386486, 32.809305013929865], [73.42844396225823, 32.80920258415357], [73.42846220612262, 32.80909788417734], [73.42847018254263, 32.80899190634789], [73.42846781591771, 32.80888565512344], [73.42845512867876, 32.80878013755344], [73.42843224107547, 32.808676353733766], [73.42839937003662, 32.808575287327805], [73.42835682711402, 32.80847789624327], [73.42830501552962, 32.808385103553185], [73.42824442635379, 32.80829778874698], [73.42817563385094, 32.808216779394655], [73.42809929003666, 32.80814284330314], [73.42801611849782, 32.80807668123893], [73.4279269075346, 32.8080189202863], [73.42783250268874, 32.80797010790374], [73.42773379872972, 32.80793070673518], [73.42763173117397, 32.807901090225016], [73.42301231618389, 32.80680137411943], [73.42301231618389, 32.79596894235774], [73.42300705959315, 32.79586194199509], [73.42299134044477, 32.79575597210443], [73.42296531012275, 32.79565205323373], [73.4229292193133, 32.79555118617852], [73.42288341559066, 32.79545434234369], [73.42282834006971, 32.795362454388304], [73.42276452315784, 32.7952764072436], [73.42269257944679, 32.795197029590625], [73.42261320179381, 32.79512508587957], [73.4225271546491, 32.79506126896769], [73.42243526669371, 32.795006193446746], [73.42233842285889, 32.79496038972411], [73.42223755580368, 32.794924298914665], [73.42213363693297, 32.79489826859264], [73.42202766704231, 32.79488254944425], [73.42192066667967, 32.79487729285351], [73.41521133384705, 32.79487729285351], [73.41371786292476, 32.79274404347454], [73.4136486601075, 32.79265530828031], [73.41357069008589, 32.79257416864548], [73.41348478136771, 32.79250148675809], [73.41339184681722, 32.79243803493436], [73.41329287395497, 32.79238448741201], [73.40899962524101, 32.79034035205454], [73.41007903124401, 32.788798546217436], [73.41013551447489, 32.788708900560415], [73.41018304084257, 32.788614201333566], [73.41022116261287, 32.78851534067495], [73.41024952064998, 32.78841324992648], [73.41026784779983, 32.78830889085993], [73.41027597140685, 32.788203246616355], [73.41027381494054, 32.78809731244413], [73.41026139871644, 32.78799208632299], [73.41023883970473, 32.787888559562276], [73.41020635042833, 32.787787707462094], [73.41016423696065, 32.787690480125235], [73.41011289604235, 32.787597793506464], [73.41005281134352, 32.78751052078358], [73.40998454890733, 32.787429484131394], [73.40990875181735, 32.787355446976235], [73.40982613413931, 32.7872891068039], [73.40973747419396, 32.7872310885888], [73.40964360722482, 32.78718193890623], [73.40954541752946, 32.78714212078325], [73.40944383012881, 32.78711200933658], [73.40933980205273, 32.78709188823874], [73.40923431332408, 32.787081947045635], [73.40912835772617, 32.78708227941079], [73.40902293344061, 32.78709288220307], [73.40891903364358, 32.787113655536196], [73.40881763714947, 32.7871444037097], [73.40621333547911, 32.78807438916138], [73.40475685599621, 32.783913566334526], [73.40471462991478, 32.78381021577254], [73.4046620687337, 32.78371171854994], [73.4045997222082, 32.783619104882625], [73.40452824244176, 32.78353334344837], [73.40444837706552, 32.78345533125513], [73.40436096141856, 32.78338588425892], [73.40072212973782, 32.780787060503044], [73.40063347306746, 32.78072999917093], [73.40053972528277, 32.78068175651671], [73.40044176085016, 32.780642782541214], [73.40034049356838, 32.78061344078833], [73.39572107857829, 32.779513724682744], [73.39572107857829, 32.77517835231074], [73.39571621328702, 32.77507540225213], [73.39570166078069, 32.77497336985439], [73.39567755077526, 32.774873164598716], [73.39564409817892, 32.77477567967975], [73.39560160117642, 32.77468178404404], [73.3955504385712, 32.774592314644494], [73.39549106640888, 32.7745080689801], [73.39542401391218, 32.77442979798731], [73.39534987876362, 32.774358199346416], [73.39526932177807, 32.77429391126271], [73.39518306101236, 32.77423750677773], [73.39509186536483, 32.774189488661364], [73.39499654772166, 32.77415028493033], [73.39208224689754, 32.773109600051505], [73.39208224689754, 32.76998070479899], [73.39207659549467, 32.76986976894386], [73.39205969979996, 32.76975998170505], [73.3920317347494, 32.76965247980621], [73.39199298988967, 32.769548376308904], [73.39194386638036, 32.76944874908802], [73.39188487284028, 32.76935462967167], [73.3900654569999, 32.76675580591579], [73.39000299146764, 32.76667492212925], [73.38993323589553, 32.76660023417973], [73.38985680162621, 32.7665323966376], [73.38977435853496, 32.7664720040358], [73.38968662915876, 32.76641958565928], [73.38240896579727, 32.762521350025466], [73.38231198476767, 32.76247538732495], [73.38221095921557, 32.762439169542525], [73.38210686556332, 32.76241304672679], [73.38200070988677, 32.76239727135745], [73.38189351819146, 32.76239199590508], [73.37132682123668, 32.76239199590508], [73.36615322877073, 32.75869705857811], [73.36606515736726, 32.75864033536826], [73.3659720544527, 32.75859231514392], [73.36587477739164, 32.758553440112934], [73.36577422198745, 32.758524068267036], [73.36567131423305, 32.758504470085185], [73.3655670017837, 32.758494826042806], [73.36546224523012, 32.7584952249498], [73.36535800925274, 32.758505663132695], [73.36525525373808, 32.758526044468546], [73.36515492493942, 32.758556181270045], [73.36505794676295, 32.75859579601391], [73.36496521225968, 32.75864452389654], [73.36487757540155, 32.75870191619343], [73.36479584321742, 32.758767444391346], [73.36472076836127, 32.7588405050553], [73.36108193668052, 32.762738740689116], [73.36101562550178, 32.762816822895665], [73.36095692544248, 32.76290077708821], [73.36090635341071, 32.76298986397281], [73.36086435473973, 32.76308329905746], [73.36083129926652, 32.76318025956023], [73.36080747807492, 32.76327989165464], [73.36079310093247, 32.76338131798841], [73.36078829444314, 32.7634836454093], [73.36078829444314, 32.76552064386123], [73.35770268063321, 32.76772436394894], [73.34871405902403, 32.77157612386861], [73.3486087194805, 32.77162814114345], [73.34850957992212, 32.77169117735748], [73.34487074824138, 32.77429000111336], [73.34477440237599, 32.77436740752226], [73.34468742333101, 32.77445520799864], [73.34461092593705, 32.77455227718342], [73.34279151009667, 32.77715110093929], [73.34273812237527, 32.777235296781704], [73.3426926385003, 32.777324012089245], [73.34265543782335, 32.77741650694484], [73.34083602198298, 32.78261415445659], [73.34080544927698, 32.78271763398063], [73.3407852415913, 32.782823626205285], [73.34077559635178, 32.78293109560373], [73.3407766077908, 32.783038992217385], [73.34078826602679, 32.783146261913856], [73.34081045716069, 32.783251856685624], [73.3408429643887, 32.783354744888904], [73.34088547012048, 32.78345392132266], [73.34093755908195, 32.78354841704924], [73.3409987223724, 32.78363730886072], [73.34106836243642, 32.78371972829855], [73.34430974843917, 32.787192185264814], [73.34262269948807, 32.79442144444924], [73.34260420456295, 32.79452160745152], [73.34259512566484, 32.79462305824201], [73.34259554183284, 32.79472491361048], [73.34260544944387, 32.794826286824524], [73.34262476224423, 32.79492629534928], [73.34265331210057, 32.79502406853059], [73.34269085046358, 32.79511875517476], [73.34273705053178, 32.79520953095886], [73.34279151009667, 32.79529560560712], [73.34461092593705, 32.797894429363], [73.34467992123135, 32.797982924952755], [73.3447576366658, 32.79806387018911], [73.34484325107746, 32.798136409782146], [73.3449358598406, 32.798199777258276], [73.3450344844252, 32.798253303059106], [73.34513808273641, 32.79829642161609], [73.34877691441716, 32.799595833494024], [73.34889121609156, 32.79962973702571], [73.35351063108165, 32.8007294531313], [73.35351063108165, 32.802466001747426], [73.35351628248452, 32.80257693760255], [73.35353317817923, 32.802686724841365], [73.3535611432298, 32.802794226740204], [73.35359988808952, 32.80289833023751], [73.35364901159883, 32.802997957458395], [73.35370800513891, 32.80309207687475], [73.35734683681966, 32.8082897243865], [73.35742333421362, 32.80838679357127], [73.3575103132586, 32.80847459404765], [73.35760665912399, 32.80855200045656], [73.3606507738325, 32.81072608222625], [73.35910968885857, 32.817329863755255], [73.35226741713969, 32.82099488453265], [73.35217565034121, 32.82104999233539], [73.35208972182403, 32.82111382261943], [73.3520104577788, 32.821185761665554], [73.35193862031818, 32.82126511778993], [73.35187490014927, 32.821351127994554], [73.35181990993257, 32.821442965303376], [73.35177417839128, 32.821539746713555], [73.35173814522778, 32.82164054168541], [73.35171215689586, 32.82174438108944], [73.35169646326968, 32.82185026652433], [73.35169121524127, 32.82195717991649], [73.35169121524127, 32.82715482742824], [73.35169614391451, 32.82725844439395], [73.35171088542944, 32.82736112572206], [73.35173530667353, 32.82746194422353], [73.35176918712853, 32.82755998953027], [73.3518122208616, 32.82765437631547], [73.35186401928796, 32.82774425228796], [73.35192411467962, 32.82782880588815], [73.35199196438884, 32.8279072736163], [73.35206695574823, 32.82797894692668], [73.35214841160287, 32.82804317862562], [73.35578724328361, 32.830642002381495], [73.35587589995397, 32.83069906371361], [73.35596964773866, 32.83074730636783], [73.35606761217127, 32.830786280343325], [73.35616887945305, 32.83081562209621], [73.3612235774118, 32.83201896337774], [73.36229787808287, 32.833553476842425], [73.35933711554254, 32.83672530534414], [73.35591116554231, 32.83917209074897], [73.3528716115273, 32.84025750302885], [73.3460206489898, 32.8365878270679], [73.34593607493935, 32.836547103698486], [73.3458483151027, 32.83651379643348], [73.34575801835719, 32.83648815153964], [73.34029977083607, 32.8351887396617], [73.34020540890451, 32.835170622318216], [73.34010981937881, 32.8351608727111], [73.34001374281694, 32.8351595663732], [73.33991792355002, 32.83516671342508], [73.32906571674646, 32.83645847294751], [73.32408859757268, 32.83645847294751], [73.31712155052867, 32.83023871309228], [73.3170453236281, 32.83017659877795], [73.31696381672366, 32.830121595569445], [73.31687769111355, 32.83007414972982], [73.31678764556932, 32.830034646206165], [73.31669441066656, 32.83000340550641], [73.30759733146469, 32.827404581750535], [73.30749123132802, 32.827379923385195], [73.30738320197354, 32.82736596156034], [73.30727431900696, 32.827362835288355], [73.30716566653314, 32.82737057569631], [73.30705832636194, 32.827389105716], [73.30695336723717, 32.82741824085132], [73.30685183419548, 32.82745769101521], [73.3067547381614, 32.82750706341792], [73.30666304588189, 32.82756586647788], [73.30657767030085, 32.8276335147162], [73.30649946146933, 32.82770933458599], [73.30304166533124, 32.831413629069104], [73.30001980537467, 32.83249272287325], [73.29689150457786, 32.83137561948134], [73.2938337915174, 32.829191825880166], [73.2938337915174, 32.82604095974587], [73.29559190557383, 32.821018437160326], [73.29562581853871, 32.82090076563955], [73.29564633854324, 32.82078003616758], [73.29565320735777, 32.82065776803855], [73.29565320735777, 32.81862076958662], [73.29855018762176, 32.816551770031026], [73.30183922121505, 32.816551770031026], [73.3019462215777, 32.81654651344029], [73.30205219146835, 32.8165307942919], [73.30215611033906, 32.816504763969874], [73.30225697739426, 32.81646867316043], [73.30235382122909, 32.816422869437794], [73.30244570918448, 32.81636779391685], [73.30253175632919, 32.81630397700497], [73.30261113398217, 32.816232033293915], [73.30268307769322, 32.81615265564094], [73.3027468946051, 32.816066608496236], [73.30280197012604, 32.81597472054085], [73.30284777384868, 32.81587787670602], [73.30288386465813, 32.81577700965081], [73.30290989498015, 32.81567309078011], [73.30292561412853, 32.81556712088945], [73.30293087071927, 32.8154601205268], [73.30293087071927, 32.81342312207487], [73.30764726682362, 32.81005471064134], [73.31457513209766, 32.81005471064134], [73.31468776913346, 32.81004888411451], [73.31479920380035, 32.81003146673057], [73.31490824656437, 32.81000264441523], [73.31501373342448, 32.809962724838655], [73.31511453833788, 32.80991213413119], [73.31520958524028, 32.809851412334496], [73.32430666444215, 32.80335435294481], [73.32438812029679, 32.803290121245865], [73.32446311165617, 32.803218447935485], [73.3245309613654, 32.80313998020734], [73.32459105675706, 32.803055426607145], [73.32464285518341, 32.80296555063466], [73.32468588891649, 32.80287116384946], [73.32471976937148, 32.80277311854272], [73.32474419061558, 32.802672300041245], [73.3247589321305, 32.802569618713136], [73.32476386080374, 32.802466001747426], [73.32476386080374, 32.8004290032955], [73.3279454961229, 32.79815670543306], [73.32804184198828, 32.79807929902415], [73.32812882103326, 32.79799149854777], [73.32820531842722, 32.797894429363], [73.3300247342676, 32.79529560560712], [73.33008021024364, 32.79520774128849], [73.33012708072843, 32.795115000358685], [73.33016492103869, 32.79501822312311], [73.3301933883116, 32.79491828645927], [73.33021222461139, 32.79481609587156], [73.33022125926641, 32.79471257728668], [73.33022041041565, 32.79460866866405], [73.33020968575035, 32.79450531149709], [73.33018918244436, 32.79440344228266], [73.3301590862737, 32.79430398403555], [73.33011966993321, 32.794207837925335], [73.32648083825246, 32.78641136665771], [73.32642977884096, 32.78631487463172], [73.32636933729196, 32.786223964820714], [73.32630011806093, 32.78613954638293], [73.32622281338595, 32.78606246355857], [73.32613819636492, 32.785993487226875], [73.32604711322399, 32.78593330719678], [73.32595047485484, 32.78588252530838], [73.32584924770505, 32.78584164941416], [73.32574444411308, 32.78581108830008], [73.31482794907085, 32.783212264544204], [73.31472523655088, 32.78319295506103], [73.31462114822287, 32.783183556238434], [73.31451663812618, 32.783184154222916], [73.314412664166, 32.783194743533564], [73.31431017933346, 32.78321522711223], [73.31421012297083, 32.783245417213166], [73.31411341216184, 32.78328503712384], [73.31402093332598, 32.78333372370117], [73.31393353409382, 32.7833910307], [73.31385201553802, 32.783456432863225], [73.31377712483082, 32.783529330736116], [73.31054353953736, 32.786993430898434], [73.30385051436764, 32.785798404971445], [73.30373943924177, 32.78578440424078], [73.30362751427798, 32.7857818534512], [73.30351591664835, 32.78579077943066], [73.30340582008223, 32.78581108830008], [73.28703107751888, 32.78970932393389], [73.2869298102371, 32.78973866568678], [73.28683184580449, 32.78977763966227], [73.2867380980198, 32.78982588231649], [73.28664944134944, 32.78988294364861], [73.283210895802, 32.792338724689984], [73.27627070812794, 32.793577880975576], [73.26943953417579, 32.793577880975576], [73.2665425539118, 32.79150888141998], [73.2665425539118, 32.786873059212176], [73.26653690250893, 32.78676212335705], [73.26652000681422, 32.78665233611824], [73.26649204176366, 32.7865448342194], [73.26645329690393, 32.78644073072209], [73.26640417339462, 32.78634110350121], [73.26634517985454, 32.786246984084855], [73.26472313807143, 32.7839300861963], [73.26472313807143, 32.7717480088894], [73.26984254590572, 32.766873023413105], [73.26991387394784, 32.766798357025515], [73.26997782799197, 32.76671728521001], [73.27003383580735, 32.76663053335905], [73.27008139626244, 32.76653887768742], [73.2701200838086, 32.76644313828695], [73.27182518049224, 32.7615720739935], [73.2750086054929, 32.75929849795519], [73.29112674584563, 32.75546135005313], [73.30009737641859, 32.75417999989003], [73.31275571625729, 32.75417999989003], [73.31288474657015, 32.75417234753452], [73.32380124161239, 32.75287293565658], [73.32390697558385, 32.752855045618276], [73.32401044411262, 32.752826867794575], [73.32411064874177, 32.752788674097566], [73.32420662251054, 32.7527408330911], [73.32429743928544, 32.75268380643426], [73.3243822226972, 32.75261814442634], [73.32446015459769, 32.7525444806966], [73.3245304829549, 32.75246352608977], [73.32459252910995, 32.75237606180657], [73.3246456943261, 32.75228293186517], [73.32468946556637, 32.75218503495655], [73.3247234204444, 32.75208331577226], [73.32631957070335, 32.7463835286224], [73.32913045882064, 32.7463835286224], [73.32923925421434, 32.746378093738954], [73.32934696631109, 32.746361843204795], [73.32945252260056, 32.74633493882967], [73.3295548720382, 32.74629764850568], [73.3296529955107, 32.74625034353985], [73.32974591598352, 32.74619349495695], [73.32983270822942, 32.7461276688094], [73.32991250804105, 32.74605352054098], [73.32998452083616, 32.74597178846045], [73.33004802956931, 32.745883286390075], [73.33010240187167, 32.74578889556221], [73.3301470963476, 32.745689555844734], [73.33018166796552, 32.74558625638257], [73.33200108380589, 32.739089196992886], [73.33202348847357, 32.73899243557189], [73.33203700589189, 32.738894038310086], [73.33204152416523, 32.73879481972849], [73.33204152416523, 32.735458409398625], [73.33704257532476, 32.73188669965825], [73.33712999097172, 32.73181725266204], [73.33720985634795, 32.7317392404688], [73.3372813361144, 32.73165347903454], [73.3373436826399, 32.73156086536723], [73.33739624382098, 32.731462368144626], [73.33743846990241, 32.73135901758264], [73.33906076537149, 32.72672449708379], [73.34393860251681, 32.725563259983275], [73.34404723162021, 32.72553136449259], [73.34415197310247, 32.72548838977529], [73.3442517003911, 32.7254347980564], [73.34434534084501, 32.72537116575468], [73.34443188729153, 32.725298177282816], [73.34451040885932, 32.725216617686065], [73.34458006099058, 32.7251273641985], [73.34607353191288, 32.72299411481953], [73.35642169642624, 32.72299411481953], [73.35653433346204, 32.7229882882927], [73.35664576812893, 32.72297087090876], [73.35675481089295, 32.72294204859342], [73.35686029775306, 32.722902129016845], [73.35696110266646, 32.72285153830938], [73.35705614956886, 32.722790816512685], [73.36041032619444, 32.72039529106365], [73.3655187756281, 32.72039529106365], [73.36564330940624, 32.72038816448596], [73.36576621720525, 32.720366877801276], [73.36588589427569, 32.72033170893984], [73.37316355763718, 32.71773288518396], [73.37325887528036, 32.71769368145293], [73.37335007092788, 32.71764566333656], [73.3734363316936, 32.71758925885158], [73.37351688867915, 32.717524970767876], [73.3735910238277, 32.71745337212698], [73.3736580763244, 32.717375101134195], [73.37371744848673, 32.7172908554698], [73.37376861109195, 32.71720138607025], [73.37381110809444, 32.71710749043454], [73.37384456069078, 32.717010005515576], [73.37386867069621, 32.7169098002599], [73.37388322320254, 32.716807767862164], [73.37388808849381, 32.71670481780355], [73.37388808849381, 32.710207758413866], [73.37388243709094, 32.71009682255874], [73.37386554139623, 32.70998703531993], [73.37383757634566, 32.70987953342109], [73.37379883148594, 32.70977542992378], [73.37374970797663, 32.7096758027029], [73.37369071443655, 32.709581683286544], [73.37187129859618, 32.70698285953067], [73.37180271152492, 32.706894835682846], [73.37172549661062, 32.70681427364998], [73.37164046069297, 32.70674201524674], [73.37154849233548, 32.706678815520874], [73.3714505525406, 32.706625334863574], [73.37134766470793, 32.7065821321088], [73.37124090394053, 32.70654965869392], [73.37113138581077, 32.70652825394252], [73.3620343066089, 32.705228842064585], [73.36193230184752, 32.705219129598504]], [[73.64705091472361, 32.916642588757895], [73.64792906921807, 32.91464969779636], [73.65198812329565, 32.91264900045235], [73.64705091472361, 32.916642588757895]], [[73.59248213462881, 32.84234706493734], [73.59279582595809, 32.84258891520004], [73.59282776899508, 32.84310388990815], [73.59248213462881, 32.84234706493734]], [[73.59033805297317, 32.91144579455977], [73.59019520127602, 32.912944067260234], [73.58917110953868, 32.91363524771011], [73.59033805297317, 32.91144579455977]]]}}, {"type": "Feature", "properties": {"na": "NA-61", "src": "sheet-split: jhelum_na60_61.jpg, outline-fit", "approx": false, "rms_km": 2.076}, "geometry": {"type": "Polygon", "coordinates": [[[73.763195765, 32.953714592], [73.762381264, 32.952731068], [73.76059459400001, 32.950719565], [73.756422997, 32.94602339], [73.756117333, 32.945694469], [73.754249905, 32.944035343], [73.753314821, 32.943190497], [73.749653346, 32.939925855], [73.748988583, 32.939331433], [73.748658171, 32.93902803], [73.747670029, 32.938115106], [73.740093178, 32.931116732], [73.739622022, 32.930681531], [73.731728292, 32.923285315], [73.730111705, 32.921770616], [73.729382494, 32.921356438], [73.72783803, 32.919855462], [73.723963753, 32.916690483], [73.721891625, 32.914997759], [73.721003973, 32.914272645], [73.72011783900001, 32.913548779], [73.719170875, 32.912915342], [73.718226433, 32.912283591], [73.716336608, 32.91101946], [73.71525665, 32.910297089], [73.712367882, 32.908364858], [73.709523043, 32.906461835], [73.708478685, 32.905769139], [73.707411202, 32.905060995], [73.706341557, 32.904351416], [73.705047877, 32.903119416], [73.70440082200001, 32.902503212], [73.70213429600001, 32.900344751], [73.701162931, 32.899420776], [73.700507712, 32.898856122], [73.699852921, 32.898292912], [73.69854322, 32.897166392], [73.697888467, 32.896603215], [73.697232563, 32.896039048], [73.69624640500001, 32.895291694], [73.69460203300001, 32.894044744], [73.692559629, 32.89249632], [73.691537988, 32.891721775], [73.690434455, 32.891111029], [73.689332889, 32.890501371], [73.687128095, 32.889281135], [73.685979838, 32.888624203], [73.682098096, 32.886403804], [73.680287628, 32.885369517], [73.679808453, 32.885101412], [73.678089876, 32.884145318], [73.67623943000001, 32.883115888], [73.67510042900001, 32.882482102], [73.67401944, 32.881880876], [73.673332102, 32.881431844], [73.672301852, 32.880758877], [73.670412349, 32.879524817], [73.669203599, 32.878735316], [73.668229085, 32.878098793], [73.666796685, 32.877078701], [73.66366124000001, 32.874845822], [73.663161126, 32.874489441], [73.662100052, 32.873547925], [73.661185587, 32.872736503], [73.660863665, 32.872450295], [73.659191905, 32.870967472], [73.65779249, 32.869718433], [73.655464853, 32.867557129], [73.653913549, 32.866116089], [73.65267092, 32.864961785], [73.651700605, 32.863838013], [73.651420841, 32.863514005], [73.65030166800001, 32.862217834], [73.64750304600001, 32.858976609], [73.646280559, 32.857559647], [73.645119393, 32.856211589], [73.644541797, 32.855477465], [73.644000423, 32.854787863], [73.641564519, 32.851683538], [73.640752358, 32.850648512], [73.640467192, 32.850301424], [73.639040753, 32.848565238], [73.637614345, 32.846829089], [73.635079806, 32.84374379], [73.63423558, 32.842716112], [73.633391118, 32.841688147], [73.632738829, 32.840642259], [73.63219671, 32.83977233], [73.630487774, 32.837031182], [73.629572006, 32.835555682], [73.629342834, 32.835186435], [73.628714236, 32.834171245], [73.627993297, 32.832592499], [73.627461751, 32.831425698], [73.626930131, 32.830258735], [73.626469845, 32.829056699], [73.625242936, 32.825852622], [73.62478262, 32.824650507], [73.624461017, 32.823907795], [73.624059349, 32.822979088], [73.62380998, 32.822402601], [73.623169485, 32.820923351], [73.622339502, 32.819711342], [73.620598932, 32.817169622], [73.619638568, 32.815540389], [73.619372909, 32.815090955], [73.619101248, 32.814631237], [73.61883814, 32.814057034], [73.618088895, 32.812421876], [73.617379131, 32.809710749], [73.617386565, 32.808842588], [73.617396784, 32.807649311], [73.617413206, 32.805731387], [73.617163421, 32.803721306], [73.616992883, 32.802348927], [73.616845065, 32.801159911], [73.616647627, 32.799571744], [73.6162148, 32.797906137], [73.616083175, 32.797399615], [73.614840384, 32.792617094], [73.614388765, 32.790879172], [73.613941345, 32.789645547], [73.61364351, 32.78882436], [73.61185601800001, 32.78389589], [73.611259675, 32.782251656], [73.610288607, 32.78048924], [73.608079966, 32.776480718], [73.607695686, 32.775782856], [73.606927991, 32.774388705], [73.606449149, 32.773645907], [73.603823637, 32.769573111], [73.602868571, 32.768091576], [73.601845851, 32.766889263], [73.600760043, 32.765613454], [73.598873068, 32.763395719], [73.598480898, 32.762933251], [73.59762866, 32.762063408], [73.596286676, 32.760731189], [73.595558498, 32.76001159], [73.59520602100001, 32.759668736], [73.593340949, 32.757809661], [73.592771206, 32.757241397], [73.592683793, 32.755879528], [73.59264743700001, 32.75482026], [73.59262043400001, 32.754031096], [73.592408565, 32.753412094], [73.59216919900001, 32.752712656], [73.591850154, 32.751780626], [73.591618002, 32.7509985], [73.59146942000001, 32.750497925], [73.591126895, 32.74941048], [73.590798725, 32.748761122], [73.590454585, 32.748085313], [73.590276588, 32.747461519], [73.585312963, 32.738090284], [73.584299522, 32.736120293], [73.58392985200001, 32.735455443], [73.580519831, 32.729322531], [73.579589897, 32.727650048], [73.576564601, 32.726952827], [73.573470137, 32.726239666], [73.572479588, 32.724505879], [73.570384165, 32.720838197], [73.56869056100001, 32.717873833], [73.56782027, 32.716350536], [73.566320446, 32.715436502], [73.55844824, 32.71063967], [73.557565604, 32.70985575], [73.556540081, 32.70901098], [73.554350917, 32.708088985], [73.553426092, 32.708125736], [73.55295404200001, 32.708144301], [73.552018617, 32.708181669], [73.55045134, 32.707850347], [73.549595131, 32.707580114], [73.54913166, 32.707428954], [73.548254762, 32.707055756], [73.547592167, 32.706736557], [73.546379554, 32.705717607], [73.54593238400001, 32.705175276], [73.545424557, 32.704559385], [73.543869458, 32.702620756], [73.543234982, 32.702038011], [73.541712293, 32.700639845], [73.54083168000001, 32.700047344], [73.539368847, 32.699063101], [73.538413759, 32.698430333], [73.537773051, 32.698006443], [73.536958403, 32.697467017], [73.536380963, 32.697273308], [73.535421271, 32.69679905], [73.534036938, 32.696108311], [73.529752329, 32.69417979], [73.528560317, 32.693684493], [73.527365278, 32.693186398], [73.52628802800001, 32.692440043], [73.525519689, 32.691910367], [73.525187707, 32.691407798], [73.52423777700001, 32.689975296], [73.523632632, 32.688946406], [73.523252275, 32.688298659], [73.522810281, 32.687643018], [73.522551077, 32.687261705], [73.521919638, 32.686922018], [73.521307117, 32.686679568], [73.520852117, 32.686500171], [73.520153915, 32.686441104], [73.518959598, 32.686340066], [73.51824167800001, 32.68639471], [73.51632248, 32.686540807], [73.515427771, 32.686595481], [73.514540148, 32.686649421], [73.512193992, 32.686740623], [73.509572256, 32.686090674], [73.50860613600001, 32.685572959], [73.508068242, 32.685280891], [73.507330934, 32.684881584], [73.506904866, 32.684501471], [73.50554829500001, 32.683291216], [73.504397276, 32.682378456], [73.50354716000001, 32.681676914], [73.503014899, 32.681191245], [73.501782653, 32.680220799], [73.500081322, 32.678399489], [73.499784216, 32.678081324], [73.498844422, 32.677075034], [73.49772823, 32.675880238], [73.4953663, 32.673290594], [73.49471892400001, 32.672580805], [73.494151203, 32.672019999], [73.493513803, 32.671410631], [73.492240465, 32.670193292], [73.491067196, 32.669440129], [73.48950407000001, 32.668436854], [73.487399658, 32.667239096], [73.486329067, 32.666631758], [73.485213338, 32.666221158], [73.483903622, 32.665739169], [73.483499624, 32.665590493], [73.48268946600001, 32.665292346], [73.481621969, 32.665035047], [73.479781059, 32.664591329], [73.476910542, 32.66401137], [73.475678758, 32.6637625], [73.473985283, 32.663770863], [73.473482947, 32.663773344], [73.472605289, 32.663777678], [73.471722741, 32.663782036], [73.470393372, 32.663889564], [73.466400081, 32.664212567], [73.464586511, 32.664304771], [73.46387003800001, 32.664340532], [73.463267242, 32.664370704], [73.462554123, 32.664181872], [73.461232594, 32.663829926], [73.460520557, 32.663396599], [73.458419553, 32.662117979], [73.458037917, 32.661835731], [73.456552271, 32.660686767], [73.45612995, 32.660360137], [73.454549072, 32.659137866], [73.453293746, 32.658167349], [73.452599153, 32.65763057], [73.45165714800001, 32.656992962], [73.449602858, 32.655603176], [73.448405895, 32.654793345], [73.447380041, 32.654099281], [73.445347039, 32.652898504], [73.442991591, 32.651507278], [73.44161591800001, 32.650491698], [73.44032754, 32.649540563], [73.439702521, 32.649079147], [73.438689458, 32.648328811], [73.43813864900001, 32.647919234], [73.437590788, 32.647512194], [73.43611955, 32.646951815], [73.432977893, 32.646242051], [73.431871107, 32.646071343], [73.429597988, 32.645720738], [73.428468292, 32.645304526], [73.427689573, 32.645027405], [73.424222501, 32.644398891], [73.422553268, 32.644232511], [73.42046260500001, 32.644024127], [73.418798281, 32.643858237], [73.418060349, 32.643714284], [73.416414548, 32.643392792], [73.413952855, 32.642911937], [73.413221254, 32.642756], [73.412375408, 32.642575953], [73.411639613, 32.642419235], [73.41047002900001, 32.640440048], [73.410189031, 32.639644613], [73.409170021, 32.636760045], [73.408430023, 32.634659796], [73.407872536, 32.633805039], [73.406754479, 32.632090796], [73.405880021, 32.630750048], [73.40423139500001, 32.63013656], [73.398163151, 32.627878441], [73.39720003, 32.627520044], [73.39636110900001, 32.627260364], [73.395100677, 32.62687021], [73.391740067, 32.625829967], [73.39006002100001, 32.625309926], [73.387989898, 32.624531481], [73.382610145, 32.622508488], [73.380423358, 32.621710042], [73.379762879, 32.621174059], [73.378570139, 32.620180048], [73.377414049, 32.619864301], [73.373461516, 32.6187798], [73.369965369, 32.617978731], [73.368658017, 32.617679179], [73.367327192, 32.61772931], [73.364691911, 32.61782858], [73.363349019, 32.617879166], [73.362062251, 32.618264875], [73.35733939900001, 32.61968055], [73.355343423, 32.6202362], [73.353547523, 32.620736152], [73.352923898, 32.620909818], [73.351229773, 32.621381671], [73.350000862, 32.62153279], [73.34940124100001, 32.62160652], [73.347664821, 32.621804104], [73.347115274, 32.621788248], [73.345674403, 32.621783418], [73.34502001300001, 32.621781292], [73.343062446, 32.621873355], [73.340210907, 32.621493724], [73.338608195, 32.621265171], [73.337310023, 32.621080047], [73.33604733300001, 32.620819906], [73.332682593, 32.620126697], [73.331000023, 32.619780051], [73.329741855, 32.619334357], [73.32261432300001, 32.616809499], [73.321777957, 32.616513225], [73.319665324, 32.615704542], [73.318994111, 32.615246449], [73.318000403, 32.614652233], [73.317333937, 32.614258543], [73.314677199, 32.612371703], [73.313397593, 32.611492625], [73.312438709, 32.610834477], [73.311792235, 32.610390606], [73.310746383, 32.609714754], [73.309698964, 32.609037777], [73.30900071500001, 32.608586437], [73.30780015500001, 32.607810511], [73.306279967, 32.606944327], [73.303240154, 32.605209629], [73.300127573, 32.603420149], [73.298986969, 32.602769703], [73.29595002900001, 32.601037846], [73.29556942500001, 32.600822639], [73.29397456400001, 32.599945915], [73.292650171, 32.599219384], [73.291558731, 32.598620645], [73.289009615, 32.597030342], [73.28866249900001, 32.596782645], [73.286979669, 32.59557614], [73.286502774, 32.595049177], [73.285812015, 32.594721553], [73.284972517, 32.594700544], [73.28374002000001, 32.59472005], [73.282360029, 32.594829919], [73.28136245, 32.595095325], [73.280400018, 32.595410045], [73.279670013, 32.595380042], [73.278720023, 32.595090043], [73.278019063, 32.594459379], [73.277779385, 32.593990186], [73.27750138200001, 32.593564366], [73.276701449, 32.592339303], [73.275160795, 32.590960717], [73.273622493, 32.590275046], [73.27179202100001, 32.589556481], [73.270249927, 32.588951042], [73.269546747, 32.588682655], [73.268601335, 32.588366148], [73.265261552, 32.587237579], [73.264299313, 32.58691661], [73.263561449, 32.586700969], [73.260769888, 32.585890052], [73.257096007, 32.585292366], [73.25659091, 32.585211379], [73.253283392, 32.584751067], [73.251631356, 32.584521151], [73.24868210800001, 32.584642397], [73.246471643, 32.58490892], [73.244701217, 32.585122386], [73.243218036, 32.58416426], [73.237657318, 32.580577965], [73.235799899, 32.579380053], [73.234657257, 32.578724461], [73.233514223, 32.578068644], [73.229324171, 32.575664597], [73.227799899, 32.574790045], [73.225883271, 32.574154247], [73.225127652, 32.573902586], [73.224520021, 32.573700041], [73.222181688, 32.572918583], [73.220660018, 32.57241005], [73.218513349, 32.572588906], [73.21378970900001, 32.57298247], [73.212500028, 32.573089923], [73.211726181, 32.573135647], [73.209790154, 32.573250041], [73.209360289, 32.573274795], [73.203339961, 32.573621476], [73.202050176, 32.573695748], [73.200760017, 32.573770042], [73.198989873, 32.573998446], [73.194558019, 32.574547839], [73.190938994, 32.574578631], [73.190335022, 32.574580053], [73.189790031, 32.574580053], [73.189192016, 32.574659358], [73.188594576, 32.574738587], [73.184210012, 32.575320039], [73.179172499, 32.576683368], [73.178485177, 32.576803834], [73.176954795, 32.577023169], [73.175930019, 32.577170041], [73.17479512300001, 32.577053356], [73.16533214, 32.576080412], [73.161131213, 32.575646751], [73.15943152, 32.575471292], [73.158115695, 32.575457869], [73.156800487, 32.575444453], [73.146713898, 32.575341558], [73.14448089400001, 32.575318779], [73.142767148, 32.575301297], [73.141345611, 32.57514575], [73.140489271, 32.575052048], [73.124839057, 32.57334669], [73.124056522, 32.57326142], [73.12300967, 32.573126675], [73.12066814900001, 32.572825289], [73.109546897, 32.571393868], [73.108212295, 32.571222091], [73.106878526, 32.571050421], [73.105617722, 32.570979072], [73.101424899, 32.570741798], [73.099644654, 32.570640983], [73.097864394, 32.570540167], [73.096698814, 32.571159392], [73.092559255, 32.573358573], [73.090306267, 32.574912421], [73.089372014, 32.575566433], [73.089020269, 32.575812667], [73.08844745200001, 32.575927215], [73.085548535, 32.576584615], [73.080700278, 32.575168799], [73.078837262, 32.574667169], [73.076774642, 32.574111793], [73.075178234, 32.57330052], [73.074380961, 32.572895357], [73.06759694, 32.569447809], [73.066399767, 32.568839422], [73.065197077, 32.568256299], [73.050362819, 32.56106393], [73.049560634, 32.560678569], [73.04888814, 32.560361709], [73.046358777, 32.559183301], [73.04260064600001, 32.557433799], [73.040896755, 32.556639975], [73.039698653, 32.556081792], [73.038053684, 32.55537315], [73.031475346, 32.552539246], [73.02983140100001, 32.551831045], [73.028182545, 32.551561781], [73.02281629, 32.550685452], [73.021499515, 32.550470418], [73.019876278, 32.55045086], [73.01786902, 32.550426675], [73.00912931, 32.550321457], [73.007381269, 32.550300412], [73.005748355, 32.550722737], [73.004932764, 32.550933676], [73.00248446, 32.551566785], [72.999166712, 32.552424723], [72.99751902, 32.552850801], [72.995844595, 32.552850801], [72.990126269, 32.552850801], [72.988671888, 32.552850801], [72.987031039, 32.552480315], [72.97981632, 32.550851309], [72.97812939, 32.550470418], [72.976901767, 32.54981867], [72.976524167, 32.5496171], [72.97123445000001, 32.546793353], [72.970477764, 32.54638942], [72.969032967, 32.545468584], [72.967587942, 32.544547603], [72.966865143, 32.544086929], [72.960947826, 32.540315095], [72.958740019, 32.538907788], [72.957544985, 32.537929957], [72.951414682, 32.532923298], [72.950408015, 32.532101168], [72.948894093, 32.531194216], [72.947760003, 32.530514811], [72.947002145, 32.530060798], [72.946218898, 32.529691336], [72.939556904, 32.526548838], [72.937990151, 32.525809792], [72.936728571, 32.525397405], [72.930835379, 32.523471028], [72.930052413, 32.523215091], [72.929148269, 32.522919543], [72.927243728, 32.52337575], [72.924892143, 32.523939041], [72.922824229, 32.523880063], [72.920433505, 32.523811878], [72.918940769, 32.523769305], [72.917169403, 32.523242716], [72.915748026, 32.522820172], [72.914042048, 32.522312988], [72.912649265, 32.521898917], [72.91116173200001, 32.52088949], [72.907888135, 32.518668056], [72.907303173, 32.518259842], [72.905804843, 32.517214235], [72.902899452, 32.515186713], [72.90057151900001, 32.513562169], [72.900038518, 32.513310418], [72.892800331, 32.509889809], [72.891219136, 32.509140923], [72.888718438, 32.508528891], [72.886214007, 32.507915945], [72.88288239900001, 32.507100553], [72.879746564, 32.506519707], [72.878291393, 32.506250168], [72.876930279, 32.505059214], [72.87557077400001, 32.503869668], [72.875098873, 32.502622531], [72.87325108, 32.4977392], [72.872788322, 32.496345165], [72.871579213, 32.492635007], [72.87117656400001, 32.491399475], [72.87063952, 32.489751552], [72.86969366800001, 32.48776967], [72.866479465, 32.481034343], [72.865829101, 32.479435615], [72.865180022, 32.477840043], [72.862388247, 32.475203806], [72.86083157600001, 32.474078553], [72.860489451, 32.473289773], [72.860083878, 32.472410305], [72.85955025, 32.471253153], [72.857819315, 32.469301587], [72.857235446, 32.468761597], [72.856651845, 32.468221855], [72.856066931, 32.4676809], [72.855382051, 32.467178419], [72.855039898, 32.466927389], [72.85435536700001, 32.466425162], [72.853669119, 32.465921676], [72.853017065, 32.465545], [72.849629301, 32.463587966], [72.848317947, 32.462830427], [72.846569574, 32.462444312], [72.842058143, 32.461450168], [72.841184726, 32.46125771], [72.839436289, 32.460872442], [72.837251027, 32.460390919], [72.835755247, 32.459838052], [72.830379772, 32.457851181], [72.829739409, 32.457615902], [72.829119268, 32.457388052], [72.826789288, 32.456433112], [72.821554894, 32.454287799], [72.815231914, 32.451696464], [72.81444151800001, 32.451372537], [72.814038248, 32.451195666], [72.812828775, 32.4506652], [72.806377845, 32.44783587], [72.804362136, 32.446951795], [72.799553215, 32.444223208], [72.797820889, 32.443240284], [72.796474191, 32.442773761], [72.794973032, 32.442253729], [72.793750025, 32.441830055], [72.792732634, 32.441636985], [72.788932318, 32.4409158], [72.787030522, 32.440569921], [72.78262414800001, 32.440121911], [72.779701689, 32.439825243], [72.77844974700001, 32.439698154], [72.776780153, 32.439528668], [72.77454344, 32.439528633], [72.77095745000001, 32.439528578], [72.769178518, 32.439528551], [72.767888299, 32.439262619], [72.76442675700001, 32.438549146], [72.76316789900001, 32.438289678], [72.76205468900001, 32.437838991], [72.761329265, 32.4375453], [72.75793306, 32.436169806], [72.75662164900001, 32.435638673], [72.75614014300001, 32.435298296], [72.755423451, 32.434793949], [72.75345106600001, 32.433405953], [72.751849516, 32.432278918], [72.750579181, 32.430737077], [72.74937151200001, 32.429271295], [72.747888153, 32.428562128], [72.746789313, 32.428036792], [72.745308398, 32.427328793], [72.741440484, 32.426647223], [72.739297521, 32.426268112], [72.73647002700001, 32.424140043], [72.73567605800001, 32.423061233], [72.734520525, 32.421491046], [72.732672164, 32.420225878], [72.731161393, 32.419191785], [72.729873772, 32.418802398], [72.728582151, 32.418411801], [72.726384505, 32.417748294], [72.725330023, 32.417429928], [72.72404705800001, 32.417316701], [72.71666375400001, 32.41666512], [72.715248892, 32.416540674], [72.712201709, 32.416779481], [72.707848476, 32.417120644], [72.706107237, 32.417257104], [72.703930767, 32.417427674], [72.702189792, 32.417672132], [72.694356065, 32.418772102], [72.692615143, 32.419016553], [72.690917737, 32.419582862], [72.690069795, 32.419865762], [72.687099017, 32.420856908], [72.68582651, 32.421281457], [72.684129021, 32.421847793], [72.682392739, 32.422137035], [72.67631620600001, 32.423149304], [72.674579893, 32.423438551], [72.67296718300001, 32.423584368], [72.671354645, 32.42373017], [72.668042512, 32.424029767], [72.66679989, 32.424142168], [72.665333621, 32.424124418], [72.660179759, 32.423988341], [72.660062364, 32.425200736], [72.659002114, 32.429171281], [72.657812701, 32.432436831], [72.657513248, 32.433258984], [72.657012186, 32.435430878], [72.656930636, 32.436097658], [72.657191542, 32.437571728], [72.65737067100001, 32.438928864], [72.65748799, 32.43981963], [72.657285828, 32.441548276], [72.657210664, 32.442190996], [72.656954071, 32.443044573], [72.656618111, 32.444162162], [72.656300257, 32.444883713], [72.656050828, 32.44544994], [72.65524147, 32.447159431], [72.654299803, 32.449047871], [72.653969413, 32.449710443], [72.653643304, 32.450467717], [72.653090729, 32.451750877], [72.652705748, 32.452381517], [72.652016507, 32.453511161], [72.651558969, 32.454260909], [72.651349968, 32.455597304], [72.651277829, 32.456059275], [72.651359788, 32.457452369], [72.65215103300001, 32.458536214], [72.652701178, 32.459289796], [72.653448685, 32.45987873], [72.655184164, 32.461246052], [72.656038832, 32.461919216], [72.657184052, 32.462424514], [72.65871082000001, 32.46309816], [72.660231279, 32.463769022], [72.664368849, 32.464688698], [72.665573944, 32.464991939], [72.66706925000001, 32.465368207], [72.66760611, 32.465967004], [72.667463111, 32.46658138], [72.666831395, 32.467723782], [72.665281614, 32.470712304], [72.66384944900001, 32.473432247], [72.66320145, 32.475049109], [72.662551266, 32.476671427], [72.661901698, 32.478292208], [72.661474767, 32.479516282], [72.659828026, 32.484191113], [72.65886126800001, 32.486293115], [72.657968253, 32.488230851], [72.657427474, 32.490561244], [72.6572988, 32.491786741], [72.65720184700001, 32.492710142], [72.657033174, 32.49343892], [72.656817298, 32.494371627], [72.655908353, 32.495949415], [72.654934015, 32.497017554], [72.654631293, 32.497349419], [72.65403405, 32.497919317], [72.65288273, 32.499017925], [72.651610673, 32.500990934], [72.651269094, 32.501908648], [72.65088827800001, 32.502931775], [72.650760569, 32.504239624], [72.650675362, 32.505112232], [72.65058950800001, 32.505991467], [72.65058216, 32.506481161], [72.650557773, 32.508070089], [72.65054916000001, 32.50863687], [72.65052339, 32.510360394], [72.650010033, 32.512012078], [72.649018677, 32.513909218], [72.648608831, 32.514588853], [72.647417167, 32.516564955], [72.647187725, 32.516945431], [72.646369979, 32.518301477], [72.645918623, 32.519458048], [72.645619543, 32.520224421], [72.645001163, 32.521885466], [72.644790431, 32.523294525], [72.644279748, 32.526708373], [72.6434214, 32.530402869], [72.643249888, 32.53114109], [72.643242396, 32.531616705], [72.643210687, 32.533669278], [72.643496893, 32.534272732], [72.64439697, 32.536170504], [72.646240125, 32.538202121], [72.64721632700001, 32.538902717], [72.647760983, 32.539293602], [72.648339168, 32.539708552], [72.649209078, 32.540658712], [72.649438489, 32.542067356], [72.649467162, 32.542689976], [72.649548995, 32.544127885], [72.649792406, 32.545230962], [72.65028426100001, 32.545851289], [72.65091024, 32.546639255], [72.65126901100001, 32.547091246], [72.651627685, 32.547748854], [72.65203048, 32.548487359], [72.652121262, 32.550458461], [72.651853664, 32.551611504], [72.651580413, 32.552788912], [72.650890788, 32.555761362], [72.650680279, 32.556668692], [72.649537034, 32.5607536], [72.649079134, 32.562389714], [72.649352167, 32.564142574], [72.650376081, 32.570716055], [72.651332115, 32.576853749], [72.65160513, 32.57860649], [72.65180985500001, 32.579920817], [72.651863504, 32.580868033], [72.65196197600001, 32.582610855], [72.65265192400001, 32.594811436], [72.657949339, 32.595920898], [72.664255083, 32.597241303], [72.66551611700001, 32.597505223], [72.667199099, 32.597857334], [72.668909064, 32.598324744], [72.675755116, 32.600196073], [72.677038624, 32.600546913], [72.677892306, 32.600780262], [72.67905781, 32.601048423], [72.680323314, 32.601339493], [72.687916982, 32.603086591], [72.689181499, 32.603377651], [72.689603308, 32.603474753], [72.69089813100001, 32.603772719], [72.692481334, 32.604447875], [72.69409626, 32.605136472], [72.696923381, 32.606341944], [72.698844057, 32.607160911], [72.700762201, 32.607978798], [72.702417193, 32.608261733], [72.704069679, 32.608544241], [72.705748414, 32.608831042], [72.708280297, 32.609263609], [72.709969297, 32.609552171], [72.711245861, 32.609806807], [72.71507569900001, 32.610570746], [72.715925924, 32.61074034], [72.717629253, 32.611080104], [72.719666663, 32.611139377], [72.721482312, 32.611192199], [72.722803518, 32.611370766], [72.72587502200001, 32.611785895], [72.72763031400001, 32.612023131], [72.728826072, 32.61246873], [72.733201773, 32.614099334], [72.73360719, 32.614250474], [72.735238512, 32.614858325], [72.736758077, 32.615823659], [72.738308724, 32.6168086], [72.741848608, 32.619057424], [72.742768678, 32.619642042], [72.743319743, 32.620525947], [72.744220979, 32.621971524], [72.745099553, 32.623381177], [72.745672076, 32.624299071], [72.745832179, 32.627179118], [72.745602328, 32.628034201], [72.745288145, 32.629203016], [72.74458997500001, 32.631801435], [72.744326877, 32.632779103], [72.743746179, 32.633930556], [72.740352849, 32.640659065], [72.739579137, 32.642193291], [72.738849205, 32.643477579], [72.738298096, 32.644446893], [72.73460189, 32.650950719], [72.73376247, 32.652131915], [72.733239116, 32.652868145], [72.732668082, 32.654369696], [72.732598685, 32.656107483], [72.73298784, 32.657432042], [72.73349876, 32.659171048], [72.734591774, 32.660738407], [72.735265717, 32.661719375], [72.736402222, 32.663598576], [72.73649943800001, 32.665221862], [72.736558511, 32.666208202], [72.736595485, 32.66977872], [72.73660482800001, 32.670681042], [72.736610221, 32.671201766], [72.73607942800001, 32.672766419], [72.735814685, 32.673546821], [72.735151609, 32.675501412], [72.734913153, 32.676284211], [72.73432071500001, 32.678229056], [72.733970335, 32.679379279], [72.73393364600001, 32.6802732], [72.73384487700001, 32.682436069], [72.73381022, 32.683280497], [72.734731711, 32.685911243], [72.735914602, 32.686691225], [72.73677489900001, 32.687258492], [72.737489167, 32.68772947], [72.738364637, 32.687950862], [72.741350486, 32.688705847], [72.74232242, 32.688951722], [72.74362144700001, 32.6889893], [72.744490796, 32.689014447], [72.747101471, 32.689089966], [72.747970654, 32.689115109], [72.74840084, 32.689127553], [72.749510865, 32.689159662], [72.750548077, 32.689411575], [72.752361868, 32.689852099], [72.753582917, 32.690148659], [72.756691718, 32.692309304], [72.757627094, 32.69340101], [72.758303118, 32.694189246], [72.75944049600001, 32.695069835], [72.760048966, 32.695540716], [72.762121977, 32.695954332], [72.762598076, 32.696049327], [72.763543033, 32.69600684], [72.768729984, 32.695760755], [72.77374173, 32.695230375], [72.774979332, 32.695099525], [72.77619468600001, 32.694710831], [72.776763295, 32.694528978], [72.778099475, 32.69410164], [72.779102312, 32.693230892], [72.779430797, 32.692945673], [72.78076087, 32.69179079], [72.781997421, 32.689682967], [72.78233473600001, 32.689107982], [72.783518037, 32.687090933], [72.783892178, 32.686825092], [72.786161673, 32.685212521], [72.787401215, 32.68471361], [72.79114495200001, 32.683206773], [72.7919775, 32.682871677], [72.793218536, 32.682372166], [72.793930339, 32.681951817], [72.795683334, 32.680916601], [72.796370674, 32.680510698], [72.797142252, 32.679750731], [72.798512668, 32.678400936], [72.799102012, 32.676181039], [72.799156952, 32.675124962], [72.799218623, 32.67364253], [72.799629553, 32.669748163], [72.80013642, 32.668682092], [72.800377803, 32.668174102], [72.801303074, 32.666227652], [72.801871135, 32.665032644], [72.803133767, 32.664371579], [72.805943528, 32.662900622], [72.806592436, 32.662561625], [72.809708829, 32.661780674], [72.81079630900001, 32.661926834], [72.81215816000001, 32.662109872], [72.81379851, 32.66233034], [72.815507753, 32.663520408], [72.817048291, 32.664593013], [72.818823349, 32.665186316], [72.820598277, 32.665779577], [72.82117525800001, 32.665817036], [72.82183346, 32.665859686], [72.825605078, 32.666104489], [72.826491161, 32.666162155], [72.827337741, 32.66609904], [72.831202661, 32.665810899], [72.833001564, 32.665584438], [72.833953366, 32.665031768], [72.83788387, 32.662744761], [72.839854637, 32.661470541], [72.841132438, 32.66064437], [72.84344994, 32.659114085], [72.844958214, 32.658116824], [72.84549302100001, 32.657751064], [72.84621311100001, 32.657187853], [72.84683052, 32.656704954], [72.84728025000001, 32.656352599], [72.847653131, 32.656061559], [72.848568183, 32.655169704], [72.849248202, 32.654520066], [72.850028721, 32.653432258], [72.851981065, 32.652048063], [72.853912598, 32.651146785], [72.854392301, 32.650850018], [72.855789895, 32.649892436], [72.857447387, 32.648501197], [72.85785641000001, 32.647024248], [72.858157405, 32.645433172], [72.858615684, 32.643456098], [72.859299429, 32.642579081], [72.860083416, 32.642004334], [72.860619305, 32.641611469], [72.862691902, 32.640962279], [72.863552255, 32.640888787], [72.866669356, 32.640622524], [72.869309243, 32.640131413], [72.871495935, 32.63977701], [72.87233868, 32.639640425], [72.873737743, 32.639740837], [72.874563151, 32.639865921], [72.875412915, 32.64031798], [72.876384895, 32.640835143], [72.87695260400001, 32.641178662], [72.878029447, 32.641851688], [72.878781926, 32.643724902], [72.878807232, 32.645337028], [72.87869366000001, 32.645939697], [72.878282761, 32.648101167], [72.878080015, 32.649167681], [72.877150012, 32.651567675], [72.876742532, 32.652399974], [72.876210016, 32.653487666], [72.876037179, 32.654852653], [72.876419479, 32.655929809], [72.877367928, 32.656728441], [72.878884776, 32.656718388], [72.881149655, 32.656228579], [72.881933298, 32.655741122], [72.883092011, 32.655019936], [72.883726625, 32.654829328], [72.885439406, 32.654456886], [72.886241794, 32.654282975], [72.888373673, 32.653672059], [72.889232025, 32.653426451], [72.889640418, 32.653309459], [72.890454897, 32.653264499], [72.891256131, 32.653220269], [72.892056575, 32.653176084], [72.89286022, 32.653131721], [72.893751391, 32.653128456], [72.895204334, 32.65312344], [72.896451937, 32.653119031], [72.89904717, 32.653019628], [72.900598687, 32.652960202], [72.901372419, 32.652930568], [72.902153092, 32.65292688], [72.904296871, 32.652916752], [72.906874036, 32.652904705], [72.910079986, 32.652889706], [72.913369841, 32.65287267], [72.915509083, 32.652861592], [72.917649165, 32.652850511], [72.919537214, 32.653063472], [72.920256623, 32.653144649], [72.921076094, 32.653237134], [72.92370442, 32.653533678], [72.924363022, 32.653609014], [72.924831248, 32.653682847], [72.927269886, 32.654103339], [72.928061227, 32.65423979], [72.928490901, 32.65436917], [72.932294796, 32.65553532], [72.93390569600001, 32.656291683], [72.934404428, 32.656529189], [72.934963968, 32.656844701], [72.936422135, 32.658511016], [72.93669705, 32.659197739], [72.936998236, 32.659950092], [72.937006785, 32.661140171], [72.937010874, 32.66170944], [72.936655326, 32.662317565], [72.936262031, 32.662990249], [72.93627832300001, 32.664616122], [72.937236495, 32.666501974], [72.937756197, 32.667032911], [72.938465515, 32.667757566], [72.938949801, 32.668252322], [72.940659298, 32.669202317], [72.942749453, 32.669511875], [72.943366685, 32.669425547], [72.944045093, 32.669331063], [72.946337434, 32.669012012], [72.948739501, 32.668389438], [72.950119516, 32.668031762], [72.952262672, 32.667659002], [72.954496326, 32.667270502], [72.955691778, 32.667062577], [72.956129615, 32.666998629], [72.957875646, 32.666743612], [72.960492505, 32.666361407], [72.96350618400001, 32.665919772], [72.964796418, 32.665730697], [72.966088681, 32.665541325], [72.969961678, 32.664662094], [72.971682058, 32.664271541], [72.972950345, 32.66413116], [72.975059146, 32.663898122], [72.975481996, 32.663851432], [72.975951023, 32.6637996], [72.97888093200001, 32.663669758], [72.97955335600001, 32.663789918], [72.983827854, 32.664658755], [72.985393341, 32.665110867], [72.98650142400001, 32.665430901], [72.987681159, 32.666284906], [72.988346936, 32.666766855], [72.988835683, 32.667186792], [72.989800235, 32.668083276], [72.99012931300001, 32.668389132], [72.990799483, 32.669012012], [72.991340155, 32.670136729], [72.991881234, 32.671262288], [72.993467326, 32.674330994], [72.994460077, 32.67676423], [72.994817218, 32.677647726], [72.994984011, 32.678168869], [72.99554569, 32.680100779], [72.99531229, 32.681439452], [72.995152189, 32.682207872], [72.994736711, 32.682863015], [72.994381228, 32.683423454], [72.993862916, 32.685458955], [72.99380616, 32.686395405], [72.99374703, 32.687371065], [72.99399617, 32.688437478], [72.994265634, 32.689590791], [72.99540574800001, 32.691182682], [72.996581026, 32.691868934], [72.998225398, 32.691858803], [72.99922620800001, 32.691851538], [73.00045196100001, 32.691842504], [73.002991976, 32.692391677], [73.003773496, 32.692685909], [73.005941656, 32.693502194], [73.007347974, 32.694068665], [73.008568916, 32.694560466], [73.008969393, 32.694894394], [73.009373271, 32.695231151], [73.009780452, 32.696248578], [73.009792832, 32.697682668], [73.00980189500001, 32.699061194], [73.01028451, 32.699922734], [73.010620005, 32.700521648], [73.011957644, 32.701080185], [73.01369238800001, 32.701071309], [73.0152126, 32.700562508], [73.016090206, 32.700268856], [73.017050392, 32.700136691], [73.017821147, 32.700030602], [73.019158716, 32.700361539], [73.019699559, 32.701149577], [73.01984631, 32.70167105], [73.020134333, 32.702725959], [73.020387885, 32.703962139], [73.020396441, 32.704772304], [73.02040932300001, 32.705991785], [73.02108909600001, 32.708017915], [73.022300367, 32.70879869], [73.02390122700001, 32.709239876], [73.024970514, 32.709120881], [73.02629046, 32.707872175], [73.02658005100001, 32.707376092], [73.0276104, 32.705611057], [73.028778115, 32.703138783], [73.029051377, 32.702560235], [73.02972523000001, 32.700504327], [73.029943982, 32.699308098], [73.030216217, 32.697819398], [73.030408146, 32.697238057], [73.03099912200001, 32.695448026], [73.031208657, 32.694713232], [73.0314415, 32.693896718], [73.031643374, 32.693188816], [73.032211441, 32.692409417], [73.032523459, 32.691981322], [73.032962244, 32.691379299], [73.03469044, 32.690011901], [73.035889343, 32.689780493], [73.036560041, 32.690111559], [73.037280675, 32.690790225], [73.037632494, 32.69112155], [73.039109145, 32.692013258], [73.040747319, 32.692575701], [73.04232013500001, 32.692898858], [73.044180925, 32.692548443], [73.044916436, 32.692233588], [73.046046705, 32.691749746], [73.04721858900001, 32.691133906], [73.04843952, 32.690492287], [73.04917679200001, 32.690040462], [73.049548344, 32.689812763], [73.050300309, 32.689351934], [73.051166435, 32.688485808], [73.052339267, 32.687312593], [73.052680498, 32.686971745], [73.054130287, 32.685271129], [73.054999372, 32.68377927], [73.05558001700001, 32.682782541], [73.056570844, 32.681392833], [73.05702987, 32.680749016], [73.058055498, 32.679923102], [73.05915036200001, 32.679041432], [73.060562441, 32.677896511], [73.06166927000001, 32.67699909], [73.062752412, 32.676378905], [73.065281842, 32.674930164], [73.066048844, 32.674490901], [73.06862197800001, 32.672719132], [73.06972252700001, 32.671961333], [73.071815946, 32.671166977], [73.07304686, 32.670699995], [73.07392986100001, 32.670534595], [73.07497025, 32.670339607], [73.076777309, 32.670001015], [73.078565498, 32.669736982], [73.079265899, 32.669633565], [73.079970664, 32.669529504], [73.080540537, 32.669499145], [73.082372297, 32.669401563], [73.083738753, 32.669523355], [73.084778927, 32.669721782], [73.08705901200001, 32.670703012], [73.088177114, 32.6714466], [73.088937934, 32.67195258], [73.090027561, 32.674031894], [73.090071883, 32.674983059], [73.09014509100001, 32.676547671], [73.090183392, 32.67735945], [73.090060482, 32.678187816], [73.08968178, 32.68074014], [73.08930104, 32.682887066], [73.089308717, 32.683720959], [73.089319414, 32.684921673], [73.089324047, 32.68566672], [73.089331301, 32.686831236], [73.089146556, 32.688465959], [73.089089303, 32.688972548], [73.088679567, 32.690160556], [73.08831086500001, 32.691245427], [73.088461421, 32.693939565], [73.088789135, 32.694965213], [73.088982042, 32.695568959], [73.089289092, 32.69652853], [73.090356991, 32.697668912], [73.091172995, 32.698540301], [73.092039755, 32.699021654], [73.093186313, 32.699657306], [73.09377306200001, 32.699953554], [73.09558713, 32.700671064], [73.096671037, 32.701099721], [73.098817001, 32.702045919], [73.1009599, 32.702990766], [73.102366103, 32.703768941], [73.103293514, 32.704282135], [73.104599717, 32.705004699], [73.105789599, 32.705662819], [73.107269571, 32.706565748], [73.108210827, 32.707150398], [73.108819428, 32.707600806], [73.109342251, 32.707987548], [73.109774294, 32.708045237], [73.110739595, 32.708173514], [73.111620379, 32.708196087], [73.112646167, 32.70818846], [73.113618481, 32.708181669], [73.11617594, 32.707979587], [73.116681994, 32.7079396], [73.119211583, 32.707358207], [73.121087158, 32.706890628], [73.12200965000001, 32.70666064], [73.12334721900001, 32.706651817], [73.12441716, 32.706871359], [73.124973489, 32.707392481], [73.125390541, 32.707783327], [73.12620849400001, 32.70847483], [73.127239043, 32.708992754], [73.129112709, 32.708759245], [73.13097191700001, 32.708742048], [73.13253027200001, 32.708777474], [73.133919389, 32.709512328], [73.134271696, 32.709769006], [73.135620932, 32.710752011], [73.136228589, 32.711210661], [73.137968966, 32.712653515], [73.139298749, 32.714099965], [73.139304828, 32.714749694], [73.139311381, 32.715450171], [73.13867095, 32.718271546], [73.138188845, 32.719163945], [73.13775318200001, 32.719970377], [73.137490399, 32.720898919], [73.13736857500001, 32.721329389], [73.13764977400001, 32.722679723], [73.138861315, 32.724248515], [73.139701097, 32.725022183], [73.14028215, 32.725401748], [73.14141041900001, 32.725581087], [73.142747999, 32.725572275], [73.143332626, 32.72547869], [73.145681658, 32.725102661], [73.14834912100001, 32.72463297], [73.149427898, 32.724550552], [73.150750261, 32.72445003], [73.151570285, 32.724389647], [73.153772843, 32.72445077], [73.15475233, 32.724477951], [73.156198023, 32.725074034], [73.15670656600001, 32.725453815], [73.157841206, 32.726482151], [73.15790108, 32.727112196], [73.157978985, 32.727947564], [73.157405505, 32.729927821], [73.157183508, 32.730477681], [73.15687354500001, 32.731245426], [73.15656134400001, 32.732018718], [73.156198964, 32.732781584], [73.155648649, 32.733940088], [73.155129249, 32.735971699], [73.155549061, 32.737771972], [73.156228564, 32.738782419], [73.15743122900001, 32.739451203], [73.159300889, 32.739440484], [73.159962039, 32.739316176], [73.16304009000001, 32.73873756], [73.168667422, 32.737966053], [73.169968832, 32.737787629], [73.171540701, 32.737476956], [73.172326632, 32.737321305], [73.175300309, 32.736733173], [73.17991382000001, 32.735942555], [73.180542681, 32.735788465], [73.18149918200001, 32.735523588], [73.182489124, 32.735249572], [73.18302959200001, 32.735099918], [73.184089841, 32.734418502], [73.184718668, 32.733227362], [73.185270851, 32.732326802], [73.185799332, 32.731472942], [73.18671444, 32.730686251], [73.187107612, 32.730394228], [73.18845178, 32.729761538], [73.18973844, 32.729687557], [73.190470096, 32.729645486], [73.192515883, 32.729637146], [73.197241382, 32.729633597], [73.198545605, 32.729624062], [73.203101894, 32.729590755], [73.20483714400001, 32.729577558], [73.205520319, 32.729573075], [73.206371525, 32.729539], [73.210199098, 32.729385776], [73.212322975, 32.729300752], [73.214298813, 32.729601147], [73.215011629, 32.729709941], [73.215826884, 32.730258388], [73.216263088, 32.730590414], [73.216747691, 32.73095981], [73.217116714, 32.731457417], [73.217543786, 32.732033305], [73.217828647, 32.732417808], [73.21808316500001, 32.733209153], [73.218659234, 32.735000266], [73.21902421300001, 32.735722947], [73.219478365, 32.736622703], [73.220022067, 32.73769876], [73.220637976, 32.738452444], [73.221181295, 32.739189036], [73.223019781, 32.742132574], [73.22383189300001, 32.743383924], [73.225178125, 32.744225294], [73.22652077, 32.745064423], [73.228547554, 32.746280502], [73.229881769, 32.747081037], [73.23049382724136, 32.74735645710959], [73.23190341201403, 32.74584638627593], [73.23197922284004, 32.74577267573794], [73.23206180931797, 32.745706645453865], [73.23215039662091, 32.745648914920295], [73.2322441536222, 32.74560002576548], [73.23234220069303, 32.745560436667795], [73.23244361795507, 32.74553051905244], [73.23254745391091, 32.74551055360668], [73.2326527343709, 32.74550072764646], [73.23275847159306, 32.74550113335901], [73.23286367355001, 32.74551176693792], [73.23296735323633, 32.7455325286189], [73.23306853792846, 32.745563223615704], [73.24016814793336, 32.748098465247764], [73.24361791432311, 32.748098465247764], [73.24371422857689, 32.7481027223644], [73.24380979163533, 32.74811546051126], [73.25108745499682, 32.749414872389195], [73.25117604462501, 32.749434520973345], [73.25126269633219, 32.74946145924952], [73.25422592350326, 32.750519615526294], [73.25737523377926, 32.747145798153866], [73.25745562085599, 32.747068073004165], [73.25754353719104, 32.74699897887246], [73.25763806036778, 32.74693924069318], [73.2577381986507, 32.746889485238235], [73.25784290139072, 32.746850234540965], [73.25795107004853, 32.746821900419], [73.25806156972054, 32.746804780153454], [73.2581732410461, 32.74679905336983], [73.26168392223136, 32.74679905336983], [73.26669707378694, 32.74560560278848], [73.27011114466187, 32.741948150642116], [73.27018569993807, 32.741875549486295], [73.27026682949658, 32.74181037731609], [73.2703537960824, 32.74175322637571], [73.27044580939719, 32.741704616017394], [73.27054203328112, 32.74166498798189], [73.27418086496186, 32.740365576103954], [73.27428321051057, 32.74033459020611], [73.27438809664355, 32.74031376626995], [73.27449451694412, 32.74030330410795], [73.27460145027479, 32.74030330410795], [73.27470787057536, 32.74031376626995], [73.27481275670833, 32.74033459020611], [73.27491510225704, 32.740365576103954], [73.2782489942666, 32.741556095275236], [73.28318444092787, 32.740381143426724], [73.28664944134944, 32.73790646853111], [73.28674448825184, 32.737845746734415], [73.28684529316524, 32.73779515602695], [73.28695078002535, 32.737755236450376], [73.28705982278937, 32.73772641413503], [73.28717125745627, 32.737708996751095], [73.28728389449206, 32.737703170224265], [73.29443340735807, 32.737703170224265], [73.29955918349123, 32.73648290779291], [73.30484359975317, 32.73270882101936], [73.30493864665557, 32.732648099222665], [73.30503945156897, 32.7325975085152], [73.30514493842908, 32.732557588938626], [73.3052539811931, 32.73252876662328], [73.30536541586, 32.732511349239346], [73.3054780528958, 32.732505522712515], [73.30887026583522, 32.732505522712515], [73.31401897531791, 32.73005407864298], [73.31712231427419, 32.72783769940104], [73.31712231427419, 32.725800700949115], [73.3171277222218, 32.72569217481972], [73.31714389248351, 32.72558472395051], [73.31717066484688, 32.725479412948154], [73.31720777405545, 32.725377285217846], [73.31725485243688, 32.725279352625414], [73.31731143354581, 32.72518658547191], [73.31737695678535, 32.72509990288001], [73.31745077296132, 32.72502016368749], [73.3175321507144, 32.72494815793799], [73.31762028376635, 32.72488459905338], [73.31771429890847, 32.724830116765325], [73.31781326465318, 32.72478525087594], [73.31791620046315, 32.72475044590954], [73.31802208646619, 32.72472604670838], [73.32474202539169, 32.72352621538546], [73.3263218318677, 32.7201413608829], [73.32637224833599, 32.72004595088314], [73.32643183839767, 32.71995598470686], [73.32650001975823, 32.71987234147402], [73.32657612617176, 32.71979583851887], [73.32665941395135, 32.719727223403204], [73.32674906923613, 32.71966716661143], [73.32684421594405, 32.71961625499882], [73.32694392433268, 32.719574986056955], [73.33058275601343, 32.71827557417902], [73.33070243308387, 32.71824040531758], [73.33082534088288, 32.718219118632895], [73.33094987466102, 32.7182119920552], [73.3341723200686, 32.7182119920552], [73.34113936711262, 32.71199223219997], [73.34122116989884, 32.71192600517], [73.3413089702918, 32.711867963750905], [73.34140195212224, 32.71181864748034], [73.34149925105567, 32.71177851478933], [73.34877691441716, 32.709179691033455], [73.3488965914876, 32.70914452217202], [73.34901949928661, 32.70912323548733], [73.34914403306475, 32.70911610890964], [73.35403395005699, 32.70911610890964], [73.35552742097929, 32.70698285953067], [73.35559707311054, 32.7068936060431], [73.35567559467833, 32.70681204644635], [73.35576214112486, 32.70673905797449], [73.35585578157877, 32.70667542567277], [73.3559555088674, 32.706621833953875], [73.35606025034966, 32.70657885923658], [73.35616887945305, 32.70654696374589], [73.36162712697417, 32.705247551867956], [73.3617278112113, 32.7052285258926], [73.36182983579377, 32.70521902389742], [73.36193230184752, 32.705219129598504], [73.3620343066089, 32.705228842064585], [73.37113138581077, 32.70652825394252], [73.37124090394053, 32.70654965869392], [73.37134766470793, 32.7065821321088], [73.3714505525406, 32.706625334863574], [73.37154849233548, 32.706678815520874], [73.37164046069297, 32.70674201524674], [73.37172549661062, 32.70681427364998], [73.37180271152492, 32.706894835682846], [73.37187129859618, 32.70698285953067], [73.37369071443655, 32.709581683286544], [73.37374970797663, 32.7096758027029], [73.37379883148594, 32.70977542992378], [73.37383757634566, 32.70987953342109], [73.37386554139623, 32.70998703531993], [73.37388243709094, 32.71009682255874], [73.37388808849381, 32.710207758413866], [73.37388808849381, 32.71670481780355], [73.37388322320254, 32.716807767862164], [73.37386867069621, 32.7169098002599], [73.37384456069078, 32.717010005515576], [73.37381110809444, 32.71710749043454], [73.37376861109195, 32.71720138607025], [73.37371744848673, 32.7172908554698], [73.3736580763244, 32.717375101134195], [73.3735910238277, 32.71745337212698], [73.37351688867915, 32.717524970767876], [73.3734363316936, 32.71758925885158], [73.37335007092788, 32.71764566333656], [73.37325887528036, 32.71769368145293], [73.37316355763718, 32.71773288518396], [73.36588589427569, 32.72033170893984], [73.36576621720525, 32.720366877801276], [73.36564330940624, 32.72038816448596], [73.3655187756281, 32.72039529106365], [73.36041032619444, 32.72039529106365], [73.35705614956886, 32.722790816512685], [73.35696110266646, 32.72285153830938], [73.35686029775306, 32.722902129016845], [73.35675481089295, 32.72294204859342], [73.35664576812893, 32.72297087090876], [73.35653433346204, 32.7229882882927], [73.35642169642624, 32.72299411481953], [73.34607353191288, 32.72299411481953], [73.34458006099058, 32.7251273641985], [73.34451040885932, 32.725216617686065], [73.34443188729153, 32.725298177282816], [73.34434534084501, 32.72537116575468], [73.3442517003911, 32.7254347980564], [73.34415197310247, 32.72548838977529], [73.34404723162021, 32.72553136449259], [73.34393860251681, 32.725563259983275], [73.33906076537149, 32.72672449708379], [73.33743846990241, 32.73135901758264], [73.33739624382098, 32.731462368144626], [73.3373436826399, 32.73156086536723], [73.3372813361144, 32.73165347903454], [73.33720985634795, 32.7317392404688], [73.33712999097172, 32.73181725266204], [73.33704257532476, 32.73188669965825], [73.33204152416523, 32.735458409398625], [73.33204152416523, 32.73879481972849], [73.33203700589189, 32.738894038310086], [73.33202348847357, 32.73899243557189], [73.33200108380589, 32.739089196992886], [73.33018166796552, 32.74558625638257], [73.3301470963476, 32.745689555844734], [73.33010240187167, 32.74578889556221], [73.33004802956931, 32.745883286390075], [73.32998452083616, 32.74597178846045], [73.32991250804105, 32.74605352054098], [73.32983270822942, 32.7461276688094], [73.32974591598352, 32.74619349495695], [73.3296529955107, 32.74625034353985], [73.3295548720382, 32.74629764850568], [73.32945252260056, 32.74633493882967], [73.32934696631109, 32.746361843204795], [73.32923925421434, 32.746378093738954], [73.32913045882064, 32.7463835286224], [73.32631957070335, 32.7463835286224], [73.3247234204444, 32.75208331577226], [73.32468946556637, 32.75218503495655], [73.3246456943261, 32.75228293186517], [73.32459252910995, 32.75237606180657], [73.3245304829549, 32.75246352608977], [73.32446015459769, 32.7525444806966], [73.3243822226972, 32.75261814442634], [73.32429743928544, 32.75268380643426], [73.32420662251054, 32.7527408330911], [73.32411064874177, 32.752788674097566], [73.32401044411262, 32.752826867794575], [73.32390697558385, 32.752855045618276], [73.32380124161239, 32.75287293565658], [73.31288474657015, 32.75417234753452], [73.31275571625729, 32.75417999989003], [73.30009737641859, 32.75417999989003], [73.29112674584563, 32.75546135005313], [73.2750086054929, 32.75929849795519], [73.27182518049224, 32.7615720739935], [73.2701200838086, 32.76644313828695], [73.27008139626244, 32.76653887768742], [73.27003383580735, 32.76663053335905], [73.26997782799197, 32.76671728521001], [73.26991387394784, 32.766798357025515], [73.26984254590572, 32.766873023413105], [73.26472313807143, 32.7717480088894], [73.26472313807143, 32.7839300861963], [73.26634517985454, 32.786246984084855], [73.26640417339462, 32.78634110350121], [73.26645329690393, 32.78644073072209], [73.26649204176366, 32.7865448342194], [73.26652000681422, 32.78665233611824], [73.26653690250893, 32.78676212335705], [73.2665425539118, 32.786873059212176], [73.2665425539118, 32.79150888141998], [73.26943953417579, 32.793577880975576], [73.27627070812794, 32.793577880975576], [73.283210895802, 32.792338724689984], [73.28664944134944, 32.78988294364861], [73.2867380980198, 32.78982588231649], [73.28683184580449, 32.78977763966227], [73.2869298102371, 32.78973866568678], [73.28703107751888, 32.78970932393389], [73.30340582008223, 32.78581108830008], [73.30351591664835, 32.78579077943066], [73.30362751427798, 32.7857818534512], [73.30373943924177, 32.78578440424078], [73.30385051436764, 32.785798404971445], [73.31054353953736, 32.786993430898434], [73.31377712483082, 32.783529330736116], [73.31385201553802, 32.783456432863225], [73.31393353409382, 32.7833910307], [73.31402093332598, 32.78333372370117], [73.31411341216184, 32.78328503712384], [73.31421012297083, 32.783245417213166], [73.31431017933346, 32.78321522711223], [73.314412664166, 32.783194743533564], [73.31451663812618, 32.783184154222916], [73.31462114822287, 32.783183556238434], [73.31472523655088, 32.78319295506103], [73.31482794907085, 32.783212264544204], [73.32574444411308, 32.78581108830008], [73.32584924770505, 32.78584164941416], [73.32595047485484, 32.78588252530838], [73.32604711322399, 32.78593330719678], [73.32613819636492, 32.785993487226875], [73.32622281338595, 32.78606246355857], [73.32630011806093, 32.78613954638293], [73.32636933729196, 32.786223964820714], [73.32642977884096, 32.78631487463172], [73.32648083825246, 32.78641136665771], [73.33011966993321, 32.794207837925335], [73.3301590862737, 32.79430398403555], [73.33018918244436, 32.79440344228266], [73.33020968575035, 32.79450531149709], [73.33022041041565, 32.79460866866405], [73.33022125926641, 32.79471257728668], [73.33021222461139, 32.79481609587156], [73.3301933883116, 32.79491828645927], [73.33016492103869, 32.79501822312311], [73.33012708072843, 32.795115000358685], [73.33008021024364, 32.79520774128849], [73.3300247342676, 32.79529560560712], [73.32820531842722, 32.797894429363], [73.32812882103326, 32.79799149854777], [73.32804184198828, 32.79807929902415], [73.3279454961229, 32.79815670543306], [73.32476386080374, 32.8004290032955], [73.32476386080374, 32.802466001747426], [73.3247589321305, 32.802569618713136], [73.32474419061558, 32.802672300041245], [73.32471976937148, 32.80277311854272], [73.32468588891649, 32.80287116384946], [73.32464285518341, 32.80296555063466], [73.32459105675706, 32.803055426607145], [73.3245309613654, 32.80313998020734], [73.32446311165617, 32.803218447935485], [73.32438812029679, 32.803290121245865], [73.32430666444215, 32.80335435294481], [73.31520958524028, 32.809851412334496], [73.31511453833788, 32.80991213413119], [73.31501373342448, 32.809962724838655], [73.31490824656437, 32.81000264441523], [73.31479920380035, 32.81003146673057], [73.31468776913346, 32.81004888411451], [73.31457513209766, 32.81005471064134], [73.30764726682362, 32.81005471064134], [73.30293087071927, 32.81342312207487], [73.30293087071927, 32.8154601205268], [73.30292561412853, 32.81556712088945], [73.30290989498015, 32.81567309078011], [73.30288386465813, 32.81577700965081], [73.30284777384868, 32.81587787670602], [73.30280197012604, 32.81597472054085], [73.3027468946051, 32.816066608496236], [73.30268307769322, 32.81615265564094], [73.30261113398217, 32.816232033293915], [73.30253175632919, 32.81630397700497], [73.30244570918448, 32.81636779391685], [73.30235382122909, 32.816422869437794], [73.30225697739426, 32.81646867316043], [73.30215611033906, 32.816504763969874], [73.30205219146835, 32.8165307942919], [73.3019462215777, 32.81654651344029], [73.30183922121505, 32.816551770031026], [73.29855018762176, 32.816551770031026], [73.29565320735777, 32.81862076958662], [73.29565320735777, 32.82065776803855], [73.29564633854324, 32.82078003616758], [73.29562581853871, 32.82090076563955], [73.29559190557383, 32.821018437160326], [73.2938337915174, 32.82604095974587], [73.2938337915174, 32.829191825880166], [73.29689150457786, 32.83137561948134], [73.30001980537467, 32.83249272287325], [73.30304166533124, 32.831413629069104], [73.30649946146933, 32.82770933458599], [73.30657767030085, 32.8276335147162], [73.30666304588189, 32.82756586647788], [73.3067547381614, 32.82750706341792], [73.30685183419548, 32.82745769101521], [73.30695336723717, 32.82741824085132], [73.30705832636194, 32.827389105716], [73.30716566653314, 32.82737057569631], [73.30727431900696, 32.827362835288355], [73.30738320197354, 32.82736596156034], [73.30749123132802, 32.827379923385195], [73.30759733146469, 32.827404581750535], [73.31669441066656, 32.83000340550641], [73.31678764556932, 32.830034646206165], [73.31687769111355, 32.83007414972982], [73.31696381672366, 32.830121595569445], [73.3170453236281, 32.83017659877795], [73.31712155052867, 32.83023871309228], [73.32408859757268, 32.83645847294751], [73.32906571674646, 32.83645847294751], [73.33991792355002, 32.83516671342508], [73.34001374281694, 32.8351595663732], [73.34010981937881, 32.8351608727111], [73.34020540890451, 32.835170622318216], [73.34029977083607, 32.8351887396617], [73.34575801835719, 32.83648815153964], [73.3458483151027, 32.83651379643348], [73.34593607493935, 32.836547103698486], [73.3460206489898, 32.8365878270679], [73.3528716115273, 32.84025750302885], [73.35591116554231, 32.83917209074897], [73.35933711554254, 32.83672530534414], [73.36229787808287, 32.833553476842425], [73.3612235774118, 32.83201896337774], [73.35616887945305, 32.83081562209621], [73.35606761217127, 32.830786280343325], [73.35596964773866, 32.83074730636783], [73.35587589995397, 32.83069906371361], [73.35578724328361, 32.830642002381495], [73.35214841160287, 32.82804317862562], [73.35206695574823, 32.82797894692668], [73.35199196438884, 32.8279072736163], [73.35192411467962, 32.82782880588815], [73.35186401928796, 32.82774425228796], [73.3518122208616, 32.82765437631547], [73.35176918712853, 32.82755998953027], [73.35173530667353, 32.82746194422353], [73.35171088542944, 32.82736112572206], [73.35169614391451, 32.82725844439395], [73.35169121524127, 32.82715482742824], [73.35169121524127, 32.82195717991649], [73.35169646326968, 32.82185026652433], [73.35171215689586, 32.82174438108944], [73.35173814522778, 32.82164054168541], [73.35177417839128, 32.821539746713555], [73.35181990993257, 32.821442965303376], [73.35187490014927, 32.821351127994554], [73.35193862031818, 32.82126511778993], [73.3520104577788, 32.821185761665554], [73.35208972182403, 32.82111382261943], [73.35217565034121, 32.82104999233539], [73.35226741713969, 32.82099488453265], [73.35910968885857, 32.817329863755255], [73.3606507738325, 32.81072608222625], [73.35760665912399, 32.80855200045656], [73.3575103132586, 32.80847459404765], [73.35742333421362, 32.80838679357127], [73.35734683681966, 32.8082897243865], [73.35370800513891, 32.80309207687475], [73.35364901159883, 32.802997957458395], [73.35359988808952, 32.80289833023751], [73.3535611432298, 32.802794226740204], [73.35353317817923, 32.802686724841365], [73.35351628248452, 32.80257693760255], [73.35351063108165, 32.802466001747426], [73.35351063108165, 32.8007294531313], [73.34889121609156, 32.79962973702571], [73.34877691441716, 32.799595833494024], [73.34513808273641, 32.79829642161609], [73.3450344844252, 32.798253303059106], [73.3449358598406, 32.798199777258276], [73.34484325107746, 32.798136409782146], [73.3447576366658, 32.79806387018911], [73.34467992123135, 32.797982924952755], [73.34461092593705, 32.797894429363], [73.34279151009667, 32.79529560560712], [73.34273705053178, 32.79520953095886], [73.34269085046358, 32.79511875517476], [73.34265331210057, 32.79502406853059], [73.34262476224423, 32.79492629534928], [73.34260544944387, 32.794826286824524], [73.34259554183284, 32.79472491361048], [73.34259512566484, 32.79462305824201], [73.34260420456295, 32.79452160745152], [73.34262269948807, 32.79442144444924], [73.34430974843917, 32.787192185264814], [73.34106836243642, 32.78371972829855], [73.3409987223724, 32.78363730886072], [73.34093755908195, 32.78354841704924], [73.34088547012048, 32.78345392132266], [73.3408429643887, 32.783354744888904], [73.34081045716069, 32.783251856685624], [73.34078826602679, 32.783146261913856], [73.3407766077908, 32.783038992217385], [73.34077559635178, 32.78293109560373], [73.3407852415913, 32.782823626205285], [73.34080544927698, 32.78271763398063], [73.34083602198298, 32.78261415445659], [73.34265543782335, 32.77741650694484], [73.3426926385003, 32.777324012089245], [73.34273812237527, 32.777235296781704], [73.34279151009667, 32.77715110093929], [73.34461092593705, 32.77455227718342], [73.34468742333101, 32.77445520799864], [73.34477440237599, 32.77436740752226], [73.34487074824138, 32.77429000111336], [73.34850957992212, 32.77169117735748], [73.3486087194805, 32.77162814114345], [73.34871405902403, 32.77157612386861], [73.35770268063321, 32.76772436394894], [73.36078829444314, 32.76552064386123], [73.36078829444314, 32.7634836454093], [73.36079310093247, 32.76338131798841], [73.36080747807492, 32.76327989165464], [73.36083129926652, 32.76318025956023], [73.36086435473973, 32.76308329905746], [73.36090635341071, 32.76298986397281], [73.36095692544248, 32.76290077708821], [73.36101562550178, 32.762816822895665], [73.36108193668052, 32.762738740689116], [73.36472076836127, 32.7588405050553], [73.36479584321742, 32.758767444391346], [73.36487757540155, 32.75870191619343], [73.36496521225968, 32.75864452389654], [73.36505794676295, 32.75859579601391], [73.36515492493942, 32.758556181270045], [73.36525525373808, 32.758526044468546], [73.36535800925274, 32.758505663132695], [73.36546224523012, 32.7584952249498], [73.3655670017837, 32.758494826042806], [73.36567131423305, 32.758504470085185], [73.36577422198745, 32.758524068267036], [73.36587477739164, 32.758553440112934], [73.3659720544527, 32.75859231514392], [73.36606515736726, 32.75864033536826], [73.36615322877073, 32.75869705857811], [73.37132682123668, 32.76239199590508], [73.38189351819146, 32.76239199590508], [73.38200070988677, 32.76239727135745], [73.38210686556332, 32.76241304672679], [73.38221095921557, 32.762439169542525], [73.38231198476767, 32.76247538732495], [73.38240896579727, 32.762521350025466], [73.38968662915876, 32.76641958565928], [73.38977435853496, 32.7664720040358], [73.38985680162621, 32.7665323966376], [73.38993323589553, 32.76660023417973], [73.39000299146764, 32.76667492212925], [73.3900654569999, 32.76675580591579], [73.39188487284028, 32.76935462967167], [73.39194386638036, 32.76944874908802], [73.39199298988967, 32.769548376308904], [73.3920317347494, 32.76965247980621], [73.39205969979996, 32.76975998170505], [73.39207659549467, 32.76986976894386], [73.39208224689754, 32.76998070479899], [73.39208224689754, 32.773109600051505], [73.39499654772166, 32.77415028493033], [73.39509186536483, 32.774189488661364], [73.39518306101236, 32.77423750677773], [73.39526932177807, 32.77429391126271], [73.39534987876362, 32.774358199346416], [73.39542401391218, 32.77442979798731], [73.39549106640888, 32.7745080689801], [73.3955504385712, 32.774592314644494], [73.39560160117642, 32.77468178404404], [73.39564409817892, 32.77477567967975], [73.39567755077526, 32.774873164598716], [73.39570166078069, 32.77497336985439], [73.39571621328702, 32.77507540225213], [73.39572107857829, 32.77517835231074], [73.39572107857829, 32.779513724682744], [73.40034049356838, 32.78061344078833], [73.40044176085016, 32.780642782541214], [73.40053972528277, 32.78068175651671], [73.40063347306746, 32.78072999917093], [73.40072212973782, 32.780787060503044], [73.40436096141856, 32.78338588425892], [73.40444837706552, 32.78345533125513], [73.40452824244176, 32.78353334344837], [73.4045997222082, 32.783619104882625], [73.4046620687337, 32.78371171854994], [73.40471462991478, 32.78381021577254], [73.40475685599621, 32.783913566334526], [73.40621333547911, 32.78807438916138], [73.40881763714947, 32.7871444037097], [73.40891903364358, 32.787113655536196], [73.40902293344061, 32.78709288220307], [73.40912835772617, 32.78708227941079], [73.40923431332408, 32.787081947045635], [73.40933980205273, 32.78709188823874], [73.40944383012881, 32.78711200933658], [73.40954541752946, 32.78714212078325], [73.40964360722482, 32.78718193890623], [73.40973747419396, 32.7872310885888], [73.40982613413931, 32.7872891068039], [73.40990875181735, 32.787355446976235], [73.40998454890733, 32.787429484131394], [73.41005281134352, 32.78751052078358], [73.41011289604235, 32.787597793506464], [73.41016423696065, 32.787690480125235], [73.41020635042833, 32.787787707462094], [73.41023883970473, 32.787888559562276], [73.41026139871644, 32.78799208632299], [73.41027381494054, 32.78809731244413], [73.41027597140685, 32.788203246616355], [73.41026784779983, 32.78830889085993], [73.41024952064998, 32.78841324992648], [73.41022116261287, 32.78851534067495], [73.41018304084257, 32.788614201333566], [73.41013551447489, 32.788708900560415], [73.41007903124401, 32.788798546217436], [73.40899962524101, 32.79034035205454], [73.41329287395497, 32.79238448741201], [73.41339184681722, 32.79243803493436], [73.41348478136771, 32.79250148675809], [73.41357069008589, 32.79257416864548], [73.4136486601075, 32.79265530828031], [73.41371786292476, 32.79274404347454], [73.41521133384705, 32.79487729285351], [73.42192066667967, 32.79487729285351], [73.42202766704231, 32.79488254944425], [73.42213363693297, 32.79489826859264], [73.42223755580368, 32.794924298914665], [73.42233842285889, 32.79496038972411], [73.42243526669371, 32.795006193446746], [73.4225271546491, 32.79506126896769], [73.42261320179381, 32.79512508587957], [73.42269257944679, 32.795197029590625], [73.42276452315784, 32.7952764072436], [73.42282834006971, 32.795362454388304], [73.42288341559066, 32.79545434234369], [73.4229292193133, 32.79555118617852], [73.42296531012275, 32.79565205323373], [73.42299134044477, 32.79575597210443], [73.42300705959315, 32.79586194199509], [73.42301231618389, 32.79596894235774], [73.42301231618389, 32.80680137411943], [73.42763173117397, 32.807901090225016], [73.42773379872972, 32.80793070673518], [73.42783250268874, 32.80797010790374], [73.4279269075346, 32.8080189202863], [73.42801611849782, 32.80807668123893], [73.42809929003666, 32.80814284330314], [73.42817563385094, 32.808216779394655], [73.42824442635379, 32.80829778874698], [73.42830501552962, 32.808385103553185], [73.42835682711402, 32.80847789624327], [73.42839937003662, 32.808575287327805], [73.42843224107547, 32.808676353733766], [73.42845512867876, 32.80878013755344], [73.42846781591771, 32.80888565512344], [73.42847018254263, 32.80899190634789], [73.42846220612262, 32.80909788417734], [73.42844396225823, 32.80920258415357], [73.42841562386486, 32.809305013929865], [73.42837745953392, 32.809404202676475], [73.42832983098704, 32.809499210282134], [73.42827318964774, 32.809589136264435], [73.42483173202426, 32.814504857908865], [73.42483173202426, 32.81619770710079], [73.42983278318378, 32.81976941684117], [73.42991423903842, 32.81983364854011], [73.42998923039781, 32.81990532185049], [73.43005708010703, 32.819983789578636], [73.4301171754987, 32.82006834317883], [73.43016897392505, 32.82015821915132], [73.43021200765813, 32.82025260593652], [73.43024588811312, 32.82035065124326], [73.43027030935721, 32.82045146974473], [73.43028505087214, 32.82055415107284], [73.43028997954538, 32.82065776803855], [73.43028997954538, 32.82369372853262], [73.43467470061957, 32.82473757248128], [73.44717422974924, 32.822186983556875], [73.44728439383923, 32.822170307210946], [73.44739568397816, 32.82216494696728], [73.4475069408284, 32.82217095866488], [73.44761700539912, 32.82218827967836], [73.44772473111975, 32.82221672957034], [73.44782899578408, 32.82225601197107], [73.44792871324066, 32.822305717665806], [73.44802284470742, 32.822365328857714], [73.448110409593, 32.822434224561874], [73.44819049571173, 32.82251168707424], [73.45142408100519, 32.82597578723656], [73.45811710617491, 32.82478076130957], [73.4582249257834, 32.82476700710559], [73.45833357872203, 32.82476404315075], [73.45844198782875, 32.82477189882907], [73.4585490783588, 32.82479049626102], [73.45865378863951, 32.82481965107564], [73.4587550805955, 32.82485907423831], [73.45885195003991, 32.824908374916205], [73.45894343662975, 32.82496706435292], [73.46609717773255, 32.830076207603405], [73.46941454382036, 32.83126082543576], [73.47286431021011, 32.83126082543576], [73.47296894859974, 32.831265851984455], [73.47307262336513, 32.8312808853406], [73.47317437975613, 32.83130578706067], [73.47327328068911, 32.83134032782253], [73.47336841537658, 32.831384189537225], [73.47345890771473, 32.83143696827831], [73.47354392435157, 32.83149817800168], [73.47362268236134, 32.83156725502155], [73.4736944564545, 32.831643563201474], [73.47375858565707, 32.831726399812666], [73.47388020691018, 32.831900121616556], [73.47475981121518, 32.83183569062181], [73.4742699556025, 32.83214996481342], [73.47405512014505, 32.83214996481342], [73.47494601370725, 32.83342250257088], [73.47768810458861, 32.831464123742606], [73.47777547582142, 32.83140780567298], [73.47786780759543, 32.8313600531778], [73.47796426271323, 32.831321299241985], [73.47806396658987, 32.831291895258076], [73.47816601518309, 32.83127210784002], [73.47826948319036, 32.83126211640575], [73.47837343243901, 32.83126201155033], [73.47847692039278, 32.83127179422452], [73.48749720797701, 32.8325602373137], [73.49105846861384, 32.8325602373137], [73.49116546897649, 32.83256549390444], [73.49127143886714, 32.832581213052826], [73.49137535773785, 32.83260724337485], [73.49147622479306, 32.8326433341843], [73.49157306862789, 32.83268913790693], [73.49166495658328, 32.83274421342788], [73.49175100372798, 32.832808030339756], [73.49183038138096, 32.83287997405081], [73.49190232509201, 32.832959351703785], [73.49196614200389, 32.83304539884849], [73.49202121752484, 32.833137286803876], [73.49206702124748, 32.83323413063871], [73.49210311205692, 32.83333499769392], [73.49212914237894, 32.83343891656462], [73.49214486152732, 32.83354488645528], [73.49215011811806, 32.833651886817925], [73.49215011811806, 32.835561403765205], [73.49698600261213, 32.83786390313982], [73.49708429907601, 32.83791703862185], [73.4971766489031, 32.83797994397692], [73.49726208453285, 32.83805196013782], [73.49733971084555, 32.83813233258232], [73.49740871454075, 32.838220219238366], [73.49746837265815, 32.83831469930657], [73.49751806015229, 32.83841478290756], [73.49755725644113, 32.83851942145305], [73.4975855508603, 32.83862751863204], [73.49760264696565, 32.83873794189699], [73.49760836563918, 32.838849534329675], [73.49760836563918, 32.84608418029335], [73.50442883263908, 32.85095530191167], [73.50451440275533, 32.85102312575012], [73.50459276941773, 32.85109915853306], [73.50466314860905, 32.8511826395925], [73.50472483622254, 32.85127273374437], [73.50477721510605, 32.851368539644085], [73.50481976123642, 32.851469098804024], [73.50485204896201, 32.851573405182705], [73.50487375526112, 32.85168041524969], [73.50488466297364, 32.85178905842557], [73.50488466297364, 32.85189824779253], [73.50487375526112, 32.85200689096841], [73.50485204896201, 32.852113901035395], [73.50481976123642, 32.852218207414076], [73.50477721510605, 32.852318766574015], [73.50472483622254, 32.85241457247373], [73.50466314860905, 32.8525046666256], [73.50459276941773, 32.85258814768504], [73.50451440275533, 32.85266418046798], [73.50442883263908, 32.85273200430643], [73.50124719731993, 32.85500430216887], [73.50124719731993, 32.85757137211744], [73.50416149814404, 32.858612056996265], [73.50425479203565, 32.85865031685305], [73.50434415768976, 32.858697021742685], [73.50442883263908, 32.85875177317929], [73.50763938935896, 32.86104472646904], [73.51575166383867, 32.85872723849688], [73.51725805671522, 32.85549967816703], [73.51725805671522, 32.849244829353175], [73.51726298538846, 32.849141212387465], [73.51727772690339, 32.84903853105936], [73.51730214814748, 32.848937712557884], [73.51733602860247, 32.84883966725114], [73.51737906233555, 32.84874528046594], [73.5174308607619, 32.848655404493456], [73.51749095615357, 32.84857085089326], [73.51755880586279, 32.848492383165116], [73.51763379722217, 32.848420709854736], [73.51771525307682, 32.84835647815579], [73.52135408475756, 32.84575765439992], [73.52144274142792, 32.845700593067804], [73.52153648921261, 32.84565235041358], [73.52163445364522, 32.84561337643809], [73.521735720927, 32.8455840346852], [73.52679041888575, 32.84438069340367], [73.52831728468138, 32.84219974333515], [73.53009640598948, 32.83838784177521], [73.53014682245777, 32.83829243177545], [73.53020641251945, 32.83820246559917], [73.53027459388001, 32.83811882236633], [73.53035070029354, 32.83804231941118], [73.53043398807313, 32.837973704295514], [73.53052364335791, 32.83791364750374], [73.53061879006583, 32.83786273589113], [73.53071849845446, 32.837821466949265], [73.53799616181595, 32.83522264319339], [73.5381012161018, 32.83519098376449], [73.538208917802, 32.83517002985833], [73.54730599700386, 32.833870617980395], [73.54746035966541, 32.83385964919164], [73.55109919134615, 32.83385964919164], [73.55120382973578, 32.83386467574033], [73.55130750450117, 32.83387970909647], [73.55140926089217, 32.833904610816546], [73.55150816182515, 32.833939151578406], [73.55160329651262, 32.8339830132931], [73.55169378885077, 32.834035792034186], [73.55177880548761, 32.834097001757556], [73.55185756349738, 32.83416607877742], [73.55192933759054, 32.83424238695735], [73.5519934667931, 32.83432522356854], [73.55344534601983, 32.83639906405148], [73.56547191338062, 32.835172024649], [73.57053951912924, 32.83396561048823], [73.57395359000417, 32.830308158341865], [73.57402940083017, 32.830234447803875], [73.5741119873081, 32.8301684175198], [73.57420057461104, 32.83011068698623], [73.57429433161234, 32.83006179783141], [73.57439237868316, 32.83002220873373], [73.5744937959452, 32.82999229111837], [73.57459763190104, 32.829972325672614], [73.57470291236103, 32.829962499712394], [73.57480864958319, 32.82996290542494], [73.57491385154015, 32.82997353900386], [73.57501753122646, 32.82999430068484], [73.57511871591859, 32.83002499568164], [73.57870132383377, 32.831304330283345], [73.58410149344606, 32.83258991590583], [73.58420276072783, 32.83261925765871], [73.58430072516045, 32.832658231634205], [73.58439447294514, 32.83270647428843], [73.58448312961549, 32.83276353562054], [73.58799803903754, 32.835273855115155], [73.59095616287306, 32.83633018901172], [73.59413071837248, 32.83406294749848], [73.5942177887445, 32.83400680372895], [73.59430978927504, 32.83395916682181], [73.59440589133517, 32.833920465832406], [73.59450522935437, 32.8338910493322], [73.59460690861653, 32.83387118226926], [73.59471001331846, 32.83386104358195], [73.59481361481836, 32.83386072458722], [73.59491677999989, 32.8338702281582], [73.59501857967652, 32.83388946869826], [73.59511809696049, 32.83391827291203], [73.59521443552113, 32.83395638136615], [73.5953067276578, 32.83400345082601], [73.60353912039396, 32.838707056749556], [73.60478739111039, 32.836924047324416], [73.60485207588897, 32.836840560641164], [73.60492452553012, 32.836763715365706], [73.60500406191444, 32.836694230759996], [73.60508994059157, 32.83663275719106], [73.60518135774805, 32.83657987004364], [73.60527745773099, 32.83653606433468], [73.60537734105687, 32.83650175008], [73.6054800728305, 32.83647724845663], [73.60558469149564, 32.83646278879665], [73.60569021783495, 32.83645850644062], [73.6057956641354, 32.836464441470845], [73.6059000434331, 32.8364805383362], [73.60600237875116, 32.83650664637209], [73.60610171224411, 32.83654252121062], [73.60619711416315, 32.8365878270679], [73.61347477752464, 32.840486062701714], [73.61356250690085, 32.840538481078234], [73.61364494999209, 32.84059887368004], [73.61372138426141, 32.84066671122216], [73.61379113983352, 32.840741399171684], [73.61385360536579, 32.84082228295823], [73.61749243704654, 32.84601993046998], [73.61754799781114, 32.84610794443787], [73.61759492383412, 32.846200849795494], [73.61763278852183, 32.846297801961704], [73.61766124765514, 32.84639791956674], [73.61948066349551, 32.854194390834365], [73.61950206257254, 32.85431761439142], [73.61950922694417, 32.854442476864925], [73.61950922694417, 32.85834071249874], [73.61950429827094, 32.85844432946445], [73.61948955675601, 32.858547010792556], [73.61946513551192, 32.85864782929403], [73.61943125505692, 32.85874587460077], [73.61938822132385, 32.85884026138597], [73.61933642289749, 32.858930137358456], [73.61927632750583, 32.85901469095865], [73.6192084777966, 32.8590931586868], [73.61913348643722, 32.85916483199718], [73.61905203058258, 32.85922906369612], [73.61587039526343, 32.86150136155856], [73.61587039526343, 32.86917314426043], [73.62594805777464, 32.87157227224395], [73.62606235944904, 32.87160617577564], [73.62970119112978, 32.87290558765358], [73.629804789441, 32.87294870621056], [73.62990341402559, 32.87300223201139], [73.62999602278873, 32.87306559948752], [73.63008163720039, 32.87313813908055], [73.63015935263485, 32.87321908431691], [73.63022834792915, 32.873307579906665], [73.63204776376952, 32.87590640366254], [73.6321067573096, 32.87600052307889], [73.63215588081891, 32.87610015029978], [73.63219462567864, 32.876204253797084], [73.6322225907292, 32.87631175569592], [73.63223948642391, 32.876421542934736], [73.63224513782679, 32.87653247878986], [73.63224513782679, 32.88008656516367], [73.63375976713323, 32.88225003683166], [73.63906560482668, 32.88603942261598], [73.63914706068132, 32.88610365431492], [73.63922205204071, 32.8861753276253], [73.63928990174993, 32.88625379535345], [73.6393499971416, 32.88633834895364], [73.63940179556795, 32.88642822492613], [73.63944482930103, 32.88652261171133], [73.63947870975602, 32.88662065701807], [73.63950313100011, 32.88672147551954], [73.63951787251504, 32.88682415684765], [73.63952280118828, 32.88692777381336], [73.63952280118828, 32.89178127206511], [73.64276473563964, 32.896411998081796], [73.64601970992757, 32.897574336058156], [73.65141987953986, 32.89885992168064], [73.65152850864325, 32.898891817171325], [73.65163325012551, 32.89893479188862], [73.65173297741414, 32.89898838360752], [73.65182661786805, 32.899052015909234], [73.65191316431458, 32.8991250043811], [73.65199168588236, 32.89920656397785], [73.65206133801362, 32.899295817465415], [73.65355480893592, 32.901429066844386], [73.65662531008779, 32.901429066844386], [73.65673794712359, 32.90143489337122], [73.65684938179048, 32.901452310755154], [73.6569584245545, 32.9014811330705], [73.65706391141461, 32.90152105264707], [73.65716471632801, 32.901571643354536], [73.65725976323041, 32.90163236515123], [73.66089859491116, 32.904231188907104], [73.66098639598634, 32.90430097582177], [73.66106657314513, 32.9043794032753], [73.66113828005957, 32.904465643409125], [73.66120075981125, 32.90455878589617], [73.6612533528811, 32.90465784755002], [73.66269641585077, 32.90774971877889], [73.66708118324658, 32.90670586380272], [73.67054618366815, 32.904231188907104], [73.67063455534397, 32.90417429216258], [73.6707279890787, 32.90412615766518], [73.67082561876151, 32.90408723161146], [73.67092653938603, 32.90405787483765], [73.67102981543958, 32.904038359474775], [73.67113448957512, 32.9040288664261], [73.67123959148572, 32.90402948369018], [73.67134414689902, 32.90404020554509], [73.67144718660862, 32.90406093260152], [73.67154775545836, 32.904091472724076], [73.67518658713911, 32.905390884602014], [73.67527988103072, 32.9054291444588], [73.67536924668482, 32.905475849348434], [73.67545392163414, 32.90553060078504], [73.68091216915526, 32.909428836418854], [73.68099694120654, 32.90949596063146], [73.68107465681558, 32.90957114204345], [73.68114455350116, 32.90965364303704], [73.68120594549482, 32.90974265418077], [73.6812582304692, 32.909837302170985], [73.68130089544735, 32.90993665839996], [73.68133352183587, 32.9100397480666], [73.68135578953162, 32.91014555974045], [73.6813674800624, 32.91025305528494], [73.6813684787304, 32.910361180042784], [73.68135877573754, 32.910468873183355], [73.68133846628152, 32.9105750781107], [73.68130774962194, 32.910678752829995], [73.68126692712521, 32.9107788801707], [73.67961858967162, 32.9143105674604], [73.68132892515752, 32.92041810537534], [73.681353510882, 32.92052710723925], [73.68136682510868, 32.92063805134929], [73.68136872833948, 32.92074977530329], [73.68135920063357, 32.920861108528364], [73.68133834181621, 32.920970884545426], [73.6813063704329, 32.92107795319086], [73.68126362145956, 32.92118119266714], [73.68121054279288, 32.92127952129638], [73.68114769055754, 32.92137190885342], [73.68107572327948, 32.92145738735992], [73.67743689159873, 32.925355622993735], [73.67735869675823, 32.92543143059279], [73.67727333747452, 32.92549906947093], [73.67409170215537, 32.92777136733337], [73.67409170215537, 32.9298083657853], [73.67408677348213, 32.92991198275101], [73.6740720319672, 32.93001466407912], [73.67404761072311, 32.93011548258059], [73.67401373026811, 32.93021352788733], [73.67397069653504, 32.93030791467253], [73.67391889810868, 32.93039779064502], [73.67385880271702, 32.93048234424521], [73.6737909530078, 32.93056081197336], [73.67371596164841, 32.93063248528374], [73.67363450579377, 32.93069671698268], [73.66817625827265, 32.93459495261649], [73.66809158332333, 32.9346497040531], [73.66800221766923, 32.934696408942735], [73.66790892377762, 32.93473466879952], [73.66623720763099, 32.935331631783264], [73.66817625827265, 32.93671648585554], [73.6682577141273, 32.936780717554484], [73.66833270548668, 32.936852390864864], [73.6684005551959, 32.93693085859301], [73.66846065058756, 32.937015412193205], [73.66851244901392, 32.93710528816569], [73.668555482747, 32.93719967495089], [73.66858936320199, 32.93729772025763], [73.66861378444608, 32.937398538759105], [73.66862852596101, 32.93750122008721], [73.66863345463425, 32.93760483705292], [73.66863345463425, 32.94265251816587], [73.67041243011528, 32.949005166689965], [73.67043483478295, 32.94910192811096], [73.67044835220128, 32.949200325372765], [73.67045287047462, 32.94929954395436], [73.67044835220128, 32.94939876253596], [73.67043483478295, 32.94949715979776], [73.67041243011528, 32.94959392121876], [73.6685930142749, 32.956090980608444], [73.66855844265699, 32.956194280070605], [73.66851374818106, 32.95629361978808], [73.6684593758787, 32.956388010615946], [73.66839586714555, 32.95647651268632], [73.66832385435043, 32.95655824476685], [73.6682440545388, 32.95663239303527], [73.66815726229291, 32.95669821918282], [73.66806434182008, 32.95675506776572], [73.66796621834759, 32.95680237273155], [73.66786386890995, 32.95683966305554], [73.66775831262048, 32.956866567430666], [73.66765060052373, 32.956882817964825], [73.66754180513003, 32.95688825284827], [73.66026414176854, 32.95688825284827], [73.66015150473274, 32.95688242632144], [73.66004007006585, 32.956865008937505], [73.65993102730182, 32.95683618662216], [73.65982554044172, 32.95679626704559], [73.65972473552831, 32.95674567633812], [73.65962968862591, 32.95668495454143], [73.6563467401889, 32.95434029968075], [73.64838743997102, 32.95547719307408], [73.64676002419043, 32.961288628120194], [73.64672712833146, 32.96138761670561], [73.64668493470054, 32.961483013639985], [73.6466338285492, 32.96157394789576], [73.64657427650528, 32.96165958919213], [73.64650682231239, 32.961739155575984], [73.64298603221039, 32.96551093471802], [73.64134221702865, 32.96903293269926], [73.64134221702865, 32.97082772057535], [73.6445238523478, 32.97310001843779], [73.64460862439908, 32.9731671426504], [73.64468634000812, 32.97324232406238], [73.6447562366937, 32.973324825055975], [73.64481762868736, 32.973413836199704], [73.64486991366174, 32.97350848418992], [73.64491257863989, 32.97360784041889], [73.6449452050284, 32.97371093008554], [73.64496747272416, 32.973816741759386], [73.64497916325494, 32.973924237303876], [73.64498016192294, 32.97403236206172], [73.64497045893008, 32.97414005520229], [73.64495014947406, 32.97424626012964], [73.64491943281448, 32.97434993484893], [73.64487861031775, 32.97445006218964], [73.64332583521188, 32.977776999943316], [73.6466030904925, 32.98245817765341], [73.64665831137854, 32.98254559207703], [73.64670501441327, 32.98263783878026], [73.64674278062775, 32.98273409022574], [73.64677127122441, 32.98283348294988], [73.64679023061657, 32.98293512530896], [73.6467994887211, 32.98303810547799], [73.64679896248433, 32.983141499630555], [73.64678865662708, 32.98324438022648], [73.64676866360233, 32.98334582433263], [73.64673916276583, 32.98344492190251], [73.64531961947044, 32.98750022664007], [73.64960046369949, 32.988519341258325], [73.64971071047628, 32.98855180580642], [73.64981693320347, 32.988595680980566], [73.65527518072459, 32.99119450473644], [73.65537415358683, 32.99124805225879], [73.65546708813733, 32.991311504082525], [73.6555529968555, 32.99138418596991], [73.65563096687711, 32.99146532560474], [73.65570016969437, 32.991554060798975], [73.6570421614527, 32.99347093982373], [73.65989702312095, 32.992451480423824], [73.65999936866966, 32.99242049452598], [73.66010425480263, 32.99239967058982], [73.6602106751032, 32.99238920842782], [73.66031760843387, 32.99238920842782], [73.66042402873444, 32.99239967058982], [73.66052891486741, 32.99242049452598], [73.66063126041612, 32.992451480423824], [73.66373279648798, 32.99355902624215], [73.66872676782778, 32.98999237285098], [73.6688151395036, 32.98993547610645], [73.66890857323833, 32.989887341609055], [73.66900620292114, 32.989848415555336], [73.66910712354566, 32.98981905878152], [73.66921039959921, 32.98979954341865], [73.66931507373475, 32.989790050369976], [73.66942017564534, 32.989790667634054], [73.66952473105864, 32.98980138948896], [73.66962777076824, 32.98982211654539], [73.66972833961799, 32.98985265666795], [73.67258320128624, 32.990872116067855], [73.67392519304457, 32.9889552370431], [73.67399484517583, 32.988865983555534], [73.67407336674361, 32.98878442395878], [73.67415991319014, 32.98871143548692], [73.67425355364405, 32.9886478031852], [73.67435328093268, 32.98859421146631], [73.67445802241494, 32.98855123674901], [73.67456665151833, 32.988519341258325], [73.68002489903945, 32.98721992938039], [73.68012798121806, 32.98720056864523], [73.68023244562413, 32.98719118986712], [73.68033732792888, 32.987191879623175], [73.68044165994586, 32.98720263154614], [73.6805444785684, 32.987223346383175], [73.68064483466023, 32.987253832912074], [73.68374637073208, 32.9883613787304], [73.6896797178266, 32.984123830876044], [73.68848051976755, 32.98241091603012], [73.68842435143002, 32.98232182810246], [73.6883770291932, 32.98222774225389], [73.68833899350112, 32.98212953417314], [73.68831059836478, 32.98202811791591], [73.68829210806729, 32.98192443739751], [73.68828369470408, 32.98181945760747], [73.68828543658117, 32.98171415562809], [73.68829731748632, 32.98160951154039], [73.68831922683991, 32.98150649930218], [73.68835096072424, 32.981406077683076], [73.68839222378132, 32.981309181340954], [73.68844263196199, 32.98121671212273], [73.6885017161003, 32.98112953067059], [73.68856892628028, 32.98104844841171], [73.68864363695411, 32.980974220006004], [73.68872515276435, 32.98090753632226], [73.6888127150159, 32.980849018008016], [73.68890550873734, 32.98079920971294], [73.69410385631298, 32.97832413156403], [73.6971392887526, 32.97398836963517], [73.69575818312904, 32.97201562100662], [73.69569960048057, 32.971922237244016], [73.69565073468802, 32.97182342131342], [73.69561208406472, 32.97172018089915], [73.69558404275385, 32.97161356880459], [73.69556689670921, 32.971504672216156], [73.69556082077911, 32.971394601616566], [73.69556587692341, 32.97128447946064], [73.69558201358161, 32.97117542872895], [73.69733117378675, 32.96243077757461], [73.69566324746343, 32.95885711965439], [73.6956228437057, 32.95875818302192], [73.69559230750139, 32.95865576983377], [73.69557193150128, 32.95855086159052], [73.69556191098351, 32.9584444637047], [73.69556234198207, 32.95833759586518], [73.69557322036636, 32.95823128226475], [73.69559444188084, 32.95812654178449], [73.69562580314424, 32.95802437822914], [73.69566700359856, 32.957925770706886], [73.69571764838969, 32.95783166424582], [73.69577725215152, 32.9577429607371], [73.6958452436575, 32.95766051029141], [73.69592097129528, 32.95758510309175], [73.69600370931141, 32.95751746182056], [73.6960926647669, 32.95745823473367], [73.69618698513645, 32.95740798944764], [73.69628576647891, 32.957367207499836], [73.69638806210028, 32.957336279733546], [73.69649289162675, 32.9573155025522], [73.69659925040015, 32.95730507507874], [73.69670611910647, 32.95730509724729], [73.69681247354463, 32.95731556884539], [73.69691729444214, 32.957336389516044], [73.69701957722359, 32.95736735971951], [73.70065840890433, 32.95866677159745], [73.70075170279594, 32.95870503145424], [73.70084106845005, 32.95875173634387], [73.70092574339937, 32.95880648778048], [73.70366783428072, 32.960764866608756], [73.70485526233091, 32.95906876385054], [73.70491848742495, 32.9589869873331], [73.70498916374527, 32.95891155743804], [73.70506665760551, 32.95884315047243], [73.70515027419306, 32.958782379775485], [73.70523926379869, 32.95872979021938], [73.7053328285385, 32.9586858533239], [73.7054301295078, 32.95865096302877], [73.70553029430273, 32.95862543216159], [73.70563242484225, 32.958609489633005], [73.70573560542041, 32.95860327838427], [73.70583891091658, 32.95860685410565], [73.70594141509008, 32.95862018473713], [73.71276670093376, 32.95983882553639], [73.71739379915626, 32.95653418991804], [73.71739379915626, 32.95319777958817], [73.717399055747, 32.953090779225526], [73.71741477489537, 32.952984809334865], [73.7174408052174, 32.952880890464165], [73.71747689602684, 32.952780023408955], [73.71752269974948, 32.95268317957412], [73.71757777527043, 32.95259129161874], [73.7176415921823, 32.95250524447403], [73.71771353589335, 32.95242586682106], [73.71779291354633, 32.95235392311], [73.71787896069104, 32.95229010619813], [73.71797084864643, 32.95223503067718], [73.71806769248126, 32.952189226954545], [73.71816855953647, 32.9521531361451], [73.71827247840717, 32.952127105823074], [73.71837844829783, 32.95211138667469], [73.71848544866047, 32.95210613008395], [73.72212428034122, 32.95210613008395], [73.72227864300277, 32.952117098872705], [73.731298930587, 32.953405541961885], [73.7366796070642, 32.953405541961885], [73.73677649825622, 32.953409850334275], [73.73687262465452, 32.95342274144405], [73.73696722750219, 32.9534441135375], [73.73705956006813, 32.953473797917724], [73.73714889354137, 32.953511560276254], [73.74230966029928, 32.955968745150535], [73.75108057112564, 32.95471592262858], [73.75118941747161, 32.954705903153766], [73.7512987201621, 32.95470681898995], [73.75140738333327, 32.95471866095499], [73.75151431753306, 32.95474131032189], [73.751618450644, 32.95477454000912], [73.75171873863219, 32.95481801685732], [73.7518141760148, 32.954871304969565], [73.75190380594091, 32.95493387008165], [73.75198672978493, 32.95500508491858], [73.75206211615613, 32.95508423548361], [73.75212920923414, 32.955170528216726], [73.75347120099246, 32.95708740724148], [73.75632606266072, 32.956067947841575], [73.75644573973116, 32.95603277898014], [73.75656864753017, 32.95601149229545], [73.75669318130831, 32.95600436571776], [73.76196236353843, 32.95600436571776], [73.76437794478545, 32.95514177155571], [73.76528754, 32.956239875], [73.763195765, 32.953714592]], [[73.5823933272298, 32.82496148480617], [73.58033061783475, 32.831389200661015], [73.58031282748414, 32.83137793494331], [73.58160137721141, 32.824792122348214], [73.5823933272298, 32.82496148480617]], [[73.48661227820601, 32.80859499777298], [73.48669033892946, 32.80619917094498], [73.48687431950954, 32.80608113545334], [73.48661227820601, 32.80859499777298]], [[73.430430100023, 32.807255023419515], [73.43051684579666, 32.8072002527313], [73.43058392799074, 32.80725782002882], [73.430430100023, 32.807255023419515]], [[73.34876610391633, 32.74647145622391], [73.35043831435523, 32.75157927571884], [73.34885723077953, 32.7511025118051], [73.34876610391633, 32.74647145622391]], [[73.29883570724219, 32.78619781340629], [73.2989355104879, 32.784251620376835], [73.2989252368837, 32.786140374326315], [73.29883570724219, 32.78619781340629]], [[73.29279630323566, 32.653634014890386], [73.29328574113484, 32.65568431549929], [73.29320839391815, 32.6557030242914], [73.29279630323566, 32.653634014890386]], [[73.27328656586144, 32.66911167550686], [73.2732524197618, 32.66913686421973], [73.27343911499938, 32.66771619050399], [73.27437795090307, 32.667113866294464], [73.27328656586144, 32.66911167550686]]]}}]}