{"type": "FeatureCollection", "features": [{"type": "Feature", "properties": {"na": "NA-62", "src": "sheet-split: gujrat_na62_65.jpg, outline-fit", "approx": false, "rms_km": 2.349}, "geometry": {"type": "Polygon", "coordinates": [[[74.20700415339324, 32.811937066468616], [74.20586446985445, 32.806980600394716], [74.20457229864596, 32.8051073895315], [74.20454867061946, 32.80509882637136], [74.20454867061946, 32.8043271184517], [74.2045444138258, 32.8042378199263], [74.20453168204894, 32.804149331233305], [74.20451059075107, 32.804062454860876], [74.20448133120543, 32.803977978675356], [74.20444416876163, 32.8038966687762], [74.2043994404392, 32.80381926254838], [74.20434755187138, 32.80374646197517], [74.20428897362629, 32.803678927271996], [74.2042242369396, 32.803617270899025], [74.20415392889679, 32.80356205200691], [74.20407868710893, 32.80351377136594], [74.20399919393041, 32.80347286682463], [74.20391617027067, 32.803439709338974], [74.20383036905649, 32.803414599608296], [74.19913649170586, 32.80228051072156], [74.19902703373695, 32.802260841362525], [74.1989160177987, 32.80225425409484], [74.1957867662316, 32.80225425409484], [74.1956520833995, 32.80226396556392], [74.1905905529651, 32.802997716148354], [74.18772916074013, 32.802997716148354], [74.18551570766122, 32.80139333728377], [74.18420853543338, 32.799498380020204], [74.18420853543338, 32.79752258513128], [74.1842044827331, 32.79743544887676], [74.18419235962331, 32.797349064957885], [74.18417227077512, 32.79726417921462], [74.18414438963593, 32.79718152455166], [74.1841089569319, 32.79710181461053], [74.18406627858946, 32.79702573760797], [74.18401672309403, 32.79695395039389], [74.18396071830847, 32.79688707278011], [74.1810792838663, 32.79375424433024], [74.1810792838663, 32.79071805181086], [74.18107453343627, 32.790623729980055], [74.18106033022285, 32.790530362731616], [74.18103681796939, 32.79043889498709], [74.18100423463122, 32.79035025244411], [74.18096290996743, 32.790265332207916], [74.18091326220352, 32.79018499371222], [74.17934863641997, 32.78791681593874], [74.1792834482726, 32.78783290546435], [74.17920919539247, 32.78775689906946], [74.17912682904469, 32.78768977048372], [74.1759975774776, 32.78542159271025], [74.17592447281856, 32.785373632761925], [74.1758472233291, 32.785332682008644], [74.17576649907627, 32.785299095659894], [74.1695079959421, 32.78303091788642], [74.16942019067535, 32.78300387776088], [74.16933016275155, 32.78298555001712], [74.16923877444258, 32.782976110195094], [74.16914690104988, 32.7829756487078], [74.16905542252094, 32.782984169975265], [74.16896521502132, 32.78300159238227], [74.16887714254283, 32.78302774906002], [74.16879204862849, 32.78306238948436], [74.16871074829311, 32.78310518187529], [74.16863402021724, 32.7831557163747], [74.16856259928915, 32.78321350897186], [74.16849716956614, 32.78327800613927], [74.16571776007343, 32.78629990835754], [74.15996776055574, 32.78525796423577], [74.15987088399253, 32.78524557254727], [74.15977324426557, 32.78524331286483], [74.15967589816499, 32.78525120964582], [74.15957989930293, 32.78526917742051], [74.1548860219523, 32.786403266307246], [74.1547974848068, 32.78642932502597], [74.15471193429677, 32.78646395150694], [74.15463019727994, 32.78650681108033], [74.15455306375611, 32.78655748950231], [74.15448127923169, 32.78661549695878], [74.15441553751424, 32.78668027279948], [74.15175812429398, 32.78956953504251], [74.14785307893757, 32.78768253706191], [74.14484507371986, 32.784412095026006], [74.14478045302766, 32.78434832165036], [74.14470997413957, 32.78429108876091], [74.14463429625137, 32.784240931662325], [74.14455412718557, 32.78419831947874], [74.1444702167711, 32.78416365076598], [74.14438334983006, 32.78413724978384], [74.14429433883728, 32.784119363463205], [74.14420401632107, 32.78411015909655], [74.14411322707653, 32.784109722773195], [74.14402282026415, 32.784118058574116], [74.14393364146748, 32.78413508853377], [74.13977702661369, 32.78513936929358], [74.13702194480214, 32.78214391725253], [74.13695732410994, 32.78208014387689], [74.13688684522185, 32.782022910987436], [74.13681116733365, 32.78197275388885], [74.13673099826785, 32.78193014170527], [74.13664708785338, 32.78189547299251], [74.13656022091234, 32.781869072010366], [74.13647120991956, 32.78185118568973], [74.13638088740335, 32.781841981323076], [74.13629009815881, 32.78184154499972], [74.13619969134643, 32.78184988080064], [74.13611051254976, 32.7818669107603], [74.13141663519913, 32.78300099964704], [74.13132882373915, 32.78302680573215], [74.13124394255115, 32.783061040078266], [74.13116279843618, 32.783103377285755], [74.13108616267422, 32.78315341493678], [74.12679522407836, 32.786263619195466], [74.12413384821932, 32.785299095659894], [74.12403774806921, 32.785269979576064], [74.1239390877809, 32.78525129448315], [74.1238389961311, 32.78524325415812], [74.12373861827278, 32.78524595059069], [74.10965698622088, 32.78638003947743], [74.10957401158672, 32.786390458764856], [74.10949229339633, 32.78640822077004], [74.10941248010593, 32.78643318454663], [74.1082267079898, 32.786862926595255], [74.10527550050396, 32.786328145108314], [74.10265934546182, 32.78443187547599], [74.10119750166031, 32.78125310744046], [74.1011545537543, 32.781170721221855], [74.1011036725772, 32.78109298373113], [74.10104535649192, 32.78102065637914], [74.10098017668363, 32.78095444758639], [74.10090877156519, 32.780895005844265], [74.10083184052412, 32.780842913363344], [74.10075013707244, 32.7807986803708], [74.10066446146615, 32.78076274011295], [74.09753520989906, 32.77962865122621], [74.0974573804977, 32.77960421451832], [74.09737772349649, 32.77958662672234], [74.09729684037431, 32.77957602064126], [74.09721534186832, 32.77957247636011], [74.09252146451769, 32.77957247636011], [74.0924399660117, 32.77957602064126], [74.09235908288952, 32.77958662672234], [74.09227942588831, 32.77960421451832], [74.09220159648694, 32.77962865122621], [74.08914684921788, 32.780735738609685], [74.08316143734709, 32.78182034125982], [74.07910261891902, 32.78083968911902], [74.07772811490715, 32.77785084078025], [74.07768269437808, 32.777764259891995], [74.07762851519468, 32.777682872603336], [74.07756616502746, 32.77760756170559], [74.07448139689434, 32.77425365948686], [74.07295408313897, 32.77203957152443], [74.07289505314004, 32.77196279545825], [74.07282842743557, 32.77189250946665], [74.07275491508025, 32.771829461558454], [74.07267529841903, 32.77177432271218], [74.07259042476106, 32.771727679735264], [74.07250119736236, 32.771690029019055], [74.06937194579527, 32.77055594013232], [74.0692941163939, 32.77053150342443], [74.0692144593927, 32.77051391562845], [74.06913357627052, 32.770503309547365], [74.06905207776452, 32.770499765266216], [74.06592282619744, 32.770499765266216], [74.06578814336532, 32.77050947673529], [74.0579650144476, 32.77164356562203], [74.05787123758185, 32.77166207729083], [74.05777982924897, 32.771690029019055], [74.05465057768188, 32.77282411790579], [74.05456243407227, 32.77286124474639], [74.0544785255358, 32.77290714742295], [74.05439972302506, 32.77296134947557], [74.05432684449316, 32.77302328829859], [74.05426064640362, 32.773092320980325], [74.05420181587836, 32.77316773097639], [74.0541509635656, 32.77324873554722], [74.05410861730144, 32.773334493882786], [74.05407521663096, 32.77342411582998], [74.05405110824597, 32.77351667113227], [74.05403654238631, 32.773611199085494], [74.0540316702425, 32.773706718509814], [74.0540316702425, 32.77681660228547], [74.05272449801465, 32.77871155954904], [74.04997212349656, 32.780706565246845], [74.04745176166034, 32.780706565246845], [74.0414397600928, 32.77634888161636], [74.04135744151874, 32.77629554352245], [74.04127000685219, 32.77625108591364], [74.04117841063272, 32.776215994141445], [74.04108365283233, 32.77619065130888], [74.04098676793855, 32.7761753340881], [74.04088881366073, 32.7761702096999], [74.0361949363101, 32.7761702096999], [74.03608392037184, 32.77617679696758], [74.03597446240293, 32.77619646632662], [74.0312805850523, 32.777330555213354], [74.03118480487942, 32.77735917205984], [74.03109261060808, 32.77739781118193], [74.0264420663433, 32.77964504951987], [74.023358062011, 32.78076274011295], [74.0232688346123, 32.78080039082916], [74.02318396095433, 32.780847033806076], [74.0231043442931, 32.78090217265235], [74.02303083193779, 32.780965220560546], [74.02296420623331, 32.78103550655214], [74.02290517623439, 32.781112282618324], [74.02134055045084, 32.7833804603918], [74.02129085950367, 32.783460877342236], [74.0212495078667, 32.78354588392005], [74.0212169148315, 32.78363461818743], [74.02119341088037, 32.78372618040906], [74.02117923433536, 32.78381964217516], [74.02117452894184, 32.78391405581518], [74.0211793424109, 32.78400846400691], [74.02119362593558, 32.78410190948338], [74.0212172346858, 32.78419344473922], [74.02124992927689, 32.78428214163807], [74.02129137819678, 32.78436710082351], [74.02413999496207, 32.789529013419575], [74.02290517623439, 32.79131908259895], [74.02285552847047, 32.79139942109465], [74.02281420380669, 32.79148434133084], [74.02278162046852, 32.79157298387383], [74.02275810821506, 32.79166445161835], [74.02274390500163, 32.79175781886679], [74.02273915457161, 32.7918521406976], [74.02273915457161, 32.79836429113347], [74.02143198234377, 32.80025924839703], [74.0168684804755, 32.803567014898036], [74.01679358926869, 32.80362738519319], [74.01672526908857, 32.80369510238732], [74.0166642372677, 32.803769455478964], [74.01661113461405, 32.80384966379255], [74.01656651868267, 32.803934885175195], [74.01520621751135, 32.80689284954705], [74.01166761408135, 32.8075340716953], [74.01157295436691, 32.8075340716953], [74.01155402242402, 32.80755465537696], [74.00942891064419, 32.8079397419705], [74.00934693821792, 32.807958422018125], [74.00926696577069, 32.807984360995256], [74.00918963471801, 32.808017350859465], [74.00911556529019, 32.808057127017015], [74.00904535155777, 32.80810337044498], [73.9983394726396, 32.81586332073568], [73.99567953263693, 32.81586332073568], [73.99282943740275, 32.8148304023966], [73.9899374847182, 32.812734226151136], [73.98863031249036, 32.81083926888757], [73.98863031249036, 32.80546120733844], [73.9886260685619, 32.805372043551365], [73.98861337514765, 32.80528368593093], [73.98859234701402, 32.805196933354885], [73.98856317428505, 32.80511257018912], [73.98852612072342, 32.805031359195866], [73.9884815213457, 32.80495403463727], [73.9884297793933, 32.80488129563662], [73.98837136268658, 32.80481379985727], [73.98830679939513, 32.80475215755645], [73.98823667326234, 32.80469692606766], [73.98816161832752, 32.80464860476163], [73.9880823131934, 32.804607630531244], [73.98799947489044, 32.80457437384144], [73.98791385239396, 32.8045491353797], [73.98782621985234, 32.80453214333739], [73.98080718357264, 32.803514620665304], [73.98080718357264, 32.80205894067823], [73.98080231591366, 32.801963465112884], [73.98078776341548, 32.80186897965115], [73.98076367699086, 32.801776464129034], [73.98073030642158, 32.80168687795383], [73.98068799776811, 32.80160115015481], [73.98063718978096, 32.801520169749004], [73.98057840935066, 32.80144477652189], [73.9805122660438, 32.80137575231859], [73.98043944578173, 32.801313812936016], [73.98036070372734, 32.80125960069982], [73.98027685645388, 32.801213677803396], [73.9759885035645, 32.79914145776399], [73.97452480571438, 32.792775858464196], [73.97449847468516, 32.792683338115935], [73.97446281398203, 32.79259399802307], [73.97441819803, 32.792508776225596], [73.97436509528107, 32.79242856752283], [73.97430406329573, 32.79235421407835], [73.97423574288865, 32.79228649657754], [73.9741608514004, 32.79222612603067], [73.97127151129665, 32.79013184346411], [73.96980349855923, 32.785875600345534], [73.96976775329463, 32.785786901691324], [73.9697231697389, 32.785702299789705], [73.96967021053212, 32.78562267254804], [73.96960942522783, 32.78554884625202], [73.96954144459046, 32.78548158699138], [73.96946697404977, 32.78542159271025], [73.9651609257372, 32.782300436464205], [73.9651609257372, 32.780511251830234], [73.96515548043757, 32.780410285617435], [73.96513920770886, 32.78031049069916], [73.96511229632864, 32.78021302478189], [73.96507505849196, 32.78011901855373], [73.9620316741701, 32.77350120289368], [73.9620316741701, 32.7715958882541], [73.9635031503694, 32.76732960344075], [73.9681241556415, 32.76063070996762], [73.96817176371222, 32.76055405714099], [73.96821179259058, 32.76047318765896], [73.96824387245618, 32.76038884866175], [73.96826770692826, 32.76030181934389], [73.96828307580395, 32.76021290375534], [73.96828983709266, 32.76012292337302], [73.9682879283279, 32.76003270951131], [73.96827736714447, 32.75994309564167], [73.96825825111544, 32.75985490969232], [73.96823075685077, 32.75976896639917], [73.96819513836556, 32.75968605977858], [73.96815172473332, 32.75960695579156], [73.96810091704563, 32.75953238526722], [73.96804318470664, 32.75946303715072], [73.9679790610962, 32.75939955213823], [73.9679091386421, 32.75934251675764], [73.96783406334671, 32.75929245794972], [73.96775452881872, 32.75924983819981], [73.9676712698649, 32.75921505126495], [73.9645420182978, 32.758080962378216], [73.96446664443667, 32.758057184482745], [73.96438953761272, 32.75803983095409], [73.95890242260302, 32.757045523526365], [73.95890242260302, 32.753293118548555], [73.95889824637221, 32.75320466717692], [73.95888575483656, 32.75311700277374], [73.95886505913556, 32.75303090530567], [73.95883634340277, 32.75294714079805], [73.95879986312744, 32.75286645451941], [73.95875594288144, 32.752789564350735], [73.95870497343144, 32.75271715439828], [73.9586474082622, 32.752649868907], [73.95858375954182, 32.752588306528516], [73.95851459356496, 32.75253301499489], [73.95420854525238, 32.74941185874884], [73.95420854525238, 32.74762267411487], [73.95420436902158, 32.747534222743234], [73.95419187748593, 32.74744655834006], [73.95417118178493, 32.74736046087199], [73.95414246605213, 32.747276696364366], [73.9541059857768, 32.74719601008573], [73.9540620655308, 32.74711911991705], [73.9540110960808, 32.7470467099646], [73.95395353091156, 32.74697942447332], [73.95388988219119, 32.74691786209483], [73.95382071621432, 32.746862570561206], [73.95143403213956, 32.745132628543246], [73.95230736628562, 32.74386658964772], [73.95515426359654, 32.74283483028521], [73.9552379054638, 32.74279986117277], [73.95531778428808, 32.742756987238764], [73.95539315513734, 32.742706608315906], [73.9554633151199, 32.74264919422676], [73.95552760993947, 32.74258528040226], [73.95558543999695, 32.742515462888434], [73.95563626598218, 32.74244039278779], [73.95567961390338, 32.74236077018728], [73.95571507950757, 32.74227733762945], [73.95574233205043, 32.742190873187674], [73.95576111738086, 32.742102183209965], [73.95577126031108, 32.742012094799215], [73.95577266625038, 32.74192144809977], [73.9557653220873, 32.74183108846246], [73.95574929631185, 32.74174185856105], [73.95546024587921, 32.74048478270248], [73.95546024587921, 32.73676077838701], [73.95443269446976, 32.73601597752392], [73.9541846705283, 32.73493732524063], [73.9541602765971, 32.734850548256205], [73.95412767246728, 32.73476651088579], [73.95408715873893, 32.734685987928074], [73.95403910893612, 32.73460972177991], [73.95398396606323, 32.73453841559171], [73.95392223852058, 32.73447272678455], [73.9538544954171, 32.73441326098903], [73.95378136132335, 32.734360566461454], [73.95370351051314, 32.73431512902915], [73.95362166074696, 32.734277367611234], [73.95353656665445, 32.73424763035636], [73.95344901277696, 32.73422619143286], [73.95335980633425, 32.73421324850101], [73.95326976978225, 32.734208920890644], [73.95030538491415, 32.734208920890644], [73.94745528967997, 32.733176002551566], [73.9430675155403, 32.72999560891263], [73.9416056717388, 32.726816840877106], [73.9415641245385, 32.726736853155494], [73.9415150978553, 32.72666121857481], [73.94145904363874, 32.726590634367895], [73.94139647862126, 32.726525751211014], [73.94132797955469, 32.726467167225664], [73.94125417789357, 32.72641542246479], [73.94117575397411, 32.72637099393437], [73.94109343074247, 32.72633429119614], [73.94100796709044, 32.72630565259208], [73.94092015085955, 32.726285342125465], [73.93466164772538, 32.72515125323873], [73.934578291369, 32.72513997822083], [73.93449426037972, 32.72513620979675], [73.93136500881263, 32.72513620979675], [73.93127569577112, 32.72514046797762], [73.9311871929576, 32.72515320389095], [73.93110030324986, 32.72517430199938], [73.93101581489196, 32.72520357090558], [73.93093449434345, 32.72524074508855], [73.9308570793262, 32.7252854873124], [73.930784272132, 32.72533739168564], [73.93071673325147, 32.72539598734338], [73.93065507538228, 32.72546074271888], [73.93059985787086, 32.725531070365804], [73.93055158163816, 32.725606332287434], [73.93051068463541, 32.725685845724385], [73.9304775378711, 32.725768889348494], [73.92891291208755, 32.73030524489544], [73.92888452647523, 32.73040517060244], [73.928867354881, 32.73050762071839], [73.92886160755896, 32.73061134081382], [73.92886160755896, 32.734208920890644], [73.91728337676074, 32.734208920890644], [73.91719520102164, 32.73421307107631], [73.917107804906, 32.73422548493863], [73.91702196114407, 32.73424605271793], [73.90949257603765, 32.73642906467209], [73.90693321856284, 32.73550151416771], [73.90553912429974, 32.733480549375386], [73.90548226938748, 32.733406328168186], [73.90541831375023, 32.73333813033018], [73.90534789173927, 32.733276632289424], [73.90527170184338, 32.73322244402125], [73.90519049976072, 32.73317610299819], [73.90510509090345, 32.733138068858985], [73.90501632240907, 32.733108718849586], [73.90492507473805, 32.733088344081416], [73.90483225294084, 32.73307714664394], [73.90473877768102, 32.733075237600225], [73.90464557610366, 32.73308263588533], [73.90455357263924, 32.733099268118536], [73.90446367983466, 32.73312496933112], [73.90437678930195, 32.73315948460268], [73.9042937628748, 32.733202471589536], [73.90421542406031, 32.733253503920366], [73.90141043696599, 32.735286644831476], [73.89554600313677, 32.73422396433262], [73.8954541591444, 32.734211965317634], [73.89536157975073, 32.73420907548063], [73.89526916619991, 32.73421532295365], [73.89517781812172, 32.73423064691866], [73.8950884247737, 32.734254898199524], [73.89500185638447, 32.73428784071427], [73.89491895568213, 32.73432915377329], [73.89484052969053, 32.73437843520117], [73.89476734187296, 32.73443520525185], [73.89470010470004, 32.7344989112788], [73.89463947271386, 32.734568933115], [73.89458603615621, 32.73464458911013], [73.89454031522263, 32.73472514276632], [73.8945027549984, 32.73480980990782], [73.89447372112573, 32.734897766314816], [73.89445349624431, 32.734988155747075], [73.89288887046077, 32.74406086684097], [73.89287863474866, 32.744140345460465], [73.89287521453744, 32.74422040745466], [73.89287521453744, 32.74915188206615], [73.88932049619912, 32.75001073845753], [73.88510755722073, 32.74695707072041], [73.88363436333012, 32.74482143824275], [73.88357965750808, 32.74474975964325], [73.88351832723568, 32.744683660125276], [73.88345093832373, 32.74462374949902], [73.88337811247796, 32.74457058047819], [73.88330052156316, 32.7445246435809], [73.88321888140501, 32.74448636260431], [73.88313394518602, 32.74445609071484], [73.88304649649692, 32.74443410718995], [73.88295734210763, 32.74442061484169], [73.88286730452423, 32.744415738145555], [73.8827772144008, 32.74441952209218], [73.88268790287619, 32.744431931772255], [73.8826001939061, 32.74445285269856], [73.87501656537988, 32.74665159157227], [73.87074537033877, 32.74561962706459], [73.86620167233585, 32.74232621501426], [73.86611935376179, 32.74227287692035], [73.86603191909524, 32.742228419311544], [73.86594032287577, 32.74219332753935], [73.86584556507538, 32.74216798470678], [73.8657486801816, 32.742152667486], [73.86565072590378, 32.7421475430978], [73.85969666763503, 32.7421475430978], [73.8582700846448, 32.74111351187305], [73.85720174667264, 32.74033914765495], [73.85720174667264, 32.73401360747403], [73.85719699624262, 32.733919285643225], [73.8571827930292, 32.733825918394786], [73.85715928077573, 32.73373445065026], [73.85712669743756, 32.733645808107276], [73.85708537277378, 32.733560887871086], [73.85703572500987, 32.733480549375386], [73.85547109922632, 32.73121237160191], [73.85541602641156, 32.731140257513346], [73.85535424872955, 32.73107379718909], [73.8552863433325, 32.73101361152847], [73.85521294462016, 32.73096026281037], [73.85513473831313, 32.73091424944018], [73.85505245504649, 32.730876001293495], [73.85496686354391, 32.73084587570002], [73.85487876343598, 32.730824154105285], [73.85478897778968, 32.73081103944125], [73.85469834541897, 32.730806654230435], [73.84223783820653, 32.730806654230435], [73.83290617474923, 32.729679341453476], [73.83281272870146, 32.729672760566366], [73.83271909202624, 32.72967552552104], [73.83262619710369, 32.729687608785675], [73.82645071164993, 32.730806654230435], [73.82347352129278, 32.730806654230435], [73.81571738366247, 32.729682276812774], [73.81562733985531, 32.72967362724307], [73.81553688158303, 32.72967368417097], [73.81544684873401, 32.729682447067894], [73.81535807724666, 32.72969983457196], [73.81527139134785, 32.7297256852434], [73.8151875959002, 32.729759759063505], [73.81510746892896, 32.72980173966313], [73.81503175439829, 32.729851237260156], [73.8119025028312, 32.73211941503363], [73.81183333685433, 32.73217470656726], [73.81176968813396, 32.73223626894574], [73.81171212296472, 32.732303554437024], [73.81166115351472, 32.732375964389476], [73.81161723326872, 32.732452854558154], [73.8115807529934, 32.73253354083679], [73.8115520372606, 32.73261730534441], [73.8115313415596, 32.73270340281248], [73.81151885002394, 32.73279106721566], [73.81151467379314, 32.732879518587296], [73.81151467379314, 32.73376548753551], [73.81026297316632, 32.736487300863644], [73.81026297316632, 32.73766399407277], [73.81013869723687, 32.73793423111979], [73.80764458829776, 32.73974203798319], [73.8074551270472, 32.73987936532433], [73.79524256564429, 32.73987936532433], [73.79514567223394, 32.73988437902058], [73.79504981377636, 32.73989936655629], [73.79495601416957, 32.73992416784427], [73.79486527532035, 32.73995851797322], [73.79477856644239, 32.740002050037276], [73.79469681370387, 32.74005429905507], [73.79462089033464, 32.740114706936374], [73.79455160729907, 32.74018262844328], [73.79179652548753, 32.74317808048433], [73.78763991063373, 32.74217379972452], [73.78754730303856, 32.74215629190725], [73.78745340666813, 32.74214815790664], [73.78735916791182, 32.742149479705965], [73.78726553660992, 32.742160243982696], [73.78717345648022, 32.74218034224278], [73.78708385560603, 32.74220957191419], [73.78699763708207, 32.74224763838859], [73.78691566991208, 32.74229415799081], [73.78683878025004, 32.74234866184588], [73.78676774307328, 32.74241060060488], [73.78670327437149, 32.74247934998185], [73.78664602393009, 32.74255421704608], [73.78659656878108, 32.742634447206136], [73.78655540738707, 32.74271923181552], [73.78652295461717, 32.74280771632306], [73.78649953756559, 32.74289900888596], [73.78648539225476, 32.74299218935885], [73.78648066125643, 32.743086318567926], [73.78648066125643, 32.74973350437059], [73.78496734000149, 32.75412111151691], [73.78494240575752, 32.75420626363978], [73.78492562198058, 32.754293389441834], [73.78491713859924, 32.75438171063291], [73.78491703139512, 32.75447043824451], [73.78492530132587, 32.75455877967758], [73.78494187451663, 32.75464594578281], [73.78496660291995, 32.75473115791], [73.78499926563835, 32.75481365486376], [73.78503957089748, 32.75489269970318], [73.78508715865262, 32.7549675863249], [73.78514160380485, 32.755037645770734], [73.78520241999856, 32.75510225220335], [73.78989629734919, 32.7596386077503], [73.78995970722336, 32.759694590124106], [73.79002789874656, 32.759744637646364], [73.79010031830516, 32.75978834400574], [73.79635882143934, 32.76319061066595], [73.7964381803291, 32.76322903888263], [73.79652079452511, 32.763259852123944], [73.79660593522948, 32.76328277856465], [73.7966928513562, 32.7632976159545], [73.79678077615705, 32.763304233402444], [73.79686893398556, 32.76330257253133], [73.7969565471396, 32.76329264799287], [73.79704284272192, 32.76327454733838], [73.79712705945857, 32.76324843024647], [73.79988428367128, 32.76224916979367], [73.80414684343049, 32.76430892606375], [73.80853333980077, 32.76748839353615], [73.80869834738277, 32.767966803816584], [73.80869834738277, 32.76971545391174], [73.80942209568609, 32.770065183930775], [73.8100013525382, 32.771744636654724], [73.81003709780279, 32.77183333530893], [73.81008168135853, 32.77191793721055], [73.81013464056531, 32.77199756445222], [73.8101954258696, 32.77207139074824], [73.81026340650696, 32.77213865000888], [73.81033787704766, 32.77219864429001], [73.81464392536023, 32.77531980053605], [73.81464392536023, 32.780511251830234], [73.81464869560597, 32.78060576968108], [73.81466295786463, 32.780699326975565], [73.81468656719316, 32.78079097291916], [73.81471928365711, 32.78087977614185], [73.81476077476894, 32.7809648341633], [73.81748903754885, 32.7859086560844], [73.815181933746, 32.787580915873846], [73.81066834957257, 32.78867144408072], [73.81058053811259, 32.78869725016583], [73.81049565692459, 32.78873148451195], [73.81041451280961, 32.78877382171944], [73.81033787704766, 32.78882385937046], [73.80720862548057, 32.79109203714393], [73.80712625913279, 32.79115916572967], [73.80705200625266, 32.79123517212456], [73.80698681810529, 32.79131908259895], [73.80542219232174, 32.793587260372426], [73.80537254455783, 32.793667598868126], [73.80533121989404, 32.793752519104316], [73.80529863655588, 32.7938411616473], [73.80527512430241, 32.793932629391826], [73.80526092108899, 32.794025996640265], [73.80525617065896, 32.79412031847107], [73.80525617065896, 32.795909503105044], [73.80251474812994, 32.79789657046435], [73.80244558215307, 32.79795186199798], [73.8023819334327, 32.798013424376464], [73.80232436826346, 32.79808070986775], [73.80227339881345, 32.7981531198202], [73.80222947856745, 32.79823000998888], [73.80219299829213, 32.798310696267514], [73.80216428255933, 32.798394460775135], [73.80214358685834, 32.798480558243206], [73.80213109532268, 32.79856822264638], [73.80212691909188, 32.79865667401802], [73.80212691909188, 32.803193029564966], [73.80213097179217, 32.80328016581949], [73.80214309490195, 32.803366549738364], [73.80216318375014, 32.80345143548163], [73.80219106488933, 32.80353409014459], [73.80222649759337, 32.80361380008572], [73.8022691759358, 32.80368987708828], [73.80231873143123, 32.80376166430236], [73.80237473621679, 32.80382854191614], [73.80540384515518, 32.807121928890716], [73.80682079644251, 32.81020307850152], [73.80682079644251, 32.81310744666104], [73.80551362421467, 32.81500240392461], [73.80251474812994, 32.817176081538875], [73.80244558215307, 32.8172313730725], [73.8023819334327, 32.817292935450986], [73.80232436826346, 32.81736022094227], [73.80227339881345, 32.81743263089472], [73.80222947856745, 32.8175095210634], [73.80219299829213, 32.817590207342036], [73.80216428255933, 32.81767397184966], [73.80214358685834, 32.81776006931773], [73.80213109532268, 32.8178477337209], [73.80212691909188, 32.81793618509254], [73.80212691909188, 32.820972377611916], [73.799438632354, 32.82389520696752], [73.79032821438649, 32.82609637734303], [73.79024241317231, 32.826121487073706], [73.79015938951257, 32.82615464455936], [73.79007989633405, 32.826195549100674], [73.7900046545462, 32.82624382974164], [73.78993434650339, 32.82629904863376], [73.78986960981669, 32.82636070500673], [73.7898110315716, 32.826428239709905], [73.78975914300378, 32.82650104028311], [73.78971441468136, 32.82657844651093], [73.78967725223755, 32.82665975641009], [73.78964799269191, 32.82674423259561], [73.78962690139404, 32.82683110896804], [73.78961416961718, 32.82691959766103], [73.78960991282352, 32.827008896186435], [73.78960991282352, 32.83583976505987], [73.78679720895694, 32.840936600722316], [73.78292594291811, 32.8418719382832], [73.78014725424092, 32.83985785927361], [73.78006493566686, 32.8398045211797], [73.7799775010003, 32.83976006357089], [73.77988590478084, 32.839724971798695], [73.77979114698044, 32.83969962896613], [73.77969426208666, 32.83968431174535], [73.77959630780884, 32.83967918735715], [73.77668198508238, 32.83967918735715], [73.76750795551503, 32.835246108176875], [73.76140618351563, 32.83192904417664], [73.75838250518444, 32.828641561608734], [73.75831322214887, 32.82857364010183], [73.75823729877965, 32.82851323222052], [73.75815554604112, 32.82846098320273], [73.75806883716317, 32.82841745113868], [73.75797809831394, 32.82838310100973], [73.75788429870715, 32.82835829972174], [73.75778844024957, 32.828343312186036], [73.75769154683923, 32.82833829848978], [73.75472716197112, 32.82833829848978], [73.74879727142499, 32.82618921497133], [73.74267561415283, 32.82064275814937], [73.74259910542257, 32.820580436741295], [73.74251647753272, 32.82052649069856], [73.74242864344507, 32.820481516075084], [73.74233657364513, 32.82044600979888], [73.74224128541911, 32.820420364181494], [73.74214383161383, 32.8204048625833], [73.74204528900378, 32.820399676282626], [73.73932806803022, 32.820399676282626], [73.73647774421482, 32.81730067274137], [73.73641200249737, 32.81723589690067], [73.73634021797295, 32.817177889444196], [73.73626308444912, 32.81712721102222], [73.7361813474323, 32.81708435144883], [73.73609579692226, 32.81704972496786], [73.73600725977677, 32.817023666249135], [73.72794761561848, 32.81507637359784], [73.72873641075924, 32.81393288764424], [73.72878385939278, 32.8138565212789], [73.72882378520711, 32.813775966180174], [73.72885582200645, 32.81369196119182], [73.7288796759523, 32.813605276799635], [73.72889512825853, 32.813516708064675], [73.72890203719803, 32.81342706733099], [73.72890033940268, 32.813337176774915], [73.7288900504445, 32.813247860864124], [73.72887126469283, 32.81315993879571], [73.72884415444882, 32.81307421698256], [73.72880896836504, 32.812991481657036], [73.72876602916496, 32.812912491659716], [73.72871573068282, 32.8128379714794], [73.72865853425157, 32.81276860460811], [73.72859496447144, 32.81270502727224], [73.72852560439847, 32.8126478225971], [73.72845109019667, 32.81259751525856], [73.72837210530327, 32.81255456667076], [73.72420855507139, 32.81054265383426], [73.72420855507139, 32.80886347399865], [73.72420437884058, 32.80877502262701], [73.72419188730493, 32.808687358223835], [73.72417119160393, 32.808601260755765], [73.72414247587113, 32.80851749624814], [73.7241059955958, 32.80843680996951], [73.7240620753498, 32.80835991980083], [73.7240111058998, 32.80828750984838], [73.72395354073056, 32.80822022435709], [73.72388989201019, 32.80815866197861], [73.72382072603332, 32.80810337044498], [73.72069147446624, 32.80583519267151], [73.7206183698072, 32.80578723272318], [73.72054112031773, 32.8057462819699], [73.72046039606491, 32.80571269562115], [73.71733114449782, 32.80457860673442], [73.71725331509646, 32.80455417002653], [73.71717365809525, 32.80453658223055], [73.71709277497307, 32.80452597614946], [73.71701127646708, 32.804522431868314], [73.71399382532759, 32.804522431868314], [73.70958891463371, 32.80345816028816], [73.70035133928016, 32.796762481577616], [73.70027823462112, 32.79671452162929], [73.70020098513166, 32.79667357087601], [73.70012026087883, 32.79663998452726], [73.69727336356792, 32.79560822516475], [73.69604529096759, 32.79382793558652], [73.69604529096759, 32.7918521406976], [73.69604103417393, 32.7917628421722], [73.69602830239707, 32.7916743534792], [73.6960072110992, 32.79158747710677], [73.69597795155356, 32.79150300092125], [73.69594078910976, 32.791421691022094], [73.69589606078733, 32.79134428479428], [73.69584417221951, 32.79127148422107], [73.69578559397442, 32.79120394951789], [73.69572085728772, 32.79114229314492], [73.69565054924492, 32.79108707425281], [73.69557530745706, 32.79103879361184], [73.69549581427854, 32.790997889070525], [73.6954127906188, 32.79096473158487], [73.69532698940462, 32.79093962185419], [73.69098173812922, 32.78988976460114], [73.68805614038709, 32.78564863816527], [73.68799711038817, 32.78557186209909], [73.68793048468369, 32.78550157610749], [73.68785697232838, 32.78543852819929], [73.68777735566715, 32.78538338935302], [73.68769248200918, 32.7853367463761], [73.68760325461048, 32.785299095659894], [73.6813447514763, 32.78303091788642], [73.68126692207494, 32.78300648117853], [73.68118726507373, 32.78298889338255], [73.68110638195155, 32.78297828730147], [73.68102488344556, 32.78297474302032], [73.67663545096036, 32.78297474302032], [73.67375270095991, 32.780885237163304], [73.67367610053918, 32.78083522020444], [73.67359499545871, 32.78079289661112], [73.6735101559385, 32.780758668312295], [73.67342238766294, 32.78073286035937], [73.67333252412953, 32.78071571783936], [73.67324141873354, 32.78070740354738], [73.67314993666368, 32.7807079964407], [73.67305894668574, 32.78071749088885], [73.67296931289238, 32.78073579672715], [73.6728818864971, 32.78076274011295], [73.67022051063805, 32.78172726364852], [73.66749419782573, 32.77975114827657], [73.66741187925167, 32.77969781018266], [73.66732444458512, 32.77965335257385], [73.66723284836566, 32.779618260801655], [73.66713809056526, 32.77959291796909], [73.66704120567148, 32.77957760074831], [73.66694325139366, 32.77957247636011], [73.66381399982657, 32.77957247636011], [73.66373250132058, 32.77957602064126], [73.6636516181984, 32.77958662672234], [73.66357196119719, 32.77960421451832], [73.66349413179583, 32.77962865122621], [73.66159772443888, 32.78031593841362], [73.66009129494132, 32.78031593841362], [73.65656058290469, 32.77860982596802], [73.65042332611989, 32.771937117271904], [73.65035643717057, 32.77187131886998], [73.65028331420675, 32.77181252606941], [73.64402481107257, 32.767276170522464], [73.64394817531061, 32.76722613287144], [73.64386703119564, 32.767183795663954], [73.64378215000764, 32.76714956131784], [73.64369433854766, 32.767123755232724], [73.63918075437422, 32.76603322702585], [73.63640086196564, 32.76401827551473], [73.63493901816413, 32.760839507479204], [73.63489359763507, 32.760752926590946], [73.63483941845166, 32.76067153930229], [73.63477706828445, 32.76059622840454], [73.63180145097762, 32.75736099999943], [73.63036608960327, 32.75215902966182], [73.63186181605077, 32.74673828701669], [73.63188222959835, 32.746646659505025], [73.6318933901477, 32.74655345137257], [73.63189518610191, 32.74645959462872], [73.63188759950286, 32.74636602776849], [73.63187070621065, 32.74627368638829], [73.63184467514519, 32.74618349383068], [73.63180976659704, 32.74609635195163], [73.63033100805873, 32.74288080295179], [73.63033100805873, 32.73401360747403], [73.63032614039976, 32.73391813190869], [73.63031158790157, 32.73382364644695], [73.63028750147696, 32.73373113092484], [73.63025413090767, 32.73364154474963], [73.63021182225421, 32.73355581695061], [73.63016101426706, 32.73347483654481], [73.63010223383675, 32.733399443317694], [73.6300360905299, 32.733330419114395], [73.62996327026782, 32.73326847973182], [73.62988452821344, 32.733214267495626], [73.62980068093998, 32.7331683445992], [73.62041292623871, 32.72863198905225], [73.62033527857038, 32.72859869043726], [73.62025495162928, 32.72857250760524], [73.62017259601197, 32.728553652620306], [73.62008887874599, 32.728542278195704], [73.62000447788733, 32.72853847645696], [73.61717967118568, 32.72853847645696], [73.61273229540168, 32.72531488171321], [73.61265569498096, 32.725264864754344], [73.61257458990049, 32.725222541161024], [73.61248975038028, 32.7251883128622], [73.61240198210471, 32.72516250490928], [73.61231211857131, 32.72514536238926], [73.61222101317531, 32.72513704809729], [73.61212953110545, 32.7251376409906], [73.61203854112752, 32.72514713543875], [73.61194890733415, 32.725165441277056], [73.61186148093887, 32.725192384662854], [73.60888723070354, 32.72627029868349], [73.60631989997268, 32.72627029868349], [73.606287327, 32.726284955], [73.60534580800001, 32.72668881], [73.600858244, 32.728256236], [73.600020047, 32.728577435], [73.597380806, 32.729588802], [73.596044425, 32.730027457], [73.595061133, 32.730350212], [73.594351588, 32.730938914], [73.59339953700001, 32.731728825], [73.593107199, 32.732239005], [73.592563259, 32.733189125], [73.592338501, 32.733995997], [73.59211204200001, 32.734808986], [73.591858557, 32.735758768], [73.591828705, 32.737337627], [73.592047238, 32.738401282], [73.592275448, 32.739514548], [73.592812468, 32.742880309], [73.591866545, 32.745440065], [73.591447601, 32.746016074], [73.590716567, 32.746978949], [73.590276588, 32.747461519], [73.590454585, 32.748085313], [73.590798725, 32.748761122], [73.591126895, 32.74941048], [73.59146942000001, 32.750497925], [73.591618002, 32.7509985], [73.591850154, 32.751780626], [73.59216919900001, 32.752712656], [73.592408565, 32.753412094], [73.59262043400001, 32.754031096], [73.59264743700001, 32.75482026], [73.592683793, 32.755879528], [73.592771206, 32.757241397], [73.593340949, 32.757809661], [73.59520602100001, 32.759668736], [73.595558498, 32.76001159], [73.596286676, 32.760731189], [73.59762866, 32.762063408], [73.598480898, 32.762933251], [73.598873068, 32.763395719], [73.600760043, 32.765613454], [73.601845851, 32.766889263], [73.602868571, 32.768091576], [73.603823637, 32.769573111], [73.606449149, 32.773645907], [73.606927991, 32.774388705], [73.607695686, 32.775782856], [73.608079966, 32.776480718], [73.610288607, 32.78048924], [73.611259675, 32.782251656], [73.61185601800001, 32.78389589], [73.61364351, 32.78882436], [73.613941345, 32.789645547], [73.614388765, 32.790879172], [73.614840384, 32.792617094], [73.616083175, 32.797399615], [73.6162148, 32.797906137], [73.616647627, 32.799571744], [73.616845065, 32.801159911], [73.616992883, 32.802348927], [73.617163421, 32.803721306], [73.617413206, 32.805731387], [73.617396784, 32.807649311], [73.617386565, 32.808842588], [73.617379131, 32.809710749], [73.618088895, 32.812421876], [73.61883814, 32.814057034], [73.619101248, 32.814631237], [73.619372909, 32.815090955], [73.619638568, 32.815540389], [73.620598932, 32.817169622], [73.622339502, 32.819711342], [73.623169485, 32.820923351], [73.62380998, 32.822402601], [73.624059349, 32.822979088], [73.624461017, 32.823907795], [73.62478262, 32.824650507], [73.625242936, 32.825852622], [73.626469845, 32.829056699], [73.626930131, 32.830258735], [73.627461751, 32.831425698], [73.627993297, 32.832592499], [73.628714236, 32.834171245], [73.629342834, 32.835186435], [73.629572006, 32.835555682], [73.630487774, 32.837031182], [73.63219671, 32.83977233], [73.632738829, 32.840642259], [73.633391118, 32.841688147], [73.63423558, 32.842716112], [73.635079806, 32.84374379], [73.637614345, 32.846829089], [73.639040753, 32.848565238], [73.640467192, 32.850301424], [73.640752358, 32.850648512], [73.641564519, 32.851683538], [73.644000423, 32.854787863], [73.644541797, 32.855477465], [73.645119393, 32.856211589], [73.646280559, 32.857559647], [73.64750304600001, 32.858976609], [73.65030166800001, 32.862217834], [73.651420841, 32.863514005], [73.651700605, 32.863838013], [73.65267092, 32.864961785], [73.653913549, 32.866116089], [73.655464853, 32.867557129], [73.65779249, 32.869718433], [73.659191905, 32.870967472], [73.660863665, 32.872450295], [73.661185587, 32.872736503], [73.662100052, 32.873547925], [73.663161126, 32.874489441], [73.66366124000001, 32.874845822], [73.666796685, 32.877078701], [73.668229085, 32.878098793], [73.669203599, 32.878735316], [73.670412349, 32.879524817], [73.672301852, 32.880758877], [73.673332102, 32.881431844], [73.67401944, 32.881880876], [73.67510042900001, 32.882482102], [73.67623943000001, 32.883115888], [73.678089876, 32.884145318], [73.679808453, 32.885101412], [73.680287628, 32.885369517], [73.682098096, 32.886403804], [73.685979838, 32.888624203], [73.687128095, 32.889281135], [73.689332889, 32.890501371], [73.690434455, 32.891111029], [73.691537988, 32.891721775], [73.692559629, 32.89249632], [73.69460203300001, 32.894044744], [73.69624640500001, 32.895291694], [73.697232563, 32.896039048], [73.697888467, 32.896603215], [73.69854322, 32.897166392], [73.699852921, 32.898292912], [73.700507712, 32.898856122], [73.701162931, 32.899420776], [73.70213429600001, 32.900344751], [73.70440082200001, 32.902503212], [73.705047877, 32.903119416], [73.706341557, 32.904351416], [73.707411202, 32.905060995], [73.708478685, 32.905769139], [73.709523043, 32.906461835], [73.712367882, 32.908364858], [73.71525665, 32.910297089], [73.716336608, 32.91101946], [73.718226433, 32.912283591], [73.719170875, 32.912915342], [73.72011783900001, 32.913548779], [73.721003973, 32.914272645], [73.721891625, 32.914997759], [73.723963753, 32.916690483], [73.72783803, 32.919855462], [73.729382494, 32.921356438], [73.730111705, 32.921770616], [73.731728292, 32.923285315], [73.739622022, 32.930681531], [73.740093178, 32.931116732], [73.747670029, 32.938115106], [73.748658171, 32.93902803], [73.748988583, 32.939331433], [73.749653346, 32.939925855], [73.753314821, 32.943190497], [73.754249905, 32.944035343], [73.756117333, 32.945694469], [73.756422997, 32.94602339], [73.76059459400001, 32.950719565], [73.762381264, 32.952731068], [73.763195765, 32.953714592], [73.76528754, 32.956239875], [73.76591267, 32.956994613], [73.76719334, 32.958540894], [73.768853946, 32.960058651], [73.772834671, 32.963696946], [73.773498042, 32.964303252], [73.774161161, 32.964909328], [73.775043303, 32.96581355], [73.775630665, 32.966415614], [73.777099506, 32.967920923], [73.777980628, 32.968824397], [73.778438098, 32.969316141], [73.779352786, 32.970551913], [73.780170818, 32.971657068], [73.781179886, 32.973020281], [73.782984702, 32.975649197], [73.785953391, 32.977508925], [73.787146335, 32.978313803], [73.7886255, 32.979713589], [73.790080022, 32.981090043], [73.79141322800001, 32.982054928], [73.792650023, 32.982950038], [73.793403057, 32.983643051], [73.794406053, 32.984566103], [73.79533070100001, 32.985419413], [73.79615629700001, 32.986232224], [73.801050317, 32.99500998], [73.805817409, 33.008887403], [73.802221883, 33.010898168], [73.80031229177001, 33.01196608929495], [73.84640057052997, 33.03227898468742], [73.86520641027167, 33.03140308210806], [73.87176668718291, 33.03109753002707], [73.89995126024252, 33.01810049094496], [73.91686200407827, 32.99505557755293], [73.92461276166966, 32.97555133282782], [73.94434196371071, 32.95426906096844], [73.96336654962664, 32.94303468410345], [74.05426179864315, 32.91287219429637], [74.14445243333319, 32.87441490292548], [74.1794013753005, 32.86255519563915], [74.17158758464157, 32.866076757109276], [74.2048806290923, 32.85474335498269], [74.20446280337423, 32.853834796191606], [74.20442577024296, 32.85376265115801], [74.20438264895668, 32.85369397136947], [74.20333878329018, 32.85218071949279], [74.20561854396476, 32.85052827884363], [74.20846863919894, 32.849495360504555], [74.21143302406705, 32.849495360504555], [74.21151452257304, 32.849491816223406], [74.21159540569522, 32.84948121014232], [74.21167506269643, 32.84946362234634], [74.21175289209779, 32.84943918563845], [74.22114064679906, 32.84603691897824], [74.22122632240534, 32.84600097872039], [74.22130802585703, 32.84595674572785], [74.22138495689809, 32.845904653246926], [74.22145636201654, 32.8458452115048], [74.22152154182483, 32.84577900271205], [74.2215798579101, 32.84570667536006], [74.2216307390872, 32.845628937869336], [74.22167368699321, 32.84554655165073], [74.22323831277676, 32.84214428499052], [74.2232726555353, 32.84205878462014], [74.22329845122243, 32.84197032942853], [74.22331545134303, 32.841879771522756], [74.2233234921314, 32.84178798326577], [74.223322496129, 32.841695848872746], [74.2233124729305, 32.841604255893266], [74.22329351909146, 32.84151408666135], [74.22326581719808, 32.841426209795785], [74.22322963410843, 32.84134147183249], [74.22318531838167, 32.841260689069735], [74.2231332969203, 32.84118463970449], [74.22307407085775, 32.84111405633595], [74.22300821073091, 32.84104961890823], [74.22293635098393, 32.840991948160344], [74.2201949284549, 32.839004880801035], [74.2201949284549, 32.83494751839359], [74.22019017802488, 32.83485319656278], [74.22017597481145, 32.83475982931434], [74.22015246255799, 32.83466836156982], [74.22011987921982, 32.834579719026834], [74.22007855455604, 32.834494798790644], [74.22002890679212, 32.834414460294944], [74.21846428100858, 32.83214628252147], [74.21840515761416, 32.83206939716614], [74.21833841697403, 32.83199902230849], [74.21826477147357, 32.83193590912527], [74.21818500720018, 32.83188073128261], [74.2180999755526, 32.831834077745285], [74.21362951051518, 32.82967385738213], [74.21225195463833, 32.82767686765178], [74.21114767280595, 32.8252756153515], [74.21331751788134, 32.82448923013025], [74.21340566149095, 32.82445210328965], [74.21348957002742, 32.82440620061309], [74.21356837253816, 32.824351998560466], [74.21364125107006, 32.82429005973745], [74.2137074491596, 32.824221027055714], [74.21376627968486, 32.82414561705965], [74.21381713199762, 32.82406461248882], [74.21385947826178, 32.82397885415325], [74.21389287893226, 32.82388923220606], [74.21391698731725, 32.82379667690377], [74.2139315531769, 32.823702148950545], [74.21393642532072, 32.823606629526225], [74.21393642532072, 32.82133845175275], [74.21393237262043, 32.82125131549823], [74.21392024951065, 32.821164931579354], [74.21390016066246, 32.82108004583609], [74.21387227952327, 32.82099739117313], [74.21383684681923, 32.820917681232], [74.2137941684768, 32.820841604229436], [74.21374461298137, 32.82076981701536], [74.21368860819581, 32.82070293940158], [74.21080717375364, 32.817570110951706], [74.21080717375364, 32.81566800731907], [74.21080299752283, 32.81557955594743], [74.21079050598718, 32.815491891544255], [74.21076981028618, 32.815405794076185], [74.21074109455338, 32.81532202956856], [74.21070461427806, 32.81524134328993], [74.21066069403206, 32.81516445312125], [74.21060972458206, 32.8150920431688], [74.21055215941281, 32.81502475767751], [74.21048851069244, 32.81496319529903], [74.21041934471558, 32.8149079037654], [74.20745980145728, 32.812762735793385], [74.20700415339324, 32.811937066468616]], [[74.2017722506416, 32.852472968447145], [74.20322020041945, 32.851337834059855], [74.20206034119832, 32.85234313023561], [74.2017722506416, 32.852472968447145]], [[73.90795281549191, 32.76602472670256], [73.90793551553227, 32.7660301120352], [73.90790617781663, 32.76585308394895], [73.90795281549191, 32.76602472670256]], [[73.90753197047269, 32.75801576080927], [73.9068598989338, 32.75953968345855], [73.90671395640825, 32.75865904481865], [73.90753197047269, 32.75801576080927]], [[73.87989256104815, 32.75969526653641], [73.87896832412052, 32.75292993707715], [73.87983759359687, 32.75431912020262], [73.87989256104815, 32.75969526653641]], [[73.81621969822817, 32.73500255467038], [73.81451407772424, 32.73256233209457], [73.81618305009621, 32.73386261795279], [73.81621969822817, 32.73500255467038]]]}}, {"type": "Feature", "properties": {"na": "NA-63", "src": "sheet-split: gujrat_na62_65.jpg, outline-fit", "approx": false, "rms_km": 2.349}, "geometry": {"type": "Polygon", "coordinates": [[[74.01709955887682, 32.66962202921276], [74.017018834624, 32.66965561556151], [74.01694158513453, 32.66969656631479], [74.0168684804755, 32.669744526263116], [74.01228152652504, 32.673069291554526], [74.00959629798984, 32.67404245966672], [74.0067869144535, 32.67302429587297], [74.00670091077113, 32.67299771725931], [74.00661275683657, 32.67297949804125], [74.00652326317606, 32.67296980573435], [74.00643325263387, 32.67296872945394], [74.00634355280671, 32.672976279095835], [74.00625498843445, 32.672992385245294], [74.00616837381706, 32.673016899815245], [74.00608450532764, 32.67304959740791], [74.00600415409012, 32.67309017738716], [74.00592805888934, 32.673138266642724], [74.00585691937816, 32.67319342302074], [74.00579138964474, 32.67325513938909], [74.00573207219838, 32.673322848300195], [74.00567951242992, 32.6733959272084], [74.0056341935971, 32.67347370419392], [74.0055965323813, 32.67355546414077], [74.00556687505639, 32.67364045531186], [74.00554549430491, 32.6737278962608], [74.00553258671094, 32.67381698301685], [74.00552827095262, 32.67390689647699], [74.00552827095262, 32.67778495299296], [74.00301792682492, 32.67869474030665], [74.00292978321531, 32.67873186714725], [74.00284587467884, 32.67877776982381], [74.0027670721681, 32.678831971876434], [74.0026941936362, 32.67889391069945], [74.00262799554666, 32.67896294338119], [74.0025691650214, 32.67903835337725], [74.00251831270864, 32.67911935794808], [74.00247596644448, 32.67920511628365], [74.002442565774, 32.679294738230844], [74.00241845738901, 32.67938729353313], [74.00240389152935, 32.679481821486355], [74.00239901938554, 32.679577340910676], [74.00239901938554, 32.68282226005313], [73.99932107234704, 32.691746222746396], [73.99929487042884, 32.69183667709022], [73.99927786281424, 32.69192930143842], [73.99927022065111, 32.69202316371081], [73.9992720208427, 32.69211731936993], [73.99928324527362, 32.692210820925986], [73.99930378099225, 32.69230272747143], [73.99933342134736, 32.692392114149314], [73.99937186806761, 32.692478081460166], [73.9994187342631, 32.69255976431367], [73.99947354831858, 32.69263634073403], [73.9995357586394, 32.692707040131616], [73.99960473920217, 32.69277115105731], [73.99967979585448, 32.69282802836192], [73.99976017330009, 32.69287709968828], [74.00471059953611, 32.695568265575005], [74.0027868484236, 32.696962659544795], [74.00270256816759, 32.69703154212217], [74.00262682774213, 32.69710971730345], [73.99911281116147, 32.70118502496498], [73.99771115238607, 32.70186233522318], [73.99478379502611, 32.706106012509295], [73.99041234023593, 32.708218389090995], [73.99033187171358, 32.70826224091406], [73.9902560622264, 32.70831372962279], [73.99018563418564, 32.708372364565875], [73.99012125872117, 32.708437586993405], [73.99006354928609, 32.70850877538135], [73.99001305581085, 32.708585251354265], [73.98997025946288, 32.70866628614973], [73.98993556806138, 32.70875110756293], [73.9899093121911, 32.70883890730525], [73.98989174205208, 32.70892884870668], [73.98988302507543, 32.70902007468869], [73.98988324432783, 32.709111715931606], [73.98989239771994, 32.70920289915862], [73.98991039802638, 32.70929275545747], [73.98993707371683, 32.709380428560614], [73.98997217059066, 32.709465083004815], [73.99001535419924, 32.70954591209256], [73.99006621303307, 32.709622145579274], [73.9901242624431, 32.70969305701327], [73.99018894925914, 32.70975797065827], [73.99025965706115, 32.70981626793274], [73.99033571205334, 32.709867393304506], [73.99041638948493, 32.7099108595846], [73.99050092055657, 32.70994625256985], [73.9924866280515, 32.71066590350044], [73.9916126605635, 32.71193286052739], [73.99156600105444, 32.71200781252459], [73.99152658908751, 32.71208681637597], [73.99149477325348, 32.71216917330874], [73.99147083495683, 32.71225415489276], [73.99145498592686, 32.712341009483424], [73.991447366345, 32.712428968869744], [73.99144804360488, 32.71251725506906], [73.99145701171625, 32.7126050872081], [73.99147419135805, 32.71269168842967], [73.99149943057985, 32.71277629276379], [73.99153250614596, 32.712858151902545], [73.9930971319295, 32.716260418562754], [73.99314174786089, 32.7163456399454], [73.99319485051454, 32.716425848258986], [73.9932558823354, 32.71650020135063], [73.99332420251552, 32.71656791854476], [73.99339909372233, 32.716628288839914], [73.99628843382608, 32.718722571406474], [73.99739957842365, 32.72194413851323], [73.9922180270252, 32.722883075465255], [73.99214092020125, 32.72290042899391], [73.99206554634011, 32.72292420688938], [73.98893629477303, 32.72405829577612], [73.9888530358192, 32.72409308271097], [73.9887735012912, 32.724135702460885], [73.98869842599582, 32.72418576126881], [73.98862850354172, 32.72424279664939], [73.98856437993128, 32.72430628166188], [73.98850664759229, 32.724375629778386], [73.9884558399046, 32.724450200302726], [73.98841242627236, 32.724529304289746], [73.98837680778715, 32.72461221091034], [73.98834931352248, 32.72469815420349], [73.98833019749345, 32.72478634015283], [73.98831963631002, 32.72487595402247], [73.98831772754527, 32.72496616788418], [73.98832448883397, 32.7250561482665], [73.98833985770966, 32.72514506385505], [73.98836369218174, 32.72523209317291], [73.98839577204734, 32.725316432170125], [73.9884358009257, 32.72539730165216], [73.98848340899642, 32.72547395447879], [73.99144663890073, 32.72976963481164], [73.99144663890073, 32.73514769636077], [73.99145151104454, 32.73524321578509], [73.9914660769042, 32.73533774373831], [73.9914901852892, 32.7354302990406], [73.99152358595967, 32.7355199209878], [73.99156593222384, 32.73560567932336], [73.99161678453659, 32.735686683894194], [73.99167561506185, 32.73576209389026], [73.99174181315139, 32.735831126571995], [73.99181469168329, 32.73589306539501], [73.99189349419403, 32.735947267447635], [73.9919774027305, 32.735993170124196], [73.99206554634011, 32.73603029696479], [73.99457589046781, 32.73694008427849], [73.99457589046781, 32.73854996302098], [73.99458006669862, 32.73863841439262], [73.99459255823427, 32.73872607879579], [73.99461325393527, 32.73881217626386], [73.99464196966807, 32.738895940771485], [73.9946784499434, 32.73897662705012], [73.9947223701894, 32.7390535172188], [73.9947733396394, 32.73912592717125], [73.99483090480864, 32.739193212662535], [73.99489455352901, 32.73925477504102], [73.99496371950588, 32.739310066574646], [74.00071899061197, 32.74348166407113], [73.99929364254253, 32.749680480768205], [73.99927575559535, 32.74978499111818], [73.99926976781845, 32.749890851888345], [73.99926976781845, 32.75215902966182], [73.99927382051874, 32.75224616591634], [73.99928594362852, 32.75233254983522], [73.99930603247671, 32.75241743557848], [73.9993339136159, 32.75250009024144], [73.99936934631994, 32.75257980018257], [73.99941202466238, 32.752655877185134], [73.9994615801578, 32.75272766439921], [73.99951758494336, 32.75279454201299], [74.00239901938554, 32.755927370462864], [74.00239901938554, 32.75896356298224], [74.00240319561634, 32.75905201435388], [74.002415687152, 32.75913967875705], [74.00243638285299, 32.75922577622512], [74.00246509858579, 32.759309540732744], [74.00250157886111, 32.75939022701138], [74.00254549910711, 32.75946711718006], [74.00259646855712, 32.75953952713251], [74.00265403372636, 32.759606812623794], [74.00271768244673, 32.75966837500228], [74.0027868484236, 32.759723666535905], [74.00904535155777, 32.76426002208285], [74.00912767013183, 32.76431336017676], [74.00921510479839, 32.764357817785566], [74.00930670101785, 32.76439290955776], [74.00940145881825, 32.76441825239033], [74.00949834371202, 32.76443356961111], [74.00959629798984, 32.76443869399931], [74.01741942690757, 32.76443869399931], [74.01750092541356, 32.76443514971816], [74.01758180853574, 32.76442454363708], [74.01766146553695, 32.764406955841096], [74.01773929493831, 32.76438251913321], [74.01963570229526, 32.763695231945796], [74.0204959288406, 32.763695231945796], [74.02298697169653, 32.76640360865383], [74.0230562547321, 32.766471530160736], [74.02313217810132, 32.76653193804204], [74.02321393083984, 32.766584187059834], [74.0233006397178, 32.76662771912389], [74.02339137856703, 32.76666206925284], [74.02348517817381, 32.76668687054082], [74.0235810366314, 32.76670185807653], [74.02367793004174, 32.76670687177278], [74.02963198831048, 32.76670687177278], [74.03251473831094, 32.7687963776298], [74.03259307712543, 32.76884740996063], [74.03267610355257, 32.768890396947484], [74.03276299408529, 32.76892491221904], [74.03285288688987, 32.76895061343163], [74.03294489035429, 32.76896724566483], [74.03303809193164, 32.76897464394994], [74.03313156719146, 32.76897273490622], [74.03322438898867, 32.76896153746875], [74.0333156366597, 32.76894116270058], [74.03340440515407, 32.76891181269118], [74.03348981401135, 32.76887377855197], [74.033571016094, 32.76882743752891], [74.0336472059899, 32.76877324926074], [74.03371762800086, 32.76871175121998], [74.0337815836381, 32.76864355338198], [74.03383843855036, 32.76856933217478], [74.03519941050895, 32.76659638351238], [74.03954466178435, 32.76554652625933], [74.03963319892983, 32.765520467540604], [74.03971874943987, 32.765485841059636], [74.0398004864567, 32.765442981486245], [74.03987761998053, 32.76539230306427], [74.03994940450495, 32.76533429560779], [74.0400151462224, 32.765269519767095], [74.04314439778949, 32.761867253106885], [74.04320227262602, 32.761797910561725], [74.04325321577133, 32.7617233271774], [74.04329675566227, 32.76164419334665], [74.04333248926504, 32.761561241584126], [74.04336008580596, 32.761475239745764], [74.04337928983334, 32.76138698392101], [74.04338992358213, 32.761297291063656], [74.04339188861934, 32.76120699142965], [74.04338516675531, 32.76111692089165], [74.04336982021204, 32.76102791320164], [74.04334599104716, 32.76094079227319], [74.0433138998391, 32.76085636455477], [74.04327384364512, 32.76077541156473], [74.04322619325163, 32.760698682657065], [74.04182758913086, 32.758671180097686], [74.04182758913086, 32.75615029425989], [74.045634850335, 32.75431054758651], [74.04826791954656, 32.75526481235776], [74.05115987223111, 32.757360988603224], [74.05246704445895, 32.75925594586679], [74.05246704445895, 32.76236582964245], [74.05247122068975, 32.76245428101409], [74.05248371222541, 32.76254194541726], [74.0525044079264, 32.76262804288533], [74.0525331236592, 32.762711807392954], [74.05256960393453, 32.76279249367159], [74.05261352418053, 32.76286938384027], [74.05266449363053, 32.76294179379272], [74.05272205879977, 32.763009079284004], [74.05278570752014, 32.76307064166249], [74.05285487349701, 32.763125933196115], [74.05585374958174, 32.76529961081038], [74.05852385714135, 32.76917036296287], [74.05732694347236, 32.770905482637694], [74.05727912866142, 32.77098250726609], [74.05723896652135, 32.77106378488927], [74.0572068316066, 32.77114855750737], [74.05718302360927, 32.771236034526], [74.05716776456414, 32.77132540012937], [74.05716119677794, 32.771415820888656], [74.05716338150224, 32.77150645353456], [74.05717429836217, 32.771596452821754], [74.05719384554646, 32.77168497941161], [74.05722184075692, 32.771771207699985], [74.05725802290858, 32.77185433351683], [74.05726949547564, 32.77187498182597], [74.05777982924897, 32.771690029019055], [74.05787123758185, 32.77166207729083], [74.0579650144476, 32.77164356562203], [74.06578814336532, 32.77050947673529], [74.06592282619744, 32.770499765266216], [74.06905207776452, 32.770499765266216], [74.06913357627052, 32.770503309547365], [74.0692144593927, 32.77051391562845], [74.0692941163939, 32.77053150342443], [74.06937194579527, 32.77055594013232], [74.07250119736236, 32.771690029019055], [74.07259042476106, 32.771727679735264], [74.07267529841903, 32.77177432271218], [74.07275491508025, 32.771829461558454], [74.07282842743557, 32.77189250946665], [74.07289505314004, 32.77196279545825], [74.07295408313897, 32.77203957152443], [74.07448139689434, 32.77425365948686], [74.07756616502746, 32.77760756170559], [74.07762851519468, 32.777682872603336], [74.07768269437808, 32.777764259891995], [74.07772811490715, 32.77785084078025], [74.07910261891902, 32.78083968911902], [74.08316143734709, 32.78182034125982], [74.08914684921788, 32.780735738609685], [74.09220159648694, 32.77962865122621], [74.09227942588831, 32.77960421451832], [74.09235908288952, 32.77958662672234], [74.0924399660117, 32.77957602064126], [74.09252146451769, 32.77957247636011], [74.09721534186832, 32.77957247636011], [74.09729684037431, 32.77957602064126], [74.09737772349649, 32.77958662672234], [74.0974573804977, 32.77960421451832], [74.09753520989906, 32.77962865122621], [74.10066446146615, 32.78076274011295], [74.10075013707244, 32.7807986803708], [74.10083184052412, 32.780842913363344], [74.10090877156519, 32.780895005844265], [74.10098017668363, 32.78095444758639], [74.10104535649192, 32.78102065637914], [74.1011036725772, 32.78109298373113], [74.1011545537543, 32.781170721221855], [74.10119750166031, 32.78125310744046], [74.10265934546182, 32.78443187547599], [74.10527550050396, 32.786328145108314], [74.1082267079898, 32.786862926595255], [74.10941248010593, 32.78643318454663], [74.10949229339633, 32.78640822077004], [74.10957401158672, 32.786390458764856], [74.10965698622088, 32.78638003947743], [74.12373861827278, 32.78524595059069], [74.1238389961311, 32.78524325415812], [74.1239390877809, 32.78525129448315], [74.12403774806921, 32.785269979576064], [74.12413384821932, 32.785299095659894], [74.12679522407836, 32.786263619195466], [74.13108616267422, 32.78315341493678], [74.13116279843618, 32.783103377285755], [74.13124394255115, 32.783061040078266], [74.13132882373915, 32.78302680573215], [74.13141663519913, 32.78300099964704], [74.13611051254976, 32.7818669107603], [74.13619969134643, 32.78184988080064], [74.13629009815881, 32.78184154499972], [74.13638088740335, 32.781841981323076], [74.13647120991956, 32.78185118568973], [74.13656022091234, 32.781869072010366], [74.13664708785338, 32.78189547299251], [74.13673099826785, 32.78193014170527], [74.13681116733365, 32.78197275388885], [74.13688684522185, 32.782022910987436], [74.13695732410994, 32.78208014387689], [74.13702194480214, 32.78214391725253], [74.13977702661369, 32.78513936929358], [74.14393364146748, 32.78413508853377], [74.14402282026415, 32.784118058574116], [74.14411322707653, 32.784109722773195], [74.14420401632107, 32.78411015909655], [74.14429433883728, 32.784119363463205], [74.14438334983006, 32.78413724978384], [74.1444702167711, 32.78416365076598], [74.14455412718557, 32.78419831947874], [74.14463429625137, 32.784240931662325], [74.14470997413957, 32.78429108876091], [74.14478045302766, 32.78434832165036], [74.14484507371986, 32.784412095026006], [74.14785307893757, 32.78768253706191], [74.15175812429398, 32.78956953504251], [74.15441553751424, 32.78668027279948], [74.15448127923169, 32.78661549695878], [74.15455306375611, 32.78655748950231], [74.15463019727994, 32.78650681108033], [74.15471193429677, 32.78646395150694], [74.1547974848068, 32.78642932502597], [74.1548860219523, 32.786403266307246], [74.15957989930293, 32.78526917742051], [74.15967589816499, 32.78525120964582], [74.15977324426557, 32.78524331286483], [74.15987088399253, 32.78524557254727], [74.15996776055574, 32.78525796423577], [74.16571776007343, 32.78629990835754], [74.16849716956614, 32.78327800613927], [74.16856259928915, 32.78321350897186], [74.16863402021724, 32.7831557163747], [74.16871074829311, 32.78310518187529], [74.16879204862849, 32.78306238948436], [74.16887714254283, 32.78302774906002], [74.16896521502132, 32.78300159238227], [74.16905542252094, 32.782984169975265], [74.16914690104988, 32.7829756487078], [74.16923877444258, 32.782976110195094], [74.16933016275155, 32.78298555001712], [74.16942019067535, 32.78300387776088], [74.1695079959421, 32.78303091788642], [74.17576649907627, 32.785299095659894], [74.1758472233291, 32.785332682008644], [74.17592447281856, 32.785373632761925], [74.1759975774776, 32.78542159271025], [74.17912682904469, 32.78768977048372], [74.17920919539247, 32.78775689906946], [74.1792834482726, 32.78783290546435], [74.17934863641997, 32.78791681593874], [74.18091326220352, 32.79018499371222], [74.18096290996743, 32.790265332207916], [74.18100423463122, 32.79035025244411], [74.18103681796939, 32.79043889498709], [74.18106033022285, 32.790530362731616], [74.18107453343627, 32.790623729980055], [74.1810792838663, 32.79071805181086], [74.1810792838663, 32.79375424433024], [74.18396071830847, 32.79688707278011], [74.18401672309403, 32.79695395039389], [74.18406627858946, 32.79702573760797], [74.1841089569319, 32.79710181461053], [74.18414438963593, 32.79718152455166], [74.18417227077512, 32.79726417921462], [74.18419235962331, 32.797349064957885], [74.1842044827331, 32.79743544887676], [74.18420853543338, 32.79752258513128], [74.18420853543338, 32.799498380020204], [74.18551570766122, 32.80139333728377], [74.18772916074013, 32.802997716148354], [74.1905905529651, 32.802997716148354], [74.1956520833995, 32.80226396556392], [74.1957867662316, 32.80225425409484], [74.1989160177987, 32.80225425409484], [74.19902703373695, 32.802260841362525], [74.19913649170586, 32.80228051072156], [74.20383036905649, 32.803414599608296], [74.20391617027067, 32.803439709338974], [74.20399919393041, 32.80347286682463], [74.20407868710893, 32.80351377136594], [74.20415392889679, 32.80356205200691], [74.2042242369396, 32.803617270899025], [74.20428897362629, 32.803678927271996], [74.20434755187138, 32.80374646197517], [74.2043994404392, 32.80381926254838], [74.20444416876163, 32.8038966687762], [74.20448133120543, 32.803977978675356], [74.20451059075107, 32.804062454860876], [74.20453168204894, 32.804149331233305], [74.2045444138258, 32.8042378199263], [74.20454867061946, 32.8043271184517], [74.20454867061946, 32.80509882637136], [74.20457229864596, 32.8051073895315], [74.20586446985445, 32.806980600394716], [74.20700415339324, 32.811937066468616], [74.20745980145728, 32.812762735793385], [74.21041934471558, 32.8149079037654], [74.21048851069244, 32.81496319529903], [74.21055215941281, 32.81502475767751], [74.21060972458206, 32.8150920431688], [74.21066069403206, 32.81516445312125], [74.21070461427806, 32.81524134328993], [74.21074109455338, 32.81532202956856], [74.21076981028618, 32.815405794076185], [74.21079050598718, 32.815491891544255], [74.21080299752283, 32.81557955594743], [74.21080717375364, 32.81566800731907], [74.21080717375364, 32.817570110951706], [74.21368860819581, 32.82070293940158], [74.21374461298137, 32.82076981701536], [74.2137941684768, 32.820841604229436], [74.21383684681923, 32.820917681232], [74.21387227952327, 32.82099739117313], [74.21390016066246, 32.82108004583609], [74.21392024951065, 32.821164931579354], [74.21393237262043, 32.82125131549823], [74.21393642532072, 32.82133845175275], [74.21393642532072, 32.823606629526225], [74.2139315531769, 32.823702148950545], [74.21391698731725, 32.82379667690377], [74.21389287893226, 32.82388923220606], [74.21385947826178, 32.82397885415325], [74.21381713199762, 32.82406461248882], [74.21376627968486, 32.82414561705965], [74.2137074491596, 32.824221027055714], [74.21364125107006, 32.82429005973745], [74.21356837253816, 32.824351998560466], [74.21348957002742, 32.82440620061309], [74.21340566149095, 32.82445210328965], [74.21331751788134, 32.82448923013025], [74.21114767280595, 32.8252756153515], [74.21225195463833, 32.82767686765178], [74.21362951051518, 32.82967385738213], [74.2180999755526, 32.831834077745285], [74.21818500720018, 32.83188073128261], [74.21826477147357, 32.83193590912527], [74.21833841697403, 32.83199902230849], [74.21840515761416, 32.83206939716614], [74.21846428100858, 32.83214628252147], [74.22002890679212, 32.834414460294944], [74.22007855455604, 32.834494798790644], [74.22011987921982, 32.834579719026834], [74.22015246255799, 32.83466836156982], [74.22017597481145, 32.83475982931434], [74.22019017802488, 32.83485319656278], [74.2201949284549, 32.83494751839359], [74.2201949284549, 32.839004880801035], [74.22293635098393, 32.840991948160344], [74.22300821073091, 32.84104961890823], [74.22307407085775, 32.84111405633595], [74.2231332969203, 32.84118463970449], [74.22318531838167, 32.841260689069735], [74.22322963410843, 32.84134147183249], [74.22326581719808, 32.841426209795785], [74.22329351909146, 32.84151408666135], [74.2233124729305, 32.841604255893266], [74.223322496129, 32.841695848872746], [74.2233234921314, 32.84178798326577], [74.22331545134303, 32.841879771522756], [74.22329845122243, 32.84197032942853], [74.2232726555353, 32.84205878462014], [74.22323831277676, 32.84214428499052], [74.22167368699321, 32.84554655165073], [74.2216307390872, 32.845628937869336], [74.2215798579101, 32.84570667536006], [74.22152154182483, 32.84577900271205], [74.22145636201654, 32.8458452115048], [74.22138495689809, 32.845904653246926], [74.22130802585703, 32.84595674572785], [74.22122632240534, 32.84600097872039], [74.22114064679906, 32.84603691897824], [74.21175289209779, 32.84943918563845], [74.21167506269643, 32.84946362234634], [74.21159540569522, 32.84948121014232], [74.21151452257304, 32.849491816223406], [74.21143302406705, 32.849495360504555], [74.20846863919894, 32.849495360504555], [74.20561854396476, 32.85052827884363], [74.20333878329018, 32.85218071949279], [74.20438264895668, 32.85369397136947], [74.20442577024296, 32.85376265115801], [74.20446280337423, 32.853834796191606], [74.2048806290923, 32.85474335498269], [74.17158758464157, 32.866076757109276], [74.24098459696165, 32.84245307654828], [74.26141841242986, 32.827059942262565], [74.31479294833593, 32.79915308614608], [74.33796001664149, 32.79765509710512], [74.33898396224015, 32.78560463134869], [74.35561528311888, 32.77543532518018], [74.36354226048317, 32.774324477044416], [74.3737585433222, 32.77289281675013], [74.39946149565156, 32.77543532518018], [74.40512813555506, 32.77900862664683], [74.42516444708161, 32.790688847812135], [74.43423607673361, 32.79323084812518], [74.4390504329537, 32.79086992446566], [74.44508086339641, 32.787912647260086], [74.449057349, 32.782864072], [74.452584273, 32.777965709], [74.452979525, 32.777416544], [74.453261397, 32.776716484], [74.451899456, 32.774649692], [74.449941787, 32.773070666], [74.44808948, 32.771998664], [74.44625961, 32.770939648], [74.445333267, 32.768855188], [74.446128992, 32.76722829], [74.446401173, 32.766665187], [74.446665091, 32.766128951], [74.446812756, 32.764051698], [74.445763462, 32.762609063], [74.44420812700001, 32.761993635], [74.443667888, 32.761904377], [74.44223526200001, 32.761668727], [74.44117087, 32.761505016], [74.438742776, 32.761396897], [74.437261756, 32.76133169], [74.433841317, 32.761600586], [74.432251506, 32.761725605], [74.43124125700001, 32.761783896], [74.430549818, 32.761820894], [74.429675967, 32.76133522], [74.429272815, 32.761094903], [74.429398854, 32.759679239], [74.431163643, 32.758459262], [74.43489664, 32.756054721], [74.437529385, 32.754361639], [74.440503436, 32.752479388], [74.445477865, 32.74933116], [74.44584328900001, 32.749099889], [74.446496041, 32.748473939], [74.447362365, 32.747643184], [74.447713393, 32.74722468], [74.447899411, 32.745889177], [74.447268895, 32.745093181], [74.44671877, 32.744398888], [74.446287038, 32.744138902], [74.44562998500001, 32.743743843], [74.444147618, 32.742852557], [74.441061357, 32.740561098], [74.44044559000001, 32.739792133], [74.438777424, 32.737708938], [74.438197485, 32.736979611], [74.437810388, 32.735706235], [74.437456029, 32.734538709], [74.43783848800001, 32.732233704], [74.438526543, 32.731638959], [74.439140168, 32.731118525], [74.440326889, 32.730907281], [74.441258509, 32.730741546], [74.443116916, 32.73054309], [74.443688733, 32.730482026], [74.444517014, 32.730548997], [74.44710520000001, 32.730758266], [74.447540148, 32.730793433], [74.450681284, 32.731104801], [74.451966818, 32.731232431], [74.452631702, 32.731298137], [74.453691833, 32.731240296], [74.454771486, 32.731181077], [74.45545639, 32.730954668], [74.456961175, 32.73039446], [74.457619936, 32.729651656], [74.459082584, 32.727959206], [74.459540606, 32.727433059], [74.460011693, 32.726269397], [74.460449616, 32.725187656], [74.460530587, 32.724359218], [74.460808101, 32.72151894], [74.46088205400001, 32.7207621], [74.460681784, 32.719875592], [74.460346515, 32.718391492], [74.460189983, 32.717698593], [74.459856386, 32.717119188], [74.459129344, 32.715856426], [74.45860146400001, 32.714939577], [74.456831451, 32.713738767], [74.45601085, 32.713486938], [74.455180068, 32.713231986], [74.45432141900001, 32.712968481], [74.45355609500001, 32.7129173], [74.452754041, 32.712863321], [74.451300555, 32.712765802], [74.45052825, 32.712781726], [74.448493745, 32.712891007], [74.447560286, 32.71294277], [74.444549795, 32.713361847], [74.442175882, 32.713979391], [74.440938638, 32.714301244], [74.439077519, 32.713979924], [74.439319464, 32.712044438], [74.439476314, 32.710887646], [74.439725765, 32.710389044], [74.440952869, 32.70793746], [74.441207089, 32.707443825], [74.441664563, 32.706977308], [74.442534046, 32.706093031], [74.443546996, 32.705071483], [74.446358874, 32.704858459], [74.447349533, 32.705063945], [74.449318973, 32.70547245], [74.452376705, 32.706055471], [74.453206085, 32.706213803], [74.454453041, 32.706451647], [74.455689249, 32.70668708], [74.45612030800001, 32.706715388], [74.460029595, 32.706962796], [74.460608288, 32.706937946], [74.462296412, 32.706844368], [74.464246004, 32.705380547], [74.464902401, 32.702958597], [74.464731736, 32.702068688], [74.464072314, 32.69879145], [74.461636803, 32.691605098], [74.461029431, 32.68917026], [74.45998731, 32.684996147], [74.459779052, 32.684161993], [74.459570931, 32.683328381], [74.45924892, 32.682526739], [74.45732073900001, 32.677706096], [74.455913861, 32.675433335], [74.455439475, 32.674667176], [74.455155449, 32.674208405], [74.45487107400001, 32.673749027], [74.454502488, 32.673348148], [74.454134587, 32.672948004], [74.451800766, 32.670409471], [74.450755723, 32.669272501], [74.450007542, 32.668458542], [74.44904625400001, 32.66744309], [74.447903959, 32.666424033], [74.443627604, 32.662609035], [74.442641116, 32.661728975], [74.441493416, 32.661043152], [74.438821579, 32.65944656], [74.437672745, 32.65876006], [74.43679812500001, 32.658451707], [74.43516502300001, 32.657874164], [74.434639273, 32.657577897], [74.43388584600001, 32.657153947], [74.431286709, 32.656604082], [74.430312234, 32.65641435], [74.42959157700001, 32.656339165], [74.427988088, 32.656171878], [74.426017128, 32.655201228], [74.425523546, 32.654919533], [74.421760286, 32.652752771], [74.41946350500001, 32.651480076], [74.41791919, 32.650622784], [74.41614809, 32.649413295], [74.412628192, 32.647009797], [74.411219899, 32.646048169], [74.40977108, 32.644842645], [74.408601309, 32.643868951], [74.407612332, 32.643114476], [74.406293872, 32.642108643], [74.404972958, 32.641100939], [74.40427613700001, 32.64060841], [74.402877881, 32.639620049], [74.398682926, 32.636654587], [74.397983853, 32.636160379], [74.396469505, 32.635089894], [74.396098281, 32.634857812], [74.394666677, 32.6339628], [74.390371622, 32.63127761], [74.38163332, 32.625790326], [74.380113795, 32.624836129], [74.37897247100001, 32.624119426], [74.377528095, 32.623077958], [74.373190395, 32.619950027], [74.366031665, 32.614788505], [74.364140519, 32.613583795], [74.362830111, 32.612664522], [74.360929555, 32.611330608], [74.357771744, 32.609287621], [74.356719997, 32.608607178], [74.355399159, 32.607390994], [74.354410139, 32.606480337], [74.352431135, 32.604658135], [74.351795444, 32.604071379], [74.349892675, 32.602314099], [74.349248118, 32.601718911], [74.34758723600001, 32.599813516], [74.346903154, 32.599028851], [74.346250944, 32.598280775], [74.344301376, 32.597490478], [74.342355188, 32.596701552], [74.341194543, 32.596230988], [74.338110616, 32.594980662], [74.337147945, 32.593431989], [74.336219907, 32.591939033], [74.335326031, 32.591750033], [74.334151055, 32.591501597], [74.332619524, 32.591242344], [74.33123891000001, 32.591008638], [74.330322569, 32.590859369], [74.32914041, 32.590666803], [74.32849943, 32.590562392], [74.327680118, 32.590510008], [74.326300794, 32.590421818], [74.324824729, 32.590276435], [74.323703964, 32.590172947], [74.323204048, 32.590150961], [74.32173954400001, 32.590088968], [74.320572934, 32.590200925], [74.317528897, 32.590493058], [74.31474571800001, 32.590763568], [74.314202348, 32.590816501], [74.313548958, 32.590878768], [74.311494672, 32.5907609], [74.309496089, 32.589676288], [74.30799934, 32.588728042], [74.307349629, 32.588371006], [74.306458776, 32.587881461], [74.30493311500001, 32.587413152], [74.304445848, 32.587272316], [74.301752276, 32.586498722], [74.300900471, 32.586283152], [74.299010099, 32.585804745], [74.29708305, 32.585707619], [74.29553045, 32.586105242], [74.294172046, 32.587372786], [74.29338034300001, 32.587985443], [74.292809278, 32.588427366], [74.292049661, 32.588989007], [74.291302782, 32.58954122], [74.290596722, 32.589856999], [74.289879369, 32.590177837], [74.288879035, 32.590439092], [74.288203648, 32.590613152], [74.287665883, 32.59066654], [74.284547963, 32.590971473], [74.28163874900001, 32.591121449], [74.279952696, 32.591208422], [74.27883503400001, 32.590599933], [74.277618272, 32.589925041], [74.276765726, 32.589729188], [74.276161907, 32.589589938], [74.274480783, 32.58850452], [74.271214011, 32.586396987], [74.269964524, 32.585601935], [74.268892992, 32.584920116], [74.267821145, 32.584238097], [74.266794818, 32.583706266], [74.26539806800001, 32.582982487], [74.263267204, 32.581864094], [74.262351766, 32.581327769], [74.261689122, 32.580938238], [74.260498387, 32.580418144], [74.259302096, 32.57989534], [74.25755156400001, 32.579421024], [74.25681797700001, 32.579340225], [74.255473032, 32.579192596], [74.254907446, 32.579147044], [74.251843959, 32.579056352], [74.250342287, 32.578700568], [74.24914927600001, 32.578055033], [74.248470645, 32.577687658], [74.24745977900001, 32.577140428], [74.245810738, 32.576731341], [74.24396429, 32.576242278], [74.24176013600001, 32.575658472], [74.239708175, 32.575291452], [74.238410703, 32.575058722], [74.236377995, 32.574522835], [74.235169866, 32.574205461], [74.233274997, 32.572580073], [74.23278182700001, 32.571709244], [74.232010342, 32.57035293], [74.231774426, 32.569769774], [74.230928145, 32.567219349], [74.229534389, 32.56292855], [74.22900742600001, 32.561936058], [74.228225793, 32.560460981], [74.227488965, 32.559720116], [74.227110916, 32.559372903], [74.226559648, 32.558953339], [74.22567832300001, 32.558285514], [74.22466799700001, 32.557602114], [74.223969259, 32.557129478], [74.22321547300001, 32.556785933], [74.221688008, 32.556090156], [74.219065093, 32.555079611], [74.218178969, 32.55473857], [74.217319289, 32.554561888], [74.21689057, 32.554473778], [74.216032696, 32.554297468], [74.21540994, 32.55419068], [74.214070557, 32.554064662], [74.212922717, 32.553956348], [74.209755029, 32.553669622], [74.20904501400001, 32.554689194], [74.207952397, 32.556257541], [74.206047123, 32.555987978], [74.20466525, 32.555792467], [74.203811281, 32.55567123], [74.20264594400001, 32.555297993], [74.190569926, 32.551410083], [74.18997702, 32.551191567], [74.187674537, 32.550086832], [74.1866351, 32.54957572], [74.18518189000001, 32.547846765], [74.185050806, 32.547299687], [74.184868941, 32.54636885], [74.184945792, 32.545578214], [74.185071932, 32.544280526], [74.185278945, 32.541680831], [74.18470014, 32.540029809], [74.182614075, 32.539678708], [74.180671679, 32.539765383], [74.180234669, 32.539867901], [74.179636629, 32.540059555], [74.178214569, 32.540514865], [74.177120285, 32.541996538], [74.176500491, 32.542836128], [74.17431197, 32.545524203], [74.173787427, 32.546168297], [74.17251794, 32.546952581], [74.170248625, 32.547175173], [74.168414892, 32.546300054], [74.168808243, 32.544641264], [74.169502524, 32.543515047], [74.168470137, 32.541260116], [74.16774325, 32.539614145], [74.167917059, 32.538010203], [74.1680444, 32.53702628], [74.168120679, 32.536440925], [74.168154724, 32.534946635], [74.167502022, 32.532915054], [74.16647579, 32.5321227], [74.165606114, 32.531451501], [74.163336006, 32.529696337], [74.162833101, 32.529366542], [74.160291797, 32.527831039], [74.157660722, 32.526252089], [74.156942153, 32.525820865], [74.15623702500001, 32.525452791], [74.155336026, 32.524982426], [74.15403577500001, 32.524408397], [74.15325498, 32.523726907], [74.152598321, 32.523252051], [74.15206949600001, 32.522871427], [74.151359478, 32.522511393], [74.150354862, 32.522001976], [74.149940192, 32.521791706], [74.149187566, 32.521495741], [74.14855979500001, 32.521248956], [74.1478512, 32.521097491], [74.14674891300001, 32.520862091], [74.14612435, 32.520776453], [74.145325727, 32.520696542], [74.144318902, 32.520595797], [74.142558628, 32.51983458], [74.142109312, 32.519640022], [74.141600298, 32.519308236], [74.139010436, 32.51740037], [74.135806623, 32.514839613], [74.134929231, 32.513895108], [74.134559902, 32.513497819], [74.132928404, 32.512571677], [74.13181805, 32.513755879], [74.131456298, 32.514141691], [74.12986489500001, 32.515005087], [74.128309324, 32.514489657], [74.127349871, 32.513528479], [74.126823565, 32.5126573], [74.125120985, 32.509839074], [74.12264466100001, 32.506655423], [74.12219625960797, 32.50607894207986], [74.11522996529268, 32.515718675862956], [74.11517685504953, 32.51580087730817], [74.11513259114535, 32.515888161225995], [74.11509765463092, 32.51597957903325], [74.11507242518887, 32.51607413722051], [74.11505717700747, 32.51617080814937], [74.11505207580072, 32.516268541220605], [74.11505207580072, 32.51817064485324], [74.11217064135855, 32.521303473303114], [74.11210903256202, 32.52137778864746], [74.11205538103003, 32.521458037805296], [74.11201025404681, 32.521543372262585], [74.11197412876223, 32.521632889735905], [74.11042465271973, 32.526125321289946], [74.10887943991177, 32.52948537458494], [74.10884487719514, 32.52957151194306], [74.1072802514116, 32.53410786749001], [74.10725282160708, 32.53420359228825], [74.10568819582353, 32.54100812560867], [74.10567030887636, 32.54111263595865], [74.10566432109945, 32.54121849672881], [74.10566432109945, 32.568144247125936], [74.10430302900686, 32.57011765987427], [74.09815276560218, 32.57680450996754], [74.0950997696527, 32.57901741532419], [74.0950248784459, 32.57907778561934], [74.09495655826578, 32.579145502813475], [74.09489552644492, 32.579219855905116], [74.09484242379126, 32.5793000642187], [74.09479780785988, 32.57938528560135], [74.09333596405837, 32.58256405363687], [74.08727664073498, 32.586956037531344], [74.08720351777116, 32.58701483033191], [74.08713662882184, 32.58708062873384], [74.08400737725475, 32.59048289539405], [74.08394467535496, 32.590558679580475], [74.08389024702319, 32.59064060837792], [74.07924663838851, 32.598494212525374], [74.07621319438017, 32.601792312787985], [74.07008654882634, 32.60734328918491], [74.06551437784606, 32.60955265594491], [74.06543577089096, 32.60959537504415], [74.0653615873798, 32.60964538285855], [74.06529250104839, 32.60970222521636], [74.05903399791421, 32.61537266965004], [74.05897336471804, 32.61543285090225], [74.05586281516635, 32.61881478386858], [74.04649492585044, 32.62786829623947], [74.04643060640551, 32.62793701963974], [74.04637349220793, 32.628011838522205], [74.0463241574393, 32.628092000716194], [74.0462830980729, 32.6281767003335], [74.0462507268876, 32.62826508587022], [74.04622736931805, 32.62835626876711], [74.04621326018302, 32.62844933234241], [74.04620854132477, 32.62854334100753], [74.04620854132477, 32.635823664183704], [74.04369819719707, 32.6367334514974], [74.04360896979837, 32.63677110221361], [74.0435240961404, 32.63681774519053], [74.04344447947918, 32.6368728840368], [74.04337096712386, 32.636935931945], [74.04330434141939, 32.637006217936595], [74.04324531142046, 32.637082994002775], [74.04168068563692, 32.63935117177625], [74.041631037873, 32.63943151027195], [74.04158971320922, 32.63951643050814], [74.04155712987105, 32.63960507305112], [74.04153361761759, 32.63969654079565], [74.04151941440416, 32.63978990804409], [74.04151466397414, 32.639884229874895], [74.04151466397414, 32.641673414508865], [74.03720861566157, 32.64479457075491], [74.03712624931379, 32.644861699340645], [74.03705199643366, 32.644937705735536], [74.03698680828629, 32.64502161620993], [74.03542218250274, 32.647289793983404], [74.03537253473883, 32.647370132479104], [74.03533121007504, 32.647455052715294], [74.03529862673687, 32.64754369525828], [74.03527511448341, 32.6476351630028], [74.03526091126999, 32.64772853025124], [74.03525616083996, 32.64782285208205], [74.03525616083996, 32.64961203671602], [74.03251473831094, 32.65159910407533], [74.03244557233407, 32.65165439560896], [74.0323819236137, 32.65171595798744], [74.03232435844446, 32.651783243478725], [74.03227338899445, 32.65185565343118], [74.03222946874845, 32.651932543599855], [74.03219298847313, 32.65201322987849], [74.03216427274033, 32.65209699438611], [74.03214357703934, 32.652183091854184], [74.03213108550368, 32.65227075625736], [74.03212690927288, 32.652359207629], [74.03212690927288, 32.65324517657721], [74.03116558872301, 32.65533556067477], [74.03242825925527, 32.6574222331034], [74.03033595376844, 32.65556407920072], [74.03087520864605, 32.65604298563273], [74.03087520864605, 32.65714368311449], [74.03070995798555, 32.65750301939714], [74.02774460534269, 32.66072708758605], [74.02469160939322, 32.6629399929427], [74.02462974339072, 32.66298892822981], [74.02457220390725, 32.663042884438276], [74.0245193971775, 32.66310148063169], [74.0199885048912, 32.66857503075353], [74.01709955887682, 32.66962202921276]], [[74.20873753883747, 32.78760234003776], [74.20269719579547, 32.78675320435915], [74.20764763696805, 32.78675320435915], [74.20873753883747, 32.78760234003776]], [[74.16494473201084, 32.592938501076986], [74.16493746329445, 32.59300360677025], [74.16442794707241, 32.59290783102157], [74.16494473201084, 32.592938501076986]], [[74.15425940335527, 32.56062853931336], [74.15459879176188, 32.5599684336646], [74.15497389640923, 32.560886765010494], [74.15425940335527, 32.56062853931336]], [[74.14599816293433, 32.59541607737955], [74.14441146983087, 32.59588182809581], [74.14418730251371, 32.5958236123144], [74.14599816293433, 32.59541607737955]], [[74.09237304161852, 32.76726542986221], [74.09204758761258, 32.76517420827603], [74.09307290219836, 32.76761616545814], [74.09237304161852, 32.76726542986221]], [[74.06903304233495, 32.75348963715896], [74.06774563855163, 32.75449264533416], [74.07028821486978, 32.749927779206104], [74.06903304233495, 32.75348963715896]], [[74.06697261855759, 32.62973518674081], [74.06619309585547, 32.630342507965985], [74.06351527924174, 32.63037078594384], [74.06697261855759, 32.62973518674081]], [[74.0336694070568, 32.66076568837061], [74.0336694070568, 32.66670214312844], [74.03248894361444, 32.667352575014746], [74.0336694070568, 32.66076568837061]], [[74.02156956435098, 32.74407325719786], [74.02160286777841, 32.746492672450735], [74.02168540123378, 32.74652538719585], [74.02156268746226, 32.746665676107725], [74.02156956435098, 32.74407325719786]], [[74.01798910557622, 32.678739713329826], [74.01829875338898, 32.67852538065171], [74.01785475588485, 32.67921836577967], [74.01798910557622, 32.678739713329826]]]}}, {"type": "Feature", "properties": {"na": "NA-64", "src": "sheet-split: gujrat_na62_65.jpg, outline-fit", "approx": false, "rms_km": 2.349}, "geometry": {"type": "Polygon", "coordinates": [[[73.89772286062906, 32.51575324571104], [73.89488573240118, 32.519866121297426], [73.88912011265694, 32.519866121297426], [73.88903861415095, 32.519869665578575], [73.88895773102877, 32.51988027165966], [73.88887807402756, 32.51989785945564], [73.8888002446262, 32.51992229616353], [73.88567099305911, 32.521056385050265], [73.88558531745282, 32.52109232530812], [73.88550361400114, 32.52113655830066], [73.88542668296007, 32.52118865078158], [73.88535527784163, 32.521248092523706], [73.88529009803334, 32.52131430131646], [73.88523178194806, 32.521386628668445], [73.88518090077096, 32.52146436615917], [73.88513795286495, 32.52154675237778], [73.88442343780937, 32.52310045983764], [73.8838003849929, 32.524455283366294], [73.88357332708141, 32.52494901903799], [73.88353984424182, 32.52503204322001], [73.8835144218189, 32.52511787920174], [73.88349729099201, 32.52520574643178], [73.8834886075407, 32.52529484588756], [73.8834884504281, 32.525384367341196], [73.88349682108296, 32.52547349672739], [73.88351364338651, 32.52556142354611], [73.88353876436477, 32.52564734823288], [73.88510339014832, 32.53018370377983], [73.88513774743045, 32.53026939411369], [73.88518035537788, 32.53035129538943], [73.88523080191901, 32.530428615520314], [73.88528859917334, 32.53050060672495], [73.88535318816986, 32.53056657275925], [73.88542394425299, 32.53062587565], [73.88550018312382, 32.53067794186482], [73.88558116745808, 32.53072226785896], [73.88566611403701, 32.53075842494517], [73.88575420132199, 32.530786063439656], [73.88584457739992, 32.53080491604396], [73.88593636822225, 32.53081480043007], [73.88602868605808, 32.530815621003725], [73.88612063807963, 32.530807369828956], [73.88621133499701, 32.53079012670485], [73.89057871935594, 32.52973492187192], [73.89497016743974, 32.53185695962301], [73.89506091771274, 32.53189508076112], [73.89515516069633, 32.53192349014799], [73.89525186030158, 32.531941875456376], [73.89534995343192, 32.5319500345618], [73.89544836167063, 32.53194787776465], [73.89554600313677, 32.53193542877633], [73.90160939139463, 32.530836696205334], [73.905833185635, 32.53185720819362], [73.9086691468691, 32.53494059607393], [73.91008609815643, 32.53802174568474], [73.91008609815643, 32.54008440784207], [73.91009015085672, 32.540171544096594], [73.9101022739665, 32.54025792801547], [73.91012236281469, 32.540342813758734], [73.91015024395388, 32.540425468421695], [73.91018567665792, 32.54050517836283], [73.91022835500036, 32.54058125536539], [73.91027791049578, 32.540653042579464], [73.91033391528134, 32.54071992019325], [73.91304010888935, 32.54366221872413], [73.91190059380943, 32.54614008544854], [73.90929538114403, 32.547084254579104], [73.9016371189253, 32.547084254579104], [73.90155271806664, 32.54708805631785], [73.90146900080066, 32.54709943074245], [73.90138664518335, 32.547118285727386], [73.90130631824225, 32.5471444685594], [73.90122867057391, 32.5471777671744], [73.89672831273404, 32.54935243235258], [73.89081808337627, 32.54935243235258], [73.88312302513943, 32.54712138640639], [73.88303531616934, 32.547100465480085], [73.88294600464472, 32.54708805580001], [73.8828559145213, 32.547084271853386], [73.8827658769379, 32.54708914854952], [73.88267672254861, 32.54710264089778], [73.88258927385951, 32.54712462442267], [73.88250433764051, 32.54715489631214], [73.88242269748237, 32.54719317728873], [73.88234510656757, 32.54723911418602], [73.88227228072179, 32.54729228320685], [73.88220489180985, 32.547352193833106], [73.88214356153745, 32.54741829335108], [73.88208885571541, 32.54748997195058], [73.87913013566876, 32.55177911451638], [73.87696443976074, 32.55256399601558], [73.8758112344124, 32.55089223861079], [73.87574604626502, 32.5508083281364], [73.8756717933849, 32.550732321741506], [73.87558942703711, 32.55066519315577], [73.87089554968648, 32.54726292649556], [73.87082533595407, 32.547216683067596], [73.87075126652624, 32.547176906910046], [73.87067393547356, 32.54714391704584], [73.87059396302634, 32.547117978068705], [73.87051199060006, 32.54709929802108], [73.86425348746589, 32.545965209134344], [73.8641701311095, 32.54595393411645], [73.86408610012023, 32.54595016569237], [73.86095684855314, 32.54595016569237], [73.86087535004715, 32.54595370997352], [73.86079446692497, 32.5459643160546], [73.86071480992376, 32.54598190385058], [73.8606369805224, 32.54600634055847], [73.85750772895531, 32.54714042944521], [73.85741850155661, 32.547178080161416], [73.85733362789864, 32.547224723138335], [73.85725401123742, 32.547279861984606], [73.8571804988821, 32.547342909892805], [73.85711387317762, 32.5474131958844], [73.8570548431787, 32.54748997195058], [73.85549021739516, 32.549758149724056], [73.85544709610888, 32.5498268295126], [73.85541006297761, 32.549898974546196], [73.85384543719407, 32.553301241206405], [73.85381113914389, 32.5533866122846], [73.8537853624046, 32.553474930668585], [73.85376835455293, 32.553565348090686], [73.85376027894343, 32.55365699612268], [73.85376121313953, 32.55374899451678], [73.85377114816865, 32.55384045966006], [73.8537899886082, 32.553930513061296], [73.85381755350227, 32.55401828978859], [73.85385357809955, 32.55410294677666], [73.85389771639615, 32.55418367092429], [73.85394954445896, 32.55425968690382], [73.85400856449724, 32.55433026460794], [73.85407420964387, 32.55439472616209], [73.85414584939979, 32.55445245243522], [73.8542227956898, 32.55450288898636], [73.85430430947127, 32.55454555138979], [73.85438960783242, 32.554580029887816], [73.8544778715118, 32.55460599332632], [73.85912122352786, 32.55572787477427], [73.86191925204977, 32.55674192333618], [73.86331334631288, 32.558762888128506], [73.8633724697073, 32.55883977348384], [73.86343921034742, 32.55891014834149], [73.86351285584789, 32.558973261524706], [73.86359262012128, 32.55902843936737], [73.86367765176885, 32.55907509290469], [73.86814811680628, 32.561235313267844], [73.86940582778428, 32.56305856846136], [73.86940582778428, 32.56568945909751], [73.86666440525525, 32.56767652645682], [73.86659523927838, 32.56773181799045], [73.86653159055801, 32.56779338036893], [73.86647402538877, 32.567860665860216], [73.86642305593877, 32.56793307581267], [73.86637913569277, 32.56800996598135], [73.86634265541744, 32.56809065225998], [73.86631393968464, 32.568174416767604], [73.86629324398365, 32.568260514235675], [73.86628075244799, 32.56834817863885], [73.86627657621719, 32.56843663001049], [73.86627657621719, 32.57410707444417], [73.86628103781034, 32.5741984908683], [73.86629438018176, 32.5742890383671], [73.8663164765104, 32.57437785627449], [73.86634711676773, 32.574464100364395], [73.86638600971399, 32.574546950875224], [73.86643278566655, 32.57462562030179], [73.86648700001372, 32.57469936088068], [73.86654813744087, 32.57476747169784], [73.86661561682861, 32.574829305350846], [73.86668879677632, 32.574884274102565], [73.86676698169883, 32.574931855467675], [73.87297210359293, 32.5783051028545], [73.88231066309069, 32.58507397797847], [73.8823808768231, 32.585120221406434], [73.88245494625093, 32.585159997563984], [73.88253227730361, 32.585192987428194], [73.88261224975084, 32.585218926405325], [73.88269422217711, 32.58523760645295], [73.88818133718681, 32.586231913880674], [73.88818133718681, 32.589984318858484], [73.88818732496371, 32.590090179628646], [73.88820521191089, 32.590194689978624], [73.88976983769443, 32.59699922329904], [73.8897937590769, 32.59708458035978], [73.88982562483075, 32.59716730057549], [73.88986515082667, 32.59724664637566], [73.88991198463313, 32.59732191027755], [73.89147661041667, 32.59959008805102], [73.89154179856405, 32.59967399852542], [73.89161605144417, 32.59975000492031], [73.89169841779196, 32.59981713350604], [73.89639229514259, 32.60321940016625], [73.89647461371665, 32.60327273826016], [73.8965620483832, 32.60331719586897], [73.89665364460267, 32.603352287641165], [73.89674840240306, 32.60337763047373], [73.89684528729684, 32.60339294769451], [73.89694324157466, 32.60339807208271], [73.90007249314175, 32.60339807208271], [73.90017044741957, 32.60339294769451], [73.90026733231335, 32.60337763047373], [73.90036209011375, 32.603352287641165], [73.90045368633321, 32.60331719586897], [73.90054112099976, 32.60327273826016], [73.90062343957382, 32.60321940016625], [73.90516713757674, 32.59992598811592], [73.90957204827062, 32.598861716535765], [73.9146564611095, 32.598861716535765], [73.91735106830544, 32.59925234336899], [73.91834566662843, 32.59925234336899], [73.9234071970628, 32.599986093953426], [73.92350788361183, 32.59999518965949], [73.92360896441902, 32.59999340543793], [73.92370926724057, 32.599980761980525], [73.93614325582851, 32.59772762764903], [73.93899283670298, 32.59772762764903], [73.94630813467528, 32.600909039416926], [73.94772298420672, 32.60398561877583], [73.9477676001381, 32.60407084015848], [73.94782070279176, 32.60415104847206], [73.94788173461262, 32.6042254015637], [73.94795005479274, 32.60429311875784], [73.94802494599955, 32.60435348905299], [73.95115419756664, 32.60662166682646], [73.95125677401022, 32.6066863442963], [73.9575152771444, 32.61008861095651], [73.9575995002921, 32.61012910241128], [73.95768733189519, 32.610161019585604], [73.95777790160032, 32.610184046201304], [73.95787031192137, 32.61019795407979], [73.95796364713289, 32.61020260540313], [73.9657867760506, 32.61020260540313], [73.96587740842132, 32.610198220192316], [73.96596719406762, 32.61018510552828], [73.96605529417555, 32.610163383933546], [73.96614088567813, 32.61013325834007], [73.96622316894477, 32.61009501019338], [73.9663013752518, 32.610048996823195], [73.96637477396413, 32.6099956481051], [73.9664426793612, 32.609935462444476], [73.9665044570432, 32.60986900212022], [73.96655952985796, 32.60979688803165], [73.96940891100763, 32.605666249856185], [73.98126816718707, 32.605666249856185], [73.98387337985247, 32.60661041898675], [73.98527400301178, 32.60965606320951], [73.98531861894317, 32.60974128459216], [73.98537172159682, 32.609821492905745], [73.98543275341768, 32.609895845997386], [73.9855010735978, 32.60996356319152], [73.98557596480461, 32.61002393348667], [73.9887052163717, 32.612292111260146], [73.98877853043392, 32.61234019500073], [73.98885601057077, 32.612381229452396], [73.98893698097369, 32.61241485669847], [73.98902073539087, 32.6124407834305], [73.9891065432873, 32.612458783506554], [73.98919365621687, 32.61246869992375], [73.9892813143505, 32.612470446187686], [73.98936875310365, 32.612464007066826], [73.99842884517484, 32.6113695015053], [74.00910088087367, 32.61799986123487], [74.00917678311227, 32.61804227750939], [74.0092562841894, 32.61807748928156], [74.0093387020994, 32.618105194484656], [74.00942332981428, 32.6181251554476], [74.0095094413491, 32.61813720093383], [74.00959629798984, 32.61814122761029], [74.01711498204213, 32.61814122761029], [74.01999773204258, 32.6202307334673], [74.020067945775, 32.62027697689527], [74.02014201520282, 32.62031675305282], [74.0202193462555, 32.62034974291703], [74.02029931870273, 32.62037568189416], [74.020381291129, 32.620394361941784], [74.0258684061387, 32.62138866936951], [74.0258684061387, 32.622872896573845], [74.02587385143832, 32.622973862786644], [74.02589012416703, 32.62307365770492], [74.02591703554725, 32.62317112362219], [74.02595427338393, 32.62326512985035], [74.02751889916748, 32.62666739651056], [74.02755611544002, 32.626739863161085], [74.027599474134, 32.62680883047245], [74.02764864874459, 32.62687377909873], [74.03203062184288, 32.63216742720831], [74.03078623495757, 32.636677276631296], [74.0221133042582, 32.636677276631296], [74.0220318057522, 32.636680820912446], [74.02195092263003, 32.63669142699353], [74.02187126562882, 32.63670901478951], [74.02179343622745, 32.6367334514974], [74.0191320603684, 32.63769797503297], [74.01640574755609, 32.63572185966102], [74.0163274087416, 32.63567082733019], [74.01624438231445, 32.63562784034333], [74.01615749178174, 32.635593325071774], [74.01606759897716, 32.63556762385919], [74.01597559551274, 32.63555099162598], [74.01588239393539, 32.63554359334088], [74.01578891867557, 32.635545502384595], [74.01569609687836, 32.63555669982207], [74.01560484920734, 32.63557707459024], [74.01551608071296, 32.63560642459964], [74.01543067185568, 32.635644458738845], [74.01534946977303, 32.6356907997619], [74.01527327987714, 32.635744988030076], [74.01520285786617, 32.635806486070834], [74.01513890222893, 32.63587468390884], [74.01508204731667, 32.63594890511604], [74.01357052992364, 32.63814009370002], [74.01347559555586, 32.63823184216588], [74.01340687147136, 32.63828165549588], [74.01337250942912, 32.63833146882588], [74.00894390704538, 32.642611451767046], [74.00888192861265, 32.642677418727075], [74.00882659128746, 32.6427490479556], [74.00877840951112, 32.64282567355425], [74.00873783120369, 32.64290658317607], [74.00870523359981, 32.642991024647884], [74.0086809197419, 32.64307821296276], [74.00866511566278, 32.64316733757789], [74.00865796828448, 32.643257569949704], [74.00865954405232, 32.6433480712364], [74.00866982831724, 32.64343800009625], [74.00868872547194, 32.64352652050905], [74.00871605983978, 32.64361280954818], [74.00875157730786, 32.64369606503089], [74.00879494768937, 32.64377551297577], [74.00884576779323, 32.64385041479806], [74.0089035651723, 32.643920074175824], [74.00896780251547, 32.64398384352334], [74.00903788264272, 32.6440411300113], [74.00911315405683, 32.644091401078086], [74.00919291700001, 32.64413418938063], [74.0092764299591, 32.64416909713913], [74.01240568152619, 32.64530318602586], [74.01248351092755, 32.64532762273375], [74.01256316792876, 32.64534521052973], [74.01264405105094, 32.64535581661082], [74.01272554955693, 32.645359360891966], [74.01741942690757, 32.645359360891966], [74.01750345789684, 32.64535559246789], [74.01758681425322, 32.64534431744999], [74.02273915457161, 32.64441067377027], [74.02273915457161, 32.65576147428921], [74.02274459987123, 32.655862440502005], [74.02276087259995, 32.65596223542028], [74.02278778398016, 32.656059701337554], [74.02282502181684, 32.656153707565714], [74.02461670551187, 32.66004970989762], [74.02461670551187, 32.66300115417392], [74.02462974339072, 32.66298892822981], [74.02469160939322, 32.6629399929427], [74.02774460534269, 32.66072708758605], [74.03070995798555, 32.65750301939714], [74.03087520864605, 32.65714368311449], [74.03087520864605, 32.65604298563273], [74.03033595376844, 32.65556407920072], [74.02997629529543, 32.65337015026762], [74.03116558872301, 32.65533556067477], [74.03212690927288, 32.65324517657721], [74.03212690927288, 32.652359207629], [74.03213108550368, 32.65227075625736], [74.03214357703934, 32.652183091854184], [74.03216427274033, 32.65209699438611], [74.03219298847313, 32.65201322987849], [74.03222946874845, 32.651932543599855], [74.03227338899445, 32.65185565343118], [74.03232435844446, 32.651783243478725], [74.0323819236137, 32.65171595798744], [74.03244557233407, 32.65165439560896], [74.03251473831094, 32.65159910407533], [74.03525616083996, 32.64961203671602], [74.03525616083996, 32.64782285208205], [74.03526091126999, 32.64772853025124], [74.03527511448341, 32.6476351630028], [74.03529862673687, 32.64754369525828], [74.03533121007504, 32.647455052715294], [74.03537253473883, 32.647370132479104], [74.03542218250274, 32.647289793983404], [74.03698680828629, 32.64502161620993], [74.03705199643366, 32.644937705735536], [74.03712624931379, 32.644861699340645], [74.03720861566157, 32.64479457075491], [74.04151466397414, 32.641673414508865], [74.04151466397414, 32.639884229874895], [74.04151941440416, 32.63978990804409], [74.04153361761759, 32.63969654079565], [74.04155712987105, 32.63960507305112], [74.04158971320922, 32.63951643050814], [74.041631037873, 32.63943151027195], [74.04168068563692, 32.63935117177625], [74.04324531142046, 32.637082994002775], [74.04330434141939, 32.637006217936595], [74.04337096712386, 32.636935931945], [74.04344447947918, 32.6368728840368], [74.0435240961404, 32.63681774519053], [74.04360896979837, 32.63677110221361], [74.04369819719707, 32.6367334514974], [74.04620854132477, 32.635823664183704], [74.04620854132477, 32.62854334100753], [74.04621326018302, 32.62844933234241], [74.04622736931805, 32.62835626876711], [74.0462507268876, 32.62826508587022], [74.0462830980729, 32.6281767003335], [74.0463241574393, 32.628092000716194], [74.04637349220793, 32.628011838522205], [74.04643060640551, 32.62793701963974], [74.04649492585044, 32.62786829623947], [74.05586281516635, 32.61881478386858], [74.05897336471804, 32.61543285090225], [74.05903399791421, 32.61537266965004], [74.06529250104839, 32.60970222521636], [74.0653615873798, 32.60964538285855], [74.06543577089096, 32.60959537504415], [74.06551437784606, 32.60955265594491], [74.07008654882634, 32.60734328918491], [74.07621319438017, 32.601792312787985], [74.07924663838851, 32.598494212525374], [74.08389024702319, 32.59064060837792], [74.08394467535496, 32.590558679580475], [74.08400737725475, 32.59048289539405], [74.08713662882184, 32.58708062873384], [74.08720351777116, 32.58701483033191], [74.08727664073498, 32.586956037531344], [74.09333596405837, 32.58256405363687], [74.09479780785988, 32.57938528560135], [74.09484242379126, 32.5793000642187], [74.09489552644492, 32.579219855905116], [74.09495655826578, 32.579145502813475], [74.0950248784459, 32.57907778561934], [74.0950997696527, 32.57901741532419], [74.09815276560218, 32.57680450996754], [74.10430302900686, 32.57011765987427], [74.10566432109945, 32.568144247125936], [74.10566432109945, 32.54121849672881], [74.10567030887636, 32.54111263595865], [74.10568819582353, 32.54100812560867], [74.10725282160708, 32.53420359228825], [74.1072802514116, 32.53410786749001], [74.10884487719514, 32.52957151194306], [74.10887943991177, 32.52948537458494], [74.11042465271973, 32.526125321289946], [74.11197412876223, 32.521632889735905], [74.11201025404681, 32.521543372262585], [74.11205538103003, 32.521458037805296], [74.11210903256202, 32.52137778864746], [74.11217064135855, 32.521303473303114], [74.11505207580072, 32.51817064485324], [74.11505207580072, 32.516268541220605], [74.11505717700747, 32.51617080814937], [74.11507242518887, 32.51607413722051], [74.11509765463092, 32.51597957903325], [74.11513259114535, 32.515888161225995], [74.11517685504953, 32.51580087730817], [74.11522996529268, 32.515718675862956], [74.12219625960797, 32.50607894207986], [74.12264466100001, 32.506655423], [74.116582457, 32.498861636], [74.115434658, 32.497504268], [74.114579633, 32.496490705], [74.113162352, 32.495517824], [74.112809122, 32.495278788], [74.111914307, 32.494750541], [74.111441356, 32.494471338], [74.109758182, 32.493921618], [74.109336622, 32.493830647], [74.107623371, 32.493461639], [74.107148556, 32.493359332], [74.106024117, 32.492904331], [74.10559117400001, 32.492729107], [74.10388252, 32.492259192], [74.102507008, 32.492236505], [74.101007787, 32.492212127], [74.099319674, 32.491792315], [74.098358779, 32.491520797], [74.096870222, 32.491100179], [74.09394919600001, 32.490660831], [74.092712484, 32.490639785], [74.092252325, 32.490632419], [74.089790188, 32.490331801], [74.089163541, 32.490023657], [74.088422353, 32.489659197], [74.08766687, 32.489232277], [74.086748113, 32.488713086], [74.08630662, 32.488369715], [74.084247819, 32.486771987], [74.081958016, 32.485870681], [74.081471574, 32.485690099], [74.078961534, 32.485332179], [74.07776178200001, 32.485171747], [74.07606874400001, 32.483841026], [74.075665204, 32.482819881], [74.075445778, 32.482266737], [74.074978946, 32.481046254], [74.07530988900001, 32.478382984], [74.075579527, 32.477674893], [74.076296921, 32.475790993], [74.07680065400001, 32.474647842], [74.077439123, 32.473198926], [74.07740794300001, 32.472746838], [74.077321971, 32.471500224], [74.07705806700001, 32.470933075], [74.076586937, 32.469920575], [74.075219043, 32.468983276], [74.073697523, 32.468309397], [74.07263617800001, 32.468289116], [74.071485545, 32.468314835], [74.070225385, 32.468579119], [74.069478371, 32.468782741], [74.068535124, 32.469218572], [74.067351583, 32.469764866], [74.066142494, 32.471606934], [74.065311719, 32.473270935], [74.064931898, 32.474031699], [74.064553925, 32.475589128], [74.064079648, 32.477543366], [74.063784041, 32.478368364], [74.062629019, 32.481591864], [74.061619776, 32.483639958], [74.059599674, 32.484194822], [74.057803364, 32.484228108], [74.05656392600001, 32.483410849], [74.053961082, 32.481550847], [74.049729737, 32.47795981], [74.04852904, 32.477164596], [74.046566197, 32.4758646], [74.046024246, 32.47551057], [74.044927743, 32.474851558], [74.042027556, 32.473111258], [74.039882325, 32.472096685], [74.038231318, 32.471337422], [74.037815376, 32.471146044], [74.037300943, 32.470811972], [74.034971224, 32.469186043], [74.034488455, 32.468767754], [74.033795647, 32.468165338], [74.032717429, 32.467228991], [74.03187852, 32.466289271], [74.031590026, 32.465966108], [74.030467094, 32.464708234], [74.02979142, 32.463734494], [74.02946674600001, 32.46326674], [74.028892784, 32.462439995], [74.02808185, 32.461271616], [74.02682138, 32.459680246], [74.025987868, 32.458627921], [74.024758135, 32.456730928], [74.023672274, 32.45505692], [74.022656217, 32.453719097], [74.021336295, 32.451982872], [74.020892102, 32.451336193], [74.019739618, 32.449652846], [74.019279745, 32.448981143], [74.018499718, 32.448043636], [74.017630775, 32.446999263], [74.016119527, 32.445758674], [74.015512348, 32.445260238], [74.01400175900001, 32.444151002], [74.012939752, 32.443369757], [74.012453895, 32.4429941], [74.01179294900001, 32.442469059], [74.010130929, 32.441148452], [74.008932084, 32.439559992], [74.008337194, 32.438606544], [74.007541607, 32.437331101], [74.007149942, 32.436650283], [74.006640421, 32.435742405], [74.00618258, 32.434988876], [74.005346495, 32.433636831], [74.004929307, 32.432962186], [74.003480104, 32.430782215], [74.002999603, 32.430059419], [74.00164898300001, 32.428468421], [74.000681665, 32.427766271], [73.999072483, 32.426598207], [73.997269181, 32.425355459], [73.996347768, 32.424720467], [73.995127851, 32.424177649], [73.9925315, 32.423022368], [73.991470179, 32.422550119], [73.98989142100001, 32.422027492], [73.987520796, 32.421242729], [73.98550022, 32.420573769], [73.983979208, 32.420070348], [73.982348206, 32.419476421], [73.980310611, 32.418734434], [73.978920965, 32.418217951], [73.978051188, 32.417847127], [73.97699895, 32.417398513], [73.974304973, 32.416249663], [73.972380806, 32.4154291], [73.971404801, 32.415103847], [73.970633355, 32.414846762], [73.969477407, 32.414461546], [73.968762896, 32.414277567], [73.967057251, 32.413831989], [73.964394279, 32.413136684], [73.96330986400001, 32.412793505], [73.962730504, 32.412610198], [73.96198137600001, 32.412373228], [73.961086506, 32.412310422], [73.959967289, 32.412231873], [73.95951916300001, 32.412200422], [73.958842176, 32.412188302], [73.956585612, 32.412148085], [73.95612908800001, 32.412139987], [73.95607845830368, 32.41213936001017], [73.95428344913373, 32.41344043786064], [73.95420855792692, 32.413500808155796], [73.9541402377468, 32.41356852534993], [73.95407920592594, 32.41364287844157], [73.95402610327228, 32.413723086755155], [73.9539814873409, 32.4138083081378], [73.95251964353939, 32.41698707617333], [73.9495895717831, 32.419110882294326], [73.94951934094595, 32.419167112149424], [73.94945481522187, 32.419229806631], [73.94939658723804, 32.41929838993063], [73.94934519178098, 32.419372232154885], [73.94161888514306, 32.431692814423585], [73.93863719129828, 32.4338540378219], [73.93855719395623, 32.433919008771525], [73.93848480030385, 32.43399235696937], [73.93842088277843, 32.43407319847464], [73.93836621166894, 32.4341605590425], [73.9353382314224, 32.43964749205704], [73.9323786881641, 32.44179266002906], [73.93229869082205, 32.44185763097868], [73.93222629716968, 32.441930979176526], [73.93216237964425, 32.4420118206818], [73.93210770853476, 32.44209918124966], [73.92907972828823, 32.4475861142642], [73.92612018502993, 32.449731282236215], [73.92604529382312, 32.44979165253137], [73.925976973643, 32.4498593697255], [73.92591594182214, 32.44993372281714], [73.92586283916849, 32.45001393113073], [73.9258182232371, 32.450099152513374], [73.92432728916894, 32.45334117710865], [73.91980795341821, 32.45770884849627], [73.91203855297803, 32.463340348877054], [73.91195618663025, 32.46340747746279], [73.91188193375012, 32.46348348385768], [73.91181674560275, 32.463567394332074], [73.9102521198192, 32.46583557210555], [73.91020247205529, 32.46591591060125], [73.9101611473915, 32.46600083083744], [73.91012856405334, 32.46608947338042], [73.91010505179987, 32.46618094112495], [73.91009084858645, 32.466274308373386], [73.91008609815643, 32.466368630204194], [73.91008609815643, 32.471560081498374], [73.90602655141049, 32.47450256582796], [73.89694324157466, 32.47450256582796], [73.89685122548767, 32.47450708628844], [73.8967600955659, 32.474520604135385], [73.8966707294403, 32.47454298918453], [73.89658398775553, 32.47457402585561], [73.89650070588144, 32.474613415248534], [73.89642168586796, 32.4746607780219], [73.89634768872108, 32.47471565804632], [73.89627942707372, 32.47477752679715], [73.89621755832289, 32.4748457884445], [73.89616267829848, 32.474919785591396], [73.89611531552511, 32.474998805604855], [73.89607592613218, 32.47508208747896], [73.8960448894611, 32.47516882916373], [73.89602250441196, 32.47525819528932], [73.89600898656502, 32.47534932521109], [73.89600446610453, 32.47544134129809], [73.89600446610453, 32.479772181228896], [73.89452570756622, 32.482987730228736], [73.89449071846381, 32.48307510662165], [73.89446465455565, 32.48316554745322], [73.89444777783758, 32.483258143607095], [73.89444025795537, 32.48335196430149], [73.89444217049927, 32.48344606644546], [73.89445349624431, 32.48353950411894], [73.8947527654777, 32.48527486047215], [73.8947527654777, 32.4908395925729], [73.89584952044301, 32.49163455430157], [73.89601812202785, 32.49261221521283], [73.89603867165171, 32.492703777442195], [73.8960682597233, 32.4927928306561], [73.89610659059909, 32.4928784850363], [73.89615328127763, 32.49295988472564], [73.89620786522642, 32.49303621637977], [73.89626979704353, 32.49310671729407], [73.89633845790728, 32.49317068302455], [73.89641316175944, 32.4932274744267], [73.89649316216037, 32.493276524041775], [73.89657765974736, 32.49331734176682], [73.89666581022195, 32.493349519751796], [73.89675673278603, 32.49337273647481], [73.89684951894286, 32.49338675995477], [73.89694324157466, 32.49339145006926], [73.89985756430113, 32.49339145006926], [73.904357922141, 32.49556611524744], [73.90443556980934, 32.495599413862436], [73.90451589675044, 32.49562559669445], [73.90459825236775, 32.49564445167939], [73.90468196963373, 32.49565582610399], [73.90476637049238, 32.495659627842734], [73.91097709561444, 32.495659627842734], [73.91421062424956, 32.49605025467596], [73.91631347526408, 32.49605025467596], [73.92333045620447, 32.496776843759854], [73.92598222586133, 32.49773788586003], [73.92736343604506, 32.50074131671758], [73.92886160755896, 32.505084999870995], [73.92886160755896, 32.50832991901345], [73.92886566025925, 32.50841705526797], [73.92887778336903, 32.508503439186846], [73.92889787221722, 32.50858832493011], [73.92892575335641, 32.50867097959307], [73.92896118606045, 32.5087506895342], [73.92900386440289, 32.508826766536764], [73.92905341989831, 32.50889855375084], [73.92910942468387, 32.50896543136462], [73.93213853362226, 32.5122588183392], [73.93355548490959, 32.515339967950005], [73.93355548490959, 32.51692363696784], [73.93121700113534, 32.51861864192563], [73.92855562527629, 32.517654118390055], [73.92847779587493, 32.517629681682166], [73.92839813887372, 32.517612093886186], [73.92831725575154, 32.5176014878051], [73.92823575724555, 32.51759794352395], [73.91289394427554, 32.51759794352395], [73.91001119427509, 32.51550843766694], [73.90992887570103, 32.51545509957303], [73.90984144103447, 32.51541064196422], [73.90974984481501, 32.515375550192026], [73.90965508701461, 32.51535020735946], [73.90955820212083, 32.51533489013868], [73.90946024784301, 32.51532976575048], [73.904981299333, 32.51532976575048], [73.90048094149313, 32.5131551005723], [73.90039343991994, 32.51311815454393], [73.90030265293385, 32.51309023936031], [73.90020950988747, 32.51307164077878], [73.90011496425159, 32.51306254918613], [73.90001998385473, 32.513063057649596], [73.89992554097594, 32.51307316096424], [73.89983260239187, 32.51309275570618], [73.89974211948025, 32.51312164129133], [73.89965501848107, 32.51315952202867], [73.89957219101485, 32.51320601014719], [73.89949448495562, 32.51326062976527], [73.89942269575141, 32.513322821762195], [73.89935755828165, 32.513391949501596], [73.8992997393344, 32.513467305348485], [73.89775657715208, 32.515704368165416], [73.89772286062906, 32.51575324571104]], [[74.07433758762667, 32.56717552624338], [74.07435399280901, 32.568214642933185], [74.07379918949738, 32.567028119672464], [74.07433758762667, 32.56717552624338]], [[74.05883085248573, 32.56292997907504], [74.05808117105595, 32.56284112372003], [74.05792132049986, 32.562680960767054], [74.05883085248573, 32.56292997907504]], [[74.05630087769626, 32.55539471657995], [74.05503885081004, 32.556535973926316], [74.05600444867132, 32.55509907785887], [74.05630087769626, 32.55539471657995]], [[74.05276451416844, 32.50580186284822], [74.05231396068868, 32.50616301104639], [74.0527082182639, 32.50574063706608], [74.05276451416844, 32.50580186284822]], [[74.03686298988906, 32.63521948462333], [74.04490668884445, 32.635918438135405], [74.03570077572421, 32.63612495835564], [74.03686298988906, 32.63521948462333]], [[74.04459541475845, 32.49691738883784], [74.04264724014656, 32.495676709856866], [74.04164422896825, 32.49370776533629], [74.04459541475845, 32.49691738883784]], [[74.02871849811785, 32.645697544651945], [74.03098602285748, 32.643918654554334], [74.02918963535063, 32.6485714978158], [74.02871849811785, 32.645697544651945]], [[74.0308587887685, 32.49173576220964], [74.02929821795101, 32.49251626395492], [74.02866710948295, 32.49235236641138], [74.0308587887685, 32.49173576220964]], [[74.02538256886059, 32.491499378110774], [74.02534264394325, 32.491489009693595], [74.0253680824876, 32.49124818251553], [74.02538256886059, 32.491499378110774]], [[73.99790492998194, 32.480519561027826], [73.99830577177866, 32.4821065209048], [73.99674771948094, 32.48332038963213], [73.99790492998194, 32.480519561027826]], [[73.97564887589334, 32.485763039880084], [73.97531940884787, 32.48899441725643], [73.97375096640032, 32.490216380884014], [73.97564887589334, 32.485763039880084]], [[73.95199710109286, 32.48707958963641], [73.95091850050594, 32.48623925871578], [73.94973040000501, 32.48207083105415], [73.95199710109286, 32.48707958963641]], [[73.91292511592995, 32.4726651307249], [73.91469348756144, 32.47282740609566], [73.91169129378736, 32.473142347939316], [73.91292511592995, 32.4726651307249]]]}}, {"type": "Feature", "properties": {"na": "NA-65", "src": "sheet-split: gujrat_na62_65.jpg, outline-fit", "approx": false, "rms_km": 2.349}, "geometry": {"type": "Polygon", "coordinates": [[[73.89949448495562, 32.51326062976527], [73.89957219101485, 32.51320601014719], [73.89965501848107, 32.51315952202867], [73.89974211948025, 32.51312164129133], [73.89983260239187, 32.51309275570618], [73.89992554097594, 32.51307316096424], [73.90001998385473, 32.513063057649596], [73.90011496425159, 32.51306254918613], [73.90020950988747, 32.51307164077878], [73.90030265293385, 32.51309023936031], [73.90039343991994, 32.51311815454393], [73.90048094149313, 32.5131551005723], [73.904981299333, 32.51532976575048], [73.90946024784301, 32.51532976575048], [73.90955820212083, 32.51533489013868], [73.90965508701461, 32.51535020735946], [73.90974984481501, 32.515375550192026], [73.90984144103447, 32.51541064196422], [73.90992887570103, 32.51545509957303], [73.91001119427509, 32.51550843766694], [73.91289394427554, 32.51759794352395], [73.92823575724555, 32.51759794352395], [73.92831725575154, 32.5176014878051], [73.92839813887372, 32.517612093886186], [73.92847779587493, 32.517629681682166], [73.92855562527629, 32.517654118390055], [73.93121700113534, 32.51861864192563], [73.93355548490959, 32.51692363696784], [73.93355548490959, 32.515339967950005], [73.93213853362226, 32.5122588183392], [73.92910942468387, 32.50896543136462], [73.92905341989831, 32.50889855375084], [73.92900386440289, 32.508826766536764], [73.92896118606045, 32.5087506895342], [73.92892575335641, 32.50867097959307], [73.92889787221722, 32.50858832493011], [73.92887778336903, 32.508503439186846], [73.92886566025925, 32.50841705526797], [73.92886160755896, 32.50832991901345], [73.92886160755896, 32.505084999870995], [73.92736343604506, 32.50074131671758], [73.92598222586133, 32.49773788586003], [73.92333045620447, 32.496776843759854], [73.91631347526408, 32.49605025467596], [73.91421062424956, 32.49605025467596], [73.91097709561444, 32.495659627842734], [73.90476637049238, 32.495659627842734], [73.90468196963373, 32.49565582610399], [73.90459825236775, 32.49564445167939], [73.90451589675044, 32.49562559669445], [73.90443556980934, 32.495599413862436], [73.904357922141, 32.49556611524744], [73.89985756430113, 32.49339145006926], [73.89694324157466, 32.49339145006926], [73.89684951894286, 32.49338675995477], [73.89675673278603, 32.49337273647481], [73.89666581022195, 32.493349519751796], [73.89657765974736, 32.49331734176682], [73.89649316216037, 32.493276524041775], [73.89641316175944, 32.4932274744267], [73.89633845790728, 32.49317068302455], [73.89626979704353, 32.49310671729407], [73.89620786522642, 32.49303621637977], [73.89615328127763, 32.49295988472564], [73.89610659059909, 32.4928784850363], [73.8960682597233, 32.4927928306561], [73.89603867165171, 32.492703777442195], [73.89601812202785, 32.49261221521283], [73.89584952044301, 32.49163455430157], [73.8947527654777, 32.4908395925729], [73.8947527654777, 32.48527486047215], [73.89445349624431, 32.48353950411894], [73.89444217049927, 32.48344606644546], [73.89444025795537, 32.48335196430149], [73.89444777783758, 32.483258143607095], [73.89446465455565, 32.48316554745322], [73.89449071846381, 32.48307510662165], [73.89452570756622, 32.482987730228736], [73.89600446610453, 32.479772181228896], [73.89600446610453, 32.47544134129809], [73.89600898656502, 32.47534932521109], [73.89602250441196, 32.47525819528932], [73.8960448894611, 32.47516882916373], [73.89607592613218, 32.47508208747896], [73.89611531552511, 32.474998805604855], [73.89616267829848, 32.474919785591396], [73.89621755832289, 32.4748457884445], [73.89627942707372, 32.47477752679715], [73.89634768872108, 32.47471565804632], [73.89642168586796, 32.4746607780219], [73.89650070588144, 32.474613415248534], [73.89658398775553, 32.47457402585561], [73.8966707294403, 32.47454298918453], [73.8967600955659, 32.474520604135385], [73.89685122548767, 32.47450708628844], [73.89694324157466, 32.47450256582796], [73.90602655141049, 32.47450256582796], [73.91008609815643, 32.471560081498374], [73.91008609815643, 32.466368630204194], [73.91009084858645, 32.466274308373386], [73.91010505179987, 32.46618094112495], [73.91012856405334, 32.46608947338042], [73.9101611473915, 32.46600083083744], [73.91020247205529, 32.46591591060125], [73.9102521198192, 32.46583557210555], [73.91181674560275, 32.463567394332074], [73.91188193375012, 32.46348348385768], [73.91195618663025, 32.46340747746279], [73.91203855297803, 32.463340348877054], [73.91980795341821, 32.45770884849627], [73.92432728916894, 32.45334117710865], [73.9258182232371, 32.450099152513374], [73.92586283916849, 32.45001393113073], [73.92591594182214, 32.44993372281714], [73.925976973643, 32.4498593697255], [73.92604529382312, 32.44979165253137], [73.92612018502993, 32.449731282236215], [73.92907972828823, 32.4475861142642], [73.93210770853476, 32.44209918124966], [73.93216237964425, 32.4420118206818], [73.93222629716968, 32.441930979176526], [73.93229869082205, 32.44185763097868], [73.9323786881641, 32.44179266002906], [73.9353382314224, 32.43964749205704], [73.93836621166894, 32.4341605590425], [73.93842088277843, 32.43407319847464], [73.93848480030385, 32.43399235696937], [73.93855719395623, 32.433919008771525], [73.93863719129828, 32.4338540378219], [73.94161888514306, 32.431692814423585], [73.94934519178098, 32.419372232154885], [73.94939658723804, 32.41929838993063], [73.94945481522187, 32.419229806631], [73.94951934094595, 32.419167112149424], [73.9495895717831, 32.419110882294326], [73.95251964353939, 32.41698707617333], [73.9539814873409, 32.4138083081378], [73.95402610327228, 32.413723086755155], [73.95407920592594, 32.41364287844157], [73.9541402377468, 32.41356852534993], [73.95420855792692, 32.413500808155796], [73.95428344913373, 32.41344043786064], [73.95607845830368, 32.41213936001017], [73.952631141, 32.412096669], [73.952222809, 32.412226638], [73.949939588, 32.412956585], [73.948942337, 32.413688196], [73.948305366, 32.414156027], [73.946061928, 32.41431162], [73.944834572, 32.413990837], [73.940895389, 32.412961053], [73.940007365, 32.412651273], [73.937273908, 32.411628636], [73.936198591, 32.411229447], [73.935203609, 32.410786812], [73.934150355, 32.410318254], [73.93114009, 32.409032804], [73.929974903, 32.408535244], [73.928403581, 32.407865139], [73.926183522, 32.407137429], [73.924417802, 32.406557609], [73.922437969, 32.40577333], [73.920461269, 32.404990293], [73.91967172400001, 32.404677529], [73.917858065, 32.403959025], [73.915866518, 32.402781324], [73.914865637, 32.402189393], [73.91421087, 32.401802157], [73.913438776, 32.401420905], [73.912292213, 32.400855153], [73.911468999, 32.400450772], [73.909526845, 32.400750971], [73.90839818100001, 32.40130997], [73.907447655, 32.401780298], [73.90669505400001, 32.401621295], [73.90560106, 32.40139012], [73.904809916, 32.401053559], [73.903424708, 32.400464276], [73.90282698, 32.400230136], [73.901620859, 32.399832291], [73.89708096800001, 32.398323297], [73.896709221, 32.398703133], [73.896171857, 32.399069684], [73.894322579, 32.400331727], [73.89298812700001, 32.401515091], [73.891110999, 32.403179691], [73.88962600100001, 32.403555156], [73.888622521, 32.403808796], [73.886786099, 32.405574746], [73.88627627400001, 32.406439148], [73.885758669, 32.407320861], [73.885555175, 32.408063111], [73.885221705, 32.409279454], [73.885307256, 32.411542538], [73.88548140200001, 32.413628838], [73.885326747, 32.414840845], [73.885178818, 32.416000145], [73.884358168, 32.417804134], [73.883795936, 32.419040055], [73.883499582, 32.419691515], [73.88301924800001, 32.420927554], [73.882062425, 32.423389743], [73.881726739, 32.424220575], [73.881393399, 32.425045606], [73.881149653, 32.42564889], [73.881190122, 32.427221482], [73.881210175, 32.428000725], [73.881330771, 32.42965376], [73.88139172800001, 32.430489319], [73.88165054800001, 32.431343656], [73.881780217, 32.431771677], [73.881909928, 32.432199839], [73.882042559, 32.432637637], [73.882179641, 32.433090128], [73.88254874200001, 32.433793072], [73.883109094, 32.434860253], [73.883527524, 32.435570232], [73.884282434, 32.436850772], [73.885344022, 32.438367597], [73.885107169, 32.439702586], [73.884919362, 32.440197315], [73.884244316, 32.441280535], [73.883798297, 32.441727175], [73.88267260100001, 32.442719278], [73.881550457, 32.443349303], [73.8799996, 32.444220029], [73.878893896, 32.444761001], [73.877721859, 32.44531812], [73.87575962800001, 32.445814021], [73.87391326, 32.446280741], [73.872257912, 32.447186928], [73.87107796100001, 32.447914015], [73.870548809, 32.448240161], [73.869819829, 32.448689278], [73.869310823, 32.449175362], [73.867693589, 32.450720315], [73.866847566, 32.452102444], [73.866295051, 32.45300371], [73.864379954, 32.456141235], [73.86345818400001, 32.457153609], [73.862622572, 32.458071357], [73.861139046, 32.460452341], [73.860640746, 32.461252086], [73.860029283, 32.462170353], [73.858290824, 32.464783289], [73.856577755, 32.465900536], [73.856050108, 32.466246864], [73.851080935, 32.468360474], [73.849030696, 32.469181686], [73.848405135, 32.469434111], [73.84725512, 32.46990011], [73.84447087400001, 32.471033453], [73.841567251, 32.472705448], [73.840558416, 32.47328666], [73.83992884300001, 32.473649063], [73.83892093700001, 32.474074723], [73.838086602, 32.474426884], [73.83708097, 32.474851781], [73.836248537, 32.475083129], [73.835417906, 32.475313976], [73.834168749, 32.475661139], [73.833417575, 32.475753436], [73.832476651, 32.475869297], [73.83134731, 32.476007803], [73.830114165, 32.476228273], [73.829294399, 32.476374836], [73.827657654, 32.476667463], [73.826660035, 32.477004629], [73.824606736, 32.477698587], [73.823950872, 32.477920291], [73.823330129, 32.478226128], [73.820762379, 32.479491247], [73.82006919, 32.479832778], [73.819542891, 32.480220783], [73.81796443600001, 32.481384469], [73.817587591, 32.481662308], [73.816972409, 32.482308137], [73.815539083, 32.483848215], [73.815059133, 32.486030242], [73.81507273400001, 32.487409407], [73.815090009, 32.48930504], [73.813408956, 32.490881462], [73.812515536, 32.491067673], [73.811579328, 32.491262882], [73.808606834, 32.491691462], [73.80695352, 32.491921287], [73.805317945, 32.492148998], [73.804693525, 32.492243153], [73.803919651, 32.492365208], [73.803199897, 32.492478728], [73.801797941, 32.493039305], [73.800935315, 32.493572097], [73.798892167, 32.494949461], [73.798392219, 32.49531962], [73.796493413, 32.497010071], [73.79515073600001, 32.498201297], [73.79445277900001, 32.500418263], [73.794114123, 32.502224464], [73.792259618, 32.502981572], [73.791599392, 32.503139592], [73.79021221500001, 32.503472618], [73.789182306, 32.504484197], [73.788689337, 32.504968395], [73.788223638, 32.505963385], [73.787913233, 32.506626579], [73.787090876, 32.508383487], [73.786766994, 32.509377429], [73.786348232, 32.510749927], [73.786351091, 32.511993305], [73.786356856, 32.514501158], [73.786360858, 32.516241512], [73.786442652, 32.520070482], [73.786499524, 32.52273282], [73.786507303, 32.523476627], [73.78652096200001, 32.524782071], [73.786853112, 32.527383869], [73.78718502400001, 32.529983788], [73.787350891, 32.531283051], [73.787572393, 32.533018122], [73.787513001, 32.534582298], [73.78738289, 32.538147298], [73.78749118, 32.538793042], [73.788247456, 32.542092403], [73.787129876, 32.543804165], [73.786991303, 32.544246086], [73.787380919, 32.54588324], [73.788515736, 32.547785547], [73.791008479, 32.550393216], [73.793583787, 32.552961318], [73.794541197, 32.553976044], [73.795168019, 32.554640884], [73.795858732, 32.555635818], [73.796197949, 32.556124441], [73.796682143, 32.556821891], [73.796946937, 32.557459096], [73.797720915, 32.559312132], [73.79788558700001, 32.559707143], [73.797974507, 32.56012832], [73.798225231, 32.561324882], [73.79832009200001, 32.561760346], [73.798327652, 32.563511121], [73.798016415, 32.564323366], [73.797580539, 32.565456086], [73.796987691, 32.56657003], [73.79654020800001, 32.567410214], [73.795260024, 32.568399857], [73.794355839, 32.568804526], [73.79322190100001, 32.56926948], [73.789775157, 32.570000091], [73.786295456, 32.570340328], [73.784757692, 32.570733632], [73.784225809, 32.570870156], [73.781535599, 32.571197432], [73.779304664, 32.571479306], [73.777277618, 32.571737712], [73.775400886, 32.572004728], [73.774692086, 32.572105575], [73.773895633, 32.572218214], [73.77251785, 32.57239351], [73.770786985, 32.572608798], [73.767871778, 32.572872274], [73.766549089, 32.572990232], [73.764951634, 32.573265989], [73.763736338, 32.573476795], [73.762854015, 32.573722737], [73.760312157, 32.57443421], [73.759837062, 32.57456719], [73.758971028, 32.574808064], [73.757678776, 32.575372502], [73.754521767, 32.576751439], [73.754117499, 32.576928018], [73.75334003, 32.577320963], [73.749456534, 32.57928375], [73.74775190000001, 32.580145034], [73.747082721, 32.58048345], [73.746505756, 32.580786554], [73.745592486, 32.581304679], [73.744134058, 32.582132088], [73.742672903, 32.582961044], [73.741377459, 32.5840373], [73.740776518, 32.584536562], [73.739827411, 32.585325081], [73.739192685, 32.585850883], [73.738566685, 32.586393844], [73.737311475, 32.587479457], [73.736398406, 32.588269158], [73.735112035, 32.589403717], [73.734205551, 32.590203223], [73.73271283000001, 32.591803455], [73.732139024, 32.593274484], [73.731891281, 32.593934626], [73.731999379, 32.59618495], [73.732469639, 32.598430195], [73.73251672500001, 32.598906579], [73.73263644900001, 32.601020558], [73.732623981, 32.601505846], [73.73258546000001, 32.602946769], [73.732001144, 32.604601429], [73.73094447000001, 32.60600268], [73.73058357900001, 32.606482448], [73.729024409, 32.608804796], [73.729019258, 32.610578346], [73.729444441, 32.611279571], [73.729826492, 32.611913411], [73.729779227, 32.614002456], [73.72866441, 32.615862738], [73.727509216, 32.617138979], [73.726430417, 32.617845213], [73.725880971, 32.618186881], [73.72331620300001, 32.61957777], [73.72010842600001, 32.621102809], [73.719061417, 32.621600577], [73.717745559, 32.621980894], [73.716909591, 32.622222575], [73.716358125, 32.622382025], [73.71218917, 32.623321599], [73.711313913, 32.623522149], [73.710510133, 32.623701521], [73.708808419, 32.624145167], [73.702853735, 32.625697584], [73.7008898, 32.626209592], [73.699522019, 32.626543756], [73.697710823, 32.626986159], [73.69630210400001, 32.627330416], [73.694030397, 32.628669892], [73.692537701, 32.630009843], [73.69024381, 32.632391575], [73.688330812, 32.6344886], [73.687676064, 32.635138516], [73.68593293, 32.636868783], [73.685148262, 32.63756051], [73.684792742, 32.637874051], [73.68436048400001, 32.638134262], [73.68350012, 32.638650735], [73.682760091, 32.638938441], [73.68138062700001, 32.639412897], [73.679498327, 32.640014334], [73.678777456, 32.640249768], [73.678111982, 32.64072263], [73.677262377, 32.641327323], [73.676829794, 32.641634833], [73.676495441, 32.642015163], [73.675211022, 32.643474352], [73.674640623, 32.644258758], [73.67400167000001, 32.645203932], [73.673467846, 32.64688737], [73.673262737, 32.647615253], [73.673171728, 32.648353308], [73.673048268, 32.649358974], [73.672974646, 32.650367836], [73.672851953, 32.652391873], [73.672802902, 32.653201048], [73.672616335, 32.653839743], [73.672479099, 32.654309834], [73.672231252, 32.655159292], [73.670689717, 32.659694074], [73.67054892, 32.66010607], [73.670328128, 32.66074879], [73.669589568, 32.662242802], [73.66938158100001, 32.662663531], [73.66786702, 32.665727294], [73.66750426, 32.666460937], [73.666960843, 32.667560374], [73.6663464, 32.668586959], [73.665499751, 32.670001978], [73.664447056, 32.671760303], [73.663056356, 32.673600545], [73.662360586, 32.674521226], [73.661826114, 32.675267154], [73.661311553, 32.675991093], [73.660664493, 32.677409967], [73.661348539, 32.678985526], [73.662347954, 32.680370184], [73.663490365, 32.682457112], [73.664312779, 32.68447207], [73.664812656, 32.68543755], [73.665100054, 32.686039507], [73.66544172200001, 32.687460954], [73.66528338, 32.688382037], [73.665134811, 32.68908059], [73.664883269, 32.689744038], [73.66464153000001, 32.690341499], [73.664340846, 32.690822879], [73.663888059, 32.691474066], [73.66340319400001, 32.692171524], [73.662656862, 32.69258087], [73.661642746, 32.693137092], [73.66021865, 32.69391818], [73.658266054, 32.694875631], [73.657479177, 32.695261477], [73.656485825, 32.695664318], [73.655802252, 32.695941531], [73.655371296, 32.696098449], [73.65348140600001, 32.696786595], [73.652173978, 32.697262655], [73.651564572, 32.697484577], [73.65065090200001, 32.697817301], [73.650203772, 32.697990901], [73.648632359, 32.69868093], [73.646061422, 32.699809616], [73.642351601, 32.701338357], [73.640601066, 32.699290642], [73.640148948, 32.698228035], [73.639864856, 32.697560756], [73.639407905, 32.696896854], [73.638776671, 32.696062883], [73.637234449, 32.695248471], [73.636433628, 32.695113434], [73.635504051, 32.694999721], [73.634111912, 32.695082184], [73.632307974, 32.695414928], [73.631790091, 32.695510455], [73.63047015100001, 32.696140167], [73.630041561, 32.696514785], [73.62807437500001, 32.698234365], [73.62699521200001, 32.699165586], [73.625471518, 32.700480734], [73.624257668, 32.702078527], [73.623540338, 32.703041403], [73.622552529, 32.704510952], [73.620814822, 32.707096113], [73.62007071500001, 32.708203112], [73.619348037, 32.709717132], [73.618807005, 32.710850601], [73.61790461000001, 32.712741131], [73.617543049, 32.713498606], [73.61598524, 32.716860597], [73.61527127100001, 32.718401453], [73.614184823, 32.719681104], [73.61364360200001, 32.72031857], [73.613302706, 32.720708945], [73.611441293, 32.722599474], [73.60949821, 32.724383333], [73.608522197, 32.725279368], [73.607031422, 32.725950147], [73.606287327, 32.726284955], [73.60631989997268, 32.72627029868349], [73.60888723070354, 32.72627029868349], [73.61186148093887, 32.725192384662854], [73.61194890733415, 32.725165441277056], [73.61203854112752, 32.72514713543875], [73.61212953110545, 32.7251376409906], [73.61222101317531, 32.72513704809729], [73.61231211857131, 32.72514536238926], [73.61240198210471, 32.72516250490928], [73.61248975038028, 32.7251883128622], [73.61257458990049, 32.725222541161024], [73.61265569498096, 32.725264864754344], [73.61273229540168, 32.72531488171321], [73.61717967118568, 32.72853847645696], [73.62000447788733, 32.72853847645696], [73.62008887874599, 32.728542278195704], [73.62017259601197, 32.728553652620306], [73.62025495162928, 32.72857250760524], [73.62033527857038, 32.72859869043726], [73.62041292623871, 32.72863198905225], [73.62980068093998, 32.7331683445992], [73.62988452821344, 32.733214267495626], [73.62996327026782, 32.73326847973182], [73.6300360905299, 32.733330419114395], [73.63010223383675, 32.733399443317694], [73.63016101426706, 32.73347483654481], [73.63021182225421, 32.73355581695061], [73.63025413090767, 32.73364154474963], [73.63028750147696, 32.73373113092484], [73.63031158790157, 32.73382364644695], [73.63032614039976, 32.73391813190869], [73.63033100805873, 32.73401360747403], [73.63033100805873, 32.734719418390895], [73.63033100805873, 32.74140696369563], [73.63033100805873, 32.74288080295179], [73.63180976659704, 32.74609635195163], [73.63184467514519, 32.74618349383068], [73.63187070621065, 32.74627368638829], [73.63188759950286, 32.74636602776849], [73.63189518610191, 32.74645959462872], [73.6318933901477, 32.74655345137257], [73.63188222959835, 32.746646659505025], [73.63186181605077, 32.74673828701669], [73.63036608960327, 32.75215902966182], [73.63180145097762, 32.75736099999943], [73.63477706828445, 32.76059622840454], [73.63483941845166, 32.76067153930229], [73.63489359763507, 32.760752926590946], [73.63493901816413, 32.760839507479204], [73.63640086196564, 32.76401827551473], [73.63918075437422, 32.76603322702585], [73.64369433854766, 32.767123755232724], [73.64378215000764, 32.76714956131784], [73.64386703119564, 32.767183795663954], [73.64394817531061, 32.76722613287144], [73.64402481107257, 32.767276170522464], [73.65028331420675, 32.77181252606941], [73.65035643717057, 32.77187131886998], [73.65042332611989, 32.771937117271904], [73.65656058290469, 32.77860982596802], [73.66009129494132, 32.78031593841362], [73.66159772443888, 32.78031593841362], [73.66349413179583, 32.77962865122621], [73.66357196119719, 32.77960421451832], [73.6636516181984, 32.77958662672234], [73.66373250132058, 32.77957602064126], [73.66381399982657, 32.77957247636011], [73.66694325139366, 32.77957247636011], [73.66704120567148, 32.77957760074831], [73.66713809056526, 32.77959291796909], [73.66723284836566, 32.779618260801655], [73.66732444458512, 32.77965335257385], [73.66741187925167, 32.77969781018266], [73.66749419782573, 32.77975114827657], [73.67022051063805, 32.78172726364852], [73.6728818864971, 32.78076274011295], [73.67296931289238, 32.78073579672715], [73.67305894668574, 32.78071749088885], [73.67314993666368, 32.7807079964407], [73.67324141873354, 32.78070740354738], [73.67333252412953, 32.78071571783936], [73.67342238766294, 32.78073286035937], [73.6735101559385, 32.780758668312295], [73.67359499545871, 32.78079289661112], [73.67367610053918, 32.78083522020444], [73.67375270095991, 32.780885237163304], [73.67663545096036, 32.78297474302032], [73.68102488344556, 32.78297474302032], [73.68110638195155, 32.78297828730147], [73.68118726507373, 32.78298889338255], [73.68126692207494, 32.78300648117853], [73.6813447514763, 32.78303091788642], [73.68760325461048, 32.785299095659894], [73.68769248200918, 32.7853367463761], [73.68777735566715, 32.78538338935302], [73.68785697232838, 32.78543852819929], [73.68793048468369, 32.78550157610749], [73.68799711038817, 32.78557186209909], [73.68805614038709, 32.78564863816527], [73.69098173812922, 32.78988976460114], [73.69532698940462, 32.79093962185419], [73.6954127906188, 32.79096473158487], [73.69549581427854, 32.790997889070525], [73.69557530745706, 32.79103879361184], [73.69565054924492, 32.79108707425281], [73.69572085728772, 32.79114229314492], [73.69578559397442, 32.79120394951789], [73.69584417221951, 32.79127148422107], [73.69589606078733, 32.79134428479428], [73.69594078910976, 32.791421691022094], [73.69597795155356, 32.79150300092125], [73.6960072110992, 32.79158747710677], [73.69602830239707, 32.7916743534792], [73.69604103417393, 32.7917628421722], [73.69604529096759, 32.7918521406976], [73.69604529096759, 32.79382793558652], [73.69727336356792, 32.79560822516475], [73.70012026087883, 32.79663998452726], [73.70020098513166, 32.79667357087601], [73.70027823462112, 32.79671452162929], [73.70035133928016, 32.796762481577616], [73.70958891463371, 32.80345816028816], [73.71399382532759, 32.804522431868314], [73.71701127646708, 32.804522431868314], [73.71709277497307, 32.80452597614946], [73.71717365809525, 32.80453658223055], [73.71725331509646, 32.80455417002653], [73.71733114449782, 32.80457860673442], [73.72046039606491, 32.80571269562115], [73.72054112031773, 32.8057462819699], [73.7206183698072, 32.80578723272318], [73.72069147446624, 32.80583519267151], [73.72382072603332, 32.80810337044498], [73.72388989201019, 32.80815866197861], [73.72395354073056, 32.80822022435709], [73.7240111058998, 32.80828750984838], [73.7240620753498, 32.80835991980083], [73.7241059955958, 32.80843680996951], [73.72414247587113, 32.80851749624814], [73.72417119160393, 32.808601260755765], [73.72419188730493, 32.808687358223835], [73.72420437884058, 32.80877502262701], [73.72420855507139, 32.80886347399865], [73.72420855507139, 32.809569774805524], [73.72420855507139, 32.81054265383426], [73.72837210530327, 32.81255456667076], [73.72845109019667, 32.81259751525856], [73.72852560439847, 32.8126478225971], [73.72859496447144, 32.81270502727224], [73.72865853425157, 32.81276860460811], [73.72871573068282, 32.8128379714794], [73.72876602916496, 32.812912491659716], [73.72880896836504, 32.812991481657036], [73.72884415444882, 32.81307421698256], [73.72887126469283, 32.81315993879571], [73.7288900504445, 32.813247860864124], [73.72890033940268, 32.813337176774915], [73.72890203719803, 32.81342706733099], [73.72889512825853, 32.813516708064675], [73.7288796759523, 32.813605276799635], [73.72885582200645, 32.81369196119182], [73.72882378520711, 32.813775966180174], [73.72878385939278, 32.8138565212789], [73.72873641075924, 32.81393288764424], [73.72794761561848, 32.81507637359784], [73.73600725977677, 32.817023666249135], [73.73609579692226, 32.81704972496786], [73.7361813474323, 32.81708435144883], [73.73626308444912, 32.81712721102222], [73.73634021797295, 32.817177889444196], [73.73641200249737, 32.81723589690067], [73.73647774421482, 32.81730067274137], [73.73932806803022, 32.820399676282626], [73.74029180364663, 32.820399676282626], [73.74204528900378, 32.820399676282626], [73.74214383161383, 32.8204048625833], [73.74224128541911, 32.820420364181494], [73.74233657364513, 32.82044600979888], [73.74242864344507, 32.820481516075084], [73.74251647753272, 32.82052649069856], [73.74259910542257, 32.820580436741295], [73.74267561415283, 32.82064275814937], [73.74879727142499, 32.82618921497133], [73.75472716197112, 32.82833829848978], [73.75769154683923, 32.82833829848978], [73.75778844024957, 32.828343312186036], [73.75788429870715, 32.82835829972174], [73.75797809831394, 32.82838310100973], [73.75806883716317, 32.82841745113868], [73.75815554604112, 32.82846098320273], [73.75823729877965, 32.82851323222052], [73.75831322214887, 32.82857364010183], [73.75838250518444, 32.828641561608734], [73.76140618351563, 32.83192904417664], [73.76750795551503, 32.835246108176875], [73.77668198508238, 32.83967918735715], [73.77959630780884, 32.83967918735715], [73.77969426208666, 32.83968431174535], [73.77979114698044, 32.83969962896613], [73.77988590478084, 32.839724971798695], [73.7799775010003, 32.83976006357089], [73.78006493566686, 32.8398045211797], [73.78014725424092, 32.83985785927361], [73.78292594291811, 32.8418719382832], [73.78679720895694, 32.840936600722316], [73.78960991282352, 32.83583976505987], [73.78960991282352, 32.8291217919899], [73.78960991282352, 32.827008896186435], [73.78961416961718, 32.82691959766103], [73.78962690139404, 32.82683110896804], [73.78964799269191, 32.82674423259561], [73.78967725223755, 32.82665975641009], [73.78971441468136, 32.82657844651093], [73.78975914300378, 32.82650104028311], [73.7898110315716, 32.826428239709905], [73.78986960981669, 32.82636070500673], [73.78993434650339, 32.82629904863376], [73.7900046545462, 32.82624382974164], [73.79007989633405, 32.826195549100674], [73.79015938951257, 32.82615464455936], [73.79024241317231, 32.826121487073706], [73.79032821438649, 32.82609637734303], [73.799438632354, 32.82389520696752], [73.80212691909188, 32.820972377611916], [73.80212691909188, 32.81793618509254], [73.80213109532268, 32.8178477337209], [73.80214358685834, 32.81776006931773], [73.80216428255933, 32.81767397184966], [73.80219299829213, 32.817590207342036], [73.80222947856745, 32.8175095210634], [73.80227339881345, 32.81743263089472], [73.80232436826346, 32.81736022094227], [73.8023819334327, 32.817292935450986], [73.80244558215307, 32.8172313730725], [73.80251474812994, 32.817176081538875], [73.80551362421467, 32.81500240392461], [73.80682079644251, 32.81310744666104], [73.80682079644251, 32.81020307850152], [73.80540384515518, 32.807121928890716], [73.80237473621679, 32.80382854191614], [73.80231873143123, 32.80376166430236], [73.8022691759358, 32.80368987708828], [73.80222649759337, 32.80361380008572], [73.80219106488933, 32.80353409014459], [73.80216318375014, 32.80345143548163], [73.80214309490195, 32.803366549738364], [73.80213097179217, 32.80328016581949], [73.80212691909188, 32.803193029564966], [73.80212691909188, 32.79865667401802], [73.80213109532268, 32.79856822264638], [73.80214358685834, 32.798480558243206], [73.80216428255933, 32.798394460775135], [73.80219299829213, 32.798310696267514], [73.80222947856745, 32.79823000998888], [73.80227339881345, 32.7981531198202], [73.80232436826346, 32.79808070986775], [73.8023819334327, 32.798013424376464], [73.80244558215307, 32.79795186199798], [73.80251474812994, 32.79789657046435], [73.80525617065896, 32.795909503105044], [73.80525617065896, 32.79412031847107], [73.80526092108899, 32.794025996640265], [73.80527512430241, 32.793932629391826], [73.80529863655588, 32.7938411616473], [73.80533121989404, 32.793752519104316], [73.80537254455783, 32.793667598868126], [73.80542219232174, 32.793587260372426], [73.80698681810529, 32.79131908259895], [73.80705200625266, 32.79123517212456], [73.80712625913279, 32.79115916572967], [73.80720862548057, 32.79109203714393], [73.81033787704766, 32.78882385937046], [73.81041451280961, 32.78877382171944], [73.81049565692459, 32.78873148451195], [73.81058053811259, 32.78869725016583], [73.81066834957257, 32.78867144408072], [73.815181933746, 32.787580915873846], [73.81748903754885, 32.7859086560844], [73.81476077476894, 32.7809648341633], [73.81471928365711, 32.78087977614185], [73.81468656719316, 32.78079097291916], [73.81466295786463, 32.780699326975565], [73.81464869560597, 32.78060576968108], [73.81464392536023, 32.780511251830234], [73.81464392536023, 32.77531980053605], [73.81033787704766, 32.77219864429001], [73.81026340650696, 32.77213865000888], [73.8101954258696, 32.77207139074824], [73.81013464056531, 32.77199756445222], [73.81008168135853, 32.77191793721055], [73.81003709780279, 32.77183333530893], [73.8100013525382, 32.771744636654724], [73.80942209568609, 32.770065183930775], [73.80869834738277, 32.76971545391174], [73.80869834738277, 32.767966803816584], [73.80853333980077, 32.76748839353615], [73.80414684343049, 32.76430892606375], [73.79988428367128, 32.76224916979367], [73.79712705945857, 32.76324843024647], [73.79704284272192, 32.76327454733838], [73.7969565471396, 32.76329264799287], [73.79686893398556, 32.76330257253133], [73.79678077615705, 32.763304233402444], [73.7966928513562, 32.7632976159545], [73.79660593522948, 32.76328277856465], [73.79652079452511, 32.763259852123944], [73.7964381803291, 32.76322903888263], [73.79635882143934, 32.76319061066595], [73.79010031830516, 32.75978834400574], [73.79002789874656, 32.759744637646364], [73.78995970722336, 32.759694590124106], [73.78989629734919, 32.7596386077503], [73.78520241999856, 32.75510225220335], [73.78514160380485, 32.755037645770734], [73.78508715865262, 32.7549675863249], [73.78503957089748, 32.75489269970318], [73.78499926563835, 32.75481365486376], [73.78496660291995, 32.75473115791], [73.78494187451663, 32.75464594578281], [73.78492530132587, 32.75455877967758], [73.78491703139512, 32.75447043824451], [73.78491713859924, 32.75438171063291], [73.78492562198058, 32.754293389441834], [73.78494240575752, 32.75420626363978], [73.78496734000149, 32.75412111151691], [73.78648066125643, 32.74973350437059], [73.78648066125643, 32.743086318567926], [73.78648539225476, 32.74299218935885], [73.78649953756559, 32.74289900888596], [73.78652295461717, 32.74280771632306], [73.78655540738707, 32.74271923181552], [73.78659656878108, 32.742634447206136], [73.78664602393009, 32.74255421704608], [73.78670327437149, 32.74247934998185], [73.78676774307328, 32.74241060060488], [73.78683878025004, 32.74234866184588], [73.78691566991208, 32.74229415799081], [73.78699763708207, 32.74224763838859], [73.78708385560603, 32.74220957191419], [73.78717345648022, 32.74218034224278], [73.78726553660992, 32.742160243982696], [73.78735916791182, 32.742149479705965], [73.78745340666813, 32.74214815790664], [73.78754730303856, 32.74215629190725], [73.78763991063373, 32.74217379972452], [73.79179652548753, 32.74317808048433], [73.79455160729907, 32.74018262844328], [73.79462089033464, 32.740114706936374], [73.79469681370387, 32.74005429905507], [73.79477856644239, 32.740002050037276], [73.79486527532035, 32.73995851797322], [73.79495601416957, 32.73992416784427], [73.79504981377636, 32.73989936655629], [73.79514567223394, 32.73988437902058], [73.79524256564429, 32.73987936532433], [73.80669728204495, 32.73987936532433], [73.8074551270472, 32.73987936532433], [73.80764458829776, 32.73974203798319], [73.81013869723687, 32.73793423111979], [73.81026297316632, 32.73766399407277], [73.81026297316632, 32.736487300863644], [73.81151467379314, 32.73376548753551], [73.81151467379314, 32.732879518587296], [73.81151885002394, 32.73279106721566], [73.8115313415596, 32.73270340281248], [73.8115520372606, 32.73261730534441], [73.8115807529934, 32.73253354083679], [73.81161723326872, 32.732452854558154], [73.81166115351472, 32.732375964389476], [73.81171212296472, 32.732303554437024], [73.81176968813396, 32.73223626894574], [73.81183333685433, 32.73217470656726], [73.8119025028312, 32.73211941503363], [73.81503175439829, 32.729851237260156], [73.81510746892896, 32.72980173966313], [73.8151875959002, 32.729759759063505], [73.81527139134785, 32.7297256852434], [73.81535807724666, 32.72969983457196], [73.81544684873401, 32.729682447067894], [73.81553688158303, 32.72967368417097], [73.81562733985531, 32.72967362724307], [73.81571738366247, 32.729682276812774], [73.82347352129278, 32.730806654230435], [73.82645071164993, 32.730806654230435], [73.83262619710369, 32.729687608785675], [73.83271909202624, 32.72967552552104], [73.83281272870146, 32.729672760566366], [73.83290617474923, 32.729679341453476], [73.84223783820653, 32.730806654230435], [73.85469834541897, 32.730806654230435], [73.85478897778968, 32.73081103944125], [73.85487876343598, 32.730824154105285], [73.85496686354391, 32.73084587570002], [73.85505245504649, 32.730876001293495], [73.85513473831313, 32.73091424944018], [73.85521294462016, 32.73096026281037], [73.8552863433325, 32.73101361152847], [73.85535424872955, 32.73107379718909], [73.85541602641156, 32.731140257513346], [73.85547109922632, 32.73121237160191], [73.85703572500987, 32.733480549375386], [73.85708537277378, 32.733560887871086], [73.85712669743756, 32.733645808107276], [73.85715928077573, 32.73373445065026], [73.8571827930292, 32.733825918394786], [73.85719699624262, 32.733919285643225], [73.85720174667264, 32.73401360747403], [73.85720174667264, 32.73569296234634], [73.85720174667264, 32.74033914765495], [73.8582700846448, 32.74111351187305], [73.85969666763503, 32.7421475430978], [73.86565072590378, 32.7421475430978], [73.8657486801816, 32.742152667486], [73.86584556507538, 32.74216798470678], [73.86594032287577, 32.74219332753935], [73.86603191909524, 32.742228419311544], [73.86611935376179, 32.74227287692035], [73.86620167233585, 32.74232621501426], [73.87074537033877, 32.74561962706459], [73.87501656537988, 32.74665159157227], [73.8826001939061, 32.74445285269856], [73.88268790287619, 32.744431931772255], [73.8827772144008, 32.74441952209218], [73.88286730452423, 32.744415738145555], [73.88295734210763, 32.74442061484169], [73.88304649649692, 32.74443410718995], [73.88313394518602, 32.74445609071484], [73.88321888140501, 32.74448636260431], [73.88330052156316, 32.7445246435809], [73.88337811247796, 32.74457058047819], [73.88345093832373, 32.74462374949902], [73.88351832723568, 32.744683660125276], [73.88357965750808, 32.74474975964325], [73.88363436333012, 32.74482143824275], [73.88510755722073, 32.74695707072041], [73.88932049619912, 32.75001073845753], [73.89287521453744, 32.74915188206615], [73.89287521453744, 32.74422040745466], [73.89287863474866, 32.744140345460465], [73.89288887046077, 32.74406086684097], [73.89445349624431, 32.734988155747075], [73.89447372112573, 32.734897766314816], [73.8945027549984, 32.73480980990782], [73.89454031522263, 32.73472514276632], [73.89458603615621, 32.73464458911013], [73.89463947271386, 32.734568933115], [73.89470010470004, 32.7344989112788], [73.89476734187296, 32.73443520525185], [73.89484052969053, 32.73437843520117], [73.89491895568213, 32.73432915377329], [73.89500185638447, 32.73428784071427], [73.8950884247737, 32.734254898199524], [73.89517781812172, 32.73423064691866], [73.89526916619991, 32.73421532295365], [73.89536157975073, 32.73420907548063], [73.8954541591444, 32.734211965317634], [73.89554600313677, 32.73422396433262], [73.90141043696599, 32.735286644831476], [73.90421542406031, 32.733253503920366], [73.9042937628748, 32.733202471589536], [73.90437678930195, 32.73315948460268], [73.90446367983466, 32.73312496933112], [73.90455357263924, 32.733099268118536], [73.90464557610366, 32.73308263588533], [73.90473877768102, 32.733075237600225], [73.90483225294084, 32.73307714664394], [73.90492507473805, 32.733088344081416], [73.90501632240907, 32.733108718849586], [73.90510509090345, 32.733138068858985], [73.90519049976072, 32.73317610299819], [73.90527170184338, 32.73322244402125], [73.90534789173927, 32.733276632289424], [73.90541831375023, 32.73333813033018], [73.90548226938748, 32.733406328168186], [73.90553912429974, 32.733480549375386], [73.90693321856284, 32.73550151416771], [73.90949257603765, 32.73642906467209], [73.91702196114407, 32.73424605271793], [73.917107804906, 32.73422548493863], [73.91719520102164, 32.73421307107631], [73.91728337676074, 32.734208920890644], [73.92886160755896, 32.734208920890644], [73.92886160755896, 32.73061134081382], [73.928867354881, 32.73050762071839], [73.92888452647523, 32.73040517060244], [73.92891291208755, 32.73030524489544], [73.9304775378711, 32.725768889348494], [73.93051068463541, 32.725685845724385], [73.93055158163816, 32.725606332287434], [73.93059985787086, 32.725531070365804], [73.93065507538228, 32.72546074271888], [73.93071673325147, 32.72539598734338], [73.930784272132, 32.72533739168564], [73.9308570793262, 32.7252854873124], [73.93093449434345, 32.72524074508855], [73.93101581489196, 32.72520357090558], [73.93110030324986, 32.72517430199938], [73.9311871929576, 32.72515320389095], [73.93127569577112, 32.72514046797762], [73.93136500881263, 32.72513620979675], [73.93449426037972, 32.72513620979675], [73.934578291369, 32.72513997822083], [73.93466164772538, 32.72515125323873], [73.94092015085955, 32.726285342125465], [73.94100796709044, 32.72630565259208], [73.94109343074247, 32.72633429119614], [73.94117575397411, 32.72637099393437], [73.94125417789357, 32.72641542246479], [73.94132797955469, 32.726467167225664], [73.94139647862126, 32.726525751211014], [73.94145904363874, 32.726590634367895], [73.9415150978553, 32.72666121857481], [73.9415641245385, 32.726736853155494], [73.9416056717388, 32.726816840877106], [73.9430675155403, 32.72999560891263], [73.94745528967997, 32.733176002551566], [73.95030538491415, 32.734208920890644], [73.95326976978225, 32.734208920890644], [73.95335980633425, 32.73421324850101], [73.95344901277696, 32.73422619143286], [73.95353656665445, 32.73424763035636], [73.95362166074696, 32.734277367611234], [73.95370351051314, 32.73431512902915], [73.95378136132335, 32.734360566461454], [73.9538544954171, 32.73441326098903], [73.95392223852058, 32.73447272678455], [73.95398396606323, 32.73453841559171], [73.95403910893612, 32.73460972177991], [73.95408715873893, 32.734685987928074], [73.95412767246728, 32.73476651088579], [73.9541602765971, 32.734850548256205], [73.9541846705283, 32.73493732524063], [73.95443269446976, 32.73601597752392], [73.95546024587921, 32.73676077838701], [73.95546024587921, 32.74048478270248], [73.95574929631185, 32.74174185856105], [73.9557653220873, 32.74183108846246], [73.95577266625038, 32.74192144809977], [73.95577126031108, 32.742012094799215], [73.95576111738086, 32.742102183209965], [73.95574233205043, 32.742190873187674], [73.95571507950757, 32.74227733762945], [73.95567961390338, 32.74236077018728], [73.95563626598218, 32.74244039278779], [73.95558543999695, 32.742515462888434], [73.95552760993947, 32.74258528040226], [73.9554633151199, 32.74264919422676], [73.95539315513734, 32.742706608315906], [73.95531778428808, 32.742756987238764], [73.9552379054638, 32.74279986117277], [73.95515426359654, 32.74283483028521], [73.95230736628562, 32.74386658964772], [73.95143403213956, 32.745132628543246], [73.95382071621432, 32.746862570561206], [73.95388988219119, 32.74691786209483], [73.95395353091156, 32.74697942447332], [73.9540110960808, 32.7470467099646], [73.9540620655308, 32.74711911991705], [73.9541059857768, 32.74719601008573], [73.95414246605213, 32.747276696364366], [73.95417118178493, 32.74736046087199], [73.95419187748593, 32.74744655834006], [73.95420436902158, 32.747534222743234], [73.95420854525238, 32.74762267411487], [73.95420854525238, 32.74941185874884], [73.95851459356496, 32.75253301499489], [73.95858375954182, 32.752588306528516], [73.9586474082622, 32.752649868907], [73.95870497343144, 32.75271715439828], [73.95875594288144, 32.752789564350735], [73.95879986312744, 32.75286645451941], [73.95883634340277, 32.75294714079805], [73.95886505913556, 32.75303090530567], [73.95888575483656, 32.75311700277374], [73.95889824637221, 32.75320466717692], [73.95890242260302, 32.753293118548555], [73.95890242260302, 32.757045523526365], [73.96438953761272, 32.75803983095409], [73.96446664443667, 32.758057184482745], [73.9645420182978, 32.758080962378216], [73.9676712698649, 32.75921505126495], [73.96775452881872, 32.75924983819981], [73.96783406334671, 32.75929245794972], [73.9679091386421, 32.75934251675764], [73.9679790610962, 32.75939955213823], [73.96804318470664, 32.75946303715072], [73.96810091704563, 32.75953238526722], [73.96815172473332, 32.75960695579156], [73.96819513836556, 32.75968605977858], [73.96823075685077, 32.75976896639917], [73.96825825111544, 32.75985490969232], [73.96827736714447, 32.75994309564167], [73.9682879283279, 32.76003270951131], [73.96828983709266, 32.76012292337302], [73.96828307580395, 32.76021290375534], [73.96826770692826, 32.76030181934389], [73.96824387245618, 32.76038884866175], [73.96821179259058, 32.76047318765896], [73.96817176371222, 32.76055405714099], [73.9681241556415, 32.76063070996762], [73.9635031503694, 32.76732960344075], [73.9620316741701, 32.7715958882541], [73.9620316741701, 32.77350120289368], [73.96507505849196, 32.78011901855373], [73.96511229632864, 32.78021302478189], [73.96513920770886, 32.78031049069916], [73.96515548043757, 32.780410285617435], [73.9651609257372, 32.780511251830234], [73.9651609257372, 32.782300436464205], [73.96946697404977, 32.78542159271025], [73.96954144459046, 32.78548158699138], [73.96960942522783, 32.78554884625202], [73.96967021053212, 32.78562267254804], [73.9697231697389, 32.785702299789705], [73.96976775329463, 32.785786901691324], [73.96980349855923, 32.785875600345534], [73.97127151129665, 32.79013184346411], [73.9741608514004, 32.79222612603067], [73.97423574288865, 32.79228649657754], [73.97430406329573, 32.79235421407835], [73.97436509528107, 32.79242856752283], [73.97441819803, 32.792508776225596], [73.97446281398203, 32.79259399802307], [73.97449847468516, 32.792683338115935], [73.97452480571438, 32.792775858464196], [73.9759885035645, 32.79914145776399], [73.98027685645388, 32.801213677803396], [73.98036070372734, 32.80125960069982], [73.98043944578173, 32.801313812936016], [73.9805122660438, 32.80137575231859], [73.98057840935066, 32.80144477652189], [73.98063718978096, 32.801520169749004], [73.98068799776811, 32.80160115015481], [73.98073030642158, 32.80168687795383], [73.98076367699086, 32.801776464129034], [73.98078776341548, 32.80186897965115], [73.98080231591366, 32.801963465112884], [73.98080718357264, 32.80205894067823], [73.98080718357264, 32.803514620665304], [73.98782621985234, 32.80453214333739], [73.98791385239396, 32.8045491353797], [73.98799947489044, 32.80457437384144], [73.9880823131934, 32.804607630531244], [73.98816161832752, 32.80464860476163], [73.98823667326234, 32.80469692606766], [73.98830679939513, 32.80475215755645], [73.98837136268658, 32.80481379985727], [73.9884297793933, 32.80488129563662], [73.9884815213457, 32.80495403463727], [73.98852612072342, 32.805031359195866], [73.98856317428505, 32.80511257018912], [73.98859234701402, 32.805196933354885], [73.98861337514765, 32.80528368593093], [73.9886260685619, 32.805372043551365], [73.98863031249036, 32.80546120733844], [73.98863031249036, 32.8061670182553], [73.98863031249036, 32.81006703314494], [73.98863031249036, 32.81083926888757], [73.9899374847182, 32.812734226151136], [73.99282943740275, 32.8148304023966], [73.99567953263693, 32.81586332073568], [73.9983394726396, 32.81586332073568], [74.00904535155777, 32.80810337044498], [74.00911556529019, 32.808057127017015], [74.00918963471801, 32.808017350859465], [74.00926696577069, 32.807984360995256], [74.00934693821792, 32.807958422018125], [74.00942891064419, 32.8079397419705], [74.01155402242402, 32.80755465537696], [74.01157295436691, 32.8075340716953], [74.01166761408135, 32.8075340716953], [74.01520621751135, 32.80689284954705], [74.01656651868267, 32.803934885175195], [74.01661113461405, 32.80384966379255], [74.0166642372677, 32.803769455478964], [74.01672526908857, 32.80369510238732], [74.01679358926869, 32.80362738519319], [74.0168684804755, 32.803567014898036], [74.02143198234377, 32.80025924839703], [74.02273915457161, 32.79836429113347], [74.02273915457161, 32.7918521406976], [74.02274390500163, 32.79175781886679], [74.02275810821506, 32.79166445161835], [74.02278162046852, 32.79157298387383], [74.02281420380669, 32.79148434133084], [74.02285552847047, 32.79139942109465], [74.02290517623439, 32.79131908259895], [74.02413999496207, 32.789529013419575], [74.02129137819678, 32.78436710082351], [74.02124992927689, 32.78428214163807], [74.0212172346858, 32.78419344473922], [74.02119362593558, 32.78410190948338], [74.0211793424109, 32.78400846400691], [74.02117452894184, 32.78391405581518], [74.02117923433536, 32.78381964217516], [74.02119341088037, 32.78372618040906], [74.0212169148315, 32.78363461818743], [74.0212495078667, 32.78354588392005], [74.02129085950367, 32.783460877342236], [74.02134055045084, 32.7833804603918], [74.02290517623439, 32.781112282618324], [74.02296420623331, 32.78103550655214], [74.02303083193779, 32.780965220560546], [74.0231043442931, 32.78090217265235], [74.02318396095433, 32.780847033806076], [74.0232688346123, 32.78080039082916], [74.023358062011, 32.78076274011295], [74.0264420663433, 32.77964504951987], [74.03109261060808, 32.77739781118193], [74.03118480487942, 32.77735917205984], [74.0312805850523, 32.777330555213354], [74.03597446240293, 32.77619646632662], [74.03608392037184, 32.77617679696758], [74.0361949363101, 32.7761702096999], [74.04088881366073, 32.7761702096999], [74.04098676793855, 32.7761753340881], [74.04108365283233, 32.77619065130888], [74.04117841063272, 32.776215994141445], [74.04127000685219, 32.77625108591364], [74.04135744151874, 32.77629554352245], [74.0414397600928, 32.77634888161636], [74.04745176166034, 32.780706565246845], [74.04997212349656, 32.780706565246845], [74.05272449801465, 32.77871155954904], [74.0540316702425, 32.77681660228547], [74.0540316702425, 32.773706718509814], [74.05403654238631, 32.773611199085494], [74.05405110824597, 32.77351667113227], [74.05407521663096, 32.77342411582998], [74.05410861730144, 32.773334493882786], [74.0541509635656, 32.77324873554722], [74.05420181587836, 32.77316773097639], [74.05426064640362, 32.773092320980325], [74.05432684449316, 32.77302328829859], [74.05439972302506, 32.77296134947557], [74.0544785255358, 32.77290714742295], [74.05456243407227, 32.77286124474639], [74.05465057768188, 32.77282411790579], [74.05726949547564, 32.77187498182597], [74.05725802290858, 32.77185433351683], [74.05722184075692, 32.771771207699985], [74.05719384554646, 32.77168497941161], [74.05717429836217, 32.771596452821754], [74.05716338150224, 32.77150645353456], [74.05716119677794, 32.771415820888656], [74.05716776456414, 32.77132540012937], [74.05718302360927, 32.771236034526], [74.0572068316066, 32.77114855750737], [74.05723896652135, 32.77106378488927], [74.05727912866142, 32.77098250726609], [74.05732694347236, 32.770905482637694], [74.05852385714135, 32.76917036296287], [74.05585374958174, 32.76529961081038], [74.05285487349701, 32.763125933196115], [74.05278570752014, 32.76307064166249], [74.05272205879977, 32.763009079284004], [74.05266449363053, 32.76294179379272], [74.05261352418053, 32.76286938384027], [74.05256960393453, 32.76279249367159], [74.0525331236592, 32.762711807392954], [74.0525044079264, 32.76262804288533], [74.05248371222541, 32.76254194541726], [74.05247122068975, 32.76245428101409], [74.05246704445895, 32.76236582964245], [74.05246704445895, 32.76161981120319], [74.05246704445895, 32.75925594586679], [74.05115987223111, 32.757360988603224], [74.04826791954656, 32.75526481235776], [74.045634850335, 32.75431054758651], [74.04182758913086, 32.75615029425989], [74.04182758913086, 32.758671180097686], [74.04322619325163, 32.760698682657065], [74.04327384364512, 32.76077541156473], [74.0433138998391, 32.76085636455477], [74.04334599104716, 32.76094079227319], [74.04336982021204, 32.76102791320164], [74.04338516675531, 32.76111692089165], [74.04339188861934, 32.76120699142965], [74.04338992358213, 32.761297291063656], [74.04337928983334, 32.76138698392101], [74.04336008580596, 32.761475239745764], [74.04333248926504, 32.761561241584126], [74.04329675566227, 32.76164419334665], [74.04325321577133, 32.7617233271774], [74.04320227262602, 32.761797910561725], [74.04314439778949, 32.761867253106885], [74.0400151462224, 32.765269519767095], [74.03994940450495, 32.76533429560779], [74.03987761998053, 32.76539230306427], [74.0398004864567, 32.765442981486245], [74.03971874943987, 32.765485841059636], [74.03963319892983, 32.765520467540604], [74.03954466178435, 32.76554652625933], [74.03519941050895, 32.76659638351238], [74.03383843855036, 32.76856933217478], [74.0337815836381, 32.76864355338198], [74.03371762800086, 32.76871175121998], [74.0336472059899, 32.76877324926074], [74.033571016094, 32.76882743752891], [74.03348981401135, 32.76887377855197], [74.03340440515407, 32.76891181269118], [74.0333156366597, 32.76894116270058], [74.03322438898867, 32.76896153746875], [74.03313156719146, 32.76897273490622], [74.03303809193164, 32.76897464394994], [74.03294489035429, 32.76896724566483], [74.03285288688987, 32.76895061343163], [74.03276299408529, 32.76892491221904], [74.03267610355257, 32.768890396947484], [74.03259307712543, 32.76884740996063], [74.03251473831094, 32.7687963776298], [74.02963198831048, 32.76670687177278], [74.02367793004174, 32.76670687177278], [74.0235810366314, 32.76670185807653], [74.02348517817381, 32.76668687054082], [74.02339137856703, 32.76666206925284], [74.0233006397178, 32.76662771912389], [74.02321393083984, 32.766584187059834], [74.02313217810132, 32.76653193804204], [74.0230562547321, 32.766471530160736], [74.02298697169653, 32.76640360865383], [74.0204959288406, 32.763695231945796], [74.01963570229526, 32.763695231945796], [74.01773929493831, 32.76438251913321], [74.01766146553695, 32.764406955841096], [74.01758180853574, 32.76442454363708], [74.01750092541356, 32.76443514971816], [74.01741942690757, 32.76443869399931], [74.00959629798984, 32.76443869399931], [74.00949834371202, 32.76443356961111], [74.00940145881825, 32.76441825239033], [74.00930670101785, 32.76439290955776], [74.00921510479839, 32.764357817785566], [74.00912767013183, 32.76431336017676], [74.00904535155777, 32.76426002208285], [74.0027868484236, 32.759723666535905], [74.00271768244673, 32.75966837500228], [74.00265403372636, 32.759606812623794], [74.00259646855712, 32.75953952713251], [74.00254549910711, 32.75946711718006], [74.00250157886111, 32.75939022701138], [74.00246509858579, 32.759309540732744], [74.00243638285299, 32.75922577622512], [74.002415687152, 32.75913967875705], [74.00240319561634, 32.75905201435388], [74.00239901938554, 32.75896356298224], [74.00239901938554, 32.755927370462864], [73.99951758494336, 32.75279454201299], [73.9994615801578, 32.75272766439921], [73.99941202466238, 32.752655877185134], [73.99936934631994, 32.75257980018257], [73.9993339136159, 32.75250009024144], [73.99930603247671, 32.75241743557848], [73.99928594362852, 32.75233254983522], [73.99927382051874, 32.75224616591634], [73.99926976781845, 32.75215902966182], [73.99926976781845, 32.749890851888345], [73.99927575559535, 32.74978499111818], [73.99929364254253, 32.749680480768205], [74.00071899061197, 32.74348166407113], [73.99496371950588, 32.739310066574646], [73.99489455352901, 32.73925477504102], [73.99483090480864, 32.739193212662535], [73.9947733396394, 32.73912592717125], [73.9947223701894, 32.7390535172188], [73.9946784499434, 32.73897662705012], [73.99464196966807, 32.738895940771485], [73.99461325393527, 32.73881217626386], [73.99459255823427, 32.73872607879579], [73.99458006669862, 32.73863841439262], [73.99457589046781, 32.73854996302098], [73.99457589046781, 32.73694008427849], [73.99206554634011, 32.73603029696479], [73.9919774027305, 32.735993170124196], [73.99189349419403, 32.735947267447635], [73.99181469168329, 32.73589306539501], [73.99174181315139, 32.735831126571995], [73.99167561506185, 32.73576209389026], [73.99161678453659, 32.735686683894194], [73.99156593222384, 32.73560567932336], [73.99152358595967, 32.7355199209878], [73.9914901852892, 32.7354302990406], [73.9914660769042, 32.73533774373831], [73.99145151104454, 32.73524321578509], [73.99144663890073, 32.73514769636077], [73.99144663890073, 32.72976963481164], [73.98848340899642, 32.72547395447879], [73.9884358009257, 32.72539730165216], [73.98839577204734, 32.725316432170125], [73.98836369218174, 32.72523209317291], [73.98833985770966, 32.72514506385505], [73.98832448883397, 32.7250561482665], [73.98831772754527, 32.72496616788418], [73.98831963631002, 32.72487595402247], [73.98833019749345, 32.72478634015283], [73.98834931352248, 32.72469815420349], [73.98837680778715, 32.72461221091034], [73.98841242627236, 32.724529304289746], [73.9884558399046, 32.724450200302726], [73.98850664759229, 32.724375629778386], [73.98856437993128, 32.72430628166188], [73.98862850354172, 32.72424279664939], [73.98869842599582, 32.72418576126881], [73.9887735012912, 32.724135702460885], [73.9888530358192, 32.72409308271097], [73.98893629477303, 32.72405829577612], [73.99206554634011, 32.72292420688938], [73.99214092020125, 32.72290042899391], [73.9922180270252, 32.722883075465255], [73.99739957842365, 32.72194413851323], [73.99628843382608, 32.718722571406474], [73.99339909372233, 32.716628288839914], [73.99332420251552, 32.71656791854476], [73.9932558823354, 32.71650020135063], [73.99319485051454, 32.716425848258986], [73.99314174786089, 32.7163456399454], [73.9930971319295, 32.716260418562754], [73.99153250614596, 32.712858151902545], [73.99149943057985, 32.71277629276379], [73.99147419135805, 32.71269168842967], [73.99145701171625, 32.7126050872081], [73.99144804360488, 32.71251725506906], [73.991447366345, 32.712428968869744], [73.99145498592686, 32.712341009483424], [73.99147083495683, 32.71225415489276], [73.99149477325348, 32.71216917330874], [73.99152658908751, 32.71208681637597], [73.99156600105444, 32.71200781252459], [73.9916126605635, 32.71193286052739], [73.9924866280515, 32.71066590350044], [73.99050092055657, 32.70994625256985], [73.99041638948493, 32.7099108595846], [73.99033571205334, 32.709867393304506], [73.99025965706115, 32.70981626793274], [73.99018894925914, 32.70975797065827], [73.9901242624431, 32.70969305701327], [73.99006621303307, 32.709622145579274], [73.99001535419924, 32.70954591209256], [73.98997217059066, 32.709465083004815], [73.98993707371683, 32.709380428560614], [73.98991039802638, 32.70929275545747], [73.98989239771994, 32.70920289915862], [73.98988324432783, 32.709111715931606], [73.98988302507543, 32.70902007468869], [73.98989174205208, 32.70892884870668], [73.9899093121911, 32.70883890730525], [73.98993556806138, 32.70875110756293], [73.98997025946288, 32.70866628614973], [73.99001305581085, 32.708585251354265], [73.99006354928609, 32.70850877538135], [73.99012125872117, 32.708437586993405], [73.99018563418564, 32.708372364565875], [73.9902560622264, 32.70831372962279], [73.99033187171358, 32.70826224091406], [73.99041234023593, 32.708218389090995], [73.99478379502611, 32.706106012509295], [73.99771115238607, 32.70186233522318], [73.99911281116147, 32.70118502496498], [74.00262682774213, 32.69710971730345], [74.00270256816759, 32.69703154212217], [74.0027868484236, 32.696962659544795], [74.00471059953611, 32.695568265575005], [73.99976017330009, 32.69287709968828], [73.99967979585448, 32.69282802836192], [73.99960473920217, 32.69277115105731], [73.9995357586394, 32.692707040131616], [73.99947354831858, 32.69263634073403], [73.9994187342631, 32.69255976431367], [73.99937186806761, 32.692478081460166], [73.99933342134736, 32.692392114149314], [73.99930378099225, 32.69230272747143], [73.99928324527362, 32.692210820925986], [73.9992720208427, 32.69211731936993], [73.99927022065111, 32.69202316371081], [73.99927786281424, 32.69192930143842], [73.99929487042884, 32.69183667709022], [73.99932107234704, 32.691746222746396], [74.00239901938554, 32.68282226005313], [74.00239901938554, 32.679577340910676], [74.00240389152935, 32.679481821486355], [74.00241845738901, 32.67938729353313], [74.002442565774, 32.679294738230844], [74.00247596644448, 32.67920511628365], [74.00251831270864, 32.67911935794808], [74.0025691650214, 32.67903835337725], [74.00262799554666, 32.67896294338119], [74.0026941936362, 32.67889391069945], [74.0027670721681, 32.678831971876434], [74.00284587467884, 32.67877776982381], [74.00292978321531, 32.67873186714725], [74.00301792682492, 32.67869474030665], [74.00552827095262, 32.67778495299296], [74.00552827095262, 32.67390689647699], [74.00553258671094, 32.67381698301685], [74.00554549430491, 32.6737278962608], [74.00556687505639, 32.67364045531186], [74.0055965323813, 32.67355546414077], [74.0056341935971, 32.67347370419392], [74.00567951242992, 32.6733959272084], [74.00573207219838, 32.673322848300195], [74.00579138964474, 32.67325513938909], [74.00585691937816, 32.67319342302074], [74.00592805888934, 32.673138266642724], [74.00600415409012, 32.67309017738716], [74.00608450532764, 32.67304959740791], [74.00616837381706, 32.673016899815245], [74.00625498843445, 32.672992385245294], [74.00634355280671, 32.672976279095835], [74.00643325263387, 32.67296872945394], [74.00652326317606, 32.67296980573435], [74.00661275683657, 32.67297949804125], [74.00670091077113, 32.67299771725931], [74.0067869144535, 32.67302429587297], [74.00959629798984, 32.67404245966672], [74.01228152652504, 32.673069291554526], [74.0168684804755, 32.669744526263116], [74.01694158513453, 32.66969656631479], [74.017018834624, 32.66965561556151], [74.01709955887682, 32.66962202921276], [74.0199885048912, 32.66857503075353], [74.0245193971775, 32.66310148063169], [74.02457220390725, 32.663042884438276], [74.02461670551187, 32.66300115417392], [74.02461670551187, 32.66004970989762], [74.02282502181684, 32.656153707565714], [74.02278778398016, 32.656059701337554], [74.02276087259995, 32.65596223542028], [74.02274459987123, 32.655862440502005], [74.02273915457161, 32.65576147428921], [74.02273915457161, 32.64441067377027], [74.01758681425322, 32.64534431744999], [74.01750345789684, 32.64535559246789], [74.01741942690757, 32.645359360891966], [74.01272554955693, 32.645359360891966], [74.01264405105094, 32.64535581661082], [74.01256316792876, 32.64534521052973], [74.01248351092755, 32.64532762273375], [74.01240568152619, 32.64530318602586], [74.0092764299591, 32.64416909713913], [74.00919291700001, 32.64413418938063], [74.00911315405683, 32.644091401078086], [74.00903788264272, 32.6440411300113], [74.00896780251547, 32.64398384352334], [74.0089035651723, 32.643920074175824], [74.00884576779323, 32.64385041479806], [74.00879494768937, 32.64377551297577], [74.00875157730786, 32.64369606503089], [74.00871605983978, 32.64361280954818], [74.00868872547194, 32.64352652050905], [74.00866982831724, 32.64343800009625], [74.00865954405232, 32.6433480712364], [74.00865796828448, 32.643257569949704], [74.00866511566278, 32.64316733757789], [74.0086809197419, 32.64307821296276], [74.00870523359981, 32.642991024647884], [74.00873783120369, 32.64290658317607], [74.00877840951112, 32.64282567355425], [74.00882659128746, 32.6427490479556], [74.00888192861265, 32.642677418727075], [74.00894390704538, 32.642611451767046], [74.01337250942912, 32.63833146882588], [74.01340687147136, 32.63828165549588], [74.01347559555586, 32.63823184216588], [74.01357052992364, 32.63814009370002], [74.01508204731667, 32.63594890511604], [74.01513890222893, 32.63587468390884], [74.01520285786617, 32.635806486070834], [74.01527327987714, 32.635744988030076], [74.01534946977303, 32.6356907997619], [74.01543067185568, 32.635644458738845], [74.01551608071296, 32.63560642459964], [74.01560484920734, 32.63557707459024], [74.01569609687836, 32.63555669982207], [74.01578891867557, 32.635545502384595], [74.01588239393539, 32.63554359334088], [74.01597559551274, 32.63555099162598], [74.01606759897716, 32.63556762385919], [74.01615749178174, 32.635593325071774], [74.01624438231445, 32.63562784034333], [74.0163274087416, 32.63567082733019], [74.01640574755609, 32.63572185966102], [74.0191320603684, 32.63769797503297], [74.02179343622745, 32.6367334514974], [74.02187126562882, 32.63670901478951], [74.02195092263003, 32.63669142699353], [74.0220318057522, 32.636680820912446], [74.0221133042582, 32.636677276631296], [74.03078623495757, 32.636677276631296], [74.03203062184288, 32.63216742720831], [74.02764864874459, 32.62687377909873], [74.027599474134, 32.62680883047245], [74.02755611544002, 32.626739863161085], [74.02751889916748, 32.62666739651056], [74.02595427338393, 32.62326512985035], [74.02591703554725, 32.62317112362219], [74.02589012416703, 32.62307365770492], [74.02587385143832, 32.622973862786644], [74.0258684061387, 32.622872896573845], [74.0258684061387, 32.62138866936951], [74.020381291129, 32.620394361941784], [74.02029931870273, 32.62037568189416], [74.0202193462555, 32.62034974291703], [74.02014201520282, 32.62031675305282], [74.020067945775, 32.62027697689527], [74.01999773204258, 32.6202307334673], [74.01711498204213, 32.61814122761029], [74.00959629798984, 32.61814122761029], [74.0095094413491, 32.61813720093383], [74.00942332981428, 32.6181251554476], [74.0093387020994, 32.618105194484656], [74.0092562841894, 32.61807748928156], [74.00917678311227, 32.61804227750939], [74.00910088087367, 32.61799986123487], [73.99842884517484, 32.6113695015053], [73.98936875310365, 32.612464007066826], [73.9892813143505, 32.612470446187686], [73.98919365621687, 32.61246869992375], [73.9891065432873, 32.612458783506554], [73.98902073539087, 32.6124407834305], [73.98893698097369, 32.61241485669847], [73.98885601057077, 32.612381229452396], [73.98877853043392, 32.61234019500073], [73.9887052163717, 32.612292111260146], [73.98557596480461, 32.61002393348667], [73.9855010735978, 32.60996356319152], [73.98543275341768, 32.609895845997386], [73.98537172159682, 32.609821492905745], [73.98531861894317, 32.60974128459216], [73.98527400301178, 32.60965606320951], [73.98387337985247, 32.60661041898675], [73.98126816718707, 32.605666249856185], [73.96940891100763, 32.605666249856185], [73.96655952985796, 32.60979688803165], [73.9665044570432, 32.60986900212022], [73.9664426793612, 32.609935462444476], [73.96637477396413, 32.6099956481051], [73.9663013752518, 32.610048996823195], [73.96622316894477, 32.61009501019338], [73.96614088567813, 32.61013325834007], [73.96605529417555, 32.610163383933546], [73.96596719406762, 32.61018510552828], [73.96587740842132, 32.610198220192316], [73.9657867760506, 32.61020260540313], [73.95796364713289, 32.61020260540313], [73.95787031192137, 32.61019795407979], [73.95777790160032, 32.610184046201304], [73.95768733189519, 32.610161019585604], [73.9575995002921, 32.61012910241128], [73.9575152771444, 32.61008861095651], [73.95125677401022, 32.6066863442963], [73.95115419756664, 32.60662166682646], [73.94802494599955, 32.60435348905299], [73.94795005479274, 32.60429311875784], [73.94788173461262, 32.6042254015637], [73.94782070279176, 32.60415104847206], [73.9477676001381, 32.60407084015848], [73.94772298420672, 32.60398561877583], [73.94630813467528, 32.600909039416926], [73.93899283670298, 32.59772762764903], [73.93614325582851, 32.59772762764903], [73.92370926724057, 32.599980761980525], [73.92360896441902, 32.59999340543793], [73.92350788361183, 32.59999518965949], [73.9234071970628, 32.599986093953426], [73.91834566662843, 32.59925234336899], [73.91735106830544, 32.59925234336899], [73.9146564611095, 32.598861716535765], [73.90957204827062, 32.598861716535765], [73.90516713757674, 32.59992598811592], [73.90062343957382, 32.60321940016625], [73.90054112099976, 32.60327273826016], [73.90045368633321, 32.60331719586897], [73.90036209011375, 32.603352287641165], [73.90026733231335, 32.60337763047373], [73.90017044741957, 32.60339294769451], [73.90007249314175, 32.60339807208271], [73.89694324157466, 32.60339807208271], [73.89684528729684, 32.60339294769451], [73.89674840240306, 32.60337763047373], [73.89665364460267, 32.603352287641165], [73.8965620483832, 32.60331719586897], [73.89647461371665, 32.60327273826016], [73.89639229514259, 32.60321940016625], [73.89169841779196, 32.59981713350604], [73.89161605144417, 32.59975000492031], [73.89154179856405, 32.59967399852542], [73.89147661041667, 32.59959008805102], [73.88991198463313, 32.59732191027755], [73.88986515082667, 32.59724664637566], [73.88982562483075, 32.59716730057549], [73.8897937590769, 32.59708458035978], [73.88976983769443, 32.59699922329904], [73.88820521191089, 32.590194689978624], [73.88818732496371, 32.590090179628646], [73.88818133718681, 32.589984318858484], [73.88818133718681, 32.586231913880674], [73.88269422217711, 32.58523760645295], [73.88261224975084, 32.585218926405325], [73.88253227730361, 32.585192987428194], [73.88245494625093, 32.585159997563984], [73.8823808768231, 32.585120221406434], [73.88231066309069, 32.58507397797847], [73.87297210359293, 32.5783051028545], [73.86676698169883, 32.574931855467675], [73.86668879677632, 32.574884274102565], [73.86661561682861, 32.574829305350846], [73.86654813744087, 32.57476747169784], [73.86648700001372, 32.57469936088068], [73.86643278566655, 32.57462562030179], [73.86638600971399, 32.574546950875224], [73.86634711676773, 32.574464100364395], [73.8663164765104, 32.57437785627449], [73.86629438018176, 32.5742890383671], [73.86628103781034, 32.5741984908683], [73.86627657621719, 32.57410707444417], [73.86627657621719, 32.56843663001049], [73.86628075244799, 32.56834817863885], [73.86629324398365, 32.568260514235675], [73.86631393968464, 32.568174416767604], [73.86634265541744, 32.56809065225998], [73.86637913569277, 32.56800996598135], [73.86642305593877, 32.56793307581267], [73.86647402538877, 32.567860665860216], [73.86653159055801, 32.56779338036893], [73.86659523927838, 32.56773181799045], [73.86666440525525, 32.56767652645682], [73.86940582778428, 32.56568945909751], [73.86940582778428, 32.56305856846136], [73.86814811680628, 32.561235313267844], [73.86367765176885, 32.55907509290469], [73.86359262012128, 32.55902843936737], [73.86351285584789, 32.558973261524706], [73.86343921034742, 32.55891014834149], [73.8633724697073, 32.55883977348384], [73.86331334631288, 32.558762888128506], [73.86191925204977, 32.55674192333618], [73.85912122352786, 32.55572787477427], [73.8544778715118, 32.55460599332632], [73.85438960783242, 32.554580029887816], [73.85430430947127, 32.55454555138979], [73.8542227956898, 32.55450288898636], [73.85414584939979, 32.55445245243522], [73.85407420964387, 32.55439472616209], [73.85400856449724, 32.55433026460794], [73.85394954445896, 32.55425968690382], [73.85389771639615, 32.55418367092429], [73.85385357809955, 32.55410294677666], [73.85381755350227, 32.55401828978859], [73.8537899886082, 32.553930513061296], [73.85377114816865, 32.55384045966006], [73.85376121313953, 32.55374899451678], [73.85376027894343, 32.55365699612268], [73.85376835455293, 32.553565348090686], [73.8537853624046, 32.553474930668585], [73.85381113914389, 32.5533866122846], [73.85384543719407, 32.553301241206405], [73.85541006297761, 32.549898974546196], [73.85544709610888, 32.5498268295126], [73.85549021739516, 32.549758149724056], [73.8570548431787, 32.54748997195058], [73.85711387317762, 32.5474131958844], [73.8571804988821, 32.547342909892805], [73.85725401123742, 32.547279861984606], [73.85733362789864, 32.547224723138335], [73.85741850155661, 32.547178080161416], [73.85750772895531, 32.54714042944521], [73.8606369805224, 32.54600634055847], [73.86071480992376, 32.54598190385058], [73.86079446692497, 32.5459643160546], [73.86087535004715, 32.54595370997352], [73.86095684855314, 32.54595016569237], [73.86408610012023, 32.54595016569237], [73.8641701311095, 32.54595393411645], [73.86425348746589, 32.545965209134344], [73.87051199060006, 32.54709929802108], [73.87059396302634, 32.547117978068705], [73.87067393547356, 32.54714391704584], [73.87075126652624, 32.547176906910046], [73.87082533595407, 32.547216683067596], [73.87089554968648, 32.54726292649556], [73.87558942703711, 32.55066519315577], [73.8756717933849, 32.550732321741506], [73.87574604626502, 32.5508083281364], [73.8758112344124, 32.55089223861079], [73.87696443976074, 32.55256399601558], [73.87913013566876, 32.55177911451638], [73.88208885571541, 32.54748997195058], [73.88214356153745, 32.54741829335108], [73.88220489180985, 32.547352193833106], [73.88227228072179, 32.54729228320685], [73.88234510656757, 32.54723911418602], [73.88242269748237, 32.54719317728873], [73.88250433764051, 32.54715489631214], [73.88258927385951, 32.54712462442267], [73.88267672254861, 32.54710264089778], [73.8827658769379, 32.54708914854952], [73.8828559145213, 32.547084271853386], [73.88294600464472, 32.54708805580001], [73.88303531616934, 32.547100465480085], [73.88312302513943, 32.54712138640639], [73.89081808337627, 32.54935243235258], [73.89672831273404, 32.54935243235258], [73.90122867057391, 32.5471777671744], [73.90130631824225, 32.5471444685594], [73.90138664518335, 32.547118285727386], [73.90146900080066, 32.54709943074245], [73.90155271806664, 32.54708805631785], [73.9016371189253, 32.547084254579104], [73.90929538114403, 32.547084254579104], [73.91190059380943, 32.54614008544854], [73.91304010888935, 32.54366221872413], [73.91033391528134, 32.54071992019325], [73.91027791049578, 32.540653042579464], [73.91022835500036, 32.54058125536539], [73.91018567665792, 32.54050517836283], [73.91015024395388, 32.540425468421695], [73.91012236281469, 32.540342813758734], [73.9101022739665, 32.54025792801547], [73.91009015085672, 32.540171544096594], [73.91008609815643, 32.54008440784207], [73.91008609815643, 32.53802174568474], [73.9086691468691, 32.53494059607393], [73.905833185635, 32.53185720819362], [73.90160939139463, 32.530836696205334], [73.89554600313677, 32.53193542877633], [73.89544836167063, 32.53194787776465], [73.89534995343192, 32.5319500345618], [73.89525186030158, 32.531941875456376], [73.89515516069633, 32.53192349014799], [73.89506091771274, 32.53189508076112], [73.89497016743974, 32.53185695962301], [73.89057871935594, 32.52973492187192], [73.88621133499701, 32.53079012670485], [73.88612063807963, 32.530807369828956], [73.88602868605808, 32.530815621003725], [73.88593636822225, 32.53081480043007], [73.88584457739992, 32.53080491604396], [73.88575420132199, 32.530786063439656], [73.88566611403701, 32.53075842494517], [73.88558116745808, 32.53072226785896], [73.88550018312382, 32.53067794186482], [73.88542394425299, 32.53062587565], [73.88535318816986, 32.53056657275925], [73.88528859917334, 32.53050060672495], [73.88523080191901, 32.530428615520314], [73.88518035537788, 32.53035129538943], [73.88513774743045, 32.53026939411369], [73.88510339014832, 32.53018370377983], [73.88353876436477, 32.52564734823288], [73.88351364338651, 32.52556142354611], [73.88349682108296, 32.52547349672739], [73.8834884504281, 32.525384367341196], [73.8834886075407, 32.52529484588756], [73.88349729099201, 32.52520574643178], [73.8835144218189, 32.52511787920174], [73.88353984424182, 32.52503204322001], [73.88357332708141, 32.52494901903799], [73.8838003849929, 32.524455283366294], [73.88442343780937, 32.52310045983764], [73.88513795286495, 32.52154675237778], [73.88518090077096, 32.52146436615917], [73.88523178194806, 32.521386628668445], [73.88529009803334, 32.52131430131646], [73.88535527784163, 32.521248092523706], [73.88542668296007, 32.52118865078158], [73.88550361400114, 32.52113655830066], [73.88558531745282, 32.52109232530812], [73.88567099305911, 32.521056385050265], [73.8888002446262, 32.51992229616353], [73.88887807402756, 32.51989785945564], [73.88895773102877, 32.51988027165966], [73.88903861415095, 32.519869665578575], [73.88912011265694, 32.519866121297426], [73.89488573240118, 32.519866121297426], [73.89772286062906, 32.51575324571104], [73.89775657715208, 32.515704368165416], [73.8992997393344, 32.513467305348485], [73.89935755828165, 32.513391949501596], [73.89942269575141, 32.513322821762195], [73.89949448495562, 32.51326062976527]], [[73.99355850354708, 32.768174898057374], [73.99363222254614, 32.76815140407894], [73.99361026510292, 32.768168510984594], [73.99355850354708, 32.768174898057374]], [[73.97302050187693, 32.77070916715462], [73.970542907924, 32.76841444011671], [73.97627366521986, 32.77021687862979], [73.97701894467642, 32.770215782735505], [73.97302050187693, 32.77070916715462]], [[73.7383830524843, 32.75069719435334], [73.73706153038222, 32.74712007573169], [73.7383830524843, 32.743881155700926], [73.7383830524843, 32.75069719435334]]]}}]}