{"type": "FeatureCollection", "features": [{"type": "Feature", "properties": {"na": "NA-77", "src": "sheet-split: gujranwala_na77_79_81.jpg, outline-fit", "approx": false, "rms_km": 1.612}, "geometry": {"type": "MultiPolygon", "coordinates": [[[[73.865647066, 32.396443186], [73.86604288448737, 32.39637836787515], [73.86585525100008, 32.39636663700003], [73.85990572275377, 32.39599467126665], [73.860135482, 32.396254857], [73.861797492, 32.396804913], [73.863972773, 32.396718559], [73.864584498, 32.396618096], [73.865647066, 32.396443186]]], [[[73.879940589, 32.396684234], [73.880578439, 32.397801541], [73.881780178, 32.399000082], [73.882581556, 32.399225557], [73.88377191100001, 32.399559475], [73.884228438, 32.39956683], [73.88577136, 32.399591696], [73.887474569, 32.399299814], [73.88792565300001, 32.39806165], [73.88863737894079, 32.397007814808205], [73.87974419000005, 32.39589608600005], [73.8794974785916, 32.39590783803819], [73.879940589, 32.396684234]]], [[[74.019279745, 32.448981143], [74.019739618, 32.449652846], [74.020892102, 32.451336193], [74.021336295, 32.451982872], [74.022656217, 32.453719097], [74.023672274, 32.45505692], [74.024758135, 32.456730928], [74.025987868, 32.458627921], [74.02682138, 32.459680246], [74.02808185, 32.461271616], [74.028892784, 32.462439995], [74.02946674600001, 32.46326674], [74.02979142, 32.463734494], [74.030467094, 32.464708234], [74.031590026, 32.465966108], [74.03187852, 32.466289271], [74.032717429, 32.467228991], [74.033795647, 32.468165338], [74.034488455, 32.468767754], [74.034971224, 32.469186043], [74.037300943, 32.470811972], [74.037815376, 32.471146044], [74.038231318, 32.471337422], [74.039882325, 32.472096685], [74.042027556, 32.473111258], [74.044927743, 32.474851558], [74.046024246, 32.47551057], [74.046566197, 32.4758646], [74.04852904, 32.477164596], [74.049729737, 32.47795981], [74.053961082, 32.481550847], [74.05656392600001, 32.483410849], [74.057803364, 32.484228108], [74.05835833180464, 32.48421782433051], [74.05827868800003, 32.48413817800002], [74.05528638600003, 32.48114578000008], [74.04983657100007, 32.47569579000003], [74.04698845600007, 32.47284758400008], [74.04296650000003, 32.46882550000004], [74.03815058900005, 32.463817059000064], [74.03642915800003, 32.462026809000065], [74.03315134000007, 32.45988132800005], [74.03145898100007, 32.457684862000065], [74.02845134000006, 32.45378132800005], [74.02729945400006, 32.452527935000035], [74.02079956300008, 32.44574546700005], [74.00377660700008, 32.42798245200004], [74.00213701900003, 32.42627158400006], [74.001871, 32.425994], [73.99364657200005, 32.421987082000044], [73.98621310600004, 32.418365519000076], [73.979298, 32.41499650000003], [73.97927175200005, 32.41499125000007], [73.97839478300006, 32.414815857000065], [73.97701238300004, 32.41453937700004], [73.97072195600003, 32.41328129200008], [73.97049861400006, 32.413236624000035], [73.97045134000007, 32.41328132800004], [73.96620882200006, 32.41237866500006], [73.95632456600003, 32.41040181300008], [73.95614550000005, 32.410366], [73.95010453500004, 32.410366], [73.94585199300008, 32.410366], [73.943991, 32.410366], [73.93968080000008, 32.40900913400003], [73.93475982300004, 32.40745999300003], [73.93104533100006, 32.406290658000046], [73.92091446600006, 32.403101425000045], [73.91348194900007, 32.40076164200008], [73.91296431100005, 32.40059868800006], [73.912735, 32.40052650000007], [73.90495399500008, 32.39944563100005], [73.89722751394353, 32.398372006748644], [73.901620859, 32.399832291], [73.90282698, 32.400230136], [73.903424708, 32.400464276], [73.904809916, 32.401053559], [73.90560106, 32.40139012], [73.90669505400001, 32.401621295], [73.907447655, 32.401780298], [73.90839818100001, 32.40130997], [73.909526845, 32.400750971], [73.911468999, 32.400450772], [73.912292213, 32.400855153], [73.913438776, 32.401420905], [73.91421087, 32.401802157], [73.914865637, 32.402189393], [73.915866518, 32.402781324], [73.917858065, 32.403959025], [73.91967172400001, 32.404677529], [73.920461269, 32.404990293], [73.922437969, 32.40577333], [73.924417802, 32.406557609], [73.926183522, 32.407137429], [73.928403581, 32.407865139], [73.929974903, 32.408535244], [73.93114009, 32.409032804], [73.934150355, 32.410318254], [73.935203609, 32.410786812], [73.936198591, 32.411229447], [73.937273908, 32.411628636], [73.940007365, 32.412651273], [73.940895389, 32.412961053], [73.944834572, 32.413990837], [73.946061928, 32.41431162], [73.948305366, 32.414156027], [73.948942337, 32.413688196], [73.949939588, 32.412956585], [73.952222809, 32.412226638], [73.952631141, 32.412096669], [73.95612908800001, 32.412139987], [73.956585612, 32.412148085], [73.958842176, 32.412188302], [73.95951916300001, 32.412200422], [73.959967289, 32.412231873], [73.961086506, 32.412310422], [73.96198137600001, 32.412373228], [73.962730504, 32.412610198], [73.96330986400001, 32.412793505], [73.964394279, 32.413136684], [73.967057251, 32.413831989], [73.968762896, 32.414277567], [73.969477407, 32.414461546], [73.970633355, 32.414846762], [73.971404801, 32.415103847], [73.972380806, 32.4154291], [73.974304973, 32.416249663], [73.97699895, 32.417398513], [73.978051188, 32.417847127], [73.978920965, 32.418217951], [73.980310611, 32.418734434], [73.982348206, 32.419476421], [73.983979208, 32.420070348], [73.98550022, 32.420573769], [73.987520796, 32.421242729], [73.98989142100001, 32.422027492], [73.991470179, 32.422550119], [73.9925315, 32.423022368], [73.995127851, 32.424177649], [73.996347768, 32.424720467], [73.997269181, 32.425355459], [73.999072483, 32.426598207], [74.000681665, 32.427766271], [74.00164898300001, 32.428468421], [74.002999603, 32.430059419], [74.003480104, 32.430782215], [74.004929307, 32.432962186], [74.005346495, 32.433636831], [74.00618258, 32.434988876], [74.006640421, 32.435742405], [74.007149942, 32.436650283], [74.007541607, 32.437331101], [74.008337194, 32.438606544], [74.008932084, 32.439559992], [74.010130929, 32.441148452], [74.01179294900001, 32.442469059], [74.012453895, 32.4429941], [74.012939752, 32.443369757], [74.01400175900001, 32.444151002], [74.015512348, 32.445260238], [74.016119527, 32.445758674], [74.017630775, 32.446999263], [74.018499718, 32.448043636], [74.019279745, 32.448981143]]], [[[74.07605134000005, 32.479381328000045], [74.07605134000005, 32.47728132800006], [74.07930017300004, 32.46887258400005], [74.07937570600006, 32.46851001700003], [74.07938169000005, 32.468481292000035], [74.07943050000006, 32.468247], [74.07884478300008, 32.468481292000035], [74.07874805500006, 32.46851998400007], [74.07609291336087, 32.469582063490385], [74.076586937, 32.469920575], [74.07705806700001, 32.470933075], [74.077321971, 32.471500224], [74.07740794300001, 32.472746838], [74.077439123, 32.473198926], [74.07680065400001, 32.474647842], [74.076296921, 32.475790993], [74.075579527, 32.477674893], [74.07530988900001, 32.478382984], [74.074978946, 32.481046254], [74.07525542390125, 32.48176907629656], [74.07605134000005, 32.479381328000045]]], [[[74.05878891729037, 32.4842098454914], [74.059599674, 32.484194822], [74.061619776, 32.483639958], [74.062629019, 32.481591864], [74.063784041, 32.478368364], [74.0640453469283, 32.47763909551775], [74.05878891729037, 32.4842098454914]]], [[[74.075445778, 32.482266737], [74.075665204, 32.482819881], [74.07606874400001, 32.483841026], [74.07776178200001, 32.485171747], [74.078961534, 32.485332179], [74.081471574, 32.485690099], [74.08168879880328, 32.48577073942461], [74.07526283491498, 32.4817884516099], [74.075445778, 32.482266737]]], [[[74.09726167000008, 32.49103111000005], [74.09614245900008, 32.490786281000055], [74.09100750000005, 32.489663], [74.08901181200008, 32.48886472500004], [74.084745470278, 32.48715818818267], [74.08630662, 32.488369715], [74.086748113, 32.488713086], [74.08766687, 32.489232277], [74.088422353, 32.489659197], [74.089163541, 32.490023657], [74.089790188, 32.490331801], [74.092252325, 32.490632419], [74.092712484, 32.490639785], [74.09394919600001, 32.490660831], [74.096870222, 32.491100179], [74.098358779, 32.491520797], [74.099319674, 32.491792315], [74.101007787, 32.492212127], [74.102507008, 32.492236505], [74.10279361128218, 32.49224123208974], [74.09726167000008, 32.49103111000005]]], [[[74.107623371, 32.493461639], [74.109336622, 32.493830647], [74.109758182, 32.493921618], [74.11007882688544, 32.49402633973787], [74.10952850000007, 32.49371450000007], [74.10625854711242, 32.492999192469206], [74.107148556, 32.493359332], [74.107623371, 32.493461639]]], [[[74.163336006, 32.529696337], [74.165606114, 32.531451501], [74.16647579, 32.5321227], [74.167502022, 32.532915054], [74.168154724, 32.534946635], [74.168120679, 32.536440925], [74.1680444, 32.53702628], [74.167917059, 32.538010203], [74.16774325, 32.539614145], [74.168470137, 32.541260116], [74.169502524, 32.543515047], [74.168808243, 32.544641264], [74.168414892, 32.546300054], [74.170248625, 32.547175173], [74.17251794, 32.546952581], [74.17356437921971, 32.546306095028115], [74.17273052700006, 32.54371177100006], [74.17247194900006, 32.54290727000006], [74.17203639400003, 32.54155214800005], [74.17182529100006, 32.54089535400004], [74.17144891700008, 32.53972436000004], [74.17105134000008, 32.53858132800008], [74.17000485400007, 32.53531629100007], [74.16855134000008, 32.530781328000046], [74.16540266400006, 32.52872377700004], [74.16273248100003, 32.527007225000034], [74.15840800200004, 32.52422719400005], [74.15474813100008, 32.521874411000056], [74.15236050000004, 32.520339500000034], [74.14946577900008, 32.51902375900005], [74.14657989200003, 32.517712033000066], [74.14434222300008, 32.51669494300006], [74.14432901400005, 32.51668893900006], [74.13999940400004, 32.51472099600005], [74.13325950000007, 32.51165750000007], [74.13301346400004, 32.511344337000025], [74.12833515700004, 32.505389628000046], [74.12702589600008, 32.503723155000046], [74.126893, 32.503554], [74.11777170800008, 32.49838546900003], [74.1147186045381, 32.49665544452114], [74.115434658, 32.497504268], [74.116582457, 32.498861636], [74.12264466100001, 32.506655423], [74.125120985, 32.509839074], [74.126823565, 32.5126573], [74.127349871, 32.513528479], [74.128309324, 32.514489657], [74.12986489500001, 32.515005087], [74.131456298, 32.514141691], [74.13181805, 32.513755879], [74.132928404, 32.512571677], [74.134559902, 32.513497819], [74.134929231, 32.513895108], [74.135806623, 32.514839613], [74.139010436, 32.51740037], [74.141600298, 32.519308236], [74.142109312, 32.519640022], [74.142558628, 32.51983458], [74.144318902, 32.520595797], [74.145325727, 32.520696542], [74.14612435, 32.520776453], [74.14674891300001, 32.520862091], [74.1478512, 32.521097491], [74.14855979500001, 32.521248956], [74.149187566, 32.521495741], [74.149940192, 32.521791706], [74.150354862, 32.522001976], [74.151359478, 32.522511393], [74.15206949600001, 32.522871427], [74.152598321, 32.523252051], [74.15325498, 32.523726907], [74.15403577500001, 32.524408397], [74.155336026, 32.524982426], [74.15623702500001, 32.525452791], [74.156942153, 32.525820865], [74.157660722, 32.526252089], [74.160291797, 32.527831039], [74.162833101, 32.529366542], [74.163336006, 32.529696337]]], [[[74.18518189000001, 32.547846765], [74.1866351, 32.54957572], [74.187674537, 32.550086832], [74.18977492623796, 32.55109460209202], [74.18708850000007, 32.537125], [74.18538832500008, 32.53838162900007], [74.18344435545579, 32.53981845067259], [74.18470014, 32.540029809], [74.185278945, 32.541680831], [74.185071932, 32.544280526], [74.184945792, 32.545578214], [74.184868941, 32.54636885], [74.185050806, 32.547299687], [74.18518189000001, 32.547846765]]], [[[74.209755029, 32.553669622], [74.20978874941372, 32.55266934107201], [74.19519486500008, 32.55230435800007], [74.19427256700004, 32.55228129200003], [74.19319200087712, 32.55225426782446], [74.20264594400001, 32.555297993], [74.203811281, 32.55567123], [74.20466525, 32.555792467], [74.206047123, 32.555987978], [74.207952397, 32.556257541], [74.20904501400001, 32.554689194], [74.209755029, 32.553669622]]], [[[74.2903845065554, 32.206917357545215], [74.29045394093588, 32.20696859938656], [74.2905283285409, 32.20701234117112], [74.2906068623962, 32.207048108377705], [74.29068869054805, 32.207075512995246], [74.2947818172859, 32.208213004545385], [74.29698640332441, 32.209131995631296], [74.29698640332441, 32.21154609057621], [74.29335572161968, 32.213564044099236], [74.28930781106135, 32.21468896994462], [74.28922461726698, 32.21471691393163], [74.28914484599187, 32.21475350105363], [74.28906939227127, 32.21479832080238], [74.28899910269742, 32.214850870299415], [74.28623734372401, 32.21715337229629], [74.28617802270176, 32.2172079324871], [74.28612428350881, 32.21726799826143], [74.28607663466703, 32.21733300123043], [74.28603552706662, 32.217402326285715], [74.28600134969948, 32.21747531741996], [74.28597442597834, 32.217551283934576], [74.28595501067626, 32.21762950697561], [74.28594328751588, 32.21770924633611], [74.28593936743079, 32.21778974746055], [74.28593936743079, 32.22069124429762], [74.28368734941647, 32.221630007604794], [74.28360827304354, 32.2216680031585], [74.2835336576081, 32.221714147190085], [74.28346433971649, 32.22176792232149], [74.28340109657768, 32.22182872561292], [74.28334463728906, 32.221895875323156], [74.28329559488586, 32.22196861855338], [74.2820548974075, 32.224037378679746], [74.27959214293216, 32.225063988378835], [74.27560787500563, 32.22617122775602], [74.26881646179567, 32.22617122775602], [74.2687335875567, 32.22617538296126], [74.26865154457413, 32.22618780689888], [74.26857115576657, 32.22620837495262], [74.26849322746071, 32.22623688081801], [74.26841854130357, 32.226273038571655], [74.26834784642237, 32.22631648553918], [74.26828185191044, 32.22636678593292], [74.26822121971487, 32.226423435223076], [74.2681665579969, 32.226485865198285], [74.26811841503188, 32.22655344966495], [74.2680772737099, 32.226625510728226], [74.2680435466922, 32.2267013255915], [74.26801757227207, 32.22678013380626], [74.26799961098166, 32.226861144899715], [74.26798984297874, 32.22694354630343], [74.26798836623962, 32.2270265115037], [74.26799519557653, 32.227109208331775], [74.26931568745655, 32.23701735635586], [74.2670012124427, 32.238946953903074], [74.26450804893415, 32.239986239737256], [74.25776942590204, 32.239986239737256], [74.257687304773, 32.23999031957974], [74.25760599240697, 32.24000251892719], [74.2575262896019, 32.24002271763539], [74.25744898130414, 32.240050716779045], [74.25737482887791, 32.240086240610964], [74.25730456260715, 32.240128939277696], [74.25723887450324, 32.240178392265015], [74.2547075947948, 32.24228874173413], [74.25235889217878, 32.24228874173413], [74.24832511252998, 32.24116774290866], [74.24827232415618, 32.24115492123378], [74.24277541067558, 32.2400092153279], [74.23883072917718, 32.23891297713157], [74.23482502602688, 32.23557338827127], [74.23475933792298, 32.23552393528395], [74.23468907165221, 32.23548123661722], [74.23461491922599, 32.2354457127853], [74.23453761092823, 32.235417713641645], [74.23445790812316, 32.235397514933446], [74.23437659575713, 32.235385315585994], [74.23429447462809, 32.23538123574351], [74.22907102881511, 32.23538123574351], [74.22653974910666, 32.2332708862744], [74.22647406100276, 32.23322143328708], [74.226403794732, 32.233178734620346], [74.22632964230577, 32.23314321078843], [74.22625233400801, 32.23311521164477], [74.22617263120294, 32.23309501293657], [74.22609131883691, 32.23308281358912], [74.22600919770787, 32.23307873374664], [74.22048567976105, 32.23307873374664], [74.22037165021102, 32.23308661815552], [74.21227850112109, 32.234211172718986], [74.20555811502658, 32.23197003545084], [74.20547243810245, 32.231946486110424], [74.20538473198688, 32.23193224728827], [74.20529600540732, 32.231927482748205], [74.19869168010764, 32.231927482748205], [74.1961604003992, 32.229817133279084], [74.19609843967295, 32.22977022159433], [74.1960323560272, 32.229729321844594], [74.1918897175671, 32.22742681984773], [74.19180599727322, 32.22738626259698], [74.18904423829981, 32.22623501159854], [74.18896729916699, 32.22620731120725], [74.18888800414273, 32.226187330192076], [74.18880712565758, 32.22617526319255], [74.18872545156688, 32.22617122775602], [74.17767841567326, 32.22617122775602], [74.17759718256154, 32.22617521962832], [74.17751673221716, 32.22618715677928], [74.17743783986467, 32.226206924181774], [74.17736126571569, 32.226234331355876], [74.17728774764352, 32.22626911420434], [74.17721799407289, 32.22631093755748], [74.17715267715356, 32.22635939840283], [74.17709242628344, 32.22641402976867], [74.17036286087904, 32.2331466250158], [74.16547347281553, 32.234165706142], [74.16301929271832, 32.232119635275964], [74.16295771900542, 32.23207298916195], [74.16289206860512, 32.232032280354396], [74.16282291219736, 32.23199786272319], [74.16275085093879, 32.23197003545084], [74.15584645350528, 32.22966753345396], [74.15576077658113, 32.22964398411355], [74.15567307046557, 32.22962974529139], [74.155584343886, 32.229624980751325], [74.1528225849126, 32.229624980751325], [74.15273734995279, 32.22962937669534], [74.15265301946029, 32.22964251788], [74.15257048830473, 32.229664264858165], [74.1524906322621, 32.229694386862654], [74.15241429872158, 32.22973256425503], [74.15234229769342, 32.22977839191745], [74.15227539321363, 32.22983138355152], [74.15221429523638, 32.229890976838675], [74.15215965210038, 32.22995653940716], [74.15211204364905, 32.230027375542434], [74.15105566342206, 32.23178880194174], [74.14769268305477, 32.23085422014252], [74.14368697990447, 32.22751463128222], [74.14361669033062, 32.227462081785184], [74.14354123661002, 32.22741726203643], [74.14346146533491, 32.227380674914436], [74.14337827154054, 32.22735273092742], [74.13923563308043, 32.22620147992898], [74.13916269860492, 32.226184719021], [74.13908854928124, 32.22617460746548], [74.13901379004557, 32.22617122775602], [74.12520499517854, 32.22617122775602], [74.12513023594286, 32.22617460746548], [74.12505608661918, 32.226184719021], [74.12498315214367, 32.22620147992898], [74.12084051368356, 32.22735273092742], [74.12076583899169, 32.2273773557668], [74.120693834933, 32.22740894861173], [74.12062515002326, 32.227447224916354], [74.12056040288385, 32.227491839939134], [74.12050017666998, 32.227542391847926], [74.12044501381843, 32.22759842533907], [74.12039541116204, 32.22765943573817], [74.12035181545488, 32.22772487354557], [74.11921226418998, 32.229624980751325], [74.11703270248186, 32.229624980751325], [74.11331753860358, 32.228592526153754], [74.11210674157505, 32.22657362254713], [74.11205913312372, 32.22650278641186], [74.11200448998773, 32.22643722384337], [74.11194339201047, 32.226377630556215], [74.11187648753068, 32.226324638922144], [74.11180448650252, 32.226278811259725], [74.111728152962, 32.22624063386735], [74.11164829691937, 32.22621051186286], [74.11156576576381, 32.2261887648847], [74.11148143527132, 32.22617562370004], [74.1113962003115, 32.22617122775602], [74.1074193362528, 32.22617122775602], [74.1051318891826, 32.22521769569591], [74.10388023978524, 32.22208716338165], [74.10384603422104, 32.22201256013515], [74.10380461560183, 32.22194170702659], [74.10375639033542, 32.22187529928087], [74.10370183161781, 32.22181398850414], [74.10364147479008, 32.22175837629003], [74.09811795684327, 32.21715337229629], [74.09804766726941, 32.21710082279925], [74.09797221354881, 32.2170560030505], [74.0978924422737, 32.217019415928505], [74.09780924847934, 32.21699147194149], [74.09455726777519, 32.21608773726403], [74.09536251720587, 32.21407370732154], [74.1057868036221, 32.21516005937654], [74.10587268236469, 32.215164522157266], [74.1086344413381, 32.215164522157266], [74.10871656246714, 32.21516044231478], [74.10879787483317, 32.21514824296733], [74.10887757763824, 32.21512804425913], [74.108954885936, 32.21510004511548], [74.10902903836222, 32.21506452128356], [74.10909930463299, 32.215021822616826], [74.1091649927369, 32.21497236962951], [74.11169627244534, 32.21286202016039], [74.11415795928491, 32.21286202016039], [74.11423271852058, 32.212858640450925], [74.11430686784426, 32.21284852889541], [74.11437980231977, 32.212831767987424], [74.11852244077988, 32.21168051698899], [74.11859786874389, 32.21165560302165], [74.11867056412345, 32.211623580134294], [74.11873985868564, 32.211584742688785], [74.12426337663246, 32.20813098969347], [74.12433945887847, 32.20807724076667], [74.12440902671781, 32.20801529102074], [74.12447120074971, 32.20794592355685], [74.1271004719193, 32.204657854878555], [74.12966642037158, 32.203588228330375], [74.12973978463565, 32.20355333085649], [74.12980937845131, 32.203511416064984], [74.12987453268886, 32.203462886957674], [74.12993462090414, 32.203408210131585], [74.12998906536174, 32.20334791129278], [74.13003734258982, 32.20328257020176], [74.13007898841308, 32.20321281509921], [74.13011360241578, 32.2031393166656], [74.13014085179167, 32.20306278157273], [74.13016047454377, 32.20298394568924], [74.13017228200354, 32.20290356700538], [74.13017616064472, 32.20282241834507], [74.13017207317503, 32.202741279935445], [74.13016005889462, 32.20266093190502], [74.13014023331822, 32.20258214678304], [74.13011278706453, 32.20250568207167], [74.13007798402346, 32.20243227296284], [74.13003615881884, 32.20236262526952], [74.1299877135911, 32.20229740863947], [74.12993311413081, 32.202237250116696], [74.12987288540016, 32.20218272811261], [74.12980760648557, 32.20213436684467], [74.12973790502994, 32.202092631296175], [74.12966445119791, 32.20205792274555], [74.12958795123245, 32.20203057490813], [74.12950914066447, 32.20201085072754], [74.12942877724079, 32.20199893984759], [74.12934763363864, 32.20199495678885], [74.10621597900906, 32.20199495678885], [74.0997968126232, 32.19557290031077], [74.0997968126232, 32.19038912381676], [74.10088962322325, 32.188566952792364], [74.10471364591285, 32.18750424602183], [74.10479683970722, 32.18747630203482], [74.10487661098233, 32.18743971491282], [74.10495206470293, 32.18739489516407], [74.10502235427678, 32.187342345667034], [74.10778411325019, 32.185039843670154], [74.10784565932725, 32.18498301894849], [74.10790115298953, 32.18492027006768], [74.10795002698127, 32.184852238446176], [74.10799178171304, 32.18477961950258], [74.10802599036835, 32.18470315554704], [74.10805230326665, 32.1846236281934], [74.10807045143774, 32.184541850369506], [74.10808024937117, 32.18445865800751], [74.10808159691258, 32.18437490149895], [74.10807448028741, 32.18429143700206], [74.10805897224174, 32.18420911769015], [74.10803523129864, 32.184128785030445], [74.10800350013784, 32.18405126018263], [74.10796410311494, 32.18397733560498], [74.10687939154685, 32.18216866904458], [74.10888117976712, 32.17966530719138], [74.10893996421926, 32.17961629809257], [74.10893156644038, 32.17960229549291], [74.10928152639597, 32.17916464859594], [74.10932877243073, 32.17909927818857], [74.1093694383765, 32.179029623620785], [74.1094031388472, 32.17895634500021], [74.1094295544677, 32.17888013677917], [74.10944843490043, 32.178801721173464], [74.10945960121792, 32.17872184131797], [74.10946294759837, 32.17864125422411], [74.10945844232855, 32.17856072360569], [74.10944612810432, 32.17848101264132], [74.10942612162607, 32.17840287674184], [74.10939861249267, 32.17832705639141], [74.10936386140476, 32.17825427013001], [74.10932219769406, 32.17818520774395], [74.1092740162023, 32.17812052372882], [74.10921977353952, 32.17806083108695], [74.10915998375663, 32.17800669551805], [74.10909521347392, 32.177958630058136], [74.10902607651127, 32.17791709021756], [74.10895322807103, 32.17788246966421], [74.10619146909762, 32.17673121866578], [74.10611975612792, 32.17670513213399], [74.10604594721967, 32.17668575425411], [74.10597066849739, 32.17667324940961], [74.09703505364979, 32.17560900680046], [74.09703505364979, 32.174594465678204], [74.09928707166411, 32.173655702371036], [74.09936035766304, 32.17362084694408], [74.09942988219669, 32.17357898911746], [74.09949497826092, 32.17353053046654], [74.0995550213375, 32.173475935893705], [74.09960943538543, 32.17341572916805], [74.09965769836757, 32.17335048790056], [74.0996993472587, 32.17328083800254], [74.09973398248798, 32.173207447680824], [74.0997612717721, 32.173131021027096], [74.09978095330327, 32.17305229126297], [74.09979283826091, 32.17297201370565], [74.0997968126232, 32.172890958521535], [74.0997968126232, 32.16943720552622], [74.09979287585412, 32.16935653368326], [74.09978110295819, 32.16927662846868], [74.0997616058138, 32.16919824922552], [74.09973456970323, 32.16912214079549], [74.09970025155195, 32.169049026440604], [74.09965897748698, 32.16897960097008], [74.09961113973772, 32.16891452413747], [74.09955719290859, 32.16885441437101], [74.09949764965887, 32.16879984289669], [74.0994330758309, 32.168751328309824], [74.09936408507286, 32.16870933164684], [74.0992913330072, 32.16867425200403], [74.09921551100028, 32.16864642274492], [74.09913733959223, 32.168626108332276], [74.09427329467638, 32.16761230940563], [74.09427329467638, 32.16308195569384], [74.0965253126907, 32.162143192386665], [74.09659965636658, 32.16210776782123], [74.0966701160998, 32.162065137925936], [74.09673599578151, 32.162015723863995], [74.09679664455159, 32.16196001382299], [74.09685146322883, 32.1618985581918], [74.09689991023062, 32.16183196412302], [74.09694150692347, 32.16176088953458], [74.09697584235172, 32.16168603660981], [74.09819167689234, 32.15864508174958], [74.10871986726043, 32.15645072123701], [74.11120053269738, 32.15645072123701], [74.11792993545679, 32.15981693750146], [74.11800016904961, 32.15984808690022], [74.11807298611154, 32.159872596451336], [74.1181477604686, 32.15989025539042], [74.11822384911551, 32.159900911863396], [74.11830059774502, 32.15990447423232], [74.12244323620513, 32.15990447423232], [74.12252535733417, 32.15990039438984], [74.1226066697002, 32.159888195042384], [74.12268637250527, 32.159867996334185], [74.12276368080303, 32.15983999719053], [74.12283783322926, 32.15980447335861], [74.12290809950002, 32.15976177469188], [74.12297378760393, 32.15971232170456], [74.12550506731237, 32.15760197223544], [74.12796675415194, 32.15760197223544], [74.12804887528098, 32.15759789239296], [74.12813018764702, 32.157585693045505], [74.12820989045208, 32.157565494337305], [74.12828719874985, 32.15753749519365], [74.12836135117607, 32.15750197136173], [74.12843161744684, 32.157459272695], [74.12849730555074, 32.15740981970768], [74.13125906452414, 32.155107317710815], [74.13132679207268, 32.15504410957074], [74.13138703977208, 32.154973735537745], [74.13143905438889, 32.154897075447465], [74.1328199338756, 32.152594573450585], [74.13285537160803, 32.15252895889039], [74.13288476604941, 32.15246042371543], [74.1329078790708, 32.15238952313975], [74.13292452343006, 32.15231683153986], [74.13293456428868, 32.15224293780164], [74.13293792030407, 32.15216844054967], [74.13293792030407, 32.14526093455906], [74.13293218592416, 32.14516362422051], [74.13291506216166, 32.14506766088449], [74.13153418267495, 32.13931140589231], [74.13150816064096, 32.13922430858435], [74.13147275377322, 32.13914058617981], [74.13142838827403, 32.13906124646853], [74.13137559818323, 32.138987244484646], [74.12861383920982, 32.13553349148934], [74.12855879570898, 32.135471319005035], [74.12849780538114, 32.135414968453134], [74.12843148085041, 32.13536500585299], [74.12836048832088, 32.13532193305949], [74.12828554088487, 32.13528618272207], [74.12603352287056, 32.134347419414894], [74.12603352287056, 32.12684091858408], [74.12603016685516, 32.126766421332114], [74.12602012599655, 32.12669252759389], [74.12600348163728, 32.126619835994], [74.1259803686159, 32.12654893541832], [74.12595097417451, 32.12648040024336], [74.12591553644208, 32.12641478568317], [74.12315377746867, 32.12180978168942], [74.12310616901735, 32.12173894555415], [74.12305152588135, 32.12167338298566], [74.1229904279041, 32.12161378969851], [74.1229235234243, 32.121560798064436], [74.12285152239615, 32.12151497040202], [74.12277518885563, 32.12147679300964], [74.122695332813, 32.12144667100515], [74.12261280165744, 32.12142492402699], [74.12252847116494, 32.12141178284233], [74.12244323620513, 32.12140738689831], [74.12118015866466, 32.12140738689831], [74.12064023707369, 32.120732181049426], [74.11942541349399, 32.12140738689831], [74.11835788509808, 32.12140738689831], [74.11018400191885, 32.12027161421843], [74.10626629845368, 32.119182873294186], [74.10380243880549, 32.11712873250399], [74.10249936029854, 32.11386956952864], [74.10246515473433, 32.113794966282136], [74.10242373611513, 32.11372411317357], [74.10237551084872, 32.113657705427855], [74.10232095213111, 32.11359639465112], [74.10226059530338, 32.11354078243701], [74.09811795684327, 32.1100870294417], [74.09805480602061, 32.11003930312382], [74.09798738887584, 32.10999782112277], [74.09791632077672, 32.10996296207647], [74.0978422504161, 32.109935044170065], [74.09776585389073, 32.10991432223162], [74.09768782853007, 32.109900985406085], [74.0976088865312, 32.109895155428866], [74.09752974845803, 32.109896885514615], [74.09745113666423, 32.109906159871514], [74.09092163453906, 32.11099490018713], [74.08707092094964, 32.107784527444835], [74.0870053680603, 32.10773516612717], [74.08693525382914, 32.107692531451505], [74.08686126603247, 32.107657041637104], [74.08678413044389, 32.10762904481664], [74.08670460371482, 32.10760881562125], [74.08662346595229, 32.10759655248657], [74.0865415130665, 32.107592375706204], [74.08645954896356, 32.10759632625174], [74.08637837765956, 32.10760836537081], [74.08629879539374, 32.10762837496727], [74.08622158281791, 32.107656158759596], [74.0834598238445, 32.10880740975803], [74.08338074747158, 32.10884540531173], [74.08330613203614, 32.10889154934332], [74.08323681414453, 32.108945324474725], [74.08317357100572, 32.10900612776616], [74.0831171117171, 32.10907327747639], [74.0830680693139, 32.10914602070662], [74.08168718982719, 32.11144852270349], [74.08164322384113, 32.11153234442035], [74.08160910506437, 32.111620633701804], [74.08158527878722, 32.11171223826863], [74.08033756141838, 32.117953633903], [74.07708899072401, 32.117953633903], [74.07313408171062, 32.115755472999396], [74.07304593998391, 32.11571308762205], [74.07295341771868, 32.11568138407909], [74.06881077925857, 32.11453013308065], [74.0687321850903, 32.114512358418246], [74.06865223597809, 32.11450230250632], [74.0685716881343, 32.11450006046042], [74.06849130343451, 32.11450565348734], [74.0684118422112, 32.11451902868448], [74.06833405606194, 32.114540059540225], [74.06825868074037, 32.11456854713064], [74.06818642919689, 32.114604222000956], [74.0642315201835, 32.11680238290457], [74.05478014135667, 32.11680238290457], [74.05469802022763, 32.11680646274705], [74.0546167078616, 32.1168186620945], [74.05453700505653, 32.1168388608027], [74.05445969675877, 32.116866859946356], [74.05438554433255, 32.116902383778275], [74.05431527806178, 32.11694508244501], [74.05424958995788, 32.116994535432326], [74.05010695149777, 32.12044828842763], [74.05004757107272, 32.12050290885004], [74.04999378475023, 32.12056304583479], [74.04994610256584, 32.12062812912538], [74.04990497667184, 32.120697541561334], [74.0498707970497, 32.12077062493053], [74.04984388781196, 32.12084668621073], [74.04864009368963, 32.12486113989362], [74.04649486443645, 32.12486113989362], [74.04640962947664, 32.124865535837635], [74.04632529898414, 32.124878677022295], [74.04624276782859, 32.12490042400046], [74.04616291178596, 32.12493054600495], [74.04608657824544, 32.12496872339732], [74.04601457721728, 32.12501455105974], [74.04594767273748, 32.12506754269381], [74.04588657476023, 32.12512713598097], [74.04583193162424, 32.125192698549455], [74.04578432317291, 32.12526353468473], [74.04464477190801, 32.12716364189049], [74.04235222597634, 32.12716364189049], [74.04227101606129, 32.12716763147779], [74.04219058824211, 32.12717956181777], [74.04211171708268, 32.127199318014746], [74.04203516215536, 32.12722670980573], [74.04196166072596, 32.127261473392814], [74.04189192065343, 32.12730327398364], [74.04182661357278, 32.12735170901568], [74.04176636842692, 32.12740631203308], [74.04171176540952, 32.12746655717895], [74.04166333037747, 32.127531864259595], [74.04162152978665, 32.12760160433212], [74.04158676619957, 32.12767510576152], [74.04155937440858, 32.12775166068884], [74.0415396182116, 32.127830531848275], [74.04152768787162, 32.12791095966745], [74.04152369828432, 32.12799216958251], [74.04152369828432, 32.12990672179068], [74.0392903948691, 32.131768645884236], [74.03694169225308, 32.131768645884236], [74.03290791260429, 32.130647647058765], [74.03282799210236, 32.130629640683445], [74.03274668402071, 32.13061961511402], [74.03266478331027, 32.130617668370704], [74.03258309071603, 32.13062381948684], [74.0325024049483, 32.13063800832285], [74.03242351487357, 32.13066009615416], [74.03234719180183, 32.13068986702756], [74.03227418194544, 32.13072702987258], [74.03220519912333, 32.13077122134727], [74.03214091778206, 32.13082200939061], [74.0320819664017, 32.130878897446806], [74.03202892135123, 32.13094132932008], [74.03198230125321, 32.131008694612646], [74.03194256191337, 32.13108033469258], [74.03191009186412, 32.13115554913323], [74.03188520856584, 32.131233602561394], [74.03186815530306, 32.131313731846994], [74.03185909880591, 32.131395153564256], [74.03185812761997, 32.13147707165127], [74.03186525124053, 32.13155868519311], [74.03188040001982, 32.1316391962524], [74.0332384213641, 32.13730016610373], [74.0332384213641, 32.13911672977817], [74.02998719153587, 32.141827307798884], [74.02499861103495, 32.13662853019215], [74.02494366729269, 32.13657628200531], [74.02488417729089, 32.13652927532998], [74.0248206392237, 32.13648790381973], [74.02475358518552, 32.13645251393692], [74.02468357671493, 32.13642340205125], [74.0246112000922, 32.13640081195783], [74.02453706142943, 32.136384932835554], [74.01763266399591, 32.13523368183712], [74.01755405220212, 32.13522440748022], [74.01747491412895, 32.135222677394474], [74.01739597213007, 32.13522850737169], [74.01731794676942, 32.135241844197225], [74.01724155024405, 32.13526256613568], [74.01716747988344, 32.13529048404208], [74.01709641178432, 32.13532534308838], [74.01702899463955, 32.13536682508943], [74.01696584381689, 32.13541455140731], [74.01305368462174, 32.138676151874854], [74.00230672086195, 32.138676151874854], [74.0022255109469, 32.13868014146215], [74.00214508312771, 32.13869207180213], [74.00206621196828, 32.13871182799911], [74.00198965704097, 32.1387392197901], [74.00191615561157, 32.13877398337718], [74.00184641553903, 32.138815783968006], [74.00178110845839, 32.13886421900004], [74.00172086331253, 32.138918822017445], [74.00166626029512, 32.13897906716331], [74.00161782526308, 32.13904437424396], [74.00157602467226, 32.139114114316484], [74.00154126108518, 32.13918761574588], [74.00151386929419, 32.1392641706732], [74.00149411309721, 32.13934304183264], [74.00148218275723, 32.13942346965182], [74.00147819316993, 32.139504679566876], [74.00147819316993, 32.15216844054967], [74.00148154918533, 32.15224293780164], [74.00149159004394, 32.15231683153986], [74.0015082344032, 32.15238952313975], [74.00153134742459, 32.15246042371543], [74.00156074186597, 32.15252895889039], [74.00159617959841, 32.152594573450585], [74.00164075000373, 32.15266889090424], [74.00066925626435, 32.155908661349706], [73.99940017193312, 32.156966707774096], [73.99710198964807, 32.15600870069392], [73.99702505051525, 32.155981000302624], [73.99694575549098, 32.15596101928745], [73.99686487700583, 32.15594895228793], [73.99678320291514, 32.155944916851396], [73.99670152882445, 32.15594895228793], [73.9966206503393, 32.15596101928745], [73.99654135531503, 32.155981000302624], [73.9964644161822, 32.15600870069392], [73.9937026572088, 32.15715995169236], [73.9936279007075, 32.15719559893699], [73.99355707658813, 32.15723853149634], [73.99349089254294, 32.157288320377596], [73.99102105844021, 32.159347442121465], [73.98449155631504, 32.15825870180585], [73.9844236550812, 32.15825024440572], [73.98435528753481, 32.158247418848276], [73.9815935285614, 32.158247418848276], [73.98151140743236, 32.15825149869076], [73.98143009506633, 32.15826369803821], [73.98135039226126, 32.15828389674641], [73.9812730839635, 32.158311895890066], [73.98119893153728, 32.158347419721984], [73.98112866526651, 32.158390118388716], [73.98106297716261, 32.158439571376036], [73.97853169745416, 32.16054992084514], [73.97615543653693, 32.16054992084514], [73.97071554732884, 32.159416100344785], [73.97063146810642, 32.159403038991314], [73.97054649266778, 32.15939866984671], [73.97046151722914, 32.159403038991314], [73.97037743800672, 32.159416100344785], [73.96493754879863, 32.16054992084514], [73.96242699014897, 32.16054992084514], [73.95981824350709, 32.15946245368923], [73.9597442368524, 32.15943565420464], [73.95966802108867, 32.1594159982979], [73.95959028405346, 32.15940366336107], [73.95951172731361, 32.15939876071536], [73.9594330598337, 32.15940133460655], [73.95935499157774, 32.15941136180559], [73.95927822710178, 32.15942875181828], [73.95920345919545, 32.15945334770198], [73.95913136262959, 32.159484927481955], [73.95906258806656, 32.15952320615472], [73.95899775618798, 32.15956783826012], [73.95893745209337, 32.159618420999095], [73.95888222001945, 32.15967449786885], [73.95883255842868, 32.159735562782785], [73.95878891551061, 32.15980106463782], [73.9574080360239, 32.16210356663469], [73.95737259829147, 32.16216918119488], [73.95734320385009, 32.162237716369845], [73.9573200908287, 32.16230861694552], [73.95730344646944, 32.16238130854541], [73.95729340561083, 32.16245520228364], [73.95729004959543, 32.162529699535604], [73.95729004959543, 32.16713470352935], [73.95729340561083, 32.167209200781315], [73.95730344646944, 32.16728309451954], [73.9573200908287, 32.16735578611943], [73.95734320385009, 32.16742668669511], [73.95737259829147, 32.16749522187007], [73.9574080360239, 32.16756083643026], [73.95842410016861, 32.169255039106645], [73.95620714640195, 32.17110333235883], [73.95613941885341, 32.17116654049891], [73.95607917115402, 32.1712369145319], [73.9560271565372, 32.17131357462218], [73.9546462770505, 32.173616076619055], [73.95461083931806, 32.17368169117925], [73.95458144487668, 32.17375022635421], [73.9545583318553, 32.17382112692989], [73.95454168749603, 32.17389381852978], [73.95453164663742, 32.173967712268], [73.95452829062202, 32.17404220951997], [73.95452829062202, 32.17413944683733], [73.959028, 32.173068], [73.95904228000006, 32.17309656100008], [73.96182250000004, 32.178657], [73.96585803200003, 32.18218812400005], [73.969275, 32.185178], [73.982316, 32.187507], [73.99441188200007, 32.18999705900006], [73.99593184400004, 32.19030995800006], [73.998152, 32.190767], [74.004673, 32.192165], [74.013988, 32.195891], [74.01394007800008, 32.19684892600003], [74.013522, 32.205206], [74.01434841800005, 32.20919971200004], [74.01554203300003, 32.21496792900007], [74.016317, 32.218713], [74.01978833400005, 32.22411294500006], [74.020509, 32.225234], [74.02779725100004, 32.225234], [74.03095555900006, 32.225234], [74.031221, 32.225234], [74.042865, 32.224768], [74.05177577600006, 32.22648169900003], [74.05477764200003, 32.227059043000054], [74.05479426000005, 32.22706223900008], [74.054975, 32.227097], [74.05777, 32.235481], [74.06011954200005, 32.23783012100006], [74.06056450000005, 32.238275], [74.067551, 32.244796], [74.07023720000007, 32.24492398000007], [74.077332, 32.245262], [74.085715, 32.242001], [74.09063212600006, 32.23859677300004], [74.09177, 32.237809], [74.101086, 32.235946], [74.10466776200008, 32.235647680000056], [74.112264, 32.235015], [74.116456, 32.240604], [74.11702736200004, 32.24174672400005], [74.12082525400007, 32.24934250900003], [74.12111350000004, 32.249919], [74.12470202400004, 32.252563303000045], [74.129963, 32.25644], [74.138347, 32.264824], [74.14790150900006, 32.27495725000006], [74.15161366200005, 32.27889425700005], [74.15167130100008, 32.27895538800004], [74.153717, 32.281125], [74.159772, 32.284852], [74.16592909300005, 32.28529108400005], [74.16629250000005, 32.285317], [74.16730974500007, 32.28618893500004], [74.17281350000007, 32.29090650000006], [74.18259450000005, 32.296496], [74.189581, 32.304879], [74.19269380700007, 32.30565720200008], [74.1960035035772, 32.30648462595363], [74.19590951912564, 32.30099090530579], [74.196271471665, 32.30655161796013], [74.197033, 32.306742], [74.20297012400005, 32.31119563900006], [74.204485, 32.312332], [74.20705052000005, 32.31667325800004], [74.21054, 32.322578], [74.21612950000008, 32.326305], [74.223581, 32.326305], [74.22361833800005, 32.32631491700005], [74.22395171200003, 32.326404661000026], [74.23423006651377, 32.32917158359057], [74.234320811, 32.32841248], [74.234982686, 32.326071369], [74.235734772, 32.325433483], [74.23647045300001, 32.324812535], [74.23658932, 32.323269777], [74.235271269, 32.322730615], [74.23401934600001, 32.322218502], [74.234661709, 32.320728165], [74.235307907, 32.31942186], [74.236321607, 32.317955246], [74.238030844, 32.317532287], [74.238825286, 32.317336596], [74.240639377, 32.316461696], [74.242149687, 32.315332243], [74.24284943, 32.31387888], [74.243355109, 32.312830119], [74.243295019, 32.310102537], [74.24184257200001, 32.309065863], [74.2414683, 32.30879858], [74.239774742, 32.307555367], [74.239146438, 32.306872947], [74.238248203, 32.305898231], [74.23740792800001, 32.30526803], [74.236716737, 32.304751721], [74.235822927, 32.303325029], [74.236588769, 32.301879961], [74.23810400500001, 32.30089919], [74.23878224, 32.300441031], [74.240171676, 32.299501685], [74.241352956, 32.298409274], [74.241731647, 32.296859706], [74.24084219400001, 32.294141094], [74.239183523, 32.292834541], [74.23830379600001, 32.292591686], [74.237040909, 32.292243564], [74.23530752500001, 32.290645044], [74.235718831, 32.288888535], [74.23722275300001, 32.288323525], [74.237684781, 32.288176189], [74.23932751800001, 32.287650045], [74.239788222, 32.286701348], [74.240127123, 32.286003471], [74.240424819, 32.285389932], [74.241729875, 32.283968059], [74.242290376, 32.283511173], [74.243001938, 32.28293116], [74.244097312, 32.282302968], [74.24446929, 32.282089641], [74.245802873, 32.281401939], [74.246818016, 32.280874518], [74.247940129, 32.279997605], [74.249355253, 32.278890156], [74.249911732, 32.277753312], [74.25033672, 32.2768786], [74.250554455, 32.276477757], [74.251568641, 32.2747096], [74.252758801, 32.273268363], [74.253073736, 32.272888078], [74.253777147, 32.270961547], [74.254117954, 32.270127051], [74.254409906, 32.269411517], [74.254644876, 32.268606261], [74.254802455, 32.268066216], [74.25495747100001, 32.267535231], [74.255210485, 32.266668254], [74.255563498, 32.264903546], [74.255712218, 32.264160098], [74.256038181, 32.263406994], [74.256474012, 32.262399601], [74.257145343, 32.261987698], [74.258341672, 32.261252642], [74.258771916, 32.260988186], [74.260055825, 32.260330517], [74.26105013, 32.259821037], [74.262809886, 32.25891934], [74.26462811, 32.258348318], [74.265358932, 32.2581188], [74.266372316, 32.257777418], [74.268812055, 32.256962842], [74.26965303, 32.256679502], [74.271333235, 32.256114192], [74.271753268, 32.255972979], [74.273728716, 32.255308144], [74.276050799, 32.254340044], [74.277658222, 32.253669893], [74.27886569600001, 32.253263429], [74.281279655, 32.252450834], [74.28289017, 32.251908697], [74.283629483, 32.251826228], [74.284793511, 32.251694287], [74.286145849, 32.251195906], [74.287218099, 32.250798657], [74.28818929, 32.250705099], [74.289485969, 32.250580184], [74.290065442, 32.25054658], [74.292441319, 32.250452635], [74.293540485, 32.250409112], [74.294185755, 32.250401869], [74.295353231, 32.25038851], [74.297240368, 32.250367063], [74.297760014, 32.250361157], [74.299006991, 32.250391168], [74.30090625000001, 32.250436877], [74.303078794, 32.250489163], [74.306593434, 32.250906894], [74.307029868, 32.250958766], [74.307456984, 32.250986688], [74.309665683, 32.25113108], [74.31053956800001, 32.251188209], [74.31143826, 32.251127921], [74.313000997, 32.251023089], [74.314398173, 32.250610797], [74.315394447, 32.250316806], [74.31595985300001, 32.250127115], [74.317671312, 32.249387935], [74.319043905, 32.248981574], [74.319887636, 32.248731783], [74.320395938, 32.248419594], [74.321648832, 32.247650096], [74.32296877200001, 32.246330155], [74.323372742, 32.245010196], [74.323534857, 32.244480156], [74.32470395, 32.240043037], [74.324923757, 32.239209859], [74.325705864, 32.236290841], [74.325867713, 32.235688262], [74.326149502, 32.234639133], [74.326276928, 32.234037253], [74.326712063, 32.231982066], [74.326909516, 32.23112304], [74.327206536, 32.229833749], [74.327250335, 32.228375173], [74.327269622, 32.226565929], [74.327284218, 32.22483143], [74.32729171000001, 32.223577824], [74.327120757, 32.222257881], [74.32700702800001, 32.221379787], [74.326932109, 32.220830063], [74.32651782900001, 32.218178908], [74.326782742, 32.216270859], [74.32684973500001, 32.215787142], [74.32699281100001, 32.214754071], [74.327021751, 32.214092923], [74.327041474, 32.213641851], [74.327088713, 32.212559395], [74.327240727, 32.211826644], [74.327561718, 32.210295775], [74.328081568, 32.208840486], [74.32830386900001, 32.208224332], [74.329161189, 32.206948853], [74.32981089, 32.206322658], [74.330130974, 32.206014154], [74.33078002500001, 32.205388584], [74.331488917, 32.205007387], [74.33255226700001, 32.204435369], [74.333276245, 32.204045815], [74.333688271, 32.20383815], [74.335969022, 32.203278817], [74.336896781, 32.203134241], [74.33831895, 32.202912616], [74.34059954, 32.201992952], [74.342351918, 32.200841927], [74.342961847, 32.20009006], [74.343343215, 32.199563775], [74.34412483, 32.197900768], [74.344385598, 32.196424648], [74.34499380000001, 32.193989198], [74.346884844, 32.192166427], [74.347421541, 32.191781114], [74.35058298300001, 32.189590188], [74.354087927, 32.18738185], [74.354789875, 32.186939578], [74.356711103, 32.18588133], [74.357338161, 32.18555379], [74.35878100100001, 32.185082376], [74.360555024, 32.185160084], [74.36188237600001, 32.186021036], [74.362550029, 32.186461295], [74.364552688, 32.188190255], [74.365971606, 32.188898648], [74.367701299, 32.188582713], [74.368171683, 32.188611965], [74.36901405, 32.186428925], [74.36949794600001, 32.184899012], [74.37000579100001, 32.183189777], [74.370986113, 32.18151197], [74.371369152, 32.180859329], [74.37196902, 32.179503644], [74.372300045, 32.178755537], [74.372961486, 32.177260701], [74.373883315, 32.175136471], [74.374359576, 32.174038992], [74.374718333, 32.173430019], [74.375371865, 32.172320684], [74.375739443, 32.170412512], [74.375838961, 32.169755822], [74.376049432, 32.167649971], [74.376916607, 32.166396556], [74.37736744700001, 32.166160443], [74.37893261900001, 32.165972612], [74.381120024, 32.166361169], [74.381941387, 32.166521517], [74.383447882, 32.166660183], [74.384310255, 32.166674888], [74.385938017, 32.166703252], [74.387939735, 32.166863173], [74.388705408, 32.167001084], [74.389969097, 32.167233064], [74.392470665, 32.166711881], [74.393461197, 32.16631038], [74.39427975000001, 32.165978702], [74.396409897, 32.165613302], [74.397425823, 32.165630823], [74.398427837, 32.165648104], [74.399669306, 32.165670063], [74.400251454, 32.165820728], [74.401420306, 32.16613887], [74.402540636, 32.166815054], [74.403129797, 32.167170701], [74.405451482, 32.168491526], [74.406346235, 32.168875941], [74.407562332, 32.169399913], [74.408127523, 32.169653757], [74.40888108, 32.169992204], [74.41086036, 32.169981242], [74.412025625, 32.168783976], [74.411891485, 32.167285444], [74.411851514, 32.166845707], [74.412193932, 32.165287116], [74.412399496, 32.164382861], [74.41300352200001, 32.163872056], [74.413876277, 32.163136294], [74.414368851, 32.162719887], [74.415033158, 32.162516819], [74.415928646, 32.162243083], [74.417196101, 32.161855676], [74.417709619, 32.161698716], [74.418177239, 32.161613815], [74.419592046, 32.161356405], [74.42257518400001, 32.160717031], [74.424196853, 32.16061512], [74.425407078, 32.160472597], [74.427310028, 32.160966669], [74.427762007, 32.162708863], [74.427260684, 32.164511337], [74.426577327, 32.165777289], [74.426250624, 32.166390097], [74.425482424, 32.168584693], [74.426339525, 32.17008212], [74.428199741, 32.169907413], [74.42867781800001, 32.169860784], [74.43186514700001, 32.169139165], [74.434493279, 32.168540172], [74.436751173, 32.168101154], [74.43767560900001, 32.168074222], [74.438563457, 32.168048407], [74.43931872600001, 32.168110534], [74.440542181, 32.168260744], [74.441141561, 32.168337342], [74.441765153, 32.168336429], [74.442761324, 32.168274897], [74.443377196, 32.168227542], [74.443908694, 32.168105194], [74.444871968, 32.16783271], [74.445136149, 32.167476781], [74.446096533, 32.166185502], [74.446120621, 32.164459516], [74.445621567, 32.16193883], [74.445502249, 32.160353994], [74.446284718, 32.159134532], [74.44786168200001, 32.158810908], [74.448805661, 32.158893647], [74.45035958000001, 32.159026143], [74.45135431508899, 32.15878516351228], [74.45300398492599, 32.15740981970768], [74.45306362593544, 32.15735493491968], [74.45311761881595, 32.15729448528098], [74.45316544685674, 32.15722904929335], [74.4532066523445, 32.15715925317783], [74.45324084094356, 32.157085764881764], [74.45326768546974, 32.15700928768662], [74.4532869290215, 32.15693055347754], [74.45329838743845, 32.156850315739256], [74.45330195106376, 32.15676934234524], [74.45329758579365, 32.15668840820918], [74.45328533340363, 32.156608287869055], [74.45326531114883, 32.15652974807483], [74.4532377106418, 32.156453540450705], [74.45320279601881, 32.15638039430203], [74.45316090141209, 32.15631100963592], [74.45311242775213, 32.15624605046217], [74.45305783893085, 32.15618613843872], [74.45299765736212, 32.156131846922364], [74.45293245898227, 32.15608369548178], [74.45286286773846, 32.15604214492525], [74.45278954961742, 32.15600759289072], [74.45271320627202, 32.15598037004044], [74.4526345683065, 32.15596073689651], [74.45255438828451, 32.15594888134771], [74.45247343352719, 32.155944916851396], [74.45018088759552, 32.155944916851396], [74.44904133633062, 32.15404480964564], [74.44898932171381, 32.15396814955536], [74.44892907401442, 32.15389777552237], [74.44886134646588, 32.15383456738229], [74.44686289402716, 32.15216844054967], [74.45162310543928, 32.14819981172019], [74.45168242646153, 32.14814525152938], [74.45173616565448, 32.14808518575505], [74.45178381449627, 32.14802018278605], [74.45182492209668, 32.14795085773076], [74.45185909946382, 32.14787786659652], [74.45188602318495, 32.1478019000819], [74.45190543848703, 32.147723677040865], [74.45191716164742, 32.147643937680364], [74.45192108173251, 32.14756343655593], [74.45192108173251, 32.14549033487774], [74.45318397479073, 32.143384565463094], [74.45322337181364, 32.143310640885446], [74.45325510297444, 32.14323311603763], [74.45327884391753, 32.14315278337792], [74.45329435196321, 32.143070464066014], [74.45330146858838, 32.142986999569125], [74.45330012104696, 32.142903243060566], [74.45329032311354, 32.14282005069857], [74.45327217494244, 32.142738272874674], [74.45324586204414, 32.14265874552103], [74.45321165338883, 32.142582281565495], [74.45316989865707, 32.1425096626219], [74.45312102466532, 32.142441631000395], [74.45306553100305, 32.14237888211958], [74.45300398492599, 32.14232205739792], [74.44886134646588, 32.138868304402614], [74.44748046697917, 32.137717053404174], [74.44487967202117, 32.135548748478975], [74.44363580481229, 32.132437680395334], [74.44363580481229, 32.12338716558877], [74.44363183045, 32.12330611040465], [74.44361994549236, 32.12322583284733], [74.44360026396119, 32.123147103083205], [74.44357297467707, 32.12307067642948], [74.4435383394478, 32.12299728610776], [74.44349669055666, 32.122927636209745], [74.44344842757452, 32.12286239494225], [74.44339401352659, 32.122802188216596], [74.44333397045001, 32.12274759364376], [74.44326887438578, 32.12269913499284], [74.44319934985214, 32.12265727716622], [74.4431260638532, 32.122622421739266], [74.44087404583888, 32.1216836584321], [74.44087404583888, 32.11647965959815], [74.44086990228642, 32.116396901354584], [74.44085751307372, 32.11631497087604], [74.44083700212025, 32.116234687648074], [74.44080857458077, 32.1161568546801], [74.44077251479341, 32.116082250473504], [74.44072918343561, 32.11601162123497], [74.44067901391654, 32.1159456734127], [74.44062250804208, 32.11588506663043], [74.44056023099566, 32.115830407089696], [74.44049280568512, 32.1157822415065], [74.44042090651236, 32.11574105164294], [74.44034525262771, 32.11570724948853], [74.44026660073693, 32.11568117313939], [74.4401857375325, 32.11566308341656], [74.44010347182483, 32.11565316125716], [74.44002062645252, 32.11565150590469], [74.43993803005208, 32.115658133916305], [74.43985650876972, 32.11567297899729], [74.43977687799816, 32.11569589266407], [74.43969993422078, 32.11572664572943], [74.43962644704514, 32.11576493059486], [74.43955715150511, 32.11581036432723], [74.43949274070899, 32.115862492488986], [74.43943385890685, 32.1159207936835], [74.43938109504661, 32.11598468477019], [74.43933497688332, 32.116053526697236], [74.43827859665632, 32.117814953096534], [74.43474384323491, 32.11683263507753], [74.43466293747787, 32.116814458013664], [74.43458061997346, 32.116804459231645], [74.43449771528367, 32.11680273888777], [74.4344150538522, 32.11680931421446], [74.4343334636861, 32.116824119347655], [74.4342537620617, 32.116847005986585], [74.4341767473381, 32.116877744879254], [74.43410319096013, 32.11691602811883], [74.43403382973086, 32.1169614722279], [74.43396935843126, 32.11701362199971], [74.43391042286054, 32.11707195505789], [74.43385761336738, 32.117135887089034], [74.4338114589365, 32.117204777695676], [74.4326719076716, 32.11910488490143], [74.42899848225323, 32.11910488490143], [74.4289163611242, 32.119108964743916], [74.42883504875816, 32.11912116409137], [74.42875534595309, 32.11914136279957], [74.42867803765533, 32.11916936194322], [74.42860388522911, 32.11920488577514], [74.42853361895834, 32.11924758444187], [74.42846793085444, 32.11929703742919], [74.4230043030651, 32.12385211048816], [74.41897053873015, 32.12609409962759], [74.4164047924715, 32.12716364189049], [74.4138088078995, 32.12716364189049], [74.4137271338088, 32.12716767732702], [74.41364625532366, 32.12717974432655], [74.41356696029939, 32.12719972534172], [74.41349002116657, 32.12722742573301], [74.41072826219316, 32.128378676731444], [74.41065350569185, 32.128414323976074], [74.41058268157249, 32.12845725653543], [74.4105164975273, 32.12850704541668], [74.40785092008642, 32.13072936005006], [74.40535775657787, 32.131768645884236], [74.40138089251917, 32.131768645884236], [74.40129877139013, 32.13177272572672], [74.4012174590241, 32.13178492507417], [74.40113775621903, 32.13180512378237], [74.40106044792127, 32.131833122926025], [74.40098629549504, 32.131868646757944], [74.40091602922428, 32.131911345424676], [74.40085034112037, 32.131960798411995], [74.3968803142669, 32.13527064363955], [74.39043266648355, 32.136345735422665], [74.38789088438507, 32.13528618272207], [74.38781080448045, 32.13525753058811], [74.3877282091389, 32.13523723907618], [74.38764396873087, 32.1352255220135], [74.38755897096215, 32.13522250287173], [74.38747411151944, 32.1352282134659], [74.3780239512046, 32.13635373906675], [74.37270121003134, 32.13413493172363], [74.36993945105793, 32.13298368072519], [74.36986497671717, 32.132956736762814], [74.36978827000989, 32.13293702672478], [74.36971003183172, 32.1329247307085], [74.36963097707184, 32.132919961066925], [74.36955182808083, 32.1329227613819], [74.3557430332138, 32.13407401238034], [74.35565604047252, 32.13408593392879], [74.35557079790311, 32.13410699490483], [74.35548826289579, 32.134136958765026], [74.35540936243116, 32.13417548897438], [74.35145445341777, 32.13637364987798], [74.34378227704748, 32.13637364987798], [74.34126928016211, 32.13323098949246], [74.34121429738806, 32.133168879044185], [74.34115337959044, 32.133112577755035], [74.34108713738766, 32.133062649969204], [74.3410162347681, 32.133019596145125], [74.34094138243452, 32.132983847839085], [74.3408633306802, 32.13295576337944], [74.34078286186825, 32.13293562427487], [74.34070078258958, 32.132923632392625], [74.3406179155778, 32.13291990793509], [74.34053509146246, 32.13292448823489], [74.34045314044317, 32.13293732738075], [74.33492962249636, 32.13408857837919], [74.33485136239835, 32.13410892052484], [74.33477545794896, 32.134136794534086], [74.33470263213056, 32.134171934909745], [74.33463357860184, 32.13421400694322], [74.33456895509084, 32.13426260990255], [74.33450937713012, 32.134317280849366], [74.33445541219385, 32.13437749904829], [74.33440757429271, 32.13444269092696], [74.33436631907797, 32.13451223553916], [74.33433203950149, 32.13458547047935], [74.33430506207281, 32.13466169819197], [74.33292418258611, 32.139266702185715], [74.33290484784695, 32.13934477109157], [74.33289317364193, 32.13942434683623], [74.3328892699787, 32.139504679566876], [74.3328892699787, 32.14180718156375], [74.33289313929119, 32.14188716089563], [74.33290471108849, 32.14196639320353], [74.33292387728751, 32.14204413844082], [74.33295045887192, 32.14211967045045], [74.33298420756404, 32.14219228374736], [74.33302480814389, 32.14226130010791], [74.33307188139342, 32.142326074904595], [74.33312498763847, 32.14238600312703], [74.3331836308554, 32.14244052503286], [74.33324726330409, 32.14248913137588], [74.33331529064391, 32.1425313681625], [74.33720047131274, 32.14469077365597], [74.33847199922357, 32.14787102462857], [74.33850563101313, 32.147944522240934], [74.33854626428545, 32.148014393075144], [74.33859351233518, 32.14807997217311], [74.33864692550439, 32.148140635421015], [74.33870599546199, 32.148195805489], [74.33877016004139, 32.14824495732562], [74.33883880859071, 32.14828762315468], [74.34255542638562, 32.15035334044496], [74.34255542638562, 32.15523424375628], [74.33732988473203, 32.15959082237447], [74.3372695279043, 32.15964643458857], [74.33721496918669, 32.15970774536531], [74.33716674392028, 32.15977415311102], [74.33712532530107, 32.15984500621959], [74.33709111973687, 32.159919609466094], [74.33586251606123, 32.16299250153644], [74.33272296018785, 32.16386499303399], [74.33166657996085, 32.16210356663469], [74.33161986854203, 32.16203392935326], [74.33156635759444, 32.1619693701858], [74.33150659522425, 32.16191055040406], [74.33144119357019, 32.161858072491945], [74.33137082253347, 32.16181247397436], [74.33129620291612, 32.161774221911394], [74.33121809903784, 32.1617437081143], [74.33113731090722, 32.16172124513221], [74.33105466602728, 32.16170706305074], [74.33097101091954, 32.161701307135225], [74.33088720245314, 32.16170403634281], [74.31707840758611, 32.16285528734125], [74.31699472337533, 32.162866582283634], [74.31691262347944, 32.16288633652245], [74.31683296071576, 32.16291434485941], [74.31675656258577, 32.16295031635634], [74.31668422267938, 32.162993877357245], [74.31661669243148, 32.16304457536978], [74.31408541272303, 32.16515492483889], [74.30886196691006, 32.16515492483889], [74.30878521828055, 32.16515848720781], [74.30870912963364, 32.165169143680785], [74.30863435527658, 32.16518680261987], [74.30856153821465, 32.16521131217099], [74.30849130462182, 32.16524246156975], [74.30158690718831, 32.16869621456506], [74.30151867108806, 32.16873447774035], [74.30145434806212, 32.16877900620648], [74.30139451159353, 32.1688294029622], [74.30133969516464, 32.16888521868657], [74.30129038750081, 32.168945955744846], [74.301247028213, 32.16901107262531], [74.30023447443672, 32.170699422053524], [74.29813371774937, 32.169823712675154], [74.29805053789072, 32.169794134463245], [74.29796468304983, 32.169773574652886], [74.29787712798678, 32.169762266671576], [74.29778886676527, 32.16976033890544], [74.2977009014664, 32.16976781324151], [74.28941562454618, 32.17091906423995], [74.28930781106135, 32.170941432004035], [74.28102253414113, 32.17324393400091], [74.28094638954994, 32.17326912381245], [74.28087303728194, 32.17330155790178], [74.28080316469195, 32.173340932341986], [74.28073742652815, 32.17338687817089], [74.28067643879665, 32.17343896484845], [74.28062077298915, 32.1734967042912], [74.28057095072775, 32.17355955544586], [74.28052743887696, 32.173626929359315], [74.280490645169, 32.1736981946975], [74.28046091438301, 32.17377268366137], [74.28043852511433, 32.17384969824454], [74.28042368716389, 32.17392851677408], [74.28041653957216, 32.174008400672996], [74.28041714931642, 32.17408860138113], [74.28042551068296, 32.17416836736964], [74.28044154532077, 32.17424695118326], [74.28046510297565, 32.17432361644442], [74.28049596289821, 32.17439764475355], [74.28053383591245, 32.17446834242088], [74.28165915072113, 32.17634471151684], [74.28064794640342, 32.17803081083484], [74.27669923168908, 32.18022552891183], [74.27663314804333, 32.18026642866157], [74.27657118731709, 32.18031334034632], [74.27380942834368, 32.182615842343196], [74.27374907151595, 32.1826714545573], [74.27369451279834, 32.18273276533404], [74.27364628753193, 32.18279917307975], [74.27360486891273, 32.18287002618832], [74.27357066334852, 32.18294462943482], [74.27226758484157, 32.18620379241018], [74.26851638966183, 32.189331195806055], [74.26329294384885, 32.189331195806055], [74.26321818461318, 32.18933457551552], [74.2631440352895, 32.189344687071035], [74.26307110081399, 32.18936144797902], [74.25892846235388, 32.19051269897746], [74.25884989190885, 32.190538828216624], [74.25877432186593, 32.1905726693245], [74.25870250698655, 32.190613884310494], [74.2586351645272, 32.19066206153685], [74.25857296707574, 32.190716719829915], [74.25851653583383, 32.1907773132859], [74.25846643441275, 32.19084323672313], [74.2584231632042, 32.19091383172635], [74.25838715438258, 32.19098839322269], [74.25835876758869, 32.19106617652361], [74.25833828633778, 32.191146404762605], [74.25832591518787, 32.191228276654115], [74.25832177769672, 32.19131097449652], [74.25832177769672, 32.19361347649338], [74.25832591518787, 32.193696174335784], [74.25833828633778, 32.193778046227294], [74.25835876758869, 32.19385827446629], [74.25838715438258, 32.19393605776721], [74.2584231632042, 32.19401061926355], [74.25846643441275, 32.19408121426677], [74.25851653583383, 32.194147137704], [74.25857296707574, 32.194207731159985], [74.2586351645272, 32.19426238945305], [74.25870250698655, 32.194310566679405], [74.25877432186593, 32.1943517816654], [74.25884989190885, 32.194385622773275], [74.25892846235388, 32.19441175201244], [74.26246441615683, 32.1953944036209], [74.26246441615683, 32.20167223348244], [74.2624684470677, 32.201753861874124], [74.26248050057838, 32.201834695997185], [74.26250045940456, 32.20191394931149], [74.26252812934095, 32.20199085065862], [74.2625632411508, 32.202064651765525], [74.2626054531857, 32.2021346345254], [74.26265435470998, 32.20220011798511], [74.26270946989719, 32.20226046497103], [74.2627702624601, 32.202315088288984], [74.26283614086896, 32.20236345643779], [74.26290646410715, 32.20240509878091], [74.26298054790858, 32.202439610125914], [74.26305767141578, 32.20246665466713], [74.26313708419397, 32.20248596925308], [74.26321801353313, 32.202497365947096], [74.26329967196662, 32.202500733855935], [74.26338126493353, 32.202496040208835], [74.26346199850991, 32.20248333067639], [74.26898551645672, 32.201332079677954], [74.26903830483053, 32.20131925800307], [74.27699621507034, 32.19910773213682], [74.28077371593467, 32.20120728858305], [74.2834755847506, 32.203459859645136], [74.2835412728545, 32.203509312632455], [74.28361153912527, 32.20355201129919], [74.2836856915515, 32.203587535131106], [74.28376299984926, 32.20361553427476], [74.28384270265433, 32.20363573298296], [74.28392401502036, 32.20364793233041], [74.2840061361494, 32.203652012172896], [74.28651833052207, 32.203652012172896], [74.28799687586319, 32.20396018113633], [74.29026344852504, 32.206794672558416], [74.29032077863998, 32.20685917153064], [74.2903845065554, 32.206917357545215]], [[74.258303179748, 32.24630809364368], [74.25807001304209, 32.246549109356884], [74.25856524635552, 32.24564312259038], [74.258303179748, 32.24630809364368]], [[74.0461767973357, 32.21087451319009], [74.04593944994015, 32.21126760761881], [74.04366578341025, 32.21128145683482], [74.0461767973357, 32.21087451319009]], [[74.01516185283006, 32.18165494375457], [74.01648068022193, 32.18466337126852], [74.0153583329851, 32.18378510025349], [74.01516185283006, 32.18165494375457]], [[74.01015149381436, 32.16066484487459], [74.01169115546864, 32.161753479457815], [74.01170540406731, 32.16189518483762], [74.01015149381436, 32.16066484487459]]], [[[74.231603499, 32.340373039], [74.23194543884576, 32.3397420854435], [74.23123160202155, 32.340730474373395], [74.231603499, 32.340373039]]], [[[74.22526257487975, 32.35162824996062], [74.225585118, 32.351515254], [74.226310376, 32.350219884], [74.226687898, 32.348894513], [74.22731010400001, 32.346710124], [74.22767042016152, 32.34566134261143], [74.22470450100008, 32.34976800100003], [74.22512275000008, 32.35116216700004], [74.22526257487975, 32.35162824996062]]], [[[74.2129589091002, 32.389054796149814], [74.213308223, 32.388902259], [74.213911556, 32.388638797], [74.216772836, 32.388160284], [74.218588556, 32.388114004], [74.219931289, 32.388080319], [74.221640783, 32.387325823], [74.223065325, 32.385150355], [74.223175947, 32.384140596], [74.223272127, 32.383170562], [74.22363426195321, 32.381556812295486], [74.22264939200005, 32.38203432500006], [74.21647003100003, 32.38503037900006], [74.21487650000006, 32.385803001000056], [74.21448985700005, 32.38645889500003], [74.2129589091002, 32.389054796149814]]], [[[74.2100304023522, 32.416498677746965], [74.210237809, 32.41545936], [74.21012574485421, 32.41487784926866], [74.21011890700004, 32.414994093000075], [74.2100304023522, 32.416498677746965]]], [[[74.200388034, 32.450420213], [74.201049007, 32.449968974], [74.20227791, 32.449136523], [74.203970876, 32.448650141], [74.204367436, 32.447115397], [74.20345391, 32.445637939], [74.203180775, 32.445131723], [74.20270905400001, 32.443873914], [74.203114659, 32.442671124], [74.203261005, 32.442239874], [74.20274851900001, 32.441767749], [74.20193027937896, 32.441011974985635], [74.20162071100003, 32.441816853000034], [74.20046935500005, 32.44481037800006], [74.19922450100006, 32.448047], [74.19959223800004, 32.44937488800008], [74.20003835127362, 32.45098578401857], [74.200388034, 32.450420213]]], [[[74.207775898, 32.479787051], [74.207024399, 32.478434535], [74.207007182, 32.477414026], [74.206988944, 32.476424757], [74.20643306734866, 32.47593720714229], [74.20674320200004, 32.47793585000005], [74.20745228038416, 32.48250546900439], [74.208177391, 32.482055899], [74.208191321, 32.480524179], [74.207775898, 32.479787051]]], [[[74.204651056, 32.519916636], [74.205390474, 32.517970481], [74.205485922, 32.517235233], [74.205591037, 32.516426375], [74.20594894700001, 32.513670894], [74.206072238, 32.512447383], [74.206161466, 32.511561907], [74.206342254, 32.509767834], [74.206390331, 32.507604821], [74.206438085, 32.505461342], [74.207344162, 32.503641662], [74.207727771, 32.502871259], [74.207963261, 32.502043093], [74.208393466, 32.500530142], [74.208432544, 32.498701462], [74.208077027, 32.497940802], [74.20800600624375, 32.497788846097194], [74.20702459500006, 32.50245055000005], [74.20614050000006, 32.506650001000025], [74.20276695088333, 32.520144197466976], [74.204651056, 32.519916636]]], [[[74.205148406, 32.529060203], [74.2048191728802, 32.52859023623567], [74.20522122180641, 32.52947809430698], [74.205148406, 32.529060203]]], [[[74.20904595, 32.53506321], [74.207969845, 32.534197495], [74.207542829, 32.533915612], [74.20709756435197, 32.53362168380404], [74.20895389500004, 32.53772108000004], [74.21020256620344, 32.54047856186122], [74.21021327000001, 32.540166671], [74.21004365200001, 32.538040921], [74.209994068, 32.537567191], [74.209914322, 32.536829009], [74.209787677, 32.535659915], [74.20904595, 32.53506321]]]]}}, {"type": "Feature", "properties": {"na": "NA-78", "src": "sheet-split: gujranwala_na77_79_81.jpg, outline-fit; NA-78/NA-80 city split approximate (equal-area N/S median line, not drawn on any sheet)", "approx": true, "rms_km": 1.612}, "geometry": {"type": "Polygon", "coordinates": [[[74.12627528975416, 32.128375309163594], [74.12620098051612, 32.12840972130303], [74.12613043133628, 32.12845130100273], [74.12606433141463, 32.128499642067645], [74.12603352287056, 32.12852723125483], [74.12603352287056, 32.134347419414894], [74.12828554088487, 32.13528618272207], [74.12836048832088, 32.13532193305949], [74.12843148085041, 32.13536500585299], [74.12849780538114, 32.135414968453134], [74.12855879570898, 32.135471319005035], [74.12861383920982, 32.13553349148934], [74.13137559818323, 32.138987244484646], [74.13142838827403, 32.13906124646853], [74.13147275377322, 32.13914058617981], [74.13150816064096, 32.13922430858435], [74.13153418267495, 32.13931140589231], [74.13291506216166, 32.14506766088449], [74.13293218592416, 32.14516362422051], [74.13293792030407, 32.14526093455906], [74.13293792030407, 32.15216844054967], [74.13293456428868, 32.15224293780164], [74.13292452343006, 32.15231683153986], [74.1329078790708, 32.15238952313975], [74.13288476604941, 32.15246042371543], [74.13285537160803, 32.15252895889039], [74.1328199338756, 32.152594573450585], [74.13143905438889, 32.154897075447465], [74.13138703977208, 32.154973735537745], [74.13132679207268, 32.15504410957074], [74.13125906452414, 32.155107317710815], [74.12849730555074, 32.15740981970768], [74.12843161744684, 32.157459272695], [74.12836135117607, 32.15750197136173], [74.12828719874985, 32.15753749519365], [74.12820989045208, 32.157565494337305], [74.12813018764702, 32.157585693045505], [74.12804887528098, 32.15759789239296], [74.12796675415194, 32.15760197223544], [74.12550506731237, 32.15760197223544], [74.12297378760393, 32.15971232170456], [74.12290809950002, 32.15976177469188], [74.12283783322926, 32.15980447335861], [74.12276368080303, 32.15983999719053], [74.12268637250527, 32.159867996334185], [74.1226066697002, 32.159888195042384], [74.12252535733417, 32.15990039438984], [74.12244323620513, 32.15990447423232], [74.11830059774502, 32.15990447423232], [74.11822384911551, 32.159900911863396], [74.1181477604686, 32.15989025539042], [74.11807298611154, 32.159872596451336], [74.11800016904961, 32.15984808690022], [74.11792993545679, 32.15981693750146], [74.11120053269738, 32.15645072123701], [74.10871986726043, 32.15645072123701], [74.09819167689234, 32.15864508174958], [74.09697584235172, 32.16168603660981], [74.09694150692347, 32.16176088953458], [74.09689991023062, 32.16183196412302], [74.09685146322883, 32.1618985581918], [74.09679664455159, 32.16196001382299], [74.09673599578151, 32.162015723863995], [74.0966701160998, 32.162065137925936], [74.09659965636658, 32.16210776782123], [74.0965253126907, 32.162143192386665], [74.09427329467638, 32.16308195569384], [74.09427329467638, 32.16761230940563], [74.09913733959223, 32.168626108332276], [74.09921551100028, 32.16864642274492], [74.0992913330072, 32.16867425200403], [74.09936408507286, 32.16870933164684], [74.0994330758309, 32.168751328309824], [74.09949764965887, 32.16879984289669], [74.09955719290859, 32.16885441437101], [74.09961113973772, 32.16891452413747], [74.09965897748698, 32.16897960097008], [74.09970025155195, 32.169049026440604], [74.09973456970323, 32.16912214079549], [74.0997616058138, 32.16919824922552], [74.09978110295819, 32.16927662846868], [74.09979287585412, 32.16935653368326], [74.0997968126232, 32.16943720552622], [74.0997968126232, 32.172890958521535], [74.09979283826091, 32.17297201370565], [74.09978095330327, 32.17305229126297], [74.0997612717721, 32.173131021027096], [74.09973398248798, 32.173207447680824], [74.0996993472587, 32.17328083800254], [74.09965769836757, 32.17335048790056], [74.09960943538543, 32.17341572916805], [74.0995550213375, 32.173475935893705], [74.09949497826092, 32.17353053046654], [74.09942988219669, 32.17357898911746], [74.09936035766304, 32.17362084694408], [74.09928707166411, 32.173655702371036], [74.09703505364979, 32.174594465678204], [74.09703505364979, 32.17560900680046], [74.10597066849739, 32.17667324940961], [74.10604594721967, 32.17668575425411], [74.10611975612792, 32.17670513213399], [74.10619146909762, 32.17673121866578], [74.10895322807103, 32.17788246966421], [74.10902607651127, 32.17791709021756], [74.10909521347392, 32.177958630058136], [74.10915998375663, 32.17800669551805], [74.10921977353952, 32.17806083108695], [74.1092740162023, 32.17812052372882], [74.10932219769406, 32.17818520774395], [74.10936386140476, 32.17825427013001], [74.10939861249267, 32.17832705639141], [74.10942612162607, 32.17840287674184], [74.10944612810432, 32.17848101264132], [74.10945844232855, 32.17856072360569], [74.10946294759837, 32.17864125422411], [74.10945960121792, 32.17872184131797], [74.10944843490043, 32.178801721173464], [74.1094295544677, 32.17888013677917], [74.1094031388472, 32.17895634500021], [74.1093694383765, 32.179029623620785], [74.10932877243073, 32.17909927818857], [74.10928152639597, 32.17916464859594], [74.10893156644038, 32.179602295492906], [74.10893996421926, 32.17961629809257], [74.10888117976711, 32.17966530719139], [74.10687939154685, 32.18216866904458], [74.10796410311494, 32.18397733560498], [74.10800350013784, 32.18405126018263], [74.10803523129864, 32.184128785030445], [74.10805897224174, 32.18420911769015], [74.10807448028741, 32.18429143700206], [74.10808159691258, 32.18437490149895], [74.10808024937117, 32.18445865800751], [74.10807045143774, 32.184541850369506], [74.10805230326665, 32.1846236281934], [74.10802599036835, 32.18470315554704], [74.10799178171304, 32.18477961950258], [74.10795002698127, 32.184852238446176], [74.10790115298953, 32.18492027006768], [74.10784565932725, 32.18498301894849], [74.10778411325019, 32.185039843670154], [74.10502235427678, 32.187342345667034], [74.10495206470293, 32.18739489516407], [74.10487661098233, 32.18743971491282], [74.10479683970722, 32.18747630203482], [74.10471364591285, 32.18750424602183], [74.10088962322325, 32.188566952792364], [74.0997968126232, 32.19038912381676], [74.0997968126232, 32.19557290031077], [74.10621597900906, 32.20199495678885], [74.12934763363864, 32.20199495678885], [74.12942877724079, 32.20199893984759], [74.12950914066447, 32.20201085072754], [74.12958795123245, 32.20203057490813], [74.12966445119791, 32.20205792274555], [74.12973790502994, 32.202092631296175], [74.12980760648557, 32.20213436684467], [74.12987288540016, 32.20218272811261], [74.12993311413081, 32.202237250116696], [74.1299877135911, 32.20229740863947], [74.13003615881884, 32.20236262526952], [74.13007798402346, 32.20243227296284], [74.13011278706453, 32.20250568207167], [74.13014023331822, 32.20258214678304], [74.13016005889462, 32.20266093190502], [74.13017207317503, 32.202741279935445], [74.13017616064472, 32.20282241834507], [74.13017228200354, 32.20290356700538], [74.13016047454377, 32.20298394568924], [74.13014085179167, 32.20306278157273], [74.13011360241578, 32.2031393166656], [74.13007898841308, 32.20321281509921], [74.13003734258982, 32.20328257020176], [74.12998906536174, 32.20334791129278], [74.12993462090414, 32.203408210131585], [74.12987453268886, 32.203462886957674], [74.12980937845131, 32.203511416064984], [74.12973978463565, 32.20355333085649], [74.12966642037158, 32.203588228330375], [74.1271004719193, 32.204657854878555], [74.12447120074971, 32.20794592355685], [74.12440902671781, 32.20801529102074], [74.12433945887847, 32.20807724076667], [74.12426337663246, 32.20813098969347], [74.11873985868564, 32.211584742688785], [74.11867056412345, 32.211623580134294], [74.11859786874389, 32.21165560302165], [74.11852244077988, 32.21168051698899], [74.11437980231977, 32.212831767987424], [74.11430686784426, 32.21284852889541], [74.11423271852058, 32.212858640450925], [74.11415795928491, 32.21286202016039], [74.11169627244534, 32.21286202016039], [74.1091649927369, 32.21497236962951], [74.10909930463299, 32.215021822616826], [74.10902903836222, 32.21506452128356], [74.108954885936, 32.21510004511548], [74.10887757763824, 32.21512804425913], [74.10879787483317, 32.21514824296733], [74.10871656246714, 32.21516044231478], [74.1086344413381, 32.215164522157266], [74.10587268236469, 32.215164522157266], [74.1057868036221, 32.21516005937654], [74.09536251720587, 32.21407370732154], [74.09455726777519, 32.21608773726403], [74.09780924847934, 32.21699147194149], [74.0978924422737, 32.217019415928505], [74.09797221354881, 32.2170560030505], [74.09804766726941, 32.21710082279925], [74.09811795684327, 32.21715337229629], [74.10364147479008, 32.22175837629003], [74.10370183161781, 32.22181398850414], [74.10375639033542, 32.22187529928087], [74.10380461560183, 32.22194170702659], [74.10384603422104, 32.22201256013515], [74.10388023978524, 32.22208716338165], [74.1051318891826, 32.22521769569591], [74.1074193362528, 32.22617122775602], [74.1113962003115, 32.22617122775602], [74.11148143527132, 32.22617562370004], [74.11156576576381, 32.2261887648847], [74.11164829691937, 32.22621051186286], [74.111728152962, 32.22624063386735], [74.11180448650252, 32.226278811259725], [74.11187648753068, 32.226324638922144], [74.11194339201047, 32.226377630556215], [74.11200448998773, 32.22643722384337], [74.11205913312372, 32.22650278641186], [74.11210674157505, 32.22657362254713], [74.11331753860358, 32.228592526153754], [74.11703270248186, 32.229624980751325], [74.11921226418998, 32.229624980751325], [74.12035181545488, 32.22772487354557], [74.12039541116204, 32.22765943573817], [74.12044501381843, 32.22759842533907], [74.12050017666998, 32.227542391847926], [74.12056040288385, 32.227491839939134], [74.12062515002326, 32.227447224916354], [74.120693834933, 32.22740894861173], [74.12076583899169, 32.2273773557668], [74.12084051368356, 32.22735273092742], [74.12498315214367, 32.22620147992898], [74.12505608661918, 32.226184719021], [74.12513023594286, 32.22617460746548], [74.12520499517854, 32.22617122775602], [74.13901379004557, 32.22617122775602], [74.13908854928124, 32.22617460746548], [74.13916269860492, 32.226184719021], [74.13923563308043, 32.22620147992898], [74.14337827154054, 32.22735273092742], [74.14346146533491, 32.227380674914436], [74.14354123661002, 32.22741726203643], [74.14361669033062, 32.227462081785184], [74.14368697990447, 32.22751463128222], [74.14769268305477, 32.23085422014252], [74.15105566342206, 32.23178880194174], [74.15211204364905, 32.230027375542434], [74.15215965210038, 32.22995653940716], [74.15221429523638, 32.229890976838675], [74.15227539321363, 32.22983138355152], [74.15234229769342, 32.22977839191745], [74.15241429872158, 32.22973256425503], [74.1524906322621, 32.229694386862654], [74.15257048830473, 32.229664264858165], [74.15265301946029, 32.22964251788], [74.15273734995279, 32.22962937669534], [74.1528225849126, 32.229624980751325], [74.155584343886, 32.229624980751325], [74.15567307046557, 32.22962974529139], [74.15576077658113, 32.22964398411355], [74.15584645350528, 32.22966753345396], [74.16275085093879, 32.23197003545084], [74.16282291219736, 32.23199786272319], [74.16289206860512, 32.232032280354396], [74.16295771900542, 32.23207298916195], [74.16301929271832, 32.232119635275964], [74.16547347281553, 32.234165706142], [74.17036286087904, 32.2331466250158], [74.17709242628344, 32.22641402976867], [74.17715267715356, 32.22635939840283], [74.17721799407289, 32.22631093755748], [74.17728774764352, 32.22626911420434], [74.17736126571569, 32.226234331355876], [74.17743783986467, 32.226206924181774], [74.17751673221716, 32.22618715677928], [74.17759718256154, 32.22617521962832], [74.17767841567326, 32.22617122775602], [74.18872545156688, 32.22617122775602], [74.18880712565758, 32.22617526319255], [74.18888800414273, 32.226187330192076], [74.18896729916699, 32.22620731120725], [74.18904423829981, 32.22623501159854], [74.19180599727322, 32.22738626259698], [74.1918897175671, 32.22742681984773], [74.1960323560272, 32.229729321844594], [74.19609843967295, 32.22977022159433], [74.1961604003992, 32.229817133279084], [74.19869168010764, 32.231927482748205], [74.20529600540732, 32.231927482748205], [74.20538473198688, 32.23193224728827], [74.20547243810245, 32.231946486110424], [74.20555811502658, 32.23197003545084], [74.21227850112109, 32.234211172718986], [74.22037165021102, 32.23308661815552], [74.22048567976105, 32.23307873374664], [74.22600919770787, 32.23307873374664], [74.22609131883691, 32.23308281358912], [74.22617263120294, 32.23309501293657], [74.22625233400801, 32.23311521164477], [74.22632964230577, 32.23314321078843], [74.226403794732, 32.233178734620346], [74.22647406100276, 32.23322143328708], [74.22653974910666, 32.2332708862744], [74.22907102881511, 32.23538123574351], [74.23429447462809, 32.23538123574351], [74.23437659575713, 32.235385315585994], [74.23445790812316, 32.235397514933446], [74.23453761092823, 32.235417713641645], [74.23461491922599, 32.2354457127853], [74.23468907165221, 32.23548123661722], [74.23475933792298, 32.23552393528395], [74.23482502602688, 32.23557338827127], [74.23883072917718, 32.23891297713157], [74.24037017364955, 32.23934079312443], [74.24277541067558, 32.2400092153279], [74.24355758831176, 32.24017224236851], [74.24827232415618, 32.24115492123378], [74.24832511252998, 32.24116774290866], [74.25235889217878, 32.24228874173413], [74.2547075947948, 32.24228874173413], [74.25723887450324, 32.240178392265015], [74.25730456260715, 32.240128939277696], [74.25737482887791, 32.240086240610964], [74.25744898130414, 32.240050716779045], [74.2575262896019, 32.24002271763539], [74.25760599240697, 32.24000251892719], [74.257687304773, 32.23999031957974], [74.25776942590204, 32.239986239737256], [74.26450804893415, 32.239986239737256], [74.2670012124427, 32.238946953903074], [74.26931568745655, 32.23701735635586], [74.26799519557653, 32.227109208331775], [74.26798836623962, 32.2270265115037], [74.26798984297874, 32.22694354630343], [74.26799961098166, 32.226861144899715], [74.26801757227207, 32.22678013380626], [74.2680435466922, 32.2267013255915], [74.2680772737099, 32.226625510728226], [74.26811841503188, 32.22655344966495], [74.2681665579969, 32.226485865198285], [74.26822121971487, 32.226423435223076], [74.26828185191044, 32.22636678593292], [74.26834784642237, 32.22631648553918], [74.26841854130357, 32.226273038571655], [74.26849322746071, 32.22623688081801], [74.26857115576657, 32.22620837495262], [74.26865154457413, 32.22618780689888], [74.2687335875567, 32.22617538296126], [74.26881646179567, 32.22617122775602], [74.27560787500563, 32.22617122775602], [74.27959214293216, 32.225063988378835], [74.2820548974075, 32.224037378679746], [74.28329559488586, 32.22196861855338], [74.28334463728906, 32.221895875323156], [74.28340109657768, 32.22182872561292], [74.28346433971649, 32.22176792232149], [74.2835336576081, 32.221714147190085], [74.28360827304354, 32.2216680031585], [74.28368734941647, 32.221630007604794], [74.28593936743079, 32.22069124429762], [74.28593936743079, 32.21778974746055], [74.28594328751588, 32.21770924633611], [74.28595501067626, 32.21762950697561], [74.28597442597834, 32.217551283934576], [74.28600134969948, 32.21747531741996], [74.28603552706662, 32.217402326285715], [74.28607663466703, 32.21733300123043], [74.28612428350881, 32.21726799826143], [74.28617802270176, 32.2172079324871], [74.28623734372401, 32.21715337229629], [74.28899910269742, 32.214850870299415], [74.28906939227127, 32.21479832080238], [74.28914484599187, 32.21475350105363], [74.28922461726698, 32.21471691393163], [74.28930781106135, 32.21468896994462], [74.29335572161968, 32.213564044099236], [74.29682214045584, 32.211637388811994], [74.29698640332441, 32.21154609057621], [74.29698640332441, 32.21150044145833], [74.29698640332441, 32.209131995631296], [74.2947818172859, 32.208213004545385], [74.29068869054805, 32.207075512995246], [74.2906068623962, 32.207048108377705], [74.2905283285409, 32.20701234117112], [74.29045394093588, 32.20696859938656], [74.2903845065554, 32.206917357545215], [74.29032077863998, 32.20685917153064], [74.29026344852504, 32.206794672558416], [74.28799687586319, 32.20396018113633], [74.28651833052207, 32.203652012172896], [74.2840061361494, 32.203652012172896], [74.28392401502036, 32.20364793233041], [74.28384270265433, 32.20363573298296], [74.28376299984926, 32.20361553427476], [74.2836856915515, 32.203587535131106], [74.28361153912527, 32.20355201129919], [74.2835412728545, 32.203509312632455], [74.2834755847506, 32.203459859645136], [74.28077371593467, 32.20120728858305], [74.27699621507034, 32.19910773213682], [74.26903830483053, 32.20131925800307], [74.26898551645672, 32.201332079677954], [74.26346199850991, 32.20248333067639], [74.26338126493353, 32.202496040208835], [74.26329967196662, 32.202500733855935], [74.26321801353313, 32.202497365947096], [74.26313708419397, 32.20248596925308], [74.26305767141578, 32.20246665466713], [74.26298054790858, 32.202439610125914], [74.26290646410715, 32.20240509878091], [74.26283614086896, 32.20236345643779], [74.2627702624601, 32.202315088288984], [74.26270946989719, 32.20226046497103], [74.26265435470998, 32.20220011798511], [74.2626054531857, 32.2021346345254], [74.2625632411508, 32.202064651765525], [74.26252812934095, 32.20199085065862], [74.26250045940456, 32.20191394931149], [74.26248050057838, 32.201834695997185], [74.2624684470677, 32.201753861874124], [74.26246441615683, 32.20167223348244], [74.26246441615683, 32.1953944036209], [74.25892846235388, 32.19441175201244], [74.25884989190885, 32.194385622773275], [74.25877432186593, 32.1943517816654], [74.25870250698655, 32.194310566679405], [74.2586351645272, 32.19426238945305], [74.25857296707574, 32.194207731159985], [74.25851653583383, 32.194147137704], [74.25846643441275, 32.19408121426677], [74.2584231632042, 32.19401061926355], [74.25838715438258, 32.19393605776721], [74.25835876758869, 32.19385827446629], [74.25833828633778, 32.193778046227294], [74.25832591518787, 32.193696174335784], [74.25832177769672, 32.19361347649338], [74.25832177769672, 32.19131097449652], [74.25832591518787, 32.191228276654115], [74.25833828633778, 32.191146404762605], [74.25835876758869, 32.19106617652361], [74.25838715438258, 32.19098839322269], [74.2584231632042, 32.19091383172635], [74.25846643441275, 32.19084323672313], [74.25851653583383, 32.1907773132859], [74.25857296707574, 32.190716719829915], [74.2586351645272, 32.19066206153685], [74.25870250698655, 32.190613884310494], [74.25877432186593, 32.1905726693245], [74.25884989190885, 32.190538828216624], [74.25892846235388, 32.19051269897746], [74.26307110081399, 32.18936144797902], [74.2631440352895, 32.189344687071035], [74.26321818461318, 32.18933457551552], [74.26329294384885, 32.189331195806055], [74.26851638966183, 32.189331195806055], [74.27226758484157, 32.18620379241018], [74.27357066334852, 32.18294462943482], [74.27360486891273, 32.18287002618832], [74.27364628753193, 32.18279917307975], [74.27369451279834, 32.18273276533404], [74.27374907151595, 32.1826714545573], [74.27380942834368, 32.182615842343196], [74.27657118731709, 32.18031334034632], [74.27663314804333, 32.18026642866157], [74.27669923168908, 32.18022552891183], [74.28064794640342, 32.17803081083484], [74.28165915072113, 32.17634471151684], [74.28053383591245, 32.17446834242088], [74.28049596289821, 32.17439764475355], [74.28046510297565, 32.17432361644442], [74.28044154532077, 32.17424695118326], [74.28042551068296, 32.17416836736964], [74.28041714931642, 32.17408860138113], [74.28041653957216, 32.174008400672996], [74.28042368716389, 32.17392851677408], [74.28043852511433, 32.17384969824454], [74.28046091438301, 32.17377268366137], [74.280490645169, 32.1736981946975], [74.28052743887696, 32.173626929359315], [74.28057095072775, 32.17355955544586], [74.28062077298915, 32.1734967042912], [74.28067643879665, 32.17343896484845], [74.28073742652815, 32.17338687817089], [74.28080316469195, 32.173340932341986], [74.28087303728194, 32.17330155790178], [74.28094638954994, 32.17326912381245], [74.28102253414113, 32.17324393400091], [74.28207290486802, 32.17295203299152], [74.28207290486802, 32.172890958521535], [74.28206887622643, 32.17280935305438], [74.28205682947952, 32.17272854118576], [74.28067594999281, 32.16582103519514], [74.28065641723516, 32.165743167845115], [74.28062944010544, 32.16566755642207], [74.28059527188006, 32.16559491080834], [74.28055423334938, 32.16552591304155], [74.2805067098061, 32.165461210911324], [74.28045314742782, 32.16540141187743], [74.28039404908809, 32.16534707736665], [74.27779325413009, 32.16317877244145], [74.27649017562314, 32.159919609466094], [74.27645479846679, 32.15984276115655], [74.27641176905324, 32.159769921089], [74.27636153601925, 32.15970184871451], [74.27630462310862, 32.15963925377483], [74.27624162371136, 32.15958278890242], [74.27617319467693, 32.15953304281595], [74.27610004946573, 32.15949053418213], [74.27602295071033, 32.15945570620795], [74.27594270226405, 32.15942892201967], [74.27180006380394, 32.15827767102124], [74.27172712932843, 32.158260910113256], [74.27165298000475, 32.15825079855774], [74.27157822076907, 32.158247418848276], [74.2663547749561, 32.158247418848276], [74.26382349524765, 32.156137069379156], [74.2637532056738, 32.15608451988212], [74.2636777519532, 32.15603970013337], [74.26359798067809, 32.15600311301137], [74.26351478688372, 32.15597516902436], [74.25954392147773, 32.15487165424572], [74.25721707410736, 32.15293174175941], [74.25721707410736, 32.151138739178826], [74.25851687967251, 32.1468041032629], [74.26117826993332, 32.14347586764441], [74.26122505109304, 32.14341121044209], [74.26126539448909, 32.143342352319024], [74.26129892581119, 32.14326993214812], [74.26132533395221, 32.14319462185133], [74.26134437389469, 32.14311712016549], [74.26135586898398, 32.143038146159405], [74.26135971256747, 32.14295843256218], [74.26135971256747, 32.140655930565316], [74.26135635655207, 32.14058143331335], [74.26134631569346, 32.140507539575125], [74.2613296713342, 32.140434847975236], [74.26130655831281, 32.14036394739956], [74.26127716387143, 32.140295412224596], [74.26124172613899, 32.140229797664404], [74.25847996716558, 32.13562479367066], [74.25841651095992, 32.13553349148934], [74.2561617182038, 32.13271373157899], [74.25829997730084, 32.13093104674365], [74.2583596183103, 32.13087616195565], [74.2584136111908, 32.130815712316945], [74.2584614392316, 32.130750276329316], [74.25850264471936, 32.1306804802138], [74.25853683331842, 32.13060699191773], [74.25856367784459, 32.13053051472259], [74.25858292139635, 32.1304517805135], [74.2585943798133, 32.13037154277522], [74.25859794343862, 32.13029056938121], [74.2585935781685, 32.130209635245144], [74.25858132577848, 32.13012951490502], [74.25856130352368, 32.1300509751108], [74.25853370301665, 32.12997476748667], [74.25849878839367, 32.129901621338], [74.25845689378694, 32.12983223667189], [74.25840842012698, 32.12976727749814], [74.2583538313057, 32.12970736547469], [74.25829364973697, 32.12965307395833], [74.25822845135713, 32.12960492251775], [74.25815886011331, 32.12956337196122], [74.25808554199227, 32.12952881992668], [74.25800919864687, 32.129501597076406], [74.25793056068134, 32.12948196393248], [74.25785038065936, 32.12947010838368], [74.25776942590204, 32.12946614388736], [74.22877562376695, 32.12946614388736], [74.12659520854044, 32.12831494546652], [74.12651337767386, 32.128318070762575], [74.12643225503552, 32.12832925895951], [74.12635263311824, 32.12834840075905], [74.12627528975416, 32.128375309163594]]]}}, {"type": "Feature", "properties": {"na": "NA-79", "src": "sheet-split: gujranwala_na77_79_81.jpg, outline-fit", "approx": false, "rms_km": 1.612}, "geometry": {"type": "Polygon", "coordinates": [[[74.13405854382071, 31.895277830164126], [74.13404661348073, 31.895358257983307], [74.13404262389344, 31.895439467898363], [74.13404262389344, 31.897354020106537], [74.13019796172655, 31.900559347726286], [74.13013648610435, 31.900616100476512], [74.13008104765176, 31.900678763900917], [74.13003221169998, 31.90074669899198], [74.12999047625149, 31.900819212984587], [74.12995626690171, 31.900895566420466], [74.12992993249897, 31.900974980688808], [74.1299117415872, 31.901056645966083], [74.12990187966741, 31.901139729474203], [74.12990044730611, 31.901223383972738], [74.12990745910975, 31.901306756398593], [74.12992284357574, 31.901388996565117], [74.13130372306244, 31.9071452515573], [74.13132579216018, 31.907221103259246], [74.13135498489527, 31.907294508367944], [74.13139103587929, 31.907364799564505], [74.13143361737619, 31.907431337838343], [74.13148234228163, 31.907493518296324], [74.13153676764209, 31.907550775661804], [74.13159639868181, 31.907602589413507], [74.13166069330066, 31.907648488517538], [74.13172906700237, 31.907688055709496], [74.13180089820808, 31.907720931287795], [74.13187553390715, 31.907746816383675], [74.1319522955935, 31.907765475678183], [74.13203048543394, 31.907776739541443], [74.13210939261205, 31.90778050557475], [74.13470537718405, 31.90778050557475], [74.13731412382593, 31.908867972730665], [74.13740387351875, 31.908899470157852], [74.13749664177863, 31.90892047361561], [74.14440103921214, 31.910071724614046], [74.14447782156735, 31.91008086931666], [74.14455512205845, 31.910082816040525], [74.1446322673863, 31.910077547829378], [74.14470858560327, 31.910065110570148], [74.14478341196597, 31.910045612593265], [74.14485609472531, 31.9100192237291], [74.14715427701037, 31.909061216648926], [74.1495302745404, 31.911042106042295], [74.1495959626443, 31.911091559029618], [74.14966622891507, 31.911134257696347], [74.14974038134129, 31.91116978152827], [74.14981768963905, 31.911197780671927], [74.14989739244412, 31.91121797938012], [74.14997870481015, 31.91123017872758], [74.15006082593919, 31.911234258570058], [74.15252251277876, 31.911234258570058], [74.15613669568069, 31.914247433662045], [74.15613669568069, 31.916484709176633], [74.1528225849126, 31.916484709176633], [74.1527409108219, 31.91648874461317], [74.15266003233675, 31.91650081161269], [74.15258073731249, 31.916520792627857], [74.15250379817967, 31.916548493019153], [74.14974203920626, 31.91769974401759], [74.14967163702292, 31.917733057676372], [74.14960467412286, 31.917772835022884], [74.1495417422608, 31.917818724542588], [74.14948339756899, 31.917870320707344], [74.14943015564256, 31.91792716755908], [74.14938248698331, 31.917988762739125], [74.1493408128417, 31.918054561927583], [74.14930550149435, 31.918123983653498], [74.14927686498955, 31.91819641443337], [74.14925515638959, 31.91827121419252], [74.14795920777618, 31.92367343121968], [74.14413480096557, 31.925799058257393], [74.14406677362575, 31.925841295044012], [74.14400314117707, 31.925889901387034], [74.14394449796013, 31.925944423292865], [74.14389139171509, 31.9260043515153], [74.14384431846555, 31.926069126311987], [74.1438037178857, 31.92613814267253], [74.14376996919358, 31.926210755969443], [74.14374338760918, 31.92628628797907], [74.14372422141015, 31.926364033216366], [74.14371264961285, 31.926443265524263], [74.14370878030036, 31.926523244856146], [74.14370878030036, 31.928596346534338], [74.14251807455602, 31.930581749591173], [74.14009459739843, 31.932602223154742], [74.13763291055886, 31.932602223154742], [74.13754767559905, 31.932606619098756], [74.13746334510657, 31.93261976028342], [74.137380813951, 31.932641507261582], [74.13730095790837, 31.932671629266068], [74.13722462436785, 31.932709806658444], [74.13715262333969, 31.932755634320863], [74.1370857188599, 31.932808625954937], [74.13702462088264, 31.932868219242092], [74.13696997774665, 31.932933781810576], [74.13692236929532, 31.933004617945848], [74.13603924642227, 31.934477152079527], [74.13402082349755, 31.932794375682505], [74.13395513539365, 31.932744922695182], [74.13388486912288, 31.932702224028453], [74.13381071669666, 31.93266670019653], [74.1337334083989, 31.932638701052873], [74.13365370559383, 31.93261850234468], [74.1335723932278, 31.932606302997222], [74.13349027209875, 31.932602223154742], [74.13340815096971, 31.932606302997222], [74.13332683860368, 31.93261850234468], [74.13324713579861, 31.932638701052873], [74.13316982750085, 31.93266670019653], [74.13309567507463, 31.932702224028453], [74.13302540880386, 31.932744922695182], [74.13295972069996, 31.932794375682505], [74.12743620275315, 31.93739937967625], [74.12737688173088, 31.937453939867062], [74.12732314253795, 31.937514005641386], [74.12727549369616, 31.93757900861039], [74.12723438609575, 31.937648333665678], [74.12720020872861, 31.937721324799924], [74.12717328500747, 31.93779729131454], [74.1271538697054, 31.937875514355568], [74.12714214654501, 31.937955253716073], [74.12713822645992, 31.93803575484051], [74.12713822645992, 31.940338256837382], [74.12714158247532, 31.94041275408935], [74.12715162333393, 31.940486647827573], [74.1271682676932, 31.940559339427463], [74.12719138071459, 31.940630240003145], [74.12722077515596, 31.940698775178102], [74.1272562128884, 31.9407643897383], [74.12851910594662, 31.942870159152935], [74.12851910594662, 31.9468578130393], [74.12605532326644, 31.948911889660614], [74.12599600224418, 31.948966449851426], [74.12594226305124, 31.94902651562575], [74.12589461420946, 31.949091518594752], [74.12585350660905, 31.94916084365004], [74.1258193292419, 31.949233834784287], [74.12579240552077, 31.949309801298902], [74.12577299021869, 31.94938802433993], [74.12576126705831, 31.949467763700437], [74.12575734697322, 31.949548264824873], [74.12575734697322, 31.95415326881862], [74.12576308135313, 31.954250579157172], [74.12578020511563, 31.95434654249319], [74.12709962158374, 31.959846586272864], [74.12624011695813, 31.96199631527076], [74.12435466709063, 31.960424399644978], [74.12426337663246, 31.96035827359038], [74.11873985868564, 31.95690452059507], [74.11867262308665, 31.95686671425512], [74.11860216292051, 31.956835324605578], [74.1185290889078, 31.956810623719395], [74.11845403442491, 31.956792825694], [74.11837765001412, 31.95678208479556], [74.11830059774502, 31.956778494121906], [74.1113962003115, 31.956778494121906], [74.11131407918246, 31.956782573964386], [74.11123276681643, 31.956794773311845], [74.11115306401136, 31.956814972020037], [74.1110757557136, 31.956842971163695], [74.11100160328738, 31.956878494995618], [74.11093133701661, 31.956921193662346], [74.11086564891271, 31.95697064664967], [74.1081038899393, 31.959273148646542], [74.10804353311157, 31.959328760860647], [74.10798897439396, 31.959390071637376], [74.10794074912755, 31.959456479383093], [74.10789933050835, 31.95952733249166], [74.10786512494414, 31.95960193573816], [74.1066365212685, 31.962674827808513], [74.10288908035642, 31.963716252285487], [74.10281293576523, 31.96374144209703], [74.10273958349723, 31.96377387618636], [74.10266971090724, 31.96381325062656], [74.10260397274344, 31.963859196455463], [74.10254298501194, 31.963911283133033], [74.10248731920444, 31.963969022575785], [74.10243749694304, 31.96403187373044], [74.10239398509225, 31.964099247643894], [74.10235719138429, 31.964170512982083], [74.1023274605983, 31.964245001945947], [74.10230507132962, 31.96432201652912], [74.10229023337918, 31.96440083505866], [74.10228308578745, 31.964480718957578], [74.10228369553171, 31.96456091966571], [74.10229205689825, 31.964640685654217], [74.10230809153606, 31.96471926946784], [74.10233164919094, 31.964795934729004], [74.1023625091135, 31.96486996303813], [74.10240038212774, 31.964940660705462], [74.10341644627245, 31.966634863381845], [74.09981861301908, 31.96963440763247], [74.09975929199682, 31.96968896782328], [74.09970555280388, 31.969749033597605], [74.0996579039621, 31.969814036566607], [74.09961679636169, 31.969883361621896], [74.09958261899455, 31.969956352756142], [74.09955569527341, 31.970032319270757], [74.09953627997133, 31.970110542311787], [74.09952455681095, 31.97019028167229], [74.09952063672586, 31.970270782796728], [74.09952063672586, 31.97234388447492], [74.0983718541586, 31.9742593841116], [74.09442313944426, 31.976454102188594], [74.09435705579851, 31.97649500193833], [74.09429509507227, 31.976541913623088], [74.09015245661216, 31.979995666618397], [74.09009119419581, 31.98005220168], [74.09003592295308, 31.980114606700422], [74.08740665178348, 31.983402675378727], [74.08530428001956, 31.98427905800864], [74.08322625878276, 31.98254659399083], [74.08322625878276, 31.978558940104463], [74.08448915184098, 31.976453170689826], [74.08452458957342, 31.97638755612963], [74.08455398401479, 31.976319020954673], [74.08457709703619, 31.97624812037899], [74.08459374139545, 31.9761754287791], [74.08460378225406, 31.97610153504088], [74.08460713826946, 31.97602703778891], [74.08460713826946, 31.974183635754382], [74.08974138946488, 31.970973284015585], [74.08981011354004, 31.970925312673955], [74.08987363961025, 31.970870643793155], [74.08993131763894, 31.970809836777693], [74.08998255743023, 31.97074351384114], [74.09002683466807, 31.970672353639245], [74.09006369628142, 31.970597084325536], [74.0900927650803, 31.97051847610042], [74.09011374361548, 31.970437333330036], [74.0901264172221, 31.970354486315486], [74.09013065621627, 31.970270782796728], [74.09013065621627, 31.96375122659481], [74.09121355940975, 31.962848400971932], [74.09128128695829, 31.962785192831863], [74.09134153465769, 31.96271481879886], [74.0913935492745, 31.96263815870859], [74.0941553082479, 31.958033154714844], [74.09419074598034, 31.957967540154648], [74.09422014042171, 31.95789900497969], [74.09424325344311, 31.95782810440401], [74.09425989780237, 31.95775541280412], [74.09426993866099, 31.957681519065897], [74.09427329467638, 31.957607021813928], [74.09427329467638, 31.949548264824873], [74.0942695518529, 31.949469600620322], [74.0942583571984, 31.949391647137293], [74.09423981185523, 31.949315108676032], [74.09421408337832, 31.949240676752233], [74.09283320389162, 31.945786923756923], [74.09279895755662, 31.94571224210168], [74.09275748304405, 31.9456413194262], [74.09270918818598, 31.9455748531357], [74.09265454788107, 31.945513496814343], [74.09259409942484, 31.945457853798345], [74.09252843722618, 31.945408471243166], [74.09245820696233, 31.94536583474318], [74.09238409922985, 31.945330363556636], [74.09230684275359, 31.945302406482995], [74.09222719722106, 31.945282238433048], [74.0921459458121, 31.94527005772564], [74.09206388749766, 31.945265984137542], [74.08515949006414, 31.945265984137542], [74.08508243779504, 31.945269574811196], [74.08500605338425, 31.945280315709635], [74.08493099890136, 31.94529811373503], [74.08485792488865, 31.945322814621214], [74.08478746472251, 31.945354204270757], [74.08472022912352, 31.945392010610707], [74.0791967111767, 31.948845763606016], [74.07913247903883, 31.948890273292747], [74.07907272608405, 31.948940636614168], [74.07901798388757, 31.948996405527303], [74.07896873944775, 31.949057083899866], [74.07892543085379, 31.949122131923957], [74.07778587958889, 31.951022239129724], [74.07273157468381, 31.951022239129724], [74.072646339724, 31.951026635073738], [74.07256200923152, 31.9510397762584], [74.07247947807595, 31.951061523236564], [74.07239962203332, 31.95109164524105], [74.0723232884928, 31.951129822633426], [74.07225128746464, 31.951175650295845], [74.07218438298484, 31.95122864192992], [74.07212328500759, 31.951288235217074], [74.0720686418716, 31.951353797785558], [74.07202103342027, 31.95142463392083], [74.07064015393357, 31.953727135917703], [74.07060471620113, 31.9537927504779], [74.07057532175976, 31.953861285652856], [74.07055220873836, 31.95393218622854], [74.0705355643791, 31.954004877828428], [74.07052552352049, 31.95407877156665], [74.07052216750509, 31.95415326881862], [74.07052216750509, 31.957054765655695], [74.06555582249317, 31.959125007740035], [74.06146269575532, 31.960262499290177], [74.06136575205726, 31.960296030959736], [74.05860399308385, 31.961447281958172], [74.05852923658254, 31.961482929202802], [74.05845841246318, 31.961525861762155], [74.05839222841799, 31.961575650643415], [74.05286871047117, 31.96618065463716], [74.05280098292263, 31.96624386277723], [74.05274073522324, 31.96631423681023], [74.05268872060643, 31.966390896900503], [74.05130784111972, 31.968693398897376], [74.05127608332582, 31.968751496140033], [74.05124906598931, 31.96881194372565], [74.05001084928968, 31.97190887917613], [74.04347099584378, 31.97408981180109], [74.04339893458521, 31.974117639073434], [74.04332977817745, 31.974152056704643], [74.04326412777715, 31.9741927655122], [74.04320255406425, 31.974239411626215], [74.04044079509084, 31.976541913623088], [74.0403730675423, 31.976605121763157], [74.04031281984291, 31.976675495796158], [74.0402608052261, 31.97675215588643], [74.0388799257394, 31.979054657883303], [74.03884448800696, 31.9791202724435], [74.03881509356559, 31.979188807618456], [74.03879198054419, 31.97925970819414], [74.03877533618493, 31.97933239979403], [74.03876529532631, 31.97940629353225], [74.03876193931092, 31.97948079078422], [74.03876193931092, 31.987151597984575], [74.03652863589569, 31.989013522078125], [74.03406694905613, 31.989013522078125], [74.03398482792709, 31.989017601920605], [74.03390351556105, 31.989029801268064], [74.03382381275598, 31.989049999976256], [74.03374650445822, 31.989077999119914], [74.033672352032, 31.989113522951836], [74.03360208576123, 31.989156221618565], [74.03353639765733, 31.989205674605888], [74.02686247948877, 31.994769777070307], [74.0216390336758, 31.994769777070307], [74.0215583328417, 31.994773716676175], [74.02147839946412, 31.994785498028545], [74.02139999370108, 31.994805009087983], [74.02132386118322, 31.994832064306355], [74.02125072592281, 31.994866406391363], [74.02118128342855, 31.994907708753367], [74.02111619409128, 31.994955578611226], [74.0210560769038, 31.995009560727592], [74.0210015035743, 31.99506914173818], [74.0209529930894, 31.995133755033812], [74.02091100677876, 31.995202786148802], [74.02087594392782, 31.995275578604456], [74.0208481379806, 31.995351440152138], [74.02082785336877, 31.995429649356453], [74.02081528299685, 31.99550946245605], [74.02081054640779, 31.99559012043669], [74.02081368864603, 31.99567085624941], [74.02082467982922, 31.995750902105076], [74.02084341543237, 31.995829496775965], [74.02086971728184, 31.99590589283497], [74.02202722648866, 31.998800968711343], [74.01727342269308, 32.00276425545629], [74.01214193192993, 32.001694713559004], [74.01206005285222, 32.00168188202174], [74.01197730147892, 32.00167729487331], [74.01189450583612, 32.00168099801361], [74.0118124943929, 32.001692954388304], [74.01173208777148, 32.00171304435962], [74.01165409053594, 32.00174106690345], [74.00889233156254, 32.00289231790188], [74.00881897597647, 32.00292721071309], [74.00874938984212, 32.00296911918705], [74.00868424205333, 32.003017640480294], [74.0086241588405, 32.0030723081839], [74.00856971775103, 32.003132596806864], [74.00852144209759, 32.003197926827276], [74.00847979592793, 32.00326767026306], [74.00844517956409, 32.003341156708316], [74.00841792575446, 32.00341767977767], [74.00839829647514, 32.00349650389628], [74.00838648041174, 32.0035768713706], [74.0083825911457, 32.00365800967161], [74.00838666606244, 32.00373913886078], [74.00839866599195, 32.003819479087156], [74.009682942804, 32.010243754238154], [74.00601498945579, 32.01330175820954], [74.00060705464232, 32.015556078884686], [74.00053376864338, 32.01559093431164], [74.00046424410974, 32.01563279213826], [74.0003991480455, 32.01568125078918], [74.00033910496893, 32.015735845362016], [74.00028469092099, 32.01579605208767], [74.00023642793886, 32.015861293355165], [74.00019477904772, 32.01593094325318], [74.00016014381845, 32.0160043335749], [74.00013285453433, 32.016080760228625], [74.00011317300316, 32.01615948999275], [74.00010128804551, 32.01623976755007], [74.00009731368323, 32.01632082273419], [74.00009731368323, 32.01823537494235], [73.99487177202964, 32.022591953560536], [73.99481141520191, 32.02264756577464], [73.9947568564843, 32.02270887655138], [73.99470863121789, 32.02277528429709], [73.99466721259869, 32.02284613740566], [73.99463300703448, 32.02292074065216], [73.99332992852753, 32.02617990362752], [73.99072913356953, 32.02834820855272], [73.9906687767418, 32.028403820766826], [73.99061421802419, 32.028465131543555], [73.99056599275778, 32.028531539289276], [73.99052457413858, 32.028602392397836], [73.99049036857437, 32.02867699564434], [73.98910948908767, 32.032130748639645], [73.98772860960096, 32.035584501634965], [73.98770288112405, 32.035658933558764], [73.98768433578088, 32.03573547202002], [73.98767314112638, 32.03581342550305], [73.9876693983029, 32.0358920897076], [73.9876693983029, 32.039345842702915], [73.98767331838799, 32.03942634382735], [73.98768504154837, 32.03950608318785], [73.98770445685045, 32.03958430622889], [73.98773138057159, 32.039660272743504], [73.98776555793873, 32.03973326387775], [73.98780666553914, 32.039802588933036], [73.98785431438093, 32.03986759190204], [73.98790805357388, 32.039927657676365], [73.98796737459612, 32.03998221786718], [73.9904311572763, 32.04203629448848], [73.9904311572763, 32.04395084669666], [73.9904345132917, 32.044025343948626], [73.99044455415032, 32.04409923768685], [73.99046119850958, 32.04417192928674], [73.99048431153096, 32.04424282986242], [73.99051370597235, 32.04431136503738], [73.99054914370478, 32.04437697959757], [73.99193002319149, 32.04667948159444], [73.9919820378083, 32.04675614168472], [73.9920422855077, 32.04682651571771], [73.99211001305623, 32.04688972385779], [73.99457379573641, 32.04894380047911], [73.99457379573641, 32.05085835268727], [73.99457778532371, 32.05093956260233], [73.9945897156637, 32.05101999042151], [73.99460947186067, 32.05109886158095], [73.99463686365166, 32.051175416508265], [73.99467162723874, 32.05124891793766], [73.99471342782957, 32.05131865801019], [73.99476186286161, 32.051383965090835], [73.99481646587901, 32.0514442102367], [73.99487671102487, 32.051498813254106], [73.99494201810552, 32.05154724828614], [73.99501175817805, 32.05158904887697], [73.99508525960745, 32.05162381246405], [73.99516181453477, 32.05165120425504], [73.9952406856942, 32.051670960452014], [73.99532111351338, 32.051682890791994], [73.99540232342844, 32.05168688037929], [73.997864010268, 32.05168688037929], [74.00123136425641, 32.05449427210216], [74.0002153001117, 32.056188474778544], [74.00017674716293, 32.05626060768297], [74.00014549408402, 32.05633619029221], [74.00012184543402, 32.0564144860591], [74.00010603166733, 32.05649473199696], [74.000098206888, 32.05657614611483], [74.00009844734792, 32.05665793503792], [74.00010675070385, 32.05673930173897], [74.00012303604016, 32.05681945330527], [74.00014714465743, 32.056897608665516], [74.00017884161888, 32.056973006201254], [74.00285907265663, 32.06255933485624], [74.00285907265663, 32.064285414879805], [74.00049147150898, 32.066259304137624], [73.99784529566891, 32.06736237381432], [73.99776621929598, 32.06740036936802], [73.99769160386055, 32.06744651339961], [73.99762228596893, 32.067500288531015], [73.99755904283012, 32.06756109182245], [73.9975025835415, 32.06762824153268], [73.9974535411383, 32.06770098476291], [73.99644098736202, 32.06938933419112], [73.99434023067467, 32.06851362481275], [73.99426301809883, 32.068485841020426], [73.99418343583302, 32.068465831423964], [73.99410226452902, 32.068453792304894], [73.99402030042607, 32.06844984175936], [73.9939383475403, 32.068454018539725], [73.99385720977776, 32.068466281674404], [73.99377768304869, 32.068486510869796], [73.99370054746011, 32.06851450769026], [73.99362655966344, 32.06854999750466], [73.99355644543228, 32.06859263218033], [73.99349089254294, 32.06864199349799], [73.99147246961822, 32.070324769895024], [73.99058934674517, 32.06885223576134], [73.99054517174724, 32.06878601296108], [73.99049484533337, 32.068724335235906], [73.99043883208093, 32.0686677719504], [73.99037764906414, 32.068616845256294], [73.99031186108078, 32.06857202527233], [73.99024207543839, 32.0685337257445], [73.99016893634801, 32.068502300226605], [73.99009311897734, 32.0684780388165], [73.99001532321802, 32.068461165478155], [73.98993626722475, 32.06845183597414], [73.98985668078585, 32.06845013642774], [73.98977729858628, 32.068456082527966], [73.98969885342565, 32.068469619384665], [73.98962206945347, 32.06849062203529], [73.98954765548437, 32.068518896598405], [73.9894762984548, 32.0685541820635], [73.9853336599947, 32.07085668406038], [73.98526592268638, 32.07089872082096], [73.98520253903901, 32.07094707312622], [73.9851440958771, 32.071001293316236], [73.98509113428473, 32.07106087940448], [73.98504414459595, 32.07112527972534], [73.98500356185518, 32.07119389804162], [73.98496976178942, 32.071266099064694], [73.98494305732966, 32.07134121433616], [73.98492369571369, 32.07141854841665], [73.98491185619704, 32.071497385324406], [73.98490764839349, 32.071576995164044], [73.9849111112601, 32.071656640884164], [73.98492221273663, 32.07173558510116], [73.98494085004235, 32.07181309692616], [73.98496685062756, 32.07188845873178], [73.98634773011426, 32.07534221172708], [73.98639077299977, 32.07543335279479], [73.98644456452561, 32.07551859278518], [73.9904311572763, 32.08105802004729], [73.9904311572763, 32.08424463164193], [73.9904350773614, 32.08432513276637], [73.99044680052178, 32.08440487212687], [73.99046621582386, 32.084483095167904], [73.990493139545, 32.08455906168252], [73.99052731691214, 32.084632052816765], [73.99056842451255, 32.08470137787205], [73.99061607335433, 32.08476638084105], [73.99066981254728, 32.08482644661538], [73.99072913356953, 32.08488100680619], [73.99349089254294, 32.087183508803065], [73.99355707658813, 32.08723329768432], [73.9936279007075, 32.087276230243674], [73.9937026572088, 32.087311877488304], [73.99557964896175, 32.088094309500086], [73.99469178216489, 32.0895747537332], [73.99465270737146, 32.08964799301902], [73.99462115740496, 32.089724774736126], [73.99459744897155, 32.089804328131116], [73.99458182006222, 32.0898858546278], [73.99457442756373, 32.08996853584353], [73.99457534568377, 32.09005154180431], [73.99458456520601, 32.09013403927625], [73.99460199358269, 32.09021520012984], [73.99462745586354, 32.09029420965283], [73.99466069645203, 32.09037027472855], [73.99470138167112, 32.09044263179742], [73.99474910311278, 32.09051055452172], [73.99480338173763, 32.090573361076736], [73.99486367268373, 32.09063042099511], [73.99492937073605, 32.090681161495624], [73.99499981640163, 32.09072507323287], [73.99914245486174, 32.09302757522973], [73.99921380444715, 32.09306285744894], [73.99928821041782, 32.093091130224856], [73.9993649860511, 32.09311213261667], [73.99944342275381, 32.09312567078484], [73.99952279660205, 32.09313161978019], [73.99960237502265, 32.09312992469703], [73.9996814235543, 32.09312060117997], [73.99975921262636, 32.0931037352795], [73.99983502429215, 32.0930794826578], [73.99990815885532, 32.09304806715207], [73.99997794132756, 32.09300977870866], [74.00004372765834, 32.092964970707015], [74.00010491067916, 32.09291405669821], [74.0001609257073, 32.09285750658812], [74.00421103516801, 32.088355358881714], [74.00804501638885, 32.08622441033239], [74.01059199778217, 32.08622441033239], [74.01067723274198, 32.086220014388374], [74.01076156323448, 32.086206873203714], [74.01084409439004, 32.08618512622555], [74.01092395043267, 32.08615500422106], [74.01100028397319, 32.086116826828686], [74.01107228500135, 32.08607099916627], [74.01113918948114, 32.086018007532196], [74.0112002874584, 32.08595841424504], [74.01125493059439, 32.085892851676554], [74.01130253904572, 32.08582201554128], [74.01244209031061, 32.08392190833551], [74.01426542320054, 32.08392190833551], [74.01540497446544, 32.08582201554128], [74.01545401686865, 32.08589475877151], [74.01551047615726, 32.08596190848174], [74.01557371929607, 32.086022711773175], [74.01564303718769, 32.08607648690458], [74.01571765262312, 32.08612263093617], [74.01579672899605, 32.08616062648987], [74.02132024694286, 32.08846312848674], [74.02139765154442, 32.08849097078593], [74.0214774355369, 32.088511000276974], [74.02155881246064, 32.08852301952195], [74.02164098015389, 32.0885269100428], [74.02172312866, 32.08852263348927], [74.02180444821147, 32.08851023201688], [74.02188413721206, 32.088489827871435], [74.0219614101385, 32.088461622183964], [74.02203550528364, 32.088425892988134], [74.02210569226483, 32.08838299247953], [74.02217127922363, 32.08833334354398], [74.0222316196457, 32.088277435588985], [74.02228611873367, 32.088215819719466], [74.02499561729107, 32.08482742165559], [74.03035868046229, 32.08035619017595], [74.03276811052959, 32.07935180898361], [74.03738105982421, 32.08031327277033], [74.03738105982421, 32.08194212964506], [74.0373849799093, 32.082022630769494], [74.03739670306969, 32.082102370129995], [74.03741611837177, 32.08218059317103], [74.0374430420929, 32.082256559685646], [74.03747721946004, 32.08232955081989], [74.03751832706045, 32.08239887587518], [74.03756597590224, 32.08246387884418], [74.03761971509519, 32.08252394461851], [74.03767903611744, 32.08257850480932], [74.04320255406425, 32.087183508803065], [74.04326824216815, 32.087232961790384], [74.04333850843892, 32.08727566045712], [74.04341266086514, 32.087311184289035], [74.0434899691629, 32.08733918343269], [74.04356967196797, 32.08735938214089], [74.04365098433401, 32.08737158148834], [74.04373310546305, 32.087375661330825], [74.04895655127602, 32.087375661330825], [74.05148783098447, 32.08948601079994], [74.05155351908837, 32.08953546378726], [74.05162378535914, 32.08957816245399], [74.05169793778536, 32.08961368628591], [74.05177524608312, 32.08964168542956], [74.05185494888819, 32.08966188413776], [74.05193626125423, 32.089674083485214], [74.05201838238327, 32.0896781633277], [74.05478014135667, 32.0896781633277], [74.05486181544737, 32.089674127891165], [74.05494269393252, 32.08966206089164], [74.05502198895678, 32.08964207987647], [74.0550989280896, 32.08961437948518], [74.05786068706301, 32.08846312848674], [74.05793353550325, 32.088428507933386], [74.0580026724659, 32.08838696809281], [74.05806744274861, 32.0883389026329], [74.0581272325315, 32.088284767063996], [74.05818147519429, 32.08822507442213], [74.05822965668604, 32.088160390407], [74.05827132039674, 32.08809132802094], [74.05830607148465, 32.08801854175954], [74.05833358061805, 32.08794272140911], [74.0583535870963, 32.08786458550963], [74.05836590132053, 32.08778487454526], [74.05837040659036, 32.08770434392684], [74.0583670602099, 32.087623756832976], [74.05835589389241, 32.087543876977485], [74.05833701345968, 32.08746546137178], [74.05831059783918, 32.08738925315074], [74.05827689736849, 32.08731597453016], [74.05823623142271, 32.087246319962375], [74.05818898538796, 32.087180949555005], [74.0556086690487, 32.08395410196571], [74.0556086690487, 32.08194212964506], [74.0556053130333, 32.08186763239309], [74.05559527217468, 32.081793738654866], [74.05557862781542, 32.08172104705498], [74.05555551479404, 32.0816501464793], [74.05552612035265, 32.08158161130434], [74.05549068262022, 32.081515996744145], [74.05410980313351, 32.07921349474727], [74.05406076073031, 32.079140751517045], [74.0540043014417, 32.07907360180681], [74.05394105830288, 32.07901279851538], [74.05387174041127, 32.07895902338397], [74.05379712497583, 32.07891287935239], [74.0537180486029, 32.07887488379868], [74.04907929787656, 32.07694120078846], [74.0499671646734, 32.07546075655535], [74.05000260240584, 32.07539514199516], [74.05003199684722, 32.0753266068202], [74.05005510986861, 32.07525570624452], [74.05007175422787, 32.07518301464463], [74.05008179508648, 32.075109120906404], [74.05008515110188, 32.07503462365444], [74.05008515110188, 32.071968820447836], [74.05251493519287, 32.06994308874012], [74.05938250751133, 32.06536264587623], [74.05944161268488, 32.06531932952161], [74.05949665935682, 32.06527096019223], [74.05954721693186, 32.06521791625079], [74.05959288993003, 32.06516061262651], [74.05963332108033, 32.06509949756942], [74.06222499759556, 32.06077809196592], [74.06604902028516, 32.05971538519539], [74.06613221407953, 32.059687441208375], [74.06621198535464, 32.05965085408638], [74.06628743907524, 32.05960603433763], [74.0663577286491, 32.05955348484059], [74.0685889362237, 32.05769330806722], [74.07082014379831, 32.05955348484059], [74.07088100366639, 32.05959964026349], [74.07094585546939, 32.05963999482026], [74.0710141480282, 32.05967420553522], [74.07108530092046, 32.05970198164956], [74.07115870941371, 32.05972308709253], [74.08082486582063, 32.0620255890894], [74.08090709442152, 32.062040837280044], [74.08099044129487, 32.06204771832818], [74.08107405725241, 32.062046162125526], [74.08115709036426, 32.06203618452763], [74.0812386946389, 32.06201788719226], [74.08538133309901, 32.06086663619382], [74.08952397155912, 32.05971538519539], [74.08962091525719, 32.05968185352583], [74.095144433204, 32.05737935152896], [74.09522350957693, 32.057341355975254], [74.09529812501236, 32.05729521194367], [74.09536744290398, 32.05724143681226], [74.09543068604279, 32.05718063352083], [74.0954871453314, 32.057113483810596], [74.09553618773461, 32.05704074058037], [74.09691706722131, 32.0547382385835], [74.09695250495375, 32.054672624023304], [74.09698189939513, 32.05460408884834], [74.09700501241652, 32.054533188272664], [74.09702165677578, 32.054460496672775], [74.09703169763439, 32.05438660293455], [74.09703505364979, 32.054312105682584], [74.09703505364979, 32.05085835268727], [74.09703114998655, 32.050778019956624], [74.09701947578154, 32.05069844421197], [74.09700014104237, 32.05062037530611], [74.09577639899389, 32.04653939859897], [74.09802177531074, 32.044667409224424], [74.10051493881929, 32.04362812339024], [74.1086344413381, 32.04362812339024], [74.10871118996761, 32.04362456102132], [74.10878727861451, 32.043613904548344], [74.10886205297157, 32.04359624560926], [74.10893487003351, 32.04357173605814], [74.10900510362633, 32.04354058665938], [74.11585682369233, 32.04011318420626], [74.1227053458244, 32.03782931569542], [74.12278344102299, 32.037798800048655], [74.12285805216077, 32.037760547691086], [74.12292841513995, 32.03771495036771], [74.12299380936848, 32.03766247504384], [74.12305356513957, 32.03760365912286], [74.12310707049029, 32.03753910494264], [74.12315377746867, 32.03746947360695], [74.1242528287032, 32.035636896842256], [74.13199536306202, 32.03671273299074], [74.13207139846291, 32.03671974578417], [74.13214775657427, 32.03671972872484], [74.13222378883408, 32.036712681957646], [74.13229884944805, 32.036698665335635], [74.13237230087469, 32.03667779791163], [74.1324435192405, 32.036650256927025], [74.13251189963886, 32.036616276306354], [74.13646680865224, 32.03441811540275], [74.14177554901897, 32.03441811540275], [74.14185722310967, 32.03441407996622], [74.14193810159482, 32.034402012966694], [74.14201739661908, 32.03438203195152], [74.1420943357519, 32.03435433156023], [74.14439251803695, 32.03339632448005], [74.14923229824717, 32.03743129049474], [74.14923229824717, 32.046253348693526], [74.14923631519683, 32.046334835945125], [74.14924832709507, 32.04641553304767], [74.14926821746732, 32.046494657513854], [74.1492957934447, 32.04657144210561], [74.14933078763403, 32.04664514227366], [74.14937286071076, 32.046715043377176], [74.1494216047092, 32.0467804676133], [74.14947654697846, 32.04684078058958], [74.14953715476547, 32.04689539747536], [74.14960284038092, 32.04694378867271], [74.14967296689785, 32.046985484951676], [74.1497468543277, 32.04702008200024], [74.1498237862138, 32.04704724434475], [74.14990301657865, 32.0470667086029], [74.14998377715729, 32.0470782860376], [74.15006528484695, 32.04708186438715], [74.15014674930036, 32.04707740895373], [74.15022738058956, 32.047064962939885], [74.1503063968654, 32.04704464702959], [74.15038303193887, 32.04701665821804], [74.15045654271054, 32.04698126790149], [74.15052621637608, 32.04693881924556], [74.15059137733799, 32.04688972385779], [74.15739959323898, 32.04121365622911], [74.15952202974738, 32.04032890952495], [74.16465268190719, 32.04567574507295], [74.16471994889413, 32.045738472859355], [74.16748170786754, 32.04804097485623], [74.16754686882945, 32.048090070244], [74.16761654249498, 32.048132518899926], [74.16769005326665, 32.04816790921648], [74.16776668834012, 32.04819589802803], [74.16784570461597, 32.048216213938325], [74.16792633590516, 32.04822865995217], [74.16800780035858, 32.04823311538559], [74.16808930804824, 32.04822953703604], [74.16817006862688, 32.04821795960134], [74.16824929899173, 32.04819849534319], [74.16832623087782, 32.04817133299868], [74.16840011830767, 32.048136735950116], [74.1684702448246, 32.04809503967115], [74.16853593044006, 32.0480466484738], [74.16859653822706, 32.04799203158802], [74.16865148049632, 32.04793171861174], [74.16870022449477, 32.047866294375616], [74.1687422975715, 32.0477963932721], [74.16877729176083, 32.04772269310405], [74.1688048677382, 32.047645908512294], [74.16882475811046, 32.04756678404611], [74.1688367700087, 32.047486086943564], [74.16884078695836, 32.047404599691966], [74.16884078695836, 32.04279959569822], [74.16883688329511, 32.04271926296757], [74.1688252090901, 32.042639687222916], [74.16880587435094, 32.04256161831706], [74.16742499486423, 32.03795661432331], [74.16740254468337, 32.037891667906], [74.16737478976899, 32.03782880525835], [74.16734192104317, 32.03776845880356], [74.16732295015095, 32.03773682641446], [74.16734288318368, 32.03770633583261], [74.16739629544757, 32.03764047374734], [74.17029511282725, 32.03441811540275], [74.17077401823974, 32.03441811540275], [74.17085899367838, 32.034413746258146], [74.1709430729008, 32.03440068490467], [74.17646659084761, 32.03324943390623], [74.17651937922142, 32.03323661223135], [74.18066201768153, 32.032085361232916], [74.1807452114759, 32.0320574172459], [74.180824982751, 32.032020830123905], [74.1809004364716, 32.03197601037515], [74.18097072604546, 32.03192346087812], [74.18649424399227, 32.02731845688437], [74.18656197154081, 32.0272552487443], [74.1866222192402, 32.0271848747113], [74.18667423385702, 32.02710821462102], [74.18805511334372, 32.02480571262415], [74.18808798206953, 32.02474536616936], [74.18811573698392, 32.02468250352171], [74.18813818716478, 32.0246175571044], [74.18951906665148, 32.020012553110654], [74.1895379038704, 32.019936993065265], [74.19083230449236, 32.01346207607465], [74.1930338644284, 32.01254434643246], [74.1983916079738, 32.01254434643246], [74.19846866047942, 32.012540755736715], [74.19854504512057, 32.01253001477239], [74.1986200998216, 32.01251221663844], [74.1986931740343, 32.01248751560295], [74.1987636343767, 32.01245612576594], [74.1988308701229, 32.012418319203654], [74.19889429849671, 32.01237442361032], [74.19895336972291, 32.012324819457746], [74.19900757179256, 32.01226993669758], [74.20290335263363, 32.00793934243872], [74.20499593327348, 32.00793934243872], [74.20880028991779, 32.01111106700073], [74.20999099566211, 32.013096470057555], [74.20999099566211, 32.01632082273419], [74.20999498524941, 32.016402032649246], [74.21000691558939, 32.016482460468424], [74.21002667178637, 32.01656133162786], [74.21005406357736, 32.01663788655518], [74.21008882716444, 32.01671138798458], [74.21013062775526, 32.016781128057104], [74.2101790627873, 32.01684643513775], [74.21023366580471, 32.01690668028362], [74.21029391095057, 32.01696128330102], [74.21035921803121, 32.01700971833306], [74.21042895810375, 32.017051518923886], [74.21050245953315, 32.01708628251097], [74.21057901446046, 32.01711367430195], [74.2106578856199, 32.01713343049893], [74.21073831343908, 32.01714536083891], [74.21081952335413, 32.01714935042621], [74.21358128232754, 32.01714935042621], [74.21366340345658, 32.017145270583725], [74.21374471582261, 32.01713307123627], [74.21382441862768, 32.017112872528074], [74.21390172692544, 32.01708487338442], [74.21397587935166, 32.0170493495525], [74.21404614562243, 32.01700665088577], [74.21411183372634, 32.01695719789845], [74.21822047359726, 32.01353178981674], [74.22502123279187, 32.00899590908953], [74.227444348146, 32.00798582312706], [74.2309922568493, 32.00897179703629], [74.23208506744936, 32.01079396806068], [74.23208506744936, 32.01516957173575], [74.23208842346476, 32.01524406898771], [74.23209846432337, 32.01531796272594], [74.23211510868263, 32.01539065432583], [74.23213822170402, 32.015461554901506], [74.2321676161454, 32.01553009007647], [74.23220305387784, 32.01559570463666], [74.23358393336454, 32.01789820663353], [74.23362729265236, 32.017963323513996], [74.23367660031619, 32.01802406057227], [74.23373141674507, 32.01807987629664], [74.23379125321367, 32.018130273052364], [74.2338555762396, 32.01817480151849], [74.23392381233985, 32.01821306469378], [74.24066544552127, 32.02158539892248], [74.24331354597713, 32.02489701480547], [74.24337087609207, 32.02496151377769], [74.24343460400749, 32.02501969979227], [74.24350403838797, 32.025070941633615], [74.243578425993, 32.025114683418174], [74.2436569598483, 32.02515045062476], [74.24373878800014, 32.0251778552423], [74.24788142646025, 32.02632910624074], [74.2479584015218, 32.02634659503001], [74.24803669155783, 32.026356679082284], [74.24811558592542, 32.026359266864056], [74.24819436849609, 32.02635433488589], [74.24827232415618, 32.02634192791562], [74.25362678744193, 32.02522591249516], [74.25898125072769, 32.02634192791562], [74.25907388251828, 32.0263558262861], [74.27121035221352, 32.02748007942321], [74.27920845896742, 32.035259517494254], [74.28191471539915, 32.03977197560383], [74.28299942696724, 32.04158064216423], [74.27783553314471, 32.048038415608175], [74.277788751985, 32.0481030728105], [74.27774840858895, 32.04817193093356], [74.27771487726685, 32.048244351104465], [74.27768846912582, 32.04831966140126], [74.27766942918335, 32.048397163087095], [74.27765793409405, 32.04847613709318], [74.27765409051057, 32.048555850690406], [74.27765409051057, 32.05162165389701], [74.27568510023445, 32.05326321787353], [74.27489216081712, 32.05348357799056], [74.27295910025578, 32.05348357799056], [74.27287834571372, 32.05348752285449], [74.2727983601639, 32.05349931988097], [74.27271990527575, 32.05351885673176], [74.27264372814284, 32.05354594736551], [74.27257055416864, 32.05358033380924], [74.27250108015873, 32.05362168861504], [74.27243596768551, 32.05366961797812], [74.27237583678824, 32.05372366548691], [74.27232126006865, 32.05378331646925], [74.27227275723838, 32.0538480028934], [74.2722307901699, 32.05391710877721], [74.2721957584983, 32.053989976053806], [74.27216799581575, 32.05406591083815], [74.27214776649487, 32.054144190034556], [74.27213526317111, 32.054224068222496], [74.2721306049085, 32.054304784754905], [74.27213383606573, 32.05438557100149], [74.27214492587385, 32.0544656576681], [74.27216376872916, 32.05454428212243], [74.27219018519892, 32.05462069565617], [74.27222392373, 32.05469417061474], [74.27226466304421, 32.05476400732636], [74.2723120151979, 32.054829540764814], [74.27489233153716, 32.05805638835412], [74.27489233153716, 32.06582461566695], [74.27489625162225, 32.065905116791384], [74.27490797478264, 32.065984856151886], [74.27492739008471, 32.06606307919292], [74.27495431380585, 32.06613904570754], [74.27498849117299, 32.06621203684178], [74.2750295987734, 32.06628136189707], [74.27507724761519, 32.06634636486607], [74.27513098680814, 32.0664064306404], [74.27519030783039, 32.06646099083121], [74.27903496999727, 32.069666318450956], [74.27903496999727, 32.07012861244224], [74.2779302664079, 32.07289161483849], [74.2779302664079, 32.074184379874445], [74.27771330180863, 32.074727035581795], [74.27768706821641, 32.074803196871336], [74.27766835455795, 32.07488154572182], [74.27765733772402, 32.07496134154099], [74.27765412185126, 32.0750418300591], [74.27765873733765, 32.0751222504587], [74.27767114055533, 32.0752018425662], [74.27769121426294, 32.07527985403746], [74.27771876871381, 32.0753555474693], [74.27775354344959, 32.07542820736978], [74.27779520976217, 32.07549714692142], [74.2778433738009, 32.07556171447333], [74.27789758029533, 32.07562129970093], [74.27795731685875, 32.075675339375024], [74.27802201883148, 32.07572332268578], [74.27809107461832, 32.075764796071105], [74.27816383146966, 32.07579936750394], [74.28004082322259, 32.07658179951573], [74.27922514373965, 32.07794187739102], [74.27680166658205, 32.0799623509546], [74.27295910025578, 32.0799623509546], [74.27287697912674, 32.079966430797086], [74.2727956667607, 32.07997863014454], [74.27271596395563, 32.07999882885274], [74.27263865565787, 32.08002682799639], [74.27256450323165, 32.08006235182831], [74.27249423696088, 32.08010505049504], [74.27242854885698, 32.08015450348236], [74.26997436875976, 32.0822005743484], [74.26484287799661, 32.08113103245111], [74.2647587987742, 32.08111797109764], [74.26467382333556, 32.081113601953035], [74.26191206436215, 32.081113601953035], [74.26182708892351, 32.08111797109764], [74.26174300970109, 32.08113103245111], [74.25641649771921, 32.08224122206149], [74.25251726271236, 32.08115761357429], [74.24980293571475, 32.08002613479712], [74.24972572313892, 32.0799983510048], [74.24964614087311, 32.079978341408335], [74.24956496956911, 32.079966302289264], [74.24948300546616, 32.07996235174373], [74.24940105258038, 32.079966528524096], [74.24931991481785, 32.079978791658775], [74.24924038808878, 32.07999902085417], [74.2491632525002, 32.08002701767463], [74.24908926470353, 32.08006250748903], [74.24901915047236, 32.0801051421647], [74.24895359758303, 32.08015450348236], [74.24619183860962, 32.08245700547923], [74.24613251758737, 32.08251156567004], [74.24607877839442, 32.08257163144437], [74.24603112955263, 32.08263663441337], [74.24599002195222, 32.082705959468655], [74.24595584458508, 32.0827789506029], [74.24592892086395, 32.082854917117515], [74.24590950556187, 32.08293314015855], [74.24589778240149, 32.08301287951905], [74.2458938623164, 32.08309338064349], [74.2458938623164, 32.08539588264037], [74.24589721833179, 32.085470379892335], [74.2459072591904, 32.08554427363056], [74.24592390354967, 32.08561696523045], [74.24594701657105, 32.08568786580613], [74.24597641101244, 32.08575640098109], [74.24601184874487, 32.08582201554128], [74.24877360771828, 32.09042701953503], [74.24881725063635, 32.09049252139006], [74.24886691222711, 32.090553586304], [74.24892214430103, 32.09060966317375], [74.24898244839565, 32.09066024591272], [74.24904728027423, 32.09070487801813], [74.24911605483726, 32.09074315669089], [74.24918815140312, 32.09077473647087], [74.24926291930944, 32.090799332354564], [74.24933968378541, 32.09081672236726], [74.24941775204137, 32.0908267495663], [74.24949641952128, 32.090829323457484], [74.24957497626113, 32.09082442081178], [74.24965271329634, 32.090812085874944], [74.24972892906007, 32.090792429968204], [74.24980293571475, 32.09076563048362], [74.25241168235664, 32.0896781633277], [74.25476995760079, 32.0896781633277], [74.26009192393482, 32.093005889849834], [74.26016161166663, 32.09304492337715], [74.26023473424107, 32.09307706502187], [74.26031061205116, 32.09310201605703], [74.26038853988253, 32.09311954458571], [74.26046779346774, 32.093129487696395], [74.26054763621771, 32.093131752977015], [74.2606273260676, 32.09312631937389], [74.26070612237365, 32.093113237387335], [74.26078329279675, 32.093092628602385], [74.26085812010889, 32.09306468455871], [74.26092990885911, 32.093029664970466], [74.26099799183709, 32.092987895312476], [74.26106173627424, 32.09293976379524], [74.26368655993784, 32.090751425933384], [74.26754856653251, 32.0896781633277], [74.27127814863523, 32.0896781633277], [74.27519030783039, 32.09293976379524], [74.27795206680379, 32.09524226579212], [74.2780177549077, 32.09529171877944], [74.27808802117846, 32.095334417446175], [74.27816217360468, 32.09536994127809], [74.27823948190245, 32.09539794042175], [74.27831918470751, 32.09541813912995], [74.27840049707355, 32.0954303384774], [74.27848261820259, 32.09543441831988], [74.28094430504215, 32.09543441831988], [74.28455848794408, 32.09844759341187], [74.28455848794408, 32.100202652439116], [74.2833146207352, 32.10331372052276], [74.2793329462905, 32.106633276446395], [74.27927362526825, 32.10668783663721], [74.2792198860753, 32.106747902411534], [74.27917223723351, 32.10681290538054], [74.2791311296331, 32.10688223043582], [74.27909695226596, 32.10695522157007], [74.27907002854482, 32.10703118808468], [74.27905061324275, 32.10710941112572], [74.27903889008236, 32.10718915048622], [74.27903496999727, 32.10726965161066], [74.27903496999727, 32.10811989539065], [74.2779302664079, 32.110882897786894], [74.2779302664079, 32.11217566282284], [74.27775887253094, 32.11260434043132], [74.27547412080017, 32.11546156592047], [74.27491618813984, 32.115926719135096], [74.2748221284042, 32.116031277006236], [74.27117571374227, 32.11805797499627], [74.27109869764689, 32.11810650213069], [74.27102746996283, 32.11816318527409], [74.27096289049248, 32.118227340193876], [74.27090573878647, 32.11829819246428], [74.2668508620806, 32.12393250125216], [74.2600714571809, 32.128454139373225], [74.2600156800449, 32.128494796725285], [74.25996348057978, 32.12853995561167], [74.25991522105669, 32.12858930262381], [74.25867139997625, 32.12997194827297], [74.25853235733017, 32.12997194827297], [74.25853370301665, 32.12997476748667], [74.25856130352368, 32.1300509751108], [74.25856991607745, 32.13008475892825], [74.25858132577848, 32.13012951490502], [74.2585935781685, 32.130209635245144], [74.25859794343862, 32.13029056938121], [74.2585943798133, 32.13037154277522], [74.25858292139635, 32.1304517805135], [74.25856367784459, 32.13053051472259], [74.25853683331842, 32.13060699191773], [74.25850264471936, 32.1306804802138], [74.2584614392316, 32.130750276329316], [74.2584136111908, 32.130815712316945], [74.2583596183103, 32.13087616195565], [74.25829997730084, 32.13093104674365], [74.25633446733725, 32.13256970915395], [74.2561617182038, 32.13271373157899], [74.25618204163126, 32.13273914730105], [74.25841651095992, 32.13553349148934], [74.25847996716558, 32.13562479367066], [74.26124172613899, 32.140229797664404], [74.26127716387143, 32.140295412224596], [74.26130655831281, 32.14036394739956], [74.2613296713342, 32.140434847975236], [74.26134631569346, 32.140507539575125], [74.26135635655207, 32.14058143331335], [74.26135971256747, 32.140655930565316], [74.26135971256747, 32.14295843256218], [74.26135586898398, 32.143038146159405], [74.26134437389469, 32.14311712016549], [74.26132533395221, 32.14319462185133], [74.26129892581119, 32.14326993214812], [74.26126539448909, 32.143342352319024], [74.26122505109304, 32.14341121044209], [74.26117826993332, 32.14347586764441], [74.25851687967251, 32.1468041032629], [74.25721707410736, 32.151138739178826], [74.25721707410736, 32.151867433331226], [74.25721707410736, 32.15293174175941], [74.2578553717844, 32.153463895973495], [74.2578553717844, 32.1534638959735], [74.25954392147773, 32.15487165424572], [74.26351478688372, 32.15597516902436], [74.26359798067809, 32.15600311301137], [74.2636777519532, 32.15603970013337], [74.2637532056738, 32.15608451988212], [74.26382349524765, 32.156137069379156], [74.2663547749561, 32.158247418848276], [74.27157822076907, 32.158247418848276], [74.27165298000475, 32.15825079855774], [74.27172712932843, 32.158260910113256], [74.27180006380394, 32.15827767102124], [74.27594270226405, 32.15942892201967], [74.27602295071033, 32.15945570620795], [74.27610004946573, 32.15949053418213], [74.27617319467693, 32.15953304281595], [74.27624162371136, 32.15958278890242], [74.27630462310862, 32.15963925377483], [74.27636153601925, 32.15970184871451], [74.27641176905324, 32.159769921089], [74.27645479846679, 32.15984276115655], [74.27649017562314, 32.159919609466094], [74.27701579283352, 32.16123424411178], [74.27765409051057, 32.16283070675404], [74.27779325413009, 32.16317877244145], [74.28039404908809, 32.16534707736665], [74.28045314742782, 32.16540141187743], [74.2805067098061, 32.165461210911324], [74.28055423334938, 32.16552591304155], [74.28059527188006, 32.16559491080834], [74.28062944010544, 32.16566755642207], [74.28065641723516, 32.165743167845115], [74.28067594999281, 32.16582103519514], [74.28202478271376, 32.17256823521512], [74.28205682947952, 32.17272854118576], [74.28206887622643, 32.17280935305438], [74.28207290486802, 32.172890958521535], [74.28207290486802, 32.17295203299152], [74.28345395507478, 32.17256823521512], [74.28930781106135, 32.170941432004035], [74.28941562454618, 32.17091906423995], [74.2977009014664, 32.16976781324151], [74.29778886676527, 32.16976033890544], [74.29787712798678, 32.169762266671576], [74.29796468304983, 32.169773574652886], [74.29805053789072, 32.169794134463245], [74.29813371774937, 32.169823712675154], [74.30023447443672, 32.170699422053524], [74.301247028213, 32.16901107262531], [74.30129038750081, 32.168945955744846], [74.30133969516464, 32.16888521868657], [74.30139451159353, 32.1688294029622], [74.30145434806212, 32.16877900620648], [74.30151867108806, 32.16873447774035], [74.30158690718831, 32.16869621456506], [74.30849130462182, 32.16524246156975], [74.30856153821465, 32.16521131217099], [74.30863435527658, 32.16518680261987], [74.30870912963364, 32.165169143680785], [74.30878521828055, 32.16515848720781], [74.30886196691006, 32.16515492483889], [74.31408541272303, 32.16515492483889], [74.31661669243148, 32.16304457536978], [74.31668422267938, 32.162993877357245], [74.31675656258577, 32.16295031635634], [74.31683296071576, 32.16291434485941], [74.31691262347944, 32.16288633652245], [74.31699472337533, 32.162866582283634], [74.31707840758611, 32.16285528734125], [74.33088720245314, 32.16170403634281], [74.33097101091954, 32.161701307135225], [74.33105466602728, 32.16170706305074], [74.33113731090722, 32.16172124513221], [74.33121809903784, 32.1617437081143], [74.33129620291612, 32.161774221911394], [74.33137082253347, 32.16181247397436], [74.33144119357019, 32.161858072491945], [74.33150659522425, 32.16191055040406], [74.33156635759444, 32.1619693701858], [74.33161986854203, 32.16203392935326], [74.33166657996085, 32.16210356663469], [74.33272296018785, 32.16386499303399], [74.33586251606123, 32.16299250153644], [74.33709111973687, 32.159919609466094], [74.33712532530107, 32.15984500621959], [74.33716674392028, 32.15977415311102], [74.33721496918669, 32.15970774536531], [74.3372695279043, 32.15964643458857], [74.33732988473203, 32.15959082237447], [74.34255542638562, 32.15523424375628], [74.34255542638562, 32.15131819676968], [74.34255542638562, 32.15035334044496], [74.34205943786968, 32.150077667209324], [74.33883880859071, 32.14828762315468], [74.33877016004139, 32.14824495732562], [74.33870599546199, 32.148195805489], [74.33864692550439, 32.148140635421015], [74.33859351233518, 32.14807997217311], [74.33854626428545, 32.148014393075144], [74.33850563101313, 32.147944522240934], [74.33847199922357, 32.14787102462857], [74.33725594226983, 32.14482951348522], [74.33720047131274, 32.14469077365597], [74.3368676455702, 32.144505787216964], [74.33331529064391, 32.1425313681625], [74.33324726330409, 32.14248913137588], [74.3331836308554, 32.14244052503286], [74.33312498763847, 32.14238600312703], [74.33307188139342, 32.142326074904595], [74.33302480814389, 32.14226130010791], [74.33298420756404, 32.14219228374736], [74.33295045887192, 32.14211967045045], [74.33292387728751, 32.14204413844082], [74.33290471108849, 32.14196639320353], [74.33289313929119, 32.14188716089563], [74.3328892699787, 32.14180718156375], [74.3328892699787, 32.139504679566876], [74.33289317364193, 32.13942434683623], [74.33290484784695, 32.13934477109157], [74.33292418258611, 32.139266702185715], [74.33300288904223, 32.13900422921231], [74.33397438278162, 32.13576445876684], [74.33430506207281, 32.13466169819197], [74.33433203950149, 32.13458547047935], [74.33436631907797, 32.13451223553916], [74.33440757429271, 32.13444269092696], [74.33445541219385, 32.13437749904829], [74.33450937713012, 32.134317280849366], [74.33456895509084, 32.13426260990255], [74.33463357860184, 32.13421400694322], [74.33470263213056, 32.134171934909745], [74.33477545794896, 32.134136794534086], [74.33485136239835, 32.13410892052484], [74.33492962249636, 32.13408857837919], [74.34045314044317, 32.13293732738075], [74.34053509146246, 32.13292448823489], [74.3406179155778, 32.13291990793509], [74.34070078258958, 32.132923632392625], [74.34078286186825, 32.13293562427487], [74.3408633306802, 32.13295576337944], [74.34094138243452, 32.132983847839085], [74.3410162347681, 32.133019596145125], [74.34108713738766, 32.133062649969204], [74.34115337959044, 32.133112577755035], [74.34121429738806, 32.133168879044185], [74.34126928016211, 32.13323098949246], [74.34223902904914, 32.134443721362096], [74.34223902904915, 32.1344437213621], [74.34378227704748, 32.13637364987798], [74.34856716893432, 32.13637364987798], [74.35145445341777, 32.13637364987798], [74.35540936243116, 32.13417548897438], [74.35548826289579, 32.134136958765026], [74.35557079790311, 32.13410699490483], [74.35565604047252, 32.13408593392879], [74.3557430332138, 32.13407401238034], [74.36955182808083, 32.1329227613819], [74.36963097707184, 32.132919961066925], [74.36971003183172, 32.1329247307085], [74.36978827000989, 32.13293702672478], [74.36986497671717, 32.132956736762814], [74.36993945105793, 32.13298368072519], [74.37270121003134, 32.13413493172363], [74.3780239512046, 32.13635373906675], [74.38747411151944, 32.1352282134659], [74.38755897096215, 32.13522250287173], [74.38764396873087, 32.1352255220135], [74.3877282091389, 32.13523723907618], [74.38781080448045, 32.13525753058811], [74.38789088438507, 32.13528618272207], [74.39043266648355, 32.136345735422665], [74.3968803142669, 32.13527064363955], [74.40085034112037, 32.131960798411995], [74.40091602922428, 32.131911345424676], [74.40098629549504, 32.131868646757944], [74.40106044792127, 32.131833122926025], [74.40113775621903, 32.13180512378237], [74.4012174590241, 32.13178492507417], [74.40129877139013, 32.13177272572672], [74.40138089251917, 32.131768645884236], [74.40535775657787, 32.131768645884236], [74.40785092008642, 32.13072936005006], [74.4105164975273, 32.12850704541668], [74.41058268157249, 32.12845725653543], [74.41065350569185, 32.128414323976074], [74.41072826219316, 32.128378676731444], [74.41349002116657, 32.12722742573301], [74.41356696029939, 32.12719972534172], [74.41364625532366, 32.12717974432655], [74.4137271338088, 32.12716767732702], [74.4138088078995, 32.12716364189049], [74.4164047924715, 32.12716364189049], [74.41897053873015, 32.12609409962759], [74.4230043030651, 32.12385211048816], [74.42846793085444, 32.11929703742919], [74.42853361895834, 32.11924758444187], [74.42860388522911, 32.11920488577514], [74.42867803765533, 32.11916936194322], [74.42875534595309, 32.11914136279957], [74.42883504875816, 32.11912116409137], [74.4289163611242, 32.119108964743916], [74.42899848225323, 32.11910488490143], [74.4326719076716, 32.11910488490143], [74.4338114589365, 32.117204777695676], [74.43385761336738, 32.117135887089034], [74.43391042286054, 32.11707195505789], [74.43396935843126, 32.11701362199971], [74.43403382973086, 32.1169614722279], [74.43410319096013, 32.11691602811883], [74.4341767473381, 32.116877744879254], [74.4342537620617, 32.116847005986585], [74.4343334636861, 32.116824119347655], [74.4344150538522, 32.11680931421446], [74.43449771528367, 32.11680273888777], [74.43458061997346, 32.116804459231645], [74.43466293747787, 32.116814458013664], [74.43474384323491, 32.11683263507753], [74.43827859665632, 32.117814953096534], [74.43933497688332, 32.116053526697236], [74.43938109504661, 32.11598468477019], [74.43943385890685, 32.1159207936835], [74.43949274070899, 32.115862492488986], [74.43955715150511, 32.11581036432723], [74.43962644704514, 32.11576493059486], [74.43969993422078, 32.11572664572943], [74.43977687799816, 32.11569589266407], [74.43985650876972, 32.11567297899729], [74.43993803005208, 32.115658133916305], [74.44002062645252, 32.11565150590469], [74.44010347182483, 32.11565316125716], [74.4401857375325, 32.11566308341656], [74.44026660073693, 32.11568117313939], [74.44034525262771, 32.11570724948853], [74.44042090651236, 32.11574105164294], [74.44049280568512, 32.1157822415065], [74.44056023099566, 32.115830407089696], [74.44062250804208, 32.11588506663043], [74.44067901391654, 32.1159456734127], [74.44072918343561, 32.11601162123497], [74.44077251479341, 32.116082250473504], [74.44080857458077, 32.1161568546801], [74.44083700212025, 32.116234687648074], [74.44085751307372, 32.11631497087604], [74.44086990228642, 32.116396901354584], [74.44087404583888, 32.11647965959815], [74.44087404583888, 32.1216836584321], [74.4431260638532, 32.122622421739266], [74.44319934985214, 32.12265727716622], [74.44326887438578, 32.12269913499284], [74.44333397045001, 32.12274759364376], [74.44339401352659, 32.122802188216596], [74.44344842757452, 32.12286239494225], [74.44349669055666, 32.122927636209745], [74.4435383394478, 32.12299728610776], [74.44357297467707, 32.12307067642948], [74.44360026396119, 32.123147103083205], [74.44361994549236, 32.12322583284733], [74.44363183045, 32.12330611040465], [74.44363580481229, 32.12338716558877], [74.44363580481229, 32.132437680395334], [74.44410221072461, 32.13360422014931], [74.44487967202117, 32.135548748478975], [74.44748046697917, 32.137717053404174], [74.44886134646588, 32.138868304402614], [74.45064840476309, 32.14035819013756], [74.45300398492599, 32.14232205739792], [74.45306553100305, 32.14237888211958], [74.45312102466532, 32.142441631000395], [74.45316989865707, 32.1425096626219], [74.45321165338883, 32.142582281565495], [74.45324586204414, 32.14265874552103], [74.45327217494244, 32.142738272874674], [74.45329032311354, 32.14282005069857], [74.45330012104696, 32.142903243060566], [74.45330146858838, 32.142986999569125], [74.45329435196321, 32.143070464066014], [74.45327884391753, 32.14315278337792], [74.45325510297444, 32.14323311603763], [74.45322337181364, 32.143310640885446], [74.45318397479073, 32.143384565463094], [74.45192108173251, 32.14549033487774], [74.45192108173251, 32.14756343655593], [74.45191716164742, 32.147643937680364], [74.45190543848703, 32.147723677040865], [74.45188602318495, 32.1478019000819], [74.45185909946382, 32.14787786659652], [74.45182492209668, 32.14795085773076], [74.45178381449627, 32.14802018278605], [74.45173616565448, 32.14808518575505], [74.45168242646153, 32.14814525152938], [74.45162310543928, 32.14819981172019], [74.4470801595475, 32.15198730443344], [74.44686289402716, 32.15216844054967], [74.44688703464054, 32.15218856678481], [74.44886134646588, 32.15383456738229], [74.44892907401442, 32.15389777552237], [74.44898932171381, 32.15396814955536], [74.44904133633062, 32.15404480964564], [74.45018088759552, 32.155944916851396], [74.45247343352719, 32.155944916851396], [74.45255438828451, 32.15594888134771], [74.4526345683065, 32.15596073689651], [74.45271320627202, 32.15598037004044], [74.45278954961742, 32.15600759289072], [74.45286286773846, 32.15604214492525], [74.45293245898227, 32.15608369548178], [74.45299765736212, 32.156131846922364], [74.45305783893085, 32.15618613843872], [74.45311242775213, 32.15624605046217], [74.45316090141209, 32.15631100963592], [74.45320279601881, 32.15638039430203], [74.4532377106418, 32.156453540450705], [74.45326531114883, 32.15652974807483], [74.45328533340363, 32.156608287869055], [74.45329758579365, 32.15668840820918], [74.45330195106376, 32.15676934234524], [74.45329838743845, 32.156850315739256], [74.4532869290215, 32.15693055347754], [74.45326768546974, 32.15700928768662], [74.45324084094356, 32.157085764881764], [74.4532066523445, 32.15715925317783], [74.45316544685674, 32.15722904929335], [74.45311761881595, 32.15729448528098], [74.45306362593544, 32.15735493491968], [74.45300398492599, 32.15740981970768], [74.45135431508899, 32.15878516351228], [74.452529963, 32.158500357], [74.45421855100001, 32.157643656], [74.45578002500001, 32.156851446], [74.458272832, 32.156131462], [74.461600641, 32.155170308], [74.463752232, 32.154540283], [74.465902129, 32.153910755], [74.468052595, 32.152858847], [74.46902777800001, 32.152382679], [74.470747284, 32.152556293], [74.471382157, 32.15266325], [74.472613894, 32.153044796], [74.473992961, 32.153337613], [74.475761522, 32.153713132], [74.476739328, 32.15299197], [74.47735115, 32.152746787], [74.479929734, 32.152363011], [74.4822179, 32.152086363], [74.483397011, 32.151454725], [74.48424184400001, 32.150981178], [74.486154818, 32.150447421], [74.487600199, 32.1503653], [74.488740031, 32.150300064], [74.490635034, 32.148674395], [74.490930157, 32.147759932], [74.49143038400001, 32.146190057], [74.49151628, 32.145731526], [74.491761794, 32.144379791], [74.490996667, 32.14275263], [74.49057697100001, 32.142395831], [74.48960915900001, 32.14156809], [74.489189285, 32.140408764], [74.489018218, 32.139933291], [74.487736526, 32.138687599], [74.486748876, 32.137865972], [74.485982928, 32.137229786], [74.484815434, 32.136122622], [74.484309476, 32.13564047], [74.483932885, 32.134070295], [74.484031271, 32.132288489], [74.48436039100001, 32.131318554], [74.484654852, 32.130821084], [74.486320195, 32.130247629], [74.488360348, 32.130263111], [74.48981524700001, 32.130085633], [74.490665369, 32.128880128], [74.490149349, 32.127471049], [74.489905037, 32.126656075], [74.489500038, 32.125294459], [74.489355821, 32.122646672], [74.491070192, 32.121011195], [74.49178471, 32.120665322], [74.4936473, 32.119771956], [74.495386736, 32.118992709], [74.49684729, 32.118339636], [74.498235436, 32.118090939], [74.498951108, 32.117962721], [74.499635151, 32.117840169], [74.50157998, 32.11676941], [74.50228148, 32.116242105], [74.504055284, 32.114903999], [74.504404551, 32.11463741], [74.506555062, 32.112690087], [74.507106717, 32.111641968], [74.507437037, 32.111012393], [74.50837400600001, 32.109694718], [74.508834429, 32.109310574], [74.510326975, 32.108161624], [74.510823063, 32.107780187], [74.511173237, 32.107459611], [74.51256349, 32.106188012], [74.512973445, 32.105792048], [74.514028742, 32.104556622], [74.514820058, 32.10363006], [74.515220369, 32.101315154], [74.51399982, 32.099500204], [74.51171027, 32.098174475], [74.509722063, 32.097769535], [74.508998825, 32.097775785], [74.507779729, 32.097783585], [74.50559679, 32.096799545], [74.503913059, 32.094884645], [74.503628543, 32.094030688], [74.5033202, 32.093094336], [74.502945118, 32.091955142], [74.503418937, 32.089939584], [74.50386614300001, 32.089462423], [74.504488288, 32.088798176], [74.505210446, 32.087237269], [74.505439132, 32.086446873], [74.50560875, 32.085860628], [74.506508949, 32.08457976], [74.508006703, 32.083826174], [74.508770128, 32.083566912], [74.510432241, 32.083002455], [74.512761404, 32.081897099], [74.513518234, 32.081418755], [74.514846887, 32.080553832], [74.515510288, 32.080121972], [74.517225241, 32.078440785], [74.517500104, 32.077334182], [74.51776704400001, 32.076262411], [74.518806456, 32.074029298], [74.52033555, 32.072798236], [74.52131944, 32.071980147], [74.521662257, 32.071593447], [74.522658387, 32.0704621], [74.523788564, 32.068701482], [74.524689371, 32.066468665], [74.52507417800001, 32.065596965], [74.52551565200001, 32.064594796], [74.526037875, 32.064120677], [74.526699893, 32.063520046], [74.527942582, 32.06338777], [74.528664649, 32.063310911], [74.530821387, 32.062850436], [74.535568279, 32.062079279], [74.536427394, 32.061939712], [74.537719875, 32.061729742], [74.543843347, 32.061137111], [74.545062445, 32.061019127], [74.547105271, 32.060330614], [74.548243307, 32.059603097], [74.548611271, 32.059366018], [74.549352289, 32.058888761], [74.549835578, 32.058439014], [74.550940743, 32.057410555], [74.55242973700001, 32.05588407], [74.55299788900001, 32.055301105], [74.553453396, 32.054583982], [74.554597985, 32.052782003], [74.555046964, 32.051979508], [74.555611933, 32.050969689], [74.556181443, 32.049951753], [74.556643707, 32.04836971], [74.557099206, 32.046208672], [74.557816494, 32.045589857], [74.558460521, 32.045033956], [74.558801154, 32.044721019], [74.55645701200001, 32.042485792], [74.554877179, 32.040978853], [74.553560501, 32.039732522], [74.552465347, 32.038875096], [74.546546543, 32.034246952], [74.54540145700001, 32.033353912], [74.544139681, 32.032628113], [74.53998597200001, 32.030314438], [74.538472532, 32.029471193], [74.536892268, 32.028773369], [74.535705175, 32.028249204], [74.53257394, 32.026866596], [74.52811169, 32.024899867], [74.52721204, 32.024559534], [74.526528615, 32.024171743], [74.525812206, 32.023765276], [74.523741353, 32.02259034], [74.522570357, 32.021430463], [74.52208356, 32.020937491], [74.521341631, 32.019167208], [74.52105858, 32.018491848], [74.521088549, 32.016609784], [74.521102027, 32.015761298], [74.521110279, 32.015241785], [74.521057771, 32.014800618], [74.520762806, 32.012322418], [74.52063732900001, 32.011623128], [74.520076749, 32.009936433], [74.519829724, 32.009192387], [74.519510573, 32.008506219], [74.518405004, 32.007537554], [74.518083856, 32.007256204], [74.51758567600001, 32.006866393], [74.515850078, 32.005818779], [74.514765884, 32.005369279], [74.51362171800001, 32.004976047], [74.511852062, 32.004618382], [74.510661452, 32.004377749], [74.50934453900001, 32.004427928], [74.506409355, 32.004539767], [74.50103408400001, 32.004744386], [74.50013835700001, 32.004778484], [74.498792292, 32.004829724], [74.49299686, 32.005519183], [74.491660542, 32.00567816], [74.489838883, 32.005438236], [74.488271826, 32.005231843], [74.486922124, 32.004766338], [74.48278905100001, 32.003340863], [74.479140626, 32.002332319], [74.477427606, 32.00177175], [74.476629496, 32.001510578], [74.475492201, 32.001138412], [74.475019562, 32.000678698], [74.474547074, 32.000219076], [74.473601157, 31.999299131], [74.473295195, 31.998411047], [74.47296072, 31.997440196], [74.472819727, 31.996955381], [74.472411065, 31.995550159], [74.47301243000001, 31.994190134], [74.473693408, 31.99337276], [74.47448866500001, 31.992418214], [74.475509836, 31.990468561], [74.47563412800001, 31.990021632], [74.475949057, 31.988889237], [74.476262492, 31.987762203], [74.47637089700001, 31.985468981], [74.476049714, 31.984273354], [74.47586101600001, 31.983570627], [74.475661804, 31.982991707], [74.475507287, 31.982583213], [74.47535274, 31.982174392], [74.475034225, 31.981331273], [74.474702667, 31.980762592], [74.474042412, 31.979638595], [74.473021241, 31.977191939], [74.472711305, 31.976306739], [74.472464379, 31.975601496], [74.472229577, 31.97493088], [74.471856133, 31.974152939], [74.47158461100001, 31.973587607], [74.470970088, 31.972307734], [74.47024681500001, 31.971352703], [74.469282034, 31.970078778], [74.468378355, 31.969517783], [74.466962372, 31.968638754], [74.465507861, 31.9676686], [74.463711352, 31.966470333], [74.462670068, 31.966401135], [74.461461975, 31.966361973], [74.459715197, 31.966282482], [74.459026008, 31.966300877], [74.45846885200001, 31.966424813], [74.45610899, 31.966949753], [74.453976094, 31.967213203], [74.452904859, 31.967345522], [74.45165127300001, 31.967500367], [74.450109089, 31.967175902], [74.447766079, 31.966680533], [74.444213356, 31.965678797], [74.443018035, 31.965341762], [74.442019697, 31.964744352], [74.440359627, 31.963755773], [74.439988512, 31.963530518], [74.43961656, 31.963241704], [74.439230865, 31.962941281], [74.438294326, 31.962211798], [74.437672745, 31.961727641], [74.43721191, 31.961296144], [74.436554082, 31.96067965], [74.436205221, 31.960352521], [74.435319008, 31.9595221], [74.434169686, 31.956894994], [74.43527948, 31.956204125], [74.435800016, 31.955877245], [74.43615603900001, 31.95414458], [74.434852692, 31.952852774], [74.434434824, 31.952438132], [74.434115145, 31.952120921], [74.43356751600001, 31.951578221], [74.43298037000001, 31.951349946], [74.432222543, 31.951062034], [74.429815984, 31.950147737], [74.42852886700001, 31.94965874], [74.427816055, 31.949225452], [74.42707899700001, 31.948776827], [74.426698379, 31.948545156], [74.425253986, 31.947667143], [74.424579018, 31.947257816], [74.423186346, 31.946403809], [74.422076556, 31.945131753], [74.42098052300001, 31.943874913], [74.420301519, 31.943096174], [74.418366789, 31.940877413], [74.417530087, 31.939917238], [74.417012639, 31.939208891], [74.416642381, 31.938701511], [74.415788379, 31.937531236], [74.414018563, 31.935524455], [74.41254387500001, 31.933852316], [74.41224897900001, 31.933517936], [74.411680451, 31.93287324], [74.411396022, 31.932550777], [74.41091079, 31.932000578], [74.40998239000001, 31.931088746], [74.407815903, 31.92896092], [74.407255975, 31.928410861], [74.406320639, 31.927504084], [74.405633902, 31.926912369], [74.404077821, 31.925571694], [74.402712425, 31.924509101], [74.402340796, 31.924219894], [74.401272829, 31.92338879], [74.399910653, 31.921802543], [74.399145146, 31.92005768], [74.398927276, 31.91933705], [74.39867356900001, 31.918413818], [74.398499279, 31.917380666], [74.398283939, 31.91697603], [74.397862676, 31.916182319], [74.397503302, 31.915509158], [74.396495867, 31.914920689], [74.395657682, 31.914431083], [74.39466802000001, 31.914289157], [74.39262734, 31.913997667], [74.392112826, 31.91397693], [74.389648641, 31.913967681], [74.38917429700001, 31.913965908], [74.387788384, 31.91396073], [74.385101946, 31.913965513], [74.383352392, 31.913968783], [74.382409083, 31.91397043], [74.380698125, 31.913239995], [74.380081106, 31.913007738], [74.379647954, 31.912684141], [74.378799534, 31.91214248], [74.378029444, 31.911650827], [74.37773159800001, 31.911283808], [74.377396804, 31.910871261], [74.376778178, 31.910132773], [74.376360018, 31.909679807], [74.376013629, 31.909319161], [74.375362839, 31.90860647], [74.375001438, 31.907967098], [74.374670977, 31.90738246], [74.373876819, 31.906762584], [74.37316075800001, 31.906203968], [74.37237288, 31.906053186], [74.371326836, 31.905964773], [74.370679882, 31.905910127], [74.36977915, 31.90568839], [74.368970083, 31.904950361], [74.368197241, 31.9034214], [74.368145245, 31.902374037], [74.367872422, 31.901358806], [74.367688079, 31.900730175], [74.367370564, 31.899628507], [74.366694697, 31.898490733], [74.36616582900001, 31.897702464], [74.363337951, 31.893894169], [74.36296872, 31.893433315], [74.362252154, 31.892562358], [74.361933319, 31.892257027], [74.359175526, 31.889593519], [74.358256747, 31.888709085], [74.357038802, 31.888218722], [74.35509216, 31.887434973], [74.35391119, 31.886959497], [74.352577647, 31.886880562], [74.348113483, 31.886614681], [74.347192661, 31.886560866], [74.345621164, 31.886572019], [74.34336046300001, 31.886588592], [74.340806916, 31.886410385], [74.339176208, 31.88629658], [74.33795966000001, 31.886211679], [74.336755909, 31.886429038], [74.335366811, 31.886679864], [74.333969566, 31.886932161], [74.33278866900001, 31.887548689], [74.332000378, 31.887960243], [74.32971663500001, 31.889188698], [74.328949503, 31.889601349], [74.327584557, 31.89066977], [74.324734582, 31.892897464], [74.324258186, 31.893257583], [74.32149684800001, 31.89534421], [74.32102724, 31.895660778], [74.32030923900001, 31.896128872], [74.319567368, 31.896612526], [74.319198056, 31.89684211], [74.318337195, 31.897131399], [74.316715496, 31.89767869], [74.315905525, 31.897952039], [74.315044619, 31.897944843], [74.31377282400001, 31.897934212], [74.31330146, 31.897931291], [74.311642575, 31.897589423], [74.31097303700001, 31.897103985], [74.309399889, 31.895962705], [74.309007639, 31.89560641], [74.307908709, 31.894550874], [74.307401928, 31.89385281], [74.306982789, 31.893514623], [74.304184526, 31.889721044], [74.303287897, 31.888431916], [74.302646577, 31.887490343], [74.301864566, 31.886053369], [74.301408439, 31.885191456], [74.299610402, 31.883784943], [74.298834628, 31.883535183], [74.297729753, 31.883228218], [74.297094313, 31.883250291], [74.29615892800001, 31.883282788], [74.294401547, 31.883921312], [74.293867296, 31.884588167], [74.29313830800001, 31.885498095], [74.291817014, 31.885685865], [74.291359483, 31.885750887], [74.290412597, 31.88578626], [74.28955171, 31.885818419], [74.28911836200001, 31.885834607], [74.288221705, 31.885868104], [74.287335203, 31.885651824], [74.28689438100001, 31.885544276], [74.284820286, 31.885038257], [74.281953995, 31.88461406], [74.281097478, 31.884467583], [74.27996289, 31.884279654], [74.27935978500001, 31.884279682], [74.27761915, 31.884342072], [74.274780141, 31.885783056], [74.272437208, 31.887550496], [74.271322092, 31.888391727], [74.270425472, 31.888807858], [74.268997303, 31.889429784], [74.26808854, 31.889858992], [74.266655079, 31.890006225], [74.265157414, 31.890112492], [74.263833414, 31.889833298], [74.26236915, 31.889498603], [74.261420422, 31.889058299], [74.26059922, 31.888676891], [74.25966147000001, 31.888241535], [74.257951893, 31.887464071], [74.257210924, 31.88712715], [74.256246738, 31.886688763], [74.254617905, 31.885948156], [74.253893488, 31.885704334], [74.253173828, 31.885462113], [74.25245437800001, 31.885219963], [74.251681227, 31.884959721], [74.250519413, 31.884568654], [74.24905296300001, 31.88435189], [74.24732965000001, 31.884096616], [74.24532653700001, 31.883800217], [74.244040852, 31.883637833], [74.242984082, 31.883504312], [74.240784599, 31.883226413], [74.239461918, 31.883059297], [74.238041937, 31.883109706], [74.234490868, 31.883235731], [74.233664913, 31.883289085], [74.23263970500001, 31.883363124], [74.23042354, 31.88352356], [74.228959074, 31.883629441], [74.22792886500001, 31.884023754], [74.227172146, 31.884313213], [74.225661128, 31.884891733], [74.223281434, 31.886087246], [74.222521011, 31.886468558], [74.222003161, 31.886694452], [74.221155845, 31.887041544], [74.220651064, 31.887248293], [74.219308481, 31.887798156], [74.218097541, 31.887841037], [74.216485999, 31.887898106], [74.215920706, 31.887918049], [74.215180382, 31.887924059], [74.214444285, 31.887804876], [74.211549806, 31.887334289], [74.210877085, 31.88717776], [74.209145768, 31.886753501], [74.208039113, 31.886481141], [74.207254292, 31.886124261], [74.205315259, 31.885242529], [74.204148614, 31.884712023], [74.202868595, 31.883639869], [74.20217474, 31.883058841], [74.20118341, 31.882228526], [74.200755742, 31.881855155], [74.200404657, 31.881514496], [74.19883652300001, 31.879979415], [74.198394953, 31.879584288], [74.19785164400001, 31.879015051], [74.19600053500001, 31.877202735], [74.195397336, 31.876611672], [74.195063509, 31.876186507], [74.192982656, 31.873536395], [74.192664038, 31.873125079], [74.191706913, 31.871888252], [74.192221304, 31.870053103], [74.192990678, 31.869459699], [74.193519807, 31.869052422], [74.194950699, 31.86680547], [74.195129856, 31.86632362], [74.19556214900001, 31.865160969], [74.195648596, 31.863469758], [74.195679354, 31.86286798], [74.19537685600001, 31.862048635], [74.194285081, 31.859091451], [74.19387022100001, 31.857967761], [74.192868478, 31.857105823], [74.189639185, 31.854318929], [74.189200755, 31.85393955], [74.188483663, 31.853546022], [74.187773864, 31.853156496], [74.186340115, 31.852369678], [74.185050457, 31.852285828], [74.180516182, 31.851989675], [74.179450568, 31.851919611], [74.178226122, 31.852131496], [74.177733766, 31.852216697], [74.1753999, 31.852620563], [74.171143314, 31.853522733], [74.169867615, 31.853882255], [74.169006226, 31.85404462], [74.168426363, 31.854116908], [74.167796859, 31.854108872], [74.166389258, 31.854090753], [74.16572586, 31.854082575], [74.16432089700001, 31.853431828], [74.16327828300001, 31.852078766], [74.162942273, 31.850449882], [74.162832383, 31.849817908], [74.162508127, 31.846389907], [74.16240849, 31.845577804], [74.162260631, 31.844376716], [74.161960139, 31.841938054], [74.161848691, 31.841343062], [74.161520612, 31.839591541], [74.159798849, 31.837841495], [74.15864345700001, 31.837197352], [74.15744892100001, 31.836531385], [74.156114609, 31.836222106], [74.153809242, 31.835687888], [74.151792948, 31.83500669], [74.150983994, 31.834733389], [74.150152801, 31.834452573], [74.149321205, 31.834171621], [74.144877972, 31.832575846], [74.143669574, 31.832141853], [74.141627233, 31.830540831], [74.14063741400001, 31.829244314], [74.13964074200001, 31.827939707], [74.13831159300001, 31.826199311], [74.138017124, 31.825854606], [74.136852899, 31.824490773], [74.136230244, 31.823761467], [74.135437479, 31.823090528], [74.13401892200001, 31.821889965], [74.133126438, 31.821589205], [74.131681756, 31.821102555], [74.130867225, 31.820869467], [74.130164332, 31.820820064], [74.12715030400001, 31.820608153], [74.117773041, 31.820932636], [74.116523412, 31.820975827], [74.115582677, 31.821008343], [74.114328113, 31.821224879], [74.111181595, 31.821767968], [74.11051541, 31.821915885], [74.10631870600001, 31.822847565], [74.10491973, 31.823158142], [74.103376311, 31.823455485], [74.10022826, 31.82406179], [74.096990706, 31.824792025], [74.096319766, 31.823952992], [74.095881919, 31.823447269], [74.095520022, 31.823028352], [74.09474058100001, 31.822687453], [74.093396364, 31.822099541], [74.092961506, 31.821909877], [74.09246553700001, 31.821832887], [74.091233383, 31.821640221], [74.090445679, 31.82151808], [74.08959467800001, 31.821720995], [74.088124219, 31.822102397], [74.087705494, 31.822236338], [74.085492509, 31.823020489], [74.084316901, 31.823328187], [74.083295068, 31.823552432], [74.08203901944486, 31.82328226656431], [74.07634366174513, 31.828030534824794], [74.07627593419659, 31.828093742964864], [74.07621568649719, 31.828164116997865], [74.07616367188038, 31.828240777088137], [74.07202103342027, 31.835148283078755], [74.07198559568783, 31.83521389763895], [74.07195620124646, 31.83528243281391], [74.07193308822507, 31.83535333338959], [74.0719164438658, 31.83542602498948], [74.07190640300719, 31.835499918727702], [74.07190304699179, 31.83557441597967], [74.07190304699179, 31.840997453987956], [74.06669656668825, 31.846423312748183], [74.06270363116079, 31.848642609004397], [74.05998487257055, 31.849775935109843], [74.05991204208404, 31.849810546033172], [74.05984292103251, 31.849852072843984], [74.05977816413707, 31.84990012219643], [74.05971838478106, 31.849954238962546], [74.05966414920016, 31.850013910543254], [74.05961597111887, 31.850078571723746], [74.0595743068845, 31.85014761002727], [74.05953955114457, 31.850220371516542], [74.0595120331087, 31.85029616698792], [74.05949201343032, 31.850374278499597], [74.05947968173767, 31.850453966172022], [74.05947515483774, 31.85053447519609], [74.05947847560971, 31.850615042982785], [74.05948961259895, 31.850694906386483], [74.05950846031483, 31.85077330893354], [74.05953484023004, 31.85084950798769], [74.05956850247154, 31.85092278178435], [74.0596091281874, 31.850992436267255], [74.05965633256709, 31.851057811662617], [74.05970966848626, 31.851118288728564], [74.0597686307421, 31.851173294620665], [74.0598326608386, 31.851222308317954], [74.05990115227668, 31.851264865558097], [74.06404379073679, 31.85356736755497], [74.06411920908513, 31.853604410969332], [74.06419799150235, 31.853633625221853], [74.0642793277205, 31.85365470984736], [74.06436238120605, 31.853667447992933], [74.0644462977636, 31.85367170864824], [74.06690798460316, 31.85367170864824], [74.06943926431161, 31.85578205811735], [74.06950495241551, 31.85583151110467], [74.06957521868628, 31.8558742097714], [74.0696493711125, 31.855909733603323], [74.06972667941027, 31.85593773274698], [74.06980638221533, 31.855957931455173], [74.06988769458137, 31.855970130802632], [74.06996981571041, 31.855974210645112], [74.07243150254997, 31.855974210645112], [74.0774265649386, 31.860138636735535], [74.0774265649386, 31.86308289031456], [74.07608059805932, 31.86757146655473], [74.07606134747162, 31.867649108240425], [74.07604967400769, 31.867728244494597], [74.07604568648168, 31.867808137649], [74.07604942206328, 31.86788804297995], [74.07606084593128, 31.86796721565026], [74.07607985159818, 31.86804491765223], [74.07610626190271, 31.868120424686996], [74.07613983066133, 31.868193032916064], [74.07618024496303, 31.86826206552215], [74.07622712808605, 31.868326879018124], [74.07898888705945, 31.871780632013433], [74.07904345974589, 31.871842323192162], [74.07910388798513, 31.871898291107442], [74.07916957459005, 31.871947982651697], [74.07923987040735, 31.871990906744102], [74.07931408073274, 31.872026639183748], [74.07939147217652, 31.872054826841822], [74.0794712799113, 31.87207519115145], [74.0795527152305, 31.87208753086065], [74.07963497334283, 31.872091724021217], [74.07971724132562, 31.872087729193897], [74.0797987061587, 31.8720755858579], [74.07987856275908, 31.872055414020753], [74.07995602193726, 31.872027413032317], [74.08003031819648, 31.871991859614692], [74.08010071729775, 31.871949105127477], [74.08016652351613, 31.871899572095458], [74.08288489164251, 31.869633245417614], [74.08810532260524, 31.866369007073864], [74.09576557353581, 31.867433409823104], [74.09828640167375, 31.87058586368163], [74.10101950264104, 31.875143082827424], [74.10106790689946, 31.87521497876392], [74.10112355700659, 31.875281424708067], [74.10118584397631, 31.875341693533528], [74.10125408619443, 31.875395125710945], [74.10132753687778, 31.87544113652526], [74.10547017533789, 31.877743638522134], [74.10554242688137, 31.877779313392455], [74.10561780220294, 31.87780780098287], [74.10569558835219, 31.877828831838617], [74.1057750495755, 31.877842207035748], [74.10585543427528, 31.877847800062668], [74.10593598211908, 31.877845558016777], [74.10601593123128, 31.877835502104844], [74.10609452539956, 31.87781772744244], [74.10996104987338, 31.87674320930531], [74.11234270993195, 31.877736014451152], [74.11369163860064, 31.87886062778027], [74.10984626616374, 31.879662107724748], [74.10976365918401, 31.87968382253036], [74.10968372677945, 31.879713926626142], [74.10960731844472, 31.879752100075898], [74.10953524622188, 31.879797937185064], [74.10946827607023, 31.87985095081228], [74.109407119726, 31.87991057754657], [74.1093524271382, 31.879976183695085], [74.10930477956126, 31.880047072017774], [74.10803801056552, 31.88215930423669], [74.10408929585118, 31.884354022313683], [74.10402126851136, 31.884396259100303], [74.10395763606267, 31.884444865443324], [74.10389899284574, 31.884499387349155], [74.1038458866007, 31.88455931557159], [74.10379881335116, 31.884624090368277], [74.10375821277131, 31.88469310672882], [74.10372446407919, 31.884765720025733], [74.10369788249479, 31.88484125203536], [74.10367871629576, 31.884918997272656], [74.10366714449846, 31.884998229580553], [74.10366327518597, 31.885078208912436], [74.10366327518597, 31.89274901611279], [74.10119949250578, 31.894803092734104], [74.10113794642871, 31.89485991745576], [74.10108245276645, 31.894922666336576], [74.1010335787747, 31.89499069795808], [74.10099182404292, 31.895063316901677], [74.10095761538761, 31.895139780857214], [74.10093130248933, 31.89521930821086], [74.10091315431823, 31.89530108603475], [74.1009033563848, 31.895384278396747], [74.10090200884339, 31.89546803490531], [74.10090912546856, 31.895551499402195], [74.10092463351424, 31.89563381871411], [74.10094837445733, 31.895714151373813], [74.10098010561813, 31.895791676221627], [74.10101950264104, 31.89586560079928], [74.10214481744971, 31.897741969895236], [74.09963862315433, 31.901920840988065], [74.0995995483609, 31.901994080273884], [74.0995679983944, 31.902070861990993], [74.09954428996099, 31.90215041538598], [74.09952866105166, 31.902231941882665], [74.09952126855318, 31.902314623098395], [74.09952218667321, 31.90239762905917], [74.09953140619545, 31.902480126531117], [74.09954883457213, 31.902561287384707], [74.09957429685298, 31.902640296907695], [74.09960753744147, 31.90271636198342], [74.09964822266056, 31.90278871905229], [74.09969594410221, 31.902856641776584], [74.09975022272707, 31.902919448331602], [74.09981051367318, 31.90297650824998], [74.09987621172549, 31.90302724875049], [74.09994665739107, 31.903071160487734], [74.10408929585118, 31.905373662484607], [74.10416374733326, 31.90541028972381], [74.10424148892703, 31.905439286662183], [74.10432174095193, 31.905460362485666], [74.10440369854999, 31.90547330582209], [74.10448653975779, 31.905477986861047], [74.10456943375011, 31.90547435865579], [74.10465154917233, 31.90546245759407], [74.1047320624782, 31.90544240303317], [74.10481016618934, 31.90541439610289], [74.10488507699345, 31.90537871768838], [74.10495604360038, 31.90533572561308], [74.10502235427678, 31.905285851050113], [74.11031539295864, 31.90087299958413], [74.1127770797982, 31.90087299958413], [74.1128587538889, 31.900868964147595], [74.11293963237405, 31.900856897148074], [74.11301892739831, 31.900836916132906], [74.11309586653114, 31.90080921574161], [74.11585762550455, 31.899657964743174], [74.11593238200585, 31.899622317498544], [74.11600320612521, 31.89957938493919], [74.11606939017041, 31.89952959605793], [74.11869421383399, 31.897341258196068], [74.12266507924, 31.896237743417423], [74.12274122383118, 31.896212553605878], [74.12281457609919, 31.89618011951655], [74.12288444868918, 31.896140745076348], [74.12295018685298, 31.896094799247447], [74.12301117458448, 31.896042712569876], [74.12306684039197, 31.895984973127124], [74.12311666265337, 31.89592212197247], [74.12316017450416, 31.895854748059016], [74.12319696821213, 31.895783482720827], [74.12322669899811, 31.895708993756962], [74.12324908826679, 31.89563197917379], [74.12326392621723, 31.895553160644248], [74.12327107380897, 31.89547327674533], [74.1232704640647, 31.895393076037198], [74.12326210269816, 31.895313310048692], [74.12324606806035, 31.89523472623507], [74.12322251040547, 31.895158060973905], [74.12319165048291, 31.89508403266478], [74.12315377746867, 31.895013334997447], [74.12213771332397, 31.893319132321064], [74.12412418782567, 31.89166299159664], [74.12934763363864, 31.89166299159664], [74.12943260907728, 31.89165862245203], [74.1295166882997, 31.89164556109856], [74.13495657750778, 31.890511740598203], [74.1357779158319, 31.890511740598203], [74.14048061541465, 31.894432421325323], [74.1405519908318, 31.89461094020634], [74.13487115158546, 31.89461094020634], [74.1347899416704, 31.894614929793637], [74.13470951385122, 31.89462686013362], [74.13463064269179, 31.894646616330597], [74.13455408776447, 31.894674008121587], [74.13448058633507, 31.894708771708668], [74.13441084626254, 31.894750572299497], [74.1343455391819, 31.894799007331528], [74.13428529403603, 31.894853610348935], [74.13423069101863, 31.8949138554948], [74.13418225598659, 31.894979162575442], [74.13414045539577, 31.895048902647975], [74.13410569180868, 31.89512240407737], [74.13407830001769, 31.895198959004688], [74.13405854382071, 31.895277830164126]], [[74.34439992899921, 31.98207521150839], [74.34465633668516, 31.983302781529197], [74.34249552506176, 31.980584957223183], [74.34439992899921, 31.98207521150839]], [[74.33667390169862, 32.04275451584471], [74.33546984812388, 32.044167828927165], [74.33683200816043, 32.039975970038896], [74.33667390169862, 32.04275451584471]], [[74.319749619452, 32.052920913570446], [74.31913513656531, 32.05320095913584], [74.32046563039827, 32.05030377123509], [74.319749619452, 32.052920913570446]], [[74.30810356173751, 32.05822850941716], [74.30787151820851, 32.05794110366992], [74.30841770182239, 32.05808534263483], [74.30810356173751, 32.05822850941716]], [[74.28101774166683, 32.03268731404833], [74.27956433411674, 32.03302748504512], [74.28002843300787, 32.032526014365764], [74.28101774166683, 32.03268731404833]], [[74.2161603457342, 31.99569718297054], [74.21519368594896, 31.993394567697738], [74.21656750627622, 31.992808218383146], [74.2163234501671, 31.995531251744833], [74.2161603457342, 31.99569718297054]], [[74.19740925779745, 31.96415860111851], [74.197958981525, 31.964587843726555], [74.19755151427607, 31.964360504532298], [74.19740925779745, 31.96415860111851]], [[74.16154044184633, 31.90743447873935], [74.16011764557443, 31.907839170801896], [74.16027410225766, 31.904059879352374], [74.16154044184633, 31.90743447873935]]]}}, {"type": "Feature", "properties": {"na": "NA-80", "src": "sheet-split: gujranwala_na77_79_81.jpg, outline-fit; NA-78/NA-80 city split approximate (equal-area N/S median line, not drawn on any sheet)", "approx": true, "rms_km": 1.612}, "geometry": {"type": "Polygon", "coordinates": [[[74.21822047359726, 32.01353178981674], [74.21792146729685, 32.01378107391806], [74.21861763972255, 32.01334577025405], [74.21792146729683, 32.013781073918075], [74.21411183372634, 32.01695719789845], [74.21404614562243, 32.01700665088577], [74.21397587935166, 32.0170493495525], [74.21390172692544, 32.01708487338442], [74.21382441862768, 32.017112872528074], [74.21374471582261, 32.01713307123627], [74.21366340345658, 32.017145270583725], [74.21358128232754, 32.01714935042621], [74.21081952335413, 32.01714935042621], [74.21073831343908, 32.01714536083891], [74.2106578856199, 32.01713343049893], [74.21057901446046, 32.01711367430195], [74.21050245953315, 32.01708628251097], [74.21042895810375, 32.017051518923886], [74.21035921803121, 32.01700971833306], [74.21029391095057, 32.01696128330102], [74.21023366580471, 32.01690668028362], [74.2101790627873, 32.01684643513775], [74.21013062775526, 32.016781128057104], [74.21008882716444, 32.01671138798458], [74.21005406357736, 32.01663788655518], [74.21002667178637, 32.01656133162786], [74.21000691558939, 32.016482460468424], [74.20999498524941, 32.016402032649246], [74.20999099566211, 32.01632082273419], [74.20999099566211, 32.013096470057555], [74.20880028991779, 32.01111106700073], [74.20499593327348, 32.00793934243872], [74.20290335263363, 32.00793934243872], [74.19900757179256, 32.01226993669758], [74.19895336972291, 32.012324819457746], [74.19889429849671, 32.01237442361032], [74.1988308701229, 32.012418319203654], [74.1987636343767, 32.01245612576594], [74.1986931740343, 32.01248751560295], [74.1986200998216, 32.01251221663844], [74.19854504512057, 32.01253001477239], [74.19846866047942, 32.012540755736715], [74.1983916079738, 32.01254434643246], [74.1930338644284, 32.01254434643246], [74.19083230449236, 32.01346207607465], [74.1895379038704, 32.019936993065265], [74.18951906665148, 32.020012553110654], [74.18813818716478, 32.0246175571044], [74.18811573698392, 32.02468250352171], [74.18808798206953, 32.02474536616936], [74.18805511334372, 32.02480571262415], [74.18667423385702, 32.02710821462102], [74.1866222192402, 32.0271848747113], [74.18656197154081, 32.0272552487443], [74.18649424399227, 32.02731845688437], [74.18097072604546, 32.03192346087812], [74.1809004364716, 32.03197601037515], [74.180824982751, 32.032020830123905], [74.1807452114759, 32.0320574172459], [74.18066201768153, 32.032085361232916], [74.17651937922142, 32.03323661223135], [74.17646659084761, 32.03324943390623], [74.1709430729008, 32.03440068490467], [74.17085899367838, 32.034413746258146], [74.17077401823974, 32.03441811540275], [74.17029511282725, 32.03441811540275], [74.16739629544757, 32.03764047374734], [74.16734288318368, 32.03770633583261], [74.16732295015095, 32.03773682641446], [74.16734192104317, 32.03776845880356], [74.16737478976899, 32.03782880525835], [74.16740254468337, 32.037891667906], [74.16742499486423, 32.03795661432331], [74.16880587435094, 32.04256161831706], [74.1688252090901, 32.042639687222916], [74.16883688329511, 32.04271926296757], [74.16884078695836, 32.04279959569822], [74.16884078695836, 32.047404599691966], [74.1688367700087, 32.047486086943564], [74.16882475811046, 32.04756678404611], [74.1688048677382, 32.047645908512294], [74.16877729176083, 32.04772269310405], [74.1687422975715, 32.0477963932721], [74.16870022449477, 32.047866294375616], [74.16865148049632, 32.04793171861174], [74.16859653822706, 32.04799203158802], [74.16853593044006, 32.0480466484738], [74.1684702448246, 32.04809503967115], [74.16840011830767, 32.048136735950116], [74.16832623087782, 32.04817133299868], [74.16824929899173, 32.04819849534319], [74.16817006862688, 32.04821795960134], [74.16808930804824, 32.04822953703604], [74.16800780035858, 32.04823311538559], [74.16792633590516, 32.04822865995217], [74.16784570461597, 32.048216213938325], [74.16776668834012, 32.04819589802803], [74.16769005326665, 32.04816790921648], [74.16761654249498, 32.048132518899926], [74.16754686882945, 32.048090070244], [74.16748170786754, 32.04804097485623], [74.16471994889413, 32.045738472859355], [74.16465268190719, 32.04567574507295], [74.15952202974738, 32.04032890952495], [74.15739959323898, 32.04121365622911], [74.15059137733799, 32.04688972385779], [74.15052621637608, 32.04693881924556], [74.15045654271054, 32.04698126790149], [74.15038303193887, 32.04701665821804], [74.1503063968654, 32.04704464702959], [74.15022738058956, 32.047064962939885], [74.15014674930036, 32.04707740895373], [74.15006528484695, 32.04708186438715], [74.14998377715729, 32.0470782860376], [74.14990301657865, 32.0470667086029], [74.1498237862138, 32.04704724434475], [74.1497468543277, 32.04702008200024], [74.14967296689785, 32.046985484951676], [74.14960284038092, 32.04694378867271], [74.14953715476547, 32.04689539747536], [74.14947654697846, 32.04684078058958], [74.1494216047092, 32.0467804676133], [74.14937286071076, 32.046715043377176], [74.14933078763403, 32.04664514227366], [74.1492957934447, 32.04657144210561], [74.14926821746732, 32.046494657513854], [74.14924832709507, 32.04641553304767], [74.14923631519683, 32.046334835945125], [74.14923229824717, 32.046253348693526], [74.14923229824717, 32.03743129049474], [74.14707900006789, 32.035636067448344], [74.14439251803695, 32.03339632448005], [74.14260153001632, 32.03414290546949], [74.1420943357519, 32.03435433156023], [74.14201739661908, 32.03438203195152], [74.14193810159482, 32.034402012966694], [74.14185722310967, 32.03441407996622], [74.14177554901897, 32.03441811540275], [74.13646680865224, 32.03441811540275], [74.13251189963886, 32.036616276306354], [74.1324435192405, 32.036650256927025], [74.13237230087469, 32.03667779791163], [74.13229884944805, 32.036698665335635], [74.13222378883408, 32.036712681957646], [74.13214775657427, 32.03671972872484], [74.13207139846291, 32.03671974578417], [74.13199536306202, 32.03671273299074], [74.1242528287032, 32.035636896842256], [74.12315377746867, 32.03746947360695], [74.12310707049029, 32.03753910494264], [74.12305356513957, 32.03760365912286], [74.12299380936848, 32.03766247504384], [74.12292841513995, 32.03771495036771], [74.12285805216077, 32.037760547691086], [74.12278344102299, 32.037798800048655], [74.1227053458244, 32.03782931569542], [74.11585682369233, 32.04011318420626], [74.10900510362633, 32.04354058665938], [74.10893487003351, 32.04357173605814], [74.10886205297157, 32.04359624560926], [74.10878727861451, 32.043613904548344], [74.10871118996761, 32.04362456102132], [74.1086344413381, 32.04362812339024], [74.10051493881929, 32.04362812339024], [74.09802177531074, 32.044667409224424], [74.09646311106867, 32.04596688088881], [74.09646311106867, 32.04596688088882], [74.09577639899389, 32.04653939859897], [74.09603391602194, 32.04739817516421], [74.09700014104237, 32.05062037530611], [74.09701947578154, 32.05069844421197], [74.09703114998655, 32.050778019956624], [74.09703505364979, 32.05085835268727], [74.09703505364979, 32.054312105682584], [74.09703169763439, 32.05438660293455], [74.09702165677578, 32.054460496672775], [74.09700501241652, 32.054533188272664], [74.09698189939513, 32.05460408884834], [74.09695250495375, 32.054672624023304], [74.09691706722131, 32.0547382385835], [74.0962722266493, 32.05581345674628], [74.09553618773461, 32.05704074058037], [74.0954871453314, 32.057113483810596], [74.09543068604279, 32.05718063352083], [74.09542096542633, 32.05718997912712], [74.0954706262705, 32.05724580176296], [74.09551793346503, 32.05731066986605], [74.09555874008514, 32.05737981219178], [74.0955926629567, 32.05745257949377], [74.09561938354396, 32.05752828848709], [74.09563865094061, 32.05760622826435], [74.09565028422584, 32.05768566697108], [74.09565417416309, 32.0577658586779], [74.09565417416309, 32.057874559249996], [74.09403203138646, 32.063284136288914], [74.0940126966473, 32.06336220519477], [74.09400102244228, 32.06344178093943], [74.09399711877904, 32.063522113670075], [74.09399711877904, 32.07503462365444], [74.09400047479444, 32.075109120906404], [74.09401051565305, 32.07518301464463], [74.09402716001232, 32.07525570624452], [74.0940502730337, 32.0753266068202], [74.09407966747509, 32.07539514199516], [74.09411510520752, 32.07546075655535], [74.09549598469422, 32.077763258552224], [74.09554438895265, 32.077835154488724], [74.09560003905978, 32.077901600432874], [74.0956623260295, 32.07796186925833], [74.09573056824762, 32.07801530143575], [74.09580401893096, 32.078061312250064], [74.09987850317653, 32.080325933747204], [74.10396125147919, 32.08372975580775], [74.1040269395831, 32.08377920879507], [74.10409720585386, 32.083821907461804], [74.10417135828008, 32.08385743129372], [74.10424866657785, 32.08388543043738], [74.10432836938291, 32.083905629145576], [74.10440968174895, 32.08391782849303], [74.10449180287799, 32.08392190833551], [74.10833436920426, 32.08392190833551], [74.11210806237338, 32.08706806849691], [74.11479183901524, 32.09266178715278], [74.11482829750807, 32.09272952153189], [74.11620917699477, 32.09503202352877], [74.11625509573624, 32.09510059765185], [74.11630760876896, 32.09516426336135], [74.11636619506605, 32.09522238897504], [74.11643027334247, 32.09527439777876], [74.11649920782257, 32.09531977374846], [74.11657231454812, 32.09535806667015], [74.11664886816448, 32.09538889660684], [74.1167281091174, 32.095411957668226], [74.11680925118931, 32.09542702104571], [74.11689148929995, 32.09543393728256], [74.11697400749433, 32.09543263775686], [74.11705598703855, 32.09542313536231], [74.12389271719238, 32.09428316732144], [74.1262858025314, 32.09428316732144], [74.1300901591757, 32.09745489188345], [74.13128086492003, 32.09944029494029], [74.13128086492003, 32.10266464761691], [74.13128476858327, 32.10274498034756], [74.13129644278828, 32.102824556092216], [74.13131577752745, 32.10290262499807], [74.13257187665602, 32.10709150719911], [74.1303301901555, 32.10989487691394], [74.12658587466524, 32.10989487691394], [74.12650420057454, 32.109898912350474], [74.1264233220894, 32.10991097935], [74.12634402706513, 32.10993096036517], [74.1262670879323, 32.10995866075646], [74.1235053289589, 32.1111099117549], [74.12342998682841, 32.11114587540745], [74.12335864640968, 32.11118923858986], [74.12329203204398, 32.11123956102236], [74.12323082008747, 32.11129633176581], [74.123175632044, 32.11135897440934], [74.12312702825477, 32.11142685292291], [74.12308550220905, 32.11149927811506], [74.12305147553356, 32.1115755146305], [74.1230252937116, 32.1116547884164], [74.12300722257531, 32.1117362945816], [74.12299744560649, 32.11181920556888], [74.1229960620737, 32.11190267955745], [74.1230030860244, 32.1119858690102], [74.12301844614223, 32.11206792927897], [74.12425255824265, 32.117212378166315], [74.12065984969162, 32.1192092259947], [74.12059190781203, 32.11925140382304], [74.12052834865104, 32.11929993526914], [74.12046976432804, 32.119354368212335], [74.12041670061664, 32.119414195553404], [74.12036965186026, 32.119478859938724], [74.12032905636677, 32.1195477589526], [74.12029529232521, 32.1196202507294], [74.12026867428258, 32.119695659933164], [74.1202494502135, 32.1197732840491], [74.12023779921012, 32.1198523999282], [74.12023382981354, 32.119932270524146], [74.12023757900282, 32.12001215175965], [74.12024901185039, 32.12009129945831], [74.12026802184744, 32.12016897627736], [74.12029443189614, 32.12024445857683], [74.12032799595958, 32.120317043160945], [74.12036840135374, 32.12038605382917], [74.12041527166055, 32.120450847675684], [74.12118015866466, 32.12140738689831], [74.12244323620513, 32.12140738689831], [74.12252847116494, 32.12141178284233], [74.12261280165744, 32.12142492402699], [74.122695332813, 32.12144667100515], [74.12277518885563, 32.12147679300964], [74.12285152239615, 32.12151497040202], [74.1229235234243, 32.121560798064436], [74.1229904279041, 32.12161378969851], [74.12305152588135, 32.12167338298566], [74.12310616901735, 32.12173894555415], [74.12315377746867, 32.12180978168942], [74.12591553644208, 32.12641478568317], [74.12595097417451, 32.12648040024336], [74.1259803686159, 32.12654893541832], [74.12600348163728, 32.126619835994], [74.12602012599655, 32.12669252759389], [74.12603016685516, 32.126766421332114], [74.12603352287056, 32.12684091858408], [74.12603352287056, 32.12852723125483], [74.12606433141463, 32.128499642067645], [74.12613043133628, 32.12845130100273], [74.12620098051612, 32.12840972130303], [74.12627528975416, 32.128375309163594], [74.12635263311824, 32.12834840075905], [74.12643225503552, 32.12832925895951], [74.12651337767386, 32.128318070762575], [74.12659520854044, 32.12831494546652], [74.22877562376695, 32.12946614388736], [74.25776942590204, 32.12946614388736], [74.25785038065936, 32.12947010838368], [74.25793056068134, 32.12948196393248], [74.25800919864687, 32.129501597076406], [74.25808554199227, 32.12952881992668], [74.25815886011331, 32.12956337196122], [74.25822845135713, 32.12960492251775], [74.25829364973697, 32.12965307395833], [74.2583538313057, 32.12970736547469], [74.25840842012698, 32.12976727749814], [74.25845689378694, 32.12983223667189], [74.25849878839367, 32.129901621338], [74.25853235733017, 32.12997194827297], [74.25867139997625, 32.12997194827297], [74.25991522105669, 32.12858930262381], [74.25996348057978, 32.12853995561167], [74.2600156800449, 32.128494796725285], [74.2600714571809, 32.128454139373225], [74.2668508620806, 32.12393250125216], [74.27090573878647, 32.11829819246428], [74.27096289049248, 32.118227340193876], [74.27102746996283, 32.11816318527409], [74.27109869764689, 32.11810650213069], [74.27117571374227, 32.11805797499627], [74.2748221284042, 32.11603127700624], [74.27491618813984, 32.115926719135096], [74.27547412080018, 32.115461565920455], [74.27775887253094, 32.11260434043132], [74.2779302664079, 32.11217566282284], [74.2779302664079, 32.110882897786894], [74.27903496999727, 32.10811989539065], [74.27903496999727, 32.10726965161066], [74.27903889008236, 32.10718915048622], [74.27905061324275, 32.10710941112572], [74.27907002854482, 32.10703118808468], [74.27909695226596, 32.10695522157007], [74.2791311296331, 32.10688223043582], [74.27917223723351, 32.10681290538054], [74.2792198860753, 32.106747902411534], [74.27927362526825, 32.10668783663721], [74.2793329462905, 32.106633276446395], [74.2833146207352, 32.10331372052276], [74.28455848794408, 32.100202652439116], [74.28455848794408, 32.09844759341187], [74.28094430504215, 32.09543441831988], [74.27848261820259, 32.09543441831988], [74.27840049707355, 32.0954303384774], [74.27831918470751, 32.09541813912995], [74.27823948190245, 32.09539794042175], [74.27816217360468, 32.09536994127809], [74.27808802117846, 32.095334417446175], [74.2780177549077, 32.09529171877944], [74.27795206680379, 32.09524226579212], [74.27519030783039, 32.09293976379524], [74.27127814863523, 32.0896781633277], [74.26754856653251, 32.0896781633277], [74.26368655993784, 32.090751425933384], [74.26106173627424, 32.09293976379524], [74.26099799183709, 32.092987895312476], [74.26092990885911, 32.093029664970466], [74.26085812010889, 32.09306468455871], [74.26078329279675, 32.093092628602385], [74.26070612237365, 32.093113237387335], [74.2606273260676, 32.09312631937389], [74.26054763621771, 32.093131752977015], [74.26046779346774, 32.093129487696395], [74.26038853988253, 32.09311954458571], [74.26031061205116, 32.09310201605703], [74.26023473424107, 32.09307706502187], [74.26016161166663, 32.09304492337715], [74.26009192393482, 32.093005889849834], [74.25476995760079, 32.0896781633277], [74.25241168235664, 32.0896781633277], [74.24980293571475, 32.09076563048362], [74.24972892906007, 32.090792429968204], [74.24965271329634, 32.090812085874944], [74.24957497626113, 32.09082442081178], [74.24949641952128, 32.090829323457484], [74.24941775204137, 32.0908267495663], [74.24933968378541, 32.09081672236726], [74.24926291930944, 32.090799332354564], [74.24918815140312, 32.09077473647087], [74.24911605483726, 32.09074315669089], [74.24904728027423, 32.09070487801813], [74.24898244839565, 32.09066024591272], [74.24892214430103, 32.09060966317375], [74.24886691222711, 32.090553586304], [74.24881725063635, 32.09049252139006], [74.24877360771828, 32.09042701953503], [74.24763895865189, 32.08853508633865], [74.24718885219333, 32.0877845711564], [74.24601184874487, 32.08582201554128], [74.24597641101244, 32.08575640098109], [74.24594701657105, 32.08568786580613], [74.24592390354967, 32.08561696523045], [74.2459072591904, 32.08554427363056], [74.24589721833179, 32.085470379892335], [74.2458938623164, 32.08539588264037], [74.2458938623164, 32.08309338064349], [74.24589778240149, 32.08301287951905], [74.24590950556187, 32.08293314015855], [74.24592892086395, 32.082854917117515], [74.24595584458508, 32.0827789506029], [74.24599002195222, 32.082705959468655], [74.24603112955263, 32.08263663441337], [74.24607877839442, 32.08257163144437], [74.24613251758737, 32.08251156567004], [74.24619183860962, 32.08245700547923], [74.24895359758303, 32.08015450348236], [74.24901915047236, 32.0801051421647], [74.24908926470353, 32.08006250748903], [74.2491632525002, 32.08002701767463], [74.24924038808878, 32.07999902085417], [74.24931991481785, 32.079978791658775], [74.24940105258038, 32.079966528524096], [74.24948300546616, 32.07996235174373], [74.24956496956911, 32.079966302289264], [74.24964614087311, 32.079978341408335], [74.24972572313892, 32.0799983510048], [74.24980293571475, 32.08002613479712], [74.25251726271236, 32.08115761357429], [74.25641649771921, 32.08224122206149], [74.26174300970109, 32.08113103245111], [74.26182708892351, 32.08111797109764], [74.26191206436215, 32.081113601953035], [74.26467382333556, 32.081113601953035], [74.2647587987742, 32.08111797109764], [74.26484287799661, 32.08113103245111], [74.26997436875976, 32.0822005743484], [74.27242854885698, 32.08015450348236], [74.27249423696088, 32.08010505049504], [74.27256450323165, 32.08006235182831], [74.27263865565787, 32.08002682799639], [74.27271596395563, 32.07999882885274], [74.2727956667607, 32.07997863014454], [74.27287697912674, 32.079966430797086], [74.27295910025578, 32.0799623509546], [74.27680166658205, 32.0799623509546], [74.27922514373965, 32.07794187739102], [74.28004082322259, 32.07658179951573], [74.27816383146966, 32.07579936750394], [74.27809107461832, 32.075764796071105], [74.27802201883148, 32.07572332268578], [74.27795731685875, 32.075675339375024], [74.27789758029533, 32.07562129970093], [74.2778433738009, 32.07556171447333], [74.27779520976217, 32.07549714692142], [74.27775354344959, 32.07542820736978], [74.27771876871381, 32.0753555474693], [74.27769121426294, 32.07527985403746], [74.27767114055533, 32.0752018425662], [74.27765873733765, 32.0751222504587], [74.27765412185126, 32.0750418300591], [74.27765733772402, 32.07496134154099], [74.27766835455795, 32.07488154572182], [74.27768706821641, 32.074803196871336], [74.27771330180863, 32.074727035581795], [74.2779302664079, 32.074184379874445], [74.2779302664079, 32.07289161483849], [74.27903496999727, 32.07012861244224], [74.27903496999727, 32.069666318450956], [74.27519030783039, 32.06646099083121], [74.27513098680814, 32.0664064306404], [74.27507724761519, 32.06634636486607], [74.2750295987734, 32.06628136189707], [74.27498849117299, 32.06621203684178], [74.27495431380585, 32.06613904570754], [74.27492739008471, 32.06606307919292], [74.27490797478264, 32.065984856151886], [74.27489625162225, 32.065905116791384], [74.27489233153716, 32.06582461566695], [74.27489233153716, 32.05805638835412], [74.2723120151979, 32.054829540764814], [74.27226466304421, 32.05476400732636], [74.27222392373, 32.05469417061474], [74.27219018519892, 32.05462069565617], [74.27216376872916, 32.05454428212243], [74.27214492587385, 32.0544656576681], [74.27213383606573, 32.05438557100149], [74.2721306049085, 32.054304784754905], [74.27213526317111, 32.054224068222496], [74.27214776649487, 32.054144190034556], [74.27216799581575, 32.05406591083815], [74.2721957584983, 32.053989976053806], [74.2722307901699, 32.05391710877721], [74.27227275723838, 32.0538480028934], [74.27232126006865, 32.05378331646925], [74.27237583678824, 32.05372366548691], [74.27243596768551, 32.05366961797812], [74.27250108015873, 32.05362168861504], [74.27257055416864, 32.05358033380924], [74.27264372814284, 32.05354594736551], [74.27271990527575, 32.05351885673176], [74.2727983601639, 32.05349931988097], [74.27287834571372, 32.05348752285449], [74.27295910025578, 32.05348357799056], [74.27489216081712, 32.05348357799056], [74.27568510023445, 32.05326321787353], [74.27765409051057, 32.05162165389701], [74.27765409051057, 32.048555850690406], [74.27765793409405, 32.04847613709318], [74.27766942918335, 32.048397163087095], [74.27768846912582, 32.04831966140126], [74.27771487726685, 32.048244351104465], [74.27774840858895, 32.04817193093356], [74.277788751985, 32.0481030728105], [74.27783553314471, 32.048038415608175], [74.28299942696724, 32.04158064216423], [74.28191471539915, 32.03977197560383], [74.27920845896742, 32.035259517494254], [74.27121035221352, 32.02748007942321], [74.25907388251828, 32.0263558262861], [74.25898125072769, 32.02634192791562], [74.25362678744193, 32.02522591249516], [74.24827232415618, 32.02634192791562], [74.24819436849609, 32.02635433488589], [74.24811558592542, 32.026359266864056], [74.24803669155783, 32.026356679082284], [74.2479584015218, 32.02634659503001], [74.24788142646025, 32.02632910624074], [74.24617020893378, 32.02585355402809], [74.24537726951644, 32.025633193911055], [74.24373878800014, 32.0251778552423], [74.2436569598483, 32.02515045062476], [74.243578425993, 32.025114683418174], [74.24350403838797, 32.025070941633615], [74.24343460400749, 32.02501969979227], [74.24337087609207, 32.02496151377769], [74.24331354597713, 32.02489701480547], [74.2409521336326, 32.021943920405626], [74.24066544552127, 32.02158539892248], [74.24030708538213, 32.02140613818092], [74.24030708538211, 32.02140613818091], [74.23392381233985, 32.01821306469378], [74.2338555762396, 32.01817480151849], [74.23379125321367, 32.018130273052364], [74.23373141674507, 32.01807987629664], [74.23367660031619, 32.01802406057227], [74.23362729265236, 32.017963323513996], [74.23358393336454, 32.01789820663353], [74.23220305387784, 32.01559570463666], [74.2321676161454, 32.01553009007647], [74.23213822170402, 32.015461554901506], [74.23211510868263, 32.01539065432583], [74.23209846432337, 32.01531796272594], [74.23208842346476, 32.01524406898771], [74.23208506744936, 32.01516957173575], [74.23208506744936, 32.01079396806068], [74.2309922568493, 32.00897179703629], [74.227444348146, 32.00798582312706], [74.22502123279187, 32.00899590908953], [74.2190906891294, 32.01295138493137], [74.21822047359726, 32.01353178981674]], [[74.24010480746902, 32.043270710572045], [74.23920834383658, 32.048726390216245], [74.23926525499029, 32.044913149256544], [74.24010480746902, 32.043270710572045]], [[74.21757064958568, 32.093141758709976], [74.21605038336716, 32.09664136974336], [74.21656924413936, 32.093853706910295], [74.21757064958568, 32.093141758709976]], [[74.2032586637191, 32.01052664250093], [74.20316011953084, 32.014661139020035], [74.20200705079138, 32.01520274022671], [74.2032586637191, 32.01052664250093]], [[74.1806905433192, 32.04852835638817], [74.18059440986868, 32.049977853989645], [74.17885636263124, 32.05142220846708], [74.1806905433192, 32.04852835638817]], [[74.12569740863505, 32.09285873577218], [74.13196361298682, 32.0928397436821], [74.12510333317172, 32.09347152168454], [74.12569740863505, 32.09285873577218]], [[74.10725585346665, 32.071359328729436], [74.10725585346665, 32.076108412049706], [74.10597090372893, 32.06834279140464], [74.10725585346665, 32.071359328729436]]]}}, {"type": "Feature", "properties": {"na": "NA-81", "src": "sheet-split: gujranwala_na77_79_81.jpg, outline-fit", "approx": false, "rms_km": 1.612}, "geometry": {"type": "MultiPolygon", "coordinates": [[[[73.753598496, 32.184245175], [73.754492753, 32.184922781], [73.75556232400001, 32.186229435], [73.75482426742592, 32.185327779500035], [73.75509369065738, 32.17805335225095], [73.754150397, 32.178248991], [73.75338018100001, 32.178356314], [73.753052376, 32.179002621], [73.752334829, 32.180441354], [73.752128946, 32.181317169], [73.751978014, 32.181988899], [73.752355109, 32.182810562], [73.752707678, 32.183570277], [73.753132483, 32.183892415], [73.753598496, 32.184245175]]], [[[73.727840539, 32.213216768], [73.728056061, 32.213824669], [73.730355274, 32.218846215], [73.731486274, 32.221320533], [73.73184665381854, 32.22264011503737], [73.73123171200007, 32.21618322200004], [73.73039950000003, 32.207445], [73.73316056900006, 32.206232783000075], [73.745323, 32.200893], [73.752603, 32.195069500000045], [73.75344634600003, 32.19169630700003], [73.753856353945, 32.19005636972061], [73.753785418, 32.190150993], [73.753211604, 32.190916419], [73.752197056, 32.192270128], [73.751688056, 32.19294872], [73.751066502, 32.193577921], [73.749824562, 32.194835141], [73.747892154, 32.196791324], [73.745944787, 32.198619373], [73.74489797400001, 32.199602044], [73.743637987, 32.200295782], [73.741755696, 32.201332317], [73.740998663, 32.20174897], [73.73948636300001, 32.202336945], [73.735549393, 32.203869564], [73.73400065700001, 32.204968139], [73.733587019, 32.205262108], [73.732702391, 32.205890806], [73.73192463, 32.205919499], [73.730279015, 32.205979283], [73.72934321400001, 32.206654599], [73.728212606, 32.207470233], [73.727461397, 32.208012743], [73.72707586300001, 32.209108746], [73.726980506, 32.209554884], [73.727248657, 32.211041789], [73.727374124, 32.211704878], [73.727840539, 32.213216768]]], [[[73.72334614600001, 32.234368625], [73.72253210400001, 32.235320544], [73.721367917, 32.236577079], [73.720203075, 32.237834321], [73.71937583538943, 32.23872718080277], [73.72239150000007, 32.235837], [73.72402542281355, 32.2335746454829], [73.72334614600001, 32.234368625]]], [[[73.7061036, 32.26137661], [73.706140817, 32.263131427], [73.706092334, 32.26366859], [73.70592049000001, 32.265070248], [73.704501245, 32.266296406], [73.703636357, 32.267045338], [73.703393712, 32.268360715], [73.702490622, 32.273282117], [73.7026024168762, 32.272672889207264], [73.70412148100007, 32.269490087000065], [73.70803459400008, 32.26129119600006], [73.708196, 32.260953011000026], [73.71365599900008, 32.244209011000066], [73.71384616830638, 32.244026754764946], [73.714203953, 32.243701402], [73.712578915, 32.245179136], [73.711802203, 32.24619086], [73.710769942, 32.247535456], [73.709460834, 32.249240666], [73.708462992, 32.250540269], [73.707255871, 32.25239033], [73.706507426, 32.253541946], [73.706258301, 32.254886816], [73.70593276400001, 32.256642402], [73.70578287100001, 32.257447121], [73.705853099, 32.258274182], [73.7061036, 32.26137661]]], [[[73.71903153300008, 32.353064], [73.717678, 32.353064], [73.70566906500005, 32.34752156800005], [73.70446631300007, 32.34696646700007], [73.702629, 32.346118500000046], [73.693368, 32.344961], [73.68798395900006, 32.34454670500003], [73.68584350000003, 32.344382], [73.67851910200005, 32.34212866900003], [73.68077815700008, 32.33255398800003], [73.68189266200005, 32.32783036100005], [73.685992, 32.310456], [73.68666737800004, 32.30563187400003], [73.68749687700006, 32.29970687800005], [73.68854, 32.292256], [73.69132078671741, 32.28871704802792], [73.690554456, 32.289463175], [73.68897797400001, 32.290998019], [73.688668659, 32.291298985], [73.68814475500001, 32.291874644], [73.686997648, 32.293153706], [73.68652663600001, 32.294067065], [73.685774275, 32.295686386], [73.685237223, 32.296515545], [73.68448427300001, 32.297674797], [73.684680798, 32.299659378], [73.684972345, 32.302580913], [73.684778863, 32.304822192], [73.684737643, 32.305297001], [73.684666429, 32.30611654], [73.68450607, 32.307961975], [73.684382342, 32.309036422], [73.683730609, 32.314384165], [73.68356831, 32.315715896], [73.683298111, 32.317932993], [73.682871636, 32.319368949], [73.682449681, 32.320789689], [73.681938322, 32.32332585], [73.68155836400001, 32.325210307], [73.68102143, 32.326819577], [73.680216975, 32.329230649], [73.67960766, 32.331375341], [73.679176483, 32.33289302], [73.67885304100001, 32.334031492], [73.678529565, 32.334857894], [73.678209479, 32.335685113], [73.676617629, 32.33990292], [73.676779071, 32.341780269], [73.676589319, 32.343004613], [73.676419162, 32.344105026], [73.677694747, 32.345250525], [73.67887673700001, 32.345499393], [73.679940808, 32.345724408], [73.680802878, 32.345903849], [73.681617352, 32.345882235], [73.684578979, 32.345801179], [73.688980682, 32.345608012], [73.689862491, 32.345569314], [73.690741198, 32.345530752], [73.691902861, 32.345554242], [73.69266863, 32.345569726], [73.69579787500001, 32.345642332], [73.698805608, 32.34590717], [73.699500533, 32.345968192], [73.701564552, 32.346661036], [73.70247844500001, 32.348955278], [73.70326452, 32.352040374], [73.704473099, 32.353540932], [73.705960254, 32.354169165], [73.70753057600001, 32.354833093], [73.711693066, 32.356387115], [73.713689419, 32.356767769], [73.714758803, 32.356966949], [73.716918913, 32.35630146], [73.718360394, 32.354690304], [73.719797417, 32.353143909], [73.71999787688715, 32.353064], [73.71990776800004, 32.353064], [73.71903153300008, 32.353064]]], [[[73.763382563, 32.343897497], [73.76437829504307, 32.346240577025874], [73.76437829504307, 32.34624057702587], [73.763382563, 32.343897497]]], [[[73.742735042, 32.35994031], [73.74297167200001, 32.359500467], [73.743063362, 32.358920386], [73.743739953, 32.354773431], [73.745012746, 32.352766974], [73.745873278, 32.351413222], [73.746530627, 32.350706401], [73.747366255, 32.349817229], [73.74782974107586, 32.349209517183624], [73.744303, 32.35190650000004], [73.74369049900008, 32.35398862100004], [73.74310014500003, 32.35599545700006], [73.74309131700005, 32.35603269100005], [73.74140850000003, 32.361746], [73.73311435000005, 32.361746], [73.73059811636105, 32.361746], [73.731005044, 32.362309478], [73.732680704, 32.362996264], [73.733509924, 32.363335463], [73.734087067, 32.363395808], [73.734680072, 32.363454975], [73.73674882, 32.363661383], [73.73844871, 32.363601085], [73.739061076, 32.363579352], [73.741110437, 32.36298537], [73.74167156, 32.361932912], [73.742735042, 32.35994031]]], [[[73.72960672500005, 32.358258025000055], [73.72867550000007, 32.354222], [73.7247012937903, 32.353228234043335], [73.724185183, 32.352714579], [73.725083426, 32.353608548], [73.726059887, 32.354581364], [73.726536377, 32.355889028], [73.727155311, 32.357427953], [73.728843877, 32.359184266], [73.729386753, 32.360010571], [73.729772916, 32.360602072], [73.73032386385032, 32.36136617619908], [73.72960672500005, 32.358258025000055]]], [[[74.06972667941027, 31.85593773274698], [74.0696493711125, 31.855909733603323], [74.06957521868628, 31.8558742097714], [74.06950495241551, 31.85583151110467], [74.06943926431161, 31.85578205811735], [74.06690798460316, 31.85367170864824], [74.0644462977636, 31.85367170864824], [74.06436238120605, 31.853667447992933], [74.0642793277205, 31.85365470984736], [74.06419799150235, 31.853633625221853], [74.06411920908513, 31.853604410969332], [74.06404379073679, 31.85356736755497], [74.05990115227668, 31.851264865558097], [74.0598326608386, 31.851222308317954], [74.0597686307421, 31.851173294620665], [74.05970966848626, 31.851118288728564], [74.05965633256709, 31.851057811662617], [74.0596091281874, 31.850992436267255], [74.05956850247154, 31.85092278178435], [74.05953484023004, 31.85084950798769], [74.05950846031483, 31.85077330893354], [74.05948961259895, 31.850694906386483], [74.05947847560971, 31.850615042982785], [74.05947515483774, 31.85053447519609], [74.05947968173767, 31.850453966172022], [74.05949201343032, 31.850374278499597], [74.0595120331087, 31.85029616698792], [74.05953955114457, 31.850220371516542], [74.0595743068845, 31.85014761002727], [74.05961597111887, 31.850078571723746], [74.05966414920016, 31.850013910543254], [74.05971838478106, 31.849954238962546], [74.05977816413707, 31.84990012219643], [74.05984292103251, 31.849852072843984], [74.05991204208404, 31.849810546033172], [74.05998487257055, 31.849775935109843], [74.06270363116079, 31.848642609004397], [74.06669656668825, 31.846423312748183], [74.07190304699179, 31.840997453987956], [74.07190304699179, 31.83557441597967], [74.07190640300719, 31.835499918727702], [74.0719164438658, 31.83542602498948], [74.07193308822507, 31.83535333338959], [74.07195620124646, 31.83528243281391], [74.07198559568783, 31.83521389763895], [74.07202103342027, 31.835148283078755], [74.07616367188038, 31.828240777088137], [74.07621568649719, 31.828164116997865], [74.07627593419659, 31.828093742964864], [74.07634366174513, 31.828030534824794], [74.08203901944486, 31.82328226656431], [74.08146352700001, 31.823158483], [74.080200257, 31.822200295], [74.079079964, 31.821740571], [74.07830913100001, 31.821457645], [74.077707848, 31.821319153], [74.076415417, 31.821100992], [74.075342505, 31.820919885], [74.074219155, 31.821183587], [74.07302493200001, 31.821464016], [74.071808877, 31.821749392], [74.070023686, 31.822922886], [74.069300655, 31.823398171], [74.066208951, 31.8255989], [74.06501703900001, 31.826134736], [74.064227828, 31.826489534], [74.063833668, 31.826666733], [74.062647487, 31.827199992], [74.059639499, 31.827729157], [74.05841642, 31.827696207], [74.057826807, 31.827680325], [74.055341667, 31.827909928], [74.05391109300001, 31.828870284], [74.053166504, 31.829374947], [74.052789273, 31.829764299], [74.051601741, 31.830992863], [74.05072864200001, 31.831897963], [74.050385685, 31.832493678], [74.049693479, 31.833701473], [74.04939864900001, 31.834216241], [74.049019439, 31.834877576], [74.04875951000001, 31.835224317], [74.047525905, 31.836869914], [74.047037619, 31.837521277], [74.046331439, 31.838029398], [74.04565101, 31.838518991], [74.044730268, 31.839181443], [74.044120401, 31.83962032], [74.042996845, 31.84006756], [74.04160752, 31.840620592], [74.0404931, 31.840728312], [74.039695803, 31.840805464], [74.03771987, 31.841000776], [74.036427409, 31.841040356], [74.034716244, 31.841092701], [74.033283224, 31.841135828], [74.03239531700001, 31.8411258], [74.031759526, 31.840939046], [74.031316182, 31.840808541], [74.029525226, 31.84028143], [74.028969753, 31.838741374], [74.029371742, 31.837398274], [74.029668007, 31.836338149], [74.029606097, 31.834702699], [74.02851935000001, 31.833482347], [74.027478766, 31.832978191], [74.026792242, 31.832645575], [74.026061016, 31.832291302], [74.023871196, 31.831920397], [74.023132195, 31.832038434], [74.021499831, 31.832299165], [74.020878775, 31.832495343], [74.019370527, 31.832971764], [74.017700108, 31.832950321], [74.016460189, 31.832770669], [74.015231377, 31.832592625], [74.01057072, 31.831614486], [74.008828611, 31.831380443], [74.008083868, 31.831332235], [74.006890743, 31.831255111], [74.00592799, 31.831192955], [74.004504915, 31.831101018], [74.003787541, 31.831054645], [74.00192234900001, 31.83093412], [74.000142488, 31.83081911], [73.99876278900001, 31.830945034], [73.998047154, 31.831010276], [73.99733172, 31.831075646], [73.99517912, 31.831271974], [73.992400573, 31.83145073], [73.989780832, 31.831289433], [73.98766586, 31.831159222], [73.986407217, 31.831081733], [73.985557314, 31.831148615], [73.983044207, 31.831346378], [73.982227533, 31.831410644], [73.98155878300001, 31.831619597], [73.98086286600001, 31.831837067], [73.979688204, 31.83220429], [73.978959322, 31.832432134], [73.978457309, 31.832589123], [73.97818376900001, 31.832966549], [73.977283272, 31.834193824], [73.977313996, 31.835796658], [73.977406639, 31.83759929], [73.977433729, 31.838106927], [73.977445674, 31.839258035], [73.977447571, 31.840245638], [73.977452458, 31.842788859], [73.977315527, 31.844322451], [73.977167624, 31.845978976], [73.977346463, 31.847034136], [73.977527444, 31.84812373], [73.97766956000001, 31.849811953], [73.977714678, 31.850249265], [73.978212427, 31.85151648], [73.978644934, 31.852699303], [73.978363522, 31.854156916], [73.9782059, 31.854600892], [73.976508474, 31.854851423], [73.975838861, 31.854951904], [73.975364344, 31.854870338], [73.971940755, 31.854279097], [73.968398628, 31.853598722], [73.966798449, 31.853291255], [73.965977502, 31.853212674], [73.96531868000001, 31.853149645], [73.96169522000001, 31.852802991], [73.96054345600001, 31.852692803], [73.959809186, 31.852622471], [73.959149948, 31.852473779], [73.958494127, 31.852325858], [73.95750215000001, 31.852102117], [73.956403983, 31.851452012], [73.955672326, 31.851017579], [73.955254101, 31.850300702], [73.954339049, 31.848069143], [73.95332019700001, 31.845511564], [73.952898007, 31.844451933], [73.952148576, 31.843349071], [73.950409543, 31.840789916], [73.950055273, 31.840318415], [73.94809020000001, 31.837702298], [73.947622115, 31.837079132], [73.946605196, 31.836273122], [73.945956982, 31.835759352], [73.94449238300001, 31.835510238], [73.943411194, 31.83564443], [73.942978745, 31.835698103], [73.94229945500001, 31.835782478], [73.940833307, 31.83700578], [73.940230608, 31.837508651], [73.939681209, 31.838246616], [73.939256856, 31.838566089], [73.939093551, 31.839001866], [73.93871098000001, 31.839203372], [73.937747082, 31.839678993], [73.936895991, 31.839888143], [73.935569727, 31.840214157], [73.934684628, 31.840431734], [73.933001489, 31.840843433], [73.93220953, 31.841006793], [73.931210524, 31.84121204], [73.928518597, 31.841833738], [73.926056106, 31.842404552], [73.925076661, 31.842604204], [73.922812117, 31.843052063], [73.920351578, 31.8435387], [73.919734143, 31.843706659], [73.918689891, 31.843990316], [73.917431293, 31.844332871], [73.916160293, 31.844421631], [73.914474515, 31.844539357], [73.913252201, 31.844624766], [73.912022733, 31.844710676], [73.910413858, 31.844378816], [73.909609495, 31.8442129], [73.908601142, 31.844004907], [73.907226349, 31.843611597], [73.904487692, 31.842790235], [73.903455839, 31.842480912], [73.902019061, 31.842311536], [73.90097046400001, 31.842192539], [73.900545084, 31.842144491], [73.898828199, 31.841950564], [73.897023095, 31.842370359], [73.896111915, 31.84258302], [73.895466619, 31.843066193], [73.893963251, 31.844207962], [73.893336431, 31.844684016], [73.89295987, 31.844969296], [73.892258483, 31.845579515], [73.889839672, 31.847683913], [73.888846762, 31.848461983], [73.887776127, 31.849288518], [73.886009555, 31.850652323], [73.884765595, 31.851547598], [73.8838198, 31.852228151], [73.882104864, 31.852323107], [73.88133008, 31.851993384], [73.88032183, 31.851564721], [73.878055022, 31.851340038], [73.87794491400001, 31.852730558], [73.877881008, 31.853547421], [73.878145394, 31.854059366], [73.878539141, 31.854821963], [73.878818009, 31.855362205], [73.879349391, 31.856390979], [73.879935579, 31.858528832], [73.880873146, 31.861948184], [73.88098955000001, 31.862372716], [73.882174257, 31.867357892], [73.882370006, 31.868181589], [73.882439854, 31.869046602], [73.882671971, 31.871921562], [73.88272042, 31.872521202], [73.882678224, 31.872972138], [73.882517424, 31.874690467], [73.882257246, 31.875483083], [73.881991926, 31.876289218], [73.881157117, 31.877307508], [73.880500405, 31.87810856], [73.876551625, 31.882877123], [73.876268185, 31.883219406], [73.875830436, 31.883700856], [73.875478957, 31.884094155], [73.873677975, 31.886255079], [73.873129528, 31.886738872], [73.871478998, 31.888741386], [73.870810816, 31.88955207], [73.870325171, 31.890141262], [73.869979944, 31.890560097], [73.869043118, 31.891406416], [73.868264398, 31.892109903], [73.867080355, 31.893179493], [73.865639602, 31.89414325], [73.862757424, 31.896071213], [73.860520292, 31.897870386], [73.85990963, 31.89836149], [73.858632486, 31.899388701], [73.857560116, 31.900105256], [73.85430286200001, 31.902281988], [73.853108651, 31.90332852], [73.852707075, 31.903761445], [73.851587703, 31.904799281], [73.850928011, 31.905816122], [73.849927012, 31.907359049], [73.84862935000001, 31.910376516], [73.848334401, 31.911735039], [73.848232103, 31.912271989], [73.848809273, 31.91253905], [73.849627556, 31.912828292], [73.85025051800001, 31.912953513], [73.851548924, 31.913213005], [73.852991528, 31.913721796], [73.856477859, 31.915092207], [73.85744088700001, 31.915646418], [73.858129501, 31.916042813], [73.860457614, 31.917388445], [73.862592247, 31.918859768], [73.863791221, 31.920230452], [73.864010197, 31.920826473], [73.864167423, 31.921254421], [73.864349693, 31.921750533], [73.865320119, 31.922502064], [73.86692905800001, 31.923748081], [73.868040597, 31.92448408], [73.86841575000001, 31.924732486], [73.868779488, 31.924973236], [73.870616561, 31.926189734], [73.871842939, 31.926809897], [73.87252486700001, 31.927154741], [73.872931226, 31.927360231], [73.873917179, 31.928133368], [73.874893462, 31.928898286], [73.875877542, 31.929670351], [73.876698632, 31.930712649], [73.877511825, 31.93175004], [73.877879746, 31.932476336], [73.878463635, 31.93363651], [73.878726967, 31.934207814], [73.87926616700001, 31.935675727], [73.879778015, 31.937069491], [73.879944095, 31.939023515], [73.880107161, 31.940920164], [73.88058829, 31.944015721], [73.881668058, 31.945133208], [73.88260033600001, 31.946099325], [73.883529527, 31.947690463], [73.882681804, 31.949357137], [73.881109122, 31.949451377], [73.880484288, 31.949212824], [73.880022642, 31.94897105], [73.879527561, 31.948717732], [73.879080871, 31.948489202], [73.878006619, 31.947697715], [73.87696506600001, 31.94693032], [73.876618461, 31.946674949], [73.876082753, 31.946284417], [73.875487364, 31.945995911], [73.875010699, 31.945764932], [73.874335011, 31.945437513], [73.873832674, 31.945360657], [73.87300444, 31.945233939], [73.87229189700001, 31.94512579], [73.871363979, 31.945331735], [73.87065063, 31.945498714], [73.870231225, 31.945791038], [73.869073274, 31.946598077], [73.868472698, 31.946991256], [73.866436773, 31.948313854], [73.865763278, 31.948782221], [73.864860979, 31.949418476], [73.863951266, 31.950059964], [73.863044068, 31.950542212], [73.86099776200001, 31.951630012], [73.85985058300001, 31.952381538], [73.858481188, 31.953278817], [73.856919359, 31.953710568], [73.85645868200001, 31.953837874], [73.853112967, 31.954552443], [73.851904788, 31.954809628], [73.850716794, 31.954925053], [73.849854524, 31.954990837], [73.848503592, 31.955093899], [73.845404236, 31.95533035], [73.84319105, 31.955499194], [73.842261143, 31.955570137], [73.839725449, 31.95565663], [73.838778984, 31.955688909], [73.838314471, 31.955704752], [73.837198186, 31.955742867], [73.836087545, 31.956035624], [73.835572035, 31.95617149], [73.83342514, 31.956737202], [73.832856759, 31.956945992], [73.832274997, 31.957175517], [73.831591969, 31.957444995], [73.83078884400001, 31.957761858], [73.82946742700001, 31.959022087], [73.828925512, 31.959538909], [73.828335001, 31.960286098], [73.827408535, 31.961515163], [73.82683775800001, 31.962272363], [73.82640017700001, 31.963079218], [73.825227925, 31.965241215], [73.82450621000001, 31.966318678], [73.823760566, 31.967432052], [73.823254496, 31.968339952], [73.822968773, 31.968852539], [73.822511831, 31.969521358], [73.821199777, 31.971441985], [73.820089181, 31.972998198], [73.819196724, 31.973690873], [73.818139074, 31.974512022], [73.817545889, 31.975068623], [73.816977731, 31.975601913], [73.815797957, 31.976708751], [73.813760668, 31.977628387], [73.812780605, 31.978070789], [73.812049938, 31.978400614], [73.81044004, 31.979421785], [73.809966011, 31.980272272], [73.80964871, 31.980841558], [73.807872691, 31.982404005], [73.80645238000001, 31.983671132], [73.805609641, 31.984445386], [73.804398057, 31.987216936], [73.803791728, 31.988732223], [73.803528927, 31.989391637], [73.80354432300001, 31.990650537], [73.803559123, 31.99186063], [73.804274417, 31.993505493], [73.805072295, 31.994466573], [73.806047781, 31.995528656], [73.807993957, 31.997379333], [73.80834993900001, 31.997680751], [73.809627578, 31.99874356], [73.810426652, 31.999408273], [73.811235601, 32.000019195], [73.811885359, 32.000497534], [73.81242886000001, 32.000897625], [73.813003761, 32.001321069], [73.813723405, 32.001859339], [73.81520878900001, 32.003039125], [73.816269467, 32.003881707], [73.817880359, 32.005652728], [73.818811174, 32.0074897], [73.819067773, 32.008038116], [73.820287264, 32.010670216], [73.820967414, 32.012096225], [73.82255975400001, 32.014250744], [73.823326783, 32.015288384], [73.82414124200001, 32.017120203], [73.824317107, 32.018007572], [73.82469981700001, 32.019938618], [73.824912812, 32.021610713], [73.825019897, 32.02245138], [73.82482489, 32.024078039], [73.82469977400001, 32.025121331], [73.82450236000001, 32.025823252], [73.82399664200001, 32.02762137], [73.823760566, 32.028460752], [73.823401609, 32.029250092], [73.823221749, 32.029645601], [73.822861726, 32.030437285], [73.822501013, 32.031230487], [73.822297762, 32.031610621], [73.82188622400001, 32.032369596], [73.82147651800001, 32.033130403], [73.820662995, 32.034642852], [73.819346955, 32.036786605], [73.819075851, 32.037246479], [73.818289524, 32.038873505], [73.818504542, 32.040465035], [73.81928026, 32.041699665], [73.820008031, 32.04235771], [73.821014192, 32.0432739], [73.82251534800001, 32.044569099], [73.823128742, 32.045097938], [73.823646842, 32.045425349], [73.824394528, 32.045897645], [73.82505012300001, 32.046312139], [73.82544780900001, 32.046714427], [73.825842664, 32.04711385], [73.826238179, 32.047513942], [73.826765869, 32.048047737], [73.82712570400001, 32.04850356], [73.827392485, 32.048885985], [73.82825350600001, 32.050127818], [73.828765992, 32.052014595], [73.828912312, 32.052549114], [73.829023706, 32.052967491], [73.828996758, 32.054830455], [73.827434355, 32.055630372], [73.825116933, 32.056736366], [73.823998697, 32.057270046], [73.821519393, 32.058334248], [73.820004541, 32.058984403], [73.81772802, 32.059961636], [73.816973134, 32.060353107], [73.81546804700001, 32.061133623], [73.814594922, 32.061585023], [73.81396323300001, 32.061913998], [73.813213595, 32.062302747], [73.812097447, 32.063000687], [73.811345731, 32.063470744], [73.809481423, 32.06463652], [73.808687903, 32.065087262], [73.805948188, 32.066639493], [73.805258388, 32.06702952], [73.804440662, 32.06749188], [73.80330823700001, 32.068132181], [73.801280488, 32.068375757], [73.800170459, 32.068509094], [73.799201699, 32.068846856], [73.797247295, 32.069528255], [73.795834285, 32.070100195], [73.794779832, 32.071265086], [73.793869522, 32.072618311], [73.793772521, 32.074463422], [73.79503273600001, 32.075996995], [73.796566388, 32.077211485], [73.796913175, 32.077556796], [73.798439524, 32.079100806], [73.798909612, 32.079783814], [73.799377669, 32.080504534], [73.800261235, 32.081747597], [73.800994601, 32.084381502], [73.801170151, 32.085011998], [73.801190206, 32.085445856], [73.801210391, 32.085882758], [73.801349559, 32.088897732], [73.801353982, 32.089530459], [73.801188245, 32.091717316], [73.801070593, 32.093269698], [73.800358508, 32.094804603], [73.798898409, 32.097951856], [73.79860297, 32.098601455], [73.797638978, 32.100719748], [73.797008563, 32.102116159], [73.79636295600001, 32.103551009], [73.796280972, 32.106123823], [73.79653385600001, 32.108319936], [73.796608996, 32.108972251], [73.796887822, 32.109840429], [73.79761014200001, 32.112103543], [73.79886814800001, 32.119469302], [73.799105542, 32.12067868], [73.799421617, 32.122288904], [73.800310029, 32.124040258], [73.800709644, 32.124827546], [73.801508034, 32.126401924], [73.802740555, 32.128559084], [73.803559123, 32.129991741], [73.804057138, 32.132411002], [73.80398704800001, 32.133596762], [73.803849009, 32.135932114], [73.80464773300001, 32.137947191], [73.80514948941936, 32.13910783729199], [73.80683850000008, 32.139014], [73.80688264400004, 32.13813599800005], [73.80695609200006, 32.13813599800005], [73.80695535900003, 32.13815064500005], [73.81187263200007, 32.13815064700003], [73.81191971500004, 32.13815064700003], [73.81842191100003, 32.14186618800005], [73.81844021500007, 32.14187664700006], [73.82442274000005, 32.142337069000064], [73.82443784700007, 32.14233823200004], [73.828614, 32.14512250000007], [73.83329561200003, 32.14937788800006], [73.833738, 32.14978], [73.836998, 32.153506], [73.83705790000005, 32.153506], [73.84212150000008, 32.153506], [73.847245, 32.152109], [73.850505, 32.148849], [73.85433190300006, 32.148423586000035], [73.854697, 32.148383], [73.85749150000004, 32.145123], [73.861218, 32.141396], [73.86540950000006, 32.139999], [73.86543584200007, 32.140029103000074], [73.86548221500004, 32.140013647000046], [73.86815922700004, 32.14307285500007], [73.86817467900005, 32.14309051300006], [73.86874271500005, 32.143739647000075], [73.86567202200007, 32.151196707000054], [73.86548221500004, 32.151657647000036], [73.86640649000003, 32.15951423000007], [73.87150702200006, 32.15587166300003], [73.872862, 32.154904], [73.87938250000008, 32.151177], [73.884506, 32.152109], [73.88457871500003, 32.15212364700005], [73.89063371500004, 32.15910964700004], [73.89901721500007, 32.16097264700005], [73.90111868600007, 32.16202347600006], [73.90460671500006, 32.16376764700004], [73.90591969800005, 32.16442408800003], [73.91112721500008, 32.167027647000054], [73.91301025700005, 32.16932961600003], [73.91531871500007, 32.17215164700008], [73.92315771600005, 32.17537912200004], [73.92320627600003, 32.17539911500006], [73.92606704800005, 32.175542223000036], [73.93247950000006, 32.175863], [73.940863, 32.175397], [73.949247, 32.175397], [73.94959834600007, 32.17531333900007], [73.959028, 32.173068], [73.95494294284127, 32.1740407120588], [73.95452829062202, 32.17413944683733], [73.95452829062202, 32.17404220951997], [73.95453164663742, 32.173967712268], [73.95454168749603, 32.17389381852978], [73.9545583318553, 32.17382112692989], [73.95458144487668, 32.17375022635421], [73.95461083931806, 32.17368169117925], [73.9546462770505, 32.173616076619055], [73.9560271565372, 32.17131357462218], [73.95607917115402, 32.1712369145319], [73.95613941885341, 32.17116654049891], [73.95620714640195, 32.17110333235883], [73.95648111268984, 32.170874924329375], [73.95842410016861, 32.169255039106645], [73.95745260642923, 32.167635153883914], [73.9574080360239, 32.16756083643026], [73.95737259829147, 32.16749522187007], [73.95734320385009, 32.16742668669511], [73.9573200908287, 32.16735578611943], [73.95730344646944, 32.16728309451954], [73.95729340561083, 32.167209200781315], [73.95729004959543, 32.16713470352935], [73.95729004959543, 32.162529699535604], [73.95729340561083, 32.16245520228364], [73.95730344646944, 32.16238130854541], [73.9573200908287, 32.16230861694552], [73.95734320385009, 32.162237716369845], [73.95737259829147, 32.16216918119488], [73.9574080360239, 32.16210356663469], [73.95878891551061, 32.15980106463782], [73.95883255842868, 32.159735562782785], [73.95888222001945, 32.15967449786885], [73.95893745209337, 32.159618420999095], [73.95899775618798, 32.15956783826012], [73.95906258806656, 32.15952320615472], [73.95913136262959, 32.159484927481955], [73.95920345919545, 32.15945334770198], [73.95927822710178, 32.15942875181828], [73.95935499157774, 32.15941136180559], [73.9594330598337, 32.15940133460655], [73.95951172731361, 32.15939876071536], [73.95959028405346, 32.15940366336107], [73.95966802108867, 32.1594159982979], [73.9597442368524, 32.15943565420464], [73.95981824350709, 32.15946245368923], [73.96242699014897, 32.16054992084514], [73.96493754879863, 32.16054992084514], [73.97037743800672, 32.159416100344785], [73.97046151722914, 32.159403038991314], [73.97054649266778, 32.15939866984671], [73.97063146810642, 32.159403038991314], [73.97071554732884, 32.159416100344785], [73.97615543653693, 32.16054992084514], [73.97853169745416, 32.16054992084514], [73.98106297716261, 32.158439571376036], [73.98112866526651, 32.158390118388716], [73.98119893153728, 32.158347419721984], [73.9812730839635, 32.158311895890066], [73.98135039226126, 32.15828389674641], [73.98143009506633, 32.15826369803821], [73.98151140743236, 32.15825149869076], [73.9815935285614, 32.158247418848276], [73.98435528753481, 32.158247418848276], [73.9844236550812, 32.15825024440572], [73.98449155631504, 32.15825870180585], [73.99102105844021, 32.159347442121465], [73.99349089254294, 32.157288320377596], [73.99355707658813, 32.15723853149634], [73.9936279007075, 32.15719559893699], [73.9937026572088, 32.15715995169236], [73.9964644161822, 32.15600870069392], [73.99654135531503, 32.155981000302624], [73.9966206503393, 32.15596101928745], [73.99670152882445, 32.15594895228793], [73.99678320291514, 32.155944916851396], [73.99686487700583, 32.15594895228793], [73.99694575549098, 32.15596101928745], [73.99702505051525, 32.155981000302624], [73.99710198964807, 32.15600870069392], [73.99940017193312, 32.156966707774096], [74.00066925626435, 32.155908661349706], [74.00164075000373, 32.15266889090424], [74.00159617959841, 32.152594573450585], [74.00156074186597, 32.15252895889039], [74.00153134742459, 32.15246042371543], [74.0015082344032, 32.15238952313975], [74.00149159004394, 32.15231683153986], [74.00148154918533, 32.15224293780164], [74.00147819316993, 32.15216844054967], [74.00147819316993, 32.139504679566876], [74.00148218275723, 32.13942346965182], [74.00149411309721, 32.13934304183264], [74.00151386929419, 32.1392641706732], [74.00154126108518, 32.13918761574588], [74.00157602467226, 32.139114114316484], [74.00161782526308, 32.13904437424396], [74.00166626029512, 32.13897906716331], [74.00172086331253, 32.138918822017445], [74.00178110845839, 32.13886421900004], [74.00184641553903, 32.138815783968006], [74.00191615561157, 32.13877398337718], [74.00198965704097, 32.1387392197901], [74.00206621196828, 32.13871182799911], [74.00214508312771, 32.13869207180213], [74.0022255109469, 32.13868014146215], [74.00230672086195, 32.138676151874854], [74.01305368462174, 32.138676151874854], [74.01696584381689, 32.13541455140731], [74.01702899463955, 32.13536682508943], [74.01709641178432, 32.13532534308838], [74.01716747988344, 32.13529048404208], [74.01724155024405, 32.13526256613568], [74.01731794676942, 32.135241844197225], [74.01739597213007, 32.13522850737169], [74.01747491412895, 32.135222677394474], [74.01755405220212, 32.13522440748022], [74.01763266399591, 32.13523368183712], [74.02059845727919, 32.13572820326515], [74.02325018696602, 32.13617035719371], [74.02453706142943, 32.136384932835554], [74.0246112000922, 32.13640081195783], [74.02468357671493, 32.13642340205125], [74.02475358518552, 32.13645251393692], [74.0248206392237, 32.13648790381973], [74.02488417729089, 32.13652927532998], [74.02494366729269, 32.13657628200531], [74.02499861103495, 32.13662853019215], [74.02998719153587, 32.141827307798884], [74.0332384213641, 32.13911672977817], [74.0332384213641, 32.13730016610373], [74.03188040001982, 32.1316391962524], [74.03186525124053, 32.13155868519311], [74.03185812761997, 32.13147707165127], [74.03185909880591, 32.131395153564256], [74.03186815530306, 32.131313731846994], [74.03188520856584, 32.131233602561394], [74.03191009186412, 32.13115554913323], [74.03194256191337, 32.13108033469258], [74.03198230125321, 32.131008694612646], [74.03202892135123, 32.13094132932008], [74.0320819664017, 32.130878897446806], [74.03214091778206, 32.13082200939061], [74.03220519912333, 32.13077122134727], [74.03227418194544, 32.13072702987258], [74.03234719180183, 32.13068986702756], [74.03242351487357, 32.13066009615416], [74.0325024049483, 32.13063800832285], [74.03258309071603, 32.13062381948684], [74.03266478331027, 32.130617668370704], [74.03274668402071, 32.13061961511402], [74.03282799210236, 32.130629640683445], [74.03290791260429, 32.130647647058765], [74.03461913013075, 32.13112319927141], [74.03694169225308, 32.131768645884236], [74.0392903948691, 32.131768645884236], [74.0400645822432, 32.13112319927141], [74.04152369828432, 32.12990672179068], [74.04152369828432, 32.12799216958251], [74.04152768787162, 32.12791095966745], [74.0415396182116, 32.127830531848275], [74.04155937440858, 32.12775166068884], [74.04158676619957, 32.12767510576152], [74.04162152978665, 32.12760160433212], [74.04166333037747, 32.127531864259595], [74.04171176540952, 32.12746655717895], [74.04176636842692, 32.12740631203308], [74.04182661357278, 32.12735170901568], [74.04189192065343, 32.12730327398364], [74.04196166072596, 32.127261473392814], [74.04203516215536, 32.12722670980573], [74.04211171708268, 32.127199318014746], [74.04219058824211, 32.12717956181777], [74.04227101606129, 32.12716763147779], [74.04235222597634, 32.12716364189049], [74.04464477190801, 32.12716364189049], [74.04578432317291, 32.12526353468473], [74.04583193162424, 32.125192698549455], [74.04588657476023, 32.12512713598097], [74.04594767273748, 32.12506754269381], [74.04601457721728, 32.12501455105974], [74.04608657824544, 32.12496872339732], [74.04616291178596, 32.12493054600495], [74.04624276782859, 32.12490042400046], [74.04632529898414, 32.124878677022295], [74.04640962947664, 32.124865535837635], [74.04649486443645, 32.12486113989362], [74.04864009368963, 32.12486113989362], [74.04984388781196, 32.12084668621073], [74.0498707970497, 32.12077062493053], [74.04990497667184, 32.120697541561334], [74.04994610256584, 32.12062812912538], [74.04999378475023, 32.12056304583479], [74.05004757107272, 32.12050290885004], [74.05010695149777, 32.12044828842763], [74.05424958995788, 32.116994535432326], [74.05431527806178, 32.11694508244501], [74.05438554433255, 32.116902383778275], [74.05445969675877, 32.116866859946356], [74.05453700505653, 32.1168388608027], [74.0546167078616, 32.1168186620945], [74.05469802022763, 32.11680646274705], [74.05478014135667, 32.11680238290457], [74.0642315201835, 32.11680238290457], [74.06818642919689, 32.114604222000956], [74.06825868074037, 32.11456854713064], [74.06833405606194, 32.114540059540225], [74.0684118422112, 32.11451902868448], [74.06849130343451, 32.11450565348734], [74.0685716881343, 32.11450006046042], [74.06865223597809, 32.11450230250632], [74.0687321850903, 32.114512358418246], [74.06881077925857, 32.11453013308065], [74.07295341771868, 32.11568138407909], [74.07304593998391, 32.11571308762205], [74.07313408171062, 32.115755472999396], [74.07708899072401, 32.117953633903], [74.08033756141838, 32.117953633903], [74.08158527878722, 32.11171223826863], [74.08160910506437, 32.111620633701804], [74.08164322384113, 32.11153234442035], [74.08168718982719, 32.11144852270349], [74.0830680693139, 32.10914602070662], [74.0831171117171, 32.10907327747639], [74.08317357100572, 32.10900612776616], [74.08323681414453, 32.108945324474725], [74.08330613203614, 32.10889154934332], [74.08338074747158, 32.10884540531173], [74.0834598238445, 32.10880740975803], [74.08622158281791, 32.107656158759596], [74.08629879539374, 32.10762837496727], [74.08637837765956, 32.10760836537081], [74.08645954896356, 32.10759632625174], [74.0865415130665, 32.107592375706204], [74.08662346595229, 32.10759655248657], [74.08670460371482, 32.10760881562125], [74.08678413044389, 32.10762904481664], [74.08686126603247, 32.107657041637104], [74.08693525382914, 32.107692531451505], [74.0870053680603, 32.10773516612717], [74.08707092094964, 32.107784527444835], [74.09092163453906, 32.11099490018713], [74.09745113666423, 32.109906159871514], [74.09752974845803, 32.109896885514615], [74.0976088865312, 32.109895155428866], [74.09768782853007, 32.109900985406085], [74.09776585389073, 32.10991432223162], [74.0978422504161, 32.109935044170065], [74.09791632077672, 32.10996296207647], [74.09798738887584, 32.10999782112277], [74.09805480602061, 32.11003930312382], [74.09811795684327, 32.1100870294417], [74.10226059530338, 32.11354078243701], [74.10232095213111, 32.11359639465112], [74.10237551084872, 32.113657705427855], [74.10242373611513, 32.11372411317357], [74.10246515473433, 32.113794966282136], [74.10249936029854, 32.11386956952864], [74.10380243880549, 32.11712873250399], [74.10626629845368, 32.119182873294186], [74.11018400191885, 32.12027161421843], [74.1137127608534, 32.120761940285476], [74.11437718926932, 32.12085426355778], [74.11835788509808, 32.12140738689831], [74.11942541349399, 32.12140738689831], [74.12064023707369, 32.120732181049426], [74.12041527166055, 32.120450847675684], [74.12036840135374, 32.12038605382917], [74.12032799595958, 32.120317043160945], [74.12029443189614, 32.12024445857683], [74.12026802184744, 32.12016897627736], [74.12024901185039, 32.12009129945831], [74.12023757900282, 32.12001215175965], [74.12023382981354, 32.119932270524146], [74.12023779921012, 32.1198523999282], [74.1202494502135, 32.1197732840491], [74.12026867428258, 32.119695659933164], [74.12029529232521, 32.1196202507294], [74.12032905636677, 32.1195477589526], [74.12036965186026, 32.119478859938724], [74.12041670061664, 32.119414195553404], [74.12046976432804, 32.119354368212335], [74.12052834865104, 32.11929993526914], [74.12059190781203, 32.11925140382304], [74.12065984969162, 32.1192092259947], [74.12368421091655, 32.11752826883982], [74.12425255824265, 32.117212378166315], [74.12404205923298, 32.11633490407324], [74.12301844614223, 32.11206792927897], [74.1230030860244, 32.1119858690102], [74.1229960620737, 32.11190267955745], [74.12299744560649, 32.11181920556888], [74.12300722257531, 32.1117362945816], [74.1230252937116, 32.1116547884164], [74.12305147553356, 32.1115755146305], [74.12308550220905, 32.11149927811506], [74.12312702825477, 32.11142685292291], [74.123175632044, 32.11135897440934], [74.12323082008747, 32.11129633176581], [74.12329203204398, 32.11123956102236], [74.12335864640968, 32.11118923858986], [74.12342998682841, 32.11114587540745], [74.1235053289589, 32.1111099117549], [74.1262670879323, 32.10995866075646], [74.12634402706513, 32.10993096036517], [74.1264233220894, 32.10991097935], [74.12650420057454, 32.109898912350474], [74.12658587466524, 32.10989487691394], [74.1303301901555, 32.10989487691394], [74.13257187665602, 32.10709150719911], [74.13131577752745, 32.10290262499807], [74.13129644278828, 32.102824556092216], [74.13128476858327, 32.10274498034756], [74.13128086492003, 32.10266464761691], [74.13128086492003, 32.09944029494029], [74.1300901591757, 32.09745489188345], [74.1262858025314, 32.09428316732144], [74.12389271719238, 32.09428316732144], [74.11705598703855, 32.09542313536231], [74.11697400749433, 32.09543263775686], [74.11689148929995, 32.09543393728256], [74.11680925118931, 32.09542702104571], [74.1167281091174, 32.095411957668226], [74.11664886816448, 32.09538889660684], [74.11657231454812, 32.09535806667015], [74.11649920782257, 32.09531977374846], [74.11643027334247, 32.09527439777876], [74.11636619506605, 32.09522238897504], [74.11630760876896, 32.09516426336135], [74.11625509573624, 32.09510059765185], [74.11620917699477, 32.09503202352877], [74.11482829750807, 32.09272952153189], [74.11479183901524, 32.09266178715278], [74.11210806237338, 32.08706806849691], [74.10833436920426, 32.08392190833551], [74.10449180287799, 32.08392190833551], [74.10440968174895, 32.08391782849303], [74.10432836938291, 32.083905629145576], [74.10424866657785, 32.08388543043738], [74.10417135828008, 32.08385743129372], [74.10409720585386, 32.083821907461804], [74.1040269395831, 32.08377920879507], [74.10396125147919, 32.08372975580775], [74.1025124999837, 32.08252191933707], [74.09987850317653, 32.080325933747204], [74.09943259079976, 32.08007809311428], [74.09580401893096, 32.078061312250064], [74.09573056824762, 32.07801530143575], [74.0956623260295, 32.07796186925833], [74.09560003905978, 32.077901600432874], [74.09554438895265, 32.077835154488724], [74.09549598469422, 32.077763258552224], [74.09411510520752, 32.07546075655535], [74.09407966747509, 32.07539514199516], [74.0940502730337, 32.0753266068202], [74.09402716001232, 32.07525570624452], [74.09401051565305, 32.07518301464463], [74.09400047479444, 32.075109120906404], [74.09399711877904, 32.07503462365444], [74.09399711877904, 32.063522113670075], [74.09400102244228, 32.06344178093943], [74.0940126966473, 32.06336220519477], [74.09403203138646, 32.063284136288914], [74.09565417416309, 32.057874559249996], [74.09565417416309, 32.0577658586779], [74.09565028422584, 32.05768566697108], [74.09563865094061, 32.05760622826435], [74.09561938354396, 32.05752828848709], [74.0955926629567, 32.05745257949377], [74.09555874008514, 32.05737981219178], [74.09551793346503, 32.05731066986605], [74.0954706262705, 32.05724580176296], [74.09542096542633, 32.05718997912712], [74.09536744290398, 32.05724143681226], [74.09529812501236, 32.05729521194367], [74.09522350957693, 32.057341355975254], [74.095144433204, 32.05737935152896], [74.08962091525719, 32.05968185352583], [74.08952397155912, 32.05971538519539], [74.08538133309901, 32.06086663619382], [74.0812386946389, 32.06201788719226], [74.08115709036426, 32.06203618452763], [74.08107405725241, 32.062046162125526], [74.08099044129487, 32.06204771832818], [74.08090709442152, 32.062040837280044], [74.08082486582063, 32.0620255890894], [74.07879611196253, 32.06154233497962], [74.07115870941371, 32.05972308709253], [74.07108530092046, 32.05970198164956], [74.0710141480282, 32.05967420553522], [74.07094585546939, 32.05963999482026], [74.07088100366639, 32.05959964026349], [74.07082014379831, 32.05955348484059], [74.07043412655361, 32.05923165897334], [74.0685889362237, 32.05769330806722], [74.0663577286491, 32.05955348484059], [74.06628743907524, 32.05960603433763], [74.06621198535464, 32.05965085408638], [74.06613221407953, 32.059687441208375], [74.06604902028516, 32.05971538519539], [74.06222499759556, 32.06077809196592], [74.05963332108033, 32.06509949756942], [74.05959288993003, 32.06516061262651], [74.05954721693186, 32.06521791625079], [74.05949665935682, 32.06527096019223], [74.05944161268488, 32.06531932952161], [74.05938250751133, 32.06536264587623], [74.05251493519287, 32.06994308874012], [74.05089408800747, 32.07129440285441], [74.05008515110188, 32.071968820447836], [74.05008515110188, 32.07399207322809], [74.05008515110188, 32.07503462365444], [74.05008179508648, 32.075109120906404], [74.05007175422787, 32.07518301464463], [74.05005510986861, 32.07525570624452], [74.05003199684722, 32.0753266068202], [74.05000260240584, 32.07539514199516], [74.0499671646734, 32.07546075655535], [74.04907929787656, 32.07694120078846], [74.0537180486029, 32.07887488379868], [74.05379712497583, 32.07891287935239], [74.05387174041127, 32.07895902338397], [74.05394105830288, 32.07901279851538], [74.0540043014417, 32.07907360180681], [74.05406076073031, 32.079140751517045], [74.05410980313351, 32.07921349474727], [74.05549068262022, 32.081515996744145], [74.05552612035265, 32.08158161130434], [74.05555551479404, 32.0816501464793], [74.05557862781542, 32.08172104705498], [74.05559527217468, 32.081793738654866], [74.0556053130333, 32.08186763239309], [74.0556086690487, 32.08194212964506], [74.0556086690487, 32.08395410196571], [74.05818898538796, 32.087180949555005], [74.05823623142271, 32.087246319962375], [74.05827689736849, 32.08731597453016], [74.05831059783918, 32.08738925315074], [74.05833701345968, 32.08746546137178], [74.05835589389241, 32.087543876977485], [74.0583670602099, 32.087623756832976], [74.05837040659036, 32.08770434392684], [74.05836590132053, 32.08778487454526], [74.0583535870963, 32.08786458550963], [74.05833358061805, 32.08794272140911], [74.05830607148465, 32.08801854175954], [74.05827132039674, 32.08809132802094], [74.05822965668604, 32.088160390407], [74.05818147519429, 32.08822507442213], [74.0581272325315, 32.088284767063996], [74.05806744274861, 32.0883389026329], [74.0580026724659, 32.08838696809281], [74.05793353550325, 32.088428507933386], [74.05786068706301, 32.08846312848674], [74.0550989280896, 32.08961437948518], [74.05502198895678, 32.08964207987647], [74.05494269393252, 32.08966206089164], [74.05486181544737, 32.089674127891165], [74.05478014135667, 32.0896781633277], [74.05201838238327, 32.0896781633277], [74.05193626125423, 32.089674083485214], [74.05185494888819, 32.08966188413776], [74.05177524608312, 32.08964168542956], [74.05169793778536, 32.08961368628591], [74.05162378535914, 32.08957816245399], [74.05155351908837, 32.08953546378726], [74.05148783098447, 32.08948601079994], [74.04895655127602, 32.087375661330825], [74.04373310546305, 32.087375661330825], [74.04365098433401, 32.08737158148834], [74.04356967196797, 32.08735938214089], [74.0434899691629, 32.08733918343269], [74.04341266086514, 32.087311184289035], [74.04333850843892, 32.08727566045712], [74.04326824216815, 32.087232961790384], [74.04320255406425, 32.087183508803065], [74.03767903611744, 32.08257850480932], [74.03761971509519, 32.08252394461851], [74.03756597590224, 32.08246387884418], [74.03751832706045, 32.08239887587518], [74.03747721946004, 32.08232955081989], [74.0374430420929, 32.082256559685646], [74.03741611837177, 32.08218059317103], [74.03739670306969, 32.082102370129995], [74.0373849799093, 32.082022630769494], [74.03738105982421, 32.08194212964506], [74.03738105982421, 32.08031327277033], [74.03276811052959, 32.07935180898361], [74.03035868046229, 32.08035619017595], [74.02499561729107, 32.08482742165559], [74.02228611873367, 32.088215819719466], [74.0222316196457, 32.088277435588985], [74.02217127922363, 32.08833334354398], [74.02210569226483, 32.08838299247953], [74.02203550528364, 32.088425892988134], [74.0219614101385, 32.088461622183964], [74.02188413721206, 32.088489827871435], [74.02180444821147, 32.08851023201688], [74.02172312866, 32.08852263348927], [74.02164098015389, 32.0885269100428], [74.02155881246064, 32.08852301952195], [74.0214774355369, 32.088511000276974], [74.02139765154442, 32.08849097078593], [74.02132024694286, 32.08846312848674], [74.01579672899605, 32.08616062648987], [74.01571765262312, 32.08612263093617], [74.01564303718769, 32.08607648690458], [74.01557371929607, 32.086022711773175], [74.01551047615726, 32.08596190848174], [74.01545401686865, 32.08589475877151], [74.01540497446544, 32.08582201554128], [74.01426542320054, 32.08392190833551], [74.01244209031061, 32.08392190833551], [74.01130253904572, 32.08582201554128], [74.01125493059439, 32.085892851676554], [74.0112002874584, 32.08595841424504], [74.01113918948114, 32.086018007532196], [74.01107228500135, 32.08607099916627], [74.01100028397319, 32.086116826828686], [74.01092395043267, 32.08615500422106], [74.01084409439004, 32.08618512622555], [74.01076156323448, 32.086206873203714], [74.01067723274198, 32.086220014388374], [74.01059199778217, 32.08622441033239], [74.00804501638885, 32.08622441033239], [74.00421103516801, 32.088355358881714], [74.0001609257073, 32.09285750658812], [74.00010491067916, 32.09291405669821], [74.00004372765834, 32.092964970707015], [73.99997794132756, 32.09300977870866], [73.99990815885532, 32.09304806715207], [73.99983502429215, 32.0930794826578], [73.99975921262636, 32.0931037352795], [73.9996814235543, 32.09312060117997], [73.99960237502265, 32.09312992469703], [73.99952279660205, 32.09313161978019], [73.99944342275381, 32.09312567078484], [73.9993649860511, 32.09311213261667], [73.99928821041782, 32.093091130224856], [73.99921380444715, 32.09306285744894], [73.99914245486174, 32.09302757522973], [73.99499981640163, 32.09072507323287], [73.99492937073605, 32.090681161495624], [73.99486367268373, 32.09063042099511], [73.99480338173763, 32.090573361076736], [73.99474910311278, 32.09051055452172], [73.99470138167112, 32.09044263179742], [73.99466069645203, 32.09037027472855], [73.99462745586354, 32.09029420965283], [73.99460199358269, 32.09021520012984], [73.99458456520601, 32.09013403927625], [73.99457534568377, 32.09005154180431], [73.99457442756373, 32.08996853584353], [73.99458182006222, 32.0898858546278], [73.99459744897155, 32.089804328131116], [73.99462115740496, 32.089724774736126], [73.99465270737146, 32.08964799301902], [73.99469178216489, 32.0895747537332], [73.99557964896175, 32.088094309500086], [73.9937026572088, 32.087311877488304], [73.9936279007075, 32.087276230243674], [73.99355707658813, 32.08723329768432], [73.99349089254294, 32.087183508803065], [73.99072913356953, 32.08488100680619], [73.99066981254728, 32.08482644661538], [73.99061607335433, 32.08476638084105], [73.99056842451255, 32.08470137787205], [73.99052731691214, 32.084632052816765], [73.990493139545, 32.08455906168252], [73.99046621582386, 32.084483095167904], [73.99044680052178, 32.08440487212687], [73.9904350773614, 32.08432513276637], [73.9904311572763, 32.08424463164193], [73.9904311572763, 32.08355473092387], [73.9904311572763, 32.08105802004729], [73.98729371291168, 32.07669849653093], [73.98644456452561, 32.07551859278518], [73.98639077299977, 32.07543335279479], [73.98634773011426, 32.07534221172708], [73.98496685062756, 32.07188845873178], [73.98494085004235, 32.07181309692616], [73.98492221273663, 32.07173558510116], [73.9849111112601, 32.071656640884164], [73.98490764839349, 32.071576995164044], [73.98491185619704, 32.071497385324406], [73.98492369571369, 32.07141854841665], [73.98494305732966, 32.07134121433616], [73.98496976178942, 32.071266099064694], [73.98500356185518, 32.07119389804162], [73.98504414459595, 32.07112527972534], [73.98509113428473, 32.07106087940448], [73.9851440958771, 32.071001293316236], [73.98520253903901, 32.07094707312622], [73.98526592268638, 32.07089872082096], [73.9853336599947, 32.07085668406038], [73.9894762984548, 32.0685541820635], [73.98954765548437, 32.068518896598405], [73.98962206945347, 32.06849062203529], [73.98969885342565, 32.068469619384665], [73.98977729858628, 32.068456082527966], [73.98985668078585, 32.06845013642774], [73.98993626722475, 32.06845183597414], [73.99001532321802, 32.068461165478155], [73.99009311897734, 32.0684780388165], [73.99016893634801, 32.068502300226605], [73.99024207543839, 32.0685337257445], [73.99031186108078, 32.06857202527233], [73.99037764906414, 32.068616845256294], [73.99043883208093, 32.0686677719504], [73.99049484533337, 32.068724335235906], [73.99054517174724, 32.06878601296108], [73.99058934674517, 32.06885223576134], [73.99147246961822, 32.070324769895024], [73.99349089254294, 32.06864199349799], [73.99355644543228, 32.06859263218033], [73.99362655966344, 32.06854999750466], [73.99370054746011, 32.06851450769026], [73.99377768304869, 32.068486510869796], [73.99385720977776, 32.068466281674404], [73.9939383475403, 32.068454018539725], [73.99402030042607, 32.06844984175936], [73.99410226452902, 32.068453792304894], [73.99418343583302, 32.068465831423964], [73.99426301809883, 32.068485841020426], [73.99434023067467, 32.06851362481275], [73.99644098736202, 32.06938933419112], [73.9974535411383, 32.06770098476291], [73.9975025835415, 32.06762824153268], [73.99755904283012, 32.06756109182245], [73.99762228596893, 32.067500288531015], [73.99769160386055, 32.06744651339961], [73.99776621929598, 32.06740036936802], [73.99784529566891, 32.06736237381432], [74.00049147150898, 32.066259304137624], [74.00222077497959, 32.06481756909389], [74.00285907265663, 32.064285414879805], [74.00285907265663, 32.06322110645165], [74.00285907265663, 32.06255933485624], [74.00017884161888, 32.056973006201254], [74.00014714465743, 32.056897608665516], [74.00012303604016, 32.05681945330527], [74.00010675070385, 32.05673930173897], [74.00009844734792, 32.05665793503792], [74.000098206888, 32.05657614611483], [74.00010603166733, 32.05649473199696], [74.00012184543402, 32.0564144860591], [74.00014549408402, 32.05633619029221], [74.00017674716293, 32.05626060768297], [74.0002153001117, 32.056188474778544], [74.00123136425641, 32.05449427210216], [73.997864010268, 32.05168688037929], [73.99540232342844, 32.05168688037929], [73.99532111351338, 32.051682890791994], [73.9952406856942, 32.051670960452014], [73.99516181453477, 32.05165120425504], [73.99508525960745, 32.05162381246405], [73.99501175817805, 32.05158904887697], [73.99494201810552, 32.05154724828614], [73.99487671102487, 32.051498813254106], [73.99481646587901, 32.0514442102367], [73.99476186286161, 32.051383965090835], [73.99471342782957, 32.05131865801019], [73.99467162723874, 32.05124891793766], [73.99463686365166, 32.051175416508265], [73.99460947186067, 32.05109886158095], [73.9945897156637, 32.05101999042151], [73.99457778532371, 32.05093956260233], [73.99457379573641, 32.05085835268727], [73.99457379573641, 32.04894380047911], [73.99211001305623, 32.04688972385779], [73.9920422855077, 32.04682651571771], [73.9919820378083, 32.04675614168472], [73.99193002319149, 32.04667948159444], [73.99054914370478, 32.04437697959757], [73.99051370597235, 32.04431136503738], [73.99048431153096, 32.04424282986242], [73.99046119850958, 32.04417192928674], [73.99044455415032, 32.04409923768685], [73.9904345132917, 32.044025343948626], [73.9904311572763, 32.04395084669666], [73.9904311572763, 32.04203629448848], [73.98796737459612, 32.03998221786718], [73.98790805357388, 32.039927657676365], [73.98785431438093, 32.03986759190204], [73.98780666553914, 32.039802588933036], [73.98776555793873, 32.03973326387775], [73.98773138057159, 32.039660272743504], [73.98770445685045, 32.03958430622889], [73.98768504154837, 32.03950608318785], [73.98767331838799, 32.03942634382735], [73.9876693983029, 32.039345842702915], [73.9876693983029, 32.0358920897076], [73.98767314112638, 32.03581342550305], [73.98768433578088, 32.03573547202002], [73.98770288112405, 32.035658933558764], [73.98772860960096, 32.035584501634965], [73.98910948908767, 32.032130748639645], [73.99049036857437, 32.02867699564434], [73.99052457413858, 32.028602392397836], [73.99056599275778, 32.028531539289276], [73.99061421802419, 32.028465131543555], [73.9906687767418, 32.028403820766826], [73.99072913356953, 32.02834820855272], [73.99332992852753, 32.02617990362752], [73.99463300703448, 32.02292074065216], [73.99466721259869, 32.02284613740566], [73.99470863121789, 32.02277528429709], [73.9947568564843, 32.02270887655138], [73.99481141520191, 32.02264756577464], [73.99487177202964, 32.022591953560536], [74.00009731368323, 32.01823537494235], [74.00009731368323, 32.01632082273419], [74.00010128804551, 32.01623976755007], [74.00011317300316, 32.01615948999275], [74.00013285453433, 32.016080760228625], [74.00016014381845, 32.0160043335749], [74.00019477904772, 32.01593094325318], [74.00023642793886, 32.015861293355165], [74.00028469092099, 32.01579605208767], [74.00033910496893, 32.015735845362016], [74.0003991480455, 32.01568125078918], [74.00046424410974, 32.01563279213826], [74.00053376864338, 32.01559093431164], [74.00060705464232, 32.015556078884686], [74.00601498945579, 32.01330175820954], [74.009682942804, 32.010243754238154], [74.00839866599195, 32.003819479087156], [74.00838666606244, 32.00373913886078], [74.0083825911457, 32.00365800967161], [74.00838648041174, 32.0035768713706], [74.00839829647514, 32.00349650389628], [74.00841792575446, 32.00341767977767], [74.00844517956409, 32.003341156708316], [74.00847979592793, 32.00326767026306], [74.00852144209759, 32.003197926827276], [74.00856971775103, 32.003132596806864], [74.0086241588405, 32.0030723081839], [74.00868424205333, 32.003017640480294], [74.00874938984212, 32.00296911918705], [74.00881897597647, 32.00292721071309], [74.00889233156254, 32.00289231790188], [74.01165409053594, 32.00174106690345], [74.01173208777148, 32.00171304435962], [74.0118124943929, 32.001692954388304], [74.01189450583612, 32.00168099801361], [74.01197730147892, 32.00167729487331], [74.01206005285222, 32.00168188202174], [74.01214193192993, 32.001694713559004], [74.01727342269308, 32.00276425545629], [74.02202722648866, 31.998800968711343], [74.02086971728184, 31.99590589283497], [74.02084341543237, 31.995829496775965], [74.02082467982922, 31.995750902105076], [74.02081368864603, 31.99567085624941], [74.02081054640779, 31.99559012043669], [74.02081528299685, 31.99550946245605], [74.02082785336877, 31.995429649356453], [74.0208481379806, 31.995351440152138], [74.02087594392782, 31.995275578604456], [74.02091100677876, 31.995202786148802], [74.0209529930894, 31.995133755033812], [74.0210015035743, 31.99506914173818], [74.0210560769038, 31.995009560727592], [74.02111619409128, 31.994955578611226], [74.02118128342855, 31.994907708753367], [74.02125072592281, 31.994866406391363], [74.02132386118322, 31.994832064306355], [74.02139999370108, 31.994805009087983], [74.02147839946412, 31.994785498028545], [74.0215583328417, 31.994773716676175], [74.0216390336758, 31.994769777070307], [74.02254579792222, 31.994769777070307], [74.02522949106128, 31.994769777070307], [74.02686247948877, 31.994769777070307], [74.03353639765733, 31.989205674605888], [74.03360208576123, 31.989156221618565], [74.033672352032, 31.989113522951836], [74.03374650445822, 31.989077999119914], [74.03382381275598, 31.989049999976256], [74.03390351556105, 31.989029801268064], [74.03398482792709, 31.989017601920605], [74.03406694905613, 31.989013522078125], [74.03600000961747, 31.989013522078125], [74.03652863589569, 31.989013522078125], [74.0367929490348, 31.988793161961087], [74.03876193931092, 31.987151597984575], [74.03876193931092, 31.97948079078422], [74.03876529532631, 31.97940629353225], [74.03877533618493, 31.97933239979403], [74.03879198054419, 31.97925970819414], [74.03881509356559, 31.979188807618456], [74.03884448800696, 31.9791202724435], [74.0388799257394, 31.979054657883303], [74.0402608052261, 31.97675215588643], [74.04031281984291, 31.976675495796158], [74.0403730675423, 31.976605121763157], [74.04044079509084, 31.976541913623088], [74.04320255406425, 31.974239411626215], [74.04326412777715, 31.9741927655122], [74.04332977817745, 31.974152056704643], [74.04339893458521, 31.974117639073434], [74.04347099584378, 31.97408981180109], [74.05001084928968, 31.97190887917613], [74.05124906598931, 31.96881194372565], [74.05127608332582, 31.968751496140033], [74.05130784111972, 31.968693398897376], [74.05268872060643, 31.966390896900503], [74.05274073522324, 31.96631423681023], [74.05280098292263, 31.96624386277723], [74.05286871047117, 31.96618065463716], [74.05839222841799, 31.961575650643415], [74.05845841246318, 31.961525861762155], [74.05852923658254, 31.961482929202802], [74.05860399308385, 31.961447281958172], [74.06136575205726, 31.960296030959736], [74.06146269575532, 31.960262499290177], [74.06555582249317, 31.959125007740035], [74.06642380127504, 31.958763187085566], [74.0699715365705, 31.957284298507513], [74.07052216750509, 31.957054765655695], [74.07052216750509, 31.95415326881862], [74.07052552352049, 31.95407877156665], [74.0705355643791, 31.954004877828428], [74.07055220873836, 31.95393218622854], [74.07057532175976, 31.953861285652856], [74.07060471620113, 31.9537927504779], [74.07064015393357, 31.953727135917703], [74.07202103342027, 31.95142463392083], [74.0720686418716, 31.951353797785558], [74.07212328500759, 31.951288235217074], [74.07218438298484, 31.95122864192992], [74.07225128746464, 31.951175650295845], [74.0723232884928, 31.951129822633426], [74.07239962203332, 31.95109164524105], [74.07247947807595, 31.951061523236564], [74.07256200923152, 31.9510397762584], [74.072646339724, 31.951026635073738], [74.07273157468381, 31.951022239129724], [74.07778587958889, 31.951022239129724], [74.07892543085379, 31.949122131923957], [74.07896873944775, 31.949057083899866], [74.07901798388757, 31.948996405527303], [74.07907272608405, 31.948940636614168], [74.07913247903883, 31.948890273292747], [74.0791967111767, 31.948845763606016], [74.08472022912352, 31.945392010610707], [74.08478746472251, 31.945354204270757], [74.08485792488865, 31.945322814621214], [74.08493099890136, 31.94529811373503], [74.08500605338425, 31.945280315709635], [74.08508243779504, 31.945269574811196], [74.08515949006414, 31.945265984137542], [74.09206388749766, 31.945265984137542], [74.0921459458121, 31.94527005772564], [74.09222719722106, 31.945282238433048], [74.09230684275359, 31.945302406482995], [74.09238409922985, 31.945330363556636], [74.09245820696233, 31.94536583474318], [74.09252843722618, 31.945408471243166], [74.09259409942484, 31.945457853798345], [74.09265454788107, 31.945513496814343], [74.09270918818598, 31.9455748531357], [74.09275748304405, 31.9456413194262], [74.09279895755662, 31.94571224210168], [74.09283320389162, 31.945786923756923], [74.09421408337832, 31.949240676752233], [74.09423981185523, 31.949315108676032], [74.0942583571984, 31.949391647137293], [74.0942695518529, 31.949469600620322], [74.09427329467638, 31.949548264824873], [74.09427329467638, 31.957607021813928], [74.09426993866099, 31.957681519065897], [74.09425989780237, 31.95775541280412], [74.09424325344311, 31.95782810440401], [74.09422014042171, 31.95789900497969], [74.09419074598034, 31.957967540154648], [74.0941553082479, 31.958033154714844], [74.09368210490659, 31.958822182033167], [74.0913935492745, 31.96263815870859], [74.09134153465769, 31.96271481879886], [74.09128128695829, 31.962785192831863], [74.09121355940975, 31.962848400971932], [74.09071876700567, 31.963260913616736], [74.09013065621627, 31.96375122659481], [74.09013065621627, 31.970270782796728], [74.0901264172221, 31.970354486315486], [74.09011374361548, 31.970437333330036], [74.0900927650803, 31.97051847610042], [74.09006369628142, 31.970597084325536], [74.09002683466807, 31.970672353639245], [74.08998255743023, 31.97074351384114], [74.08993131763894, 31.970809836777693], [74.08987363961025, 31.970870643793155], [74.08981011354004, 31.970925312673955], [74.08974138946488, 31.970973284015585], [74.08460713826946, 31.974183635754382], [74.08460713826946, 31.97602703778891], [74.08460378225406, 31.97610153504088], [74.08459374139545, 31.9761754287791], [74.08457709703619, 31.97624812037899], [74.08455398401479, 31.976319020954673], [74.08452458957342, 31.97638755612963], [74.08448915184098, 31.976453170689826], [74.08322625878276, 31.978558940104463], [74.08322625878276, 31.982473193499146], [74.08322625878276, 31.98254659399083], [74.08331429973423, 31.982619994482512], [74.08530428001956, 31.98427905800864], [74.08740665178348, 31.983402675378727], [74.09003592295308, 31.980114606700422], [74.09009119419581, 31.98005220168], [74.09015245661216, 31.979995666618397], [74.09429509507227, 31.976541913623088], [74.09435705579851, 31.97649500193833], [74.09442313944426, 31.976454102188594], [74.0983718541586, 31.9742593841116], [74.09952063672586, 31.97234388447492], [74.09952063672586, 31.970270782796728], [74.09952455681095, 31.97019028167229], [74.09953627997133, 31.970110542311787], [74.09955569527341, 31.970032319270757], [74.09958261899455, 31.969956352756142], [74.09961679636169, 31.969883361621896], [74.0996579039621, 31.969814036566607], [74.09970555280388, 31.969749033597605], [74.09975929199682, 31.96968896782328], [74.09981861301908, 31.96963440763247], [74.10341644627245, 31.966634863381845], [74.10240038212774, 31.964940660705462], [74.1023625091135, 31.96486996303813], [74.10233164919094, 31.964795934729004], [74.10230809153606, 31.96471926946784], [74.10229205689825, 31.964640685654217], [74.10228369553171, 31.96456091966571], [74.10228308578745, 31.964480718957578], [74.10229023337918, 31.96440083505866], [74.10230507132962, 31.96432201652912], [74.1023274605983, 31.964245001945947], [74.10235719138429, 31.964170512982083], [74.10239398509225, 31.964099247643894], [74.10243749694304, 31.96403187373044], [74.10248731920444, 31.963969022575785], [74.10254298501194, 31.963911283133033], [74.10260397274344, 31.963859196455463], [74.10266971090724, 31.96381325062656], [74.10273958349723, 31.96377387618636], [74.10281293576523, 31.96374144209703], [74.10288908035642, 31.963716252285487], [74.1066365212685, 31.962674827808513], [74.10786512494414, 31.95960193573816], [74.10789933050835, 31.95952733249166], [74.10794074912755, 31.959456479383093], [74.10798897439396, 31.959390071637376], [74.10804353311157, 31.959328760860647], [74.1081038899393, 31.959273148646542], [74.11086564891271, 31.95697064664967], [74.11093133701661, 31.956921193662346], [74.11100160328738, 31.956878494995618], [74.1110757557136, 31.956842971163695], [74.11115306401136, 31.956814972020037], [74.11123276681643, 31.956794773311845], [74.11131407918246, 31.956782573964386], [74.1113962003115, 31.956778494121906], [74.11830059774502, 31.956778494121906], [74.11837765001412, 31.95678208479556], [74.11845403442491, 31.956792825694], [74.1185290889078, 31.956810623719395], [74.11860216292051, 31.956835324605578], [74.11867262308665, 31.95686671425512], [74.11873985868564, 31.95690452059507], [74.12426337663246, 31.96035827359038], [74.12435466709063, 31.960424399644978], [74.12624011695813, 31.96199631527076], [74.12709962158374, 31.959846586272864], [74.12578020511563, 31.95434654249319], [74.12576308135313, 31.954250579157172], [74.12575734697322, 31.95415326881862], [74.12575734697322, 31.949548264824873], [74.12576126705831, 31.949467763700437], [74.12577299021869, 31.94938802433993], [74.12579240552077, 31.949309801298902], [74.1258193292419, 31.949233834784287], [74.12585350660905, 31.94916084365004], [74.12589461420946, 31.949091518594752], [74.12594226305124, 31.94902651562575], [74.12599600224418, 31.948966449851426], [74.12605532326644, 31.948911889660614], [74.12851910594662, 31.9468578130393], [74.12851910594662, 31.945782257424604], [74.12851910594662, 31.942870159152935], [74.12764586962108, 31.941414110017103], [74.1272562128884, 31.9407643897383], [74.12722077515596, 31.940698775178102], [74.12719138071459, 31.940630240003145], [74.1271682676932, 31.940559339427463], [74.12715162333393, 31.940486647827573], [74.12714158247532, 31.94041275408935], [74.12713822645992, 31.940338256837382], [74.12713822645992, 31.93803575484051], [74.12714214654501, 31.937955253716073], [74.1271538697054, 31.937875514355568], [74.12717328500747, 31.93779729131454], [74.12720020872861, 31.937721324799924], [74.12723438609575, 31.937648333665678], [74.12727549369616, 31.93757900861039], [74.12732314253795, 31.937514005641386], [74.12737688173088, 31.937453939867062], [74.12743620275315, 31.93739937967625], [74.13295972069996, 31.932794375682505], [74.13302540880386, 31.932744922695182], [74.13309567507463, 31.932702224028453], [74.13316982750085, 31.93266670019653], [74.13324713579861, 31.932638701052873], [74.13332683860368, 31.93261850234468], [74.13340815096971, 31.932606302997222], [74.13349027209875, 31.932602223154742], [74.1335723932278, 31.932606302997222], [74.13365370559383, 31.93261850234468], [74.1337334083989, 31.932638701052873], [74.13381071669666, 31.93266670019653], [74.13388486912288, 31.932702224028453], [74.13395513539365, 31.932744922695182], [74.13402082349755, 31.932794375682505], [74.13603924642227, 31.934477152079527], [74.13692236929532, 31.933004617945848], [74.13696997774665, 31.932933781810576], [74.13702462088264, 31.932868219242092], [74.1370857188599, 31.932808625954937], [74.13715262333969, 31.932755634320863], [74.13722462436785, 31.932709806658444], [74.13730095790837, 31.932671629266068], [74.137380813951, 31.932641507261582], [74.13746334510657, 31.93261976028342], [74.13754767559905, 31.932606619098756], [74.13763291055886, 31.932602223154742], [74.1395659711202, 31.932602223154742], [74.14009459739843, 31.932602223154742], [74.14035891053754, 31.932381863037705], [74.14251807455602, 31.930581749591173], [74.14370878030036, 31.928596346534338], [74.14370878030036, 31.926523244856146], [74.14371264961285, 31.926443265524263], [74.14372422141015, 31.926364033216366], [74.14374338760918, 31.92628628797907], [74.14376996919358, 31.926210755969443], [74.1438037178857, 31.92613814267253], [74.14384431846555, 31.926069126311987], [74.14389139171509, 31.9260043515153], [74.14394449796013, 31.925944423292865], [74.14400314117707, 31.925889901387034], [74.14406677362575, 31.925841295044012], [74.14413480096557, 31.925799058257393], [74.14795920777618, 31.92367343121968], [74.14925515638959, 31.91827121419252], [74.14927686498955, 31.91819641443337], [74.14930550149435, 31.918123983653498], [74.1493408128417, 31.918054561927583], [74.14938248698331, 31.917988762739125], [74.14943015564256, 31.91792716755908], [74.14948339756899, 31.917870320707344], [74.1495417422608, 31.917818724542588], [74.14960467412286, 31.917772835022884], [74.14967163702292, 31.917733057676372], [74.14974203920626, 31.91769974401759], [74.15250379817967, 31.916548493019153], [74.15258073731249, 31.916520792627857], [74.15266003233675, 31.91650081161269], [74.1527409108219, 31.91648874461317], [74.1528225849126, 31.916484709176633], [74.15613669568069, 31.916484709176633], [74.15613669568069, 31.914247433662045], [74.15252251277876, 31.911234258570058], [74.15006082593919, 31.911234258570058], [74.14997870481015, 31.91123017872758], [74.14989739244412, 31.91121797938012], [74.14981768963905, 31.911197780671927], [74.14974038134129, 31.91116978152827], [74.14966622891507, 31.911134257696347], [74.1495959626443, 31.911091559029618], [74.1495302745404, 31.911042106042295], [74.14715427701037, 31.909061216648926], [74.14485609472531, 31.9100192237291], [74.14478341196597, 31.910045612593265], [74.14470858560327, 31.910065110570148], [74.1446322673863, 31.910077547829378], [74.14455512205845, 31.910082816040525], [74.14447782156735, 31.91008086931666], [74.14440103921214, 31.910071724614046], [74.13749664177863, 31.90892047361561], [74.13740387351875, 31.908899470157852], [74.13731412382593, 31.908867972730665], [74.13470537718405, 31.90778050557475], [74.13210939261205, 31.90778050557475], [74.13203048543394, 31.907776739541443], [74.1319522955935, 31.907765475678183], [74.13187553390715, 31.907746816383675], [74.13180089820808, 31.907720931287795], [74.13172906700237, 31.907688055709496], [74.13166069330066, 31.907648488517538], [74.13159639868181, 31.907602589413507], [74.13153676764209, 31.907550775661804], [74.13148234228163, 31.907493518296324], [74.13143361737619, 31.907431337838343], [74.13139103587929, 31.907364799564505], [74.13135498489527, 31.907294508367944], [74.13132579216018, 31.907221103259246], [74.13130372306244, 31.9071452515573], [74.13106610505443, 31.906154730763813], [74.13017616133067, 31.902444962422702], [74.12992284357574, 31.901388996565117], [74.12990745910975, 31.901306756398593], [74.12990044730611, 31.901223383972738], [74.12990187966741, 31.901139729474203], [74.1299117415872, 31.901056645966083], [74.12992993249897, 31.900974980688808], [74.12995626690171, 31.900895566420466], [74.12999047625149, 31.900819212984587], [74.13003221169998, 31.90074669899198], [74.13008104765176, 31.900678763900917], [74.13013648610435, 31.900616100476512], [74.13019796172655, 31.900559347726286], [74.13404262389344, 31.897354020106537], [74.13404262389344, 31.895439467898363], [74.13404661348073, 31.895358257983307], [74.13405854382071, 31.895277830164126], [74.13407830001769, 31.895198959004688], [74.13410569180868, 31.89512240407737], [74.13414045539577, 31.895048902647975], [74.13418225598659, 31.894979162575442], [74.13423069101863, 31.8949138554948], [74.13428529403603, 31.894853610348935], [74.1343455391819, 31.894799007331528], [74.13441084626254, 31.894750572299497], [74.13448058633507, 31.894708771708668], [74.13455408776447, 31.894674008121587], [74.13463064269179, 31.894646616330597], [74.13470951385122, 31.89462686013362], [74.1347899416704, 31.894614929793637], [74.13487115158546, 31.89461094020634], [74.1405519908318, 31.89461094020634], [74.14048061541465, 31.894432421325323], [74.1357779158319, 31.890511740598203], [74.13495657750778, 31.890511740598203], [74.1295166882997, 31.89164556109856], [74.12943260907728, 31.89165862245203], [74.12934763363864, 31.89166299159664], [74.12624557157514, 31.89166299159664], [74.12412418782567, 31.89166299159664], [74.12359384188831, 31.892105145525196], [74.12213771332397, 31.893319132321064], [74.12315377746867, 31.895013334997447], [74.12319165048291, 31.89508403266478], [74.12322251040547, 31.895158060973905], [74.12324606806035, 31.89523472623507], [74.12326210269816, 31.895313310048692], [74.1232704640647, 31.895393076037198], [74.12327107380897, 31.89547327674533], [74.12326392621723, 31.895553160644248], [74.12324908826679, 31.89563197917379], [74.12322669899811, 31.895708993756962], [74.12319696821213, 31.895783482720827], [74.12316017450416, 31.895854748059016], [74.12311666265337, 31.89592212197247], [74.12306684039197, 31.895984973127124], [74.12301117458448, 31.896042712569876], [74.12295018685298, 31.896094799247447], [74.12288444868918, 31.896140745076348], [74.12281457609919, 31.89618011951655], [74.12274122383118, 31.896212553605878], [74.12266507924, 31.896237743417423], [74.1210265977237, 31.896693082086177], [74.12023365830636, 31.896913442203214], [74.11869421383399, 31.897341258196068], [74.11606939017041, 31.89952959605793], [74.11600320612521, 31.89957938493919], [74.11593238200585, 31.899622317498544], [74.11585762550455, 31.899657964743174], [74.11309586653114, 31.90080921574161], [74.11301892739831, 31.900836916132906], [74.11293963237405, 31.900856897148074], [74.1128587538889, 31.900868964147595], [74.1127770797982, 31.90087299958413], [74.11031539295864, 31.90087299958413], [74.10502235427678, 31.905285851050113], [74.10495604360038, 31.90533572561308], [74.10488507699345, 31.90537871768838], [74.10481016618934, 31.90541439610289], [74.1047320624782, 31.90544240303317], [74.10465154917233, 31.90546245759407], [74.10456943375011, 31.90547435865579], [74.10448653975779, 31.905477986861047], [74.10440369854999, 31.90547330582209], [74.10432174095193, 31.905460362485666], [74.10424148892703, 31.905439286662183], [74.10416374733326, 31.90541028972381], [74.10408929585118, 31.905373662484607], [74.09994665739107, 31.903071160487734], [74.09987621172549, 31.90302724875049], [74.09981051367318, 31.90297650824998], [74.09975022272707, 31.902919448331602], [74.09969594410221, 31.902856641776584], [74.09964822266056, 31.90278871905229], [74.09960753744147, 31.90271636198342], [74.09957429685298, 31.902640296907695], [74.09954883457213, 31.902561287384707], [74.09953140619545, 31.902480126531117], [74.09952218667321, 31.90239762905917], [74.09952126855318, 31.902314623098395], [74.09952866105166, 31.902231941882665], [74.09954428996099, 31.90215041538598], [74.0995679983944, 31.902070861990993], [74.0995995483609, 31.901994080273884], [74.09963862315433, 31.901920840988065], [74.10214481744971, 31.897741969895236], [74.10101950264104, 31.89586560079928], [74.10098010561813, 31.895791676221627], [74.10094837445733, 31.895714151373813], [74.10092463351424, 31.89563381871411], [74.10090912546856, 31.895551499402195], [74.10090200884339, 31.89546803490531], [74.1009033563848, 31.895384278396747], [74.10091315431823, 31.89530108603475], [74.10093130248933, 31.89521930821086], [74.10095761538761, 31.895139780857214], [74.10099182404292, 31.895063316901677], [74.1010335787747, 31.89499069795808], [74.10108245276645, 31.894922666336576], [74.10113794642871, 31.89485991745576], [74.10119949250578, 31.894803092734104], [74.10366327518597, 31.89274901611279], [74.10366327518597, 31.885078208912436], [74.10366714449846, 31.884998229580553], [74.10367871629576, 31.884918997272656], [74.10369788249479, 31.88484125203536], [74.10372446407919, 31.884765720025733], [74.10375821277131, 31.88469310672882], [74.10379881335116, 31.884624090368277], [74.1038458866007, 31.88455931557159], [74.10389899284574, 31.884499387349155], [74.10395763606267, 31.884444865443324], [74.10402126851136, 31.884396259100303], [74.10408929585118, 31.884354022313683], [74.10803801056552, 31.88215930423669], [74.10930477956126, 31.880047072017774], [74.1093524271382, 31.879976183695085], [74.109407119726, 31.87991057754657], [74.10946827607023, 31.87985095081228], [74.10953524622188, 31.879797937185064], [74.10960731844472, 31.879752100075898], [74.10968372677945, 31.879713926626142], [74.10976365918401, 31.87968382253036], [74.10984626616374, 31.879662107724748], [74.11369163860064, 31.87886062778027], [74.11234270993195, 31.877736014451152], [74.10996104987338, 31.87674320930531], [74.10609452539956, 31.87781772744244], [74.10601593123128, 31.877835502104844], [74.10593598211908, 31.877845558016777], [74.10585543427528, 31.877847800062668], [74.1057750495755, 31.877842207035748], [74.10569558835219, 31.877828831838617], [74.10561780220294, 31.87780780098287], [74.10554242688137, 31.877779313392455], [74.10547017533789, 31.877743638522134], [74.10132753687778, 31.87544113652526], [74.10125408619443, 31.875395125710945], [74.10118584397631, 31.875341693533528], [74.10112355700659, 31.875281424708067], [74.10106790689946, 31.87521497876392], [74.10101950264104, 31.875143082827424], [74.09988485357466, 31.873251149631052], [74.09943474711609, 31.87250063444879], [74.09828640167375, 31.87058586368163], [74.09576557353581, 31.867433409823104], [74.08810532260524, 31.866369007073864], [74.08358106406823, 31.869197941753587], [74.08288489164251, 31.869633245417614], [74.08278582001681, 31.86971584227642], [74.08016652351613, 31.871899572095458], [74.08010071729775, 31.871949105127477], [74.08003031819648, 31.871991859614692], [74.07995602193726, 31.872027413032317], [74.07987856275908, 31.872055414020753], [74.0797987061587, 31.8720755858579], [74.07971724132562, 31.872087729193897], [74.07963497334283, 31.872091724021217], [74.0795527152305, 31.87208753086065], [74.0794712799113, 31.87207519115145], [74.07939147217652, 31.872054826841822], [74.07931408073274, 31.872026639183748], [74.07923987040735, 31.871990906744102], [74.07916957459005, 31.871947982651697], [74.07910388798513, 31.871898291107442], [74.07904345974589, 31.871842323192162], [74.07898888705945, 31.871780632013433], [74.07622712808605, 31.868326879018124], [74.07618024496303, 31.86826206552215], [74.07613983066133, 31.868193032916064], [74.07610626190271, 31.868120424686996], [74.07607985159818, 31.86804491765223], [74.07606084593128, 31.86796721565026], [74.07604942206328, 31.86788804297995], [74.07604568648168, 31.867808137649], [74.07604967400769, 31.867728244494597], [74.07606134747162, 31.867649108240425], [74.07608059805932, 31.86757146655473], [74.07632186134924, 31.866766893509553], [74.0774265649386, 31.86308289031456], [74.0774265649386, 31.860793237373173], [74.0774265649386, 31.860138636735535], [74.07243150254997, 31.855974210645112], [74.06996981571041, 31.855974210645112], [74.06988769458137, 31.855970130802632], [74.06980638221533, 31.855957931455173], [74.06972667941027, 31.85593773274698]], [[74.15156663931974, 31.914737177643026], [74.15103020602797, 31.9126383004141], [74.15214365795552, 31.9123089566547], [74.15156663931974, 31.914737177643026]], [[74.11947471730936, 32.09927741120448], [74.1224532747172, 32.096205043918886], [74.1222996599081, 32.09706680728246], [74.11947471730936, 32.09927741120448]], [[73.97902087016331, 32.07967301138009], [73.97850606914353, 32.07852527595212], [73.97938349871441, 32.07903644434369], [73.97902087016331, 32.07967301138009]], [[73.95606756732747, 32.122747042882324], [73.95759557722117, 32.1223781155018], [73.95732290032399, 32.12290897472612], [73.95606756732747, 32.122747042882324]], [[73.94578160483509, 32.12053451241907], [73.94809813123499, 32.12171902443296], [73.9471743350488, 32.1215998592233], [73.94578160483509, 32.12053451241907]], [[73.93791846924935, 32.06726790805606], [73.93639850993847, 32.066078493440884], [73.9356633842373, 32.061591088309456], [73.93791846924935, 32.06726790805606]], [[73.93476966657305, 32.056135595151936], [73.93462817455112, 32.05527188976903], [73.93523648689218, 32.05431984377166], [73.93476966657305, 32.056135595151936]], [[73.89353997350112, 32.10102972190223], [73.89676503732589, 32.10406189949193], [73.89745496855977, 32.106079173803565], [73.89353997350112, 32.10102972190223]], [[73.85844876502455, 32.08650135787994], [73.86223433855398, 32.08554495356378], [73.86336450491417, 32.08572183150739], [73.85844876502455, 32.08650135787994]]], [[[73.80087025700004, 32.13934558900007], [73.80380424100008, 32.13918257600005], [73.80405603826593, 32.13916858676054], [73.804835085, 32.139730014], [73.803589377, 32.138832283], [73.803096983, 32.138608332], [73.801765371, 32.13866898], [73.800181288, 32.139197855], [73.79949852372042, 32.139421797910416], [73.80087025700004, 32.13934558900007]]], [[[73.776627, 32.167042], [73.780267, 32.159398], [73.78381255806505, 32.15337055062749], [73.78427713100001, 32.152904117], [73.7836819, 32.153501732], [73.78230567, 32.154622851], [73.781328157, 32.155419163], [73.780440696, 32.155750709], [73.778999736, 32.156289036], [73.777407148, 32.157366412], [73.777181171, 32.157926401], [73.77659798, 32.160028296], [73.77602519700001, 32.163962486], [73.775840391, 32.165231832], [73.775302149, 32.166402037], [73.7741058803718, 32.169002870821934], [73.776627, 32.167042]]], [[[73.764419785, 32.346338208], [73.764567176, 32.347009078], [73.765217905, 32.349970996], [73.765514104, 32.351319199], [73.765534185, 32.352175131], [73.765575529, 32.353937185], [73.766078222, 32.355225118], [73.766557629, 32.35645396], [73.766513356, 32.358342805], [73.766345093, 32.359111588], [73.766044831, 32.360400032], [73.766391029, 32.361915031], [73.766604338, 32.362866122], [73.766857561, 32.364466641], [73.766705864, 32.365407304], [73.766444895, 32.367002549], [73.76768247400001, 32.368330978], [73.76998011, 32.36870104], [73.771123468, 32.365830056], [73.77112947900001, 32.363701353], [73.77113451400001, 32.36191808], [73.771140553, 32.359779053], [73.77156081000001, 32.35853497], [73.772224889, 32.356570049], [73.77205932919698, 32.35705991832837], [73.76956741600003, 32.35171997300006], [73.768034, 32.348434], [73.76437829504307, 32.346240577025874], [73.764419785, 32.346338208]]], [[[73.778081909, 32.359390155], [73.780110391, 32.361324816], [73.78091932400001, 32.363132979], [73.781188939, 32.363736707], [73.78204917919695, 32.365516819880874], [73.78076750000008, 32.358852], [73.77948046803282, 32.360724028121375], [73.778081909, 32.359390155]]], [[[73.82109035500001, 32.378531227], [73.822569379, 32.379544702], [73.82404806400001, 32.380557945], [73.824418562, 32.380811822], [73.825138268, 32.381333708], [73.827299364, 32.382900797], [73.82801954700001, 32.383423028], [73.82940838200001, 32.384429987], [73.83058926400001, 32.385415472], [73.832489185, 32.386874431], [73.833574111, 32.387517156], [73.834288083, 32.387939517], [73.834997219, 32.388359018], [73.838202354, 32.389961356], [73.839130928, 32.390424479], [73.839600941, 32.390541669], [73.842118284, 32.390922928], [73.84330206484047, 32.39083348853002], [73.84064662600008, 32.388768119000076], [73.83864850000003, 32.387214], [73.83597691900007, 32.38431991500005], [73.83170250000006, 32.37968950000004], [73.82662163100008, 32.37755010200004], [73.82070550000003, 32.375059], [73.81896007400007, 32.37432408800004], [73.809708, 32.37042850000006], [73.80044750000008, 32.36984950000004], [73.78670856369406, 32.37316555507231], [73.786791257, 32.373654109], [73.788858453, 32.373994604], [73.789999361, 32.373682394], [73.793541131, 32.372716169], [73.794367472, 32.372491894], [73.796095842, 32.372448668], [73.797292255, 32.372418746], [73.798267401, 32.372271852], [73.7990635, 32.372151932], [73.800640303, 32.370952664], [73.801241439, 32.370545203], [73.80189815300001, 32.370513648], [73.80343704500001, 32.370448034], [73.80500184200001, 32.37177354], [73.80534832100001, 32.372080624], [73.806362992, 32.372979061], [73.80746532900001, 32.373589296], [73.808422962, 32.374119426], [73.810016544, 32.375127498], [73.810543448, 32.375460809], [73.812222679, 32.376149072], [73.81289692700001, 32.376213025], [73.813910727, 32.376309186], [73.816756768, 32.376809523], [73.818199584, 32.377170178], [73.8188735, 32.3774403], [73.819571234, 32.377719968], [73.820215978, 32.37806428], [73.82109035500001, 32.378531227]]]]}}]}