{"type": "FeatureCollection", "features": [{"type": "Feature", "properties": {"na": "NA-82", "src": "sheet-split: sargodha_na82_83_86.jpg, outline-fit", "approx": false, "rms_km": 1.909}, "geometry": {"type": "Polygon", "coordinates": [[[72.76967339449054, 32.23308175371212], [72.7690636559621, 32.234777416516025], [72.76902002479605, 32.23488159137137], [72.76896592575416, 32.2349807345648], [72.7689019309275, 32.235073797668655], [72.76882871705388, 32.23515979655147], [72.76874705836146, 32.235237821785134], [72.76865781838134, 32.23530704826191], [72.7685619408159, 32.23536674391989], [72.76846043955918, 32.23541627748449], [72.76835438797511, 32.23545512514404], [72.76310186611006, 32.23707813521544], [72.76089539524237, 32.23912350953231], [72.75997594692889, 32.24168046506745], [72.75997594692889, 32.2428900427541], [72.75997002257238, 32.243003965264855], [72.75995231341619, 32.24311665875289], [72.75992301051085, 32.24322690745445], [72.75988242998297, 32.24333352198072], [72.75983100962476, 32.24343535214924], [72.75976930417112, 32.24353129939229], [72.75631494835126, 32.248334524382955], [72.75631494835126, 32.25137430666895], [72.75630957804545, 32.25148278509529], [72.7562935196459, 32.251590202677505], [72.75626693019267, 32.2516955089458], [72.75623006971225, 32.251797674077565], [72.75618329867469, 32.25189569896834], [72.75435279938587, 32.25528940453428], [72.75429000763447, 32.255391953262425], [72.75421638164745, 32.25548702302481], [72.75413280395409, 32.25557347425303], [72.75070335208434, 32.25875253855795], [72.748992951196, 32.26509463008481], [72.748992951196, 32.276827098413506], [72.74898758089019, 32.27693557683985], [72.74897152249063, 32.27704299442206], [72.74894493303741, 32.27714830069036], [72.74890807255699, 32.27725046582212], [72.74886130151943, 32.277348490712896], [72.74703080223061, 32.28074219627884], [72.7469736155636, 32.28083654628471], [72.7469072516169, 32.280924682912], [72.74683238006078, 32.28100571678501], [72.74674975641476, 32.281078830201075], [72.7466602144237, 32.28114328538186], [72.74656465764464, 32.281198431918185], [72.7464640503291, 32.28124371333326], [72.7463594076929, 32.28127867269799], [72.74625178567182, 32.281302957241785], [72.74614227026618, 32.281316321912364], [72.74501021194979, 32.281397045424264], [72.72931516221844, 32.2825162099721], [72.722588688568, 32.28299585361582], [72.71364901434319, 32.287968041645584], [72.71354666537758, 32.288018200009006], [72.7134396692506, 32.288057481060356], [72.71332917828668, 32.28808546175147], [72.71321638244885, 32.28810184073654], [72.71310249652313, 32.28810644161754], [72.71298874703554, 32.28809921484403], [72.69840775101517, 32.286409661901644], [72.68761377471658, 32.286409661901644], [72.68052488786927, 32.28805249200933], [72.67330603846304, 32.291398389158715], [72.6731954127744, 32.2914425445477], [72.67308065598584, 32.29147446038764], [72.67296311783703, 32.29149376129268], [72.67284418078131, 32.291500220250555], [72.66568800111169, 32.291500220250555], [72.6604255151245, 32.2931263091993], [72.65691820914456, 32.294751926305295], [72.6497378689591, 32.29974399881012], [72.64892024287207, 32.300501929233626], [72.64613334591402, 32.303085352176204], [72.64605054999495, 32.303154849462125], [72.64596132329058, 32.303215871033636], [72.64586653013829, 32.30326782577592], [72.64576708879761, 32.303310210404355], [72.64566396255493, 32.30334261433985], [72.64555815039225, 32.30336472368607], [72.64545067730998, 32.30337632427022], [72.64534258439787, 32.303377303717625], [72.64523491874995, 32.30336765254042], [72.64512872332132, 32.303347464229375], [72.64502502682512, 32.303316934348274], [72.64492483376736, 32.30327635863951], [72.64126383518973, 32.30157950585654], [72.64116241047978, 32.3015258920298], [72.64106713169265, 32.301461990801876], [72.64097903840653, 32.301388499393234], [72.63744534384635, 32.29811280325654], [72.62683954378221, 32.293197073033525], [72.62342069998331, 32.293197073033525], [72.6233017629276, 32.29319061407565], [72.62318422477878, 32.29317131317061], [72.62306946799022, 32.29313939733067], [72.62295884230159, 32.293095241941685], [72.61929784372396, 32.291398389158715], [72.619196419014, 32.29134477533198], [72.61910114022687, 32.291280874104054], [72.61901304694075, 32.29120738269541], [72.61547935238058, 32.287931686558714], [72.61204287488553, 32.28633889806742], [72.60678038889834, 32.28471280911867], [72.60328520780635, 32.28471280911867], [72.60317567382216, 32.28470733352892], [72.60306723200476, 32.284690961356944], [72.60296096363092, 32.284663855850184], [72.59746946576448, 32.28296700306721], [72.59733185225818, 32.28291412524386], [72.59367085368055, 32.28121727246089], [72.59358625222242, 32.28117350769055], [72.59350576089446, 32.2811225772678], [72.5861837637392, 32.27603201891889], [72.58610212168816, 32.27596938721268], [72.58602669942005, 32.275899389808494], [72.58595815896575, 32.275822641119596], [72.58589710194997, 32.27573981481976], [72.58584406431031, 32.275651637929926], [72.58418696351562, 32.27257940937205], [72.58092438697568, 32.27106722302069], [72.57556460128264, 32.26941106881822], [72.56650290896872, 32.26773105092198], [72.54097582579008, 32.26435057572303], [72.5355567341202, 32.26435057572303], [72.53544910882144, 32.26434528975796], [72.53534251949425, 32.264329482744], [72.53523799213824, 32.264303306835124], [72.53513653290501, 32.26426701399345], [72.53503911841332, 32.26422095356389], [72.53494668634832, 32.26416556891151], [72.53486012643566, 32.264101393153766], [72.53478027187731, 32.264029044028874], [72.53470789133132, 32.263949217949644], [72.53464368151296, 32.26386268330001], [72.53464101999027, 32.26385824541731], [72.53462734184082, 32.26388018387406], [72.53455860372502, 32.26396881224627], [72.53448118496442, 32.26404996797579], [72.53439589294716, 32.26412280470222], [72.53430361717032, 32.26418656282276], [72.5292097513098, 32.26733453471375], [72.52573282607365, 32.28344989269067], [72.52737088757284, 32.28648682281194], [72.5274176586104, 32.28658484770271], [72.52745451909082, 32.28668701283448], [72.52748110854405, 32.28679231910277], [72.5274971669436, 32.28689973668499], [72.52750253724942, 32.28700821511133], [72.5274971669436, 32.28711669353767], [72.52748110854405, 32.28722411111988], [72.52745451909082, 32.28732941738818], [72.5274176586104, 32.28743158251994], [72.52737088757284, 32.28752960741072], [72.52572264063751, 32.29058542110739], [72.52746890949307, 32.30029805367323], [72.5310467007437, 32.310247773529916], [72.5346178916469, 32.315213455783635], [72.53467959710055, 32.31530940302668], [72.53473101745875, 32.3154112331952], [72.53477159798663, 32.31551784772147], [72.53480090089198, 32.31562809642303], [72.53481861004816, 32.31574078991107], [72.53482453440468, 32.315854712421825], [72.53482453440468, 32.32046577991487], [72.53988601821848, 32.32515771994888], [72.54528661290321, 32.32849524801257], [72.54537437514438, 32.32855555262613], [72.54545588502921, 32.328624072667445], [72.5487216040347, 32.331651358401295], [72.54958137798324, 32.332049858915944], [72.54984935353794, 32.33229826931879], [72.55249308540127, 32.33352362455305], [72.55258644117615, 32.33357246443094], [72.55267468759516, 32.33363002486792], [72.55275701257, 32.333695776163665], [72.55283265850447, 32.3337691132414], [72.55290092926634, 32.33384936121613], [72.55296119659342, 32.333935781605284], [72.55301290587518, 32.33402757912461], [72.55305558125659, 32.33412390900676], [72.55308883001713, 32.33422388477531], [72.55311234618486, 32.33432658640251], [72.55312591335206, 32.3344310687759], [72.5531294066668, 32.33453637039567], [72.55312279398179, 32.3346415222229], [72.55310613615033, 32.334745556597156], [72.55307958646624, 32.33484751614133], [72.55304338925318, 32.33494646257199], [72.55299787761625, 32.33504148533389], [72.55140016894086, 32.33800360220416], [72.5530369149066, 32.34255533893075], [72.55479474610408, 32.345814319447896], [72.55835011025054, 32.35075799485651], [72.56193037862855, 32.354076864412], [72.5620375608954, 32.35419151184711], [72.56752905876185, 32.360978922978994], [72.56759205681385, 32.36106502611687], [72.56764640344781, 32.361156835420786], [72.56769158583911, 32.36125348456163], [72.56772717763856, 32.361354061540716], [72.56775284299553, 32.36145761729555], [72.56776833972711, 32.3615631746554], [72.56777352160334, 32.361669737562025], [72.56777352160334, 32.374294055304794], [72.567523253, 32.374245122], [72.569908321, 32.374711458], [72.571091863, 32.37494287], [72.572834142, 32.374596723], [72.574228265, 32.373719156], [72.575153311, 32.373069091], [72.57632582, 32.372244616], [72.577001685, 32.371769497], [72.57885384100001, 32.371053317], [72.579723023, 32.371103692], [72.580641357, 32.371157414], [72.581220889, 32.371280336], [72.58265307, 32.37158411], [72.58362790800001, 32.371790877], [72.584749953, 32.372071123], [72.58590490600001, 32.372359661], [72.58641612000001, 32.372521776], [72.587127534, 32.372768764], [72.58820204, 32.37314181], [72.588887607, 32.373380414], [72.590266323, 32.374400307], [72.591620708, 32.375402201], [72.593390225, 32.376168606], [72.594429515, 32.376618739], [72.59564027, 32.376987101], [72.59644810600001, 32.377232878], [72.597259706, 32.377479801], [72.598999813, 32.377828322], [72.601613953, 32.378351902], [72.60335271000001, 32.378700153], [72.604405611, 32.378997869], [72.606460292, 32.379578844], [72.606865221, 32.379712362], [72.607441825, 32.379902487], [72.609018219, 32.380422271], [72.610870191, 32.381462978], [72.611506207, 32.38190156], [72.612789387, 32.382786407], [72.61362677400001, 32.38336401], [72.614011848, 32.383629382], [72.614631644, 32.384109725], [72.614821350398, 32.38425674848358], [72.61840306028279, 32.38584300407758], [72.61678658292021, 32.385779586745535], [72.617266966, 32.38615211], [72.618221023, 32.386939101], [72.619213113, 32.387757465], [72.619858968, 32.388290225], [72.620495546, 32.388729207], [72.62281044, 32.390326085], [72.623918324, 32.391090279], [72.625183785, 32.391469564], [72.625602741, 32.391595134], [72.626863058, 32.391972878], [72.627289417, 32.392100667], [72.62905943, 32.392431604], [72.629833, 32.392514114], [72.629892399, 32.392520449], [72.630816759, 32.39261951], [72.633596664, 32.392916978], [72.634640499, 32.393050393], [72.636858052, 32.393340549], [72.637920338, 32.393725972], [72.638737301, 32.394022386], [72.639333903, 32.394247285], [72.640286965, 32.394635094], [72.64181760000001, 32.395257922], [72.64366874800001, 32.396543118], [72.644569705, 32.397168626], [72.645567692, 32.397682532], [72.64645698800001, 32.398141176], [72.64762052200001, 32.398741365], [72.648988416, 32.398931729], [72.649498914, 32.39896186], [72.649949007, 32.398988435], [72.650779872, 32.398919103], [72.651656589, 32.398458269], [72.653796672, 32.397449766], [72.65532216000001, 32.397138861], [72.656808419, 32.39683595], [72.65771560600001, 32.396651059], [72.661479371, 32.39591056], [72.662490437, 32.395711927], [72.663204938, 32.395718163], [72.663917468, 32.395724382], [72.668200005, 32.395761757], [72.669427874, 32.395774159], [72.66994227, 32.395779644], [72.664112356, 32.409539478], [72.663598316, 32.410752714], [72.663082978, 32.411969143], [72.662567103, 32.413897037], [72.66092092800001, 32.420049012], [72.660361133, 32.422141038], [72.660179759, 32.423988341], [72.665333621, 32.424124418], [72.66679989, 32.424142168], [72.668042512, 32.424029767], [72.671354645, 32.42373017], [72.67296718300001, 32.423584368], [72.674579893, 32.423438551], [72.67631620600001, 32.423149304], [72.682392739, 32.422137035], [72.684129021, 32.421847793], [72.68582651, 32.421281457], [72.687099017, 32.420856908], [72.690069795, 32.419865762], [72.690917737, 32.419582862], [72.692615143, 32.419016553], [72.694356065, 32.418772102], [72.702189792, 32.417672132], [72.703930767, 32.417427674], [72.706107237, 32.417257104], [72.707848476, 32.417120644], [72.712201709, 32.416779481], [72.715248892, 32.416540674], [72.71666375400001, 32.41666512], [72.72404705800001, 32.417316701], [72.725330023, 32.417429928], [72.726384505, 32.417748294], [72.728582151, 32.418411801], [72.729873772, 32.418802398], [72.731161393, 32.419191785], [72.732672164, 32.420225878], [72.734520525, 32.421491046], [72.73567605800001, 32.423061233], [72.73647002700001, 32.424140043], [72.739297521, 32.426268112], [72.741440484, 32.426647223], [72.745308398, 32.427328793], [72.746789313, 32.428036792], [72.747888153, 32.428562128], [72.74937151200001, 32.429271295], [72.750579181, 32.430737077], [72.751849516, 32.432278918], [72.75345106600001, 32.433405953], [72.755423451, 32.434793949], [72.75614014300001, 32.435298296], [72.75662164900001, 32.435638673], [72.75793306, 32.436169806], [72.761329265, 32.4375453], [72.76205468900001, 32.437838991], [72.76316789900001, 32.438289678], [72.76442675700001, 32.438549146], [72.767888299, 32.439262619], [72.769178518, 32.439528551], [72.77095745000001, 32.439528578], [72.77454344, 32.439528633], [72.776780153, 32.439528668], [72.77844974700001, 32.439698154], [72.779701689, 32.439825243], [72.78262414800001, 32.440121911], [72.787030522, 32.440569921], [72.788932318, 32.4409158], [72.792732634, 32.441636985], [72.793750025, 32.441830055], [72.794973032, 32.442253729], [72.796474191, 32.442773761], [72.797820889, 32.443240284], [72.799553215, 32.444223208], [72.804362136, 32.446951795], [72.806377845, 32.44783587], [72.812828775, 32.4506652], [72.814038248, 32.451195666], [72.81444151800001, 32.451372537], [72.815231914, 32.451696464], [72.821554894, 32.454287799], [72.826789288, 32.456433112], [72.829119268, 32.457388052], [72.829739409, 32.457615902], [72.830379772, 32.457851181], [72.835755247, 32.459838052], [72.837251027, 32.460390919], [72.839436289, 32.460872442], [72.841184726, 32.46125771], [72.842058143, 32.461450168], [72.846569574, 32.462444312], [72.848317947, 32.462830427], [72.849629301, 32.463587966], [72.853017065, 32.465545], [72.853669119, 32.465921676], [72.85435536700001, 32.466425162], [72.855039898, 32.466927389], [72.855382051, 32.467178419], [72.856066931, 32.4676809], [72.856651845, 32.468221855], [72.857235446, 32.468761597], [72.857819315, 32.469301587], [72.85955025, 32.471253153], [72.860083878, 32.472410305], [72.860489451, 32.473289773], [72.86083157600001, 32.474078553], [72.862388247, 32.475203806], [72.865180022, 32.477840043], [72.865829101, 32.479435615], [72.866479465, 32.481034343], [72.86969366800001, 32.48776967], [72.87063952, 32.489751552], [72.87117656400001, 32.491399475], [72.871579213, 32.492635007], [72.872788322, 32.496345165], [72.87325108, 32.4977392], [72.875098873, 32.502622531], [72.87557077400001, 32.503869668], [72.876930279, 32.505059214], [72.878291393, 32.506250168], [72.879746564, 32.506519707], [72.88288239900001, 32.507100553], [72.886214007, 32.507915945], [72.888718438, 32.508528891], [72.891219136, 32.509140923], [72.892800331, 32.509889809], [72.900038518, 32.513310418], [72.90057151900001, 32.513562169], [72.902899452, 32.515186713], [72.905804843, 32.517214235], [72.907303173, 32.518259842], [72.907888135, 32.518668056], [72.91116173200001, 32.52088949], [72.912649265, 32.521898917], [72.914042048, 32.522312988], [72.915748026, 32.522820172], [72.917169403, 32.523242716], [72.918940769, 32.523769305], [72.920433505, 32.523811878], [72.922824229, 32.523880063], [72.924892143, 32.523939041], [72.927243728, 32.52337575], [72.929148269, 32.522919543], [72.930052413, 32.523215091], [72.930835379, 32.523471028], [72.936728571, 32.525397405], [72.937990151, 32.525809792], [72.939556904, 32.526548838], [72.946218898, 32.529691336], [72.947002145, 32.530060798], [72.947760003, 32.530514811], [72.948894093, 32.531194216], [72.950408015, 32.532101168], [72.951414682, 32.532923298], [72.957544985, 32.537929957], [72.958740019, 32.538907788], [72.960947826, 32.540315095], [72.966865143, 32.544086929], [72.967587942, 32.544547603], [72.969032967, 32.545468584], [72.970477764, 32.54638942], [72.97123445000001, 32.546793353], [72.976524167, 32.5496171], [72.976901767, 32.54981867], [72.97812939, 32.550470418], [72.97981632, 32.550851309], [72.987031039, 32.552480315], [72.988671888, 32.552850801], [72.990126269, 32.552850801], [72.995844595, 32.552850801], [72.99751902, 32.552850801], [72.999166712, 32.552424723], [73.00248446, 32.551566785], [73.004932764, 32.550933676], [73.005748355, 32.550722737], [73.007381269, 32.550300412], [73.00912931, 32.550321457], [73.01786902, 32.550426675], [73.019876278, 32.55045086], [73.021499515, 32.550470418], [73.02281629, 32.550685452], [73.028182545, 32.551561781], [73.02983140100001, 32.551831045], [73.031475346, 32.552539246], [73.038053684, 32.55537315], [73.039698653, 32.556081792], [73.040896755, 32.556639975], [73.04260064600001, 32.557433799], [73.046358777, 32.559183301], [73.04888814, 32.560361709], [73.049560634, 32.560678569], [73.050362819, 32.56106393], [73.065197077, 32.568256299], [73.066399767, 32.568839422], [73.06759694, 32.569447809], [73.074380961, 32.572895357], [73.075178234, 32.57330052], [73.076774642, 32.574111793], [73.078837262, 32.574667169], [73.080700278, 32.575168799], [73.085548535, 32.576584615], [73.08844745200001, 32.575927215], [73.089020269, 32.575812667], [73.089372014, 32.575566433], [73.090306267, 32.574912421], [73.092559255, 32.573358573], [73.096698814, 32.571159392], [73.097864394, 32.570540167], [73.099644654, 32.570640983], [73.101424899, 32.570741798], [73.105617722, 32.570979072], [73.106878526, 32.571050421], [73.108212295, 32.571222091], [73.109546897, 32.571393868], [73.12066814900001, 32.572825289], [73.12300967, 32.573126675], [73.124056522, 32.57326142], [73.124839057, 32.57334669], [73.140489271, 32.575052048], [73.141345611, 32.57514575], [73.142767148, 32.575301297], [73.14448089400001, 32.575318779], [73.146713898, 32.575341558], [73.156800487, 32.575444453], [73.158115695, 32.575457869], [73.15943152, 32.575471292], [73.161131213, 32.575646751], [73.16533214, 32.576080412], [73.17479512300001, 32.577053356], [73.175930019, 32.577170041], [73.176954795, 32.577023169], [73.178485177, 32.576803834], [73.179172499, 32.576683368], [73.184210012, 32.575320039], [73.188594576, 32.574738587], [73.189192016, 32.574659358], [73.189790031, 32.574580053], [73.190335022, 32.574580053], [73.190938994, 32.574578631], [73.194558019, 32.574547839], [73.19448039400001, 32.574117901], [73.194515904, 32.572322764], [73.19454823400001, 32.570688326], [73.194616364, 32.567244054], [73.19465819700001, 32.565129182], [73.194808418, 32.563800735], [73.195659011, 32.55627869], [73.195809216, 32.554950383], [73.19610928, 32.553690776], [73.19740946200001, 32.548232034], [73.197668246, 32.54714543], [73.197960727, 32.545918252], [73.19867480500001, 32.54388357], [73.199018324, 32.542720693], [73.199444986, 32.541225845], [73.199786798, 32.539488079], [73.200113445, 32.537798372], [73.201422881, 32.531024807], [73.20148575, 32.530267737], [73.201553494, 32.528882719], [73.20088099, 32.526498467], [73.200372621, 32.526029223], [73.199626503, 32.525340538], [73.198120398, 32.524777321], [73.19602103000001, 32.52399225], [73.194404054, 32.52309369], [73.193463103, 32.522570803], [73.191927261, 32.520872464], [73.191598504, 32.520508925], [73.1912887, 32.519085661], [73.191061475, 32.51804178], [73.190613021, 32.517197265], [73.19010082, 32.516232701], [73.18922893300001, 32.515736957], [73.18851119, 32.515328793], [73.187640701, 32.515009271], [73.185707991, 32.514336107], [73.18521529600001, 32.51418594], [73.182810085, 32.5134877], [73.180819067, 32.512909703], [73.179362393, 32.512046168], [73.178438428, 32.51143314], [73.17815229, 32.511040983], [73.177772251, 32.510523199], [73.17701148, 32.509486484], [73.176308854, 32.508529852], [73.173687162, 32.505881731], [73.17254105500001, 32.505090299], [73.172170069, 32.504834293], [73.171520651, 32.504386388], [73.17063953, 32.503778297], [73.169378472, 32.503267585], [73.168118793, 32.50275724], [73.167074749, 32.502335942], [73.16658365900001, 32.502154117], [73.161296777, 32.50023161], [73.160305734, 32.49987123], [73.159642551, 32.499630073], [73.158694024, 32.499218432], [73.156301712, 32.49818022], [73.155863252, 32.497891257], [73.15486954100001, 32.497235784], [73.153631565, 32.496419024], [73.153347908, 32.495783178], [73.152926862, 32.494839375], [73.153269142, 32.493182281], [73.154152901, 32.491804632], [73.15600293700001, 32.49095073], [73.156671298, 32.490787812], [73.157961746, 32.490473253], [73.1587903, 32.490271286], [73.163543895, 32.489989925], [73.164768376, 32.489817875], [73.165541616, 32.489709512], [73.166171398, 32.489567558], [73.16738522700001, 32.488904236], [73.16836275, 32.487609956], [73.16859341, 32.486854246], [73.168990029, 32.485554803], [73.16930202, 32.484532629], [73.169112425, 32.483427852], [73.16850011400001, 32.479856995], [73.16835012300001, 32.478982441], [73.168044646, 32.478171607], [73.165791677, 32.47218471], [73.165142179, 32.470515288], [73.16491007, 32.47002432], [73.164445025, 32.469041287], [73.164070072, 32.468248189], [73.162949448, 32.467183278], [73.16075952, 32.465102223], [73.160062357, 32.46443972], [73.1590264, 32.463824844], [73.156242629, 32.462172584], [73.155092155, 32.461489739], [73.153644273, 32.461015643], [73.15291852300001, 32.460778003], [73.148282702, 32.459260042], [73.147097312, 32.458871897], [73.145831209, 32.458656142], [73.143626903, 32.458280966], [73.142886907, 32.458155103], [73.142153256, 32.458030405], [73.140844197, 32.458065763], [73.137347125, 32.45816022], [73.136060137, 32.458213533], [73.134318357, 32.458285701], [73.133010438, 32.458339865], [73.13168799200001, 32.458546008], [73.131247489, 32.458614673], [73.130430307, 32.458742042], [73.128235163, 32.459090107], [73.125641375, 32.459593795], [73.124017916, 32.459908784], [73.12237882, 32.459904375], [73.120741408, 32.459899972], [73.119575959, 32.459768135], [73.118564313, 32.459653664], [73.115752598, 32.459335533], [73.115002757, 32.459250724], [73.11418411800001, 32.459128348], [73.11130814500001, 32.458685301], [73.108359884, 32.458234291], [73.107617913, 32.458149065], [73.106931807, 32.458071357], [73.106353563, 32.457974641], [73.100602862, 32.457015159], [73.09938154800001, 32.456811387], [73.09683477, 32.456386619], [73.09510672, 32.456147693], [73.089297863, 32.455348747], [73.088349135, 32.455254034], [73.08758951, 32.455185764], [73.086833259, 32.455117616], [73.085061882, 32.454958211], [73.082169301, 32.455187489], [73.08079640400001, 32.455455473], [73.079789112, 32.455652095], [73.077771899, 32.455401795], [73.077180353, 32.455266909], [73.07553046800001, 32.454280368], [73.075242742, 32.453784735], [73.07486312, 32.453130805], [73.074407908, 32.452346663], [73.07408071600001, 32.451783045], [73.073935531, 32.451262748], [73.073611233, 32.45010071], [73.073186233, 32.448577776], [73.072860434, 32.447410317], [73.07297259, 32.445079925], [73.073354413, 32.44392522], [73.073761654, 32.442695219], [73.073662747, 32.442021958], [73.07347054600001, 32.441237315], [73.07262211, 32.439871393], [73.071186225, 32.438848299], [73.067647571, 32.436987246], [73.067086244, 32.436724478], [73.064576306, 32.435840477], [73.06340895800001, 32.435429337], [73.06293186500001, 32.435378113], [73.062494134, 32.435331117], [73.060279932, 32.435093392], [73.058085961, 32.434658304], [73.057548312, 32.434569877], [73.055480488, 32.434141559], [73.053446424, 32.433654939], [73.052758643, 32.433490398], [73.052165478, 32.433096834], [73.051372914, 32.432570969], [73.050982847, 32.432312161], [73.050661737, 32.431996531], [73.04937058, 32.430727389], [73.048950415, 32.430284409], [73.04829551600001, 32.42941542], [73.047639187, 32.428529164], [73.04747887, 32.426412265], [73.047416184, 32.413509544], [73.047470352, 32.412051075], [73.04807234, 32.410659321], [73.04844833700001, 32.409790042], [73.048955519, 32.40905589], [73.049720394, 32.407948724], [73.050760317, 32.407344655], [73.05182372, 32.406726752], [73.05242079, 32.406379871], [73.053249987, 32.406118269], [73.05367128200001, 32.405985355], [73.05409275400001, 32.405852386], [73.054952212, 32.405581238], [73.056170349, 32.405440775], [73.059340426, 32.405075236], [73.061539363, 32.404821677], [73.06273729, 32.404494765], [73.063534997, 32.404277072], [73.064461861, 32.404023993], [73.065131146, 32.403841486], [73.06555597, 32.40369488], [73.068533935, 32.40266719], [73.069797975, 32.402230973], [73.07051573400001, 32.401837325], [73.073621119, 32.400134013], [73.074718909, 32.399531871], [73.07559773700001, 32.398847202], [73.077850184, 32.397092383], [73.079643977, 32.395762655], [73.080710695, 32.394971902], [73.081550308, 32.393892123], [73.081580517, 32.393285202], [73.081610829, 32.39267861], [73.081155651, 32.391399694], [73.080885701, 32.3906409], [73.080655985, 32.389794746], [73.080372842, 32.388631887], [73.08068317, 32.387421135], [73.081022091, 32.386100406], [73.082729709, 32.38502129], [73.083419668, 32.384585454], [73.08467927400001, 32.383789549], [73.085277101, 32.383409263], [73.08765349, 32.381897378], [73.08825774200001, 32.381470494], [73.089149683, 32.380840176], [73.09080753500001, 32.379121867], [73.09115601500001, 32.378148572], [73.091399328, 32.377469005], [73.09202231, 32.375729034], [73.092730004, 32.373905696], [73.093123131, 32.372893481], [73.093628171, 32.371592627], [73.093979453, 32.370687811], [73.09484934000001, 32.368941095], [73.09676182, 32.36734197], [73.09763679400001, 32.366847834], [73.098787709, 32.36619786], [73.099769808, 32.364789051], [73.10003781200001, 32.363103845], [73.100201642, 32.362073287], [73.100349654, 32.361142051], [73.100336463, 32.359792629], [73.100310651, 32.357152388], [73.100517904, 32.355945716], [73.100860692, 32.353950492], [73.10098616, 32.353399768], [73.101362077, 32.35174973], [73.101900057, 32.351035743], [73.102907586, 32.349698582], [73.103726821, 32.349007788], [73.104183352, 32.348622492], [73.10468147200001, 32.348202805], [73.105086234, 32.347803249], [73.106282272, 32.346639377], [73.106697277, 32.346316843], [73.107287283, 32.34585788], [73.107529134, 32.345261476], [73.10773234700001, 32.344760472], [73.107791906, 32.343570828], [73.10787056800001, 32.341994088], [73.107695606, 32.339934828], [73.107623529, 32.339090024], [73.107335199, 32.338304352], [73.106713096, 32.336606299], [73.106469108, 32.33594068], [73.10617989900001, 32.335439332], [73.104808092, 32.333061293], [73.104179701, 32.331971971], [73.10205915, 32.32989938], [73.10195939509131, 32.32981431132274], [73.0943722202213, 32.328407665729195], [73.07263968020786, 32.3082618392718], [73.07255158692173, 32.30818834786316], [73.0724563081346, 32.30812444663523], [73.07235488342465, 32.3080708328085], [73.06869388484702, 32.306373980025526], [73.06860909751089, 32.30633890601771], [73.06852167842068, 32.306311031637684], [73.06843223771601, 32.30629055143407], [73.05979662199357, 32.30468952720414], [73.05825471861947, 32.30183087213946], [73.05646724659483, 32.29685997119785], [73.05468633242806, 32.29025641952517], [73.05468633242806, 32.276827098413506], [73.0546819907053, 32.27672953728425], [73.05466899986385, 32.27663274749896], [73.05283850057504, 32.266451630801136], [73.05281601650557, 32.266352935952646], [73.05278454149119, 32.2662567302877], [73.05274434288636, 32.26616383099456], [73.05269576214523, 32.26607502717657], [73.0526392119214, 32.26599107314937], [73.05257517256267, 32.2659126820336], [73.0525041880309, 32.26584051969754], [73.04884318945327, 32.2624468141316], [73.04875434127891, 32.262372757624206], [73.04865819753147, 32.26230845564756], [73.04855582451836, 32.262254621359595], [73.04844835763433, 32.26221185182359], [73.04833698876902, 32.262180621386285], [73.04822295308803, 32.26216127641704], [73.03357895877751, 32.26046442363407], [73.03345254067781, 32.260457123793486], [73.02254195114149, 32.260457123793486], [73.01008198614856, 32.25880708793378], [73.00126972573945, 32.25227199286291], [72.9958658923445, 32.24559293373701], [72.99579934784738, 32.245517959256446], [72.99572624443529, 32.24544936454839], [72.99564719113121, 32.245387721073904], [72.99556284652655, 32.24533354238346], [72.99547391329443, 32.24528727983859], [72.9918129147168, 32.24359042705562], [72.99170228902817, 32.24354627166664], [72.9915875322396, 32.2435143558267], [72.99146999409079, 32.24349505492166], [72.99135105703508, 32.24348859596378], [72.98812081107054, 32.24348859596378], [72.98477571434475, 32.240387727952985], [72.98470067452077, 32.24032416999049], [72.98462025036905, 32.24026757895233], [72.9845350866492, 32.240218408528264], [72.98444586611791, 32.2401770529171], [72.98435330405525, 32.24014384366633], [72.9791007821902, 32.23852083359493], [72.97562321790068, 32.235297169604074], [72.97554480700566, 32.235231016750866], [72.97546056577805, 32.23517246861668], [72.97537122921091, 32.23512203602587], [72.97527757675338, 32.23508015899581], [72.97518042551023, 32.235047202897775], [72.97508062311255, 32.235023455269165], [72.97497904032247, 32.23500912330475], [72.97487656343574, 32.23500433204893], [72.97121556485811, 32.23500433204893], [72.97111819692414, 32.23500865655937], [72.97102159575482, 32.235021596035544], [72.97092652207661, 32.235043048580096], [72.97083372458708, 32.23507284525597], [72.96186600165139, 32.23839803761487], [72.95850302085148, 32.23839803761487], [72.94944978394305, 32.23671958733228], [72.94935756152393, 32.23670650658468], [72.94926456239646, 32.23670128711761], [72.94917145546006, 32.23670396647227], [72.92541397414693, 32.23839803761487], [72.91459568652961, 32.23839803761487], [72.90768056002548, 32.236795475990725], [72.90529774041534, 32.23458662832195], [72.90458539074525, 32.232935777475525], [72.90458539074525, 32.229315220490335], [72.90457919747476, 32.22919874827862], [72.9045606875105, 32.229083589631855], [72.90273018822168, 32.220599325717004], [72.90270076907932, 32.220490433542935], [72.90266033652684, 32.22038513301961], [72.90260931702468, 32.22028453479939], [72.90254824869866, 32.22018969993729], [72.89888725012104, 32.21509914158838], [72.89881885317617, 32.21501341463799], [72.89874224777046, 32.21493493620843], [72.89325074990401, 32.20984437785952], [72.89316924001918, 32.2097758578182], [72.89308147777801, 32.209715553204646], [72.88758997991157, 32.206321847638705], [72.88750145182931, 32.206272628608424], [72.88740876584853, 32.20623177468256], [72.88731271030011, 32.206199633339885], [72.88721410217443, 32.20617647795521], [72.88711378017251, 32.20616250547424], [72.88701259757264, 32.206157834738434], [72.88427124428574, 32.206157834738434], [72.88425704769686, 32.20618091212726], [72.88419027114521, 32.20626842959308], [72.88411506907964, 32.20634882277691], [72.88403219699924, 32.20642128402835], [72.883942487458, 32.206485085383235], [72.88384684170084, 32.2065395858769], [72.88374622060938, 32.20658423798351], [72.88364163504872, 32.20661859311664], [72.88353413571201, 32.20664230613587], [72.86339864353505, 32.21003601170181], [72.8633076941775, 32.21004746126445], [72.86321610681804, 32.21005128666798], [72.82135677795404, 32.21005128666798], [72.81807297504515, 32.21157331132505], [72.8112299270157, 32.21791674186541], [72.8112299270157, 32.22083095657548], [72.81122411655302, 32.220943781643186], [72.8112067466445, 32.221055412927576], [72.81117800107826, 32.2211646692766], [72.81113818400638, 32.221270394666945], [72.81108771672666, 32.221371470435834], [72.81102713322502, 32.22146682711733], [72.81095707452543, 32.22155545575824], [72.81087828190735, 32.221636418593626], [72.80721728332972, 32.22503012415957], [72.8071388724347, 32.225096277012774], [72.8070546312071, 32.22515482514696], [72.80696529463995, 32.22520525773777], [72.80687164218243, 32.225247134767834], [72.80677449093928, 32.225280090865866], [72.80667468854159, 32.225303838494476], [72.80657310575151, 32.22531817045889], [72.80647062886479, 32.22532296171471], [72.77578289356804, 32.22532296171471], [72.77080358762208, 32.229938723765684], [72.76967339449054, 32.23308175371212]], [[72.62856719043324, 32.370139632983985], [72.62898696032464, 32.369006101063846], [72.62980344221309, 32.37089704806161], [72.62856719043324, 32.370139632983985]], [[72.57757451471446, 32.297637714293906], [72.57801578304614, 32.297946012074014], [72.57872561313415, 32.299671105323256], [72.57757451471446, 32.297637714293906]]]}}, {"type": "Feature", "properties": {"na": "NA-83", "src": "sheet-split: sargodha_na82_83_86.jpg, outline-fit", "approx": false, "rms_km": 1.909}, "geometry": {"type": "Polygon", "coordinates": [[[72.87797262933042, 31.901218300322263], [72.87785494535254, 31.901224068065854], [72.87773732071214, 31.901217195694773], [72.87762110914308, 31.901197762302672], [72.87750764811626, 31.90116599154711], [72.87739824344683, 31.901122249075524], [72.87007624629157, 31.897728543509583], [72.86997482158162, 31.897674929682847], [72.8698795427945, 31.897611028454925], [72.86979144950837, 31.89753753704628], [72.86644635278257, 31.894436669035485], [72.86321610681804, 31.894436669035485], [72.86311492421817, 31.894431998299677], [72.86301460221625, 31.894418025818702], [72.86291599409057, 31.894394870434034], [72.86281993854215, 31.89436272909136], [72.86272725256137, 31.894321875165495], [72.86263872447911, 31.89427265613521], [72.85726645411857, 31.890952632296962], [72.85206729359953, 31.889346110686574], [72.8432464321267, 31.889346110686574], [72.83807616169815, 31.89094370536452], [72.83095729855175, 31.895893036463164], [72.82552227621787, 31.90093124261222], [72.82543418293174, 31.901004734020866], [72.82533890414462, 31.901068635248787], [72.82523747943466, 31.901122249075524], [72.82157648085703, 31.902819101858494], [72.82143886735074, 31.90287197968184], [72.81594736948429, 31.90456883246481], [72.81584110111045, 31.904595937971578], [72.81573265929305, 31.904612310143555], [72.81562312530886, 31.904617785733308], [72.81239287934433, 31.904617785733308], [72.8074488300376, 31.909200865266047], [72.80720282858032, 31.91011302788738], [72.80387004322465, 31.922470849909743], [72.80383734630331, 31.922572244808748], [72.80379497935023, 31.922669994772914], [72.80374334100642, 31.922763180048886], [72.80368291714973, 31.922850923833572], [72.80361427632302, 31.92293240052421], [72.80353806438464, 31.92300684348666], [72.8034549984314, 31.92307355226885], [72.8033658600512, 31.923131899191503], [72.80327148796889, 31.92318133525414], [72.79594949081363, 31.92657504082008], [72.79583886512499, 31.926619196209064], [72.79572410833643, 31.926651112049008], [72.79560657018762, 31.926670412954046], [72.7954876331319, 31.926676871911923], [72.77944389214566, 31.926676871911923], [72.7727894419506, 31.932845474326378], [72.7727894419506, 31.94933451130022], [72.77278375122776, 31.949446170838986], [72.77276673803101, 31.949556673273623], [72.77273857866449, 31.949664873490818], [72.77269956493775, 31.94976965023466], [72.76909423004426, 31.958124915086373], [72.7687623435152, 31.96027850131679], [72.76746029652786, 31.96872738434707], [72.7687623435152, 31.96752040105703], [72.76746029652786, 31.968727384347073], [72.76728512984633, 31.96986402750778], [72.76726255035963, 31.969973318572706], [72.76722899662077, 31.9700797540776], [72.76718481506423, 31.970182235100985], [72.76713046185412, 31.970279703550467], [72.76706649817454, 31.9703711530873], [72.76699358443538, 31.970455639516594], [72.7669124734538, 31.970532290535893], [72.76682400268155, 31.970600314741503], [72.76672908555848, 31.970659009799558], [72.76662870208149, 31.970707769697423], [72.7665238886863, 31.970746091000656], [72.76116630147745, 31.97240156587954], [72.75588493429862, 31.975665412215537], [72.75066809544514, 31.98050136466903], [72.748992951196, 31.985159885759497], [72.748992951196, 31.991755830874478], [72.74898714073332, 31.991868655942177], [72.7489697708248, 31.991980287226575], [72.74894102525856, 31.992089543575588], [72.74890120818668, 31.99219526896594], [72.74885074090696, 31.992296344734825], [72.74879015740532, 31.99239170141633], [72.74872009870573, 31.992480330057237], [72.74864130608765, 31.99256129289262], [72.7482800789672, 31.992896146475122], [72.74498030751002, 31.99595499845856], [72.74493014119349, 31.995997322232228], [72.74500813031388, 31.996067642208747], [72.74508049128086, 31.99614701310489], [72.74514475367708, 31.996233072346847], [72.74520030294181, 31.996324996924], [72.74738894693844, 32.00038269492946], [72.74886130151944, 32.003112408055884], [72.74890807255699, 32.003210432946666], [72.74894493303741, 32.00331259807843], [72.74897152249063, 32.00341790434672], [72.74898758089019, 32.00352532192894], [72.748992951196, 32.003633800355274], [72.748992951196, 32.01181415213548], [72.75798921805202, 32.026825145572985], [72.75804457892932, 32.02692996368988], [72.75808832080158, 32.02704013770213], [72.75811993412267, 32.02715438420008], [72.75813905063114, 32.027271372333956], [72.75814544764008, 32.02738973931686], [72.75814544764008, 32.03220298098164], [72.75975784923574, 32.03519233820412], [72.76328530039817, 32.03846224677951], [72.76335889729262, 32.03853733241515], [72.76342497728731, 32.03861911132351], [72.76348293481583, 32.038706834071085], [72.76353223874713, 32.03879969675417], [72.76357243725303, 32.038896848365965], [72.76360316194871, 32.03899739859534], [72.7636241312687, 32.03910042598574], [72.76545463055751, 32.05097839546653], [72.76546423655007, 32.05106179183161], [72.76546744479533, 32.051145678278445], [72.76546744479533, 32.056236236627356], [72.76546423655007, 32.056320123074194], [72.76545463055751, 32.05640351943927], [72.7636241312687, 32.068281488920064], [72.76360605685274, 32.068372848489844], [72.7635803075469, 32.06846234837114], [72.76354706849368, 32.06854934504259], [72.7599286028092, 32.076935040142715], [72.75814544764008, 32.085199866656666], [72.75814544764008, 32.11039002453031], [72.75978039743823, 32.11645234672182], [72.76469338939748, 32.117970443292464], [72.7647906192795, 32.118005579771044], [72.76488411464237, 32.11804970277186], [72.76497304705978, 32.118102421338016], [72.76505662853583, 32.11816326835062], [72.76513411848731, 32.11823170466776], [72.76520483030562, 32.1183071239016], [72.76526813744061, 32.1183888577914], [72.76532347895217, 32.118476182124674], [72.76537036448048, 32.11856832315418], [72.76540837859098, 32.118664464453765], [72.76543718445527, 32.11876375415245], [72.7657598407129, 32.12010969882137], [72.76693184422639, 32.124998653687655], [72.76897426808148, 32.13351852408945], [72.77193329715604, 32.13489001785368], [72.78816563597664, 32.13489001785368], [72.78827516996083, 32.13489549344343], [72.78838361177823, 32.13491186561541], [72.78848988015207, 32.13493897112217], [72.79398137801851, 32.13663582390514], [72.79407394008118, 32.136669033155904], [72.79416316061247, 32.13671038876707], [72.79424832433232, 32.136759559191134], [72.79432874848403, 32.13681615022929], [72.79440378830802, 32.13687970819179], [72.79976798215701, 32.14185225711146], [72.80313069130463, 32.14341085437788], [72.81363209551131, 32.145033302149564], [72.81699176691595, 32.14347611286037], [72.81709116835566, 32.143435813563904], [72.8171940267086, 32.14340540240243], [72.81729936096697, 32.14338516942128], [72.8174061665091, 32.14337530759178], [72.81751342468104, 32.143375910970775], [72.84863191259089, 32.145072763753745], [72.84876558702778, 32.14508830991236], [72.84889635668296, 32.14512008781999], [72.8543878545494, 32.14681694060296], [72.85448041661206, 32.14685014985373], [72.85456963714336, 32.14689150546489], [72.8546548008632, 32.146940675888956], [72.85473522501492, 32.146997266927116], [72.8548102648389, 32.147060824889614], [72.85828782912843, 32.15028448888047], [72.86354035099347, 32.15190749895187], [72.86363291305614, 32.15194070820264], [72.86372213358743, 32.151982063813804], [72.86380729730728, 32.15203123423787], [72.863887721459, 32.15208782527603], [72.86396276128298, 32.152151383238525], [72.8676237598606, 32.155545088804466], [72.86770036526632, 32.155623567234024], [72.86776876221118, 32.15570929418442], [72.87142976078881, 32.16079985253333], [72.87148532681009, 32.16088520373876], [72.87153274784713, 32.16097533506646], [72.87157161613572, 32.16106947149474], [72.87331154779571, 32.16590816424508], [72.88226775417112, 32.17421046941714], [72.88234124121632, 32.174285431704924], [72.8824072359374, 32.174367067402954], [72.88246513544588, 32.17445463073613], [72.88251441080641, 32.17454732177802], [72.88255461186861, 32.174644293758504], [72.88438511115743, 32.179734852107416], [72.88441329674144, 32.17982531395325], [72.884433580492, 32.17991786848939], [72.88444581144448, 32.180011826865815], [72.88444989856829, 32.180106489784194], [72.88444989856829, 32.20555928152875], [72.88444438166974, 32.205669226872004], [72.88442788639821, 32.20577806767634], [72.88440057846944, 32.20588471049935], [72.88436273222581, 32.20598808398007], [72.88431472788032, 32.20608714960219], [72.88427124428574, 32.206157834738434], [72.88701259757264, 32.206157834738434], [72.88711378017251, 32.20616250547424], [72.88721410217443, 32.20617647795521], [72.88731271030011, 32.206199633339885], [72.88740876584853, 32.20623177468256], [72.88750145182931, 32.206272628608424], [72.88758997991157, 32.206321847638705], [72.89308147777801, 32.209715553204646], [72.89316924001918, 32.2097758578182], [72.89325074990401, 32.20984437785952], [72.89874224777046, 32.21493493620843], [72.89881885317617, 32.21501341463799], [72.89888725012104, 32.21509914158838], [72.90254824869866, 32.22018969993729], [72.90260931702468, 32.22028453479939], [72.90266033652684, 32.22038513301961], [72.90270076907932, 32.220490433542935], [72.90273018822168, 32.220599325717004], [72.9045606875105, 32.229083589631855], [72.90457919747476, 32.22919874827862], [72.90458539074525, 32.229315220490335], [72.90458539074525, 32.232935777475525], [72.90529774041534, 32.23458662832195], [72.90768056002548, 32.236795475990725], [72.91459568652961, 32.23839803761487], [72.92541397414693, 32.23839803761487], [72.94917145546006, 32.23670396647227], [72.94926456239646, 32.23670128711761], [72.94935756152393, 32.23670650658468], [72.94944978394305, 32.23671958733228], [72.95850302085148, 32.23839803761487], [72.96186600165139, 32.23839803761487], [72.97083372458708, 32.23507284525597], [72.97092652207661, 32.235043048580096], [72.97102159575482, 32.235021596035544], [72.97111819692414, 32.23500865655937], [72.97121556485811, 32.23500433204893], [72.97487656343574, 32.23500433204893], [72.97497904032247, 32.23500912330475], [72.97508062311255, 32.235023455269165], [72.97518042551023, 32.235047202897775], [72.97527757675338, 32.23508015899581], [72.97537122921091, 32.23512203602587], [72.97546056577805, 32.23517246861668], [72.97554480700566, 32.235231016750866], [72.97562321790068, 32.235297169604074], [72.9791007821902, 32.23852083359493], [72.98435330405525, 32.24014384366633], [72.98444586611791, 32.2401770529171], [72.9845350866492, 32.240218408528264], [72.98462025036905, 32.24026757895233], [72.98470067452077, 32.24032416999049], [72.98477571434475, 32.240387727952985], [72.98812081107054, 32.24348859596378], [72.99135105703508, 32.24348859596378], [72.99146999409079, 32.24349505492166], [72.9915875322396, 32.2435143558267], [72.99170228902817, 32.24354627166664], [72.9918129147168, 32.24359042705562], [72.99547391329443, 32.24528727983859], [72.99556284652655, 32.24533354238346], [72.99564719113121, 32.245387721073904], [72.99572624443529, 32.24544936454839], [72.99579934784738, 32.245517959256446], [72.9958658923445, 32.24559293373701], [73.00126972573945, 32.25227199286291], [73.01008198614856, 32.25880708793378], [73.02254195114149, 32.260457123793486], [73.03345254067781, 32.260457123793486], [73.03357895877751, 32.26046442363407], [73.04822295308803, 32.26216127641704], [73.04833698876902, 32.262180621386285], [73.04844835763433, 32.26221185182359], [73.04855582451836, 32.262254621359595], [73.04865819753147, 32.26230845564756], [73.04875434127891, 32.262372757624206], [73.04884318945327, 32.2624468141316], [73.0525041880309, 32.26584051969754], [73.05257517256267, 32.2659126820336], [73.0526392119214, 32.26599107314937], [73.05269576214523, 32.26607502717657], [73.05274434288636, 32.26616383099456], [73.05278454149119, 32.2662567302877], [73.05281601650557, 32.266352935952646], [73.05283850057504, 32.266451630801136], [73.05466899986385, 32.27663274749896], [73.0546819907053, 32.27672953728425], [73.05468633242806, 32.276827098413506], [73.05468633242806, 32.29025641952517], [73.05646724659483, 32.29685997119785], [73.05825471861947, 32.30183087213946], [73.05979662199357, 32.30468952720414], [73.06843223771601, 32.30629055143407], [73.06852167842068, 32.306311031637684], [73.06860909751089, 32.30633890601771], [73.06869388484702, 32.306373980025526], [73.07235488342465, 32.3080708328085], [73.0724563081346, 32.30812444663523], [73.07255158692173, 32.30818834786316], [73.07263968020786, 32.3082618392718], [73.0943722202213, 32.328407665729195], [73.1019593950913, 32.32981431132274], [73.101523616, 32.329442689], [73.100427867, 32.328508259], [73.09957334100001, 32.327568062], [73.09900690500001, 32.326944839], [73.098441051, 32.326322254], [73.09766123, 32.325254556], [73.097402348, 32.324900104], [73.096359636, 32.323472462], [73.09579735, 32.321568791], [73.095190458, 32.319569108], [73.09467158800001, 32.317859787], [73.09412425100001, 32.316973559], [73.093339016, 32.31570213], [73.09290384, 32.315241157], [73.092469143, 32.314780617], [73.091545057, 32.314417816], [73.08932042, 32.313550238], [73.087675357, 32.313047412], [73.086928491, 32.312817482], [73.086292647, 32.312622388], [73.084878579, 32.31218862], [73.08017809200001, 32.31133445], [73.078939986, 32.311109396], [73.07846828800001, 32.310961181], [73.077881696, 32.310737069], [73.07621002, 32.310098389], [73.074842196, 32.308717933], [73.074577466, 32.307205547], [73.074431195, 32.306369911], [73.073989946, 32.304799086], [73.073593772, 32.30443195], [73.072990218, 32.303872506], [73.070283327, 32.302088006], [73.068921786, 32.3013916], [73.06873892, 32.300470093], [73.06861058, 32.299828872], [73.068822393, 32.298171026], [73.069432371, 32.297244318], [73.06967964, 32.29686865], [73.07051550300001, 32.296382192], [73.071293353, 32.295929503], [73.071803978, 32.295798139], [73.073783691, 32.295288829], [73.074315626, 32.29523267], [73.075551195, 32.295181685], [73.076829013, 32.295128957], [73.077565088, 32.29542242], [73.079269712, 32.296102238], [73.081078797, 32.296500601], [73.082838201, 32.295873658], [73.083405983, 32.295671399], [73.08462341500001, 32.293640136], [73.085138217, 32.291208267], [73.085123554, 32.290031359], [73.08511444, 32.289093594], [73.085444597, 32.288383624], [73.08600976800001, 32.287173914], [73.086284901, 32.286584892], [73.086908829, 32.286272394], [73.088485932, 32.285483167], [73.088934269, 32.285341595], [73.090690319, 32.284852466], [73.092382392, 32.284628685], [73.093117025, 32.284650175], [73.094607815, 32.284847271], [73.095211112, 32.284783914], [73.09648499, 32.285234231], [73.09850156600001, 32.285690177], [73.099658022, 32.286176747], [73.101576953, 32.286984125], [73.10311239500001, 32.287630151], [73.104559005, 32.288537986], [73.107810497, 32.29057849], [73.109609809, 32.291424656], [73.110329678, 32.29176319], [73.112410755, 32.292741863], [73.114404924, 32.293724194], [73.11918837600001, 32.296080529], [73.122377752, 32.29765162], [73.12446721500001, 32.298928685], [73.12508924, 32.299309153], [73.12682172, 32.300367743], [73.128493957, 32.300903975], [73.129141388, 32.301111589], [73.13097191700001, 32.301180857], [73.132008153, 32.300986321], [73.132455662, 32.300902444], [73.13325252300001, 32.30068749], [73.134355625, 32.300237552], [73.13579780100001, 32.298909138], [73.136326042, 32.29772266], [73.13641612500001, 32.296935103], [73.13645087, 32.296269257], [73.135637796, 32.294731536], [73.135013053, 32.293549997], [73.13450212, 32.292581722], [73.133937018, 32.291510786], [73.133164339, 32.290245611], [73.13248216800001, 32.289128631], [73.131932566, 32.286999398], [73.13205252, 32.285870146], [73.132130744, 32.285137259], [73.132179637, 32.284677817], [73.132338341, 32.284125381], [73.132497505, 32.283571346], [73.132811263, 32.282479193], [73.133931963, 32.280961972], [73.13493536700001, 32.280193972], [73.137657879, 32.278111306], [73.138338106, 32.277590873], [73.139329464, 32.276124688], [73.140073402, 32.275024094], [73.1417466, 32.272548946], [73.142150449, 32.27195181], [73.142590276, 32.271204602], [73.14457504, 32.267833689], [73.145288292, 32.266622247], [73.145820435, 32.265485295], [73.146353551, 32.264345965], [73.150109821, 32.256319439], [73.150861836, 32.254712507], [73.151185686, 32.253279325], [73.151861651, 32.25028915], [73.151981217, 32.24976103], [73.152123836, 32.249131012], [73.15235951400001, 32.248089374], [73.152651027, 32.247191432], [73.152804437, 32.246718622], [73.154502865, 32.241485993], [73.154812845, 32.240530983], [73.155436581, 32.2399126], [73.155775527, 32.239577041], [73.15650229900001, 32.238920389], [73.157175967, 32.238434764], [73.157673286, 32.238189916], [73.159460972, 32.2381408], [73.160048395, 32.23812466], [73.161689889, 32.23807956], [73.16426926, 32.23872875], [73.164738229, 32.238993631], [73.166217079, 32.239828512], [73.167199104, 32.240383565], [73.168423476, 32.240915066], [73.168822547, 32.241088303], [73.170271428, 32.241717261], [73.172768559, 32.242018084], [73.173725315, 32.241921426], [73.176093428, 32.241618191], [73.176694261, 32.241478484], [73.180217219, 32.240476187], [73.180800706, 32.240310353], [73.181204136, 32.240146209], [73.181665169, 32.239958628], [73.18507194, 32.238572514], [73.187938547, 32.237946452], [73.18863855100001, 32.237793573], [73.189531007, 32.23762812], [73.190424096, 32.237573033], [73.191316942, 32.237596209], [73.191956786, 32.23763379], [73.193727802, 32.238100939], [73.195919731, 32.239516536], [73.1964303, 32.239907048], [73.19770583200001, 32.240882647], [73.199412674, 32.242188135], [73.204146979, 32.246146747], [73.204819308, 32.246708918], [73.206303237, 32.248429134], [73.206838862, 32.249561116], [73.207399578, 32.250739857], [73.208046243, 32.251958262], [73.208192124, 32.252666761], [73.208304502, 32.253319465], [73.208438247, 32.253873262], [73.208560274, 32.25436873], [73.208728821, 32.255113475], [73.208705429, 32.255616416], [73.209344089, 32.257250928], [73.210929946, 32.258250614], [73.211658009, 32.2584863], [73.212472317, 32.258749828], [73.214011082, 32.259469059], [73.21500403200001, 32.260390096], [73.215443917, 32.260905737], [73.215823321, 32.261356933], [73.216364343, 32.262513239], [73.216612576, 32.263091646], [73.217051565, 32.264362303], [73.217783256, 32.265127059], [73.219589629, 32.265771915], [73.220224197, 32.265793218], [73.220779385, 32.265812128], [73.221939557, 32.265851967], [73.223401978, 32.265350255], [73.223880441, 32.264925663], [73.22428049, 32.264570788], [73.224564963, 32.263938791], [73.225111346, 32.262273257], [73.22496898300001, 32.260072331], [73.22438834, 32.258179242], [73.22417726, 32.257491053], [73.224278258, 32.256661999], [73.224392882, 32.25572104], [73.22525019400001, 32.25431033], [73.227002514, 32.253150499], [73.228031017, 32.252862683], [73.231248483, 32.251962309], [73.23299757800001, 32.25103852], [73.23474943100001, 32.249868204], [73.235391901, 32.248877563], [73.236199756, 32.247493367], [73.236355193, 32.246711443], [73.236478372, 32.246092069], [73.236513953, 32.245358969], [73.23651944400001, 32.244430294], [73.236312336, 32.243692877], [73.236052891, 32.242769644], [73.235659053, 32.241367818], [73.235429288, 32.240671233], [73.234182237, 32.238088924], [73.233219136, 32.236265556], [73.23265038800001, 32.235188788], [73.23254386900001, 32.233923607], [73.232481467, 32.233182429], [73.23283194000001, 32.231309013], [73.234082489, 32.229798703], [73.234439349, 32.229519486], [73.235307903, 32.228839897], [73.237883417, 32.228328858], [73.240059464, 32.227898842], [73.24052094000001, 32.22750362], [73.24156089200001, 32.226612972], [73.241897193, 32.2260968], [73.242266906, 32.225529383], [73.24262048, 32.223784629], [73.242781309, 32.222990992], [73.242851535, 32.22223341], [73.24293525, 32.221331794], [73.24309956, 32.219910691], [73.24384530200001, 32.218236004], [73.244373578, 32.217051253], [73.245691789, 32.215350615], [73.246048994, 32.214889781], [73.246644126, 32.214423509], [73.247274651, 32.213929508], [73.24790839900001, 32.213432981], [73.249173807, 32.212441483], [73.250842581, 32.211076454], [73.25216875800001, 32.209991642], [73.252392639, 32.209463648], [73.25305089000001, 32.207911242], [73.253113018, 32.207098527], [73.253340158, 32.204127258], [73.253406366, 32.203261188], [73.25324733, 32.201984476], [73.253090047, 32.201402004], [73.253029382, 32.200251287], [73.25241927, 32.197349796], [73.251985136, 32.196017568], [73.251851739, 32.195608213], [73.25131855100001, 32.193972016], [73.249509172, 32.188424444], [73.249231285, 32.187412267], [73.249011057, 32.186583727], [73.248680498, 32.18531473], [73.248701639, 32.184143382], [73.248746212, 32.181673771], [73.248758213, 32.181008778], [73.24890262800001, 32.180230899], [73.249133369, 32.178986245], [73.249284113, 32.178177685], [73.249774693, 32.17677428], [73.24993466, 32.176323402], [73.25030019200001, 32.175294261], [73.251141194, 32.17413234], [73.25167046700001, 32.173439378], [73.252159503, 32.172799039], [73.253045659, 32.172182583], [73.254284954, 32.171320464], [73.254729497, 32.171027639], [73.255586252, 32.170532944], [73.256750314, 32.169860933], [73.257214749, 32.169592816], [73.25768140800001, 32.169323414], [73.258369321, 32.169094801], [73.26086574300001, 32.168265222], [73.26251244, 32.167786042], [73.262980262, 32.167651652], [73.26445004700001, 32.167229433], [73.267859006, 32.16723974], [73.27044377700001, 32.167323486], [73.271240129, 32.167350411], [73.272060635, 32.167149389], [73.27383290600001, 32.166715059], [73.274721256, 32.166333557], [73.27575242200001, 32.165842488], [73.276998068, 32.164518102], [73.277301205, 32.164064159], [73.277429665, 32.163416795], [73.277605082, 32.162541061], [73.27785124200001, 32.161312446], [73.27795206200001, 32.160809242], [73.27792345600001, 32.159930612], [73.27789027700001, 32.158893815], [73.27786458, 32.158091826], [73.277969647, 32.156831657], [73.278078095, 32.155501181], [73.278668633, 32.154005468], [73.279116895, 32.152870112], [73.280154648, 32.151592142], [73.280782312, 32.150819017], [73.28137293, 32.150289955], [73.282938282, 32.148887748], [73.283647825, 32.148252156], [73.285116531, 32.147254987], [73.287698428, 32.145502022], [73.290773037, 32.143395957], [73.291286421, 32.142994683], [73.292127395, 32.142297966], [73.293250529, 32.141367488], [73.294518771, 32.139521297], [73.295251764, 32.137727339], [73.295548753, 32.137000476], [73.296412724, 32.134718751], [73.29704143500001, 32.133058343], [73.297999379, 32.131625517], [73.298448571, 32.130953837], [73.299190507, 32.129844317], [73.299549844, 32.129330674], [73.301276936, 32.127119726], [73.30180115600001, 32.126448739], [73.302241463, 32.126016865], [73.302935895, 32.125336043], [73.30405008000001, 32.124244369], [73.305108221, 32.123647706], [73.30730952600001, 32.122409544], [73.30802743400001, 32.122105061], [73.30779897100001, 32.121723739], [73.30718128800001, 32.120271512], [73.30704385, 32.117565872], [73.306958002, 32.11702838], [73.306733352, 32.116045253], [73.306614271, 32.115524117], [73.306361422, 32.114741251], [73.306038959, 32.113789383], [73.305290123, 32.112891104], [73.304652164, 32.112335844], [73.304069771, 32.111828947], [73.303322547, 32.111367421], [73.302468684, 32.110839944], [73.298794306, 32.10861413], [73.297617536, 32.107901283], [73.295536419, 32.10715142], [73.291372117, 32.105650948], [73.28956637600001, 32.104979174], [73.287219387, 32.104105842], [73.286448805, 32.103819102], [73.285154266, 32.103092805], [73.28461472, 32.102789408], [73.283338958, 32.101369022], [73.282730357, 32.100308285], [73.282427669, 32.099750115], [73.282153779, 32.099245075], [73.281953934, 32.098870377], [73.281682451, 32.098350283], [73.281355475, 32.09794069], [73.281029324, 32.097532114], [73.280334854, 32.0971306], [73.27989981200001, 32.096879051], [73.279010161, 32.096488191], [73.27668882200001, 32.095468329], [73.275255087, 32.094856676], [73.274207758, 32.09440987], [73.273382053, 32.094057613], [73.272623468, 32.093725104], [73.271491015, 32.093228719], [73.27079797, 32.092744091], [73.269608782, 32.091912523], [73.267940257, 32.09044773], [73.267020138, 32.089163296], [73.266575997, 32.088506761], [73.26590447800001, 32.087515268], [73.265657773, 32.08711821], [73.26543143, 32.086522944], [73.264912296, 32.085812407], [73.264160089, 32.085321628], [73.26307309, 32.084463544], [73.261386518, 32.08249335], [73.260819814, 32.080300289], [73.26093147, 32.078657644], [73.26114041000001, 32.077827999], [73.26133865, 32.077040836], [73.261467677, 32.07652493], [73.26164117, 32.075831208], [73.261597764, 32.075317038], [73.26155927500001, 32.074861741], [73.261250658, 32.073888196], [73.26054186, 32.072990233], [73.260194611, 32.072623092], [73.259040368, 32.07200123], [73.258449555, 32.071962887], [73.257974464, 32.071932055], [73.257441346, 32.071883407], [73.256847438, 32.071813162], [73.256407273, 32.071775334], [73.255880314, 32.07137531], [73.255498458, 32.071000964], [73.255311162, 32.070554429], [73.25526826, 32.069792275], [73.255414516, 32.06913994], [73.255600358, 32.068519801], [73.255783999, 32.067907012], [73.255971922, 32.06727993], [73.256214463, 32.066759319], [73.256722132, 32.065670784], [73.257525561, 32.064084407], [73.258231069, 32.062697296], [73.258831544, 32.061982961], [73.25958127, 32.061091213], [73.260115766, 32.060169652], [73.260360366, 32.059747916], [73.26133865, 32.05765769], [73.261344947, 32.057213762], [73.26127245, 32.0557105], [73.26107708, 32.055029595], [73.260533108, 32.054251339], [73.259585008, 32.053223981], [73.258196929, 32.051719858], [73.256859199, 32.050551095], [73.255197752, 32.049099502], [73.25228060500001, 32.046881335], [73.251747478, 32.046522201], [73.251206607, 32.046157895], [73.250766655, 32.045730549], [73.250294764, 32.045163472], [73.249792459, 32.044345435], [73.249571327, 32.04369864], [73.24985939, 32.042893044], [73.249884258, 32.042178046], [73.249928956, 32.041543734], [73.249999934, 32.040871869], [73.249858617, 32.040186956], [73.249731495, 32.039578763], [73.24947908700001, 32.039088762], [73.24926879600001, 32.038680536], [73.24896270900001, 32.038380828], [73.248520024, 32.037947357], [73.24728102, 32.037529292], [73.246538139, 32.037278632], [73.245702553, 32.037038175], [73.244137038, 32.03658767], [73.243318273, 32.036352057], [73.24193936200001, 32.03621055], [73.24086638300001, 32.036100789], [73.238860555, 32.035738067], [73.237367374, 32.035474239], [73.236948067, 32.035400155], [73.235060832, 32.03457139], [73.23439098300001, 32.034166083], [73.232611316, 32.033089369], [73.231277676, 32.032170302], [73.230272965, 32.031477913], [73.22950873100001, 32.030951248], [73.227562426, 32.029134444], [73.227104525, 32.028403238], [73.226848349, 32.027727497], [73.226643982, 32.027177233], [73.22670964800001, 32.025932546], [73.226795629, 32.025259729], [73.22713726500001, 32.024965552], [73.22818662200001, 32.024064539], [73.2307629, 32.023491787], [73.23325174700001, 32.022501477], [73.234221214, 32.021220603], [73.234638892, 32.02061866], [73.23500031600001, 32.020097931], [73.235278648, 32.019348595], [73.23595055700001, 32.017539645], [73.236123422, 32.016873637], [73.236354969, 32.015908713], [73.236445452, 32.015366509], [73.23655255300001, 32.014582111], [73.236686558, 32.013600201], [73.236719344, 32.012966963], [73.23672827700001, 32.012477244], [73.236782703, 32.009040436], [73.236791779, 32.008350063], [73.236798614, 32.007815804], [73.23678895, 32.007329531], [73.236727437, 32.005571662], [73.236401174, 32.004311097], [73.235743021, 32.001771571], [73.23541708, 31.999484926], [73.233967035, 31.996647406], [73.23275999, 31.994447698], [73.232327892, 31.993661145], [73.231980321, 31.993029362], [73.231239607, 31.991682957], [73.229965694, 31.990239137], [73.22872081700001, 31.988828403], [73.22673562, 31.986395294], [73.225968185, 31.985454707], [73.22545807, 31.984829498], [73.224874313, 31.984245516], [73.224293409, 31.983664387], [73.22371270500001, 31.983083459], [73.222839691, 31.982210108], [73.221768933, 31.981421884], [73.219269411, 31.979581894], [73.217410631, 31.978235866], [73.214659232, 31.976243444], [73.21259559500001, 31.974749065], [73.21173975500001, 31.974124511], [73.209216718, 31.972225574], [73.207870247, 31.971212168], [73.206073996, 31.969980646], [73.205356808, 31.969489144], [73.203079562, 31.967928036], [73.200952893, 31.966516303], [73.200314789, 31.966087788], [73.19935976900001, 31.965277797], [73.19891076, 31.964862741], [73.197947567, 31.963130932], [73.19728712300001, 31.961367094], [73.197177749, 31.960799097], [73.196935966, 31.959677733], [73.196125457, 31.957671936], [73.195099382, 31.955948958], [73.194837179, 31.95559446], [73.19429507400001, 31.954861417], [73.193698764, 31.954041278], [73.193286672, 31.952984178], [73.193052113, 31.952382492], [73.192821429, 31.951974123], [73.19259322900001, 31.95157028], [73.19217454000001, 31.951064666], [73.191849384, 31.950671988], [73.191379067, 31.950344534], [73.190912216, 31.950013407], [73.18978714100001, 31.949203923], [73.18930459100001, 31.948854684], [73.188520458, 31.948074097], [73.188001778, 31.947557731], [73.18769438000001, 31.947059446], [73.187448308, 31.946660516], [73.187343344, 31.945903967], [73.187279382, 31.945443031], [73.187297016, 31.944753006], [73.187707521, 31.942632963], [73.188394269, 31.942027296], [73.18897066400001, 31.941535], [73.190642389, 31.939665044], [73.190442488, 31.937397567], [73.189947887, 31.935607659], [73.1893366, 31.934638847], [73.188512366, 31.933330295], [73.18730264, 31.931443511], [73.186380639, 31.929379664], [73.18579884, 31.928080358], [73.185646147, 31.92745817], [73.185416684, 31.926531015], [73.18531024, 31.926099085], [73.18520202900001, 31.925591031], [73.184963717, 31.924467772], [73.184733944, 31.923552275], [73.183848169, 31.921844802], [73.182607479, 31.920793716], [73.181690155, 31.919415918], [73.18142979000001, 31.918989845], [73.180996895, 31.91776204], [73.180705625, 31.916934797], [73.180732239, 31.915247068], [73.180740147, 31.914821853], [73.180869806, 31.910999432], [73.180912926, 31.909728569], [73.180894905, 31.909291918], [73.180805096, 31.907116057], [73.180779262, 31.906490184], [73.180514623, 31.904932178], [73.17988523800001, 31.902719899], [73.178915081, 31.901596751], [73.178022154, 31.900558302], [73.176942603, 31.899374157], [73.17652947900001, 31.898921005], [73.17548596600001, 31.897698754], [73.175067796, 31.897209999], [73.174170739, 31.896161995], [73.173456052, 31.895622905], [73.172760081, 31.895097931], [73.171778335, 31.894320166], [73.170790822, 31.89353783], [73.17003282, 31.893189819], [73.16844089300001, 31.89245894], [73.16693901, 31.891298103], [73.163561386, 31.893957581], [73.16273213, 31.894646139], [73.161131138, 31.896011336], [73.160651096, 31.897882205], [73.160308656, 31.899176157], [73.160010594, 31.90030242], [73.159735201, 31.901908524], [73.159460998, 31.903507688], [73.159278, 31.907299916], [73.159261293, 31.909243653], [73.1592533, 31.910447668], [73.15910220900001, 31.910930804], [73.15895041600001, 31.911371588], [73.158080904, 31.912124271], [73.157458902, 31.912635418], [73.15703508, 31.912914721], [73.15645913, 31.913294276], [73.155839019, 31.91370294], [73.155224752, 31.913924835], [73.15332017, 31.914612839], [73.15220398400001, 31.915012248], [73.151061012, 31.915421243], [73.149132296, 31.915634334], [73.147261295, 31.915841049], [73.144219231, 31.916731418], [73.142855171, 31.917739095], [73.141977087, 31.918387765], [73.13896657, 31.919657865], [73.13741477100001, 31.919570916], [73.13606981400001, 31.919495686], [73.135610418, 31.919348374], [73.134070687, 31.919148701], [73.13234856400001, 31.919639818], [73.131843659, 31.919920028], [73.13140935700001, 31.92016112], [73.130906796, 31.920539235], [73.1300806, 31.921160847], [73.12795129700001, 31.921972118], [73.125998624, 31.922062627], [73.125211817, 31.9220991], [73.124600365, 31.922108791], [73.123121597, 31.922132221], [73.121420917, 31.922292331], [73.119560128, 31.92300299], [73.118125722, 31.92397611], [73.117101657, 31.925515553], [73.116792614, 31.926121081], [73.116513067, 31.926671009], [73.115821534, 31.927739662], [73.115388494, 31.92840886], [73.114701554, 31.928844824], [73.114193109, 31.929167487], [73.113736581, 31.929434659], [73.113000379, 31.929799909], [73.11243726500001, 31.930079279], [73.110471615, 31.930007599], [73.109319645, 31.92976679], [73.107904027, 31.929471166], [73.10739950300001, 31.929120531], [73.107031633, 31.928891481], [73.106261109, 31.928411721], [73.105591546, 31.928123622], [73.10485921, 31.927808513], [73.102141244, 31.927377918], [73.101249411, 31.927312435], [73.094970977, 31.926851441], [73.094074579, 31.926785623], [73.092974689, 31.926718463], [73.092213962, 31.926713415], [73.09135269, 31.926707763], [73.086614608, 31.926676669], [73.085752267, 31.926671009], [73.084671232, 31.926785236], [73.083293438, 31.92693082], [73.082165644, 31.927050098], [73.081039661, 31.927168966], [73.079987915, 31.92749523], [73.077231248, 31.928350384], [73.076484158, 31.928574271], [73.074552226, 31.929152635], [73.073368592, 31.930432414], [73.07276077600001, 31.931089602], [73.072293259, 31.93142412], [73.071138477, 31.932250392], [73.070378526, 31.932365892], [73.069577799, 31.932487542], [73.0675914, 31.932789145], [73.064797293, 31.93291014], [73.06434699200001, 31.932929604], [73.063412416, 31.932969913], [73.062479651, 31.932775226], [73.06164051600001, 31.932600082], [73.059539908, 31.932161642], [73.057087315, 31.931739991], [73.055864146, 31.931863063], [73.053843547, 31.932066369], [73.053022154, 31.932149015], [73.050901603, 31.932849008], [73.050453888, 31.933033095], [73.049062293, 31.933674013], [73.048627024, 31.933954676], [73.0480519, 31.934691162], [73.04769855100001, 31.93514359], [73.046844394, 31.936236267], [73.045739542, 31.937452462], [73.04518945800001, 31.93805754], [73.044602552, 31.938668919], [73.041069528, 31.942349263], [73.040275434, 31.943182235], [73.038790459, 31.944739527], [73.037901425, 31.945672473], [73.036851928, 31.946385899], [73.034762535, 31.947806227], [73.033712097, 31.948520293], [73.032468304, 31.949014701], [73.030388946, 31.949841246], [73.027169036, 31.951006036], [73.024620192, 31.951929719], [73.021068067, 31.953247174], [73.02034843, 31.953513656], [73.019429765, 31.953820306], [73.016860492, 31.954341798], [73.014641718, 31.954262424], [73.013999981, 31.954239467], [73.013117703, 31.954112046], [73.011931198, 31.953940633], [73.010575757, 31.954369913], [73.00923723800001, 31.954816048], [73.008707325, 31.955051087], [73.007614555, 31.955535611], [73.006878844, 31.955862096], [73.00583025200001, 31.956554408], [73.00512269100001, 31.95702156], [73.004485926, 31.957566121], [73.002880669, 31.958938939], [73.002407446, 31.95934364], [73.00167274200001, 31.960081891], [73.000199191, 31.961618282], [72.997721761, 31.963907229], [72.995792619, 31.965688874], [72.995389525, 31.9653292], [72.993732623, 31.963849235], [72.990748815, 31.960707508], [72.990275674, 31.960209588], [72.989479543, 31.959371762], [72.98850733, 31.958837622], [72.987877155, 31.958492679], [72.987362016, 31.958217418], [72.98657541, 31.957800014], [72.985791809, 31.957378667], [72.982868109, 31.956811369], [72.981671186, 31.956986566], [72.980702546, 31.957161199], [72.980211776, 31.957249292], [72.97693155200001, 31.95710411], [72.975029505, 31.957019926], [72.973764568, 31.957296423], [72.969589629, 31.958209005], [72.968796291, 31.958872327], [72.967641879, 31.95983755], [72.966941438, 31.960433183], [72.966049609, 31.961191566], [72.96510077, 31.961785715], [72.964132119, 31.962392376], [72.963655292, 31.962543072], [72.96282478, 31.963166614], [72.962490993, 31.963442338], [72.961150003, 31.964550553], [72.960550781, 31.966432691], [72.960530059, 31.968306269], [72.96051895100001, 31.969378785], [72.960556054, 31.97029255], [72.960590204, 31.971133625], [72.960618321, 31.971825647], [72.96065262, 31.972669826], [72.960611115, 31.973388896], [72.960570656, 31.974092222], [72.959449891, 31.975901301], [72.95846167, 31.976269434], [72.957459912, 31.976642632], [72.956611873, 31.976699648], [72.955967689, 31.97672525], [72.954027644, 31.976802329], [72.949225812, 31.977006871], [72.947470819, 31.977081627], [72.946296481, 31.97662248], [72.945622756, 31.976359116], [72.945009131, 31.976119245], [72.944437623, 31.975585373], [72.943981972, 31.973428426], [72.943446302, 31.971637922], [72.943891406, 31.969754586], [72.944124739, 31.968787128], [72.944567421, 31.96695166], [72.944668153, 31.965289728], [72.94483435, 31.962538497], [72.944827836, 31.961966514], [72.944770679, 31.960394544], [72.944752262, 31.959884111], [72.944718654, 31.958960761], [72.943688724, 31.956629421], [72.942383018, 31.954639776], [72.941079099, 31.952652855], [72.940938406, 31.951777176], [72.940798978, 31.95090939], [72.940592831, 31.949633403], [72.940664508, 31.948899154], [72.94089304, 31.946686386], [72.94109391, 31.945379296], [72.941580789, 31.94461047], [72.942380395, 31.943350673], [72.943084505, 31.942241535], [72.943561375, 31.941488868], [72.944334642, 31.940892907], [72.944960787, 31.940410336], [72.945483374, 31.940136957], [72.947324697, 31.939173717], [72.947730516, 31.938961424], [72.949288603, 31.93838485], [72.951097289, 31.938057083], [72.952721521, 31.937798673], [72.954989398, 31.937438398], [72.955518434, 31.937328277], [72.957247452, 31.936958225], [72.957739775, 31.936580433], [72.9581435, 31.936269955], [72.958480424, 31.936011155], [72.960705737, 31.935441328], [72.963465884, 31.934124929], [72.96288007400001, 31.933172891], [72.962540146, 31.93262078], [72.962529168, 31.930400678], [72.963201837, 31.929036018], [72.963838416, 31.927890202], [72.962942028, 31.926068638], [72.96180033200001, 31.925926772], [72.961111434, 31.925841168], [72.958925464, 31.926688618], [72.958527386, 31.92693881], [72.95604671800001, 31.928497885], [72.955180214, 31.929045424], [72.953500569, 31.930624155], [72.951300796, 31.932691766], [72.94964463, 31.933455039], [72.94733715000001, 31.93451848], [72.943236185, 31.936512624], [72.942498638, 31.936871269], [72.94190644000001, 31.93702583], [72.939804505, 31.937574424], [72.938747545, 31.937849343], [72.93699108, 31.93753623], [72.93599782000001, 31.93637127], [72.934816335, 31.935105138], [72.932281094, 31.934559722], [72.931268603, 31.934513287], [72.929900508, 31.934451943], [72.929000516, 31.933785162], [72.92815929400001, 31.933165473], [72.92762600200001, 31.932196898], [72.927230361, 31.931478323], [72.92714851400001, 31.929779616], [72.927044128, 31.927610448], [72.92700984400001, 31.926898404], [72.926604491, 31.924994698], [72.926068869, 31.924108551], [72.925195125, 31.922664211], [72.924698768, 31.922009675], [72.924166919, 31.92133948], [72.923132974, 31.920866921], [72.92258442500001, 31.920616209], [72.921392187, 31.920071303], [72.919793805, 31.92022808], [72.91937068, 31.920269778], [72.918236657, 31.920739898], [72.917835897, 31.920906036], [72.916170152, 31.921799269], [72.915535356, 31.922140547], [72.914870613, 31.922497468], [72.912057998, 31.92465798], [72.91124906200001, 31.925729467], [72.910591746, 31.926594804], [72.909248302, 31.927403775], [72.908279265, 31.927631042], [72.907079791, 31.92786019], [72.906315026, 31.927403552], [72.904729395, 31.926451519], [72.903827027, 31.925152388], [72.902617772, 31.923413669], [72.90042149300001, 31.922990464], [72.89952276800001, 31.923239047], [72.899066235, 31.923365743], [72.898139527, 31.923623298], [72.895859396, 31.923641583], [72.894210414, 31.923140766], [72.893064217, 31.922128334], [72.893065214, 31.920361333], [72.894286702, 31.918672418], [72.894951922, 31.918308215], [72.895563057, 31.917974043], [72.897356395, 31.916995631], [72.896984611, 31.914716112], [72.896306853, 31.913923364], [72.89498365300001, 31.912377923], [72.895269391, 31.911442669], [72.895689789, 31.910062232], [72.897213287, 31.909268054], [72.897718944, 31.908902951], [72.898460204, 31.908618529], [72.9009146, 31.905680426], [72.902081415, 31.904026396], [72.902831031, 31.902952078], [72.904058514, 31.901863226], [72.905589778, 31.900504901], [72.906202125, 31.899961712], [72.906823797, 31.899520739], [72.909843765, 31.897378565], [72.91093891700001, 31.896601734], [72.91350279000001, 31.895719792], [72.914388341, 31.895633017], [72.915528685, 31.895521558], [72.91628533100001, 31.895187504], [72.918458529, 31.894228058], [72.919476007, 31.893384307], [72.922872237, 31.890567961], [72.923397109, 31.89018795], [72.924904184, 31.889096827], [72.925878573, 31.888405848], [72.927703783, 31.888067792], [72.928264121, 31.887963882], [72.929381524, 31.88844117], [72.930534625, 31.888966966], [72.930955939, 31.889468483], [72.93134152600001, 31.889743148], [72.932108021, 31.890262217], [72.932599317, 31.890426674], [72.933091836, 31.890591569], [72.9346265, 31.890662689], [72.93513122, 31.890709539], [72.936548649, 31.891015915], [72.93749523400001, 31.891219426], [72.938469274, 31.89217868], [72.939885171, 31.893597761], [72.940369528, 31.894250647], [72.941600293, 31.894688813], [72.942230125, 31.894718157], [72.943247475, 31.89447799], [72.943622339, 31.893981414], [72.943978694, 31.893509477], [72.944140182, 31.892281962], [72.944277997, 31.891234409], [72.944732642, 31.890316419], [72.945441109, 31.888887712], [72.947379322, 31.887427079], [72.951094169, 31.885108286], [72.95190715800001, 31.884600821], [72.953031495, 31.884183075], [72.956613361, 31.882852235], [72.957399017, 31.882560325], [72.958238233, 31.882391156], [72.960252298, 31.881985274], [72.961467693, 31.881740343], [72.963107652, 31.88181341], [72.965980212, 31.881941393], [72.968772398, 31.882065451], [72.969321109, 31.88208983], [72.969992734, 31.882187476], [72.970985017, 31.882331625], [72.972147551, 31.88250076], [72.972830269, 31.882315883], [72.973510378, 31.882131769], [72.97508120900001, 31.881059848], [72.975757422, 31.879045803], [72.97637532600001, 31.877200158], [72.977137365, 31.874862313], [72.978219046, 31.873628381], [72.980451758, 31.872728246], [72.98146590600001, 31.872600884], [72.982787739, 31.872434516], [72.983532327, 31.871989203], [72.984619518, 31.870339246], [72.984760349, 31.869578378], [72.985040683, 31.868063813], [72.985094782, 31.86747869], [72.984859029, 31.865717891], [72.984770875, 31.865059474], [72.98464554, 31.864594453], [72.984498617, 31.864049348], [72.982966164, 31.863407437], [72.98173632400001, 31.862866467], [72.981153504, 31.862648305], [72.978725854, 31.8621018], [72.976201668, 31.861552383], [72.975700836, 31.861337472], [72.975145471, 31.861069633], [72.97411902600001, 31.86045045], [72.97399317, 31.859897385], [72.973887303, 31.859432089], [72.973918587, 31.858913709], [72.97405293300001, 31.858415118], [72.97432334, 31.857740755], [72.974696628, 31.857384626], [72.975075958, 31.857023923], [72.975860737, 31.856295401], [72.976495415, 31.855065179], [72.976098566, 31.853389895], [72.975804568, 31.85248807], [72.975388796, 31.851212708], [72.975416242, 31.850786758], [72.975574414, 31.849840458], [72.97584768, 31.849237792], [72.976607438, 31.848716891], [72.977418739, 31.848160813], [72.977930006, 31.848040559], [72.978439671, 31.847920712], [72.97903143100001, 31.847948032], [72.980110096, 31.847997838], [72.981313866, 31.847744988], [72.981806961, 31.847641409], [72.983853112, 31.847019625], [72.984601954, 31.845768058], [72.984636422, 31.845200008], [72.984671287, 31.844627763], [72.98353727300001, 31.843145843], [72.982738364, 31.842596628], [72.981425965, 31.841830177], [72.980517409, 31.841299574], [72.978352715, 31.841060343], [72.977294525, 31.841276162], [72.975988029, 31.841543668], [72.974492546, 31.84156449], [72.973719895, 31.841542243], [72.972992688, 31.841274249], [72.972369084, 31.840974657], [72.972012641, 31.840638624], [72.970576138, 31.840658583], [72.970075152, 31.841041435], [72.968903834, 31.841499772], [72.968209363, 31.841467644], [72.96744269700001, 31.84143226], [72.966959486, 31.841125581], [72.966478233, 31.840820241], [72.965921047, 31.840292815], [72.964418262, 31.838870524], [72.96375665500001, 31.837952144], [72.962717588, 31.836509813], [72.961680856, 31.836125237], [72.96009914000001, 31.835538497], [72.95943011, 31.835508231], [72.95876157100001, 31.835477988], [72.958296912, 31.835734669], [72.956843257, 31.836553103], [72.956499624, 31.837356487], [72.956115726, 31.838272328], [72.956277985, 31.840509729], [72.956411074, 31.841236157], [72.956767634, 31.843182479], [72.956658654, 31.845240801], [72.956203381, 31.846283508], [72.956023, 31.846696429], [72.955849306, 31.847094216], [72.955597362, 31.847600944], [72.954718943, 31.84886642], [72.954285462, 31.849491088], [72.953849906, 31.850118384], [72.952586756, 31.851065096], [72.95076992700001, 31.851344196], [72.950171559, 31.851436302], [72.949542373, 31.851497471], [72.947622851, 31.85144768], [72.944703403, 31.851371947], [72.942757302, 31.851321474], [72.94187958, 31.85129871], [72.940626007, 31.851162424], [72.939923188, 31.851086045], [72.93901016, 31.850986843], [72.937226443, 31.850778163], [72.935272717, 31.85038647], [72.932660979, 31.84986308], [72.931440857, 31.849618527], [72.929000438, 31.849129386], [72.928532884, 31.849048946], [72.92612488600001, 31.848634868], [72.924521207, 31.848359101], [72.923754811, 31.848130131], [72.9228903836334, 31.847871661834752], [72.9228903836334, 31.849220197104966], [72.92288501332759, 31.849328675531304], [72.92286895492803, 31.84943609311352], [72.9228423654748, 31.849541399381817], [72.92280550499439, 31.84964356451358], [72.92275873395683, 31.849741589404356], [72.9190977353792, 31.856529000536238], [72.91903494362779, 31.856631549264378], [72.91896131764078, 31.856726619026773], [72.91887773994742, 31.85681307025499], [72.91535028878499, 31.860082978830384], [72.90458539074525, 31.880040863882563], [72.90458539074525, 31.883157252764374], [72.90458002043944, 31.88326573119071], [72.90456396203989, 31.88337314877293], [72.90453737258666, 31.883478455041224], [72.90450051210624, 31.88358062017299], [72.90445374106868, 31.883678645063764], [72.89896224320223, 31.893859761761586], [72.89888725012104, 31.89397962610039], [72.8952262515434, 31.8990701844493], [72.89516223157548, 31.899150924487834], [72.89509092675323, 31.899225309516158], [72.89501296470125, 31.89929268479773], [72.89492903164103, 31.89935245729574], [72.89483986635085, 31.89940410089304], [72.89474625366302, 31.89944716102301], [72.89464901755584, 31.899481258670654], [72.8945490139009, 31.8995060937087], [72.89444712292975, 31.899521447539293], [72.89323645099658, 31.89964614527441], [72.87797262933042, 31.901218300322263]], [[73.24101810140434, 32.04272967903154], [73.23959495933997, 32.05117356750617], [73.23959495896962, 32.05117356786456], [73.24101810140434, 32.04272967903154]], [[73.00565993213242, 32.230469661764225], [73.0067357183413, 32.23267680018115], [73.00421706937026, 32.22915300583764], [73.00565993213242, 32.230469661764225]], [[72.92169874663499, 32.20803719209995], [72.92299363940087, 32.20959948216204], [72.9209936602269, 32.20782509244361], [72.92169874663499, 32.20803719209995]], [[72.90004903481227, 32.199150389299284], [72.89892837976438, 32.19814166341218], [72.89759565925779, 32.193823593791066], [72.90004903481227, 32.199150389299284]], [[72.84056700168709, 32.11226966472441], [72.84395834581225, 32.11532256850715], [72.83975672770518, 32.11263433730708], [72.84056700168709, 32.11226966472441]], [[72.83332463957264, 32.115529168245324], [72.8340553898325, 32.11520028617518], [72.83342118720627, 32.115805600667365], [72.83332463957264, 32.115529168245324]], [[72.81773644931219, 32.13700607588782], [72.81593199443627, 32.137766312167315], [72.81432769781094, 32.136380384000596], [72.81773644931219, 32.13700607588782]], [[72.77860250360413, 32.10374282351264], [72.77867715089269, 32.103855993994664], [72.77832659165391, 32.1036982546849], [72.77860250360413, 32.10374282351264]]]}}, {"type": "Feature", "properties": {"na": "NA-84", "src": "sheet-split: sargodha_na82_83_86.jpg, outline-fit", "approx": false, "rms_km": 1.909}, "geometry": {"type": "Polygon", "coordinates": [[[72.71427777167112, 31.9930189207908], [72.70925709979495, 31.991157277664797], [72.7089440362242, 31.991157277664797], [72.70475592009375, 31.98921610878405], [72.70323046897563, 31.986387955841437], [72.70323046897563, 31.980023362545786], [72.70498986951031, 31.973499582477967], [72.7085903171655, 31.966824431429313], [72.70862654745977, 31.966750803884263], [72.70865717943121, 31.966674676806704], [72.71048767872003, 31.961584118457793], [72.7105210875025, 31.961473136972245], [72.71054261496154, 31.961359252796925], [72.71237311425035, 31.94778443053316], [72.7123829654197, 31.947637658517248], [72.7123829654197, 31.944243952951307], [72.71237715495703, 31.944131127883608], [72.7123597850485, 31.94401949659921], [72.71233103948227, 31.943910240250197], [72.71229122241039, 31.943804514859846], [72.71224075513067, 31.94370343909096], [72.71218017162903, 31.943608082409455], [72.71211011292944, 31.94351945376855], [72.71203132031135, 31.943438490933165], [72.70124461464714, 31.93343933297814], [72.69950468298714, 31.928600640227792], [72.6994614063867, 31.928497203716187], [72.69940780929346, 31.928398718551446], [72.69934445031028, 31.928306211171588], [72.69927198978097, 31.928220645712607], [72.69919118290802, 31.92814291395999], [72.69910287188173, 31.9280738260543], [72.69900797710257, 31.928014102047676], [72.69890748758866, 31.92796436439926], [72.69880245066784, 31.92792513148777], [72.69869396106226, 31.92789681220882], [72.69858314947884, 31.927879701713312], [72.69847117082472, 31.927873978331284], [72.69488257844363, 31.927873978331284], [72.68214086295824, 31.926186631097405], [72.6820339829197, 31.926177759308224], [72.68192674716074, 31.92617935407521], [72.68182017820487, 31.926191400191794], [72.68171529221743, 31.926213782794836], [72.68161308931619, 31.92624628845983], [72.68151454403491, 31.92628860723601], [72.68142059603092, 31.92634033560179], [72.68133214112518, 31.92640098031247], [72.68125002276045, 31.92646996310346], [72.67758902418282, 31.9298636686694], [72.67750544648946, 31.92995011989762], [72.67743182050245, 31.930045189660014], [72.67736902875104, 31.930147738388154], [72.67370803017342, 31.936935149520036], [72.67366125913586, 31.93703317441081], [72.67362439865543, 31.937135339542575], [72.6735978092022, 31.93724064581087], [72.67358175080265, 31.937348063393088], [72.67357638049684, 31.937456541819426], [72.67357638049684, 31.943966636267177], [72.67239386587545, 31.94615899246035], [72.66770405780765, 31.950506393150448], [72.6685638317562, 31.9501078926358], [72.66528002884733, 31.95162991729287], [72.65087818931553, 31.95162991729287], [72.65077571242881, 31.951634708548692], [72.65067412963873, 31.951649040513107], [72.65057432724105, 31.951672788141718], [72.65047717599789, 31.95170574423975], [72.65038352354037, 31.951747621269813], [72.65029418697323, 31.951798053860625], [72.65020994574562, 31.95185660199481], [72.6501315348506, 31.951922754848017], [72.6467864381248, 31.95502362285881], [72.64172569287146, 31.95502362285881], [72.64161615888727, 31.955029098448563], [72.64150771706987, 31.95504547062054], [72.64140144869603, 31.955072576127307], [72.63590995082959, 31.956769428910277], [72.63577233732329, 31.956822306733624], [72.62845034016803, 31.960216012299565], [72.62833481551083, 31.960278194107996], [72.62284331764438, 31.963671899673937], [72.62275555540322, 31.963732204287492], [72.62267404551838, 31.96380072432881], [72.61718254765194, 31.96889128267772], [72.61710906060674, 31.968966244965504], [72.61704306588568, 31.969047880663535], [72.61698516637718, 31.96913544399671], [72.61693589101665, 31.9692281350386], [72.61689568995445, 31.96932510701908], [72.61515575829445, 31.97416379976943], [72.60986055049668, 31.979072399375543], [72.6097817578786, 31.979153362210926], [72.609711699179, 31.979241990851833], [72.60965111567737, 31.97933734753334], [72.60960064839765, 31.979438423302224], [72.60956083132577, 31.979544148692575], [72.60953208575953, 31.97965340504159], [72.609514715851, 31.979765036325986], [72.60950890538832, 31.979877861393685], [72.60950890538832, 31.984488928886734], [72.60619955191905, 31.987556663290395], [72.60611597422569, 31.98764311451861], [72.60604234823867, 31.987738184281007], [72.60597955648727, 31.987840733009147], [72.60414905719846, 31.991234438575088], [72.6041022861609, 31.991332463465863], [72.60406542568047, 31.991434628597627], [72.60403883622725, 31.991539934865923], [72.6040227778277, 31.99164735244814], [72.60401740752188, 31.991755830874478], [72.60401740752188, 31.994670045584556], [72.6007080540526, 31.997737779988217], [72.6006345670074, 31.997812742276], [72.60056857228633, 31.99789437797403], [72.60051067277784, 31.997981941307206], [72.60046139741732, 31.9980746323491], [72.60042119635511, 31.99817160432958], [72.59868126469513, 32.003010297079925], [72.59356949118545, 32.00774885511096], [72.5883169693204, 32.00937186518236], [72.5882294415491, 32.00940302397173], [72.58814486040775, 32.00944146888594], [72.5880638311569, 32.00948692481414], [72.58257233329046, 32.01288063038008], [72.58252276516157, 32.01291314376474], [72.57520076800631, 32.01800370211365], [72.57510101093789, 32.01808197184437], [72.57501093976735, 32.01817121761564], [72.56589188399889, 32.02831513534563], [72.56804131887026, 32.02592413225772], [72.56559137720618, 32.028195201335], [72.56552346929195, 32.02825320041766], [72.56545107374501, 32.02830549060019], [72.55621427039756, 32.034421501664816], [72.56239487300495, 32.031556826218385], [72.5517890729408, 32.036472556441396], [72.54837022914191, 32.036472556441396], [72.54826069515772, 32.03647803203115], [72.54815225334032, 32.036494404203125], [72.54804598496648, 32.036521509709885], [72.54255448710003, 32.038218362492856], [72.54246192503737, 32.03825157174362], [72.54237270450608, 32.03829292735479], [72.54228754078623, 32.03834209777885], [72.54220711663451, 32.03839868881701], [72.54213207681053, 32.03846224677951], [72.53297958036646, 32.04694651069436], [72.53290078774837, 32.047027473529745], [72.53283072904878, 32.047116102170655], [72.53277014554715, 32.04721145885215], [72.53271967826743, 32.04731253462104], [72.53267986119555, 32.04741826001139], [72.5326511156293, 32.04752751636041], [72.53263374572079, 32.0476391476448], [72.5326279352581, 32.047751972712504], [72.5326279352581, 32.0507917549985], [72.52568087012011, 32.0604515348888], [72.52228138141678, 32.06202717927779], [72.52217995670682, 32.06208079310453], [72.5220846779197, 32.06214469433245], [72.52199658463357, 32.062218185741095], [72.51467458747831, 32.06900559687298], [72.5145979820726, 32.069084075302534], [72.51452958512773, 32.06916980225293], [72.5108685865501, 32.07426036060184], [72.51080688109646, 32.07435630784489], [72.51075546073825, 32.074458138013405], [72.51071488021037, 32.07456475253968], [72.51068557730503, 32.07467500124124], [72.51066786814884, 32.074787694729274], [72.51066194379233, 32.07490161724003], [72.51066194379233, 32.07801800612184], [72.50904954219666, 32.08100736334432], [72.50400749359726, 32.08568128714754], [72.49528574976628, 32.08568128714754], [72.4951845671664, 32.08568595788334], [72.49508424516449, 32.085699930364314], [72.49498563703881, 32.08572308574899], [72.49488958149038, 32.08575522709166], [72.49479689550961, 32.08579608101753], [72.49470836742735, 32.08584530004781], [72.4894822657405, 32.08907499271348], [72.47344535792526, 32.08907499271348], [72.45892372051095, 32.08570964302305], [72.4588005502993, 32.08568839914314], [72.45867576398999, 32.08568128714754], [72.45501476541236, 32.08568128714754], [72.45489582835664, 32.085687746105414], [72.45477829020783, 32.08570704701045], [72.45466353341926, 32.08573896285039], [72.45455290773063, 32.08578311823938], [72.450891909153, 32.08747997102235], [72.45079048444305, 32.08753358484908], [72.45069520565592, 32.08759748607701], [72.4506071123698, 32.08767097748565], [72.44543151635519, 32.09246869827942], [72.43861267800959, 32.09246869827942], [72.42587096252417, 32.090781351045536], [72.42576408248564, 32.09077247925636], [72.42565684672668, 32.09077407402334], [72.42555027777081, 32.090786120139924], [72.42544539178337, 32.090808502742966], [72.42534318888212, 32.09084100840796], [72.42524464360085, 32.090883327184144], [72.42515069559686, 32.09093505554992], [72.42506224069112, 32.0909957002606], [72.42498012232639, 32.09106468305159], [72.42131912374876, 32.09445838861753], [72.42124033113068, 32.094539351452916], [72.42117027243108, 32.094627980093826], [72.42110968892945, 32.094723336775324], [72.42105922164973, 32.09482441254421], [72.42101940457785, 32.09493013793456], [72.42099065901161, 32.09503939428358], [72.42097328910309, 32.09515102556797], [72.4209674786404, 32.095263850635675], [72.4209674786404, 32.1054449673335], [72.42097284894622, 32.10555344575984], [72.42098890734577, 32.10566086334205], [72.421015496799, 32.10576616961035], [72.42105235727942, 32.10586833474211], [72.42109912831698, 32.10596635963289], [72.42462847721804, 32.11250969514951], [72.42462847721804, 32.11901978959726], [72.42463256434185, 32.11911445251564], [72.42464479529433, 32.119208410892064], [72.42466507904489, 32.1193009654282], [72.4246932646289, 32.11939142727404], [72.42652376391771, 32.12448198562295], [72.42655439588916, 32.12455811270051], [72.42659062618343, 32.12463174024556], [72.42842112547224, 32.1280254458115], [72.42848079724737, 32.12812345050894], [72.42855036815656, 32.128214694851565], [72.42862907887415, 32.12829818296092], [72.42871607031883, 32.128373003613284], [72.42881039303002, 32.12843834018513], [72.4397024855812, 32.13516957381476], [72.44674982372351, 32.141702379051225], [72.44696056854157, 32.14228845346253], [72.44696056854157, 32.144281115324915], [72.44842496797263, 32.14835356200405], [72.44842496797263, 32.14956313969073], [72.44843077843531, 32.14967596475843], [72.44844814834383, 32.14978759604282], [72.44847689391007, 32.14989685239184], [72.44851671098195, 32.15000257778219], [72.44856717826167, 32.15010365355108], [72.4486277617633, 32.150199010232576], [72.4486978204629, 32.150287638873486], [72.44877661308098, 32.15036860170887], [72.45609861023624, 32.15715601284075], [72.45617702113125, 32.15722216569396], [72.45626126235886, 32.15728071382814], [72.45635059892601, 32.157331146418954], [72.45644425138353, 32.15737302344902], [72.45654140262668, 32.15740597954705], [72.45664120502437, 32.15742972717566], [72.45674278781445, 32.157444059140076], [72.45684526470117, 32.157448850395895], [72.46026410850007, 32.157448850395895], [72.46201089270188, 32.15825847530321], [72.47225300401868, 32.17249996274678], [72.47269146867906, 32.17277093070389], [72.47418360769261, 32.17553732373467], [72.47424639944401, 32.17563987246282], [72.47432002543103, 32.175734942225205], [72.47440360312439, 32.175821393453425], [72.47806460170202, 32.179215099019366], [72.47814301259703, 32.179281251872574], [72.47822725382464, 32.17933980000676], [72.47831659039178, 32.17939023259757], [72.47841024284931, 32.17943210962763], [72.47850739409246, 32.179465065725665], [72.47860719649015, 32.179488813354276], [72.47870877928023, 32.17950314531869], [72.47881125616695, 32.17950793657451], [72.48204150213148, 32.17950793657451], [72.48686545303774, 32.183979686206], [72.48686545303774, 32.188590753699046], [72.48687126350042, 32.18870357876675], [72.48688863340894, 32.18881521005114], [72.48691737897518, 32.18892446640016], [72.48695719604706, 32.18903019179051], [72.48700766332678, 32.1891312675594], [72.48706824682841, 32.189226624240895], [72.487138305528, 32.189315252881805], [72.48721709814609, 32.18939621571719], [72.49270859601253, 32.1944867740661], [72.49282830000965, 32.19458308533631], [72.49986238816594, 32.19947347731976], [72.50340473404793, 32.20932462477147], [72.50344801064837, 32.20942806128308], [72.50350160774161, 32.20952654644782], [72.5035649667248, 32.20961905382767], [72.5036374272541, 32.209704619286654], [72.50371823412705, 32.20978235103927], [72.50380654515334, 32.20985143894496], [72.5039014399325, 32.209911162951585], [72.50400192944642, 32.2099609006], [72.50410696636723, 32.2100001335115], [72.50421545597281, 32.210028452790446], [72.50432626755624, 32.21004556328595], [72.50443824621036, 32.21005128666798], [72.50723473266709, 32.21005128666798], [72.5136916936695, 32.211248393087345], [72.51546860248142, 32.211248393087345], [72.52196039764705, 32.213254334082166], [72.52907488128031, 32.228093192916525], [72.52912384906355, 32.2281840991903], [72.52918113749111, 32.228270005129986], [72.52924624020746, 32.22835015143827], [72.52931858178883, 32.22842382972551], [72.53628893383573, 32.23488526969511], [72.53628893383573, 32.24453316971554], [72.53446367824078, 32.263145081013924], [72.53445843463197, 32.26325270838464], [72.53446376295248, 32.26336033159479], [72.53447961191335, 32.26346691469289], [72.53450582895687, 32.26357143173931], [72.53454216172493, 32.263672876681646], [72.5345882604883, 32.263770273038745], [72.53464368151296, 32.26386268330001], [72.53470789133132, 32.263949217949644], [72.53478027187731, 32.264029044028874], [72.53486012643566, 32.264101393153766], [72.53494668634832, 32.26416556891151], [72.53503911841332, 32.26422095356389], [72.53513653290501, 32.26426701399345], [72.53523799213824, 32.264303306835124], [72.53534251949425, 32.264329482744], [72.53544910882144, 32.26434528975796], [72.5355567341202, 32.26435057572303], [72.54097582579008, 32.26435057572303], [72.56650290896872, 32.26773105092198], [72.57556460128264, 32.26941106881822], [72.58092438697568, 32.27106722302069], [72.58418696351562, 32.27257940937205], [72.58584406431031, 32.275651637929926], [72.58589710194997, 32.27573981481976], [72.58595815896575, 32.275822641119596], [72.58602669942005, 32.275899389808494], [72.58610212168816, 32.27596938721268], [72.5861837637392, 32.27603201891889], [72.59350576089446, 32.2811225772678], [72.59358625222242, 32.28117350769055], [72.59367085368055, 32.28121727246089], [72.59733185225818, 32.28291412524386], [72.59746946576448, 32.28296700306721], [72.60296096363092, 32.284663855850184], [72.60306723200476, 32.284690961356944], [72.60317567382216, 32.28470733352892], [72.60328520780635, 32.28471280911867], [72.60678038889834, 32.28471280911867], [72.61204287488553, 32.28633889806742], [72.61547935238058, 32.287931686558714], [72.61901304694075, 32.29120738269541], [72.61910114022687, 32.291280874104054], [72.619196419014, 32.29134477533198], [72.61929784372396, 32.291398389158715], [72.62295884230159, 32.293095241941685], [72.62306946799022, 32.29313939733067], [72.62318422477878, 32.29317131317061], [72.6233017629276, 32.29319061407565], [72.62342069998331, 32.293197073033525], [72.62683954378221, 32.293197073033525], [72.63744534384635, 32.29811280325654], [72.64097903840653, 32.301388499393234], [72.64106713169265, 32.301461990801876], [72.64116241047978, 32.3015258920298], [72.64126383518973, 32.30157950585654], [72.64492483376736, 32.30327635863951], [72.64502502682512, 32.303316934348274], [72.64512872332132, 32.303347464229375], [72.64523491874995, 32.30336765254042], [72.64534258439787, 32.303377303717625], [72.64545067730998, 32.30337632427022], [72.64555815039225, 32.30336472368607], [72.64566396255493, 32.30334261433985], [72.64576708879761, 32.303310210404355], [72.64586653013829, 32.30326782577592], [72.64596132329058, 32.303215871033636], [72.64605054999495, 32.303154849462125], [72.64613334591402, 32.303085352176204], [72.6497378689591, 32.29974399881012], [72.65691820914456, 32.294751926305295], [72.6604255151245, 32.2931263091993], [72.66568800111169, 32.291500220250555], [72.67284418078131, 32.291500220250555], [72.67296311783703, 32.29149376129268], [72.67308065598584, 32.29147446038764], [72.6731954127744, 32.2914425445477], [72.67330603846304, 32.291398389158715], [72.68052488786927, 32.28805249200933], [72.68761377471658, 32.286409661901644], [72.69840775101517, 32.286409661901644], [72.71298874703554, 32.28809921484403], [72.71310249652313, 32.28810644161754], [72.71321638244885, 32.28810184073654], [72.71332917828668, 32.28808546175147], [72.7134396692506, 32.288057481060356], [72.71354666537758, 32.288018200009006], [72.71364901434319, 32.287968041645584], [72.722588688568, 32.28299585361582], [72.74614227026618, 32.281316321912364], [72.74625178567182, 32.281302957241785], [72.7463594076929, 32.28127867269799], [72.7464640503291, 32.28124371333326], [72.74656465764464, 32.281198431918185], [72.7466602144237, 32.28114328538186], [72.74674975641476, 32.281078830201075], [72.74683238006078, 32.28100571678501], [72.7469072516169, 32.280924682912], [72.7469736155636, 32.28083654628471], [72.74703080223061, 32.28074219627884], [72.74886130151943, 32.277348490712896], [72.74890807255699, 32.27725046582212], [72.74894493303741, 32.27714830069036], [72.74897152249063, 32.27704299442206], [72.74898758089019, 32.27693557683985], [72.748992951196, 32.276827098413506], [72.748992951196, 32.26509463008481], [72.75070335208434, 32.25875253855795], [72.75413280395409, 32.25557347425303], [72.75421638164745, 32.25548702302481], [72.75429000763447, 32.255391953262425], [72.75435279938587, 32.25528940453428], [72.75618329867469, 32.25189569896834], [72.75623006971225, 32.251797674077565], [72.75626693019267, 32.2516955089458], [72.7562935196459, 32.251590202677505], [72.75630957804545, 32.25148278509529], [72.75631494835126, 32.25137430666895], [72.75631494835126, 32.248334524382955], [72.75976930417112, 32.24353129939229], [72.75983100962476, 32.24343535214924], [72.75988242998297, 32.24333352198072], [72.75992301051085, 32.24322690745445], [72.75995231341619, 32.24311665875289], [72.75997002257238, 32.243003965264855], [72.75997594692889, 32.2428900427541], [72.75997594692889, 32.24168046506745], [72.76089539524237, 32.23912350953231], [72.76310186611006, 32.23707813521544], [72.76835438797511, 32.23545512514404], [72.76846043955918, 32.23541627748449], [72.7685619408159, 32.23536674391989], [72.76865781838134, 32.23530704826191], [72.76874705836146, 32.235237821785134], [72.76882871705388, 32.23515979655147], [72.7689019309275, 32.235073797668655], [72.76896592575416, 32.2349807345648], [72.76902002479605, 32.23488159137137], [72.7690636559621, 32.234777416516025], [72.77080358762208, 32.229938723765684], [72.77578289356804, 32.22532296171471], [72.80647062886479, 32.22532296171471], [72.80657310575151, 32.22531817045889], [72.80667468854159, 32.225303838494476], [72.80677449093928, 32.225280090865866], [72.80687164218243, 32.225247134767834], [72.80696529463995, 32.22520525773777], [72.8070546312071, 32.22515482514696], [72.8071388724347, 32.225096277012774], [72.80721728332972, 32.22503012415957], [72.81087828190735, 32.221636418593626], [72.81095707452543, 32.22155545575824], [72.81102713322502, 32.22146682711733], [72.81108771672666, 32.221371470435834], [72.81113818400638, 32.221270394666945], [72.81117800107826, 32.2211646692766], [72.8112067466445, 32.221055412927576], [72.81122411655302, 32.220943781643186], [72.8112299270157, 32.22083095657548], [72.8112299270157, 32.21791674186541], [72.81807297504515, 32.21157331132505], [72.82135677795404, 32.21005128666798], [72.86321610681804, 32.21005128666798], [72.8633076941775, 32.21004746126445], [72.86339864353505, 32.21003601170181], [72.88353413571201, 32.20664230613587], [72.88364163504872, 32.20661859311664], [72.88374622060938, 32.20658423798351], [72.88384684170084, 32.2065395858769], [72.883942487458, 32.206485085383235], [72.88403219699924, 32.20642128402835], [72.88411506907964, 32.20634882277691], [72.88419027114521, 32.20626842959308], [72.88425704769686, 32.20618091212726], [72.88431472788032, 32.20608714960219], [72.88436273222581, 32.20598808398007], [72.88440057846944, 32.20588471049935], [72.88442788639821, 32.20577806767634], [72.88444438166974, 32.205669226872004], [72.88444989856829, 32.20555928152875], [72.88444989856829, 32.180106489784194], [72.88444581144448, 32.180011826865815], [72.884433580492, 32.17991786848939], [72.88441329674144, 32.17982531395325], [72.88438511115743, 32.179734852107416], [72.88255461186861, 32.174644293758504], [72.88251441080641, 32.17454732177802], [72.88246513544588, 32.17445463073613], [72.8824072359374, 32.174367067402954], [72.88234124121632, 32.174285431704924], [72.88226775417112, 32.17421046941714], [72.87331154779571, 32.16590816424508], [72.87157161613572, 32.16106947149474], [72.87153274784713, 32.16097533506646], [72.87148532681009, 32.16088520373876], [72.87142976078881, 32.16079985253333], [72.86776876221118, 32.15570929418442], [72.86770036526632, 32.155623567234024], [72.8676237598606, 32.155545088804466], [72.86396276128298, 32.152151383238525], [72.863887721459, 32.15208782527603], [72.86380729730728, 32.15203123423787], [72.86372213358743, 32.151982063813804], [72.86363291305614, 32.15194070820264], [72.86354035099347, 32.15190749895187], [72.85828782912843, 32.15028448888047], [72.8548102648389, 32.147060824889614], [72.85473522501492, 32.146997266927116], [72.8546548008632, 32.146940675888956], [72.85456963714336, 32.14689150546489], [72.85448041661206, 32.14685014985373], [72.8543878545494, 32.14681694060296], [72.84889635668296, 32.14512008781999], [72.84876558702778, 32.14508830991236], [72.84863191259089, 32.145072763753745], [72.81751342468104, 32.143375910970775], [72.8174061665091, 32.14337530759178], [72.81729936096697, 32.14338516942128], [72.8171940267086, 32.14340540240243], [72.81709116835566, 32.143435813563904], [72.81699176691595, 32.14347611286037], [72.81363209551131, 32.145033302149564], [72.80313069130463, 32.14341085437788], [72.79976798215701, 32.14185225711146], [72.79440378830802, 32.13687970819179], [72.79432874848403, 32.13681615022929], [72.79424832433232, 32.136759559191134], [72.79416316061247, 32.13671038876707], [72.79407394008118, 32.136669033155904], [72.79398137801851, 32.13663582390514], [72.78848988015207, 32.13493897112217], [72.78838361177823, 32.13491186561541], [72.78827516996083, 32.13489549344343], [72.78816563597664, 32.13489001785368], [72.77193329715604, 32.13489001785368], [72.76897426808148, 32.13351852408945], [72.76543718445527, 32.11876375415245], [72.76540837859098, 32.118664464453765], [72.76537036448048, 32.11856832315418], [72.76532347895217, 32.118476182124674], [72.76526813744061, 32.1183888577914], [72.76520483030562, 32.1183071239016], [72.76513411848731, 32.11823170466776], [72.76505662853583, 32.11816326835062], [72.76497304705978, 32.118102421338016], [72.76488411464237, 32.11804970277186], [72.7647906192795, 32.118005579771044], [72.76469338939748, 32.117970443292464], [72.75978039743823, 32.11645234672182], [72.75814544764008, 32.11039002453031], [72.75814544764008, 32.085199866656666], [72.7599286028092, 32.076935040142715], [72.76354706849368, 32.06854934504259], [72.7635803075469, 32.06846234837114], [72.76360605685274, 32.068372848489844], [72.7636241312687, 32.068281488920064], [72.76545463055751, 32.05640351943927], [72.76546423655007, 32.056320123074194], [72.76546744479533, 32.056236236627356], [72.76546744479533, 32.051145678278445], [72.76546423655007, 32.05106179183161], [72.76545463055751, 32.05097839546653], [72.7636241312687, 32.03910042598574], [72.76360316194871, 32.03899739859534], [72.76357243725303, 32.038896848365965], [72.76353223874713, 32.03879969675417], [72.76348293481583, 32.038706834071085], [72.76342497728731, 32.03861911132351], [72.76335889729262, 32.03853733241515], [72.76328530039817, 32.03846224677951], [72.75975784923574, 32.03519233820412], [72.75814544764008, 32.03220298098164], [72.75814544764008, 32.02738973931686], [72.75813905063114, 32.027271372333956], [72.75811993412267, 32.02715438420008], [72.75808832080158, 32.02704013770213], [72.75804457892932, 32.02692996368988], [72.75798921805202, 32.026825145572985], [72.748992951196, 32.01181415213548], [72.748992951196, 32.003633800355274], [72.74898758089019, 32.00352532192894], [72.74897152249063, 32.00341790434672], [72.74894493303741, 32.00331259807843], [72.74890807255699, 32.003210432946666], [72.74886130151944, 32.003112408055884], [72.74520030294181, 31.996324996924], [72.74514475367708, 31.996233072346847], [72.74508049128086, 31.99614701310489], [72.74500813031388, 31.996067642208747], [72.74492836278601, 31.99599571870636], [72.74484195153833, 31.995931930423986], [72.74474972294776, 31.9958768873883], [72.74465255902427, 31.995831115992537], [72.74455138897594, 31.995795053962432], [72.74444718032258, 31.99576904617011], [72.74434092964314, 31.99575334133597], [72.74423365304509, 31.9957480896501], [72.73149256421992, 31.9957480896501], [72.71880318719732, 31.99406767344215], [72.71164337577913, 31.992408406759456], [72.71427777167112, 31.9930189207908]], [[72.87936513229192, 32.17439378756196], [72.88067657966765, 32.17519341981722], [72.88132903273056, 32.176162424855065], [72.87936513229192, 32.17439378756196]], [[72.87284712884052, 32.16852384438466], [72.87163398708029, 32.16743132069214], [72.87141462410851, 32.164988096710864], [72.8714843987491, 32.16501339470033], [72.87284712884052, 32.16852384438466]], [[72.86358750361156, 32.16215024028902], [72.86491535280348, 32.16263167472689], [72.86396941395414, 32.162579628553], [72.86358750361156, 32.16215024028902]], [[72.77307575103995, 32.17131140707719], [72.7722131992568, 32.16457766126292], [72.77337417341752, 32.1702362052802], [72.77307575103995, 32.17131140707719]], [[72.76885298442632, 32.17923112370779], [72.77155081641983, 32.176805674823406], [72.77138198837423, 32.177413954334774], [72.76885298442632, 32.17923112370779]], [[72.754067055363, 32.18702747622473], [72.75511183287934, 32.18683464281098], [72.75426809853866, 32.187087797330705], [72.754067055363, 32.18702747622473]], [[72.69973655025655, 32.16394829560624], [72.70393792213059, 32.16525073915206], [72.70020305784955, 32.16462698473433], [72.69973655025655, 32.16394829560624]], [[72.69735278549021, 31.984482911360708], [72.70296384816616, 31.983585455860904], [72.70166089361115, 31.984459640776755], [72.69735278549021, 31.984482911360708]], [[72.64597892520935, 31.996314890244406], [72.64645524743648, 31.99462152499404], [72.64703766068973, 31.994204737274693], [72.64597892520935, 31.996314890244406]], [[72.64427236757038, 31.99971620977754], [72.64384026749718, 31.99932929609624], [72.6444323017661, 31.999397446852957], [72.64427236757038, 31.99971620977754]], [[72.61496948566369, 31.98716238826387], [72.61443105666483, 31.986921977497662], [72.61483614749955, 31.987043521176478], [72.61496948566369, 31.98716238826387]], [[72.60449680603644, 32.17449612525452], [72.61009058498482, 32.17035737867587], [72.60989016499332, 32.171271885790766], [72.60449680603644, 32.17449612525452]], [[72.59924416758219, 32.10229840560979], [72.59819129262115, 32.10147006438634], [72.60065522376775, 32.09982227904099], [72.59924416758219, 32.10229840560979]], [[72.57012967094008, 32.123119564447], [72.57370834233984, 32.11595085020081], [72.57094076101046, 32.122389484702744], [72.57012967094008, 32.123119564447]], [[72.5721332841547, 32.174535369483344], [72.57302172034908, 32.1748680444131], [72.57268352991655, 32.174863765641014], [72.5721332841547, 32.174535369483344]], [[72.54637580759479, 32.13588910150623], [72.54692256356478, 32.1353969546124], [72.54631812427898, 32.13643793163282], [72.54637580759479, 32.13588910150623]], [[72.53352822063816, 32.182680953175534], [72.53573545200615, 32.17839048796448], [72.53454823743166, 32.18176281396149], [72.53352822063816, 32.182680953175534]], [[72.49403981272806, 32.15043866551583], [72.49534833510769, 32.15221072993868], [72.49406155495026, 32.15105247124145], [72.49403981272806, 32.15043866551583]]]}}, {"type": "Feature", "properties": {"na": "NA-85", "src": "sheet-split: sargodha_na82_83_86.jpg, outline-fit", "approx": false, "rms_km": 1.909}, "geometry": {"type": "Polygon", "coordinates": [[[72.494187450193, 31.800011466398825], [72.49419282049881, 31.800119944825163], [72.49420887889836, 31.80022736240738], [72.49423546835159, 31.800332668675676], [72.49427232883201, 31.80043483380744], [72.49431909986957, 31.800532858698215], [72.49614959915839, 31.803926564264156], [72.49621239090979, 31.804029112992296], [72.4962860168968, 31.80412418275469], [72.49636959459016, 31.80421063398291], [72.50003059316779, 31.80760433954885], [72.50010563299178, 31.807667897511344], [72.5001860571435, 31.807724488549507], [72.50027122086334, 31.80777365897357], [72.50036044139463, 31.807815014584737], [72.5004530034573, 31.8078482238355], [72.50536599541654, 31.80936632040614], [72.50686610176362, 31.814928648991287], [72.50369159174542, 31.817871384993357], [72.50361498633971, 31.817949863422914], [72.50354658939484, 31.818035590373306], [72.49988559081721, 31.823126148722217], [72.49981059773602, 31.82324601306102], [72.4979800984472, 31.82663971862696], [72.49792640511642, 31.826754710076454], [72.49788633540642, 31.8268751277893], [72.4960558361176, 31.833662538921182], [72.49603353437155, 31.83376415593684], [72.49602094746285, 31.83386742720815], [72.49601818832963, 31.833971426116477], [72.49602528172868, 31.834075219514332], [72.49604216401329, 31.83417787609822], [72.49606868370437, 31.834278474764883], [72.49610460284956, 31.834376112876075], [72.49614959915839, 31.834469914357623], [72.49774730783378, 31.83743203122789], [72.49608273689267, 31.842061148296303], [72.4960526040532, 31.84215906848617], [72.49603172657648, 31.842259370443088], [72.49602028612892, 31.842361181384334], [72.4960183822602, 31.84246361539666], [72.49602603153694, 31.84256578114514], [72.49604316739854, 31.842666789629163], [72.49606964073642, 31.84276576191811], [72.49610522119143, 31.84286183679942], [72.49614959915839, 31.842954178272475], [72.4979800984472, 31.846347883838416], [72.4980428901986, 31.846450432566556], [72.49811651618562, 31.84654550232895], [72.49820009387898, 31.846631953557168], [72.50150944734825, 31.84969968796083], [72.50150944734825, 31.855862107084747], [72.49976888315827, 31.86231604281207], [72.49622459223959, 31.867244321079447], [72.49616288678594, 31.867340268322494], [72.49611146642775, 31.86744209849101], [72.49607088589985, 31.86754871301729], [72.49604158299451, 31.86765896171885], [72.49602387383833, 31.86777165520688], [72.49601794948181, 31.86788557771764], [72.49601794948181, 31.87467298884952], [72.49602331978762, 31.87478146727586], [72.49603937818718, 31.874888884858077], [72.4960659676404, 31.874994191126373], [72.49610282812083, 31.875096356258137], [72.49614959915839, 31.875194381148912], [72.4979800984472, 31.878588086714853], [72.4980428901986, 31.878690635442993], [72.49811651618562, 31.878785705205388], [72.49820009387898, 31.878872156433605], [72.50150944734825, 31.881939890837266], [72.50150944734825, 31.884854105547344], [72.5015143717585, 31.884957993494382], [72.50152910083042, 31.88506094984337], [72.50155350248347, 31.885162051350207], [72.50158735789987, 31.88526039140378], [72.50163036348673, 31.885355088155865], [72.50168213359854, 31.885445292428933], [72.50174220399535, 31.885530195331025], [72.50181003600576, 31.88560903550935], [72.50188502135741, 31.885681105977604], [72.5019664876315, 31.885745760455723], [72.50205370429266, 31.885802419165334], [72.50214588923981, 31.88585057402879], [72.50946788639507, 31.88924427959473], [72.5095785120837, 31.889288434983715], [72.50969326887227, 31.88932035082366], [72.50981080702108, 31.889339651728697], [72.5099297440768, 31.889346110686574], [72.51865148790777, 31.889346110686574], [72.52530593810285, 31.89551471310103], [72.52530593810285, 31.901545316692918], [72.5236407192916, 31.90463259587558], [72.51276335798987, 31.919757387982035], [72.5074798943405, 31.924655100891243], [72.50419609143164, 31.926177125548314], [72.49894674834391, 31.926177125548314], [72.4988278112882, 31.92618358450619], [72.49871027313938, 31.92620288541123], [72.49859551635082, 31.926234801251173], [72.49848489066218, 31.926278956640157], [72.49482389208455, 31.927975809423128], [72.49470836742735, 31.92803799123156], [72.4892168695609, 31.9314316967975], [72.48912910731974, 31.931492001411055], [72.4890475974349, 31.931560521452372], [72.48355609956846, 31.936651079801283], [72.4834725218751, 31.9367375310295], [72.48339889588809, 31.936832600791895], [72.48333610413668, 31.936935149520036], [72.48150560484787, 31.940328855085976], [72.48145883381031, 31.94042687997675], [72.48142197332989, 31.940529045108516], [72.48139538387666, 31.94063435137681], [72.4813793254771, 31.94074176895903], [72.48137395517129, 31.940850247385367], [72.48137395517129, 31.94393263606341], [72.47421532026837, 31.95554559426293], [72.47416629282922, 31.955633992822865], [72.47412560035178, 31.955726524533468], [72.47409358753359, 31.955822405577788], [72.47407052554861, 31.95592082376735], [72.47405660975015, 31.956020945422054], [72.47405195801603, 31.9561219224321], [72.47405195801603, 31.966303039129922], [72.4740551662613, 31.966386925576764], [72.47406477225385, 31.966470321941838], [72.47585272683233, 31.97807222206056], [72.47412830282863, 31.982867788528562], [72.47048083645124, 31.991320691940036], [72.47044182272451, 31.99142546868388], [72.47041366335799, 31.991533668901074], [72.47039665016123, 31.99164417133571], [72.4703909594384, 31.991755830874478], [72.4703909594384, 31.995392915697533], [72.47168604361455, 31.995520311474028], [72.4703909594384, 31.995609986003736], [72.4703909594384, 32.0017454815554], [72.46871581518928, 32.006404002645866], [72.46525110668031, 32.00961574946901], [72.46516752898695, 32.009702200697234], [72.46509390299994, 32.00979727045962], [72.46503111124854, 32.009899819187766], [72.4613701126709, 32.01668723031965], [72.46132334163335, 32.01678525521042], [72.46128648115292, 32.01688742034219], [72.4612598916997, 32.01699272661048], [72.46124383330014, 32.017100144192696], [72.46123846299433, 32.01720862261904], [72.46123846299433, 32.02012283732911], [72.45792910952505, 32.023190571732776], [72.45785250411934, 32.023269050162334], [72.45778410717448, 32.02335477711273], [72.45412310859685, 32.02844533546164], [72.4540614031432, 32.02854128270469], [72.454009982785, 32.028643112873205], [72.45396940225712, 32.02874972739948], [72.45394009935177, 32.02885997610104], [72.45392239019559, 32.02897266958907], [72.45391646583907, 32.02908659209983], [72.45391646583907, 32.032126374385825], [72.45046211001922, 32.03692959937649], [72.45040040456557, 32.03702554661954], [72.45034898420737, 32.03712737678806], [72.45030840367949, 32.03723399131433], [72.45027910077414, 32.03734424001589], [72.45026139161796, 32.037456933503925], [72.45025546726144, 32.03757085601468], [72.45025546726144, 32.052842531061415], [72.45026083756726, 32.05295100948776], [72.45027689596681, 32.05305842706997], [72.45030348542004, 32.053163733338266], [72.45034034590046, 32.05326589847003], [72.45038711693802, 32.053363923360806], [72.45395307182312, 32.05997512556962], [72.45573561304741, 32.07319429503094], [72.45392928007689, 32.08491545112594], [72.45391825860465, 32.08502000616632], [72.45391728465249, 32.08512513599433], [72.45392636714493, 32.08522987728347], [72.45394542285723, 32.08533327026751], [72.4539742771779, 32.08543436753502], [72.45401266570883, 32.0855322427107], [72.45406023668788, 32.08562599894394], [72.4541165542123, 32.08571477712687], [72.45418110223288, 32.08579776376651], [72.45425328928268, 32.08587419843902], [72.45428902379865, 32.08590542699609], [72.45455290773063, 32.08578311823938], [72.45466353341926, 32.08573896285039], [72.45477829020783, 32.08570704701045], [72.45489582835664, 32.085687746105414], [72.45501476541236, 32.08568128714754], [72.45867576398999, 32.08568128714754], [72.4588005502993, 32.08568839914314], [72.45892372051095, 32.08570964302305], [72.47344535792526, 32.08907499271348], [72.4894822657405, 32.08907499271348], [72.49470836742735, 32.08584530004781], [72.49479689550961, 32.08579608101753], [72.49488958149038, 32.08575522709166], [72.49498563703881, 32.08572308574899], [72.49508424516449, 32.085699930364314], [72.4951845671664, 32.08568595788334], [72.49528574976628, 32.08568128714754], [72.50400749359726, 32.08568128714754], [72.50904954219666, 32.08100736334432], [72.51066194379233, 32.07801800612184], [72.51066194379233, 32.07490161724003], [72.51066786814884, 32.074787694729274], [72.51068557730503, 32.07467500124124], [72.51071488021037, 32.07456475253968], [72.51075546073825, 32.074458138013405], [72.51080688109646, 32.07435630784489], [72.5108685865501, 32.07426036060184], [72.51452958512773, 32.06916980225293], [72.5145979820726, 32.069084075302534], [72.51467458747831, 32.06900559687298], [72.52199658463357, 32.062218185741095], [72.5220846779197, 32.06214469433245], [72.52217995670682, 32.06208079310453], [72.52228138141678, 32.06202717927779], [72.52568087012011, 32.0604515348888], [72.5326279352581, 32.0507917549985], [72.5326279352581, 32.047751972712504], [72.53263374572079, 32.0476391476448], [72.5326511156293, 32.04752751636041], [72.53267986119555, 32.04741826001139], [72.53271967826743, 32.04731253462104], [72.53277014554715, 32.04721145885215], [72.53283072904878, 32.047116102170655], [72.53290078774837, 32.047027473529745], [72.53297958036646, 32.04694651069436], [72.5355243448362, 32.04458754191525], [72.54069685709386, 32.03979267973038], [72.54213207681053, 32.03846224677951], [72.54220711663451, 32.03839868881701], [72.54228754078623, 32.03834209777885], [72.54237270450608, 32.03829292735479], [72.54246192503737, 32.03825157174362], [72.54255448710003, 32.038218362492856], [72.54804598496648, 32.036521509709885], [72.54815225334032, 32.036494404203125], [72.54826069515772, 32.03647803203115], [72.54837022914191, 32.036472556441396], [72.5517890729408, 32.036472556441396], [72.55621427039756, 32.034421501664816], [72.56545107374501, 32.02830549060019], [72.56552346929195, 32.02825320041766], [72.56559137720618, 32.028195201335], [72.56804131887029, 32.0259241322577], [72.57501093976735, 32.01817121761564], [72.57510101093789, 32.01808197184437], [72.57520076800631, 32.01800370211365], [72.58252276516157, 32.01291314376474], [72.58257233329046, 32.01288063038008], [72.5880638311569, 32.00948692481414], [72.58814486040775, 32.00944146888594], [72.5882294415491, 32.00940302397173], [72.5883169693204, 32.00937186518236], [72.59356949118545, 32.00774885511096], [72.59868126469513, 32.003010297079925], [72.60042119635511, 31.99817160432958], [72.60046139741732, 31.9980746323491], [72.60051067277784, 31.997981941307206], [72.60056857228633, 31.99789437797403], [72.6006345670074, 31.997812742276], [72.6007080540526, 31.997737779988217], [72.60401740752188, 31.994670045584556], [72.60401740752188, 31.991755830874478], [72.6040227778277, 31.99164735244814], [72.60403883622725, 31.991539934865923], [72.60406542568047, 31.991434628597627], [72.6041022861609, 31.991332463465863], [72.60414905719846, 31.991234438575088], [72.60597955648727, 31.987840733009147], [72.60604234823867, 31.987738184281007], [72.60611597422569, 31.98764311451861], [72.60619955191905, 31.987556663290395], [72.60950890538832, 31.984488928886734], [72.60950890538832, 31.979877861393685], [72.609514715851, 31.979765036325986], [72.60953208575953, 31.97965340504159], [72.60956083132577, 31.979544148692575], [72.60960064839765, 31.979438423302224], [72.60965111567737, 31.97933734753334], [72.609711699179, 31.979241990851833], [72.6097817578786, 31.979153362210926], [72.60986055049668, 31.979072399375543], [72.61515575829445, 31.97416379976943], [72.61689568995445, 31.96932510701908], [72.61693589101665, 31.9692281350386], [72.61698516637718, 31.96913544399671], [72.61704306588568, 31.969047880663535], [72.61710906060674, 31.968966244965504], [72.61718254765194, 31.96889128267772], [72.62267404551838, 31.96380072432881], [72.62275555540322, 31.963732204287492], [72.62284331764438, 31.963671899673937], [72.62833481551083, 31.960278194107996], [72.62845034016803, 31.960216012299565], [72.63577233732329, 31.956822306733624], [72.63590995082959, 31.956769428910277], [72.64140144869603, 31.955072576127307], [72.64150771706987, 31.95504547062054], [72.64161615888727, 31.955029098448563], [72.64172569287146, 31.95502362285881], [72.6467864381248, 31.95502362285881], [72.6501315348506, 31.951922754848017], [72.65020994574562, 31.95185660199481], [72.65029418697323, 31.951798053860625], [72.65038352354037, 31.951747621269813], [72.65047717599789, 31.95170574423975], [72.65057432724105, 31.951672788141718], [72.65067412963873, 31.951649040513107], [72.65077571242881, 31.951634708548692], [72.65087818931553, 31.95162991729287], [72.66528002884733, 31.95162991729287], [72.66770405780765, 31.95050639315045], [72.67239386587546, 31.946158992460337], [72.67357638049684, 31.943966636267177], [72.67357638049684, 31.937456541819426], [72.67358175080265, 31.937348063393088], [72.6735978092022, 31.93724064581087], [72.67362439865543, 31.937135339542575], [72.67366125913586, 31.93703317441081], [72.67370803017342, 31.936935149520036], [72.67736902875104, 31.930147738388154], [72.67743182050245, 31.930045189660014], [72.67750544648946, 31.92995011989762], [72.67758902418282, 31.9298636686694], [72.68125002276045, 31.92646996310346], [72.68133214112518, 31.92640098031247], [72.68142059603092, 31.92634033560179], [72.68151454403491, 31.92628860723601], [72.68161308931619, 31.92624628845983], [72.68171529221743, 31.926213782794836], [72.68182017820487, 31.926191400191794], [72.68192674716074, 31.92617935407521], [72.6820339829197, 31.926177759308224], [72.68214086295824, 31.926186631097405], [72.68584283304033, 31.926676871911923], [72.69488257844363, 31.927873978331284], [72.6953203025805, 31.927873978331284], [72.69847117082472, 31.927873978331284], [72.69858314947884, 31.927879701713312], [72.69869396106226, 31.92789681220882], [72.69880245066784, 31.92792513148777], [72.69890748758866, 31.92796436439926], [72.69900797710257, 31.928014102047676], [72.69910287188173, 31.9280738260543], [72.69919118290802, 31.92814291395999], [72.69927198978097, 31.928220645712607], [72.69934445031028, 31.928306211171588], [72.69940780929346, 31.928398718551446], [72.6994614063867, 31.928497203716187], [72.69950468298714, 31.928600640227792], [72.70124461464714, 31.93343933297814], [72.71203132031135, 31.943438490933165], [72.71211011292944, 31.94351945376855], [72.71218017162903, 31.943608082409455], [72.71224075513067, 31.94370343909096], [72.71229122241039, 31.943804514859846], [72.71233103948227, 31.943910240250197], [72.7123597850485, 31.94401949659921], [72.71237715495703, 31.944131127883608], [72.7123829654197, 31.944243952951307], [72.7123829654197, 31.947637658517248], [72.71237311425035, 31.94778443053316], [72.71054261496154, 31.961359252796925], [72.7105210875025, 31.961473136972245], [72.71048767872003, 31.961584118457793], [72.70865717943121, 31.966674676806704], [72.70862654745977, 31.966750803884263], [72.7085903171655, 31.966824431429313], [72.70498986951031, 31.973499582477967], [72.70323046897563, 31.980023362545786], [72.70323046897563, 31.986387955841437], [72.70475592009375, 31.98921610878405], [72.7089440362242, 31.991157277664797], [72.70925709979495, 31.991157277664797], [72.71427777167112, 31.9930189207908], [72.71880318719732, 31.99406767344215], [72.73149256421992, 31.9957480896501], [72.74423365304509, 31.9957480896501], [72.74434092964314, 31.99575334133597], [72.74444718032258, 31.99576904617011], [72.74455138897594, 31.995795053962432], [72.74465255902427, 31.995831115992537], [72.74474972294776, 31.9958768873883], [72.74484195153833, 31.995931930423986], [72.74492836278601, 31.99599571870636], [72.74493014119349, 31.995997322232228], [72.74498030751002, 31.99595499845856], [72.74864130608765, 31.99256129289262], [72.74872009870573, 31.992480330057237], [72.74879015740532, 31.99239170141633], [72.74885074090696, 31.992296344734825], [72.74890120818668, 31.99219526896594], [72.74894102525856, 31.992089543575588], [72.7489697708248, 31.991980287226575], [72.74898714073332, 31.991868655942177], [72.748992951196, 31.991755830874478], [72.748992951196, 31.985159885759497], [72.75066809544514, 31.98050136466903], [72.75588493429862, 31.975665412215537], [72.76116630147745, 31.97240156587954], [72.7665238886863, 31.970746091000656], [72.76662870208149, 31.970707769697423], [72.76672908555848, 31.970659009799558], [72.76682400268155, 31.970600314741503], [72.7669124734538, 31.970532290535893], [72.76699358443538, 31.970455639516594], [72.76706649817454, 31.9703711530873], [72.76713046185412, 31.970279703550467], [72.76718481506423, 31.970182235100985], [72.76722899662077, 31.9700797540776], [72.76726255035963, 31.969973318572706], [72.76728512984633, 31.96986402750778], [72.76909423004426, 31.958124915086373], [72.77269956493775, 31.94976965023466], [72.77273857866449, 31.949664873490818], [72.77276673803101, 31.949556673273623], [72.77278375122776, 31.949446170838986], [72.7727894419506, 31.94933451130022], [72.7727894419506, 31.932845474326378], [72.77944389214566, 31.926676871911923], [72.7954876331319, 31.926676871911923], [72.79560657018762, 31.926670412954046], [72.79572410833643, 31.926651112049008], [72.79583886512499, 31.926619196209064], [72.79594949081363, 31.92657504082008], [72.80327148796889, 31.92318133525414], [72.8033658600512, 31.923131899191503], [72.8034549984314, 31.92307355226885], [72.80353806438464, 31.92300684348666], [72.80361427632302, 31.92293240052421], [72.80368291714973, 31.922850923833572], [72.80374334100642, 31.922763180048886], [72.80379497935023, 31.922669994772914], [72.80383734630331, 31.922572244808748], [72.80387004322465, 31.922470849909743], [72.8074488300376, 31.909200865266047], [72.81239287934433, 31.904617785733308], [72.81562312530886, 31.904617785733308], [72.81573265929305, 31.904612310143555], [72.81584110111045, 31.904595937971578], [72.81594736948429, 31.90456883246481], [72.82143886735074, 31.90287197968184], [72.82157648085703, 31.902819101858494], [72.82523747943466, 31.901122249075524], [72.82533890414462, 31.901068635248787], [72.82543418293174, 31.901004734020866], [72.82552227621787, 31.90093124261222], [72.83095729855175, 31.895893036463164], [72.83807616169815, 31.89094370536452], [72.8432464321267, 31.889346110686574], [72.85206729359953, 31.889346110686574], [72.85726645411857, 31.890952632296962], [72.86263872447911, 31.89427265613521], [72.86272725256137, 31.894321875165495], [72.86281993854215, 31.89436272909136], [72.86291599409057, 31.894394870434034], [72.86301460221625, 31.894418025818702], [72.86311492421817, 31.894431998299677], [72.86321610681804, 31.894436669035485], [72.86644635278257, 31.894436669035485], [72.86979144950837, 31.89753753704628], [72.8698795427945, 31.897611028454925], [72.86997482158162, 31.897674929682847], [72.87007624629157, 31.897728543509583], [72.87739824344683, 31.901122249075524], [72.87750764811626, 31.90116599154711], [72.87762110914308, 31.901197762302672], [72.87773732071214, 31.901217195694773], [72.87785494535254, 31.901224068065854], [72.87797262933042, 31.901218300322263], [72.89444712292975, 31.899521447539293], [72.8945490139009, 31.8995060937087], [72.89464901755584, 31.899481258670654], [72.89474625366302, 31.89944716102301], [72.89483986635085, 31.89940410089304], [72.89492903164103, 31.89935245729574], [72.89501296470125, 31.89929268479773], [72.89509092675323, 31.899225309516158], [72.89516223157548, 31.899150924487834], [72.8952262515434, 31.8990701844493], [72.89888725012104, 31.89397962610039], [72.89896224320223, 31.893859761761586], [72.90445374106868, 31.883678645063764], [72.90450051210624, 31.88358062017299], [72.90453737258666, 31.883478455041224], [72.90456396203989, 31.88337314877293], [72.90458002043944, 31.88326573119071], [72.90458539074525, 31.883157252764374], [72.90458539074525, 31.880040863882563], [72.91535028878499, 31.860082978830384], [72.91887773994742, 31.85681307025499], [72.91896131764078, 31.856726619026773], [72.91903494362779, 31.856631549264378], [72.9190977353792, 31.856529000536238], [72.92275873395683, 31.849741589404356], [72.92280550499439, 31.84964356451358], [72.9228423654748, 31.849541399381817], [72.92286895492803, 31.84943609311352], [72.92288501332759, 31.849328675531304], [72.9228903836334, 31.849220197104966], [72.9228903836334, 31.847871661834752], [72.922230117, 31.847674238], [72.921402873, 31.847426954], [72.920579009, 31.847180682], [72.919426891, 31.846651837], [72.917480245, 31.845758287], [72.91593400100001, 31.844535796], [72.915379326, 31.844097074], [72.91460204, 31.843482466], [72.913398678, 31.843106855], [72.911251549, 31.842437118], [72.910330872, 31.842149888], [72.90877891800001, 31.84238941], [72.908244588, 31.84272727], [72.907764133, 31.843032328], [72.907833466, 31.844610129], [72.908207418, 31.845209208], [72.908770422, 31.846152679], [72.90891143200001, 31.846683269], [72.908906689, 31.847241259], [72.908291121, 31.848059675], [72.907151765, 31.8483508], [72.905810371, 31.848671005], [72.905572395, 31.849025271], [72.905061943, 31.849574854], [72.90496032300001, 31.850480535], [72.90520057, 31.851223893], [72.905610358, 31.852171949], [72.905828215, 31.852693559], [72.905787309, 31.853378158], [72.90492384400001, 31.854137342], [72.903519352, 31.854847547], [72.901937676, 31.855400048], [72.900269289, 31.855982839], [72.89946828, 31.856957851], [72.899325598, 31.85765995], [72.899285456, 31.85830906], [72.899173175, 31.860080479], [72.89861296, 31.861047696], [72.898151447, 31.86157898], [72.897646809, 31.862017889], [72.89649955, 31.862675813], [72.89646965, 31.863170015], [72.896439312, 31.863670195], [72.897028038, 31.864981259], [72.897210811, 31.865378402], [72.897768069, 31.866589256], [72.898221194, 31.867774848], [72.898480334, 31.868645931], [72.898396896, 31.869376216], [72.897872722, 31.869935138], [72.897481985, 31.870334579], [72.89648213400001, 31.871100714], [72.896206039, 31.871515724], [72.895891008, 31.872044873], [72.89555807100001, 31.87303446], [72.895312317, 31.873762493], [72.894784317, 31.873961265], [72.894277891, 31.874145956], [72.89312213800001, 31.873949737], [72.892139981, 31.873475604], [72.89117223, 31.873008428], [72.889566916, 31.87302456], [72.88890797, 31.873191641], [72.887840333, 31.873269021], [72.88738998800001, 31.873194326], [72.88668241100001, 31.87301276], [72.885886133, 31.872480231], [72.885200258, 31.872021338], [72.88331861, 31.871482189], [72.88280562300001, 31.871335835], [72.882236344, 31.871172908], [72.881455105, 31.870737413], [72.880866902, 31.87040954], [72.880292408, 31.870089314], [72.879845974, 31.869742566], [72.878668435, 31.868829203], [72.87719238000001, 31.868506425], [72.876042624, 31.868322104], [72.87424204, 31.867670834], [72.873664129, 31.867354184], [72.872881924, 31.866888166], [72.871773317, 31.866104187], [72.87102815, 31.865792542], [72.86988355000001, 31.865339298], [72.86923299, 31.865302784], [72.868148114, 31.865254292], [72.867530235, 31.86517211], [72.866813667, 31.865060547], [72.86621915100001, 31.864665869], [72.865741955, 31.864291542], [72.865310541, 31.863628066], [72.86459454300001, 31.862523211], [72.864155576, 31.861862754], [72.862571223, 31.859969899], [72.861298864, 31.859470352], [72.860301824, 31.859079013], [72.858429904, 31.859289661], [72.857217827, 31.859453161], [72.85657504000001, 31.859444444], [72.855988787, 31.859418504], [72.85552245400001, 31.859016217], [72.854204138, 31.857850881], [72.853952322, 31.857437613], [72.85335082200001, 31.856450462], [72.85271728100001, 31.855410729], [72.85284855, 31.853774087], [72.853082981, 31.853265225], [72.853437131, 31.852710735], [72.85395325600001, 31.85205939], [72.854841576, 31.850938466], [72.854988763, 31.850529236], [72.855650939, 31.848689085], [72.855482953, 31.848170297], [72.855227313, 31.847380823], [72.854228162, 31.846244184], [72.853660301, 31.845598178], [72.852461285, 31.844728688], [72.851223312, 31.843830535], [72.85029802000001, 31.843159386], [72.849399601, 31.842106257], [72.84822868900001, 31.840607845], [72.848041463, 31.839793719], [72.848156248, 31.83910862], [72.84877234800001, 31.838352518], [72.84928948000001, 31.837828869], [72.849894593, 31.837499234], [72.85050101600001, 31.837168891], [72.851256417, 31.836827146], [72.85140115, 31.836209195], [72.851440222, 31.835497394], [72.850800934, 31.834732], [72.850210602, 31.833809641], [72.850494638, 31.832368408], [72.850697514, 31.8316253], [72.851421392, 31.83125158], [72.85205934800001, 31.830950581], [72.852448767, 31.830111189], [72.851892937, 31.82945516], [72.850831491, 31.82868356], [72.850059766, 31.828148015], [72.847114242, 31.826529737], [72.846658853, 31.826279546], [72.846047876, 31.826168638], [72.84461382900001, 31.82590832], [72.843511752, 31.825708264], [72.842930888, 31.825778795], [72.842366897, 31.826218518], [72.841750556, 31.827052509], [72.841257595, 31.828124445], [72.840765466, 31.829194939], [72.839297231, 31.831518155], [72.837628857, 31.832455119], [72.836013498, 31.833361952], [72.834302414, 31.834272104], [72.83350134, 31.834661917], [72.829063677, 31.836821346], [72.827049638, 31.837801405], [72.82404114900001, 31.839794445], [72.822750339, 31.840649664], [72.821800127, 31.841279061], [72.821251859, 31.84150634], [72.82025074500001, 31.841921341], [72.819231783, 31.841984318], [72.817561803, 31.84208723], [72.817083659, 31.841990363], [72.815741258, 31.841718403], [72.814381401, 31.841752707], [72.813729177, 31.84176916], [72.813287012, 31.841747916], [72.81279065400001, 31.841724172], [72.81227411200001, 31.841433333], [72.811759982, 31.841108227], [72.81126668, 31.840732394], [72.810000181, 31.83986181], [72.80800815500001, 31.839508094], [72.80706782, 31.839463166], [72.806001814, 31.839412235], [72.804419002, 31.839340846], [72.80283577, 31.83926986], [72.802161093, 31.839239521], [72.801538518, 31.838992136], [72.800529746, 31.838591291], [72.799832154, 31.838012518], [72.799349664, 31.837612491], [72.798665843, 31.837247836], [72.79600263600001, 31.835958309], [72.794722664, 31.835841946], [72.793021554, 31.835686835], [72.792413178, 31.835649865], [72.791000195, 31.835582279], [72.790159054, 31.835662806], [72.78901654900001, 31.835773006], [72.788425138, 31.835829883], [72.786861783, 31.835947869], [72.785867633, 31.835710533], [72.784167857, 31.835304541], [72.783576652, 31.835099143], [72.781947181, 31.834455829], [72.780717976, 31.833970538], [72.77954578900001, 31.833016624], [72.777372147, 31.831247733], [72.77371109, 31.828220209], [72.773237366, 31.827834295], [72.771478384, 31.826401353], [72.769817283, 31.825314795], [72.76878606800001, 31.824654367], [72.76708917900001, 31.823832071], [72.766302085, 31.823450007], [72.765540463, 31.823283597], [72.765033355, 31.823172798], [72.763763045, 31.822895244], [72.76300018900001, 31.822728565], [72.761183167, 31.822459425], [72.760178815, 31.82231066], [72.759269966, 31.821937075], [72.756261851, 31.820700805], [72.755528938, 31.820212971], [72.754651972, 31.8196289], [72.752552929, 31.818389017], [72.75034368300001, 31.817180166], [72.748128113, 31.81596782], [72.747560168, 31.815641265], [72.74490445900001, 31.813884918], [72.743689243, 31.813081611], [72.742754548, 31.811544465], [72.740562107, 31.807466627], [72.740107342, 31.806620799], [72.73987859600001, 31.805903087], [72.739588013, 31.804991359], [72.739059731, 31.80359232], [72.738276496, 31.802444245], [72.737946804, 31.801977586], [72.736839657, 31.80078851], [72.735624736, 31.800412178], [72.735030572, 31.800228131], [72.734390672, 31.800221549], [72.733764058, 31.800215104], [72.733130711, 31.800208589], [72.732599868, 31.800352232], [72.732065476, 31.800496834], [72.731584868, 31.800626727], [72.73094089700001, 31.800801136], [72.730395235, 31.80111609], [72.729028564, 31.801904928], [72.728569461, 31.80216992], [72.728165136, 31.802474626], [72.726548627, 31.803692862], [72.72426797300001, 31.804752151], [72.72382411000001, 31.804903147], [72.72309805, 31.805150839], [72.72265440000001, 31.805302178], [72.721628151, 31.805652285], [72.720942328, 31.805745376], [72.719638322, 31.805922371], [72.71830332600001, 31.806103711], [72.717874548, 31.806155594], [72.716573384, 31.805983927], [72.71563948100001, 31.805861039], [72.715286893, 31.805570918], [72.714263818, 31.804733457], [72.713507244, 31.804112987], [72.712419354, 31.802929056], [72.711667034, 31.801334062], [72.710929941, 31.799660777], [72.710440599, 31.799161783], [72.70996048, 31.798670826], [72.708428545, 31.797845497], [72.707938, 31.797581216], [72.707510279, 31.797357937], [72.70410961, 31.795748905], [72.702266929, 31.794685348], [72.701109619, 31.794017373], [72.700422106, 31.793620555], [72.700051856, 31.793385395], [72.698936745, 31.792677151], [72.697821234, 31.791968653], [72.697210713, 31.791510084], [72.696447949, 31.790936718], [72.695311255, 31.790082442], [72.694372936, 31.789223797], [72.691550551, 31.786641062], [72.69016294100001, 31.785504485], [72.689468858, 31.784935969], [72.688777002, 31.784369278], [72.68765422, 31.783541564], [72.685722473, 31.782117603], [72.685209545, 31.781749209], [72.683454446, 31.780560373], [72.681959465, 31.779547793], [72.681419695, 31.779182195], [72.68037730200001, 31.778659555], [72.679339759, 31.778139808], [72.678888122, 31.77791872], [72.677769136, 31.777813175], [72.675944979, 31.777635456], [72.675462177, 31.777571417], [72.674578769, 31.777634909], [72.673526863, 31.777721896], [72.672164335, 31.778245559], [72.671181204, 31.778665978], [72.66983154, 31.779511999], [72.668817878, 31.779962194], [72.667876324, 31.780378877], [72.665669879, 31.781607652], [72.664239424, 31.782184501], [72.66370935, 31.782396311], [72.663152311, 31.782618807], [72.661843443, 31.782697445], [72.661411229, 31.782723413], [72.660978143, 31.782749434], [72.660381716, 31.78271975], [72.65978615, 31.782690109], [72.658980671, 31.782650021], [72.658116146, 31.782440049], [72.65676319900001, 31.782111451], [72.65592979, 31.781909037], [72.655135604, 31.781587471], [72.653101033, 31.780763672], [72.648930256, 31.779168794], [72.647547445, 31.778642306], [72.64611827, 31.778150305], [72.645605069, 31.777973816], [72.644836986, 31.77770968], [72.643128793, 31.777122289], [72.64233965400001, 31.776981816], [72.640936717, 31.776731523], [72.639421665, 31.776461847], [72.637262581, 31.776012477], [72.635901211, 31.775729137], [72.63505203000001, 31.775611307], [72.634202412, 31.775493417], [72.632927715, 31.775316544], [72.631651427, 31.77513945], [72.63002318800001, 31.774966918], [72.62757937500001, 31.774707966], [72.624902346, 31.774467991], [72.622812621, 31.774280586], [72.62175112700001, 31.774211802], [72.620044566, 31.77411171], [72.619478686, 31.774078507], [72.61645571000001, 31.773899524], [72.613357578, 31.773716022], [72.612912533, 31.773689662], [72.609505743, 31.773500587], [72.606949502, 31.773358718], [72.605542141, 31.773163611], [72.605016883, 31.773090773], [72.60256672300001, 31.77272859], [72.601792109, 31.772528207], [72.601162896, 31.772361793], [72.599721081, 31.77188073], [72.598830597, 31.771099502], [72.598375902, 31.770701896], [72.598020872, 31.770391084], [72.597773062, 31.769973653], [72.597159578, 31.768940026], [72.595982712, 31.767661047], [72.59567925, 31.767363053], [72.595269134, 31.766959141], [72.594223161, 31.766685005], [72.59329055900001, 31.766440582], [72.591455898, 31.766066254], [72.591023164, 31.765980863], [72.590308481, 31.765958402], [72.589523291, 31.765933878], [72.58733131800001, 31.765865215], [72.586446173, 31.765890991], [72.585755516, 31.765923486], [72.583229545, 31.766042332], [72.580870805, 31.766170215], [72.580324043, 31.766175977], [72.579884655, 31.766180609], [72.578566515, 31.766194503], [72.577248815, 31.766208392], [72.575367244, 31.766075718], [72.57459667900001, 31.766021175], [72.573634514, 31.765864895], [72.571908532, 31.765831408], [72.569712834, 31.765654189], [72.568558877, 31.765561051], [72.567441368, 31.765164356], [72.56507770200001, 31.764325257], [72.56320911600001, 31.763576723], [72.562615434, 31.763310052], [72.561761378, 31.762833476], [72.561089226, 31.762458407], [72.56040604600001, 31.761948321], [72.559297834, 31.761120897], [72.55862543100001, 31.760296381], [72.558191743, 31.759764484], [72.557912226, 31.759402826], [72.556671816, 31.757376573], [72.555978445, 31.756149671], [72.55584237, 31.755208902], [72.55565322400001, 31.753901237], [72.555498248, 31.752178226], [72.555440139, 31.751530889], [72.555436985, 31.750655084], [72.55544983, 31.749978778], [72.556207078, 31.748364898], [72.557070104, 31.746803859], [72.557593771, 31.745868962], [72.558717919, 31.743809394], [72.559044958, 31.743297087], [72.559552535, 31.742501957], [72.55966523, 31.740943052], [72.559560977, 31.740273498], [72.559328095, 31.739791907], [72.558205056, 31.738765321], [72.557362817, 31.738321551], [72.556465677, 31.737849371], [72.555842978, 31.737626734], [72.554946098, 31.737420065], [72.554381109, 31.737412678], [72.55372855600001, 31.737076557], [72.553308299, 31.736860156], [72.552994107, 31.736545959], [72.552680435, 31.736232357], [72.55237703600001, 31.735614789], [72.552090798, 31.735032237], [72.55198653, 31.734341907], [72.551910139, 31.733750501], [72.551300038, 31.732350669], [72.550408715, 31.731259218], [72.5498696, 31.730825564], [72.549330843, 31.730392205], [72.547439799, 31.730061263], [72.546791853, 31.730157895], [72.545987836, 31.730277823], [72.545273008, 31.730913532], [72.544791101, 31.73134309], [72.543571057, 31.732309079], [72.542951654, 31.732798857], [72.542567993, 31.733146527], [72.5415713, 31.734090428], [72.54000853, 31.734684477], [72.53920208400001, 31.734991026], [72.537441162, 31.735492946], [72.535966364, 31.735776371], [72.535160085, 31.735753861], [72.534650658, 31.735719527], [72.533645944, 31.735498327], [72.532379754, 31.735180052], [72.53123238, 31.734891863], [72.529227119, 31.734247697], [72.528670878, 31.734030611], [72.527916835, 31.733711514], [72.527514287, 31.733540967], [72.52699628900001, 31.733305685], [72.526171346, 31.732875104], [72.524445029, 31.731973935], [72.523884726, 31.731634584], [72.523504765, 31.731391437], [72.522054154, 31.730463111], [72.521328183, 31.729998522], [72.519989518, 31.728741322], [72.518656946, 31.727179314], [72.517994705, 31.725918711], [72.517722324, 31.725376009], [72.51716801500001, 31.723989767], [72.517154015, 31.723105095], [72.51712400400001, 31.721208354], [72.517416103, 31.71983766], [72.517618146, 31.718890529], [72.518288838, 31.716731983], [72.518514965, 31.716321242], [72.518962517, 31.715508213], [72.519225315, 31.715027163], [72.519904733, 31.713374541], [72.520202076, 31.712529602], [72.520492122, 31.711667983], [72.520795281, 31.710437172], [72.520941356, 31.709808179], [72.520921321, 31.709277011], [72.520862332, 31.707921225], [72.52072567, 31.707280132], [72.52037926, 31.705958235], [72.520120034, 31.705077364], [72.519889924, 31.704310708], [72.518561167, 31.702512347], [72.517034394, 31.701865928], [72.51631076800001, 31.701559555], [72.515135873, 31.701609786], [72.513502019, 31.701679639], [72.512928109, 31.701694471], [72.511511387, 31.701731278], [72.510320903, 31.702111702], [72.509412345, 31.702402035], [72.508096394, 31.702542243], [72.506359243, 31.702727324], [72.505344821, 31.702710387], [72.50406824800001, 31.702648087], [72.503598922, 31.702388235], [72.50263107900001, 31.701852374], [72.501505467, 31.70071877], [72.50139691400001, 31.700131778], [72.501419544, 31.6987489], [72.502101384, 31.697239882], [72.502447026, 31.696520003], [72.502738012, 31.696024611], [72.503756841, 31.694290105], [72.504619962, 31.693252628], [72.50560303200001, 31.69207097], [72.505976212, 31.690711134], [72.50608913500001, 31.690299064], [72.50611605200001, 31.68857285], [72.505842302, 31.687965097], [72.505413446, 31.687350638], [72.504205357, 31.686905983], [72.502802026, 31.686389468], [72.501697752, 31.686110821], [72.499327077, 31.685512616], [72.498744794, 31.685393178], [72.49623427, 31.685138178], [72.4927899, 31.684785335], [72.490130318, 31.684456142], [72.488761697, 31.684285364], [72.487359052, 31.68411034], [72.48692929, 31.684010595], [72.486264939, 31.683856374], [72.484407139, 31.683425186], [72.48348119100001, 31.683210277], [72.483060283, 31.682931725], [72.482408321, 31.682500443], [72.48216837000001, 31.682060732], [72.48174976700001, 31.681247514], [72.481341278, 31.680243585], [72.481127447, 31.679718076], [72.480885914, 31.678438598], [72.48064209600001, 31.677146944], [72.48031591, 31.676173977], [72.47985039400001, 31.674828815], [72.479244513, 31.674201693], [72.478790151, 31.673731401], [72.478115727, 31.673168973], [72.477660948, 31.672789716], [72.477002515, 31.672240627], [72.476296954, 31.671840797], [72.47440461100001, 31.670776332], [72.470290896, 31.668814523], [72.469768462, 31.668569436], [72.469172708, 31.668322078], [72.464701732, 31.666471824], [72.463072666, 31.665799235], [72.461324176, 31.665622219], [72.45629906100001, 31.665113568], [72.455191297, 31.665001437], [72.454325427, 31.664953937], [72.453023836, 31.664882534], [72.449986839, 31.66471593], [72.449010462, 31.66466231], [72.448148982, 31.664615167], [72.446403308, 31.664519828], [72.445566021, 31.664474157], [72.444567501, 31.664419613], [72.44325388, 31.664191177], [72.434512305, 31.66267106], [72.432485067, 31.662845011], [72.431021332, 31.662970774], [72.42972919200001, 31.662713374], [72.429290633, 31.662626012], [72.42885542, 31.662539316], [72.42754683000001, 31.662278638], [72.4258074131296, 31.66160784901126], [72.42496563396126, 31.665811059199196], [72.42580612409066, 31.661607351906078], [72.425805349, 31.661607053], [72.421379556, 31.659900292], [72.420770645, 31.659755586], [72.419473409, 31.659447218], [72.415580789, 31.658520112], [72.408251174, 31.656761492], [72.407204534, 31.656510115], [72.405373913, 31.656097124], [72.40346806, 31.655944956], [72.402877339, 31.655897791], [72.40179200300001, 31.655811638], [72.400898643, 31.65573766], [72.398958012, 31.655801086], [72.395679346, 31.655908244], [72.394741229, 31.655938841], [72.393141361, 31.655991281], [72.390998929, 31.656551913], [72.38799706600001, 31.657337442], [72.385010212, 31.658119044], [72.384590083, 31.658228984], [72.381159444, 31.658992731], [72.380230295, 31.659178972], [72.37828450900001, 31.659159305], [72.377609636, 31.659152468], [72.376563611, 31.658603074], [72.375618234, 31.658106542], [72.37427864300001, 31.657403019], [72.373758151, 31.657129668], [72.373393358, 31.656810669], [72.370236362, 31.654050683], [72.369161761, 31.653111227], [72.369063464, 31.651585777], [72.368888244, 31.648866567], [72.368841548, 31.648141909], [72.36899086400001, 31.647315602], [72.369373557, 31.64520107], [72.369855573, 31.642536585], [72.370097099, 31.641201488], [72.370822989, 31.639280219], [72.371403823, 31.637742877], [72.37330884100001, 31.632700426], [72.373704578, 31.631653003], [72.37372924600001, 31.629292733], [72.3733249, 31.628293796], [72.372874622, 31.627232488], [72.37261101, 31.626659661], [72.371697173, 31.625939499], [72.36929961, 31.624049733], [72.368781032, 31.623641007], [72.367620855, 31.623042742], [72.362241835, 31.62026896], [72.360793361, 31.619298586], [72.359706582, 31.618570523], [72.35717009400001, 31.616871258], [72.355643293, 31.615855973], [72.354350969, 31.615117163], [72.35283934200001, 31.61425298], [72.351106266, 31.613315386], [72.350259499, 31.612777821], [72.348778834, 31.611932351], [72.348115598, 31.611681436], [72.345239792, 31.610593465], [72.344546738, 31.61033127], [72.343758171, 31.610262166], [72.342914266, 31.610188395], [72.34222933800001, 31.610128613], [72.341262651, 31.610044084], [72.339481696, 31.610997507], [72.338354804, 31.611617069], [72.336920858, 31.612332627], [72.33448897000001, 31.612050532], [72.333441886, 31.610981035], [72.332275386, 31.609791296], [72.331307652, 31.60895754], [72.32949433, 31.607395293], [72.328487343, 31.60653202], [72.32713411600001, 31.605716139], [72.326631011, 31.60541281], [72.324776322, 31.60429459], [72.32366097, 31.603622128], [72.322886596, 31.603244076], [72.32172283, 31.602675921], [72.32109318, 31.602368099], [72.31804235300001, 31.600873453], [72.31374250200001, 31.598787382], [72.312491191, 31.59805151], [72.312071241, 31.597805145], [72.310687179, 31.596993173], [72.308464275, 31.596172043], [72.307520296, 31.595826109], [72.30678545500001, 31.595326188], [72.304952278, 31.594079057], [72.304035141, 31.592871539], [72.303160757, 31.591720311], [72.300750377, 31.59039751], [72.299285265, 31.590068454], [72.295899223, 31.589307966], [72.294538979, 31.588903955], [72.291224971, 31.587937098], [72.28961794300001, 31.587668238], [72.28802746, 31.587402148], [72.287178893, 31.5860973], [72.28624166, 31.584662572], [72.286252456, 31.584008651], [72.286265107, 31.583167238], [72.286291528, 31.58140975], [72.285110248, 31.578799172], [72.28470401, 31.578392564], [72.284053352, 31.577741315], [72.283011205, 31.576698221], [72.282141332, 31.574089549], [72.282157976, 31.572871375], [72.282180404, 31.571229928], [72.282223226, 31.568110668], [72.280899341, 31.564686401], [72.27819028, 31.562469621], [72.277445396, 31.561879921], [72.27661101800001, 31.561631677], [72.27440807900001, 31.560976258], [72.273765462, 31.560799732], [72.271685401, 31.560779923], [72.269245386, 31.561529786], [72.267506656, 31.562721639], [72.26645551700001, 31.563442167], [72.266020491, 31.563741728], [72.265546021, 31.564068915], [72.264145582, 31.56503602], [72.262754789, 31.565400678], [72.261509919, 31.565675626], [72.260675511, 31.565859917], [72.258172924, 31.56580981], [72.256971518, 31.565318022], [72.254315391, 31.564229795], [72.253138971, 31.563711462], [72.252439513, 31.563403287], [72.248188919, 31.56153053], [72.247422646, 31.56119292], [72.24697878500001, 31.561031918], [72.246163935, 31.560964736], [72.243621095, 31.560755224], [72.241634578, 31.560919107], [72.24100688300001, 31.562098332], [72.24067844800001, 31.562731366], [72.24066826100001, 31.563482339], [72.240660819, 31.564030828], [72.240838405, 31.564760932], [72.241357917, 31.566489069], [72.242330551, 31.567340365], [72.24298525200001, 31.567913382], [72.24378504900001, 31.568613391], [72.245659442, 31.569390145], [72.24682696100001, 31.569828087], [72.250411109, 31.571172521], [72.251787769, 31.571689055], [72.252937117, 31.573511443], [72.253271517, 31.57404166], [72.25324125600001, 31.576121167], [72.252542991, 31.577116953], [72.252041989, 31.577831423], [72.251432996, 31.578700128], [72.251069007, 31.579218978], [72.250476144, 31.579754961], [72.248302626, 31.581719953], [72.24499595600001, 31.584709799], [72.243681258, 31.585898531], [72.24330747, 31.587295743], [72.242765277, 31.589322452], [72.242705771, 31.589949166], [72.242681782, 31.591601187], [72.24265776700001, 31.593343271], [72.242645574, 31.594227663], [72.242638766, 31.594720441], [72.24384771000001, 31.595781403], [72.245862355, 31.597549451], [72.24848388800001, 31.599662072], [72.249541062, 31.600511685], [72.252566731, 31.601659224], [72.25377828500001, 31.602118728], [72.255151545, 31.602669428], [72.255731283, 31.602901858], [72.257101043, 31.60345121], [72.258230575, 31.604941664], [72.258375874, 31.60659631], [72.258496555, 31.608830887], [72.258525151, 31.609360648], [72.258521642, 31.609992197], [72.258509477, 31.610797054], [72.258490768, 31.612042663], [72.25876309600001, 31.614388777], [72.2598502, 31.615628499], [72.261642968, 31.617672954], [72.26203426900001, 31.61806315], [72.268879227, 31.624505373], [72.269850853, 31.625419832], [72.270853101, 31.626227647], [72.275528727, 31.629996076], [72.276863974, 31.631072209], [72.277298227, 31.631422198], [72.277691145, 31.631699538], [72.278201777, 31.632048769], [72.280882641, 31.633882817], [72.281919099, 31.634591383], [72.286277248, 31.63757648], [72.287001292, 31.638072398], [72.287713328, 31.638488579], [72.290019256, 31.639837538], [72.290772744, 31.640278236], [72.291528408, 31.640720206], [72.2930999, 31.641455155], [72.294672747, 31.642190737], [72.295458832, 31.64255837], [72.29966751500001, 31.644526784], [72.301191627, 31.645239459], [72.301970572, 31.645788254], [72.303805769, 31.64709542], [72.305146761, 31.648046549], [72.305876227, 31.648543879], [72.30709345800001, 31.649374533], [72.307290328, 31.650000612], [72.307412944, 31.650888876], [72.307651781, 31.652619076], [72.307919442, 31.654559799], [72.308042226, 31.655447576], [72.30783705, 31.656566748], [72.307009863, 31.661078783], [72.306917697, 31.661581516], [72.306813327, 31.66215115], [72.306344467, 31.663084278], [72.305250951, 31.665258326], [72.303924817, 31.665993606], [72.302482153, 31.666833031], [72.302161159, 31.668601706], [72.303027947, 31.669487493], [72.3038521, 31.670329683], [72.303623115, 31.672779785], [72.30266958, 31.675586439], [72.302084812, 31.677307796], [72.30239107300001, 31.678057778], [72.302755034, 31.678698752], [72.303726949, 31.680410901], [72.304117656, 31.681099491], [72.30501520300001, 31.68168875], [72.305488661, 31.681999584], [72.3065281, 31.682681996], [72.308846338, 31.682605966], [72.309594434, 31.682223758], [72.310228092, 31.681900188], [72.312163515, 31.680911625], [72.312638609, 31.68066896], [72.313115279, 31.680271215], [72.31572666400001, 31.678091556], [72.31624670100001, 31.677657406], [72.316949084, 31.677070941], [72.31734613, 31.676228784], [72.317845926, 31.675168692], [72.319142607, 31.672418365], [72.320423403, 31.67150126], [72.321728778, 31.670566557], [72.32344028700001, 31.669341044], [72.32435138000001, 31.669253975], [72.325880991, 31.669107793], [72.326930558, 31.669568599], [72.328519387, 31.670266165], [72.329894587, 31.670869718], [72.330719443, 31.671232088], [72.331375011, 31.671901538], [72.333105887, 31.673669065], [72.33359255, 31.674166151], [72.334319979, 31.674908866], [72.334703014, 31.676654285], [72.334766361, 31.677668242], [72.334170607, 31.678345091], [72.333641219, 31.678638673], [72.332514965, 31.679263392], [72.330892243, 31.680590816], [72.331703903, 31.682501535], [72.33303238900001, 31.68488999], [72.333559214, 31.685819414], [72.33463070900001, 31.686600164], [72.337893519, 31.688977625], [72.33898082200001, 31.689769893], [72.342195623, 31.691705856], [72.343810522, 31.692678352], [72.34500062, 31.694768519], [72.344992324, 31.69537199], [72.344979601, 31.696329051], [72.346331423, 31.69768153], [72.34695314000001, 31.698303534], [72.347562116, 31.698907969], [72.351582703, 31.70289022], [72.351896748, 31.703205894], [72.35409352, 31.705414065], [72.357594753, 31.708947812], [72.358209562, 31.711363906], [72.358347574, 31.71190621], [72.358449568, 31.712471878], [72.358442119, 31.713352079], [72.35756737, 31.714662369], [72.3575063019632, 31.71475384504039], [72.35854631935324, 31.71743848420144], [72.35758959152977, 31.71684806326767], [72.35748391954617, 31.71478737247948], [72.356888916, 31.71567865], [72.356495552, 31.71590534], [72.355169108, 31.716670023], [72.352898893, 31.717978782], [72.35280890880779, 31.71806309865008], [72.35958084587303, 31.719632476514015], [72.35970401608468, 31.719653720393932], [72.35982880239399, 31.719660832389536], [72.37447279670451, 31.719660832389536], [72.37457016463848, 31.71965650787909], [72.3746667658078, 31.719643568402923], [72.37476183948601, 31.719622115858368], [72.37485463697554, 31.719592319182492], [72.38387111660151, 31.716249048056543], [72.40198108272855, 31.714570274040625], [72.405249270868, 31.714570274040625], [72.41173258166765, 31.715571933718987], [72.4106520298677, 31.714570274040625], [72.4138635791783, 31.717547345060872], [72.41547598077396, 31.720536702283347], [72.41547598077396, 31.725349943948128], [72.41548090518421, 31.725453831895166], [72.41549563425613, 31.725556788244155], [72.41552003590918, 31.72565788975099], [72.41555389132557, 31.725756229804563], [72.41559689691243, 31.72585092655665], [72.41564866702424, 31.725941130829717], [72.41570873742106, 31.72602603373181], [72.41577656943147, 31.726104873910135], [72.41585155478312, 31.726176944378388], [72.41593302105721, 31.726241598856507], [72.41602023771837, 31.726298257566118], [72.41611242266552, 31.726346412429574], [72.41977342124315, 31.728043265212545], [72.41988404693178, 31.72808742060153], [72.41999880372035, 31.728119336441473], [72.42011634186916, 31.72813863734651], [72.42023527892488, 31.728145096304388], [72.43261802133348, 31.728145096304388], [72.43744197223974, 31.732616845935873], [72.43744197223974, 31.73722791342892], [72.43744734254555, 31.73733639185526], [72.4374634009451, 31.737443809437476], [72.43748999039833, 31.73754911570577], [72.43752685087875, 31.737651280837536], [72.43757362191631, 31.73774930572831], [72.44293347010618, 31.747686346810873], [72.44293347010618, 31.769468116305358], [72.44293928056887, 31.769580941373057], [72.44295665047738, 31.769692572657455], [72.44298539604362, 31.769801829006468], [72.4430252131155, 31.76990755439682], [72.44307568039522, 31.770008630165705], [72.44313626389686, 31.77010398684721], [72.44320632259645, 31.770192615488117], [72.44328511521454, 31.7702735783235], [72.45025546726144, 31.776735018293103], [72.45025546726144, 31.77964923300318], [72.45026083756726, 31.779757711429518], [72.45027689596681, 31.779865129011736], [72.45030348542004, 31.77997043528003], [72.45034034590046, 31.780072600411795], [72.45038711693802, 31.78017062530257], [72.45221761622683, 31.78356433086851], [72.45226944170817, 31.783650687071148], [72.45232895980959, 31.783731932808582], [72.45239567005241, 31.783807384897703], [72.45246901148028, 31.783876408873308], [72.45254836737621, 31.783938424323235], [72.4526330704485, 31.783992909768944], [72.45272240844182, 31.784039407050567], [72.45638340701944, 31.785736259833538], [72.45649403270808, 31.785780415222522], [72.45660878949664, 31.785812331062466], [72.45672632764546, 31.785831631967504], [72.45684526470117, 31.78583809092538], [72.48936349928674, 31.78583809092538], [72.49207506609454, 31.788351683644123], [72.4929495457932, 31.789972949841168], [72.494187450193, 31.793415521283844], [72.494187450193, 31.800011466398825]], [[72.73244517299872, 31.910801431080277], [72.7279205870687, 31.911056026973462], [72.72949975093663, 31.90963458736404], [72.73244517299872, 31.910801431080277]], [[72.71710259035748, 31.935958952895948], [72.71541580339652, 31.936891353730914], [72.71640410055264, 31.93600517551176], [72.71710259035748, 31.935958952895948]], [[72.5908655738097, 31.990171602388653], [72.59066476953276, 31.99027701961187], [72.58971099759563, 31.98952235259329], [72.5908655738097, 31.990171602388653]], [[72.5239811390199, 31.84822208676015], [72.52135594763436, 31.84221985026244], [72.52129892287108, 31.83943266024206], [72.5239811390199, 31.84822208676015]]]}}, {"type": "Feature", "properties": {"na": "NA-86", "src": "sheet-split: sargodha_na82_83_86.jpg, outline-fit", "approx": false, "rms_km": 1.909}, "geometry": {"type": "Polygon", "coordinates": [[[72.47406477225385, 31.966470321941838], [72.4740551662613, 31.966386925576764], [72.47405195801603, 31.966303039129922], [72.47405195801603, 31.9561219224321], [72.47405660975015, 31.956020945422054], [72.47407052554861, 31.95592082376735], [72.47409358753359, 31.955822405577788], [72.47412560035178, 31.955726524533468], [72.47416629282922, 31.955633992822865], [72.47421532026837, 31.95554559426293], [72.48137395517129, 31.94393263606341], [72.48137395517129, 31.940850247385367], [72.4813793254771, 31.94074176895903], [72.48139538387666, 31.94063435137681], [72.48142197332989, 31.940529045108516], [72.48145883381031, 31.94042687997675], [72.48150560484787, 31.940328855085976], [72.48333610413668, 31.936935149520036], [72.48339889588809, 31.936832600791895], [72.4834725218751, 31.9367375310295], [72.48355609956846, 31.936651079801283], [72.4890475974349, 31.931560521452372], [72.48912910731974, 31.931492001411055], [72.4892168695609, 31.9314316967975], [72.49470836742735, 31.92803799123156], [72.49482389208455, 31.927975809423128], [72.49848489066218, 31.926278956640157], [72.49859551635082, 31.926234801251173], [72.49871027313938, 31.92620288541123], [72.4988278112882, 31.92618358450619], [72.49894674834391, 31.926177125548314], [72.50419609143164, 31.926177125548314], [72.5074798943405, 31.924655100891243], [72.51276335798987, 31.919757387982035], [72.5236407192916, 31.90463259587558], [72.52530593810285, 31.901545316692918], [72.52530593810285, 31.89551471310103], [72.51865148790777, 31.889346110686574], [72.5099297440768, 31.889346110686574], [72.50981080702108, 31.889339651728697], [72.50969326887227, 31.88932035082366], [72.5095785120837, 31.889288434983715], [72.50946788639507, 31.88924427959473], [72.50214588923981, 31.88585057402879], [72.50205370429266, 31.885802419165334], [72.5019664876315, 31.885745760455723], [72.50188502135741, 31.885681105977604], [72.50181003600576, 31.88560903550935], [72.50174220399535, 31.885530195331025], [72.50168213359854, 31.885445292428933], [72.50163036348673, 31.885355088155865], [72.50158735789987, 31.88526039140378], [72.50155350248347, 31.885162051350207], [72.50152910083042, 31.88506094984337], [72.5015143717585, 31.884957993494382], [72.50150944734825, 31.884854105547344], [72.50150944734825, 31.881939890837266], [72.49820009387898, 31.878872156433605], [72.49811651618562, 31.878785705205388], [72.4980428901986, 31.878690635442993], [72.4979800984472, 31.878588086714853], [72.49614959915839, 31.875194381148912], [72.49610282812083, 31.875096356258137], [72.4960659676404, 31.874994191126373], [72.49603937818718, 31.874888884858077], [72.49602331978762, 31.87478146727586], [72.49601794948181, 31.87467298884952], [72.49601794948181, 31.86788557771764], [72.49602387383833, 31.86777165520688], [72.49604158299451, 31.86765896171885], [72.49607088589985, 31.86754871301729], [72.49611146642775, 31.86744209849101], [72.49616288678594, 31.867340268322494], [72.49622459223959, 31.867244321079447], [72.49976888315827, 31.86231604281207], [72.50150944734825, 31.855862107084747], [72.50150944734825, 31.84969968796083], [72.49820009387898, 31.846631953557168], [72.49811651618562, 31.84654550232895], [72.4980428901986, 31.846450432566556], [72.4979800984472, 31.846347883838416], [72.49614959915839, 31.842954178272475], [72.49610522119143, 31.84286183679942], [72.49606964073642, 31.84276576191811], [72.49604316739854, 31.842666789629163], [72.49602603153694, 31.84256578114514], [72.4960183822602, 31.84246361539666], [72.49602028612892, 31.842361181384334], [72.49603172657648, 31.842259370443088], [72.4960526040532, 31.84215906848617], [72.49608273689267, 31.842061148296303], [72.49774730783378, 31.83743203122789], [72.49614959915839, 31.834469914357623], [72.49610460284956, 31.834376112876075], [72.49606868370437, 31.834278474764883], [72.49604216401329, 31.83417787609822], [72.49602528172868, 31.834075219514332], [72.49601818832963, 31.833971426116477], [72.49602094746285, 31.83386742720815], [72.49603353437155, 31.83376415593684], [72.4960558361176, 31.833662538921182], [72.49788633540642, 31.8268751277893], [72.49792640511642, 31.826754710076454], [72.4979800984472, 31.82663971862696], [72.49981059773602, 31.82324601306102], [72.49988559081721, 31.823126148722217], [72.50354658939484, 31.818035590373306], [72.50361498633971, 31.817949863422914], [72.50369159174542, 31.817871384993357], [72.50686610176362, 31.814928648991287], [72.50536599541654, 31.80936632040614], [72.5004530034573, 31.8078482238355], [72.50036044139463, 31.807815014584737], [72.50027122086334, 31.80777365897357], [72.5001860571435, 31.807724488549507], [72.50010563299178, 31.807667897511344], [72.50003059316779, 31.80760433954885], [72.49636959459016, 31.80421063398291], [72.4962860168968, 31.80412418275469], [72.49621239090979, 31.804029112992296], [72.49614959915839, 31.803926564264156], [72.49431909986957, 31.800532858698215], [72.49427232883201, 31.80043483380744], [72.49423546835159, 31.800332668675676], [72.49420887889836, 31.80022736240738], [72.49419282049881, 31.800119944825163], [72.494187450193, 31.800011466398825], [72.494187450193, 31.793415521283844], [72.49294954579321, 31.789972949841186], [72.49207506609453, 31.78835168364411], [72.48936349928674, 31.78583809092538], [72.45684526470117, 31.78583809092538], [72.45672632764546, 31.785831631967504], [72.45660878949664, 31.785812331062466], [72.45649403270808, 31.785780415222522], [72.45638340701944, 31.785736259833538], [72.45272240844182, 31.784039407050567], [72.4526330704485, 31.783992909768944], [72.45254836737621, 31.783938424323235], [72.45246901148028, 31.783876408873308], [72.45239567005241, 31.783807384897703], [72.45232895980959, 31.783731932808582], [72.45226944170817, 31.783650687071148], [72.45221761622683, 31.78356433086851], [72.45038711693802, 31.78017062530257], [72.45034034590046, 31.780072600411795], [72.45030348542004, 31.77997043528003], [72.45027689596681, 31.779865129011736], [72.45026083756726, 31.779757711429518], [72.45025546726144, 31.77964923300318], [72.45025546726144, 31.776735018293103], [72.44328511521454, 31.7702735783235], [72.44320632259645, 31.770192615488117], [72.44313626389686, 31.77010398684721], [72.44307568039522, 31.770008630165705], [72.4430252131155, 31.76990755439682], [72.44298539604362, 31.769801829006468], [72.44295665047738, 31.769692572657455], [72.44293928056887, 31.769580941373057], [72.44293347010618, 31.769468116305358], [72.44293347010618, 31.747686346810873], [72.43757362191631, 31.73774930572831], [72.43752685087875, 31.737651280837536], [72.43748999039833, 31.73754911570577], [72.4374634009451, 31.737443809437476], [72.43744734254555, 31.73733639185526], [72.43744197223974, 31.73722791342892], [72.43744197223974, 31.732616845935873], [72.43261802133348, 31.728145096304388], [72.42023527892488, 31.728145096304388], [72.42011634186916, 31.72813863734651], [72.41999880372035, 31.728119336441473], [72.41988404693178, 31.72808742060153], [72.41977342124315, 31.728043265212545], [72.41611242266552, 31.726346412429574], [72.41602023771837, 31.726298257566118], [72.41593302105721, 31.726241598856507], [72.41585155478312, 31.726176944378388], [72.41577656943147, 31.726104873910135], [72.41570873742106, 31.72602603373181], [72.41564866702424, 31.725941130829717], [72.41559689691243, 31.72585092655665], [72.41555389132557, 31.725756229804563], [72.41552003590918, 31.72565788975099], [72.41549563425613, 31.725556788244155], [72.41548090518421, 31.725453831895166], [72.41547598077396, 31.725349943948128], [72.41547598077396, 31.720536702283347], [72.4138635791783, 31.717547345060872], [72.41173258166765, 31.715571933718987], [72.405249270868, 31.714570274040625], [72.40198108272855, 31.714570274040625], [72.38387111660151, 31.716249048056543], [72.37485463697554, 31.719592319182492], [72.37476183948601, 31.719622115858368], [72.3746667658078, 31.719643568402923], [72.37457016463848, 31.71965650787909], [72.37447279670451, 31.719660832389536], [72.35982880239399, 31.719660832389536], [72.35970401608468, 31.719653720393932], [72.35958084587303, 31.719632476514015], [72.35280890880779, 31.71806309865008], [72.352898893, 31.717978782], [72.351576679, 31.719217718], [72.35043169, 31.720290592], [72.349217605, 31.72208731], [72.347640506, 31.724421252], [72.346300767, 31.725538676], [72.341897465, 31.729211501], [72.34124977, 31.729583126], [72.340456937, 31.729996493], [72.339340055, 31.730578814], [72.334666364, 31.731029303], [72.333760409, 31.731264215], [72.332013469, 31.731800877], [72.331082608, 31.733091589], [72.330630246, 31.734208146], [72.32982318900001, 31.736200189], [72.327730787, 31.737617333], [72.327350386, 31.737874971], [72.32490771, 31.73952935], [72.322705004, 31.741518135], [72.321211344, 31.74286621], [72.320415478, 31.743178032], [72.31930249, 31.743611957], [72.31600095600001, 31.744898938], [72.314806856, 31.745432453], [72.31401171200001, 31.745787717], [72.313615151, 31.745964898], [72.312019622, 31.746677769], [72.310780733, 31.747939738], [72.309241134, 31.749508019], [72.308600356, 31.750233958], [72.307389162, 31.751308228], [72.305304499, 31.752171266], [72.303943198, 31.752734836], [72.302620694, 31.753282186], [72.301269777, 31.753841616], [72.300063104, 31.754160872], [72.298456012, 31.754586069], [72.29724959900001, 31.754905256], [72.295167348, 31.755456359], [72.293918039, 31.755786898], [72.292250804, 31.756227815], [72.291190963, 31.756609644], [72.29029721900001, 31.756931569], [72.288614607, 31.757537498], [72.28742248200001, 31.757967299], [72.283253418, 31.759598635], [72.281575971, 31.760255914], [72.277762146, 31.76258529], [72.276253416, 31.763510095], [72.275697926, 31.763850595], [72.27444517900001, 31.76417645], [72.272364117, 31.764717761], [72.271276096, 31.765000689], [72.268971542, 31.765599965], [72.268433316, 31.765462212], [72.265793338, 31.76478551], [72.265274778, 31.764652674], [72.264728324, 31.764512729], [72.264322014, 31.764353557], [72.260479759, 31.762849376], [72.259392411, 31.762423893], [72.258373227, 31.761514582], [72.256795916, 31.760008642], [72.255971806, 31.759221822], [72.255090672, 31.757866139], [72.25359173000001, 31.755559919], [72.252558305, 31.754094361], [72.249713139, 31.750059476], [72.248798957, 31.748719021], [72.247927414, 31.747441085], [72.245919981, 31.746930394], [72.244733556, 31.747116224], [72.243830832, 31.74729863], [72.242140874, 31.747640326], [72.241265476, 31.748608945], [72.240862773, 31.749054531], [72.24028002, 31.749699343], [72.23662257, 31.751256721], [72.23132678600001, 31.753511718], [72.230105546, 31.754031734], [72.225716864, 31.755900478], [72.224120555, 31.756580202], [72.222571883, 31.756902988], [72.21155836, 31.759198512], [72.212416445, 31.760284717], [72.213953519, 31.762229366], [72.214902336, 31.763428892], [72.21800117, 31.766107851], [72.220038899, 31.767730287], [72.22049887, 31.768096342], [72.221359573, 31.768781806], [72.222649259, 31.770341913], [72.22314728, 31.773008245], [72.223141331, 31.773810477], [72.22313346, 31.774780159], [72.223985907, 31.776872423], [72.22492991300001, 31.777891491], [72.22621159, 31.778386181], [72.227262212, 31.77879169], [72.22988996, 31.780016782], [72.230638063, 31.780366021], [72.23252981, 31.78135016], [72.233217673, 31.781707954], [72.233867782, 31.782188612], [72.235030573, 31.783048325], [72.235633027, 31.784055012], [72.236078184, 31.784798855], [72.23594106, 31.786044313], [72.235712316, 31.78691115], [72.235150972, 31.787449592], [72.233905282, 31.787709622], [72.23349047500001, 31.787807504], [72.232538106, 31.788032242], [72.232163625, 31.788387792], [72.231728813, 31.78880062], [72.231741736, 31.790778916], [72.231985887, 31.792749886], [72.232168603, 31.793334792], [72.232547235, 31.794289425], [72.232988172, 31.79540224], [72.234467311, 31.796600024], [72.236070276, 31.797003997], [72.237990678, 31.797399718], [72.239236578, 31.79767959], [72.241080611, 31.798093823], [72.24190261400001, 31.798278472], [72.243660362, 31.79899916], [72.244209111, 31.799470111], [72.244901791, 31.800178328], [72.24549927800001, 31.801038665], [72.244943069, 31.802639762], [72.243525968, 31.804086695], [72.242053094, 31.805560596], [72.241141082, 31.806751601], [72.241276395, 31.807815624], [72.242279613, 31.808513905], [72.243937321, 31.808998121], [72.244664423, 31.809000966], [72.24623906100001, 31.809007122], [72.247225981, 31.809001479], [72.24967718100001, 31.808740092], [72.250969478, 31.808601601], [72.253032375, 31.807889692], [72.25439227000001, 31.807420391], [72.255667744, 31.807262833], [72.25691496600001, 31.807108765], [72.257711665, 31.80701035], [72.258470547, 31.807138388], [72.25958331400001, 31.807326134], [72.26032129, 31.807450646], [72.261719381, 31.807970999], [72.261955053, 31.808502784], [72.26221733700001, 31.809088903], [72.262503765, 31.810443546], [72.262719108, 31.812061633], [72.262935724, 31.812627941], [72.263212062, 31.813350365], [72.264621596, 31.814312427], [72.265612552, 31.814988791], [72.26604018, 31.816101992], [72.26619719, 31.818111234], [72.26593904, 31.818939803], [72.265371626, 31.820641194], [72.264399618, 31.821776615], [72.263574042, 31.822740984], [72.263251034, 31.823118581], [72.26293879, 31.824420814], [72.26293092200001, 31.825258133], [72.26353185500001, 31.826454113], [72.263921832, 31.827230247], [72.26421185400001, 31.829201349], [72.263800801, 31.830911794], [72.26259718, 31.832549873], [72.261836679, 31.833121408], [72.260750406, 31.833811807], [72.25854747400001, 31.834741772], [72.258005885, 31.834944096], [72.25654802000001, 31.835488706], [72.25592094000001, 31.835847578], [72.255032497, 31.836508335], [72.25420033, 31.837776068], [72.253912012, 31.838899825], [72.254102312, 31.840529265], [72.25440421, 31.841657111], [72.25479064400001, 31.843100772], [72.254555962, 31.844799855], [72.254258612, 31.846952199], [72.254160705, 31.847555703], [72.253751327, 31.850078986], [72.253477946, 31.850586679], [72.252928012, 31.851411116], [72.251999738, 31.853621502], [72.25199593, 31.854425194], [72.25200734900001, 31.855803222], [72.252177198, 31.85730969], [72.253278263, 31.858170759], [72.255388784, 31.858180283], [72.256247077, 31.857837846], [72.257499799, 31.857338043], [72.260823062, 31.856668305], [72.263247531, 31.856362376], [72.265549364, 31.855919463], [72.266684094, 31.855217151], [72.267470663, 31.854730325], [72.268464982, 31.853812946], [72.269690743, 31.852682033], [72.270879488, 31.851940616], [72.27213663900001, 31.851156533], [72.272819769, 31.850730467], [72.274631438, 31.849969516], [72.27555799000001, 31.849929026], [72.27654442500001, 31.84990396], [72.277573867, 31.850035265], [72.278561944, 31.85016138], [72.27925056, 31.850249127], [72.279637097, 31.850427228], [72.28055793300001, 31.85085151], [72.280948918, 31.851378611], [72.28145307, 31.852058277], [72.281543548, 31.853429915], [72.281427602, 31.854073876], [72.280803784, 31.856422201], [72.280612212, 31.857191875], [72.280563424, 31.85779124], [72.28050726100001, 31.858479815], [72.281096476, 31.859278218], [72.282283686, 31.860850493], [72.28269979800001, 31.861400324], [72.283833995, 31.862648277], [72.284508442, 31.863438699], [72.285291801, 31.864649433], [72.285386803, 31.865826734], [72.285442607, 31.867161041], [72.28506621000001, 31.869265098], [72.284817286, 31.870548537], [72.284442219, 31.871538434], [72.28403237, 31.872610006], [72.283223019, 31.873461297], [72.281483959, 31.873656405], [72.280839626, 31.873729197], [72.278900081, 31.873952414], [72.276281644, 31.874370248], [72.274870922, 31.8749619], [72.273862318, 31.875900153], [72.273233077, 31.876710562], [72.272308372, 31.877952601], [72.272028507, 31.878772744], [72.271521272, 31.880259301], [72.271218973, 31.881296998], [72.27079887, 31.882739084], [72.270942058, 31.885170647], [72.27098042, 31.885822073], [72.271090019, 31.886353244], [72.27136549, 31.887722617], [72.270846765, 31.88915027], [72.269999985, 31.889807186], [72.269530634, 31.890171499], [72.268723306, 31.890976751], [72.267306745, 31.892389666], [72.266039596, 31.894039442], [72.2652781, 31.895030882], [72.264828357, 31.895786149], [72.264538563, 31.89627281], [72.263688915, 31.897699729], [72.263242323, 31.898450384], [72.262613078, 31.899945391], [72.262018161, 31.901358843], [72.261888414, 31.902178917], [72.26168885, 31.903440432], [72.261489944, 31.90469778], [72.261348261, 31.905360919], [72.261138877, 31.906340919], [72.261025844, 31.906871098], [72.260603408, 31.908854008], [72.260346983, 31.909666488], [72.259840904, 31.911110937], [72.259475803, 31.911532694], [72.259027861, 31.912050143], [72.25716060500001, 31.912591111], [72.256409353, 31.912808757], [72.254957476, 31.91322967], [72.254089621, 31.913481355], [72.253179371, 31.913799869], [72.25167042400001, 31.914327878], [72.251226927, 31.915222051], [72.25096716, 31.915859306], [72.25050813300001, 31.917068709], [72.250384787, 31.917788865], [72.25023374, 31.919150554], [72.250373503, 31.919662921], [72.250718592, 31.920552514], [72.251575623, 31.920968153], [72.253342236, 31.921113533], [72.254132573, 31.921170612], [72.256841792, 31.921611809], [72.25724523400001, 31.921884928], [72.258242248, 31.922559867], [72.259131204, 31.924621769], [72.259136675, 31.92556149], [72.259158091, 31.92924089], [72.25917908800001, 31.932848054], [72.259198389, 31.935211562], [72.25922060900001, 31.938429396], [72.259224493, 31.938995973], [72.259230728, 31.939870504], [72.259448893, 31.941063626], [72.259593547, 31.941854722], [72.259810642, 31.943041989], [72.260103393, 31.943870496], [72.261124373, 31.946759947], [72.26141749, 31.947589488], [72.26200013200001, 31.948798742], [72.265503328, 31.956069512], [72.266700252, 31.958564018], [72.266946648, 31.959159566], [72.267532083, 31.960569168], [72.268811669, 31.963648537], [72.269344085, 31.964929814], [72.269466959, 31.965880938], [72.26981672, 31.968597743], [72.269817874, 31.969078683], [72.26981543, 31.969517847], [72.269807966, 31.97075924], [72.269517171, 31.971418964], [72.26909319900001, 31.972380823], [72.267899377, 31.973087671], [72.26706986100001, 31.97357882], [72.266362536, 31.973997625], [72.262798143, 31.975863389], [72.261697943, 31.976439283], [72.258672321, 31.977368665], [72.255635446, 31.977998763], [72.255017424, 31.978187685], [72.253029443, 31.978879923], [72.251835068, 31.980633308], [72.251090509, 31.982898376], [72.25111749, 31.983871836], [72.251139854, 31.98467636], [72.251156828, 31.985290666], [72.251168653, 31.985721774], [72.251272113, 31.986418193], [72.25138606, 31.987187241], [72.251842988, 31.990269467], [72.251345778, 31.993221144], [72.251108144, 31.994631383], [72.251175036, 31.995374105], [72.251292136, 31.996690234], [72.25196208700001, 31.997698202], [72.25230539600001, 31.998216166], [72.252557034, 31.998569261], [72.25512172900001, 32.001443718], [72.256790172, 32.002947295], [72.257231689, 32.003552971], [72.25865886000001, 32.00432252], [72.259405956, 32.004362696], [72.259988446, 32.004401042], [72.263012886, 32.00364154], [72.265290199, 32.003061852], [72.266123455, 32.00285067], [72.26669102400001, 32.002724856], [72.268658295, 32.002641972], [72.270415665, 32.002972908], [72.271971339, 32.003602403], [72.27326856900001, 32.004868821], [72.274900365, 32.006461856], [72.276410478, 32.006861312], [72.276830539, 32.006957891], [72.281825538, 32.008106073], [72.28349152700001, 32.008488874], [72.286015961, 32.008266621], [72.289732814, 32.007939388], [72.291631577, 32.00777222], [72.292337181, 32.008935818], [72.293059071, 32.010126274], [72.29380673, 32.011360006], [72.292462717, 32.013262374], [72.291683515, 32.014352376], [72.290143763, 32.016935693], [72.29005859, 32.017412663], [72.289991587, 32.019511047], [72.29016630000001, 32.019994207], [72.290619456, 32.021259675], [72.29112369500001, 32.021843192], [72.2917613, 32.022581042], [72.292921496, 32.023472851], [72.294530909, 32.023708498], [72.294958474, 32.0237711], [72.295395649, 32.023824616], [72.297760568, 32.023938038], [72.298906105, 32.023991713], [72.30104033500001, 32.024091715], [72.301925256, 32.024257094], [72.304118446, 32.024666968], [72.305428785, 32.024911851], [72.306416599, 32.025489808], [72.307318249, 32.026017412], [72.30825903600001, 32.026567795], [72.309356456, 32.027839648], [72.30976240400001, 32.029572836], [72.309873773, 32.030090637], [72.30999379100001, 32.030648658], [72.309983918, 32.033332741], [72.30999408800001, 32.034174394], [72.310063211, 32.034666531], [72.310212625, 32.035770923], [72.310286825, 32.036214525], [72.31114693100001, 32.039387969], [72.31147883700001, 32.040612566], [72.31237939600001, 32.041564168], [72.313646741, 32.042903346], [72.314270015, 32.043561946], [72.315347904, 32.044223926], [72.31741118100001, 32.045491076], [72.317931078, 32.045810367], [72.31863650000001, 32.046404122], [72.32062505, 32.048141012], [72.321371505, 32.049640352], [72.321457902, 32.050076016], [72.321680994, 32.051167981], [72.32181246200001, 32.051811165], [72.321785089, 32.0526777], [72.321769197, 32.053183124], [72.321788751, 32.053703943], [72.321999237, 32.054443698], [72.322468727, 32.055294312], [72.322850121, 32.055661305], [72.324391104, 32.056871094], [72.32464627200001, 32.057986971], [72.325802841, 32.059840535], [72.326092812, 32.060370295], [72.32660238000001, 32.061301254], [72.326572309, 32.062357359], [72.326348687, 32.064040587], [72.325871827, 32.064727777], [72.325461179, 32.065319553], [72.324851527, 32.065811851], [72.323899563, 32.066580568], [72.323714054, 32.067123227], [72.32277346500001, 32.069879553], [72.322765623, 32.070369459], [72.322760707, 32.070849512], [72.322726267, 32.073661287], [72.32272015400001, 32.074160299], [72.322709015, 32.07506974], [72.32312258, 32.075899025], [72.32367587, 32.077008996], [72.324972034, 32.079607575], [72.325300689, 32.081496435], [72.325628121, 32.083400666], [72.325372118, 32.084819925], [72.32512827, 32.086170064], [72.32502962800001, 32.087381482], [72.324872452, 32.089311773], [72.32477268, 32.090577429], [72.32434042, 32.096060812], [72.324304841, 32.09650012], [72.32423395900001, 32.097375315], [72.323795104, 32.102794363], [72.323717618, 32.103751028], [72.32378672, 32.10460663], [72.32396825500001, 32.106854359], [72.324059274, 32.10798134], [72.32496822, 32.110379152], [72.325390764, 32.110934228], [72.32683282900001, 32.11282861], [72.327304291, 32.113368368], [72.328343139, 32.114557702], [72.329270244, 32.116720758], [72.32982318900001, 32.118389529], [72.329710969, 32.119787678], [72.329598042, 32.120410757], [72.32944982100001, 32.121300601], [72.32932326400001, 32.122878506], [72.329256932, 32.123674187], [72.329213013, 32.124201321], [72.329637405, 32.125588871], [72.33025180700001, 32.128360393], [72.330390472, 32.130009369], [72.330320815, 32.130885224], [72.33025180700001, 32.131752936], [72.330184437, 32.132589295], [72.330082886, 32.133850007], [72.329568062, 32.135329384], [72.329416535, 32.135740215], [72.327672944, 32.140370676], [72.326898342, 32.14242779], [72.326646733, 32.1432468], [72.3262687, 32.144477333], [72.325386426, 32.14734921], [72.325039513, 32.148478022], [72.324461452, 32.15036008], [72.324136164, 32.151794579], [72.323858756, 32.153018328], [72.323430173, 32.154909101], [72.32344077, 32.156230655], [72.323491809, 32.157344198], [72.32351812600001, 32.157918374], [72.32358776400001, 32.159437721], [72.324146952, 32.161184005], [72.324279642, 32.16159872], [72.325343507, 32.16492073], [72.326598172, 32.16875826], [72.327239391, 32.170719346], [72.32788044, 32.172679909], [72.328212524, 32.173479122], [72.328544184, 32.174277312], [72.329373513, 32.176273223], [72.329871014, 32.177470537], [72.330644918, 32.178969884], [72.331999099, 32.181593297], [72.33310388000001, 32.183733441], [72.33469771, 32.186821204], [72.335228989, 32.187850565], [72.33578705500001, 32.188846691], [72.337829851, 32.192240407], [72.33851581200001, 32.193718011], [72.339563471, 32.195588384], [72.340041066, 32.196440845], [72.340451492, 32.197638872], [72.340996623, 32.1992301], [72.34127023, 32.200028755], [72.341503717, 32.201049078], [72.342547556, 32.205609668], [72.342897762, 32.207140963], [72.342999583, 32.208436122], [72.343372447, 32.213178964], [72.343507938, 32.214902419], [72.34334484300001, 32.217071182], [72.343149369, 32.219670504], [72.343070503, 32.22071922], [72.343074295, 32.221877757], [72.343089116, 32.226406231], [72.343091947, 32.227271043], [72.343406774, 32.228556025], [72.343614903, 32.229405517], [72.343819345, 32.230239959], [72.344496765, 32.231140611], [72.34604737, 32.233202195], [72.34645105700001, 32.23367467], [72.34942221300001, 32.23629149], [72.350466777, 32.237157892], [72.35173469300001, 32.237880317], [72.35464246, 32.239538101], [72.357265219, 32.240983254], [72.3582023, 32.241499591], [72.358927799, 32.242010368], [72.360370138, 32.24302583], [72.36109307000001, 32.243534802], [72.361467735, 32.24379861], [72.362381727, 32.244739312], [72.36543458700001, 32.247881385], [72.366046986, 32.24851168], [72.366828947, 32.249450516], [72.367801623, 32.250618327], [72.36836248, 32.251291702], [72.368811293, 32.251830553], [72.369490564, 32.252913155], [72.370288044, 32.254027487], [72.372884129, 32.25535981], [72.373480883, 32.255500415], [72.37444756, 32.255557153], [72.37501679, 32.255590612], [72.376358964, 32.255669342], [72.377991527, 32.255421291], [72.378816246, 32.255295878], [72.381941385, 32.254820912], [72.383475798, 32.254807028], [72.38442113500001, 32.254798474], [72.38760008700001, 32.254769708], [72.388839873, 32.254758489], [72.39019519300001, 32.255070022], [72.391549092, 32.255381227], [72.392489884, 32.255853103], [72.393137546, 32.256177958], [72.39486848700001, 32.256978563], [72.39540808400001, 32.257231758], [72.396859119, 32.257912708], [72.398155873, 32.259415267], [72.398897241, 32.260274394], [72.399853, 32.261382539], [72.400247906, 32.261840437], [72.40124200400001, 32.263036867], [72.403516803, 32.265774662], [72.405150694, 32.267741104], [72.40772616000001, 32.271171133], [72.408498481, 32.272199716], [72.409010933, 32.272882205], [72.409622178, 32.273555017], [72.410316545, 32.274319544], [72.412360551, 32.276569954], [72.412940498, 32.277208232], [72.41426262600001, 32.278159119], [72.415454148, 32.279001264], [72.417160027, 32.27955816], [72.417572971, 32.279656794], [72.418417462, 32.279858505], [72.41956372700001, 32.280132297], [72.420514411, 32.280305131], [72.422292884, 32.28060739], [72.423950109, 32.280888889], [72.424910154, 32.28115157], [72.42611410900001, 32.281480985], [72.427728383, 32.281922622], [72.428783881, 32.2821821], [72.429498727, 32.282357811], [72.430682401, 32.282917993], [72.431562176, 32.284019693], [72.43186095, 32.285441198], [72.431785411, 32.286396609], [72.431747001, 32.286882405], [72.431719058, 32.288212118], [72.43202106000001, 32.288609296], [72.433500658, 32.289691896], [72.43425815, 32.290246223], [72.438955635, 32.293695308], [72.440221735, 32.294700241], [72.441321174, 32.294762756], [72.442191047, 32.294230736], [72.44265503000001, 32.293886435], [72.443217221, 32.293469262], [72.444380808, 32.292718513], [72.445415904, 32.292678541], [72.446860643, 32.292741863], [72.447323531, 32.292921985], [72.447929704, 32.293157861], [72.448362574, 32.293531691], [72.449089535, 32.294159496], [72.45160838400001, 32.295477464], [72.453165649, 32.295971674], [72.45429991, 32.296331622], [72.455931315, 32.29654158], [72.459229273, 32.29673195], [72.461454437, 32.296564059], [72.462047768, 32.296543292], [72.463398565, 32.296622869], [72.464340119, 32.296678339], [72.465185113, 32.296788019], [72.46597146, 32.296890088], [72.467182995, 32.297309964], [72.46843284, 32.298899284], [72.4691579, 32.300857254], [72.469102963, 32.301840074], [72.469030073, 32.30229191], [72.468949129, 32.302792662], [72.469360124, 32.304091223], [72.47131086600001, 32.305837826], [72.472709838, 32.3070904], [72.474458408, 32.309411975], [72.4746097, 32.310948731], [72.474711055, 32.311685725], [72.47504713500001, 32.314129461], [72.475628817, 32.315309905], [72.476353261, 32.316780066], [72.4772796, 32.317733074], [72.477586298, 32.318048601], [72.477892971, 32.318364104], [72.47852163600001, 32.31901087], [72.479245855, 32.319411966], [72.481823397, 32.320839486], [72.484870405, 32.322419064], [72.485364581, 32.322927583], [72.485931078, 32.323510248], [72.487038839, 32.324649869], [72.487857239, 32.325316677], [72.48839675500001, 32.32575626], [72.490422952, 32.327407128], [72.4910526, 32.327920138], [72.49182547800001, 32.328304795], [72.492206284, 32.32849432], [72.492969123, 32.32887398], [72.493350351, 32.329063578], [72.494508425, 32.329639678], [72.496176983, 32.3299505], [72.49994152900001, 32.330651765], [72.501587025, 32.331165718], [72.502819699, 32.33155073], [72.506108171, 32.332577848], [72.507341335, 32.332963014], [72.507750743, 32.333090887], [72.508652084, 32.333416862], [72.511565997, 32.334470947], [72.513519654, 32.33517724], [72.514905127, 32.336263995], [72.516745211, 32.337706999], [72.519833218, 32.340800575], [72.52166093000001, 32.34257554], [72.523486104, 32.344348038], [72.524702001, 32.345528844], [72.525976922, 32.346509542], [72.527086206, 32.347362358], [72.527782807, 32.347898229], [72.528476459, 32.348432242], [72.529552203, 32.349129401], [72.530266573, 32.349592365], [72.531337465, 32.350286381], [72.53240984, 32.350981357], [72.533567229, 32.351503726], [72.534337747, 32.351851487], [72.535880618, 32.352547837], [72.538176749, 32.353584261], [72.539121307, 32.354016805], [72.540018019, 32.3544529], [72.543006288, 32.355905918], [72.544120469, 32.356447679], [72.545253027, 32.357375183], [72.545808452, 32.357830042], [72.546335382, 32.358702234], [72.547806183, 32.361136758], [72.549101401, 32.363280648], [72.549458551, 32.363757585], [72.551367446, 32.366304925], [72.551849757, 32.366948551], [72.552420834, 32.367470374], [72.553123203, 32.368112166], [72.554011821, 32.368924538], [72.555427756, 32.369639491], [72.558166825, 32.370879795], [72.558625691, 32.37106792], [72.562291048, 32.372493187], [72.565230852, 32.373636424], [72.566061477, 32.373959311], [72.56679209900001, 32.374102164], [72.567523253, 32.374245122], [72.56777352160334, 32.374294055304794], [72.56777352160334, 32.361669737562025], [72.56776833972711, 32.3615631746554], [72.56775284299553, 32.36145761729555], [72.56772717763856, 32.361354061540716], [72.56769158583911, 32.36125348456163], [72.56764640344781, 32.361156835420786], [72.56759205681385, 32.36106502611687], [72.56752905876185, 32.360978922978994], [72.5620375608954, 32.35419151184711], [72.56193037862855, 32.354076864412], [72.55835011025054, 32.35075799485651], [72.55479474610408, 32.345814319447896], [72.5530369149066, 32.34255533893075], [72.55140016894086, 32.33800360220416], [72.55299787761625, 32.33504148533389], [72.55304338925318, 32.33494646257199], [72.55307958646624, 32.33484751614133], [72.55310613615033, 32.334745556597156], [72.55312279398179, 32.3346415222229], [72.5531294066668, 32.33453637039567], [72.55312591335206, 32.3344310687759], [72.55311234618486, 32.33432658640251], [72.55308883001713, 32.33422388477531], [72.55305558125659, 32.33412390900676], [72.55301290587518, 32.33402757912461], [72.55296119659342, 32.333935781605284], [72.55290092926634, 32.33384936121613], [72.55283265850447, 32.3337691132414], [72.55275701257, 32.333695776163665], [72.55267468759516, 32.33363002486792], [72.55258644117615, 32.33357246443094], [72.55249308540127, 32.33352362455305], [72.54984935353794, 32.33229826931879], [72.54958137798324, 32.332049858915944], [72.5487216040347, 32.331651358401295], [72.54545588502921, 32.328624072667445], [72.54537437514438, 32.32855555262613], [72.54528661290321, 32.32849524801257], [72.53988601821848, 32.32515771994888], [72.53482453440468, 32.32046577991487], [72.53482453440468, 32.315854712421825], [72.53481861004816, 32.31574078991107], [72.53480090089198, 32.31562809642303], [72.53477159798663, 32.31551784772147], [72.53473101745875, 32.3154112331952], [72.53467959710055, 32.31530940302668], [72.5346178916469, 32.315213455783635], [72.5310467007437, 32.310247773529916], [72.52746890949307, 32.30029805367323], [72.52572264063751, 32.29058542110739], [72.52737088757284, 32.28752960741072], [72.5274176586104, 32.28743158251994], [72.52745451909082, 32.28732941738818], [72.52748110854405, 32.28722411111988], [72.5274971669436, 32.28711669353767], [72.52750253724942, 32.28700821511133], [72.5274971669436, 32.28689973668499], [72.52748110854405, 32.28679231910277], [72.52745451909082, 32.28668701283448], [72.5274176586104, 32.28658484770271], [72.52737088757284, 32.28648682281194], [72.52573282607365, 32.28344989269067], [72.5292097513098, 32.26733453471375], [72.53430361717032, 32.26418656282276], [72.53439589294716, 32.26412280470222], [72.53448118496442, 32.26404996797579], [72.53455860372502, 32.26396881224627], [72.53462734184082, 32.26388018387406], [72.53464101999027, 32.26385824541731], [72.5345882604883, 32.263770273038745], [72.53454216172493, 32.263672876681646], [72.53450582895687, 32.26357143173931], [72.53447961191335, 32.26346691469289], [72.53446376295248, 32.26336033159479], [72.53445843463197, 32.26325270838464], [72.53446367824078, 32.263145081013924], [72.53628893383573, 32.24453316971554], [72.53628893383573, 32.23488526969511], [72.52931858178883, 32.22842382972551], [72.52924624020746, 32.22835015143827], [72.52918113749111, 32.228270005129986], [72.52912384906355, 32.2281840991903], [72.52907488128031, 32.228093192916525], [72.52196039764705, 32.213254334082166], [72.51546860248142, 32.211248393087345], [72.5136916936695, 32.211248393087345], [72.50723473266709, 32.21005128666798], [72.50443824621036, 32.21005128666798], [72.50432626755624, 32.21004556328595], [72.50421545597281, 32.210028452790446], [72.50410696636723, 32.2100001335115], [72.50400192944642, 32.2099609006], [72.5039014399325, 32.209911162951585], [72.50380654515334, 32.20985143894496], [72.50371823412705, 32.20978235103927], [72.5036374272541, 32.209704619286654], [72.5035649667248, 32.20961905382767], [72.50350160774161, 32.20952654644782], [72.50344801064837, 32.20942806128308], [72.50340473404793, 32.20932462477147], [72.5027949955195, 32.207628961967565], [72.50187554720601, 32.20507200643244], [72.49986238816594, 32.19947347731976], [72.49282830000965, 32.19458308533631], [72.49270859601253, 32.1944867740661], [72.48721709814609, 32.18939621571719], [72.487138305528, 32.189315252881805], [72.48706824682841, 32.189226624240895], [72.48700766332678, 32.1891312675594], [72.48695719604706, 32.18903019179051], [72.48691737897518, 32.18892446640016], [72.48688863340894, 32.18881521005114], [72.48687126350042, 32.18870357876675], [72.48686545303774, 32.188590753699046], [72.48686545303774, 32.183979686206], [72.48204150213148, 32.17950793657451], [72.47881125616695, 32.17950793657451], [72.47870877928023, 32.17950314531869], [72.47860719649015, 32.179488813354276], [72.47850739409246, 32.179465065725665], [72.47841024284931, 32.17943210962763], [72.47831659039178, 32.17939023259757], [72.47822725382464, 32.17933980000676], [72.47814301259703, 32.179281251872574], [72.47806460170202, 32.179215099019366], [72.47440360312439, 32.175821393453425], [72.47432002543103, 32.175734942225205], [72.47424639944401, 32.17563987246282], [72.47418360769261, 32.17553732373467], [72.47269146867907, 32.1727709307039], [72.47225300401868, 32.17249996274678], [72.46201089270188, 32.15825847530321], [72.46026410850007, 32.157448850395895], [72.45684526470117, 32.157448850395895], [72.45674278781445, 32.157444059140076], [72.45664120502437, 32.15742972717566], [72.45654140262668, 32.15740597954705], [72.45644425138353, 32.15737302344902], [72.45635059892601, 32.157331146418954], [72.45626126235886, 32.15728071382814], [72.45617702113125, 32.15722216569396], [72.45609861023624, 32.15715601284075], [72.45466339051957, 32.15582557988987], [72.44997358245178, 32.151478179199756], [72.44877661308098, 32.15036860170887], [72.4486978204629, 32.150287638873486], [72.4486277617633, 32.150199010232576], [72.44856717826167, 32.15010365355108], [72.44851671098195, 32.15000257778219], [72.44847689391007, 32.14989685239184], [72.44844814834383, 32.14978759604282], [72.44843077843531, 32.14967596475843], [72.44842496797263, 32.14956313969073], [72.44842496797263, 32.14835356200405], [72.44696056854157, 32.144281115324915], [72.44696056854157, 32.14228845346253], [72.44674982372351, 32.141702379051225], [72.4397024855812, 32.13516957381476], [72.42881039303002, 32.12843834018513], [72.42871607031883, 32.128373003613284], [72.42862907887415, 32.12829818296092], [72.42855036815656, 32.128214694851565], [72.42848079724737, 32.12812345050894], [72.42842112547224, 32.1280254458115], [72.42659062618343, 32.12463174024556], [72.42655439588916, 32.12455811270051], [72.42652376391771, 32.12448198562295], [72.4246932646289, 32.11939142727404], [72.42466507904489, 32.1193009654282], [72.42464479529433, 32.119208410892064], [72.42463256434185, 32.11911445251564], [72.42462847721804, 32.11901978959726], [72.42462847721804, 32.11250969514951], [72.42109912831698, 32.10596635963289], [72.42105235727942, 32.10586833474211], [72.421015496799, 32.10576616961035], [72.42098890734577, 32.10566086334205], [72.42097284894622, 32.10555344575984], [72.4209674786404, 32.1054449673335], [72.4209674786404, 32.095263850635675], [72.42097328910309, 32.09515102556797], [72.42099065901161, 32.09503939428358], [72.42101940457785, 32.09493013793456], [72.42105922164973, 32.09482441254421], [72.42110968892945, 32.094723336775324], [72.42117027243108, 32.094627980093826], [72.42124033113068, 32.094539351452916], [72.42131912374876, 32.09445838861753], [72.42498012232639, 32.09106468305159], [72.42506224069112, 32.0909957002606], [72.42515069559686, 32.09093505554992], [72.42524464360085, 32.090883327184144], [72.42534318888212, 32.09084100840796], [72.42544539178337, 32.090808502742966], [72.42555027777081, 32.090786120139924], [72.42565684672668, 32.09077407402334], [72.42576408248564, 32.09077247925636], [72.42587096252417, 32.090781351045536], [72.43861267800959, 32.09246869827942], [72.44543151635519, 32.09246869827942], [72.4506071123698, 32.08767097748565], [72.45069520565592, 32.08759748607701], [72.45079048444305, 32.08753358484908], [72.450891909153, 32.08747997102235], [72.45428902379865, 32.08590542699609], [72.45425328928268, 32.08587419843902], [72.45418110223288, 32.08579776376651], [72.4541165542123, 32.08571477712687], [72.45406023668788, 32.08562599894394], [72.45401266570883, 32.0855322427107], [72.4539742771779, 32.08543436753502], [72.45394542285723, 32.08533327026751], [72.45392636714493, 32.08522987728347], [72.45391728465249, 32.08512513599433], [72.45391825860465, 32.08502000616632], [72.45392928007689, 32.08491545112594], [72.45573561304741, 32.07319429503094], [72.45395307182312, 32.05997512556962], [72.45038711693802, 32.053363923360806], [72.45034034590046, 32.05326589847003], [72.45030348542004, 32.053163733338266], [72.45027689596681, 32.05305842706997], [72.45026083756726, 32.05295100948776], [72.45025546726144, 32.052842531061415], [72.45025546726144, 32.03757085601468], [72.45026139161796, 32.037456933503925], [72.45027910077414, 32.03734424001589], [72.45030840367949, 32.03723399131433], [72.45034898420737, 32.03712737678806], [72.45040040456557, 32.03702554661954], [72.45046211001922, 32.03692959937649], [72.45391646583907, 32.032126374385825], [72.45391646583907, 32.02908659209983], [72.45392239019559, 32.02897266958907], [72.45394009935177, 32.02885997610104], [72.45396940225712, 32.02874972739948], [72.454009982785, 32.028643112873205], [72.4540614031432, 32.02854128270469], [72.45412310859685, 32.02844533546164], [72.45778410717448, 32.02335477711273], [72.45785250411934, 32.023269050162334], [72.45792910952505, 32.023190571732776], [72.46123846299433, 32.02012283732911], [72.46123846299433, 32.01720862261904], [72.46124383330014, 32.017100144192696], [72.4612598916997, 32.01699272661048], [72.46128648115292, 32.01688742034219], [72.46132334163335, 32.01678525521042], [72.4613701126709, 32.01668723031965], [72.46503111124854, 32.009899819187766], [72.46509390299994, 32.00979727045962], [72.46516752898695, 32.009702200697234], [72.46525110668031, 32.00961574946901], [72.46871581518928, 32.006404002645866], [72.4703909594384, 32.0017454815554], [72.4703909594384, 31.99560998600374], [72.46867392429247, 31.99572887736388], [72.4702444603623, 31.995378504770507], [72.47075705929616, 31.995428928473007], [72.47075705929616, 31.995428928473004], [72.4703909594384, 31.995392915697533], [72.4703909594384, 31.991755830874478], [72.47039665016123, 31.99164417133571], [72.47041366335799, 31.991533668901074], [72.47044182272451, 31.99142546868388], [72.47048083645124, 31.991320691940036], [72.47056576825962, 31.991123864800745], [72.47329990825507, 31.98478757025988], [72.47412830282863, 31.982867788528562], [72.47585272683233, 31.97807222206056], [72.47406477225385, 31.966470321941838]], [[72.52428638085817, 32.23457891758511], [72.52390624725597, 32.23451048428696], [72.52478338358135, 32.23044999515003], [72.52428638085817, 32.23457891758511]], [[72.48268889133189, 31.93089933610857], [72.48342238005219, 31.930027546186814], [72.48260072683482, 31.932796709592445], [72.48268889133189, 31.93089933610857]], [[72.47531181248547, 31.93972153820799], [72.47716590969105, 31.93859460021144], [72.47612733184934, 31.939529446627095], [72.47531181248547, 31.93972153820799]], [[72.4738900753661, 31.79918141554814], [72.46770487723037, 31.79361629849323], [72.46913637258582, 31.794475311814665], [72.4738900753661, 31.79918141554814]], [[72.43755423778926, 31.959496025760853], [72.43849938231502, 31.958645280697077], [72.43775991027083, 31.95967137248199], [72.43755423778926, 31.959496025760853]], [[72.42913104174175, 31.77097080731357], [72.42576908174637, 31.770101141904785], [72.42832241932176, 31.770169324823534], [72.42913104174175, 31.77097080731357]], [[72.4185988291305, 32.03123501729463], [72.42599562457393, 32.03147355387995], [72.42453738799938, 32.031548832947486], [72.4185988291305, 32.03123501729463]], [[72.40451380377182, 32.138011354376964], [72.40324884009571, 32.13693768216246], [72.40531754134281, 32.13805473205121], [72.40451380377182, 32.138011354376964]], [[72.39625664783225, 32.06931561467083], [72.39622921627556, 32.06887701563291], [72.39722535929582, 32.070690960398295], [72.39625664783225, 32.06931561467083]], [[72.39256266361748, 32.062200339828394], [72.38589265837366, 32.05703679711147], [72.39160238563832, 32.06045170416244], [72.39256266361748, 32.062200339828394]], [[72.37374895598936, 32.09398973753194], [72.38079583867152, 32.09686943919178], [72.37510658857991, 32.09516243343759], [72.37374895598936, 32.09398973753194]], [[72.37526350607922, 32.126014020998305], [72.37289476571124, 32.123455371440386], [72.37715081841118, 32.12728812903665], [72.37526350607922, 32.126014020998305]], [[72.3702896036783, 32.05202239476085], [72.36879854382553, 32.05101579330337], [72.37538779234124, 32.05212068874534], [72.3702896036783, 32.05202239476085]], [[72.36321300637242, 32.04724504585104], [72.3658894125947, 32.045413873298095], [72.36381977857934, 32.04765467245772], [72.36321300637242, 32.04724504585104]], [[72.36304847006659, 32.089616994510294], [72.36336063156568, 32.08974455899911], [72.36289874116034, 32.089661919254404], [72.36304847006659, 32.089616994510294]], [[72.35986412425345, 31.745675947336895], [72.35986412425345, 31.741431294499197], [72.36161983565381, 31.747256301205088], [72.35986412425345, 31.745675947336895]]]}}]}