{"type": "FeatureCollection", "features": [{"type": "Feature", "properties": {"na": "NA-87", "src": "sheet-split: khushab_na87_88.jpg, outline-fit", "approx": false, "rms_km": 2.856}, "geometry": {"type": "Polygon", "coordinates": [[[72.614011848, 32.383629382], [72.61362677400001, 32.38336401], [72.612789387, 32.382786407], [72.611506207, 32.38190156], [72.610870191, 32.381462978], [72.609018219, 32.380422271], [72.607441825, 32.379902487], [72.606865221, 32.379712362], [72.606460292, 32.379578844], [72.604405611, 32.378997869], [72.60335271000001, 32.378700153], [72.601613953, 32.378351902], [72.598999813, 32.377828322], [72.597259706, 32.377479801], [72.59644810600001, 32.377232878], [72.59564027, 32.376987101], [72.594429515, 32.376618739], [72.593390225, 32.376168606], [72.591620708, 32.375402201], [72.590266323, 32.374400307], [72.588887607, 32.373380414], [72.58820204, 32.37314181], [72.587127534, 32.372768764], [72.58641612000001, 32.372521776], [72.58590490600001, 32.372359661], [72.584749953, 32.372071123], [72.58362790800001, 32.371790877], [72.58265307, 32.37158411], [72.581220889, 32.371280336], [72.580641357, 32.371157414], [72.579723023, 32.371103692], [72.57885384100001, 32.371053317], [72.577001685, 32.371769497], [72.57632582, 32.372244616], [72.575153311, 32.373069091], [72.574228265, 32.373719156], [72.572834142, 32.374596723], [72.571091863, 32.37494287], [72.569908321, 32.374711458], [72.567523253, 32.374245122], [72.56679209900001, 32.374102164], [72.566061477, 32.373959311], [72.565230852, 32.373636424], [72.562291048, 32.372493187], [72.558625691, 32.37106792], [72.558166825, 32.370879795], [72.555427756, 32.369639491], [72.554011821, 32.368924538], [72.553123203, 32.368112166], [72.552420834, 32.367470374], [72.551849757, 32.366948551], [72.551367446, 32.366304925], [72.549458551, 32.363757585], [72.549101401, 32.363280648], [72.547806183, 32.361136758], [72.546335382, 32.358702234], [72.545808452, 32.357830042], [72.545253027, 32.357375183], [72.544120469, 32.356447679], [72.543006288, 32.355905918], [72.540018019, 32.3544529], [72.539121307, 32.354016805], [72.538176749, 32.353584261], [72.535880618, 32.352547837], [72.534337747, 32.351851487], [72.533567229, 32.351503726], [72.53240984, 32.350981357], [72.531337465, 32.350286381], [72.530266573, 32.349592365], [72.529552203, 32.349129401], [72.528476459, 32.348432242], [72.527782807, 32.347898229], [72.527086206, 32.347362358], [72.525976922, 32.346509542], [72.524702001, 32.345528844], [72.523486104, 32.344348038], [72.52166093000001, 32.34257554], [72.519833218, 32.340800575], [72.516745211, 32.337706999], [72.514905127, 32.336263995], [72.513519654, 32.33517724], [72.511565997, 32.334470947], [72.508652084, 32.333416862], [72.507750743, 32.333090887], [72.507341335, 32.332963014], [72.506108171, 32.332577848], [72.502819699, 32.33155073], [72.501587025, 32.331165718], [72.49994152900001, 32.330651765], [72.496176983, 32.3299505], [72.494508425, 32.329639678], [72.493350351, 32.329063578], [72.492969123, 32.32887398], [72.492206284, 32.32849432], [72.49182547800001, 32.328304795], [72.4910526, 32.327920138], [72.490422952, 32.327407128], [72.48839675500001, 32.32575626], [72.487857239, 32.325316677], [72.487038839, 32.324649869], [72.485931078, 32.323510248], [72.485364581, 32.322927583], [72.484870405, 32.322419064], [72.481823397, 32.320839486], [72.479245855, 32.319411966], [72.47852163600001, 32.31901087], [72.477892971, 32.318364104], [72.477586298, 32.318048601], [72.4772796, 32.317733074], [72.476353261, 32.316780066], [72.475628817, 32.315309905], [72.47504713500001, 32.314129461], [72.474711055, 32.311685725], [72.4746097, 32.310948731], [72.474458408, 32.309411975], [72.472709838, 32.3070904], [72.47131086600001, 32.305837826], [72.469360124, 32.304091223], [72.468949129, 32.302792662], [72.469030073, 32.30229191], [72.469102963, 32.301840074], [72.4691579, 32.300857254], [72.46843284, 32.298899284], [72.467182995, 32.297309964], [72.46597146, 32.296890088], [72.465185113, 32.296788019], [72.464340119, 32.296678339], [72.463398565, 32.296622869], [72.462047768, 32.296543292], [72.461454437, 32.296564059], [72.459229273, 32.29673195], [72.455931315, 32.29654158], [72.45429991, 32.296331622], [72.453165649, 32.295971674], [72.45160838400001, 32.295477464], [72.449089535, 32.294159496], [72.448362574, 32.293531691], [72.447929704, 32.293157861], [72.447323531, 32.292921985], [72.446860643, 32.292741863], [72.445415904, 32.292678541], [72.444380808, 32.292718513], [72.443217221, 32.293469262], [72.44265503000001, 32.293886435], [72.442191047, 32.294230736], [72.441321174, 32.294762756], [72.440221735, 32.294700241], [72.438955635, 32.293695308], [72.43425815, 32.290246223], [72.433500658, 32.289691896], [72.43202106000001, 32.288609296], [72.431719058, 32.288212118], [72.431747001, 32.286882405], [72.431785411, 32.286396609], [72.43186095, 32.285441198], [72.431562176, 32.284019693], [72.430682401, 32.282917993], [72.429498727, 32.282357811], [72.428783881, 32.2821821], [72.427728383, 32.281922622], [72.42611410900001, 32.281480985], [72.424910154, 32.28115157], [72.423950109, 32.280888889], [72.422292884, 32.28060739], [72.420514411, 32.280305131], [72.41956372700001, 32.280132297], [72.418417462, 32.279858505], [72.417572971, 32.279656794], [72.417160027, 32.27955816], [72.415454148, 32.279001264], [72.41426262600001, 32.278159119], [72.412940498, 32.277208232], [72.412360551, 32.276569954], [72.410316545, 32.274319544], [72.409622178, 32.273555017], [72.40911858534587, 32.27300070051346], [72.40888499825644, 32.27326570274747], [72.40878549427504, 32.27336666217094], [72.3994278892214, 32.28185955019957], [72.39931863705245, 32.28194821343053], [72.3992002735711, 32.28202428767864], [72.39171418952819, 32.28627073169295], [72.39159669801747, 32.286329586228646], [72.39147376871907, 32.2863760243494], [72.39134670963054, 32.28640955194236], [72.39121687269143, 32.286429812265794], [72.39108563939824, 32.286436589744945], [72.38580723424681, 32.286436589744945], [72.38235658447455, 32.28839395370011], [72.3822455908494, 32.28844994086287], [72.38212966878392, 32.28849484322312], [72.3820099221479, 32.2885282331974], [72.37265231709426, 32.290651455204554], [72.37253649900282, 32.29067216296823], [72.37241926441294, 32.29068209738916], [72.37230161328189, 32.29068117373128], [72.37218454911982, 32.290669399872975], [72.3720690704303, 32.29064687623985], [72.37195616219356, 32.290613794948165], [72.37184678746506, 32.29057043816615], [72.37174187916102, 32.290517175707265], [72.36820913656406, 32.28851324500478], [72.35390616960697, 32.28648492325225], [72.35054072729218, 32.28839395370011], [72.35042807810264, 32.288450675538144], [72.35031037221607, 32.288495980406374], [72.35018876334817, 32.28852942424088], [72.35006444347042, 32.28855067923582], [72.3499386311267, 32.2885595370565], [72.34981255948965, 32.28855591088138], [72.34968746427334, 32.28853983625306], [72.34956457162134, 32.28851147072995], [72.34224892898932, 32.286436589744945], [72.32745392503351, 32.286436589744945], [72.32733142625212, 32.28643068645258], [72.32721006276748, 32.28641303128616], [72.32709095935463, 32.28638378787059], [72.32697521984268, 32.28634322722861], [72.32686391688468, 32.28629172526899], [72.32675808201651, 32.28622975930266], [72.32665869609676, 32.28615790361909], [72.32656668021633, 32.2860768241639], [72.32648288716193, 32.28598727236694], [72.32640809351257, 32.28589007817823], [72.32634299244239, 32.28578614237608], [72.32628818729644, 32.28567642821892], [72.32498506415865, 32.28271966769277], [72.31872487010982, 32.28627073169295], [72.31861830358827, 32.28632474041093], [72.3185071462503, 32.28636852866676], [72.31839237571842, 32.2864017113452], [72.31827500139302, 32.28642399660645], [72.31815605557465, 32.286435188452906], [72.3180365843851, 32.286435188452906], [72.31791763856673, 32.28642399660645], [72.31780026424133, 32.2864017113452], [72.31768549370945, 32.28636852866676], [72.31757433637148, 32.28632474041093], [72.31746776984993, 32.28627073169295], [72.31381046696696, 32.28419614478651], [72.30833888201464, 32.282126991850085], [72.30090502534243, 32.280018582701324], [72.30076102887305, 32.27996824933004], [72.30062408075338, 32.27990106567148], [72.29688103873193, 32.277777843664325], [72.29676239124895, 32.277701563809664], [72.29665290395576, 32.277612634770115], [72.29655391910022, 32.27751214676179], [72.29289573084712, 32.27336196850529], [72.28764656724296, 32.26939188584004], [72.27320951372546, 32.267344549103555], [72.26261714252173, 32.26934737243271], [72.25916331739825, 32.27326570274747], [72.25907979170823, 32.27335190972659], [72.25898852310898, 32.27342987271097], [72.2588903218846, 32.27349889954395], [72.25878605986716, 32.2735583774042], [72.25867666269654, 32.2736077782463], [72.25856310160259, 32.273646663488776], [72.25844638478256, 32.27367468790781], [72.25832754845027, 32.27369160270216], [72.2582076476366, 32.273697257702004], [72.25259308460441, 32.273697257702004], [72.25247318379074, 32.27369160270216], [72.25235434745845, 32.27367468790781], [72.25223763063842, 32.273646663488776], [72.25212406954446, 32.2736077782463], [72.25201467237385, 32.2735583774042], [72.2519104103564, 32.27349889954395], [72.25181220913203, 32.27342987271097], [72.25172094053278, 32.27335190972659], [72.25163741484276, 32.27326570274747], [72.24851785566874, 32.26972659383395], [72.24001887421767, 32.273583397867014], [72.23990181116422, 32.273629690543345], [72.23978075080547, 32.273664203727854], [72.23965687522832, 32.273686600418536], [72.23953139400874, 32.273696661924205], [72.23940553240085, 32.27369428999985], [72.23928051937308, 32.273679507806015], [72.23915757560796, 32.27365245968255], [72.2390379015828, 32.273613409739326], [72.23892266584772, 32.27356273927725], [72.23881299361544, 32.273500943065144], [72.23870995577414, 32.27342862450856], [72.23861455843091, 32.27334648975788], [72.23852773308761, 32.273255340813144], [72.23845032754531, 32.27315606769299], [72.23838309762597, 32.273049639744066], [72.23832669979225, 32.27293709617598], [72.2368524207746, 32.2695919863567], [72.22472407649269, 32.27155762724009], [72.2246225026948, 32.27156992695532], [72.2245202694435, 32.27157403569485], [72.21890570641132, 32.27157403569485], [72.21879071831195, 32.271568835538126], [72.21867666896846, 32.27155327752173], [72.21856448947277, 32.27152748866036], [72.21845509565146, 32.27149167949272], [72.21384526322748, 32.26974840978575], [72.21064643575068, 32.275191966809906], [72.21057726418678, 32.27529736584412], [72.21049801368564, 32.27539541185237], [72.21040946037404, 32.275485144637166], [72.21031247148427, 32.27556568541521], [72.21020799686114, 32.27563624542361], [72.2100970596597, 32.275696133644516], [72.20998074632524, 32.27574476357245], [72.2098601959533, 32.2757816589582], [72.20973658913417, 32.27580645847287], [72.20961113639093, 32.275818919246476], [72.20948506632443, 32.275818919246476], [72.2093596135812, 32.27580645847287], [72.20923600676207, 32.2757816589582], [72.20911545639012, 32.27574476357245], [72.20899914305566, 32.275696133644516], [72.20888820585422, 32.27563624542361], [72.2087837312311, 32.27556568541521], [72.20868674234133, 32.275485144637166], [72.20859818902973, 32.27539541185237], [72.20851893852858, 32.27529736584412], [72.20844976696469, 32.275191966809906], [72.20534235039119, 32.26990396692925], [72.19894752542326, 32.27353139965001], [72.19883003391254, 32.273590254185706], [72.19870710461414, 32.27363669230646], [72.19858004552562, 32.27367021989942], [72.19845020858651, 32.273690480222854], [72.19831897529332, 32.273697257702004], [72.19288157639114, 32.273697257702004], [72.18556593375912, 32.27577213868701], [72.18545171599825, 32.27579891863532], [72.18533551901967, 32.27581507798853], [72.18521832821823, 32.27582047970916], [72.18147528619677, 32.27582047970916], [72.18135760847403, 32.27581503291101], [72.18124093703138, 32.27579873909296], [72.18112626954401, 32.27577173758592], [72.18101458655106, 32.27573425928389], [72.18090684307074, 32.2756866246695], [72.18080396043392, 32.27562924107359], [72.18070681840565, 32.275562599191986], [72.17556480813523, 32.27167355945564], [72.16705267459403, 32.273604945655315], [72.16165702286989, 32.27768582119914], [72.16155681755359, 32.277754356486206], [72.16145054350557, 32.277813042240034], [72.16133916583863, 32.27786134551419], [72.15011003977426, 32.2821077895285], [72.14998335878563, 32.28214827393403], [72.14985314748412, 32.28217533085417], [72.14972082496323, 32.28218866541209], [72.14958783332537, 32.28218813228258], [72.14945562196522, 32.282173737275876], [72.13635497489012, 32.28005051526872], [72.13622772636279, 32.280023156367456], [72.13610393355806, 32.27998295638385], [72.13598488868672, 32.279930334945306], [72.1358718343983, 32.279865841340545], [72.13576595080963, 32.27979014878586], [72.13566834318621, 32.279704047397736], [72.13558003040491, 32.27960843594525], [72.13550193431843, 32.279504312468255], [72.13543487013251, 32.27939276385932], [72.13537953789647, 32.27927495451827], [72.13533651519566, 32.27915211419752], [72.13354467885841, 32.27305365258902], [72.12288286063443, 32.26095792565906], [72.11467580404037, 32.26095792565906], [72.11131315755078, 32.264772814718846], [72.11122666283897, 32.26486180135017], [72.11113192041667, 32.26494195014393], [72.11102982930653, 32.265012500558214], [72.11092135826384, 32.26507278313134], [72.11080753658385, 32.26512222583444], [72.11068944433468, 32.265160359499546], [72.11056820210845, 32.265186822271545], [72.11044496038774, 32.265201363041896], [72.11032088862864, 32.265203843831415], [72.11019716416352, 32.26519424109958], [72.1100749610293, 32.26517264596791], [72.10995543882676, 32.26513926335531], [72.10983973171699, 32.26509441003354], [72.10972893765918, 32.265038511621384], [72.10661444576768, 32.26327183155548], [72.09975691185471, 32.26716173362854], [72.0996466884428, 32.267217378039696], [72.09953159589402, 32.26726209052387], [72.09941271538239, 32.26729545105409], [72.09929116366581, 32.267317146243094], [72.09916808259545, 32.2673269722873], [72.0990446283891, 32.2673248368813], [72.09892196076977, 32.26731076008501], [72.09880123207134, 32.26728487413519], [72.0986835764135, 32.26724742220323], [72.09857009904803, 32.26719875611084], [72.09846186597593, 32.267139333024986], [72.09835989393365, 32.26706971116336], [72.09308629534455, 32.26308114766622], [72.08613027869457, 32.26308114766622], [72.07313087462377, 32.26518796121862], [72.0730074005884, 32.26520183428877], [72.07288316236504, 32.26520361286754], [72.07275934180102, 32.26519328003575], [72.0726371167706, 32.26517093408708], [72.07251764997007, 32.26513678759298], [72.07240207785745, 32.26509116538054], [72.07229149984147, 32.26503450144254], [72.07218696782333, 32.26496733480894], [72.07208947619013, 32.26489030441921], [72.07199995235553, 32.26480414304431], [72.07191924793752, 32.26470967031597], [72.07184813065716, 32.26460778492978], [72.07178727703545, 32.264499456096075], [72.07173726595778, 32.26438571432013], [72.07169857316708, 32.26426764159917], [72.07167156673827, 32.26414636112964], [72.07165650357679, 32.264023026622496], [72.07165352697473, 32.26389881132825], [72.07166266524779, 32.26377489687609], [72.07168383146582, 32.26365246203343], [72.07171682427987, 32.26353267149245], [72.07176132983751, 32.26341666479081], [72.07300959024282, 32.26058438671538], [72.06515909572838, 32.2588031250972], [72.0650409931301, 32.25877028005388], [72.06492659417498, 32.25872623576186], [72.06481695812072, 32.2586714000418], [72.06471310012371, 32.25860628063571], [72.06461598183945, 32.25853148050568], [72.06452650251819, 32.258447692250805], [72.06444549067848, 32.258355691694184], [72.06437369643571, 32.258256330699346], [72.06431178455645, 32.25815052928254], [72.06426032830325, 32.258039267094006], [72.06421980412654, 32.25792357434708], [72.06419058725302, 32.25780452227909], [72.06417294821141, 32.25768321323243], [72.06416705032738, 32.25756077044761], [72.06416705032738, 32.25379563796695], [72.05945317265851, 32.248447790548596], [72.05466246822716, 32.25025945942115], [72.05454627693526, 32.25029713805898], [72.0544270111762, 32.250323515602105], [72.05430576741325, 32.25033834955003], [72.05418366029434, 32.25034150352765], [72.0540618124046, 32.25033294853906], [72.05394134394597, 32.25031276323407], [72.05382336243862, 32.25028113318519], [72.05370895253915, 32.25023834918154], [72.05359916606872, 32.25018480455553], [72.05349501234326, 32.25012099156676], [72.04468512683206, 32.24412415497534], [72.03969030014134, 32.24601301540684], [72.03956767664235, 32.24605242588053], [72.03944170038385, 32.24607925292356], [72.03931365912348, 32.24609322230388], [72.03918486172778, 32.24609419122333], [72.03905662479268, 32.2460821497774], [72.03893025918497, 32.24605722105647], [72.03880705664226, 32.24601965988751], [72.03868827656864, 32.24596985022925], [72.03857513316073, 32.2459083012472], [72.03846878299589, 32.24583564210889], [72.03837031320938, 32.24575261555236], [72.03828073038152, 32.24566007029374], [72.03820095024807, 32.24555895235146], [72.03813178833951, 32.245450295375846], [72.03807395164442, 32.24533521008294], [72.0366893891598, 32.242193665295815], [72.03220421609844, 32.24388979339968], [72.03208159259944, 32.24392920387337], [72.03195561634094, 32.2439560309164], [72.03182757508057, 32.24397000029672], [72.03169877768487, 32.24397096921617], [72.03157054074977, 32.243958927770244], [72.03144417514206, 32.24393399904931], [72.03132097259935, 32.24389643788035], [72.03120219252573, 32.243846628222094], [72.03108904911782, 32.24378507924004], [72.03098269895298, 32.24371242010173], [72.03088422916647, 32.243629393545206], [72.0307946463386, 32.24353684828658], [72.03071486620516, 32.2434357303443], [72.0306457042966, 32.24332707336869], [72.03058786760151, 32.243211988075785], [72.0289749254052, 32.23955225425728], [72.02072381698916, 32.23768009414025], [72.01813957051726, 32.23914599512389], [72.01987509460139, 32.2548974738761], [72.0233516700466, 32.258841614205004], [72.02343281175979, 32.25894377101855], [72.02350308006118, 32.25905369079836], [72.02356173802201, 32.2591702207765], [72.02543325903274, 32.26341666479081], [72.0254802101253, 32.26354019089064], [72.02551411221087, 32.26366791618581], [72.02553460048973, 32.26379846630209], [72.02554145449996, 32.26393043646908], [72.02554145449996, 32.2675881514167], [72.03257915473435, 32.273576302203594], [72.03266853116835, 32.27366008356992], [72.03274944702709, 32.273752062307146], [72.032821154059, 32.273851387862145], [72.03288298916904, 32.27395714174369], [72.03293438055067, 32.27406834601606], [72.03297485297341, 32.27418397234219], [72.0330040321774, 32.27430295149311], [72.0330216483344, 32.27442418323528], [72.03302753854287, 32.274546546504865], [72.03302753854287, 32.280035985904064], [72.03781877913062, 32.281847857531325], [72.03795194972466, 32.28190713371664], [72.03807747709695, 32.281981234675264], [72.03819371776653, 32.28206919023222], [72.04567980180944, 32.28843885625369], [72.04577144231978, 32.28852498037923], [72.04585414474043, 32.288619720327254], [72.04592710312963, 32.28872215284933], [72.04598960650199, 32.28883127973226], [72.0460410457571, 32.288946037525754], [72.04608091961525, 32.28906530790586], [72.0461088395025, 32.28918792857308], [72.04787619490597, 32.29921316437221], [72.0510973655758, 32.3010403574456], [72.0511958632582, 32.30110234116425], [72.05128829344625, 32.30117305491932], [72.05137388477435, 32.30125190857725], [72.0514519229499, 32.30133824407386], [72.05152175671421, 32.301431340906134], [72.05158280327758, 32.301530422145106], [72.05163455318292, 32.30163466091963], [72.05350607419365, 32.305881104933945], [72.0535530252862, 32.30600463103377], [72.05358692737178, 32.306132356328945], [72.05360741565065, 32.30626290644523], [72.05361426966087, 32.30639487661222], [72.05361426966087, 32.310160009092876], [72.05645662631902, 32.313384634504075], [72.06115513051876, 32.311607832380666], [72.06481243340173, 32.30953324547423], [72.06492992491245, 32.30947439093853], [72.06505285421085, 32.30942795281778], [72.06517991329937, 32.309394425224816], [72.06530975023848, 32.309374164901385], [72.06544098353167, 32.309367387422235], [72.07446243070456, 32.309367387422235], [72.08165612249827, 32.305286801459914], [72.081773614009, 32.30522794692422], [72.0818965433074, 32.305181508803464], [72.08202360239592, 32.3051479812105], [72.08215343933503, 32.30512772088707], [72.08228467262822, 32.30512094340792], [72.08977075667113, 32.30512094340792], [72.08990617619756, 32.30512816142684], [72.09004006116834, 32.30514973368998], [72.09017089441717, 32.3051854157434], [72.09029719335948, 32.30523480324291], [72.0992297794438, 32.309288375336706], [72.10626684022678, 32.30729250643723], [72.10638105798765, 32.30726572648892], [72.10649725496623, 32.307249567135706], [72.10661444576768, 32.30724416541508], [72.10673163656912, 32.307249567135706], [72.1068478335477, 32.30726572648892], [72.10696205130857, 32.30729250643723], [72.11444813535148, 32.309415728444385], [72.11456321159649, 32.30945437860015], [72.11467408657914, 32.30950380647619], [72.11477975352781, 32.30956356325543], [72.11487925296109, 32.30963310633191], [72.11497168140008, 32.309711804237686], [72.11505619957224, 32.309798942376766], [72.1203985074551, 32.31585973763415], [72.1293545856997, 32.317891854005566], [72.1294716969087, 32.317924371642505], [72.12958517624594, 32.31796790177005], [72.12969399077052, 32.31802204815704], [72.1297971500028, 32.318086317938274], [72.12989371494021, 32.31816012610076], [72.12998280660445, 32.3182428008088], [72.13006361404237, 32.31833358951933], [72.13013540170769, 32.31843166583192], [72.13552293497403, 32.32658113650655], [72.14075243472062, 32.328558741688774], [72.14086216832699, 32.32860634622538], [72.14479567362095, 32.32871573336688], [72.14554348110059, 32.33002963096372], [72.14087462123899, 32.32861300311374], [72.14097056132064, 32.32866602345784], [72.14107095899159, 32.32873477099961], [72.14116433977394, 32.328812783475044], [72.14124985174631, 32.32889934916925], [72.14132671477525, 32.32899367833555], [72.14139422763236, 32.329094910400414], [72.14145177439174, 32.32920212181453], [72.14149883004909, 32.329314334478454], [72.14153496531137, 32.329430524665874], [72.14155985051329, 32.329549632363175], [72.14157325862493, 32.329670570940046], [72.14157506732286, 32.329792237062875], [72.14156526010615, 32.3299135207606], [72.14154392644694, 32.33003331555104], [72.14151126097416, 32.330150528535476], [72.14146756169784, 32.33026409036921], [72.14006043605163, 32.33345683052201], [72.14280189510144, 32.33501190956011], [72.14290218737557, 32.3350751428301], [72.14299616669678, 32.3351474261191], [72.14308301905227, 32.33522813333703], [72.14316199216034, 32.335316565428975], [72.14323240198624, 32.33541195643012], [72.14329363866712, 32.33551348010026], [72.14334517179435, 32.33562025708036], [72.14338655500781, 32.33573136250924], [72.14341742986198, 32.33584583403436], [72.14516686570525, 32.343784704421054], [72.15215950015508, 32.34775124160305], [72.15226270507486, 32.347816512672026], [72.15235918648976, 32.34789136522369], [72.15244805791016, 32.34797511149852], [72.15252850276852, 32.34806698201979], [72.1525997819221, 32.348166132663636], [72.1526612404445, 32.34827165241504], [72.1527123136431, 32.34838257173842], [72.15275253224758, 32.34849787148589], [72.15278152672175, 32.348616492261385], [72.15279903065887, 32.348737344154614], [72.15280488322942, 32.34885931675535], [72.15280488322942, 32.35183182756537], [72.15714551305732, 32.35183182756537], [72.15726801183871, 32.35183773085773], [72.15738937532335, 32.351855386024155], [72.15750847873619, 32.35188462943972], [72.15762421824815, 32.3519251900817], [72.15773552120615, 32.351976692041326], [72.15784135607431, 32.35203865800766], [72.15794074199407, 32.35211051369122], [72.1580327578745, 32.352191593146415], [72.1581165509289, 32.352281144943376], [72.15819134457826, 32.35237833913209], [72.15825644564843, 32.35248227493423], [72.15831125079438, 32.352591989091394], [72.15996732496339, 32.356349588499526], [72.16486442842563, 32.35820149358684], [72.16837463912168, 32.35820149358684], [72.16850092730766, 32.35820776867355], [72.16862597136357, 32.35822653211456], [72.16874853941584, 32.35825759906152], [72.16886742398337, 32.35830066345791], [72.16898145387293, 32.35835530105415], [72.16908950571721, 32.35842097358706], [72.16919051504176, 32.35849703408264], [72.16928348675158, 32.3585827332297], [72.16936750493439, 32.35867722676171], [72.16944174188369, 32.35877958377413], [72.169505466253, 32.358888795895204], [72.16955805026068, 32.35900378721996], [72.16959897587452, 32.359123424909534], [72.16962783991518, 32.359246530351285], [72.16964435802811, 32.35937189077], [72.16964836748484, 32.35949827117548], [72.16963982878615, 32.359624426529145], [72.16961882605116, 32.359749114009496], [72.16958556618867, 32.35987110525583], [72.16954037685875, 32.35998919846941], [72.16813325121254, 32.363181938622205], [72.17087471026235, 32.3647370176603], [72.17097646876138, 32.36480127524452], [72.17107170952818, 32.364874848511334], [72.17855779357109, 32.371244514532805], [72.17866063133638, 32.37134240392455], [72.17875193770432, 32.37145112874306], [72.17883057856831, 32.371569338529035], [72.1825117313981, 32.377833685540196], [72.18409330288948, 32.37962796269612], [72.18941198099954, 32.38163929186769], [72.18952567163375, 32.38168873501358], [72.18963401789323, 32.38174899505874], [72.1897359936543, 32.381819501293485], [72.18983063312689, 32.38189958596874], [72.18991704000133, 32.381988490620095], [72.19366008202279, 32.38623493463441], [72.19374617594835, 32.38634407743153], [72.19381986535315, 32.38646195103248], [72.19388027280044, 32.38658715188908], [72.19392667900479, 32.38671818920583], [72.19579820001552, 32.3930878552273], [72.19582693642162, 32.39320636110022], [72.19584421085942, 32.39332707156683], [72.19584986505669, 32.39344888065108], [72.1958438472084, 32.393570672311114], [72.19582621245142, 32.39369133066473], [72.19579712235932, 32.39380975021334], [72.19575684346196, 32.39392484597077], [72.19570574480353, 32.394035563404174], [72.19564429456129, 32.39414088809586], [72.19557305575596, 32.394239855037654], [72.1954926810933, 32.394331557472476], [72.19540390698377, 32.394415155202296], [72.19530754679548, 32.39448988228615], [72.19520448340181, 32.394555054057946], [72.19314623958064, 32.3957225826489], [72.19721592207371, 32.39880059223999], [72.19731503931294, 32.398883798731795], [72.19740520352401, 32.39897663171319], [72.19748548425895, 32.39907813319588], [72.19755505306217, 32.39918725573713], [72.19761319201966, 32.39930287324884], [72.19948471303039, 32.403549317263156], [72.19953166412294, 32.40367284336298], [72.19956556620852, 32.403800568658156], [72.19958605448738, 32.40393111877444], [72.1995929084976, 32.40406308894143], [72.1995929084976, 32.412555976970054], [72.19958677416103, 32.41268084425971], [72.19956843022831, 32.412804509009106], [72.19953805336154, 32.41292578025911], [72.19949593610656, 32.41304349010128], [72.19944248407555, 32.413156504925496], [72.1993782120408, 32.413263736337214], [72.19930373897712, 32.41336415163933], [72.19921978210085, 32.41345678377759], [72.19912714996259, 32.41354074065386], [72.19902673466048, 32.41361521371753], [72.19891950324876, 32.41367948575228], [72.19880648842454, 32.41373293778329], [72.19868877858237, 32.41377505503827], [72.19856750733237, 32.41380543190504], [72.19844384258298, 32.41382377583777], [72.19831897529332, 32.41382991017435], [72.19515120750165, 32.41382991017435], [72.19253107808663, 32.41680242098437], [72.19553160303352, 32.42020648674892], [72.19560998793006, 32.420304797278064], [72.19567829982833, 32.42041035596649], [72.19573587328416, 32.42052213453926], [72.19578214745938, 32.42063904413192], [72.19581667158509, 32.42075994589738], [72.1958391093527, 32.42088366209976], [72.19584924219001, 32.421008987587015], [72.19584697139041, 32.42113470153062], [72.19583231907433, 32.421259579318004], [72.19580542797385, 32.4213824044818], [72.19576656004224, 32.421501980549806], [72.19571609390225, 32.42161714270011], [72.1956545211578, 32.42172676910791], [72.1955824416052, 32.42182979187358], [72.19550055739032, 32.42192520742524], [72.1954096661688, 32.42201208629494], [72.19531065333595, 32.42208958217276], [72.19520448340181, 32.422156940150984], [72.19164728182922, 32.424174745085985], [72.18836378243324, 32.427899842553806], [72.18836378243324, 32.431664975034465], [72.18835629837123, 32.43180286041813], [72.18833393411944, 32.43193912571252], [72.18646241310871, 32.440432013741145], [72.18643153825454, 32.44054648526626], [72.18639015504108, 32.440657590695146], [72.18633862191385, 32.44076436767524], [72.18627738523297, 32.44086589134538], [72.18620697540707, 32.44096128234653], [72.186128002299, 32.44104971443847], [72.1860411499435, 32.4411304216564], [72.1859471706223, 32.441202704945404], [72.18584687834817, 32.441265938215395], [72.17836079430526, 32.44551238222971], [72.17824330279454, 32.4455712367654], [72.17812037349614, 32.44561767488616], [72.17799331440762, 32.44565120247912], [72.1778634774685, 32.44567146280255], [72.17773224417532, 32.4456782402817], [72.16894991335147, 32.4456782402817], [72.16371574585115, 32.45161635134864], [72.16363222016113, 32.45170255832776], [72.16354095156188, 32.45178052131214], [72.16344275033751, 32.45184954814512], [72.16333848832006, 32.45190902600537], [72.16322909114945, 32.45195842684747], [72.16311553005549, 32.451997312089944], [72.16299881323546, 32.452025336508974], [72.16287997690317, 32.452042251303325], [72.1627600760895, 32.45204790630317], [72.15757301640535, 32.45204790630317], [72.15229941781625, 32.45603646980031], [72.15219921249995, 32.45610500508737], [72.15209293845193, 32.4561636908412], [72.15198156078499, 32.45621199411536], [72.1463669977528, 32.458335216122514], [72.1462576039315, 32.458371025290155], [72.14614542443582, 32.45839681415153], [72.14603137509232, 32.45841237216792], [72.14591638699295, 32.45841757232464], [72.1407293273088, 32.45841757232464], [72.1354557287197, 32.46240613582178], [72.1353555234034, 32.46247467110884], [72.13524924935538, 32.46253335686267], [72.13513787168844, 32.46258166013683], [72.12952330865626, 32.464704882143984], [72.12941391483496, 32.464740691311626], [72.12930173533927, 32.464766480173], [72.12918768599577, 32.46478203818939], [72.1290726978964, 32.46478723834611], [72.12201411720153, 32.46478723834611], [72.11674051861243, 32.46877580184325], [72.11664306485947, 32.46884263694791], [72.11653983741908, 32.46890015442988], [72.11643172450364, 32.46894785938451], [72.11631965636221, 32.468985341338275], [72.10134748827639, 32.47323178535259], [72.10123327051552, 32.473258565300895], [72.10111707353694, 32.47327472465411], [72.1009998827355, 32.47328012637474], [72.09176165874216, 32.47328012637474], [72.08075943320799, 32.47536044564874], [72.07542076395596, 32.47737933473768], [72.06995249334425, 32.48151513388619], [72.06985228802795, 32.481583669173254], [72.06974601397992, 32.48164235492708], [72.06963463631298, 32.48169065820124], [72.0640200732808, 32.483813880208395], [72.0639106794595, 32.48384968937604], [72.06379849996381, 32.48387547823741], [72.06368445062031, 32.4838910362538], [72.06356946252095, 32.48389623641052], [72.041686484622, 32.48389623641052], [72.03645231712169, 32.48983434747746], [72.03636879143167, 32.48992055445658], [72.03627752283242, 32.48999851744096], [72.03617932160805, 32.49006754427394], [72.0360750595906, 32.49012702213419], [72.03596566241998, 32.49017642297629], [72.03585210132603, 32.490215308218765], [72.035735384506, 32.490243332637796], [72.0356165481737, 32.49026024743215], [72.03549664736003, 32.49026590243199], [72.02928449652141, 32.49026590243199], [72.02928449652141, 32.503854523277795], [72.02927764251119, 32.503986493444785], [72.02925715423233, 32.50411704356107], [72.02922325214675, 32.50424476885624], [72.02917630105419, 32.504368294956066], [72.02730478004347, 32.50861473897038], [72.02724812406032, 32.50872773955706], [72.02718054812493, 32.508834568981705], [72.02710271758586, 32.50893417540822], [72.02701539875794, 32.50902557811773], [72.02691945137708, 32.50910787716464], [72.02681582013544, 32.509180262237486], [72.02670552538, 32.509242020637195], [72.02658965306625, 32.509292544294276], [72.02207964148165, 32.51099806541748], [72.0236182670286, 32.51623473164239], [72.02364820700105, 32.51635958165782], [72.02366542825278, 32.51648681120152], [72.02366975586678, 32.51661512799721], [72.02366114588723, 32.51674322872537], [72.02363968576613, 32.51686981226104], [72.02360559347487, 32.51699359288949], [72.02355921529045, 32.51711331336522], [72.02350102227815, 32.517227757681916], [72.02343160550711, 32.51733576342342], [72.0233516700466, 32.5174362335705], [72.01773710701441, 32.52380589959197], [72.0176535813244, 32.52389210657109], [72.01756231272515, 32.52397006955547], [72.01746411150077, 32.52403909638845], [72.01735984948333, 32.5240985742487], [72.01725045231271, 32.5241479750908], [72.01713689121875, 32.52418686033327], [72.01702017439872, 32.524214884752304], [72.01690133806643, 32.524231799546655], [72.01678143725276, 32.5242374545465], [72.00943806590942, 32.5242374545465], [72.0004028694911, 32.526287522674444], [71.9968232562647, 32.52831804050882], [71.99670901669684, 32.52837546544435], [71.99658959623406, 32.528421149743174], [71.99646619785551, 32.52845463320561], [71.99634006461173, 32.52847557853683], [71.99621246710286, 32.528483774744544], [71.99608469067934, 32.52847913926445], [71.99595802249381, 32.528461718791945], [71.9848461990101, 32.52636067655366], [71.97831021032783, 32.52636067655366], [71.97677371275383, 32.52984695904195], [71.97671890760788, 32.52995667319911], [71.9766538065377, 32.530060609001254], [71.97657901288834, 32.530157803189965], [71.97649521983394, 32.530247354986926], [71.97640320395351, 32.53032843444212], [71.97630381803376, 32.530400290125684], [71.97619798316559, 32.530462256092015], [71.97608668020759, 32.53051375805164], [71.97597094069563, 32.53055431869362], [71.97585183728279, 32.530583562109186], [71.97573047379815, 32.53060121727561], [71.97560797501676, 32.53060712056797], [71.96625036996312, 32.53060712056797], [71.96613538186375, 32.53060192041125], [71.96602133252026, 32.53058636239486], [71.96590915302457, 32.530560573533485], [71.96579975920326, 32.53052476436584], [71.96063580693094, 32.52857194683656], [71.95547185465861, 32.53052476436584], [71.9553465845981, 32.53056487695053], [71.95521784611874, 32.53059185863772], [71.95508701168629, 32.53060542177884], [71.95495547611122, 32.53060542177884], [71.95482464167877, 32.53059185863772], [71.95469590319941, 32.53056487695053], [71.9545706331389, 32.53052476436584], [71.94895607010672, 32.52840154235869], [71.94884237947251, 32.528352099212796], [71.94873403321303, 32.528291839167636], [71.94863205745196, 32.528221332932894], [71.94853741797937, 32.52814124825764], [71.94845101110492, 32.528052343606284], [71.94508836461533, 32.5242374545465], [71.9347706706615, 32.5242374545465], [71.93132002088925, 32.526194818501665], [71.93120819920331, 32.52625117347786], [71.93109138506009, 32.52629627811985], [71.93097070707873, 32.52632969664169], [71.9308473312095, 32.5263511061648], [71.93072244946877, 32.526360299837535], [71.93059726842212, 32.5263571888337], [71.93047299752692, 32.52634180321078], [71.93035083744698, 32.52631429161951], [71.93023196845209, 32.526274919867674], [71.93011753901472, 32.52622406835197], [71.93000865471379, 32.526162228382724], [71.92990636755296, 32.52608999743702], [71.92981166579656, 32.52600807338608], [71.92972546442128, 32.525917247752666], [71.92964859627594, 32.525818398063656], [71.92958180403483, 32.52571247937166], [71.92952573302223, 32.525600515027634], [71.92814117053761, 32.52245897024051], [71.92365599747625, 32.52415509834437], [71.92353377540553, 32.52419440179044], [71.92340821806468, 32.52422120383519], [71.92328060067317, 32.52423523226443], [71.92315221937329, 32.52423634459884], [71.92302437806599, 32.52422452954102], [71.92289837516776, 32.524199907090264], [71.92277549042335, 32.52416272732378], [71.92265697190808, 32.52411336785676], [71.9225440233518, 32.52405233000721], [71.92243779191323, 32.52398023370426], [71.92233935652882, 32.523897811191894], [71.92224971695474, 32.52380589959197], [71.91875436709856, 32.5198404598802], [71.91179909652202, 32.51786778852503], [71.90157784888801, 32.51786778852503], [71.900041351314, 32.52135407101332], [71.89998351461891, 32.521469156306225], [71.89991435271035, 32.52157781328184], [71.8998345725769, 32.521678931224116], [71.89974498974904, 32.52177147648274], [71.89964651996253, 32.521854503039265], [71.89954016979769, 32.521927162177576], [71.89942702638979, 32.52198871115963], [71.89930824631617, 32.52203852081789], [71.89918504377346, 32.522076081986846], [71.89905867816574, 32.52210101070778], [71.89893044123065, 32.522113052153706], [71.89880164383494, 32.522112083234255], [71.89867360257458, 32.522098113853936], [71.89854762631607, 32.522071286810906], [71.89842500281708, 32.522031876337216], [71.89316904822871, 32.5200442669032], [71.88458686010345, 32.5219915483489], [71.88111607323131, 32.52592912159913], [71.88102966635687, 32.52601802625048], [71.88093502688427, 32.52609811092574], [71.8808330511232, 32.52616861716048], [71.88072470486372, 32.52622887720564], [71.88061101422952, 32.52627832035153], [71.87541660019917, 32.5282426574015], [71.87469299104248, 32.52947404850847], [71.87576965, 32.530019787], [71.876891056, 32.530588207], [71.878661069, 32.533160538], [71.878943368, 32.53475401], [71.87921042900001, 32.536261473], [71.87947917400001, 32.537778436], [71.879917489, 32.540250874], [71.880128545, 32.541441394], [71.880791454, 32.542628297], [71.88141817200001, 32.543750402], [71.88227987, 32.544475175], [71.882989969, 32.54478132], [71.883508338, 32.544968847], [71.884377819, 32.54496617], [71.885749921, 32.544961943], [71.88666164, 32.544629688], [71.888000255, 32.544141861], [71.89103201, 32.543109279], [71.891575154, 32.542904109], [71.893846357, 32.542007337], [71.89498185, 32.54155921], [71.895690466, 32.541279442], [71.897320573, 32.540964496], [71.900456019, 32.54035871], [71.901105057, 32.540251818], [71.902429232, 32.540051093], [71.906120162, 32.539491801], [71.909252432, 32.53897302], [71.91028798100001, 32.538801508], [71.911730798, 32.538957986], [71.912343524, 32.539024438], [71.913979299, 32.539201843], [71.916229575, 32.540013113], [71.91746350800001, 32.540732343], [71.918319859, 32.541231488], [71.918960296, 32.541501974], [71.920841674, 32.541398404], [71.92165099600001, 32.541203524], [71.922922148, 32.540840546], [71.924040951, 32.539890163], [71.924841427, 32.538662842], [71.924983452, 32.537750041], [71.925157825, 32.536629382], [71.925204324, 32.535877153], [71.925309123, 32.534181779], [71.925679601, 32.532912264], [71.926100754, 32.531469102], [71.926479474, 32.53110539], [71.92738172, 32.530239517], [71.928060176, 32.52988705], [71.92858381100001, 32.529615094], [71.929912381, 32.528924972], [71.930446582, 32.5286893], [71.932323295, 32.528155331], [71.933020157, 32.527957032], [71.93380121300001, 32.527918386], [71.93702935600001, 32.527913509], [71.939875488, 32.528165642], [71.940940046, 32.528260006], [71.94149890700001, 32.528309395], [71.942868337, 32.528884648], [71.943672976, 32.529222651], [71.944069396, 32.529389174], [71.944643428, 32.529717585], [71.94734300200001, 32.531262045], [71.948089814, 32.531689306], [71.948641405, 32.532255811], [71.949539603, 32.533178296], [71.95063090900001, 32.533884428], [71.950783399, 32.534825825], [71.95087739, 32.535749973], [71.951010835, 32.537061821], [71.951350393, 32.538829901], [71.951604318, 32.540152091], [71.952439186, 32.544499244], [71.95335032, 32.548099067], [71.95374787, 32.549669756], [71.954959972, 32.550658625], [71.957112729, 32.552408871], [71.960172501, 32.554474375], [71.9611189, 32.555105241], [71.963911491, 32.555868081], [71.965118181, 32.555875699], [71.965993627, 32.555881225], [71.96741359900001, 32.55589013], [71.96806411, 32.555861033], [71.968962686, 32.555799333], [71.97165840800001, 32.555614235], [71.973449864, 32.555491227], [71.97461328700001, 32.555613169], [71.977910632, 32.555960717], [71.97913664500001, 32.556235977], [71.98078567600001, 32.556630895], [71.98190154800001, 32.556898129], [71.983005332, 32.557844011], [71.98364985500001, 32.558851256], [71.983100429, 32.560788569], [71.981761164, 32.561341598], [71.980261384, 32.561961091], [71.979542803, 32.563151059], [71.978494807, 32.565497592], [71.97827957, 32.565979525], [71.978267704, 32.567101204], [71.978242729, 32.569462275], [71.978236939, 32.570009721], [71.978391324, 32.570623491], [71.978727833, 32.571961319], [71.97894604400001, 32.572828841], [71.979252845, 32.574048568], [71.980061875, 32.574990737], [71.980869723, 32.57593153], [71.98177845, 32.576989427], [71.982217946, 32.577501626], [71.982885623, 32.578001868], [71.985232041, 32.579759868], [71.986247047, 32.580520339], [71.987729723, 32.581006849], [71.988367588, 32.581216152], [71.99398320200001, 32.583058805], [71.994584452, 32.583249727], [71.998388192, 32.584440562], [72.00049796200001, 32.585101066], [72.002496123, 32.585689497], [72.003048231, 32.585852765], [72.003462962, 32.585975008], [72.01956757500001, 32.590721885], [72.020838897, 32.59109661], [72.022110005, 32.591471272], [72.02338281, 32.591905361], [72.02465509000001, 32.59233927], [72.035258248, 32.595955465], [72.037803032, 32.59682336], [72.038650263, 32.597112307], [72.039648086, 32.59742725], [72.042089818, 32.598198876], [72.044552961, 32.598977266], [72.045219408, 32.599187762], [72.046392183, 32.599558008], [72.047564985, 32.600195132], [72.047973669, 32.60041715], [72.048588286, 32.600751042], [72.049729202, 32.601370844], [72.05087915300001, 32.602358176], [72.051360947, 32.602771851], [72.052387808, 32.603653725], [72.05375836600001, 32.604830871], [72.055354348, 32.606346986], [72.058866056, 32.609682961], [72.059504206, 32.610289177], [72.06040978300001, 32.611149437], [72.06181184200001, 32.612154494], [72.067772956, 32.616427679], [72.068822389, 32.617179959], [72.069492782, 32.617585439], [72.071231773, 32.618637253], [72.072231635, 32.619241774], [72.073568122, 32.620049821], [72.07529752100001, 32.620568021], [72.07604627, 32.620792378], [72.078142026, 32.621420354], [72.080181274, 32.622057177], [72.083085386, 32.622964005], [72.091166039, 32.625487318], [72.092441865, 32.62588575], [72.093475365, 32.626202452], [72.09487846200001, 32.626594927], [72.096067894, 32.62692759], [72.096498415, 32.627048032], [72.09822036300001, 32.627529597], [72.09944124, 32.627818725], [72.100267986, 32.628014514], [72.10646911, 32.629483064], [72.11029662700001, 32.630457187], [72.111572714, 32.630781958], [72.112423282, 32.630998432], [72.11369736200001, 32.631322765], [72.114516969, 32.631647268], [72.118761494, 32.633328331], [72.120209384, 32.633901775], [72.122182503, 32.636332556], [72.12241379800001, 32.637137495], [72.122819327, 32.638548373], [72.123462554, 32.639261051], [72.12403929700001, 32.639900064], [72.125289678, 32.640543776], [72.126679248, 32.641259147], [72.12801446200001, 32.641543751], [72.131732667, 32.642336288], [72.133906765, 32.642799711], [72.13493899, 32.643289166], [72.137712582, 32.644604372], [72.139009169, 32.64521939], [72.139853106, 32.646169537], [72.14106983, 32.647539386], [72.141808789, 32.648371343], [72.142493215, 32.649953194], [72.142666988, 32.65035482], [72.143361986, 32.651961101], [72.143542002, 32.653155471], [72.14361661800001, 32.653650546], [72.143699833, 32.654202683], [72.14430857500001, 32.65548254], [72.14491136800001, 32.656749885], [72.14583643600001, 32.657542003], [72.14684148500001, 32.658402612], [72.148364172, 32.659253168], [72.150360067, 32.66036805], [72.151190451, 32.661041978], [72.15251797, 32.662119373], [72.15298482700001, 32.662498267], [72.15369121, 32.663071558], [72.154192241, 32.664370712], [72.154783589, 32.665905848], [72.155077547, 32.666669058], [72.155066278, 32.667944204], [72.155051478, 32.669619044], [72.155047222, 32.670100603], [72.154962759, 32.670788795], [72.15453200600001, 32.674298531], [72.15447999700001, 32.674722309], [72.15414151200001, 32.678102493], [72.154057005, 32.67894639], [72.153930277, 32.680211923], [72.153521024, 32.68190329], [72.152499174, 32.686126408], [72.152090996, 32.687813329], [72.15164324, 32.689077876], [72.15134552, 32.689918695], [72.150303166, 32.692862496], [72.149518236, 32.695155163], [72.149106631, 32.697074642], [72.148088283, 32.701822117], [72.14687834, 32.706415223], [72.14643924900001, 32.708082075], [72.146270256, 32.709293166], [72.146101801, 32.710500397], [72.145877026, 32.712111234], [72.14586044500001, 32.714089896], [72.145854569, 32.714774358], [72.146083704, 32.715447662], [72.14760295900001, 32.716750511], [72.148135601, 32.716898467], [72.14914085800001, 32.717177586], [72.151901496, 32.717944444], [72.152541069, 32.718122214], [72.153046504, 32.718141759], [72.156338363, 32.718269044], [72.157137527, 32.718299946], [72.157980492, 32.717994158], [72.158380455, 32.717849068], [72.159971583, 32.717271877], [72.160880528, 32.714889721], [72.160944197, 32.714084731], [72.161181759, 32.711083397], [72.161270079, 32.709967397], [72.16151003, 32.708749203], [72.161669531, 32.707939431], [72.161828557, 32.70713208], [72.162183295, 32.706035627], [72.16263604400001, 32.704835065], [72.164511265, 32.703417482], [72.165750122, 32.703358522], [72.16635128, 32.703329811], [72.167341581, 32.70328263], [72.169446011, 32.703340768], [72.171343534, 32.70339319], [72.179344095, 32.703614218], [72.181120921, 32.703663306], [72.182890587, 32.703494832], [72.192178616, 32.702610603], [72.194389846, 32.702400092], [72.19566391500001, 32.702102365], [72.20712813, 32.699423485], [72.208113411, 32.699193237], [72.20997310700001, 32.69875861], [72.211572775, 32.698536824], [72.21236938, 32.698426253], [72.21611338400001, 32.697906972], [72.217230885, 32.697751978], [72.21802416, 32.697730999], [72.22024621700001, 32.697672232], [72.221809699, 32.697630883], [72.223472002, 32.698046791], [72.224151633, 32.698216835], [72.228339986, 32.699264969], [72.229750866, 32.699617765], [72.234178668, 32.700741962], [72.235749154, 32.701140701], [72.237376686, 32.701115916], [72.241598639, 32.701051624], [72.242993119, 32.701030388], [72.244719509, 32.70074851], [72.25118634, 32.699692937], [72.257149384, 32.698719538], [72.262550014, 32.697249431], [72.268993159, 32.695495542], [72.27114053800001, 32.694911004], [72.27418277400001, 32.694275309], [72.279933653, 32.693073683], [72.281380525, 32.692771404], [72.28271061400001, 32.69250171], [72.288346591, 32.691365341], [72.290260101, 32.690979525], [72.29204584, 32.690961568], [72.298435972, 32.69089731], [72.300158683, 32.690879987], [72.300588309, 32.690906226], [72.30147245500001, 32.690960237], [72.30279840700001, 32.691041235], [72.310313727, 32.691500239], [72.31163965, 32.691581201], [72.313408959, 32.691689224], [72.314713225, 32.691889274], [72.315583163, 32.692022705], [72.316018393, 32.692089427], [72.325188483, 32.693495848], [72.32646946700001, 32.693694076], [72.327376943, 32.693842903], [72.329254469, 32.694154314], [72.332610552, 32.694711817], [72.33525925, 32.695023165], [72.337208101, 32.695130311], [72.338116278, 32.695180319], [72.338911464, 32.695081536], [72.339898122, 32.694919034], [72.340919762, 32.694750895], [72.341460606, 32.693411412], [72.341580352, 32.692258418], [72.341832522, 32.689830348], [72.342939213, 32.687643788], [72.343463827, 32.686607918], [72.344077636, 32.685395417], [72.34469803, 32.684169912], [72.345527723, 32.683170015], [72.348413901, 32.67969176], [72.349510107, 32.678370675], [72.35092482600001, 32.677582232], [72.355166166, 32.675218693], [72.35592341, 32.674796733], [72.35642122, 32.674519319], [72.357898219, 32.674069062], [72.35832576700001, 32.673938726], [72.360908856, 32.673151157], [72.36173118900001, 32.672900598], [72.362395118, 32.672624077], [72.36481643, 32.671615574], [72.365280084, 32.671422456], [72.367582124, 32.669940499], [72.368254999, 32.668159864], [72.36848225700001, 32.667558467], [72.370100914, 32.662789219], [72.370761903, 32.661734225], [72.372009203, 32.659743432], [72.372379041, 32.65927795], [72.372960777, 32.658578239], [72.373667439, 32.657728164], [72.375618998, 32.656539915], [72.37719680500001, 32.656400486], [72.377988587, 32.656330518], [72.378799728, 32.656258839], [72.379618026, 32.656311862], [72.380449708, 32.656365752], [72.383741653, 32.656579058], [72.384551604, 32.656642887], [72.385682128, 32.656732075], [72.387450594, 32.656292844], [72.38870120700001, 32.654060209], [72.388805022, 32.6531035], [72.388947015, 32.651797613], [72.389255011, 32.64896259], [72.389271104, 32.648355258], [72.389283679, 32.646078686], [72.389289868, 32.64495853], [72.389168855, 32.643661136], [72.38904772, 32.642362376], [72.388944537, 32.641256123], [72.388644255, 32.638036355], [72.388468188, 32.636148923], [72.3883898, 32.635308612], [72.38841308100001, 32.634837472], [72.388538377, 32.632301837], [72.388588987, 32.63127761], [72.38896549, 32.630452803], [72.389491786, 32.62929984], [72.390017332, 32.62814852], [72.391498194, 32.627320274], [72.392141633, 32.6269604], [72.392640576, 32.627003221], [72.393307929, 32.627060576], [72.394597733, 32.627171327], [72.39585058, 32.627278711], [72.397663213, 32.628481262], [72.400601452, 32.63043057], [72.401362144, 32.630632972], [72.402891542, 32.631039357], [72.40424974000001, 32.63104482], [72.405376024, 32.63104935], [72.40610112200001, 32.630859707], [72.409325867, 32.629765559], [72.410322061, 32.629427551], [72.411919327, 32.62763991], [72.412218976, 32.627089154], [72.412810649, 32.626001658], [72.412815439, 32.625311686], [72.412821838, 32.624418253], [72.412828421, 32.623461602], [72.41301864200001, 32.621228654], [72.41314873600001, 32.620584423], [72.413525704, 32.618715246], [72.413740873, 32.617648469], [72.415080758, 32.616188789], [72.415519868, 32.615710628], [72.416860008, 32.615634983], [72.420016736, 32.615456799], [72.420466796, 32.615431395], [72.42123226000001, 32.615556139], [72.425232633, 32.616208063], [72.426109733, 32.616351], [72.427199602, 32.616674238], [72.427670773, 32.61681397], [72.430529235, 32.617661789], [72.432368571, 32.618595564], [72.432981651, 32.618919711], [72.433770609, 32.620674133], [72.434178077, 32.621580231], [72.434730338, 32.622808303], [72.436116103, 32.627949829], [72.436461214, 32.629230271], [72.437110616, 32.630341574], [72.43778026000001, 32.631487519], [72.438209778, 32.632222544], [72.43878173600001, 32.632861845], [72.439631066, 32.633811175], [72.44049036700001, 32.634771648], [72.441664618, 32.635405605], [72.44637333, 32.637947753], [72.44755067700001, 32.638583381], [72.449119796, 32.63943052], [72.450144477, 32.640191046], [72.453260069, 32.642503465], [72.454577306, 32.643481128], [72.455672862, 32.644866087], [72.456220111, 32.645557897], [72.458960753, 32.64902251], [72.460450488, 32.650610155], [72.461640938, 32.651878845], [72.462410063, 32.652698615], [72.46318028200001, 32.65351936], [72.464150544, 32.654367935], [72.46479741200001, 32.654933675], [72.468385225, 32.658071279], [72.469689218, 32.659211969], [72.470637748, 32.659958812], [72.47098526100001, 32.660233615], [72.475676565, 32.663931682], [72.47673018, 32.664762228], [72.47742219300001, 32.665182569], [72.480328633, 32.666949816], [72.481040492, 32.667382572], [72.481748717, 32.667665993], [72.482618919, 32.668014232], [72.483680372, 32.668439006], [72.484566728, 32.66855465], [72.48588157, 32.668726199], [72.487386605, 32.668864365], [72.488585766, 32.668622333], [72.492936356, 32.667744121], [72.493759583, 32.667577944], [72.49691734800001, 32.666813741], [72.497695, 32.666625544], [72.499242293, 32.666251088], [72.500606425, 32.666298862], [72.503210685, 32.666390228], [72.50401154100001, 32.666418108], [72.504723099, 32.666586493], [72.50784672, 32.667325679], [72.509131198, 32.667629643], [72.510252279, 32.668562891], [72.513412979, 32.671194029], [72.513973594, 32.671660715], [72.514506468, 32.672277768], [72.515728096, 32.673692378], [72.51663105, 32.674737972], [72.517379169, 32.676312924], [72.517753465, 32.677100899], [72.519621899, 32.681034356], [72.520370252, 32.682609799], [72.521915146, 32.683479153], [72.52615847300001, 32.685866988], [72.526550152, 32.686087396], [72.529514731, 32.687547857], [72.530999123, 32.688279123], [72.532060184, 32.689064664], [72.53453240200001, 32.690894936], [72.53524009600001, 32.691418867], [72.536540099, 32.692599182], [72.536958405, 32.692978974], [72.53748030700001, 32.694363912], [72.537579646, 32.694911642], [72.540449218, 32.692954707], [72.541199372, 32.6924205], [72.541492042, 32.692010842], [72.54174124, 32.691662033], [72.54221205200001, 32.691003023], [72.542921495, 32.690009994], [72.543212006, 32.688978442], [72.543503363, 32.687943887], [72.543647451, 32.687432257], [72.54387833, 32.686612454], [72.543913934, 32.685777578], [72.544075311, 32.681993408], [72.544129215, 32.680729415], [72.54376426, 32.679324606], [72.543059289, 32.676611241], [72.54273113100001, 32.675348148], [72.542080774, 32.674261918], [72.540343486, 32.67136029], [72.539832382, 32.670506864], [72.539553, 32.670040362], [72.539257265, 32.669643091], [72.53890466700001, 32.669169283], [72.537730248, 32.667590358], [72.536949588, 32.666541052], [72.536363621, 32.665861934], [72.535238923, 32.664439704], [72.535145239, 32.663197878], [72.53601038100001, 32.661851914], [72.537180022, 32.661221635], [72.53816994, 32.660688204], [72.53994199200001, 32.660878442], [72.541340338, 32.661669611], [72.542086806, 32.662091955], [72.54343995500001, 32.662855032], [72.544321996, 32.663338839], [72.54644007200001, 32.664500623], [72.547252561, 32.664525179], [72.548379005, 32.664559226], [72.549595962, 32.664152902], [72.550207258, 32.663948655], [72.55101008, 32.663680541], [72.55328411100001, 32.663334387], [72.55476190200001, 32.663109437], [72.557117399, 32.663128699], [72.558881431, 32.663143023], [72.561082147, 32.663161123], [72.562330449, 32.662923505], [72.565817134, 32.662260129], [72.567203154, 32.661996501], [72.568978689, 32.660523157], [72.56958370000001, 32.659715689], [72.569844257, 32.659368012], [72.57018072000001, 32.658919244], [72.570241922, 32.65741176], [72.568666459, 32.655721792], [72.568281551, 32.655308909], [72.567221308, 32.653497852], [72.566890836, 32.652282134], [72.565680737, 32.647830505], [72.56536451, 32.646365398], [72.564967755, 32.644527192], [72.564728899, 32.643420548], [72.564788957, 32.642604936], [72.56493016200001, 32.64068287], [72.565003214, 32.63968918], [72.565100822, 32.638361465], [72.567290576, 32.636511406], [72.56865556400001, 32.636321363], [72.569256633, 32.636237678], [72.569883269, 32.636192642], [72.57120465700001, 32.636375756], [72.57231071000001, 32.636529029], [72.57460893400001, 32.635909977], [72.575087182, 32.635421256], [72.576300797, 32.634181014], [72.576552007, 32.632744228], [72.57672942100001, 32.63172952], [72.57688805, 32.630048345], [72.577046681, 32.628365791], [72.577128514, 32.62749817], [72.577750382, 32.620904885], [72.57793655, 32.619204339], [72.57944561500001, 32.618093111], [72.584616517, 32.614526491], [72.587575067, 32.612485837], [72.589422077, 32.611211866], [72.590444052, 32.610407458], [72.591806176, 32.609335582], [72.594190405, 32.607459883], [72.595529517, 32.606406196], [72.596533772, 32.605615992], [72.598207794, 32.60429878], [72.602398131, 32.600521709], [72.603820219, 32.599239871], [72.605428755, 32.598713052], [72.607035532, 32.598186788], [72.613152204, 32.596183659], [72.614782128, 32.59564988], [72.616556891, 32.5954535], [72.62364866300001, 32.594668786], [72.62409094600001, 32.594618842], [72.625372714, 32.594462311], [72.630495204, 32.593832724], [72.631348467, 32.593727852], [72.632629705, 32.59357038], [72.634396406, 32.593543801], [72.640140441, 32.593457497], [72.646566011, 32.593360924], [72.647450325, 32.593388378], [72.648234142, 32.593602787], [72.65265192400001, 32.594811436], [72.65196197600001, 32.582610855], [72.651863504, 32.580868033], [72.65180985500001, 32.579920817], [72.65160513, 32.57860649], [72.651332115, 32.576853749], [72.650376081, 32.570716055], [72.649352167, 32.564142574], [72.649079134, 32.562389714], [72.649537034, 32.5607536], [72.650680279, 32.556668692], [72.650890788, 32.555761362], [72.651580413, 32.552788912], [72.651853664, 32.551611504], [72.652121262, 32.550458461], [72.65203048, 32.548487359], [72.651627685, 32.547748854], [72.65126901100001, 32.547091246], [72.65091024, 32.546639255], [72.65028426100001, 32.545851289], [72.649792406, 32.545230962], [72.649548995, 32.544127885], [72.649467162, 32.542689976], [72.649438489, 32.542067356], [72.649209078, 32.540658712], [72.648339168, 32.539708552], [72.647760983, 32.539293602], [72.64721632700001, 32.538902717], [72.646240125, 32.538202121], [72.64439697, 32.536170504], [72.643496893, 32.534272732], [72.643210687, 32.533669278], [72.643242396, 32.531616705], [72.643249888, 32.53114109], [72.6434214, 32.530402869], [72.644279748, 32.526708373], [72.644790431, 32.523294525], [72.645001163, 32.521885466], [72.645619543, 32.520224421], [72.645918623, 32.519458048], [72.646369979, 32.518301477], [72.647187725, 32.516945431], [72.647417167, 32.516564955], [72.648608831, 32.514588853], [72.649018677, 32.513909218], [72.650010033, 32.512012078], [72.65052339, 32.510360394], [72.65054916000001, 32.50863687], [72.650557773, 32.508070089], [72.65058216, 32.506481161], [72.65058950800001, 32.505991467], [72.650675362, 32.505112232], [72.650760569, 32.504239624], [72.65088827800001, 32.502931775], [72.651269094, 32.501908648], [72.651610673, 32.500990934], [72.65288273, 32.499017925], [72.65403405, 32.497919317], [72.654631293, 32.497349419], [72.654934015, 32.497017554], [72.655908353, 32.495949415], [72.656817298, 32.494371627], [72.657033174, 32.49343892], [72.65720184700001, 32.492710142], [72.6572988, 32.491786741], [72.657427474, 32.490561244], [72.657968253, 32.488230851], [72.65886126800001, 32.486293115], [72.659828026, 32.484191113], [72.661474767, 32.479516282], [72.661901698, 32.478292208], [72.662551266, 32.476671427], [72.66320145, 32.475049109], [72.66384944900001, 32.473432247], [72.665281614, 32.470712304], [72.666831395, 32.467723782], [72.667463111, 32.46658138], [72.66760611, 32.465967004], [72.66706925000001, 32.465368207], [72.665573944, 32.464991939], [72.664368849, 32.464688698], [72.660231279, 32.463769022], [72.65871082000001, 32.46309816], [72.657184052, 32.462424514], [72.656038832, 32.461919216], [72.655184164, 32.461246052], [72.653448685, 32.45987873], [72.652701178, 32.459289796], [72.65215103300001, 32.458536214], [72.651359788, 32.457452369], [72.651277829, 32.456059275], [72.651349968, 32.455597304], [72.651558969, 32.454260909], [72.652016507, 32.453511161], [72.652705748, 32.452381517], [72.653090729, 32.451750877], [72.653643304, 32.450467717], [72.653969413, 32.449710443], [72.654299803, 32.449047871], [72.65524147, 32.447159431], [72.656050828, 32.44544994], [72.656300257, 32.444883713], [72.656618111, 32.444162162], [72.656954071, 32.443044573], [72.657210664, 32.442190996], [72.657285828, 32.441548276], [72.65748799, 32.43981963], [72.65737067100001, 32.438928864], [72.657191542, 32.437571728], [72.656930636, 32.436097658], [72.657012186, 32.435430878], [72.657513248, 32.433258984], [72.657812701, 32.432436831], [72.659002114, 32.429171281], [72.660062364, 32.425200736], [72.660179759, 32.423988341], [72.660361133, 32.422141038], [72.66092092800001, 32.420049012], [72.662567103, 32.413897037], [72.663082978, 32.411969143], [72.663598316, 32.410752714], [72.664112356, 32.409539478], [72.66994227, 32.395779644], [72.669427874, 32.395774159], [72.668200005, 32.395761757], [72.663917468, 32.395724382], [72.663204938, 32.395718163], [72.662490437, 32.395711927], [72.661479371, 32.39591056], [72.65771560600001, 32.396651059], [72.656808419, 32.39683595], [72.65532216000001, 32.397138861], [72.653796672, 32.397449766], [72.651656589, 32.398458269], [72.650779872, 32.398919103], [72.649949007, 32.398988435], [72.649498914, 32.39896186], [72.648988416, 32.398931729], [72.64762052200001, 32.398741365], [72.64645698800001, 32.398141176], [72.645567692, 32.397682532], [72.644569705, 32.397168626], [72.64366874800001, 32.396543118], [72.64181760000001, 32.395257922], [72.640286965, 32.394635094], [72.639333903, 32.394247285], [72.638737301, 32.394022386], [72.637920338, 32.393725972], [72.636858052, 32.393340549], [72.634640499, 32.393050393], [72.633596664, 32.392916978], [72.630816759, 32.39261951], [72.629892399, 32.392520449], [72.629833, 32.392514114], [72.62905943, 32.392431604], [72.627289417, 32.392100667], [72.626863058, 32.391972878], [72.625602741, 32.391595134], [72.625183785, 32.391469564], [72.623918324, 32.391090279], [72.62281044, 32.390326085], [72.620495546, 32.388729207], [72.619858968, 32.388290225], [72.619213113, 32.387757465], [72.618221023, 32.386939101], [72.617266966, 32.38615211], [72.61678658292021, 32.385779586745535], [72.61581455467748, 32.38574145231863], [72.61006119624655, 32.382148587467206], [72.614821350398, 32.38425674848358], [72.614631644, 32.384109725], [72.614011848, 32.383629382]], [[72.2885825254601, 32.340428306987626], [72.28876687912694, 32.34025167088479], [72.28847402652093, 32.34106579579049], [72.2885825254601, 32.340428306987626]], [[72.27967485049126, 32.37318468124329], [72.27967434055039, 32.37318701263428], [72.27963990727606, 32.37318701263428], [72.27967485049126, 32.37318468124329]], [[72.16916165905273, 32.34267911218039], [72.168298279652, 32.341658158161415], [72.16795551335753, 32.33916224994179], [72.16916165905273, 32.34267911218039]], [[72.16250392428387, 32.3362956467958], [72.16324059801774, 32.33658602126641], [72.15789248512178, 32.33746097351572], [72.16250392428387, 32.3362956467958]], [[72.07590156756714, 32.291278224872386], [72.07945417057208, 32.29221177719858], [72.07332658466538, 32.291703073478196], [72.07590156756714, 32.291278224872386]], [[72.05817152551893, 32.28624316328003], [72.05884288172052, 32.287379604221925], [72.05783930544777, 32.28621102413303], [72.05817152551893, 32.28624316328003]]]}}, {"type": "Feature", "properties": {"na": "NA-88", "src": "sheet-split: khushab_na87_88.jpg, outline-fit", "approx": false, "rms_km": 2.856}, "geometry": {"type": "Polygon", "coordinates": [[[71.87541660019917, 32.5282426574015], [71.88061101422952, 32.52627832035153], [71.88072470486372, 32.52622887720564], [71.8808330511232, 32.52616861716048], [71.88093502688427, 32.52609811092574], [71.88102966635687, 32.52601802625048], [71.88111607323131, 32.52592912159913], [71.88458686010345, 32.5219915483489], [71.89316904822871, 32.5200442669032], [71.89842500281708, 32.522031876337216], [71.89854762631607, 32.522071286810906], [71.89867360257458, 32.522098113853936], [71.89880164383494, 32.522112083234255], [71.89893044123065, 32.522113052153706], [71.89905867816574, 32.52210101070778], [71.89918504377346, 32.522076081986846], [71.89930824631617, 32.52203852081789], [71.89942702638979, 32.52198871115963], [71.89954016979769, 32.521927162177576], [71.89964651996253, 32.521854503039265], [71.89974498974904, 32.52177147648274], [71.8998345725769, 32.521678931224116], [71.89991435271035, 32.52157781328184], [71.89998351461891, 32.521469156306225], [71.900041351314, 32.52135407101332], [71.90157784888801, 32.51786778852503], [71.91179909652202, 32.51786778852503], [71.91875436709856, 32.5198404598802], [71.92224971695474, 32.52380589959197], [71.92233935652882, 32.523897811191894], [71.92243779191323, 32.52398023370426], [71.9225440233518, 32.52405233000721], [71.92265697190808, 32.52411336785676], [71.92277549042335, 32.52416272732378], [71.92289837516776, 32.524199907090264], [71.92302437806599, 32.52422452954102], [71.92315221937329, 32.52423634459884], [71.92328060067317, 32.52423523226443], [71.92340821806468, 32.52422120383519], [71.92353377540553, 32.52419440179044], [71.92365599747625, 32.52415509834437], [71.92814117053761, 32.52245897024051], [71.92952573302223, 32.525600515027634], [71.92958180403483, 32.52571247937166], [71.92964859627594, 32.525818398063656], [71.92972546442128, 32.525917247752666], [71.92981166579656, 32.52600807338608], [71.92990636755296, 32.52608999743702], [71.93000865471379, 32.526162228382724], [71.93011753901472, 32.52622406835197], [71.93023196845209, 32.526274919867674], [71.93035083744698, 32.52631429161951], [71.93047299752692, 32.52634180321078], [71.93059726842212, 32.5263571888337], [71.93072244946877, 32.526360299837535], [71.9308473312095, 32.5263511061648], [71.93097070707873, 32.52632969664169], [71.93109138506009, 32.52629627811985], [71.93120819920331, 32.52625117347786], [71.93132002088925, 32.526194818501665], [71.9347706706615, 32.5242374545465], [71.94508836461533, 32.5242374545465], [71.94845101110492, 32.528052343606284], [71.94853741797937, 32.52814124825764], [71.94863205745196, 32.528221332932894], [71.94873403321303, 32.528291839167636], [71.94884237947251, 32.528352099212796], [71.94895607010672, 32.52840154235869], [71.9545706331389, 32.53052476436584], [71.95469590319941, 32.53056487695053], [71.95482464167877, 32.53059185863772], [71.95495547611122, 32.53060542177884], [71.95508701168629, 32.53060542177884], [71.95521784611874, 32.53059185863772], [71.9553465845981, 32.53056487695053], [71.95547185465861, 32.53052476436584], [71.96063580693094, 32.52857194683656], [71.96579975920326, 32.53052476436584], [71.96590915302457, 32.530560573533485], [71.96602133252026, 32.53058636239486], [71.96613538186375, 32.53060192041125], [71.96625036996312, 32.53060712056797], [71.97560797501676, 32.53060712056797], [71.97573047379815, 32.53060121727561], [71.97585183728279, 32.530583562109186], [71.97597094069563, 32.53055431869362], [71.97608668020759, 32.53051375805164], [71.97619798316559, 32.530462256092015], [71.97630381803376, 32.530400290125684], [71.97640320395351, 32.53032843444212], [71.97649521983394, 32.530247354986926], [71.97657901288834, 32.530157803189965], [71.9766538065377, 32.530060609001254], [71.97671890760788, 32.52995667319911], [71.97677371275383, 32.52984695904195], [71.97831021032783, 32.52636067655366], [71.9848461990101, 32.52636067655366], [71.99595802249381, 32.528461718791945], [71.99608469067934, 32.52847913926445], [71.99621246710286, 32.528483774744544], [71.99634006461173, 32.52847557853683], [71.99646619785551, 32.52845463320561], [71.99658959623406, 32.528421149743174], [71.99670901669684, 32.52837546544435], [71.9968232562647, 32.52831804050882], [72.0004028694911, 32.526287522674444], [72.00943806590942, 32.5242374545465], [72.01678143725276, 32.5242374545465], [72.01690133806643, 32.524231799546655], [72.01702017439872, 32.524214884752304], [72.01713689121875, 32.52418686033327], [72.01725045231271, 32.5241479750908], [72.01735984948333, 32.5240985742487], [72.01746411150077, 32.52403909638845], [72.01756231272515, 32.52397006955547], [72.0176535813244, 32.52389210657109], [72.01773710701441, 32.52380589959197], [72.0233516700466, 32.5174362335705], [72.02343160550711, 32.51733576342342], [72.02350102227815, 32.517227757681916], [72.02355921529045, 32.51711331336522], [72.02360559347487, 32.51699359288949], [72.02363968576613, 32.51686981226104], [72.02366114588723, 32.51674322872537], [72.02366975586678, 32.51661512799721], [72.02366542825278, 32.51648681120152], [72.02364820700105, 32.51635958165782], [72.0236182670286, 32.51623473164239], [72.02207964148165, 32.51099806541748], [72.02658965306625, 32.509292544294276], [72.02670552538, 32.509242020637195], [72.02681582013544, 32.509180262237486], [72.02691945137708, 32.50910787716464], [72.02701539875794, 32.50902557811773], [72.02710271758586, 32.50893417540822], [72.02718054812493, 32.508834568981705], [72.02724812406032, 32.50872773955706], [72.02730478004347, 32.50861473897038], [72.02917630105419, 32.504368294956066], [72.02922325214675, 32.50424476885624], [72.02925715423233, 32.50411704356107], [72.02927764251119, 32.503986493444785], [72.02928449652141, 32.503854523277795], [72.02928449652141, 32.49026590243199], [72.03549664736003, 32.49026590243199], [72.0356165481737, 32.49026024743215], [72.035735384506, 32.490243332637796], [72.03585210132603, 32.490215308218765], [72.03596566241998, 32.49017642297629], [72.0360750595906, 32.49012702213419], [72.03617932160805, 32.49006754427394], [72.03627752283242, 32.48999851744096], [72.03636879143167, 32.48992055445658], [72.03645231712169, 32.48983434747746], [72.041686484622, 32.48389623641052], [72.06356946252095, 32.48389623641052], [72.06368445062031, 32.4838910362538], [72.06379849996381, 32.48387547823741], [72.0639106794595, 32.48384968937604], [72.0640200732808, 32.483813880208395], [72.06963463631298, 32.48169065820124], [72.06974601397992, 32.48164235492708], [72.06985228802795, 32.481583669173254], [72.06995249334425, 32.48151513388619], [72.07542076395596, 32.47737933473768], [72.08075943320799, 32.47536044564874], [72.09176165874216, 32.47328012637474], [72.1009998827355, 32.47328012637474], [72.10111707353694, 32.47327472465411], [72.10123327051552, 32.473258565300895], [72.10134748827639, 32.47323178535259], [72.11631965636221, 32.468985341338275], [72.11643172450364, 32.46894785938451], [72.11653983741908, 32.46890015442988], [72.11664306485947, 32.46884263694791], [72.11674051861243, 32.46877580184325], [72.12201411720153, 32.46478723834611], [72.1290726978964, 32.46478723834611], [72.12918768599577, 32.46478203818939], [72.12930173533927, 32.464766480173], [72.12941391483496, 32.464740691311626], [72.12952330865626, 32.464704882143984], [72.13513787168844, 32.46258166013683], [72.13524924935538, 32.46253335686267], [72.1353555234034, 32.46247467110884], [72.1354557287197, 32.46240613582178], [72.1407293273088, 32.45841757232464], [72.14591638699295, 32.45841757232464], [72.14603137509232, 32.45841237216792], [72.14614542443582, 32.45839681415153], [72.1462576039315, 32.458371025290155], [72.1463669977528, 32.458335216122514], [72.15198156078499, 32.45621199411536], [72.15209293845193, 32.4561636908412], [72.15219921249995, 32.45610500508737], [72.15229941781625, 32.45603646980031], [72.15757301640535, 32.45204790630317], [72.1627600760895, 32.45204790630317], [72.16287997690317, 32.452042251303325], [72.16299881323546, 32.452025336508974], [72.16311553005549, 32.451997312089944], [72.16322909114945, 32.45195842684747], [72.16333848832006, 32.45190902600537], [72.16344275033751, 32.45184954814512], [72.16354095156188, 32.45178052131214], [72.16363222016113, 32.45170255832776], [72.16371574585115, 32.45161635134864], [72.16894991335147, 32.4456782402817], [72.17773224417532, 32.4456782402817], [72.1778634774685, 32.44567146280255], [72.17799331440762, 32.44565120247912], [72.17812037349614, 32.44561767488616], [72.17824330279454, 32.4455712367654], [72.17836079430526, 32.44551238222971], [72.18584687834817, 32.441265938215395], [72.1859471706223, 32.441202704945404], [72.1860411499435, 32.4411304216564], [72.186128002299, 32.44104971443847], [72.18620697540707, 32.44096128234653], [72.18627738523297, 32.44086589134538], [72.18633862191385, 32.44076436767524], [72.18639015504108, 32.440657590695146], [72.18643153825454, 32.44054648526626], [72.18646241310871, 32.440432013741145], [72.18833393411944, 32.43193912571252], [72.18835629837123, 32.43180286041813], [72.18836378243324, 32.431664975034465], [72.18836378243324, 32.427899842553806], [72.19164728182922, 32.424174745085985], [72.19520448340181, 32.422156940150984], [72.19531065333595, 32.42208958217276], [72.1954096661688, 32.42201208629494], [72.19550055739032, 32.42192520742524], [72.1955824416052, 32.42182979187358], [72.1956545211578, 32.42172676910791], [72.19571609390225, 32.42161714270011], [72.19576656004224, 32.421501980549806], [72.19580542797385, 32.4213824044818], [72.19583231907433, 32.421259579318004], [72.19584697139041, 32.42113470153062], [72.19584924219001, 32.421008987587015], [72.1958391093527, 32.42088366209976], [72.19581667158509, 32.42075994589738], [72.19578214745938, 32.42063904413192], [72.19573587328416, 32.42052213453926], [72.19567829982833, 32.42041035596649], [72.19560998793006, 32.420304797278064], [72.19553160303352, 32.42020648674892], [72.19253107808663, 32.41680242098437], [72.19515120750165, 32.41382991017435], [72.19831897529332, 32.41382991017435], [72.19844384258298, 32.41382377583777], [72.19856750733237, 32.41380543190504], [72.19868877858237, 32.41377505503827], [72.19880648842454, 32.41373293778329], [72.19891950324876, 32.41367948575228], [72.19902673466048, 32.41361521371753], [72.19912714996259, 32.41354074065386], [72.19921978210085, 32.41345678377759], [72.19930373897712, 32.41336415163933], [72.1993782120408, 32.413263736337214], [72.19944248407555, 32.413156504925496], [72.19949593610656, 32.41304349010128], [72.19953805336154, 32.41292578025911], [72.19956843022831, 32.412804509009106], [72.19958677416103, 32.41268084425971], [72.1995929084976, 32.412555976970054], [72.1995929084976, 32.40406308894143], [72.19958605448738, 32.40393111877444], [72.19956556620852, 32.403800568658156], [72.19953166412294, 32.40367284336298], [72.19948471303039, 32.403549317263156], [72.19761319201966, 32.39930287324884], [72.19755505306217, 32.39918725573713], [72.19748548425895, 32.39907813319588], [72.19740520352401, 32.39897663171319], [72.19731503931294, 32.398883798731795], [72.19721592207371, 32.39880059223999], [72.19314623958064, 32.3957225826489], [72.19520448340181, 32.394555054057946], [72.19530754679548, 32.39448988228615], [72.19540390698377, 32.394415155202296], [72.1954926810933, 32.394331557472476], [72.19557305575596, 32.394239855037654], [72.19564429456129, 32.39414088809586], [72.19570574480353, 32.394035563404174], [72.19575684346196, 32.39392484597077], [72.19579712235932, 32.39380975021334], [72.19582621245142, 32.39369133066473], [72.1958438472084, 32.393570672311114], [72.19584986505669, 32.39344888065108], [72.19584421085942, 32.39332707156683], [72.19582693642162, 32.39320636110022], [72.19579820001552, 32.3930878552273], [72.19392667900479, 32.38671818920583], [72.19388027280044, 32.38658715188908], [72.19381986535315, 32.38646195103248], [72.19374617594835, 32.38634407743153], [72.19366008202279, 32.38623493463441], [72.18991704000133, 32.381988490620095], [72.18983063312689, 32.38189958596874], [72.1897359936543, 32.381819501293485], [72.18963401789323, 32.38174899505874], [72.18952567163375, 32.38168873501358], [72.18941198099954, 32.38163929186769], [72.18409330288948, 32.37962796269612], [72.1825117313981, 32.377833685540196], [72.17883057856831, 32.371569338529035], [72.17875193770432, 32.37145112874306], [72.17866063133638, 32.37134240392455], [72.17855779357109, 32.371244514532805], [72.17107170952818, 32.364874848511334], [72.17097646876138, 32.36480127524452], [72.17087471026235, 32.3647370176603], [72.16813325121254, 32.363181938622205], [72.16954037685875, 32.35998919846941], [72.16958556618867, 32.35987110525583], [72.16961882605116, 32.359749114009496], [72.16963982878615, 32.359624426529145], [72.16964836748484, 32.35949827117548], [72.16964435802811, 32.35937189077], [72.16962783991518, 32.359246530351285], [72.16959897587452, 32.359123424909534], [72.16955805026068, 32.35900378721996], [72.169505466253, 32.358888795895204], [72.16944174188369, 32.35877958377413], [72.16936750493439, 32.35867722676171], [72.16928348675158, 32.3585827332297], [72.16919051504176, 32.35849703408264], [72.16908950571721, 32.35842097358706], [72.16898145387293, 32.35835530105415], [72.16886742398337, 32.35830066345791], [72.16874853941584, 32.35825759906152], [72.16862597136357, 32.35822653211456], [72.16850092730766, 32.35820776867355], [72.16837463912168, 32.35820149358684], [72.16486442842563, 32.35820149358684], [72.15996732496339, 32.356349588499526], [72.15831125079438, 32.352591989091394], [72.15825644564843, 32.35248227493423], [72.15819134457826, 32.35237833913209], [72.1581165509289, 32.352281144943376], [72.1580327578745, 32.352191593146415], [72.15794074199407, 32.35211051369122], [72.15784135607431, 32.35203865800766], [72.15773552120615, 32.351976692041326], [72.15762421824815, 32.3519251900817], [72.15750847873619, 32.35188462943972], [72.15738937532335, 32.351855386024155], [72.15726801183871, 32.35183773085773], [72.15714551305732, 32.35183182756537], [72.15280488322942, 32.35183182756537], [72.15280488322942, 32.34885931675535], [72.15279903065887, 32.348737344154614], [72.15278152672175, 32.348616492261385], [72.15275253224758, 32.34849787148589], [72.1527123136431, 32.34838257173842], [72.1526612404445, 32.34827165241504], [72.1525997819221, 32.348166132663636], [72.15252850276852, 32.34806698201979], [72.15244805791016, 32.34797511149852], [72.15235918648976, 32.34789136522369], [72.15226270507486, 32.347816512672026], [72.15215950015508, 32.34775124160305], [72.14516686570525, 32.343784704421054], [72.14341742986198, 32.33584583403436], [72.14338655500781, 32.33573136250924], [72.14334517179435, 32.33562025708036], [72.14329363866712, 32.33551348010026], [72.14323240198624, 32.33541195643012], [72.14316199216034, 32.335316565428975], [72.14308301905227, 32.33522813333703], [72.14299616669678, 32.3351474261191], [72.14290218737557, 32.3350751428301], [72.14280189510144, 32.33501190956011], [72.14006043605163, 32.33345683052201], [72.14146756169784, 32.33026409036921], [72.14151126097416, 32.330150528535476], [72.14154392644694, 32.33003331555104], [72.14156526010615, 32.3299135207606], [72.14157506732286, 32.329792237062875], [72.14157325862493, 32.329670570940046], [72.14155985051329, 32.329549632363175], [72.14153496531137, 32.329430524665874], [72.14149883004909, 32.329314334478454], [72.14145177439174, 32.32920212181453], [72.14139422763236, 32.329094910400414], [72.14132671477525, 32.32899367833555], [72.14124985174631, 32.32889934916925], [72.14116433977394, 32.328812783475044], [72.14107095899159, 32.32873477099961], [72.14097056132064, 32.32866602345784], [72.14087462123899, 32.32861300311374], [72.14085172456802, 32.328606055794104], [72.14086216832699, 32.32860634622538], [72.14075243472062, 32.328558741688774], [72.13552293497403, 32.32658113650655], [72.13013540170769, 32.31843166583192], [72.13006361404237, 32.31833358951933], [72.12998280660445, 32.3182428008088], [72.12989371494021, 32.31816012610076], [72.1297971500028, 32.318086317938274], [72.12969399077052, 32.31802204815704], [72.12958517624594, 32.31796790177005], [72.1294716969087, 32.317924371642505], [72.1293545856997, 32.317891854005566], [72.1203985074551, 32.31585973763415], [72.11505619957224, 32.309798942376766], [72.11497168140008, 32.309711804237686], [72.11487925296109, 32.30963310633191], [72.11477975352781, 32.30956356325543], [72.11467408657914, 32.30950380647619], [72.11456321159649, 32.30945437860015], [72.11444813535148, 32.309415728444385], [72.10696205130857, 32.30729250643723], [72.1068478335477, 32.30726572648892], [72.10673163656912, 32.307249567135706], [72.10661444576768, 32.30724416541508], [72.10649725496623, 32.307249567135706], [72.10638105798765, 32.30726572648892], [72.10626684022678, 32.30729250643723], [72.0992297794438, 32.309288375336706], [72.09029719335948, 32.30523480324291], [72.09017089441717, 32.3051854157434], [72.09004006116834, 32.30514973368998], [72.08990617619756, 32.30512816142684], [72.08977075667113, 32.30512094340792], [72.08228467262822, 32.30512094340792], [72.08215343933503, 32.30512772088707], [72.08202360239592, 32.3051479812105], [72.0818965433074, 32.305181508803464], [72.081773614009, 32.30522794692422], [72.08165612249827, 32.305286801459914], [72.07446243070456, 32.309367387422235], [72.06544098353167, 32.309367387422235], [72.06530975023848, 32.309374164901385], [72.06517991329937, 32.309394425224816], [72.06505285421085, 32.30942795281778], [72.06492992491245, 32.30947439093853], [72.06481243340173, 32.30953324547423], [72.06115513051876, 32.311607832380666], [72.05645662631902, 32.313384634504075], [72.05361426966087, 32.310160009092876], [72.05361426966087, 32.30639487661222], [72.05360741565065, 32.30626290644523], [72.05358692737178, 32.306132356328945], [72.0535530252862, 32.30600463103377], [72.05350607419365, 32.305881104933945], [72.05163455318292, 32.30163466091963], [72.05158280327758, 32.301530422145106], [72.05152175671421, 32.301431340906134], [72.0514519229499, 32.30133824407386], [72.05137388477435, 32.30125190857725], [72.05128829344625, 32.30117305491932], [72.0511958632582, 32.30110234116425], [72.0510973655758, 32.3010403574456], [72.04787619490597, 32.29921316437221], [72.0461088395025, 32.28918792857308], [72.04608091961525, 32.28906530790586], [72.0460410457571, 32.288946037525754], [72.04598960650199, 32.28883127973226], [72.04592710312963, 32.28872215284933], [72.04585414474043, 32.288619720327254], [72.04577144231978, 32.28852498037923], [72.04567980180944, 32.28843885625369], [72.03819371776653, 32.28206919023222], [72.03807747709695, 32.281981234675264], [72.03795194972466, 32.28190713371664], [72.03781877913062, 32.281847857531325], [72.03302753854287, 32.280035985904064], [72.03302753854287, 32.274546546504865], [72.0330216483344, 32.27442418323528], [72.0330040321774, 32.27430295149311], [72.03297485297341, 32.27418397234219], [72.03293438055067, 32.27406834601606], [72.03288298916904, 32.27395714174369], [72.032821154059, 32.273851387862145], [72.03274944702709, 32.273752062307146], [72.03266853116835, 32.27366008356992], [72.03257915473435, 32.273576302203594], [72.02554145449996, 32.2675881514167], [72.02554145449996, 32.26393043646908], [72.02553460048973, 32.26379846630209], [72.02551411221087, 32.26366791618581], [72.0254802101253, 32.26354019089064], [72.02543325903274, 32.26341666479081], [72.02356173802201, 32.2591702207765], [72.02350308006118, 32.25905369079836], [72.02343281175979, 32.25894377101855], [72.0233516700466, 32.258841614205004], [72.01987509460139, 32.2548974738761], [72.01813957051726, 32.23914599512389], [72.02072381698916, 32.23768009414025], [72.0289749254052, 32.23955225425728], [72.03058786760151, 32.243211988075785], [72.0306457042966, 32.24332707336869], [72.03071486620516, 32.2434357303443], [72.0307946463386, 32.24353684828658], [72.03088422916647, 32.243629393545206], [72.03098269895298, 32.24371242010173], [72.03108904911782, 32.24378507924004], [72.03120219252573, 32.243846628222094], [72.03132097259935, 32.24389643788035], [72.03144417514206, 32.24393399904931], [72.03157054074977, 32.243958927770244], [72.03169877768487, 32.24397096921617], [72.03182757508057, 32.24397000029672], [72.03195561634094, 32.2439560309164], [72.03208159259944, 32.24392920387337], [72.03220421609844, 32.24388979339968], [72.0366893891598, 32.242193665295815], [72.03807395164442, 32.24533521008294], [72.03813178833951, 32.245450295375846], [72.03820095024807, 32.24555895235146], [72.03828073038152, 32.24566007029374], [72.03837031320938, 32.24575261555236], [72.03846878299589, 32.24583564210889], [72.03857513316073, 32.2459083012472], [72.03868827656864, 32.24596985022925], [72.03880705664226, 32.24601965988751], [72.03893025918497, 32.24605722105647], [72.03905662479268, 32.2460821497774], [72.03918486172778, 32.24609419122333], [72.03931365912348, 32.24609322230388], [72.03944170038385, 32.24607925292356], [72.03956767664235, 32.24605242588053], [72.03969030014134, 32.24601301540684], [72.04468512683206, 32.24412415497534], [72.05349501234326, 32.25012099156676], [72.05359916606872, 32.25018480455553], [72.05370895253915, 32.25023834918154], [72.05382336243862, 32.25028113318519], [72.05394134394597, 32.25031276323407], [72.0540618124046, 32.25033294853906], [72.05418366029434, 32.25034150352765], [72.05430576741325, 32.25033834955003], [72.0544270111762, 32.250323515602105], [72.05454627693526, 32.25029713805898], [72.05466246822716, 32.25025945942115], [72.05945317265851, 32.248447790548596], [72.06416705032738, 32.25379563796695], [72.06416705032738, 32.25756077044761], [72.06417294821141, 32.25768321323243], [72.06419058725302, 32.25780452227909], [72.06421980412654, 32.25792357434708], [72.06426032830325, 32.258039267094006], [72.06431178455645, 32.25815052928254], [72.06437369643571, 32.258256330699346], [72.06444549067848, 32.258355691694184], [72.06452650251819, 32.258447692250805], [72.06461598183945, 32.25853148050568], [72.06471310012371, 32.25860628063571], [72.06481695812072, 32.2586714000418], [72.06492659417498, 32.25872623576186], [72.0650409931301, 32.25877028005388], [72.06515909572838, 32.2588031250972], [72.07300959024282, 32.26058438671538], [72.07176132983751, 32.26341666479081], [72.07171682427987, 32.26353267149245], [72.07168383146582, 32.26365246203343], [72.07166266524779, 32.26377489687609], [72.07165352697473, 32.26389881132825], [72.07165650357679, 32.264023026622496], [72.07167156673827, 32.26414636112964], [72.07169857316708, 32.26426764159917], [72.07173726595778, 32.26438571432013], [72.07178727703545, 32.264499456096075], [72.07184813065716, 32.26460778492978], [72.07191924793752, 32.26470967031597], [72.07199995235553, 32.26480414304431], [72.07208947619013, 32.26489030441921], [72.07218696782333, 32.26496733480894], [72.07229149984147, 32.26503450144254], [72.07240207785745, 32.26509116538054], [72.07251764997007, 32.26513678759298], [72.0726371167706, 32.26517093408708], [72.07275934180102, 32.26519328003575], [72.07288316236504, 32.26520361286754], [72.0730074005884, 32.26520183428877], [72.07313087462377, 32.26518796121862], [72.08613027869457, 32.26308114766622], [72.09308629534455, 32.26308114766622], [72.09835989393365, 32.26706971116336], [72.09846186597593, 32.267139333024986], [72.09857009904803, 32.26719875611084], [72.0986835764135, 32.26724742220323], [72.09880123207134, 32.26728487413519], [72.09892196076977, 32.26731076008501], [72.0990446283891, 32.2673248368813], [72.09916808259545, 32.2673269722873], [72.09929116366581, 32.267317146243094], [72.09941271538239, 32.26729545105409], [72.09953159589402, 32.26726209052387], [72.0996466884428, 32.267217378039696], [72.09975691185471, 32.26716173362854], [72.10661444576768, 32.26327183155548], [72.10972893765918, 32.265038511621384], [72.10983973171699, 32.26509441003354], [72.10995543882676, 32.26513926335531], [72.1100749610293, 32.26517264596791], [72.11019716416352, 32.26519424109958], [72.11032088862864, 32.265203843831415], [72.11044496038774, 32.265201363041896], [72.11056820210845, 32.265186822271545], [72.11068944433468, 32.265160359499546], [72.11080753658385, 32.26512222583444], [72.11092135826384, 32.26507278313134], [72.11102982930653, 32.265012500558214], [72.11113192041667, 32.26494195014393], [72.11122666283897, 32.26486180135017], [72.11131315755078, 32.264772814718846], [72.11467580404037, 32.26095792565906], [72.12288286063443, 32.26095792565906], [72.13354467885841, 32.27305365258902], [72.13533651519566, 32.27915211419752], [72.13537953789647, 32.27927495451827], [72.13543487013251, 32.27939276385932], [72.13550193431843, 32.279504312468255], [72.13558003040491, 32.27960843594525], [72.13566834318621, 32.279704047397736], [72.13576595080963, 32.27979014878586], [72.1358718343983, 32.279865841340545], [72.13598488868672, 32.279930334945306], [72.13610393355806, 32.27998295638385], [72.13622772636279, 32.280023156367456], [72.13635497489012, 32.28005051526872], [72.14945562196522, 32.282173737275876], [72.14958783332537, 32.28218813228258], [72.14972082496323, 32.28218866541209], [72.14985314748412, 32.28217533085417], [72.14998335878563, 32.28214827393403], [72.15011003977426, 32.2821077895285], [72.16133916583863, 32.27786134551419], [72.16145054350557, 32.277813042240034], [72.16155681755359, 32.277754356486206], [72.16165702286989, 32.27768582119914], [72.16705267459403, 32.273604945655315], [72.17556480813523, 32.27167355945564], [72.18070681840565, 32.275562599191986], [72.18080396043392, 32.27562924107359], [72.18090684307074, 32.2756866246695], [72.18101458655106, 32.27573425928389], [72.18112626954401, 32.27577173758592], [72.18124093703138, 32.27579873909296], [72.18135760847403, 32.27581503291101], [72.18147528619677, 32.27582047970916], [72.18521832821823, 32.27582047970916], [72.18533551901967, 32.27581507798853], [72.18545171599825, 32.27579891863532], [72.18556593375912, 32.27577213868701], [72.19288157639114, 32.273697257702004], [72.19831897529332, 32.273697257702004], [72.19845020858651, 32.273690480222854], [72.19858004552562, 32.27367021989942], [72.19870710461414, 32.27363669230646], [72.19883003391254, 32.273590254185706], [72.19894752542326, 32.27353139965001], [72.20534235039119, 32.26990396692925], [72.20844976696469, 32.275191966809906], [72.20851893852858, 32.27529736584412], [72.20859818902973, 32.27539541185237], [72.20868674234133, 32.275485144637166], [72.2087837312311, 32.27556568541521], [72.20888820585422, 32.27563624542361], [72.20899914305566, 32.275696133644516], [72.20911545639012, 32.27574476357245], [72.20923600676207, 32.2757816589582], [72.2093596135812, 32.27580645847287], [72.20948506632443, 32.275818919246476], [72.20961113639093, 32.275818919246476], [72.20973658913417, 32.27580645847287], [72.2098601959533, 32.2757816589582], [72.20998074632524, 32.27574476357245], [72.2100970596597, 32.275696133644516], [72.21020799686114, 32.27563624542361], [72.21031247148427, 32.27556568541521], [72.21040946037404, 32.275485144637166], [72.21049801368564, 32.27539541185237], [72.21057726418678, 32.27529736584412], [72.21064643575068, 32.275191966809906], [72.21384526322748, 32.26974840978575], [72.21845509565146, 32.27149167949272], [72.21856448947277, 32.27152748866036], [72.21867666896846, 32.27155327752173], [72.21879071831195, 32.271568835538126], [72.21890570641132, 32.27157403569485], [72.2245202694435, 32.27157403569485], [72.2246225026948, 32.27156992695532], [72.22472407649269, 32.27155762724009], [72.2368524207746, 32.2695919863567], [72.23832669979225, 32.27293709617598], [72.23838309762597, 32.273049639744066], [72.23845032754531, 32.27315606769299], [72.23852773308761, 32.273255340813144], [72.23861455843091, 32.27334648975788], [72.23870995577414, 32.27342862450856], [72.23881299361544, 32.273500943065144], [72.23892266584772, 32.27356273927725], [72.2390379015828, 32.273613409739326], [72.23915757560796, 32.27365245968255], [72.23928051937308, 32.273679507806015], [72.23940553240085, 32.27369428999985], [72.23953139400874, 32.273696661924205], [72.23965687522832, 32.273686600418536], [72.23978075080547, 32.273664203727854], [72.23990181116422, 32.273629690543345], [72.24001887421767, 32.273583397867014], [72.24851785566874, 32.26972659383395], [72.25163741484276, 32.27326570274747], [72.25172094053278, 32.27335190972659], [72.25181220913203, 32.27342987271097], [72.2519104103564, 32.27349889954395], [72.25201467237385, 32.2735583774042], [72.25212406954446, 32.2736077782463], [72.25223763063842, 32.273646663488776], [72.25235434745845, 32.27367468790781], [72.25247318379074, 32.27369160270216], [72.25259308460441, 32.273697257702004], [72.2582076476366, 32.273697257702004], [72.25832754845027, 32.27369160270216], [72.25844638478256, 32.27367468790781], [72.25856310160259, 32.273646663488776], [72.25867666269654, 32.2736077782463], [72.25878605986716, 32.2735583774042], [72.2588903218846, 32.27349889954395], [72.25898852310898, 32.27342987271097], [72.25907979170823, 32.27335190972659], [72.25916331739825, 32.27326570274747], [72.26261714252173, 32.26934737243271], [72.27320951372546, 32.267344549103555], [72.28764656724296, 32.26939188584004], [72.29289573084712, 32.27336196850529], [72.29655391910022, 32.27751214676179], [72.29665290395576, 32.277612634770115], [72.29676239124895, 32.277701563809664], [72.29688103873193, 32.277777843664325], [72.30062408075338, 32.27990106567148], [72.30076102887305, 32.27996824933004], [72.30090502534243, 32.280018582701324], [72.30833888201464, 32.282126991850085], [72.31381046696696, 32.28419614478651], [72.31746776984993, 32.28627073169295], [72.31757433637148, 32.28632474041093], [72.31768549370945, 32.28636852866676], [72.31780026424133, 32.2864017113452], [72.31791763856673, 32.28642399660645], [72.3180365843851, 32.286435188452906], [72.31815605557465, 32.286435188452906], [72.31827500139302, 32.28642399660645], [72.31839237571842, 32.2864017113452], [72.3185071462503, 32.28636852866676], [72.31861830358827, 32.28632474041093], [72.31872487010982, 32.28627073169295], [72.32498506415865, 32.28271966769277], [72.32628818729644, 32.28567642821892], [72.32634299244239, 32.28578614237608], [72.32640809351257, 32.28589007817823], [72.32648288716193, 32.28598727236694], [72.32656668021633, 32.2860768241639], [72.32665869609676, 32.28615790361909], [72.32675808201651, 32.28622975930266], [72.32686391688468, 32.28629172526899], [72.32697521984268, 32.28634322722861], [72.32709095935463, 32.28638378787059], [72.32721006276748, 32.28641303128616], [72.32733142625212, 32.28643068645258], [72.32745392503351, 32.286436589744945], [72.34224892898932, 32.286436589744945], [72.34956457162134, 32.28851147072995], [72.34968746427334, 32.28853983625306], [72.34981255948965, 32.28855591088138], [72.3499386311267, 32.2885595370565], [72.35006444347042, 32.28855067923582], [72.35018876334817, 32.28852942424088], [72.35031037221607, 32.288495980406374], [72.35042807810264, 32.288450675538144], [72.35054072729218, 32.28839395370011], [72.35390616960697, 32.28648492325225], [72.36820913656406, 32.28851324500478], [72.37174187916102, 32.290517175707265], [72.37184678746506, 32.29057043816615], [72.37195616219356, 32.290613794948165], [72.3720690704303, 32.29064687623985], [72.37218454911982, 32.290669399872975], [72.37230161328189, 32.29068117373128], [72.37241926441294, 32.29068209738916], [72.37253649900282, 32.29067216296823], [72.37265231709426, 32.290651455204554], [72.3820099221479, 32.2885282331974], [72.38212966878392, 32.28849484322312], [72.3822455908494, 32.28844994086287], [72.38235658447455, 32.28839395370011], [72.38580723424681, 32.286436589744945], [72.39108563939824, 32.286436589744945], [72.39121687269143, 32.286429812265794], [72.39134670963054, 32.28640955194236], [72.39147376871907, 32.2863760243494], [72.39159669801747, 32.286329586228646], [72.39171418952819, 32.28627073169295], [72.3992002735711, 32.28202428767864], [72.39931863705245, 32.28194821343053], [72.3994278892214, 32.28185955019957], [72.40878549427504, 32.27336666217094], [72.40888499825644, 32.27326570274747], [72.40911858534587, 32.27300070051346], [72.409010933, 32.272882205], [72.408498481, 32.272199716], [72.40772616000001, 32.271171133], [72.405150694, 32.267741104], [72.403516803, 32.265774662], [72.40124200400001, 32.263036867], [72.400247906, 32.261840437], [72.399853, 32.261382539], [72.398897241, 32.260274394], [72.398155873, 32.259415267], [72.396859119, 32.257912708], [72.39540808400001, 32.257231758], [72.39486848700001, 32.256978563], [72.393137546, 32.256177958], [72.392489884, 32.255853103], [72.391549092, 32.255381227], [72.39019519300001, 32.255070022], [72.388839873, 32.254758489], [72.38760008700001, 32.254769708], [72.38442113500001, 32.254798474], [72.383475798, 32.254807028], [72.381941385, 32.254820912], [72.378816246, 32.255295878], [72.377991527, 32.255421291], [72.376358964, 32.255669342], [72.37501679, 32.255590612], [72.37444756, 32.255557153], [72.373480883, 32.255500415], [72.372884129, 32.25535981], [72.370288044, 32.254027487], [72.369490564, 32.252913155], [72.368811293, 32.251830553], [72.36836248, 32.251291702], [72.367801623, 32.250618327], [72.366828947, 32.249450516], [72.366046986, 32.24851168], [72.36543458700001, 32.247881385], [72.362381727, 32.244739312], [72.361467735, 32.24379861], [72.36109307000001, 32.243534802], [72.360370138, 32.24302583], [72.358927799, 32.242010368], [72.3582023, 32.241499591], [72.357265219, 32.240983254], [72.35464246, 32.239538101], [72.35173469300001, 32.237880317], [72.350466777, 32.237157892], [72.34942221300001, 32.23629149], [72.34645105700001, 32.23367467], [72.34604737, 32.233202195], [72.344496765, 32.231140611], [72.343819345, 32.230239959], [72.343614903, 32.229405517], [72.343406774, 32.228556025], [72.343091947, 32.227271043], [72.343089116, 32.226406231], [72.343074295, 32.221877757], [72.343070503, 32.22071922], [72.343149369, 32.219670504], [72.34334484300001, 32.217071182], [72.343507938, 32.214902419], [72.343372447, 32.213178964], [72.342999583, 32.208436122], [72.342897762, 32.207140963], [72.342547556, 32.205609668], [72.341503717, 32.201049078], [72.34127023, 32.200028755], [72.340996623, 32.1992301], [72.340451492, 32.197638872], [72.340041066, 32.196440845], [72.339563471, 32.195588384], [72.33851581200001, 32.193718011], [72.337829851, 32.192240407], [72.33578705500001, 32.188846691], [72.335228989, 32.187850565], [72.33469771, 32.186821204], [72.33310388000001, 32.183733441], [72.331999099, 32.181593297], [72.330644918, 32.178969884], [72.329871014, 32.177470537], [72.329373513, 32.176273223], [72.328544184, 32.174277312], [72.328212524, 32.173479122], [72.32788044, 32.172679909], [72.327239391, 32.170719346], [72.326598172, 32.16875826], [72.325343507, 32.16492073], [72.324279642, 32.16159872], [72.324146952, 32.161184005], [72.32358776400001, 32.159437721], [72.32351812600001, 32.157918374], [72.323491809, 32.157344198], [72.32344077, 32.156230655], [72.323430173, 32.154909101], [72.323858756, 32.153018328], [72.324136164, 32.151794579], [72.324461452, 32.15036008], [72.325039513, 32.148478022], [72.325386426, 32.14734921], [72.3262687, 32.144477333], [72.326646733, 32.1432468], [72.326898342, 32.14242779], [72.327672944, 32.140370676], [72.329416535, 32.135740215], [72.329568062, 32.135329384], [72.330082886, 32.133850007], [72.330184437, 32.132589295], [72.33025180700001, 32.131752936], [72.330320815, 32.130885224], [72.330390472, 32.130009369], [72.33025180700001, 32.128360393], [72.329637405, 32.125588871], [72.329213013, 32.124201321], [72.329256932, 32.123674187], [72.32932326400001, 32.122878506], [72.32944982100001, 32.121300601], [72.329598042, 32.120410757], [72.329710969, 32.119787678], [72.32982318900001, 32.118389529], [72.329270244, 32.116720758], [72.328343139, 32.114557702], [72.327304291, 32.113368368], [72.32683282900001, 32.11282861], [72.325390764, 32.110934228], [72.32496822, 32.110379152], [72.324059274, 32.10798134], [72.32396825500001, 32.106854359], [72.32378672, 32.10460663], [72.323717618, 32.103751028], [72.323795104, 32.102794363], [72.32423395900001, 32.097375315], [72.324304841, 32.09650012], [72.32434042, 32.096060812], [72.32477268, 32.090577429], [72.324872452, 32.089311773], [72.32502962800001, 32.087381482], [72.32512827, 32.086170064], [72.325372118, 32.084819925], [72.325628121, 32.083400666], [72.325300689, 32.081496435], [72.324972034, 32.079607575], [72.32367587, 32.077008996], [72.32312258, 32.075899025], [72.322709015, 32.07506974], [72.32272015400001, 32.074160299], [72.322726267, 32.073661287], [72.322760707, 32.070849512], [72.322765623, 32.070369459], [72.32277346500001, 32.069879553], [72.323714054, 32.067123227], [72.323899563, 32.066580568], [72.324851527, 32.065811851], [72.325461179, 32.065319553], [72.325871827, 32.064727777], [72.326348687, 32.064040587], [72.326572309, 32.062357359], [72.32660238000001, 32.061301254], [72.326092812, 32.060370295], [72.325802841, 32.059840535], [72.32464627200001, 32.057986971], [72.324391104, 32.056871094], [72.322850121, 32.055661305], [72.322468727, 32.055294312], [72.321999237, 32.054443698], [72.321788751, 32.053703943], [72.321769197, 32.053183124], [72.321785089, 32.0526777], [72.32181246200001, 32.051811165], [72.321680994, 32.051167981], [72.321457902, 32.050076016], [72.321371505, 32.049640352], [72.32062505, 32.048141012], [72.31863650000001, 32.046404122], [72.317931078, 32.045810367], [72.31741118100001, 32.045491076], [72.315347904, 32.044223926], [72.314270015, 32.043561946], [72.313646741, 32.042903346], [72.31237939600001, 32.041564168], [72.31147883700001, 32.040612566], [72.31114693100001, 32.039387969], [72.310286825, 32.036214525], [72.310212625, 32.035770923], [72.310063211, 32.034666531], [72.30999408800001, 32.034174394], [72.309983918, 32.033332741], [72.30999379100001, 32.030648658], [72.309873773, 32.030090637], [72.30976240400001, 32.029572836], [72.309356456, 32.027839648], [72.30825903600001, 32.026567795], [72.307318249, 32.026017412], [72.306416599, 32.025489808], [72.305428785, 32.024911851], [72.304118446, 32.024666968], [72.301925256, 32.024257094], [72.30104033500001, 32.024091715], [72.298906105, 32.023991713], [72.297760568, 32.023938038], [72.295395649, 32.023824616], [72.294958474, 32.0237711], [72.294530909, 32.023708498], [72.292921496, 32.023472851], [72.2917613, 32.022581042], [72.29112369500001, 32.021843192], [72.290619456, 32.021259675], [72.29016630000001, 32.019994207], [72.289991587, 32.019511047], [72.29005859, 32.017412663], [72.290143763, 32.016935693], [72.291683515, 32.014352376], [72.292462717, 32.013262374], [72.29380673, 32.011360006], [72.293059071, 32.010126274], [72.292337181, 32.008935818], [72.291631577, 32.00777222], [72.289732814, 32.007939388], [72.286015961, 32.008266621], [72.28349152700001, 32.008488874], [72.281825538, 32.008106073], [72.276830539, 32.006957891], [72.276410478, 32.006861312], [72.274900365, 32.006461856], [72.27326856900001, 32.004868821], [72.271971339, 32.003602403], [72.270415665, 32.002972908], [72.268658295, 32.002641972], [72.26669102400001, 32.002724856], [72.266123455, 32.00285067], [72.265290199, 32.003061852], [72.263012886, 32.00364154], [72.259988446, 32.004401042], [72.259405956, 32.004362696], [72.25865886000001, 32.00432252], [72.257231689, 32.003552971], [72.256790172, 32.002947295], [72.25512172900001, 32.001443718], [72.252557034, 31.998569261], [72.25230539600001, 31.998216166], [72.25196208700001, 31.997698202], [72.251292136, 31.996690234], [72.251175036, 31.995374105], [72.251108144, 31.994631383], [72.251345778, 31.993221144], [72.251842988, 31.990269467], [72.25138606, 31.987187241], [72.251272113, 31.986418193], [72.251168653, 31.985721774], [72.251156828, 31.985290666], [72.251139854, 31.98467636], [72.25111749, 31.983871836], [72.251090509, 31.982898376], [72.251835068, 31.980633308], [72.253029443, 31.978879923], [72.255017424, 31.978187685], [72.255635446, 31.977998763], [72.258672321, 31.977368665], [72.261697943, 31.976439283], [72.262798143, 31.975863389], [72.266362536, 31.973997625], [72.26706986100001, 31.97357882], [72.267899377, 31.973087671], [72.26909319900001, 31.972380823], [72.269517171, 31.971418964], [72.269807966, 31.97075924], [72.26981543, 31.969517847], [72.269817874, 31.969078683], [72.26981672, 31.968597743], [72.269466959, 31.965880938], [72.269344085, 31.964929814], [72.268811669, 31.963648537], [72.267532083, 31.960569168], [72.266946648, 31.959159566], [72.266700252, 31.958564018], [72.265503328, 31.956069512], [72.26200013200001, 31.948798742], [72.26141749, 31.947589488], [72.261124373, 31.946759947], [72.260103393, 31.943870496], [72.259810642, 31.943041989], [72.259593547, 31.941854722], [72.259448893, 31.941063626], [72.259230728, 31.939870504], [72.259224493, 31.938995973], [72.25922060900001, 31.938429396], [72.259198389, 31.935211562], [72.25917908800001, 31.932848054], [72.259158091, 31.92924089], [72.259136675, 31.92556149], [72.259131204, 31.924621769], [72.258242248, 31.922559867], [72.25724523400001, 31.921884928], [72.256841792, 31.921611809], [72.254132573, 31.921170612], [72.253342236, 31.921113533], [72.251575623, 31.920968153], [72.250718592, 31.920552514], [72.250373503, 31.919662921], [72.25023374, 31.919150554], [72.250384787, 31.917788865], [72.25050813300001, 31.917068709], [72.25096716, 31.915859306], [72.251226927, 31.915222051], [72.25167042400001, 31.914327878], [72.253179371, 31.913799869], [72.254089621, 31.913481355], [72.254957476, 31.91322967], [72.256409353, 31.912808757], [72.25716060500001, 31.912591111], [72.259027861, 31.912050143], [72.259475803, 31.911532694], [72.259840904, 31.911110937], [72.260346983, 31.909666488], [72.260603408, 31.908854008], [72.261025844, 31.906871098], [72.261138877, 31.906340919], [72.261348261, 31.905360919], [72.261489944, 31.90469778], [72.26168885, 31.903440432], [72.261888414, 31.902178917], [72.262018161, 31.901358843], [72.262613078, 31.899945391], [72.263242323, 31.898450384], [72.263688915, 31.897699729], [72.264538563, 31.89627281], [72.264828357, 31.895786149], [72.2652781, 31.895030882], [72.266039596, 31.894039442], [72.267306745, 31.892389666], [72.268723306, 31.890976751], [72.269530634, 31.890171499], [72.269999985, 31.889807186], [72.270846765, 31.88915027], [72.27136549, 31.887722617], [72.271090019, 31.886353244], [72.27098042, 31.885822073], [72.270942058, 31.885170647], [72.27079887, 31.882739084], [72.271218973, 31.881296998], [72.271521272, 31.880259301], [72.272028507, 31.878772744], [72.272308372, 31.877952601], [72.273233077, 31.876710562], [72.273862318, 31.875900153], [72.274870922, 31.8749619], [72.276281644, 31.874370248], [72.278900081, 31.873952414], [72.280839626, 31.873729197], [72.281483959, 31.873656405], [72.283223019, 31.873461297], [72.28403237, 31.872610006], [72.284442219, 31.871538434], [72.284817286, 31.870548537], [72.28506621000001, 31.869265098], [72.285442607, 31.867161041], [72.285386803, 31.865826734], [72.285291801, 31.864649433], [72.284508442, 31.863438699], [72.283833995, 31.862648277], [72.28269979800001, 31.861400324], [72.282283686, 31.860850493], [72.281096476, 31.859278218], [72.28050726100001, 31.858479815], [72.280563424, 31.85779124], [72.280612212, 31.857191875], [72.280803784, 31.856422201], [72.281427602, 31.854073876], [72.281543548, 31.853429915], [72.28145307, 31.852058277], [72.280948918, 31.851378611], [72.28055793300001, 31.85085151], [72.279637097, 31.850427228], [72.27925056, 31.850249127], [72.278561944, 31.85016138], [72.277573867, 31.850035265], [72.27654442500001, 31.84990396], [72.27555799000001, 31.849929026], [72.274631438, 31.849969516], [72.272819769, 31.850730467], [72.27213663900001, 31.851156533], [72.270879488, 31.851940616], [72.269690743, 31.852682033], [72.268464982, 31.853812946], [72.267470663, 31.854730325], [72.266684094, 31.855217151], [72.265549364, 31.855919463], [72.263247531, 31.856362376], [72.260823062, 31.856668305], [72.257499799, 31.857338043], [72.256247077, 31.857837846], [72.255388784, 31.858180283], [72.253278263, 31.858170759], [72.252177198, 31.85730969], [72.25200734900001, 31.855803222], [72.25199593, 31.854425194], [72.251999738, 31.853621502], [72.252928012, 31.851411116], [72.253477946, 31.850586679], [72.253751327, 31.850078986], [72.254160705, 31.847555703], [72.254258612, 31.846952199], [72.254555962, 31.844799855], [72.25479064400001, 31.843100772], [72.25440421, 31.841657111], [72.254102312, 31.840529265], [72.253912012, 31.838899825], [72.25420033, 31.837776068], [72.255032497, 31.836508335], [72.25592094000001, 31.835847578], [72.25654802000001, 31.835488706], [72.258005885, 31.834944096], [72.25854747400001, 31.834741772], [72.260750406, 31.833811807], [72.261836679, 31.833121408], [72.26259718, 31.832549873], [72.263800801, 31.830911794], [72.26421185400001, 31.829201349], [72.263921832, 31.827230247], [72.26353185500001, 31.826454113], [72.26293092200001, 31.825258133], [72.26293879, 31.824420814], [72.263251034, 31.823118581], [72.263574042, 31.822740984], [72.264399618, 31.821776615], [72.265371626, 31.820641194], [72.26593904, 31.818939803], [72.26619719, 31.818111234], [72.26604018, 31.816101992], [72.265612552, 31.814988791], [72.264621596, 31.814312427], [72.263212062, 31.813350365], [72.262935724, 31.812627941], [72.262719108, 31.812061633], [72.262503765, 31.810443546], [72.26221733700001, 31.809088903], [72.261955053, 31.808502784], [72.261719381, 31.807970999], [72.26032129, 31.807450646], [72.25958331400001, 31.807326134], [72.258470547, 31.807138388], [72.257711665, 31.80701035], [72.25691496600001, 31.807108765], [72.255667744, 31.807262833], [72.25439227000001, 31.807420391], [72.253032375, 31.807889692], [72.250969478, 31.808601601], [72.24967718100001, 31.808740092], [72.247225981, 31.809001479], [72.24623906100001, 31.809007122], [72.244664423, 31.809000966], [72.243937321, 31.808998121], [72.242279613, 31.808513905], [72.241276395, 31.807815624], [72.241141082, 31.806751601], [72.242053094, 31.805560596], [72.243525968, 31.804086695], [72.244943069, 31.802639762], [72.24549927800001, 31.801038665], [72.244901791, 31.800178328], [72.244209111, 31.799470111], [72.243660362, 31.79899916], [72.24190261400001, 31.798278472], [72.241080611, 31.798093823], [72.239236578, 31.79767959], [72.237990678, 31.797399718], [72.236070276, 31.797003997], [72.234467311, 31.796600024], [72.232988172, 31.79540224], [72.232547235, 31.794289425], [72.232168603, 31.793334792], [72.231985887, 31.792749886], [72.231741736, 31.790778916], [72.231728813, 31.78880062], [72.232163625, 31.788387792], [72.232538106, 31.788032242], [72.23349047500001, 31.787807504], [72.233905282, 31.787709622], [72.235150972, 31.787449592], [72.235712316, 31.78691115], [72.23594106, 31.786044313], [72.236078184, 31.784798855], [72.235633027, 31.784055012], [72.235030573, 31.783048325], [72.233867782, 31.782188612], [72.233217673, 31.781707954], [72.23252981, 31.78135016], [72.230638063, 31.780366021], [72.22988996, 31.780016782], [72.227262212, 31.77879169], [72.22621159, 31.778386181], [72.22492991300001, 31.777891491], [72.223985907, 31.776872423], [72.22313346, 31.774780159], [72.223141331, 31.773810477], [72.22314728, 31.773008245], [72.222649259, 31.770341913], [72.221359573, 31.768781806], [72.22049887, 31.768096342], [72.220038899, 31.767730287], [72.21800117, 31.766107851], [72.214902336, 31.763428892], [72.213953519, 31.762229366], [72.212416445, 31.760284717], [72.21155836, 31.759198512], [72.210348153, 31.75643976], [72.20992162200001, 31.755467709], [72.209510408, 31.754530002], [72.208643328, 31.75302485], [72.20796759000001, 31.751851845], [72.206692726, 31.749638827], [72.205796854, 31.747693501], [72.20382548900001, 31.743412814], [72.203109818, 31.741858783], [72.202726935, 31.741096581], [72.202345766, 31.740337791], [72.201357261, 31.738370003], [72.199002574, 31.73584971], [72.198378034, 31.735655604], [72.197411557, 31.735354715], [72.195371777, 31.73472014], [72.19365079900001, 31.734007666], [72.191054226, 31.732932701], [72.189940713, 31.732471712], [72.188798452, 31.732287684], [72.185421642, 31.731743648], [72.18423231700001, 31.731552036], [72.183147309, 31.731589918], [72.17877981, 31.731742406], [72.174263115, 31.732912666], [72.17252866, 31.733362213], [72.171228323, 31.733698969], [72.169647142, 31.734783057], [72.16681464700001, 31.736725073], [72.16417848, 31.738532483], [72.162685323, 31.739411708], [72.157839101, 31.742265344], [72.156349539, 31.743142453], [72.155242472, 31.743875146], [72.154137029, 31.744606763], [72.149196499, 31.747876577], [72.14767157700001, 31.748774826], [72.146625964, 31.749381637], [72.145641292, 31.749953081], [72.144655383, 31.74994723], [72.143820806, 31.749942365], [72.143266749, 31.74958153], [72.142790882, 31.749271673], [72.142125801, 31.748407186], [72.14079289300001, 31.74667464], [72.140542037, 31.746289606], [72.138799563, 31.743497763], [72.137402646, 31.741259337], [72.137009163, 31.740796002], [72.136244001, 31.739895442], [72.135478094, 31.738993384], [72.132937298, 31.736001956], [72.131909097, 31.734043926], [72.13165831900001, 31.733567139], [72.13107177900001, 31.732451791], [72.130417121, 31.731206213], [72.129659603, 31.72976493], [72.128847618, 31.728220015], [72.128125845, 31.727091861], [72.127164748, 31.725589637], [72.122598497, 31.718452441], [72.121877608, 31.717325669], [72.121157401, 31.716199963], [72.119872892, 31.714409373], [72.115251879, 31.707967733], [72.11396895700001, 31.706179354], [72.11371735, 31.705820914], [72.109451631, 31.699744332], [72.10874184100001, 31.698733222], [72.108268927, 31.698059546], [72.10755961400001, 31.697049115], [72.106773513, 31.696126749], [72.106489355, 31.695793333], [72.10563718600001, 31.694793447], [72.10109087100001, 31.689459058], [72.09995463300001, 31.688125861], [72.098817966, 31.68679216], [72.097843435, 31.685878566], [72.096544909, 31.684661234], [72.091023716, 31.679485273], [72.090049566, 31.678572036], [72.089345972, 31.677912447], [72.088587189, 31.677266945], [72.08825462, 31.676986231], [72.087257111, 31.676144256], [72.085261893, 31.674460139], [72.084208534, 31.673571022], [72.083268613, 31.672777656], [72.082051532, 31.671872683], [72.081201379, 31.671240514], [72.077178035, 31.668248082], [72.076049907, 31.66740902], [72.074873636, 31.66613355], [72.071052951, 31.661990653], [72.069878824, 31.660717507], [72.06866177500001, 31.659458352], [72.065015844, 31.655686279], [72.063800654, 31.654429046], [72.06319215, 31.653799489], [72.061814692, 31.65224308], [72.05988536800001, 31.65006311], [72.059312608, 31.649415991], [72.058831165, 31.648871919], [72.058059854, 31.648000382], [72.057000941, 31.646620175], [72.056471876, 31.64593065], [72.05520957, 31.644285393], [72.054453035, 31.643299344], [72.05344196300001, 31.641981538], [72.05194142900001, 31.640597582], [72.046528572, 31.635605255], [72.04554068, 31.634694113], [72.045212, 31.634388813], [72.044898251, 31.634084506], [72.043333654, 31.632555836], [72.041456475, 31.630721596], [72.03994633100001, 31.62924607], [72.039039814, 31.628360335], [72.038100631, 31.627176952], [72.035244815, 31.623578589], [72.034711622, 31.62290676], [72.03391134, 31.621898394], [72.033044165, 31.620429172], [72.030101774, 31.615442689], [72.02931086400001, 31.614102024], [72.028871616, 31.612362813], [72.026893024, 31.604528553], [72.02656278500001, 31.603220969], [72.026401185, 31.601960271], [72.02629346, 31.601119877], [72.026185694, 31.600279154], [72.02607792500001, 31.599438412], [72.025970238, 31.598598315], [72.025884609, 31.597255691], [72.025713506, 31.59457285], [72.025456856, 31.590548647], [72.025373746, 31.58924851], [72.025290735, 31.587949901], [72.025208049, 31.586045087], [72.025189595, 31.585619976], [72.025078921, 31.583070399], [72.024162847, 31.581141778], [72.02369403, 31.579147929], [72.023485854, 31.578157625], [72.023072162, 31.576185144], [72.023591198, 31.572618762], [72.023625319, 31.571989938], [72.023632579, 31.571374054], [72.023638135, 31.570900934], [72.023659387, 31.569090918], [72.0223895, 31.567257232], [72.022064028, 31.56679961], [72.018370366, 31.56250941], [72.017509736, 31.561510066], [72.016767028, 31.560830877], [72.016448755, 31.560539848], [72.01358013, 31.557916771], [72.012621861, 31.557040529], [72.011337591, 31.556139807], [72.010534124, 31.555576187], [72.007147675, 31.553200878], [72.00607273, 31.5524469], [72.004639347, 31.551441509], [72.00364119400001, 31.550533689], [72.00031734400001, 31.547510651], [71.998987717, 31.546301356], [71.998082953, 31.544921266], [71.997630247, 31.544231369], [71.995922957, 31.541627946], [71.98917474000001, 31.531793163], [71.988914237, 31.531418844], [71.984846739, 31.532214466], [71.984416195, 31.532291305], [71.98317860200001, 31.53251231], [71.981551072, 31.533126941], [71.980739066, 31.533433593], [71.976268651, 31.535121833], [71.974643144, 31.535735701], [71.973830592, 31.536042559], [71.971081115, 31.536972367], [71.96946853, 31.537518794], [71.96783845600001, 31.538235576], [71.966616871, 31.538772736], [71.965622611, 31.539209935], [71.96425242, 31.539885281], [71.958281616, 31.542876004], [71.95668953, 31.543673466], [71.956236816, 31.54390146], [71.955055998, 31.544450963], [71.952287732, 31.545731816], [71.951067312, 31.546296512], [71.949440009, 31.547049309], [71.947936606, 31.547974359], [71.94455305400001, 31.550056272], [71.943800952, 31.550519043], [71.943437773, 31.550761244], [71.942311146, 31.551512581], [71.94003773700001, 31.55302868], [71.939490651, 31.553448151], [71.937516441, 31.555050858], [71.93693772200001, 31.55552053], [71.936528981, 31.556022428], [71.93541359800001, 31.557392038], [71.934790796, 31.559189386], [71.934680825, 31.560294497], [71.93423732, 31.564751311], [71.933960928, 31.566979453], [71.933789688, 31.568357797], [71.93364339300001, 31.569539929], [71.93344696, 31.570408496], [71.933250762, 31.571276032], [71.933152328, 31.571711277], [71.932908563, 31.572789146], [71.932588733, 31.57358521], [71.932402243, 31.574049389], [71.931582536, 31.576089659], [71.931108698, 31.577224034], [71.930764492, 31.577799375], [71.93028597300001, 31.578600845], [71.929324474, 31.580211795], [71.928219337, 31.581451128], [71.927859392, 31.581854324], [71.927117527, 31.582686732], [71.926589932, 31.583278398], [71.924423871, 31.585944174], [71.923339929, 31.587278185], [71.922086454, 31.588358131], [71.921739097, 31.588657402], [71.920458067, 31.589761089], [71.919998204, 31.590157289], [71.919497325, 31.590588828], [71.918798456, 31.591132484], [71.91595825, 31.593341912], [71.914949346, 31.59412656], [71.913940221, 31.59491176], [71.912070569, 31.595994824], [71.909453067, 31.597513136], [71.908682718, 31.597964738], [71.906439028, 31.599297886], [71.905319557, 31.599963049], [71.90487811700001, 31.600203975], [71.901973947, 31.60179223], [71.901230489, 31.602198708], [71.90068028600001, 31.602499527], [71.8993848, 31.602913066], [71.898647179, 31.603148438], [71.897884984, 31.603391741], [71.89675952600001, 31.603751094], [71.89553847, 31.604060496], [71.893141362, 31.604667897], [71.891623808, 31.605414104], [71.890486199, 31.605973485], [71.890104821, 31.606161015], [71.889718558, 31.606350948], [71.88933543200001, 31.60657056], [71.88588191800001, 31.608550155], [71.884281443, 31.609096538], [71.882413952, 31.609737384], [71.881986041, 31.609884333], [71.880561806, 31.610363346], [71.877197666, 31.611348667], [71.875627817, 31.611808459], [71.875117147, 31.611867335], [71.87381368, 31.612018594], [71.873333123, 31.612074484], [71.869449554, 31.612520795], [71.868154659, 31.612669608], [71.867297164, 31.612768154], [71.86642513800001, 31.612960757], [71.864742123, 31.613332486], [71.862617444, 31.613801571], [71.862072916, 31.613922034], [71.860695344, 31.614473486], [71.859758245, 31.614848615], [71.858591044, 31.615973028], [71.85773241400001, 31.61680018], [71.857035105, 31.618170009], [71.85660277400001, 31.619019301], [71.85603759, 31.620089057], [71.85566206300001, 31.620810837], [71.855110092, 31.622158091], [71.854050437, 31.623486047], [71.853523025, 31.624146998], [71.852461395, 31.625477428], [71.85143749, 31.626296515], [71.84527254400001, 31.631228248], [71.84424524900001, 31.632050047], [71.84343415, 31.632708508], [71.842993093, 31.633094138], [71.842046914, 31.633920578], [71.839208263, 31.636399998], [71.838295395, 31.637197205], [71.837383458, 31.637993717], [71.836470792, 31.638791044], [71.835431673, 31.639498406], [71.834739718, 31.639969441], [71.832662438, 31.641383511], [71.831622432, 31.642091476], [71.830936491, 31.642521283], [71.830569348, 31.64275259], [71.829352229, 31.643516683], [71.82805826100001, 31.64432905], [71.827581602, 31.644628264], [71.826504747, 31.645275741], [71.82157075100001, 31.648242386], [71.819444155, 31.649523221], [71.818338189, 31.650189242], [71.812341191, 31.653612256], [71.81183274700001, 31.653925513], [71.81098234400001, 31.654543434], [71.810560056, 31.654850277], [71.80965213, 31.65550987], [71.809329965, 31.656181511], [71.809038133, 31.656789914], [71.80871792100001, 31.658329525], [71.808585142, 31.65939953], [71.808388885, 31.660981089], [71.807869491, 31.662178026], [71.806777401, 31.663092344], [71.805522795, 31.663594334], [71.804356049, 31.664007501], [71.801302799, 31.665088743], [71.80081391, 31.665238664], [71.797733804, 31.666152764], [71.79675154, 31.666444649], [71.794778471, 31.667031141], [71.793163354, 31.667677697], [71.790743806, 31.668646279], [71.78913059700001, 31.669292071], [71.787961939, 31.669883278], [71.787183348, 31.670277155], [71.785236071, 31.671262252], [71.781654199, 31.673074265], [71.779466396, 31.674212471], [71.778510642, 31.674710992], [71.777334243, 31.67532577], [71.775372694, 31.676350862], [71.774060884, 31.67733116], [71.773404176, 31.67782191], [71.771629742, 31.679147926], [71.770247356, 31.680147581], [71.766788067, 31.682648788], [71.765777642, 31.683353843], [71.76484841300001, 31.684051732], [71.763948802, 31.684702845], [71.760676027, 31.687071792], [71.759587639, 31.687859323], [71.75880834, 31.689023126], [71.757215373, 31.691402057], [71.756621162, 31.692289702], [71.755229465, 31.694553783], [71.754370769, 31.695950753], [71.754050536, 31.697575858], [71.753730332, 31.699200816], [71.753566234, 31.700056232], [71.752986194, 31.703080191], [71.752798558, 31.704148684], [71.752352208, 31.706747205], [71.75183160200001, 31.709778024], [71.751757329, 31.710210421], [71.75169932, 31.710639098], [71.751525649, 31.711922515], [71.751120371, 31.714917482], [71.750940814, 31.71624335], [71.750761474, 31.7175697], [71.750434692, 31.720142762], [71.750107899, 31.722715909], [71.74988006400001, 31.724509926], [71.749832045, 31.725927191], [71.74969242600001, 31.730839412], [71.749640464, 31.731550239], [71.74945035200001, 31.734150943], [71.749485581, 31.734739941], [71.749539205, 31.735634843], [71.749619425, 31.736975135], [71.749612126, 31.737743568], [71.748517249, 31.739247899], [71.747958958, 31.74006509], [71.747568119, 31.740642251], [71.747048725, 31.742097995], [71.74721572300001, 31.743516819], [71.747701723, 31.745700444], [71.748847124, 31.748519943], [71.74916671000001, 31.749157683], [71.749459163, 31.749741276], [71.74954613, 31.750942092], [71.749484109, 31.751455863], [71.74943266400001, 31.751882258], [71.74912337100001, 31.753142642], [71.748252808, 31.754170409], [71.746862111, 31.755700551], [71.74299928900001, 31.76060208], [71.74217113, 31.761652929], [71.740738053, 31.763247513], [71.737872955, 31.766435507], [71.737588431, 31.766752096], [71.734344917, 31.770444582], [71.73309135400001, 31.771882441], [71.732442704, 31.773009939], [71.730554033, 31.776293976], [71.729923362, 31.777391127], [71.729209385, 31.778923325], [71.727422323, 31.782758367], [71.726560696, 31.784441844], [71.725799683, 31.785929303], [71.724847955, 31.787788267], [71.724458597, 31.789023578], [71.724199373, 31.789846015], [71.72251171900001, 31.795200417], [71.722129925, 31.796411733], [71.721354638, 31.798638849], [71.720263927, 31.80177154], [71.719722691, 31.803330465], [71.71910055100001, 31.805122167], [71.71871619, 31.805929149], [71.71664017, 31.810277584], [71.716312321, 31.810836112], [71.71543943600001, 31.812272493], [71.714422459, 31.813008731], [71.713082928, 31.813978481], [71.712401116, 31.814472078], [71.711630107, 31.814804754], [71.708331905, 31.816227866], [71.707350851, 31.816651172], [71.70569284, 31.817078631], [71.701540053, 31.818149278], [71.70029226, 31.818470976], [71.698617817, 31.81898178], [71.696941845, 31.819493051], [71.69484856400001, 31.820131624], [71.69365812, 31.820615003], [71.692469958, 31.821097455], [71.68969864600001, 31.822222745], [71.68302847800001, 31.824956819], [71.681669334, 31.825513997], [71.680506937, 31.825990358], [71.679411938, 31.826383634], [71.678319869, 31.826775856], [71.671788492, 31.829117414], [71.661465606, 31.833082004], [71.659947907, 31.83366482], [71.65933996400001, 31.83389828], [71.658642282, 31.83422666], [71.657862784, 31.834593543], [71.656392442, 31.83528557], [71.65559694800001, 31.835659599], [71.653807231, 31.836400897], [71.64859030400001, 31.83856174], [71.64653073800001, 31.83941481], [71.64529210900001, 31.839927848], [71.644109563, 31.840299892], [71.642925162, 31.840672518], [71.641345265, 31.841169572], [71.634508786, 31.843320193], [71.633226405, 31.843723787], [71.63237247, 31.843992588], [71.631771825, 31.844212417], [71.628516539, 31.845403819], [71.627455486, 31.845792355], [71.626211548, 31.846247426], [71.624078429, 31.848021254], [71.62394736600001, 31.848517475], [71.623762025, 31.849219209], [71.623804372, 31.850198928], [71.623831394, 31.850819313], [71.625480713, 31.85397174], [71.626090516, 31.855069126], [71.628353466, 31.859570744], [71.628730391, 31.860320551], [71.629118578, 31.861006378], [71.629848815, 31.862296491], [71.631250248, 31.86477229], [71.63190572500001, 31.865928741], [71.63215742, 31.866313825], [71.63264633700001, 31.867061985], [71.63313515, 31.867810234], [71.633867753, 31.868932338], [71.634584245, 31.869844697], [71.635419436, 31.870908203], [71.636039879, 31.871698258], [71.636644913, 31.872331794], [71.640888582, 31.876775366], [71.641492381, 31.877407608], [71.642062814, 31.877889486], [71.643686142, 31.879260803], [71.644669295, 31.880091329], [71.646840918, 31.881113896], [71.64735834400001, 31.881297099], [71.648590121, 31.881733301], [71.649364577, 31.881986175], [71.652650651, 31.882790658], [71.653177686, 31.882919684], [71.653993284, 31.883053398], [71.655243263, 31.883258325], [71.656488264, 31.883462434], [71.658279878, 31.883534546], [71.659189767, 31.883571169], [71.660834976, 31.883695849], [71.662907874, 31.883863759], [71.664318895, 31.883992694], [71.666921775, 31.884592835], [71.66774435, 31.884888719], [71.669794006, 31.885625986], [71.670654057, 31.885935511], [71.671829619, 31.886358203], [71.673012654, 31.887029156], [71.67404908, 31.88761696], [71.67573225000001, 31.888571535], [71.676128362, 31.888817845], [71.677358681, 31.889601828], [71.67952083, 31.890979856], [71.680601522, 31.891668229], [71.681478121, 31.892599668], [71.682888106, 31.894097863], [71.683629538, 31.894938292], [71.684301651, 31.895971625], [71.685320357, 31.897205184], [71.686083376, 31.898129125], [71.686717825, 31.899593315], [71.687033775, 31.90032247], [71.687352532, 31.901058102], [71.687598609, 31.901905187], [71.688053664, 31.903471643], [71.68820443, 31.90399054], [71.688451405, 31.90483993], [71.688698918, 31.905692441], [71.68901782200001, 31.907095312], [71.68948819, 31.909151963], [71.689818373, 31.910455958], [71.690221796, 31.91204919], [71.690901364, 31.914028214], [71.691314292, 31.914984123], [71.69167293800001, 31.915813874], [71.693003586, 31.91787415], [71.694477735, 31.920037403], [71.695432294, 31.921438179], [71.696622965, 31.923416163], [71.698123111, 31.925910375], [71.69912753, 31.927261122], [71.700094768, 31.928451188], [71.700484094, 31.929222748], [71.701569313, 31.931681314], [71.701943262, 31.932558781], [71.702311251, 31.933422263], [71.702741563, 31.934431981], [71.703101885, 31.934821468], [71.704249848, 31.936061745], [71.70482319, 31.936680834], [71.706303063, 31.938203014], [71.70695271400001, 31.938871238], [71.70820024000001, 31.940070321], [71.708669938, 31.940520278], [71.709986922, 31.941781909], [71.710990594, 31.943375622], [71.71155386400001, 31.944269296], [71.71274784, 31.946092279], [71.713691236, 31.947010162], [71.714039628, 31.947349131], [71.714439708, 31.947738394], [71.71546497700001, 31.949285917], [71.716302404, 31.950549826], [71.716819891, 31.951331002], [71.717072427, 31.951784482], [71.71823572400001, 31.95387342], [71.718910964, 31.955085975], [71.719366608, 31.956470806], [71.720250874, 31.959352911], [71.720458913, 31.960030917], [71.720719202, 31.960879211], [71.720847164, 31.961724737], [71.721210754, 31.964127208], [71.721352759, 31.965065452], [71.721317724, 31.965983742], [71.721267542, 31.966789806], [71.721189961, 31.968031951], [71.721112562, 31.969279191], [71.720696253, 31.970471871], [71.72014167600001, 31.97206067], [71.719861955, 31.972862039], [71.719258694, 31.973975519], [71.717240917, 31.977699856], [71.716846358, 31.978428167], [71.716143305, 31.979692449], [71.714487592, 31.982660169], [71.713688514, 31.983942352], [71.713247134, 31.984650181], [71.71284237200001, 31.985300055], [71.712621701, 31.985979286], [71.712253556, 31.98711245], [71.711899736, 31.988201516], [71.711926573, 31.988658725], [71.71198131, 31.989578192], [71.713248055, 31.990933438], [71.713786684, 31.991374528], [71.714276753, 31.991776018], [71.714967861, 31.992342866], [71.71610482, 31.992964731], [71.717489394, 31.993722031], [71.718161281, 31.994089522], [71.720151854, 31.995820586], [71.720470788, 31.996210146], [71.721111184, 31.996992621], [71.723328769, 31.999702203], [71.72560755900001, 32.002314358], [71.72589256, 32.002641051], [71.728123632, 32.005198781], [71.728681748, 32.005838269], [71.729255413, 32.006466982], [71.730689763, 32.008038968], [71.732124006, 32.009610837], [71.732943707, 32.010508975], [71.734035978, 32.011706074], [71.734580572, 32.01230313], [71.735478858, 32.013150733], [71.73614538000001, 32.013779885], [71.736753683, 32.014354167], [71.737362687, 32.014928692], [71.738062802, 32.015589278], [71.739312346, 32.016597727], [71.741240985, 32.018154126], [71.743343329, 32.019849962], [71.744940923, 32.021138638], [71.74708994400001, 32.022751215], [71.74836976600001, 32.023711355], [71.749329314, 32.024431587], [71.750330214, 32.025327573], [71.750996864, 32.025924345], [71.753997817, 32.02861074], [71.754997701, 32.029505817], [71.75599836, 32.030401587], [71.75684687200001, 32.031341832], [71.758260262, 32.032908024], [71.759957027, 32.034788227], [71.761753705, 32.036779429], [71.762651864, 32.037774596], [71.763251141, 32.038438468], [71.763779974, 32.039127545], [71.766980508, 32.043297879], [71.767596022, 32.044122403], [71.767881031, 32.044587397], [71.768295477, 32.045272191], [71.768705725, 32.045949858], [71.769322642, 32.046968233], [71.769666147, 32.047929945], [71.770601741, 32.050549332], [71.77098043, 32.051609546], [71.771166383, 32.052831574], [71.771538387, 32.055276279], [71.771603474, 32.05570713], [71.771724269, 32.056497854], [71.771754914, 32.057539572], [71.771826519, 32.059970972], [71.771867932, 32.061381106], [71.771719443, 32.062490108], [71.77108883400001, 32.067199878], [71.770969031, 32.070662623], [71.77095262200001, 32.071154533], [71.77096172200001, 32.071801303], [71.770995636, 32.073523131], [71.771134763, 32.080619242], [71.771232464, 32.083545253], [71.77150285, 32.091594316], [71.771547915, 32.092935556], [71.77157797400001, 32.093830078], [71.771713934, 32.095379095], [71.772011411, 32.098777092], [71.772200776, 32.100938407], [71.77232390200001, 32.10303986], [71.772451662, 32.105220418], [71.772813671, 32.106955418], [71.773084913, 32.1082554], [71.773899067, 32.112157399], [71.774260747, 32.113890825], [71.774458729, 32.115609253], [71.77485424400001, 32.119042217], [71.775034742, 32.120608591], [71.775169692, 32.121780217], [71.775646211, 32.124011021], [71.776485478, 32.125722227], [71.776827485, 32.126419558], [71.77752786500001, 32.128161395], [71.777900361, 32.129087798], [71.778026502, 32.130059729], [71.778084524, 32.130506234], [71.77819913, 32.131389831], [71.77864920200001, 32.135332028], [71.778749362, 32.137425168], [71.778809306, 32.13867787], [71.77822338300001, 32.140404441], [71.777766692, 32.141750194], [71.77723536900001, 32.142554689], [71.77642653, 32.143779387], [71.775817254, 32.144701542], [71.775402955, 32.145329222], [71.77476354800001, 32.146056261], [71.772851969, 32.148229828], [71.772339442, 32.148812599], [71.771544472, 32.149618969], [71.769143956, 32.152055653], [71.767839748, 32.153434147], [71.764336274, 32.157148521], [71.76404287000001, 32.157459651], [71.763162895, 32.15841493], [71.762281494, 32.159371756], [71.76169294200001, 32.160010674], [71.760834146, 32.161004372], [71.75682367, 32.165644828], [71.755963103, 32.166640576], [71.75532508900001, 32.167760049], [71.75320169, 32.171485812], [71.752561748, 32.172608669], [71.752182754, 32.17394856], [71.752033004, 32.174477982], [71.75187921, 32.175021704], [71.751401911, 32.176709139], [71.75139197700001, 32.177405576], [71.749985756, 32.177731166], [71.74779112200001, 32.178217763], [71.746080702, 32.178487998], [71.744369767, 32.178758315], [71.74348221000001, 32.178897024], [71.738609667, 32.179658513], [71.734280126, 32.180217096], [71.733021684, 32.180379455], [71.730642599, 32.1821092], [71.730504575, 32.183679734], [71.729798867, 32.191734091], [71.729722092, 32.192610335], [71.729530177, 32.194800692], [71.729084981, 32.196347469], [71.72838128, 32.198792223], [71.727771825, 32.200914497], [71.725506931, 32.208799192], [71.723960338, 32.214177357], [71.723603659, 32.21541768], [71.723246671, 32.21665908], [71.723029482, 32.217972196], [71.722812399, 32.219284669], [71.72078501, 32.231542157], [71.720640474, 32.232416015], [71.720406647, 32.233829661], [71.719883699, 32.235138703], [71.718284491, 32.239236641], [71.722218696, 32.242932857], [71.723142272, 32.243800517], [71.725280393, 32.244579679], [71.72657208000001, 32.244943755], [71.727434216, 32.245186758], [71.731675798, 32.246385251], [71.73233350000001, 32.246657243], [71.734141843, 32.24742204], [71.73444980100001, 32.248199428], [71.734055128, 32.249662402], [71.733537893, 32.251572822], [71.729619392, 32.262239108], [71.729325806, 32.263038259], [71.729034795, 32.263830337], [71.727439946, 32.268171635], [71.727081229, 32.269026807], [71.726162308, 32.271217838], [71.725917591, 32.271800887], [71.725609722, 32.273182593], [71.725613238, 32.274139728], [71.72672578400001, 32.275317952], [71.727577498, 32.276219949], [71.728058945, 32.276729817], [71.732294585, 32.281281194], [71.740188392, 32.289763781], [71.747069053, 32.297161], [71.74855015300001, 32.298752849], [71.748854509, 32.299085857], [71.754608396, 32.305381418], [71.759304024, 32.310522513], [71.760501407, 32.311833601], [71.76109861, 32.312491039], [71.76253747, 32.314103941], [71.77670461400001, 32.330021556], [71.779101597, 32.332714703], [71.779973546, 32.333675416], [71.780881889, 32.334672528], [71.789662963, 32.344310908], [71.790571633, 32.34530816], [71.79271583100001, 32.347536355], [71.799761667, 32.354858206], [71.800984926, 32.356129384], [71.801291222, 32.356447679], [71.805273974, 32.360521935], [71.805742206, 32.361000924], [71.80711083700001, 32.362401001], [71.808798167, 32.363654164], [71.813985279, 32.367506091], [71.815783119, 32.368840993], [71.817221245, 32.369908714], [71.817907153, 32.37048844], [71.819620798, 32.371936803], [71.829219087, 32.38004922], [71.83059012800001, 32.381208016], [71.83161964300001, 32.382078156], [71.832232191, 32.382664175], [71.83499892200001, 32.385311079], [71.836219965, 32.386479238], [71.836537034, 32.386859997], [71.83722726100001, 32.387688497], [71.837878081, 32.388469905], [71.837919374, 32.38898636], [71.837970357, 32.389622536], [71.838041618, 32.390508392], [71.83773403100001, 32.396209819], [71.837626392, 32.399397912], [71.837582733, 32.400691017], [71.83799923, 32.401623094], [71.840041053, 32.402444192], [71.840469626, 32.402588965], [71.841216378, 32.402901892], [71.842720019, 32.403531992], [71.84399075600001, 32.404880313], [71.844160938, 32.406249964], [71.843697223, 32.407130084], [71.843411745, 32.407672244], [71.842728842, 32.408968059], [71.842215875, 32.41005859], [71.84145178300001, 32.411682994], [71.841001772, 32.414149836], [71.840820163, 32.417119061], [71.841002653, 32.418435766], [71.84109673, 32.41911428], [71.84130930900001, 32.420648356], [71.840956953, 32.421598911], [71.840352468, 32.423229628], [71.83875132300001, 32.424590559], [71.837877192, 32.424648793], [71.836669967, 32.42472922], [71.835302088, 32.424614547], [71.8334678, 32.424460705], [71.831541493, 32.424462612], [71.830260625, 32.425280788], [71.82965613200001, 32.425840993], [71.826742054, 32.428541569], [71.825457299, 32.429711064], [71.824500531, 32.430581997], [71.824297028, 32.43140493], [71.82402902, 32.432488704], [71.824509342, 32.434792715], [71.824788864, 32.43540214], [71.82531870000001, 32.436558908], [71.82527967, 32.437731976], [71.824400107, 32.439418086], [71.823003438, 32.440247303], [71.820882483, 32.440417074], [71.820436939, 32.440438806], [71.819999855, 32.440460125], [71.818218325, 32.44046341], [71.816308543, 32.441007814], [71.814892488, 32.442348752], [71.81418690400001, 32.443159071], [71.813110185, 32.444402329], [71.811845536, 32.44498373], [71.81102877100001, 32.445359222], [71.81023295, 32.445360168], [71.80925809, 32.445340987], [71.80830192900001, 32.445227408], [71.807448786, 32.444648712], [71.80673490800001, 32.444163781], [71.805251042, 32.443463117], [71.80446449, 32.443466187], [71.80397018, 32.44346812], [71.802971189, 32.443954015], [71.801892581, 32.445369882], [71.801599093, 32.446028552], [71.80093199, 32.447542067], [71.800872979, 32.448472923], [71.800790339, 32.449778671], [71.800222374, 32.451289689], [71.79959730600001, 32.452231776], [71.798969412, 32.453098514], [71.797578461, 32.454068638], [71.795696129, 32.454297317], [71.794211117, 32.454477725], [71.793581556, 32.454563287], [71.792469237, 32.454714457], [71.79188263, 32.45479399], [71.790204368, 32.455021326], [71.788282161, 32.456383309], [71.78774129, 32.457172076], [71.787185947, 32.45798202], [71.786681075, 32.459647179], [71.78707277800001, 32.461492882], [71.787676957, 32.462289614], [71.788451088, 32.463310144], [71.789214402, 32.463899724], [71.790357172, 32.464785488], [71.790636036, 32.465233818], [71.791341854, 32.466430357], [71.791670889, 32.469148388], [71.791510774, 32.471318671], [71.791318535, 32.471953136], [71.79061118, 32.474288135], [71.790398833, 32.47498854], [71.790284095, 32.476729724], [71.790912543, 32.478050608], [71.79127553900001, 32.478358993], [71.791878888, 32.478870157], [71.793488033, 32.479290887], [71.79464192, 32.479419636], [71.795730368, 32.479540908], [71.79735491400001, 32.479157866], [71.797770846, 32.479059796], [71.798612264, 32.478861404], [71.79988715200001, 32.478440229], [71.801304128, 32.477972111], [71.80341082000001, 32.477362654], [71.804282878, 32.477672268], [71.80502328300001, 32.47817484], [71.80579757000001, 32.478822724], [71.807111773, 32.479391523], [71.807569086, 32.479537029], [71.808397702, 32.479800675], [71.80951846100001, 32.481020963], [71.80958659800001, 32.481810655], [71.80962882, 32.482302557], [71.809682385, 32.482920759], [71.810103796, 32.484073968], [71.810434231, 32.484866235], [71.811426913, 32.486412813], [71.812738198, 32.487399992], [71.81392876000001, 32.487934272], [71.814329341, 32.488114037], [71.814730728, 32.488294164], [71.815148707, 32.488481737], [71.815809473, 32.488692801], [71.817833461, 32.489339886], [71.81824874, 32.489472625], [71.819800674, 32.489968696], [71.820974851, 32.490463894], [71.822489632, 32.491102738], [71.823453293, 32.491509029], [71.824617748, 32.492000249], [71.825345685, 32.492526882], [71.828039249, 32.494485769], [71.829049052, 32.495334338], [71.829954587, 32.496137292], [71.831043526, 32.498239588], [71.830934629, 32.499477004], [71.83088843, 32.500001931], [71.830637969, 32.501071266], [71.830251813, 32.502719961], [71.83046382500001, 32.50440581], [71.830737073, 32.505431877], [71.831565249, 32.506133858], [71.832562225, 32.506512155], [71.83346869200001, 32.506789057], [71.833869192, 32.507174963], [71.83459237400001, 32.507871793], [71.83482398000001, 32.508300383], [71.835397917, 32.509362502], [71.835718135, 32.510312491], [71.835845163, 32.511287036], [71.835966452, 32.512217532], [71.836262793, 32.514490977], [71.836305041, 32.514927236], [71.836591823, 32.51788858], [71.836462923, 32.518514705], [71.836232296, 32.519636875], [71.83611649800001, 32.520197529], [71.835970563, 32.52146352], [71.83651689700001, 32.522262988], [71.838397102, 32.522348524], [71.840363593, 32.522148347], [71.840932383, 32.522090475], [71.84445187700001, 32.521966975], [71.844940105, 32.521949843], [71.84621961900001, 32.522049077], [71.84878800700001, 32.522248271], [71.850077391, 32.522348271], [71.851655205, 32.522789874], [71.852471096, 32.523018227], [71.854412955, 32.523561719], [71.864618551, 32.52650306], [71.865652008, 32.526800992], [71.873096163, 32.52880354], [71.873680066, 32.528960615], [71.874215843, 32.529232191], [71.87469299104248, 32.52947404850847], [71.87541660019917, 32.5282426574015]], [[72.30516452812054, 32.20439961614943], [72.31526116760087, 32.21278868559717], [72.3127195129526, 32.21079189171398], [72.30516452812054, 32.20439961614943]], [[72.30277229680797, 32.21360465934362], [72.30388580348495, 32.213360239622794], [72.30072573751019, 32.215175941411395], [72.30277229680797, 32.21360465934362]], [[72.30140367795511, 32.26954657227313], [72.30139920802806, 32.26859279727186], [72.30150838379487, 32.269891262880364], [72.30140367795511, 32.26954657227313]], [[72.29829345199344, 32.2443961432048], [72.29837247983582, 32.24476994778346], [72.29807674468641, 32.246244334518686], [72.29829345199344, 32.2443961432048]], [[72.290036237472, 32.23327736999526], [72.28918172463258, 32.231586928744264], [72.29632927413681, 32.23565599344905], [72.290036237472, 32.23327736999526]], [[71.97145061654287, 32.30683445154478], [71.96819754236196, 32.30811671484494], [71.96735094131392, 32.307783010357], [71.97145061654287, 32.30683445154478]], [[71.9688112945766, 32.27704173170022], [71.96810988270863, 32.27850013278028], [71.9688112945766, 32.27021884282804], [71.9688112945766, 32.27704173170022]], [[71.96329878674226, 32.28850353858797], [71.96335822194723, 32.28809765639545], [71.96356772413179, 32.28794435418111], [71.96329878674226, 32.28850353858797]], [[71.96014531721933, 32.24549806061261], [71.95215030649722, 32.24345955570523], [71.95201009185777, 32.24329375061474], [71.95722361896917, 32.243770593193176], [71.96014531721933, 32.24549806061261]], [[71.94941153860407, 32.24022093768261], [71.94856873324689, 32.239224312657846], [71.9485213253695, 32.236223571655515], [71.94941153860407, 32.24022093768261]], [[71.85369719806675, 32.18880609072785], [71.85468079076125, 32.18935325564754], [71.84424625909483, 32.18877509281982], [71.85369719806675, 32.18880609072785]]]}}]}