{"type": "FeatureCollection", "features": [{"type": "Feature", "properties": {"na": "NA-93", "src": "sheet-split: chiniot_na93_94.jpg, outline-fit", "approx": false, "rms_km": 1.105}, "geometry": {"type": "MultiPolygon", "coordinates": [[[[72.436037587, 31.603421046], [72.435863038, 31.60476846], [72.435267402, 31.609366447], [72.43519985600001, 31.609887861], [72.43516634800001, 31.611138565], [72.43512606, 31.614301176], [72.43511668309716, 31.61504063633117], [72.4380776863112, 31.60023119316154], [72.437448253, 31.601215361], [72.436835503, 31.602173701], [72.436037587, 31.603421046]]], [[[72.43519817500001, 31.622270001], [72.435406624, 31.624014658], [72.43665803, 31.634488537], [72.436972196, 31.637114037], [72.437153397, 31.637849157], [72.437464774, 31.639109042], [72.437447848, 31.640780917], [72.437438053, 31.641802022], [72.437679648, 31.644472808], [72.438041446, 31.64846338], [72.43816188800001, 31.649791832], [72.43826250500001, 31.651959679], [72.438403232, 31.654991728], [72.438469475, 31.656418951], [72.438300856, 31.657588381], [72.438105769, 31.658940759], [72.43804085100001, 31.659391617], [72.437635056, 31.659768693], [72.434512305, 31.66267106], [72.44325388, 31.664191177], [72.444567501, 31.664419613], [72.445566021, 31.664474157], [72.446403308, 31.664519828], [72.448148982, 31.664615167], [72.449010462, 31.66466231], [72.449986839, 31.66471593], [72.453023836, 31.664882534], [72.454325427, 31.664953937], [72.455191297, 31.665001437], [72.45629906100001, 31.665113568], [72.461324176, 31.665622219], [72.463072666, 31.665799235], [72.464701732, 31.666471824], [72.469172708, 31.668322078], [72.469768462, 31.668569436], [72.470290896, 31.668814523], [72.47440461100001, 31.670776332], [72.476296954, 31.671840797], [72.477002515, 31.672240627], [72.477660948, 31.672789716], [72.478115727, 31.673168973], [72.478790151, 31.673731401], [72.479244513, 31.674201693], [72.47985039400001, 31.674828815], [72.48031591, 31.676173977], [72.48064209600001, 31.677146944], [72.480885914, 31.678438598], [72.481127447, 31.679718076], [72.481341278, 31.680243585], [72.48174976700001, 31.681247514], [72.48216837000001, 31.682060732], [72.482408321, 31.682500443], [72.483060283, 31.682931725], [72.48348119100001, 31.683210277], [72.484407139, 31.683425186], [72.486264939, 31.683856374], [72.48692929, 31.684010595], [72.487359052, 31.68411034], [72.488761697, 31.684285364], [72.490130318, 31.684456142], [72.4927899, 31.684785335], [72.49623427, 31.685138178], [72.498744794, 31.685393178], [72.499327077, 31.685512616], [72.501697752, 31.686110821], [72.502802026, 31.686389468], [72.504205357, 31.686905983], [72.505413446, 31.687350638], [72.505842302, 31.687965097], [72.50611605200001, 31.68857285], [72.50608913500001, 31.690299064], [72.505976212, 31.690711134], [72.50560303200001, 31.69207097], [72.504619962, 31.693252628], [72.503756841, 31.694290105], [72.502738012, 31.696024611], [72.502447026, 31.696520003], [72.502101384, 31.697239882], [72.501419544, 31.6987489], [72.50139691400001, 31.700131778], [72.501505467, 31.70071877], [72.50263107900001, 31.701852374], [72.503598922, 31.702388235], [72.50406824800001, 31.702648087], [72.505344821, 31.702710387], [72.506359243, 31.702727324], [72.508096394, 31.702542243], [72.509412345, 31.702402035], [72.510320903, 31.702111702], [72.511511387, 31.701731278], [72.512928109, 31.701694471], [72.513502019, 31.701679639], [72.515135873, 31.701609786], [72.51631076800001, 31.701559555], [72.517034394, 31.701865928], [72.518561167, 31.702512347], [72.519889924, 31.704310708], [72.520120034, 31.705077364], [72.52037926, 31.705958235], [72.52072567, 31.707280132], [72.520862332, 31.707921225], [72.520921321, 31.709277011], [72.520941356, 31.709808179], [72.520795281, 31.710437172], [72.520492122, 31.711667983], [72.520202076, 31.712529602], [72.519904733, 31.713374541], [72.519225315, 31.715027163], [72.518962517, 31.715508213], [72.518514965, 31.716321242], [72.518288838, 31.716731983], [72.517618146, 31.718890529], [72.517416103, 31.71983766], [72.51712400400001, 31.721208354], [72.517154015, 31.723105095], [72.51716801500001, 31.723989767], [72.517722324, 31.725376009], [72.517994705, 31.725918711], [72.518656946, 31.727179314], [72.519989518, 31.728741322], [72.521328183, 31.729998522], [72.522054154, 31.730463111], [72.523504765, 31.731391437], [72.523884726, 31.731634584], [72.524445029, 31.731973935], [72.526171346, 31.732875104], [72.52699628900001, 31.733305685], [72.527514287, 31.733540967], [72.527916835, 31.733711514], [72.528670878, 31.734030611], [72.529227119, 31.734247697], [72.53123238, 31.734891863], [72.532379754, 31.735180052], [72.533645944, 31.735498327], [72.534650658, 31.735719527], [72.535160085, 31.735753861], [72.535966364, 31.735776371], [72.537441162, 31.735492946], [72.53920208400001, 31.734991026], [72.54000853, 31.734684477], [72.5415713, 31.734090428], [72.542567993, 31.733146527], [72.542951654, 31.732798857], [72.543571057, 31.732309079], [72.544791101, 31.73134309], [72.545273008, 31.730913532], [72.545987836, 31.730277823], [72.546791853, 31.730157895], [72.547439799, 31.730061263], [72.549330843, 31.730392205], [72.5498696, 31.730825564], [72.550408715, 31.731259218], [72.551300038, 31.732350669], [72.551910139, 31.733750501], [72.55198653, 31.734341907], [72.552090798, 31.735032237], [72.55237703600001, 31.735614789], [72.552680435, 31.736232357], [72.552994107, 31.736545959], [72.553308299, 31.736860156], [72.55372855600001, 31.737076557], [72.554381109, 31.737412678], [72.554946098, 31.737420065], [72.555842978, 31.737626734], [72.556465677, 31.737849371], [72.557362817, 31.738321551], [72.558205056, 31.738765321], [72.559328095, 31.739791907], [72.559560977, 31.740273498], [72.55966523, 31.740943052], [72.559552535, 31.742501957], [72.559044958, 31.743297087], [72.558717919, 31.743809394], [72.557593771, 31.745868962], [72.557070104, 31.746803859], [72.556207078, 31.748364898], [72.55544983, 31.749978778], [72.555436985, 31.750655084], [72.555440139, 31.751530889], [72.555498248, 31.752178226], [72.55565322400001, 31.753901237], [72.55584237, 31.755208902], [72.555978445, 31.756149671], [72.556671816, 31.757376573], [72.557912226, 31.759402826], [72.558191743, 31.759764484], [72.55862543100001, 31.760296381], [72.559297834, 31.761120897], [72.56040604600001, 31.761948321], [72.561089226, 31.762458407], [72.561761378, 31.762833476], [72.562615434, 31.763310052], [72.56320911600001, 31.763576723], [72.56507770200001, 31.764325257], [72.567441368, 31.765164356], [72.568558877, 31.765561051], [72.569712834, 31.765654189], [72.571908532, 31.765831408], [72.573634514, 31.765864895], [72.57459667900001, 31.766021175], [72.575367244, 31.766075718], [72.577248815, 31.766208392], [72.578566515, 31.766194503], [72.579884655, 31.766180609], [72.580324043, 31.766175977], [72.580870805, 31.766170215], [72.583229545, 31.766042332], [72.585755516, 31.765923486], [72.586446173, 31.765890991], [72.58733131800001, 31.765865215], [72.589523291, 31.765933878], [72.590308481, 31.765958402], [72.591023164, 31.765980863], [72.591455898, 31.766066254], [72.59329055900001, 31.766440582], [72.594223161, 31.766685005], [72.595269134, 31.766959141], [72.59567925, 31.767363053], [72.595982712, 31.767661047], [72.597159578, 31.768940026], [72.597773062, 31.769973653], [72.598020872, 31.770391084], [72.598375902, 31.770701896], [72.598830597, 31.771099502], [72.599721081, 31.77188073], [72.601162896, 31.772361793], [72.601792109, 31.772528207], [72.60256672300001, 31.77272859], [72.605016883, 31.773090773], [72.605542141, 31.773163611], [72.606949502, 31.773358718], [72.609505743, 31.773500587], [72.612912533, 31.773689662], [72.613357578, 31.773716022], [72.61645571000001, 31.773899524], [72.619478686, 31.774078507], [72.620044566, 31.77411171], [72.62175112700001, 31.774211802], [72.622812621, 31.774280586], [72.624902346, 31.774467991], [72.62757937500001, 31.774707966], [72.63002318800001, 31.774966918], [72.631651427, 31.77513945], [72.632927715, 31.775316544], [72.634202412, 31.775493417], [72.63505203000001, 31.775611307], [72.635901211, 31.775729137], [72.637262581, 31.776012477], [72.639421665, 31.776461847], [72.640936717, 31.776731523], [72.64233965400001, 31.776981816], [72.643128793, 31.777122289], [72.644836986, 31.77770968], [72.645605069, 31.777973816], [72.64611827, 31.778150305], [72.647547445, 31.778642306], [72.648930256, 31.779168794], [72.653101033, 31.780763672], [72.655135604, 31.781587471], [72.65592979, 31.781909037], [72.65676319900001, 31.782111451], [72.658116146, 31.782440049], [72.658980671, 31.782650021], [72.65978615, 31.782690109], [72.660381716, 31.78271975], [72.660978143, 31.782749434], [72.661411229, 31.782723413], [72.661843443, 31.782697445], [72.663152311, 31.782618807], [72.66370935, 31.782396311], [72.664239424, 31.782184501], [72.665669879, 31.781607652], [72.667876324, 31.780378877], [72.668817878, 31.779962194], [72.66983154, 31.779511999], [72.671181204, 31.778665978], [72.672164335, 31.778245559], [72.673526863, 31.777721896], [72.674578769, 31.777634909], [72.675462177, 31.777571417], [72.675944979, 31.777635456], [72.677769136, 31.777813175], [72.678888122, 31.77791872], [72.679339759, 31.778139808], [72.68037730200001, 31.778659555], [72.681419695, 31.779182195], [72.681959465, 31.779547793], [72.683454446, 31.780560373], [72.685209545, 31.781749209], [72.685722473, 31.782117603], [72.68765422, 31.783541564], [72.688777002, 31.784369278], [72.689468858, 31.784935969], [72.69016294100001, 31.785504485], [72.691550551, 31.786641062], [72.694372936, 31.789223797], [72.695311255, 31.790082442], [72.696447949, 31.790936718], [72.697210713, 31.791510084], [72.697821234, 31.791968653], [72.698936745, 31.792677151], [72.700051856, 31.793385395], [72.700422106, 31.793620555], [72.701109619, 31.794017373], [72.702266929, 31.794685348], [72.70410961, 31.795748905], [72.707510279, 31.797357937], [72.707938, 31.797581216], [72.708428545, 31.797845497], [72.70996048, 31.798670826], [72.710440599, 31.799161783], [72.710929941, 31.799660777], [72.711667034, 31.801334062], [72.712419354, 31.802929056], [72.713507244, 31.804112987], [72.714263818, 31.804733457], [72.715286893, 31.805570918], [72.71563948100001, 31.805861039], [72.716573384, 31.805983927], [72.717874548, 31.806155594], [72.71830332600001, 31.806103711], [72.719638322, 31.805922371], [72.720942328, 31.805745376], [72.721628151, 31.805652285], [72.72265440000001, 31.805302178], [72.72309805, 31.805150839], [72.72382411000001, 31.804903147], [72.72426797300001, 31.804752151], [72.726548627, 31.803692862], [72.728165136, 31.802474626], [72.728569461, 31.80216992], [72.729028564, 31.801904928], [72.730395235, 31.80111609], [72.73094089700001, 31.800801136], [72.731584868, 31.800626727], [72.732065476, 31.800496834], [72.732599868, 31.800352232], [72.733130711, 31.800208589], [72.733764058, 31.800215104], [72.734390672, 31.800221549], [72.735030572, 31.800228131], [72.735624736, 31.800412178], [72.736839657, 31.80078851], [72.737946804, 31.801977586], [72.738276496, 31.802444245], [72.739059731, 31.80359232], [72.739588013, 31.804991359], [72.73987859600001, 31.805903087], [72.740107342, 31.806620799], [72.740562107, 31.807466627], [72.742754548, 31.811544465], [72.743689243, 31.813081611], [72.74490445900001, 31.813884918], [72.747560168, 31.815641265], [72.748128113, 31.81596782], [72.75034368300001, 31.817180166], [72.752552929, 31.818389017], [72.754651972, 31.8196289], [72.755528938, 31.820212971], [72.756261851, 31.820700805], [72.759269966, 31.821937075], [72.760178815, 31.82231066], [72.761183167, 31.822459425], [72.76300018900001, 31.822728565], [72.763763045, 31.822895244], [72.765033355, 31.823172798], [72.765540463, 31.823283597], [72.766302085, 31.823450007], [72.76708917900001, 31.823832071], [72.76878606800001, 31.824654367], [72.769817283, 31.825314795], [72.771478384, 31.826401353], [72.773237366, 31.827834295], [72.77371109, 31.828220209], [72.777372147, 31.831247733], [72.77954578900001, 31.833016624], [72.780717976, 31.833970538], [72.781947181, 31.834455829], [72.783576652, 31.835099143], [72.784167857, 31.835304541], [72.785867633, 31.835710533], [72.786861783, 31.835947869], [72.788425138, 31.835829883], [72.78901654900001, 31.835773006], [72.790159054, 31.835662806], [72.791000195, 31.835582279], [72.792413178, 31.835649865], [72.793021554, 31.835686835], [72.794722664, 31.835841946], [72.79600263600001, 31.835958309], [72.798665843, 31.837247836], [72.799349664, 31.837612491], [72.799832154, 31.838012518], [72.800529746, 31.838591291], [72.801538518, 31.838992136], [72.802161093, 31.839239521], [72.80283577, 31.83926986], [72.804419002, 31.839340846], [72.806001814, 31.839412235], [72.80706782, 31.839463166], [72.80800815500001, 31.839508094], [72.810000181, 31.83986181], [72.81126668, 31.840732394], [72.811759982, 31.841108227], [72.81227411200001, 31.841433333], [72.81279065400001, 31.841724172], [72.813287012, 31.841747916], [72.813729177, 31.84176916], [72.814381401, 31.841752707], [72.815741258, 31.841718403], [72.817083659, 31.841990363], [72.817561803, 31.84208723], [72.819231783, 31.841984318], [72.82025074500001, 31.841921341], [72.821251859, 31.84150634], [72.821800127, 31.841279061], [72.822750339, 31.840649664], [72.82404114900001, 31.839794445], [72.827049638, 31.837801405], [72.829063677, 31.836821346], [72.83350134, 31.834661917], [72.834302414, 31.834272104], [72.836013498, 31.833361952], [72.837628857, 31.832455119], [72.839297231, 31.831518155], [72.840765466, 31.829194939], [72.841257595, 31.828124445], [72.841750556, 31.827052509], [72.842366897, 31.826218518], [72.842930888, 31.825778795], [72.843511752, 31.825708264], [72.84461382900001, 31.82590832], [72.846047876, 31.826168638], [72.846658853, 31.826279546], [72.847114242, 31.826529737], [72.850059766, 31.828148015], [72.850831491, 31.82868356], [72.851892937, 31.82945516], [72.852448767, 31.830111189], [72.85205934800001, 31.830950581], [72.851421392, 31.83125158], [72.850697514, 31.8316253], [72.850494638, 31.832368408], [72.850210602, 31.833809641], [72.850800934, 31.834732], [72.851440222, 31.835497394], [72.85140115, 31.836209195], [72.851256417, 31.836827146], [72.85050101600001, 31.837168891], [72.849894593, 31.837499234], [72.84928948000001, 31.837828869], [72.84877234800001, 31.838352518], [72.848156248, 31.83910862], [72.848041463, 31.839793719], [72.84822868900001, 31.840607845], [72.849399601, 31.842106257], [72.85029802000001, 31.843159386], [72.851223312, 31.843830535], [72.852461285, 31.844728688], [72.853660301, 31.845598178], [72.854228162, 31.846244184], [72.855227313, 31.847380823], [72.855482953, 31.848170297], [72.855650939, 31.848689085], [72.854988763, 31.850529236], [72.854841576, 31.850938466], [72.85395325600001, 31.85205939], [72.853437131, 31.852710735], [72.853082981, 31.853265225], [72.85284855, 31.853774087], [72.85271728100001, 31.855410729], [72.85335082200001, 31.856450462], [72.853952322, 31.857437613], [72.854204138, 31.857850881], [72.85552245400001, 31.859016217], [72.855988787, 31.859418504], [72.85657504000001, 31.859444444], [72.857217827, 31.859453161], [72.858429904, 31.859289661], [72.860301824, 31.859079013], [72.861298864, 31.859470352], [72.862571223, 31.859969899], [72.864155576, 31.861862754], [72.86459454300001, 31.862523211], [72.865310541, 31.863628066], [72.865741955, 31.864291542], [72.86621915100001, 31.864665869], [72.866813667, 31.865060547], [72.867530235, 31.86517211], [72.868148114, 31.865254292], [72.86923299, 31.865302784], [72.86988355000001, 31.865339298], [72.87102815, 31.865792542], [72.871773317, 31.866104187], [72.872881924, 31.866888166], [72.873664129, 31.867354184], [72.87424204, 31.867670834], [72.876042624, 31.868322104], [72.87719238000001, 31.868506425], [72.878668435, 31.868829203], [72.879845974, 31.869742566], [72.880292408, 31.870089314], [72.880866902, 31.87040954], [72.881455105, 31.870737413], [72.882236344, 31.871172908], [72.88280562300001, 31.871335835], [72.88331861, 31.871482189], [72.885200258, 31.872021338], [72.885886133, 31.872480231], [72.88668241100001, 31.87301276], [72.88738998800001, 31.873194326], [72.887840333, 31.873269021], [72.88890797, 31.873191641], [72.889566916, 31.87302456], [72.89117223, 31.873008428], [72.892139981, 31.873475604], [72.89312213800001, 31.873949737], [72.894277891, 31.874145956], [72.894784317, 31.873961265], [72.895312317, 31.873762493], [72.89555807100001, 31.87303446], [72.895891008, 31.872044873], [72.896206039, 31.871515724], [72.89648213400001, 31.871100714], [72.897481985, 31.870334579], [72.897872722, 31.869935138], [72.898396896, 31.869376216], [72.898480334, 31.868645931], [72.898221194, 31.867774848], [72.897768069, 31.866589256], [72.897210811, 31.865378402], [72.897028038, 31.864981259], [72.896439312, 31.863670195], [72.89646965, 31.863170015], [72.89649955, 31.862675813], [72.897646809, 31.862017889], [72.898151447, 31.86157898], [72.89861296, 31.861047696], [72.899173175, 31.860080479], [72.899285456, 31.85830906], [72.899325598, 31.85765995], [72.89946828, 31.856957851], [72.900269289, 31.855982839], [72.901937676, 31.855400048], [72.903519352, 31.854847547], [72.90492384400001, 31.854137342], [72.905787309, 31.853378158], [72.905828215, 31.852693559], [72.905610358, 31.852171949], [72.90520057, 31.851223893], [72.90496032300001, 31.850480535], [72.905061943, 31.849574854], [72.905572395, 31.849025271], [72.905810371, 31.848671005], [72.907151765, 31.8483508], [72.908291121, 31.848059675], [72.908906689, 31.847241259], [72.90891143200001, 31.846683269], [72.908770422, 31.846152679], [72.908207418, 31.845209208], [72.907833466, 31.844610129], [72.907764133, 31.843032328], [72.908244588, 31.84272727], [72.90877891800001, 31.84238941], [72.910330872, 31.842149888], [72.911251549, 31.842437118], [72.913398678, 31.843106855], [72.91460204, 31.843482466], [72.915379326, 31.844097074], [72.91593400100001, 31.844535796], [72.917480245, 31.845758287], [72.919426891, 31.846651837], [72.920579009, 31.847180682], [72.921402873, 31.847426954], [72.922230117, 31.847674238], [72.923754811, 31.848130131], [72.924521207, 31.848359101], [72.92612488600001, 31.848634868], [72.928532884, 31.849048946], [72.929000438, 31.849129386], [72.931440857, 31.849618527], [72.932660979, 31.84986308], [72.935272717, 31.85038647], [72.937226443, 31.850778163], [72.93901016, 31.850986843], [72.939923188, 31.851086045], [72.940626007, 31.851162424], [72.94187958, 31.85129871], [72.942757302, 31.851321474], [72.944703403, 31.851371947], [72.947622851, 31.85144768], [72.949542373, 31.851497471], [72.950171559, 31.851436302], [72.95076992700001, 31.851344196], [72.952586756, 31.851065096], [72.953849906, 31.850118384], [72.954285462, 31.849491088], [72.954718943, 31.84886642], [72.955597362, 31.847600944], [72.955849306, 31.847094216], [72.956023, 31.846696429], [72.956203381, 31.846283508], [72.956658654, 31.845240801], [72.956767634, 31.843182479], [72.956411074, 31.841236157], [72.956277985, 31.840509729], [72.956115726, 31.838272328], [72.956499624, 31.837356487], [72.956843257, 31.836553103], [72.958296912, 31.835734669], [72.95876157100001, 31.835477988], [72.95943011, 31.835508231], [72.96009914000001, 31.835538497], [72.961680856, 31.836125237], [72.962717588, 31.836509813], [72.96375665500001, 31.837952144], [72.964418262, 31.838870524], [72.965921047, 31.840292815], [72.966478233, 31.840820241], [72.966959486, 31.841125581], [72.96744269700001, 31.84143226], [72.968209363, 31.841467644], [72.968903834, 31.841499772], [72.970075152, 31.841041435], [72.970576138, 31.840658583], [72.972012641, 31.840638624], [72.972369084, 31.840974657], [72.972992688, 31.841274249], [72.973719895, 31.841542243], [72.974492546, 31.84156449], [72.975988029, 31.841543668], [72.977294525, 31.841276162], [72.978352715, 31.841060343], [72.980517409, 31.841299574], [72.981425965, 31.841830177], [72.982738364, 31.842596628], [72.98353727300001, 31.843145843], [72.984671287, 31.844627763], [72.984636422, 31.845200008], [72.984601954, 31.845768058], [72.983853112, 31.847019625], [72.981806961, 31.847641409], [72.981313866, 31.847744988], [72.980110096, 31.847997838], [72.97903143100001, 31.847948032], [72.978439671, 31.847920712], [72.977930006, 31.848040559], [72.977418739, 31.848160813], [72.976607438, 31.848716891], [72.97584768, 31.849237792], [72.975574414, 31.849840458], [72.975416242, 31.850786758], [72.975388796, 31.851212708], [72.975804568, 31.85248807], [72.976098566, 31.853389895], [72.976495415, 31.855065179], [72.975860737, 31.856295401], [72.975075958, 31.857023923], [72.974696628, 31.857384626], [72.97432334, 31.857740755], [72.97405293300001, 31.858415118], [72.973918587, 31.858913709], [72.973887303, 31.859432089], [72.97399317, 31.859897385], [72.97411902600001, 31.86045045], [72.975145471, 31.861069633], [72.975700836, 31.861337472], [72.976201668, 31.861552383], [72.978725854, 31.8621018], [72.981153504, 31.862648305], [72.98173632400001, 31.862866467], [72.982966164, 31.863407437], [72.984498617, 31.864049348], [72.98464554, 31.864594453], [72.984770875, 31.865059474], [72.984859029, 31.865717891], [72.985094782, 31.86747869], [72.985040683, 31.868063813], [72.984760349, 31.869578378], [72.984619518, 31.870339246], [72.983532327, 31.871989203], [72.982787739, 31.872434516], [72.98146590600001, 31.872600884], [72.980451758, 31.872728246], [72.978219046, 31.873628381], [72.977137365, 31.874862313], [72.97637532600001, 31.877200158], [72.975757422, 31.879045803], [72.97508120900001, 31.881059848], [72.973510378, 31.882131769], [72.972830269, 31.882315883], [72.972147551, 31.88250076], [72.970985017, 31.882331625], [72.969992734, 31.882187476], [72.969321109, 31.88208983], [72.968772398, 31.882065451], [72.965980212, 31.881941393], [72.963107652, 31.88181341], [72.961467693, 31.881740343], [72.960252298, 31.881985274], [72.958238233, 31.882391156], [72.957399017, 31.882560325], [72.956613361, 31.882852235], [72.953031495, 31.884183075], [72.95190715800001, 31.884600821], [72.951094169, 31.885108286], [72.947379322, 31.887427079], [72.945441109, 31.888887712], [72.944732642, 31.890316419], [72.944277997, 31.891234409], [72.944140182, 31.892281962], [72.943978694, 31.893509477], [72.943622339, 31.893981414], [72.943247475, 31.89447799], [72.942230125, 31.894718157], [72.941600293, 31.894688813], [72.940369528, 31.894250647], [72.939885171, 31.893597761], [72.938469274, 31.89217868], [72.93749523400001, 31.891219426], [72.936548649, 31.891015915], [72.93513122, 31.890709539], [72.9346265, 31.890662689], [72.933091836, 31.890591569], [72.932599317, 31.890426674], [72.932108021, 31.890262217], [72.93134152600001, 31.889743148], [72.930955939, 31.889468483], [72.930534625, 31.888966966], [72.929381524, 31.88844117], [72.928264121, 31.887963882], [72.927703783, 31.888067792], [72.925878573, 31.888405848], [72.924904184, 31.889096827], [72.923397109, 31.89018795], [72.922872237, 31.890567961], [72.919476007, 31.893384307], [72.918458529, 31.894228058], [72.91628533100001, 31.895187504], [72.915528685, 31.895521558], [72.914388341, 31.895633017], [72.91350279000001, 31.895719792], [72.91093891700001, 31.896601734], [72.909843765, 31.897378565], [72.906823797, 31.899520739], [72.906202125, 31.899961712], [72.905589778, 31.900504901], [72.904058514, 31.901863226], [72.902831031, 31.902952078], [72.902081415, 31.904026396], [72.9009146, 31.905680426], [72.898460204, 31.908618529], [72.897718944, 31.908902951], [72.897213287, 31.909268054], [72.895689789, 31.910062232], [72.895269391, 31.911442669], [72.89498365300001, 31.912377923], [72.896306853, 31.913923364], [72.896984611, 31.914716112], [72.897356395, 31.916995631], [72.895563057, 31.917974043], [72.894951922, 31.918308215], [72.894286702, 31.918672418], [72.893065214, 31.920361333], [72.893064217, 31.922128334], [72.894210414, 31.923140766], [72.895859396, 31.923641583], [72.898139527, 31.923623298], [72.899066235, 31.923365743], [72.89952276800001, 31.923239047], [72.90042149300001, 31.922990464], [72.902617772, 31.923413669], [72.903827027, 31.925152388], [72.904729395, 31.926451519], [72.906315026, 31.927403552], [72.907079791, 31.92786019], [72.908279265, 31.927631042], [72.909248302, 31.927403775], [72.910591746, 31.926594804], [72.91124906200001, 31.925729467], [72.912057998, 31.92465798], [72.914870613, 31.922497468], [72.915535356, 31.922140547], [72.916170152, 31.921799269], [72.917835897, 31.920906036], [72.918236657, 31.920739898], [72.91937068, 31.920269778], [72.919793805, 31.92022808], [72.921392187, 31.920071303], [72.92258442500001, 31.920616209], [72.923132974, 31.920866921], [72.924166919, 31.92133948], [72.924698768, 31.922009675], [72.925195125, 31.922664211], [72.926068869, 31.924108551], [72.926604491, 31.924994698], [72.92700984400001, 31.926898404], [72.927044128, 31.927610448], [72.92714851400001, 31.929779616], [72.927230361, 31.931478323], [72.92762600200001, 31.932196898], [72.92815929400001, 31.933165473], [72.929000516, 31.933785162], [72.929900508, 31.934451943], [72.931268603, 31.934513287], [72.932281094, 31.934559722], [72.934816335, 31.935105138], [72.93599782000001, 31.93637127], [72.93699108, 31.93753623], [72.938747545, 31.937849343], [72.939804505, 31.937574424], [72.94190644000001, 31.93702583], [72.942498638, 31.936871269], [72.943236185, 31.936512624], [72.94733715000001, 31.93451848], [72.94964463, 31.933455039], [72.951300796, 31.932691766], [72.953500569, 31.930624155], [72.955180214, 31.929045424], [72.95604671800001, 31.928497885], [72.958527386, 31.92693881], [72.958925464, 31.926688618], [72.961111434, 31.925841168], [72.96180033200001, 31.925926772], [72.962942028, 31.926068638], [72.963838416, 31.927890202], [72.963201837, 31.929036018], [72.962529168, 31.930400678], [72.962540146, 31.93262078], [72.96288007400001, 31.933172891], [72.963465884, 31.934124929], [72.960705737, 31.935441328], [72.958480424, 31.936011155], [72.9581435, 31.936269955], [72.957739775, 31.936580433], [72.957247452, 31.936958225], [72.955518434, 31.937328277], [72.954989398, 31.937438398], [72.952721521, 31.937798673], [72.951097289, 31.938057083], [72.949288603, 31.93838485], [72.947730516, 31.938961424], [72.947324697, 31.939173717], [72.945483374, 31.940136957], [72.944960787, 31.940410336], [72.944334642, 31.940892907], [72.943561375, 31.941488868], [72.943084505, 31.942241535], [72.942380395, 31.943350673], [72.941580789, 31.94461047], [72.94109391, 31.945379296], [72.94089304, 31.946686386], [72.940664508, 31.948899154], [72.940592831, 31.949633403], [72.940798978, 31.95090939], [72.940938406, 31.951777176], [72.941079099, 31.952652855], [72.942383018, 31.954639776], [72.943688724, 31.956629421], [72.944718654, 31.958960761], [72.944752262, 31.959884111], [72.944770679, 31.960394544], [72.944827836, 31.961966514], [72.94483435, 31.962538497], [72.944668153, 31.965289728], [72.944567421, 31.96695166], [72.944124739, 31.968787128], [72.943891406, 31.969754586], [72.943446302, 31.971637922], [72.943981972, 31.973428426], [72.944437623, 31.975585373], [72.945009131, 31.976119245], [72.945622756, 31.976359116], [72.946296481, 31.97662248], [72.947470819, 31.977081627], [72.949225812, 31.977006871], [72.954027644, 31.976802329], [72.955967689, 31.97672525], [72.956611873, 31.976699648], [72.957459912, 31.976642632], [72.95846167, 31.976269434], [72.959449891, 31.975901301], [72.960570656, 31.974092222], [72.960611115, 31.973388896], [72.96065262, 31.972669826], [72.960618321, 31.971825647], [72.960590204, 31.971133625], [72.960556054, 31.97029255], [72.96051895100001, 31.969378785], [72.960530059, 31.968306269], [72.960550781, 31.966432691], [72.961150003, 31.964550553], [72.962490993, 31.963442338], [72.96282478, 31.963166614], [72.963655292, 31.962543072], [72.964132119, 31.962392376], [72.96510077, 31.961785715], [72.966049609, 31.961191566], [72.966941438, 31.960433183], [72.967641879, 31.95983755], [72.968796291, 31.958872327], [72.969589629, 31.958209005], [72.973764568, 31.957296423], [72.975029505, 31.957019926], [72.97693155200001, 31.95710411], [72.980211776, 31.957249292], [72.980702546, 31.957161199], [72.981671186, 31.956986566], [72.982868109, 31.956811369], [72.985791809, 31.957378667], [72.98657541, 31.957800014], [72.987362016, 31.958217418], [72.987877155, 31.958492679], [72.98850733, 31.958837622], [72.989479543, 31.959371762], [72.990275674, 31.960209588], [72.990748815, 31.960707508], [72.993732623, 31.963849235], [72.995389525, 31.9653292], [72.995792619, 31.965688874], [72.997721761, 31.963907229], [73.000199191, 31.961618282], [73.00167274200001, 31.960081891], [73.002407446, 31.95934364], [73.002880669, 31.958938939], [73.004485926, 31.957566121], [73.00512269100001, 31.95702156], [73.00583025200001, 31.956554408], [73.006878844, 31.955862096], [73.007614555, 31.955535611], [73.008707325, 31.955051087], [73.00923723800001, 31.954816048], [73.010575757, 31.954369913], [73.011931198, 31.953940633], [73.013117703, 31.954112046], [73.013999981, 31.954239467], [73.014641718, 31.954262424], [73.016860492, 31.954341798], [73.019429765, 31.953820306], [73.02034843, 31.953513656], [73.021068067, 31.953247174], [73.024620192, 31.951929719], [73.027169036, 31.951006036], [73.030388946, 31.949841246], [73.032468304, 31.949014701], [73.033712097, 31.948520293], [73.034762535, 31.947806227], [73.036851928, 31.946385899], [73.037901425, 31.945672473], [73.038790459, 31.944739527], [73.040275434, 31.943182235], [73.041069528, 31.942349263], [73.044602552, 31.938668919], [73.04518945800001, 31.93805754], [73.045739542, 31.937452462], [73.046844394, 31.936236267], [73.04769855100001, 31.93514359], [73.0480519, 31.934691162], [73.048627024, 31.933954676], [73.049062293, 31.933674013], [73.050453888, 31.933033095], [73.050901603, 31.932849008], [73.053022154, 31.932149015], [73.053843547, 31.932066369], [73.055864146, 31.931863063], [73.057087315, 31.931739991], [73.059539908, 31.932161642], [73.06164051600001, 31.932600082], [73.062479651, 31.932775226], [73.063412416, 31.932969913], [73.06434699200001, 31.932929604], [73.064797293, 31.93291014], [73.0675914, 31.932789145], [73.069577799, 31.932487542], [73.070378526, 31.932365892], [73.071138477, 31.932250392], [73.072293259, 31.93142412], [73.07276077600001, 31.931089602], [73.073368592, 31.930432414], [73.074552226, 31.929152635], [73.076484158, 31.928574271], [73.077231248, 31.928350384], [73.079987915, 31.92749523], [73.081039661, 31.927168966], [73.082165644, 31.927050098], [73.083293438, 31.92693082], [73.084671232, 31.926785236], [73.085752267, 31.926671009], [73.086614608, 31.926676669], [73.09135269, 31.926707763], [73.092213962, 31.926713415], [73.092974689, 31.926718463], [73.094074579, 31.926785623], [73.094970977, 31.926851441], [73.101249411, 31.927312435], [73.102141244, 31.927377918], [73.10485921, 31.927808513], [73.105591546, 31.928123622], [73.106261109, 31.928411721], [73.107031633, 31.928891481], [73.10739950300001, 31.929120531], [73.107904027, 31.929471166], [73.109319645, 31.92976679], [73.110471615, 31.930007599], [73.11243726500001, 31.930079279], [73.113000379, 31.929799909], [73.113736581, 31.929434659], [73.114193109, 31.929167487], [73.114701554, 31.928844824], [73.115388494, 31.92840886], [73.115821534, 31.927739662], [73.116513067, 31.926671009], [73.116792614, 31.926121081], [73.117101657, 31.925515553], [73.118125722, 31.92397611], [73.119560128, 31.92300299], [73.121420917, 31.922292331], [73.123121597, 31.922132221], [73.124600365, 31.922108791], [73.125211817, 31.9220991], [73.125998624, 31.922062627], [73.12795129700001, 31.921972118], [73.1300806, 31.921160847], [73.130906796, 31.920539235], [73.13140935700001, 31.92016112], [73.131843659, 31.919920028], [73.13234856400001, 31.919639818], [73.134070687, 31.919148701], [73.135610418, 31.919348374], [73.13606981400001, 31.919495686], [73.13741477100001, 31.919570916], [73.13896657, 31.919657865], [73.141977087, 31.918387765], [73.142855171, 31.917739095], [73.144219231, 31.916731418], [73.147261295, 31.915841049], [73.149132296, 31.915634334], [73.151061012, 31.915421243], [73.15220398400001, 31.915012248], [73.15332017, 31.914612839], [73.155224752, 31.913924835], [73.155839019, 31.91370294], [73.15645913, 31.913294276], [73.15703508, 31.912914721], [73.157458902, 31.912635418], [73.158080904, 31.912124271], [73.15895041600001, 31.911371588], [73.15910220900001, 31.910930804], [73.1592533, 31.910447668], [73.159261293, 31.909243653], [73.159278, 31.907299916], [73.159460998, 31.903507688], [73.159735201, 31.901908524], [73.160010594, 31.90030242], [73.160308656, 31.899176157], [73.160651096, 31.897882205], [73.16094548215224, 31.89673489304342], [73.16050979185894, 31.896399351468105], [73.15449405752845, 31.892924643048566], [73.14891254689546, 31.890775376816077], [73.14319104515117, 31.89518172173117], [73.14312037278073, 31.895231051752898], [73.14304539274424, 31.8952735491542], [73.14296676359399, 31.89530884067893], [73.14288517593249, 31.895336616360396], [73.14280134634704, 31.895356632243832], [73.14271601111577, 31.895368712529038], [73.14262991974095, 31.895372751114454], [73.13649903130164, 31.895372751114454], [73.13641009497306, 31.89536844056389], [73.13632199237802, 31.895355549321447], [73.13623554943418, 31.89533419823607], [73.13615157650084, 31.895304587463485], [73.13607086078218, 31.895266994589846], [73.13599415894763, 31.89522177202951], [73.13592219003846, 31.89516934372133], [73.13585562872713, 31.895110201154427], [73.13579509899259, 31.895044898760727], [73.13574116827077, 31.89497404871746], [73.13569434213517, 31.89489831520829], [73.13565505955737, 31.89481840819691], [73.13421678993936, 31.891495410686257], [73.12827429534228, 31.886918870815936], [73.12820328038487, 31.886858192003498], [73.12813878699097, 31.886790622449716], [73.12808148051562, 31.886716859245233], [73.12803195216897, 31.886637663378345], [73.12799071291705, 31.88655385188417], [73.12795818821033, 31.886466289415573], [73.12793471359443, 31.886375879322866], [73.12792053124848, 31.88628355433428], [73.1279157874866, 31.886190266933323], [73.1279157874866, 31.881468637838903], [73.12792035237618, 31.881377121663252], [73.12793400172637, 31.881286514026364], [73.1279566000315, 31.881197714447374], [73.1279879229439, 31.88111160449568], [73.12802765950131, 31.881029039039053], [73.12807541521387, 31.880950837756828], [73.1281307159805, 31.880877777002436], [73.12819301279565, 31.880810582096036], [73.12826168719954, 31.88074992012383], [73.1283360574181, 31.88069639331545], [73.12841538513126, 31.88065053306527], [73.13251395381609, 31.878546224547367], [73.13251395381609, 31.870488569634333], [73.12260396138798, 31.86939827534508], [73.12252581887688, 31.86938625918244], [73.1224489972123, 31.86936757571223], [73.12237406417267, 31.869342363021417], [73.11011228729404, 31.864620733926998], [73.11002879958441, 31.86458372657816], [73.10994939391493, 31.864538621354757], [73.109874853309, 31.86448586304173], [73.1098059128154, 31.864425971891546], [73.10974325225996, 31.864359538493947], [73.10968748954163, 31.864287217952118], [73.10963917453948, 31.86420972342267], [73.10959878369027, 31.864127819083187], [73.10806606158044, 31.860586597262373], [73.10803325343983, 31.860498763896626], [73.10800955917657, 31.86040804644452], [73.10799522508577, 31.860315387888143], [73.10799040016623, 31.860221751386817], [73.10799513457162, 31.860128110265325], [73.10800937908914, 31.86003543789647], [73.10803298565109, 31.85994469758315], [73.10806570887397, 31.859856832545088], [73.10810720860918, 31.859772756114353], [73.10815705347882, 31.85969334224151], [73.10821472535963, 31.85961941641116], [73.11105584427848, 31.85633733668958], [73.11105584427848, 31.854319270545993], [73.11106063526245, 31.854225521183647], [73.11107495829548, 31.854132748627404], [73.11109866414108, 31.85404191950569], [73.1111315058001, 31.853953980197637], [73.11266422790993, 31.850412758376823], [73.11270545504009, 31.850329354588546], [73.11275489813728, 31.850250543115397], [73.11281205115907, 31.850177130580626], [73.11287632915308, 31.85010986835017], [73.11294707424399, 31.850049444842565], [73.12178489904728, 31.843243101661532], [73.12178489904728, 31.840497131666357], [73.11900448177913, 31.837285174900735], [73.11447979635382, 31.83380054350372], [73.11440128525578, 31.83373268955948], [73.11433091829353, 31.833656422653902], [73.11426959141045, 31.833572713851055], [73.11273686930062, 31.831211899303845], [73.112692431888, 31.831135681660662], [73.11265550256722, 31.831055556520784], [73.11262642122514, 31.830972261332956], [73.11260545551806, 31.830886562722117], [73.11259279840831, 31.830799249433635], [73.11258856638831, 31.830711125073897], [73.11258856638831, 31.827512651656704], [73.10974744746946, 31.824230571935125], [73.10968981204378, 31.82415669809304], [73.10963999266708, 31.824077343089787], [73.10959850649735, 31.823993330682626], [73.10956578418838, 31.823905532975758], [73.10954216541931, 31.82381486136728], [73.10952789536856, 31.823722257088285], [73.10952312216865, 31.823628681432268], [73.10952312216865, 31.82126786688506], [73.10952609679099, 31.82119395968014], [73.10953500141474, 31.821120530591948], [73.1109935240362, 31.81213442306442], [73.10676422886733, 31.807791569481644], [73.1041060966005, 31.80574444127631], [73.10012524145519, 31.806766376985458], [73.0972093818563, 31.80901199075802], [73.09713870948586, 31.809061320779747], [73.09706372944937, 31.80910381818105], [73.09698510029912, 31.80913910970578], [73.09690351263762, 31.809166885387246], [73.09681968305217, 31.80918690127068], [73.0967343478209, 31.809198981555888], [73.09664825644609, 31.809203020141304], [73.09071956957467, 31.809203020141304], [73.08323951180913, 31.812659425397086], [73.08314709265139, 31.81269620482279], [73.08305124180472, 31.812722787562812], [73.0829530806153, 31.812738862629267], [73.08285375745763, 31.81274424196212], [73.08010139293893, 31.81274424196212], [73.07728399442853, 31.814914027126044], [73.07721332205809, 31.81496335714777], [73.0771383420216, 31.815005854549074], [73.07705971287135, 31.815041146073803], [73.07697812520985, 31.81506892175527], [73.0768942956244, 31.815088937638706], [73.07680896039312, 31.81510101792391], [73.07672286901831, 31.815105056509328], [73.07365742479865, 31.815105056509328], [73.07357133342384, 31.81510101792391], [73.07348599819257, 31.815088937638706], [73.07340216860712, 31.81506892175527], [73.07332058094562, 31.815041146073803], [73.07324195179537, 31.815005854549074], [73.07316697175888, 31.81496335714777], [73.07309629938844, 31.814914027126044], [73.0704402418638, 31.81286849675816], [73.06785700449984, 31.81386322116199], [73.06776756142196, 31.813892502455882], [73.06767559403819, 31.81391248891825], [73.0675820655422, 31.813922971226685], [73.06748795547746, 31.813923839597784], [73.06739424947837, 31.81391508493692], [73.06730192894743, 31.813896798933477], [73.06721196077689, 31.813869173100603], [73.0671252872222, 31.81383249676941], [73.0670428160336, 31.813787154058794], [73.06696541094912, 31.81373361985244], [73.06261529032889, 31.81038342741491], [73.05997908333418, 31.81038342741491], [73.0508952600826, 31.812715359378647], [73.05079575303058, 31.812735126718728], [73.05069467411448, 31.812743813136617], [73.05059325345559, 31.812741312919396], [73.05049272533418, 31.81272765649448], [73.04444797974918, 31.811563834688513], [73.03227392783327, 31.811563834688513], [73.0321837880104, 31.811559406402978], [73.0320945162833, 31.811546164193178], [73.03200697238749, 31.811524235588834], [73.03192199941856, 31.811493831774396], [73.03184041571265, 31.811455245555212], [73.03176300696545, 31.81140884853767], [73.0316905186655, 31.811355087550414], [73.03162364891475, 31.811294480341136], [73.03156304170547, 31.811227610590393], [73.03150928071821, 31.811155122290444], [73.03146288370067, 31.811077713543234], [73.0314242974815, 31.810996129837328], [73.03139389366706, 31.8109111568684], [73.03137196506272, 31.810823612972595], [73.03135872285291, 31.81073434124549], [73.03135429456738, 31.810644201422615], [73.03135429456738, 31.801653446655795], [73.02404919187391, 31.796027510748367], [73.023978446783, 31.79596708724076], [73.02391416878899, 31.795899825010306], [73.0238570157672, 31.795826412475535], [73.02380757267001, 31.795747601002386], [73.02376634553985, 31.79566419721411], [73.02223362343003, 31.792122975393294], [73.022200781771, 31.79203503608524], [73.0221770759254, 31.791944206963528], [73.02216275289237, 31.791851434407285], [73.0221579619084, 31.79175768504494], [73.0221579619084, 31.789849373919747], [73.01816634914385, 31.786775281942813], [73.01388126251533, 31.786775281942813], [73.01379674790954, 31.786771390248077], [73.01371294859985, 31.786759748101534], [73.01363057382841, 31.786740454037428], [73.01355032078065, 31.786713671352604], [73.01347286868466, 31.786679626724446], [73.01339887306241, 31.786638608292385], [73.00591141743406, 31.782025510052165], [72.99538802627218, 31.78086772982472], [72.99529029565238, 31.78085161110677], [72.99519486548832, 31.78082507488803], [72.99510284284588, 31.780788429009757], [72.98751523002544, 31.77728232442428], [72.98299815338737, 31.776122733896898], [72.98291645646617, 31.776097661920897], [72.98283743959283, 31.7760651146531], [72.98276178509231, 31.776025373145032], [72.98269014625485, 31.775978780571783], [72.98262314169476, 31.775925739268633], [72.9825613500085, 31.7758667072568], [72.9825053047784, 31.775802194288353], [72.98245548996516, 31.77573275744442], [72.98092276785533, 31.77337194289721], [72.9808783304427, 31.773295725254027], [72.98084140112194, 31.77321560011415], [72.98081231977986, 31.77313230492632], [72.98079135407278, 31.773046606315482], [72.98077869696303, 31.772959293027], [72.98077446494302, 31.772871168667262], [72.98077446494302, 31.769782450268465], [72.97653480646922, 31.766517328908247], [72.97645629537118, 31.766449474964006], [72.97638592840893, 31.76637320805843], [72.97632460152585, 31.76628949925558], [72.97479187941602, 31.76392868470837], [72.97474744200339, 31.76385246706519], [72.97471051268262, 31.76377234192531], [72.97468143134054, 31.763689046737483], [72.97466046563346, 31.763603348126644], [72.97464780852371, 31.76351603483816], [72.97464357650371, 31.763427910478423], [72.97464357650371, 31.754437155711603], [72.9721095676029, 31.75248561960554], [72.96619300929359, 31.75134647826703], [72.96610494554456, 31.75132497297962], [72.96601942691892, 31.751294901964492], [72.96593728437975, 31.75125655741416], [72.96585931608551, 31.751210311913017], [72.9657862796346, 31.751156614817013], [72.9657188847039, 31.75109598788737], [72.96565778615307, 31.751029020220784], [72.96560357766144, 31.750956362525287], [72.96555678595931, 31.750878720797502], [72.96551786570994, 31.750796849462652], [72.96548719509164, 31.75071154404398], [72.96546507212314, 31.75062363343287], [72.96545171176776, 31.750533971834706], [72.96544724384474, 31.75044343046877], [72.96544724384474, 31.745912282323378], [72.96404633143567, 31.74267559541175], [72.96107340281606, 31.73924124823558], [72.96101576739038, 31.739167374393496], [72.96096594801368, 31.73908801939024], [72.96092446184394, 31.73900400698308], [72.96089173953497, 31.738916209276212], [72.96086812076591, 31.738825537667733], [72.96085385071515, 31.73873293338874], [72.96084907751525, 31.738639357732723], [72.96084907751525, 31.733189824786717], [72.9568574647507, 31.730115732809782], [72.94950693390251, 31.730115732809782], [72.94942254564725, 31.73011185276726], [72.94933886948024, 31.730100245380413], [72.94925661148095, 31.730081008595146], [72.94917646576201, 31.73005430473605], [72.94611102154235, 31.728873897462446], [72.94603009103018, 31.728838174180304], [72.94595296738629, 31.728794840080077], [72.94588036427264, 31.728744296152893], [72.94288138284003, 31.72643466711201], [72.9384015559434, 31.72413461101384], [72.93559068720721, 31.72305223284494], [72.92508395107045, 31.72420818069169], [72.924996391982, 31.724213604385294], [72.92490871448723, 31.724210660351975], [72.924821716442, 31.724199375382113], [72.92473618951921, 31.724179852167744], [72.92465291200475, 31.724152268368027], [72.92158746778509, 31.722971861094422], [72.92150653727292, 31.72293613781228], [72.92142941362903, 31.722892803712053], [72.92135681051538, 31.72284225978487], [72.9137991092309, 31.717021788147694], [72.91085841301629, 31.715889417452793], [72.91076884553556, 31.71584931703426], [72.90617067920607, 31.71348850248705], [72.90609242904274, 31.713443337957326], [72.90601898832308, 31.713390713025017], [72.90595106589534, 31.713331135624827], [72.9058893173453, 31.71326518079655], [72.90583433866865, 31.713193485134763], [72.9057866605184, 31.71311674064445], [72.90574674308303, 31.713035688061773], [72.9043673340864, 31.709848682924086], [72.90166208035731, 31.708806973811164], [72.90158114984514, 31.708771250529022], [72.90150402620125, 31.708727916428796], [72.9014314230876, 31.70867737250161], [72.89851556348871, 31.70643175872905], [72.8896146140952, 31.704146772790477], [72.87931479655134, 31.704146772790477], [72.87649739804094, 31.706316557954402], [72.8764267256705, 31.70636588797613], [72.87635174563401, 31.706408385377433], [72.87627311648376, 31.70644367690216], [72.87619152882226, 31.706471452583628], [72.87610769923681, 31.706491468467064], [72.87602236400554, 31.70650354875227], [72.87593627263072, 31.706507587337686], [72.85656533684407, 31.706507587337686], [72.85613756419691, 31.706084267486016], [72.85945086916905, 31.709363083414697], [72.85674488619313, 31.707367885379135], [72.85633785079212, 31.706507587337686], [72.85294544098329, 31.706507587337686], [72.85286105272803, 31.706503707295163], [72.85277737656102, 31.706492099908317], [72.85269511856173, 31.70647286312305], [72.85261497284279, 31.706446159263955], [72.84954952862313, 31.70526575199035], [72.84946859811096, 31.705230028708208], [72.84939147446707, 31.70518669460798], [72.84931887135342, 31.705136150680797], [72.84496875073319, 31.701785958243267], [72.83315849246469, 31.701785958243267], [72.82562718541901, 31.704106016017462], [72.82554558031613, 31.70412711309186], [72.8254623863734, 31.704140649977024], [72.82537830245799, 31.70414651295693], [72.8252940349132, 31.704144652779878], [72.8252102916249, 31.704135085072195], [72.82512777607499, 31.704117890207005], [72.82086774966213, 31.703024287713497], [72.81658014596863, 31.705225651571816], [72.8165007053872, 31.70526178351163], [72.81641819751937, 31.705290222477814], [72.81633336540372, 31.705310712358422], [72.81624697301028, 31.705323068628367], [72.81615979836039, 31.70532718001116], [72.81607262652015, 31.705323009481045], [72.81598624253036, 31.705310594596444], [72.80985535409104, 31.70413018732284], [72.80977073549707, 31.704109698371944], [72.80968843367623, 31.704081299184583], [72.80960918628685, 31.70404524429821], [72.80520876733874, 31.701785958243267], [72.79930016713928, 31.701785958243267], [72.79921407576447, 31.70178191965785], [72.79912874053319, 31.701769839372645], [72.79904491094774, 31.70174982348921], [72.79896332328624, 31.701722047807742], [72.79888469413599, 31.701686756283014], [72.7988097140995, 31.70164425888171], [72.79873904172906, 31.701594928859983], [72.79107543117992, 31.69569289249196], [72.79100468608901, 31.695632468984353], [72.790940408095, 31.695565206753898], [72.79088325507321, 31.695491794219127], [72.79083381197601, 31.695412982745978], [72.79079258484586, 31.6953295789577], [72.78925986273603, 31.691788357136886], [72.78922911682007, 31.691706958244232], [72.78920620153981, 31.691623017902298], [72.78919132203713, 31.691537287560685], [72.78918461151609, 31.691450534693406], [72.78918613005052, 31.69136353592832], [72.78919586404626, 31.691277070094603], [72.78921372636272, 31.691191911250527], [72.79074644847255, 31.685289874882503], [72.79077218454769, 31.6852070458413], [72.79080560948677, 31.685127009792684], [72.79084642596433, 31.685050478682736], [72.79089427090486, 31.68497813328], [72.79094871871237, 31.68491061711981], [72.79100928505636, 31.68484853077987], [72.79107543117992, 31.684792426537893], [72.79531508965373, 31.681527305177674], [72.79531508965373, 31.678438586778878], [72.7953198334156, 31.67834529937792], [72.79533401576155, 31.678252974389334], [72.79535749037746, 31.678162564296628], [72.79539001508418, 31.67807500182803], [72.7954312543361, 31.677991190333856], [72.79548078268274, 31.677911994466967], [72.7955380891581, 31.677838231262484], [72.795602582552, 31.677770661708703], [72.7956735975094, 31.677709982896264], [72.79991325598321, 31.674444861536045], [72.79991325598321, 31.67298905383287], [72.7956735975094, 31.669723932472653], [72.79559508641137, 31.669656078528412], [72.79552471944912, 31.669579811622835], [72.79546339256603, 31.669496102819988], [72.7939306704562, 31.667135288272778], [72.79388623304358, 31.667059070629595], [72.79384930372281, 31.666978945489717], [72.79382022238073, 31.66689565030189], [72.79379925667365, 31.66680995169105], [72.7937865995639, 31.666722638402568], [72.7937823675439, 31.66663451404283], [72.7937823675439, 31.663093292222015], [72.79378711130578, 31.663000004821058], [72.79380129365173, 31.662907679832472], [72.79382476826763, 31.662817269739765], [72.79385729297435, 31.66272970727117], [72.79389853222627, 31.662645895776993], [72.79394806057292, 31.662566699910105], [72.79400536704827, 31.662492936705622], [72.79406986044216, 31.66242536715184], [72.79414087539958, 31.6623646883394], [72.79720631961924, 31.660003873792192], [72.79727699198968, 31.659954543770464], [72.79735197202616, 31.65991204636916], [72.79743060117642, 31.659876754844433], [72.79751218883791, 31.659848979162966], [72.79759601842336, 31.65982896327953], [72.79768135365464, 31.659816882994324], [72.79776744502945, 31.659812844408908], [72.8035852537678, 31.659812844408908], [72.80910958864219, 31.65555834515837], [72.80910958864219, 31.650451560615984], [72.80638514885052, 31.647304269408437], [72.8019455757377, 31.64502488061797], [72.80186929379995, 31.644980981388358], [72.80179755768047, 31.644929991138795], [72.80173102441701, 31.64487237689368], [72.80167030339385, 31.644808666347195], [72.79860485917419, 31.64126744452638], [72.79854718729338, 31.64119351869603], [72.79849734242374, 31.64111410482319], [72.79845584268853, 31.641030028392453], [72.79842311946565, 31.640942163354392], [72.7983995129037, 31.64085142304107], [72.79838526838618, 31.640758750672216], [72.79838053398079, 31.640665109550724], [72.79838535890033, 31.6405714730494], [72.79839969299113, 31.640478814493022], [72.79842338725439, 31.640388097040915], [72.798456195395, 31.64030026367517], [72.79975939337876, 31.63728933748878], [72.79707213706436, 31.634185000884752], [72.79701450163869, 31.63411112704267], [72.79696468226199, 31.634031772039414], [72.79692319609225, 31.633947759632253], [72.79689047378328, 31.633859961925385], [72.79686685501422, 31.633769290316906], [72.79685258496346, 31.633676686037912], [72.79684781176356, 31.633583110381895], [72.79684781176356, 31.62768107401387], [72.79685255552543, 31.627587786612914], [72.79686673787138, 31.627495461624328], [72.79689021248728, 31.62740505153162], [72.79692273719401, 31.627317489063024], [72.79696397644592, 31.62723367756885], [72.79701350479257, 31.62715448170196], [72.79707081126793, 31.627080718497478], [72.79713530466182, 31.627013148943696], [72.79720631961924, 31.626952470131258], [72.80014718366594, 31.62468759948761], [72.80144597809304, 31.622687098054467], [72.80144597809304, 31.620598630372243], [72.80145072185492, 31.620505342971285], [72.80146490420087, 31.6204130179827], [72.80148837881677, 31.620322607889992], [72.8015209035235, 31.620235045421396], [72.80156214277541, 31.62015123392722], [72.80161167112206, 31.620072038060332], [72.80166897759742, 31.61999827485585], [72.80173347099131, 31.619930705302068], [72.80180448594872, 31.61987002648963], [72.80438807495567, 31.61788030686841], [72.80300822535118, 31.612566934995012], [72.80299000050881, 31.61247950342021], [72.80298034257285, 31.612390716318536], [72.80297934263173, 31.61230141108202], [72.80298701011638, 31.612212429989473], [72.8030032727112, 31.612124612262555], [72.80302797703618, 31.612038786150684], [72.80306089009345, 31.611955761119443], [72.80310170146481, 31.611876320216133], [72.80315002623944, 31.611801212684494], [72.80320540864412, 31.61173114689824], [72.80326732634188, 31.611666783680064], [72.80333519535843, 31.611608730069115], [72.80340837558981, 31.611557533595732], [72.80348617683956, 31.61151367711743], [72.80356786532826, 31.611477574264843], [72.8094606042776, 31.609208463682876], [72.81382994373098, 31.603600141036363], [72.81531613860312, 31.600166416372605], [72.81535491198676, 31.600087430969012], [72.8154010564413, 31.60001251262297], [72.81545414954408, 31.59994234716354], [72.81551370526202, 31.59987757691019], [72.815579178401, 31.599818794792743], [72.81564996959672, 31.59976653892352], [72.8157254308015, 31.599721287671255], [72.81580487121677, 31.599683455281934], [72.81588756361681, 31.59965338808664], [72.81597275100614, 31.59963136133113], [72.81605965354923, 31.59961757665612], [72.81614747570941, 31.599612160251407], [72.81623541353154, 31.59961516170068], [72.81632266200167, 31.599626553527607], [72.81640842241639, 31.59964623144737], [72.81649190969449, 31.599674015321327], [72.8165723595639, 31.59970965080605], [72.816649035558, 31.599752811681707], [72.81672123575761, 31.599803102838347], [72.81885079494083, 31.601443156918158], [72.81991430493261, 31.598986009099], [72.81995358751041, 31.59890610208762], [72.82000041364601, 31.59883036857845], [72.82005434436783, 31.598759518535186], [72.82011487410237, 31.598694216141485], [72.8201814354137, 31.59863507357458], [72.82025340432287, 31.5985826452664], [72.82033010615743, 31.598537422706066], [72.82041082187608, 31.598499829832427], [72.82049479480942, 31.59847021905984], [72.82058123775326, 31.598448867974465], [72.8206693403483, 31.598435976732024], [72.82075827667688, 31.598431666181458], [72.82657608541524, 31.598431666181458], [72.83056769817979, 31.595357574204524], [72.83056769817979, 31.59261160420935], [72.82772657926094, 31.58932952448777], [72.82766894383526, 31.589255650645686], [72.82761912445856, 31.58917629564243], [72.82757763828883, 31.58909228323527], [72.82754491597986, 31.589004485528402], [72.8275212972108, 31.588913813919923], [72.82750702716004, 31.58882120964093], [72.82750225396013, 31.588727633984913], [72.82750225396013, 31.58427835175548], [72.82620345953303, 31.582277850322335], [72.82326259548633, 31.58001297967869], [72.82319158052891, 31.57995230086625], [72.82312708713502, 31.579884731312468], [72.82306978065967, 31.579810968107985], [72.82302025231301, 31.579731772241097], [72.8229790130611, 31.57964796074692], [72.82294648835438, 31.579560398278325], [72.82292301373847, 31.57946998818562], [72.82290883139252, 31.579377663197032], [72.82290408763065, 31.579284375796075], [72.82290408763065, 31.574562746701655], [72.82290883139252, 31.574469459300698], [72.82292301373847, 31.574377134312112], [72.82294648835438, 31.574286724219405], [72.8229790130611, 31.57419916175081], [72.82302025231301, 31.574115350256633], [72.82306978065967, 31.574036154389745], [72.82312708713502, 31.573962391185262], [72.82319158052891, 31.57389482163148], [72.82326259548633, 31.57383414281904], [72.82555648795154, 31.572067529462682], [72.82312841293145, 31.56926260083649], [72.82307077750578, 31.569188726994405], [72.82302095812908, 31.56910937199115], [72.82297947195934, 31.56902535958399], [72.82294674965037, 31.56893756187712], [72.8229231308813, 31.56884689026864], [72.82290886083055, 31.568754285989648], [72.82290408763065, 31.56866071033363], [72.82290408763065, 31.566299895786422], [72.82290886083055, 31.566206320130405], [72.8229231308813, 31.56611371585141], [72.82294674965037, 31.566023044242932], [72.82297947195934, 31.565935246536064], [72.82302095812908, 31.565851234128903], [72.82307077750578, 31.56577187912565], [72.82312841293145, 31.565698005283565], [72.82619385715111, 31.56215678346275], [72.82625423692639, 31.56209339843056], [72.82632036998287, 31.56203604166627], [72.82639165706841, 31.56198523289731], [72.82646745222863, 31.56194143251768], [72.82654706866009, 31.561905037416214], [72.8266297849336, 31.561876377380198], [72.82671485153138, 31.561855712107114], [72.8268014976386, 31.561843228851405], [72.82688893812801, 31.561839040727723], [72.82697638067422, 31.561843185685955], [72.82706303293324, 31.561855626167347], [72.83299127424011, 31.562997016885443], [72.8369531952483, 31.561979941808033], [72.83830697025056, 31.558852161796437], [72.83834819738071, 31.55876875800816], [72.83839764047791, 31.55868994653501], [72.8384547934997, 31.55861653400024], [72.8385190714937, 31.558549271769785], [72.83858981658462, 31.55848884826218], [72.84088370904983, 31.55672223490582], [72.83845563402974, 31.553917306279626], [72.83839796214893, 31.553843380449276], [72.8383481172793, 31.553763966576433], [72.83830661754408, 31.5536798901457], [72.8382738943212, 31.553592025107637], [72.83825028775925, 31.553501284794315], [72.83823604324174, 31.55340861242546], [72.83823130883634, 31.55331497130397], [72.83823613375588, 31.553221334802643], [72.83825046784668, 31.553128676246267], [72.83827416210994, 31.55303795879416], [72.83830697025056, 31.552950125428413], [72.83945914405136, 31.55028812754987], [72.8372877517445, 31.549451991874516], [72.83720350437443, 31.549414601149223], [72.83712342300535, 31.549368964979028], [72.83704831209012, 31.549315541799466], [72.83697892615113, 31.54925486827004], [72.83691596220089, 31.549187553883232], [72.83686005274015, 31.549114274841877], [72.83681175940421, 31.549035767266403], [72.83677156732105, 31.54895281980018], [72.83673988023793, 31.548866265687256], [72.83671701646561, 31.548776974402024], [72.83670320568086, 31.548685842915003], [72.83669858661911, 31.54859378668235], [72.83669858661911, 31.541656869673975], [72.83541715285224, 31.5377093472122], [72.83045400197791, 31.5377093472122], [72.82919321757961, 31.53965130272346], [72.82913966001702, 31.53972544376054], [72.82907900276301, 31.53979389814993], [72.82901184579546, 31.53985598879013], [72.82893885338271, 31.53991110152524], [72.82886074751312, 31.539958691219795], [72.82877830075371, 31.539998287150812], [72.82869232860843, 31.540029497663866], [72.82860368145178, 31.540052014047042], [72.82851323611763, 31.5400656135845], [72.82842188722603, 31.54007016175941], [72.8241368005975, 31.54007016175941], [72.82150779592934, 31.542094857699237], [72.82006952631133, 31.54541785520989], [72.82002840632717, 31.54550106725286], [72.81997910798346, 31.545579710564713], [72.81992213346453, 31.545652984034568], [72.81985806314913, 31.54572014125218], [72.81978754969832, 31.54578049811134], [72.81971131140705, 31.54583343977863], [72.8196301248871, 31.545878426956488], [72.81954481715611, 31.545915001376862], [72.81945625721298, 31.545942790469404], [72.81936534718571, 31.54596151115671], [72.81927301314175, 31.545970972737933], [72.81918019565452, 31.54597107883138], [72.81908784022207, 31.54596182835631], [72.81899688763568, 31.545943315543962], [72.81503884514163, 31.544927236130032], [72.81386599648133, 31.54673374636509], [72.81380466959824, 31.546817455167936], [72.81373430263599, 31.546893722073513], [72.81365579153795, 31.546961576017754], [72.8105903473183, 31.549322390564964], [72.81051704375705, 31.54937337323137], [72.81043914150412, 31.54941700674317], [72.81035737494324, 31.54945287976768], [72.81027251488698, 31.54948065413026], [72.81018536131023, 31.54950006800227], [72.81009673580891, 31.549510938369334], [72.81000747385472, 31.549513162756607], [72.80991841691922, 31.549506720194817], [72.80983040454123, 31.549491671417925], [72.80974426641257, 31.549468158290605], [72.80966081455652, 31.549436402470867], [72.80958083567289, 31.549396703320514], [72.80950508372183, 31.549349435083034], [72.8094342728162, 31.54929504335563], [72.80936907048972, 31.549234040888575], [72.80931009140407, 31.549167002751513], [72.8092578915545, 31.549094560912298], [72.80785855495509, 31.546939196819135], [72.80384457301301, 31.54487831726801], [72.80116335738961, 31.545910770053702], [72.80107391431173, 31.545940051347593], [72.80098194692796, 31.54596003780996], [72.80088841843197, 31.545970520118395], [72.80079430836723, 31.545971388489495], [72.80070060236814, 31.54596263382863], [72.8006082818372, 31.545944347825188], [72.80051831366666, 31.545916721992313], [72.80043164011197, 31.54588004566112], [72.80034916892338, 31.545834702950504], [72.8002717638389, 31.54578116874415], [72.7956735975094, 31.542239946923335], [72.795602582552, 31.542179268110896], [72.7955380891581, 31.542111698557115], [72.79548078268274, 31.54203793535263], [72.7954312543361, 31.541958739485743], [72.79539001508418, 31.541874927991568], [72.79535749037746, 31.54178736552297], [72.79533401576155, 31.541696955430265], [72.7953198334156, 31.54160463044168], [72.79531508965373, 31.54151134304072], [72.79531508965373, 31.538683492132087], [72.79140788965876, 31.53768046462873], [72.79131880984414, 31.537652710092967], [72.79123300077588, 31.537616072251474], [72.79115134573506, 31.537570928238196], [72.79107468524303, 31.53751774274591], [72.79100380840947, 31.537457063242858], [72.79093944480955, 31.53738951433737], [72.7908822569741, 31.5373157913484], [72.79083283356974, 31.53723665314823], [72.79079168333939, 31.53715291435095], [72.79075922986561, 31.5370654369272], [72.79073580721028, 31.536975121331405], [72.790721656476, 31.536882897232896], [72.79071692332424, 31.536789713946302], [72.79071692332424, 31.53488140282111], [72.7866501923136, 31.531749459441443], [72.77468888841929, 31.529446496296966], [72.77171116916236, 31.529446496296966], [72.77162239248452, 31.529442201244635], [72.7715344450513, 31.52942935620684], [72.77144814836157, 31.529408081166434], [72.7713643084949, 31.52937857484918], [72.77128370858216, 31.529341112867495], [72.77120710149055, 31.52929604514603], [72.77113520279109, 31.529243792653077], [72.7710686840747, 31.52918484346839], [72.77100816667902, 31.529119748224147], [72.77095421588454, 31.5290491149616], [72.7709073356345, 31.528973603451487], [72.77086796382765, 31.528893919031244], [72.77083646822793, 31.52881080601661], [72.76947139413225, 31.524605625230837], [72.76409901141781, 31.523571256444733], [72.75665469047671, 31.525864517703138], [72.75657430443147, 31.52588535771957], [72.75649236618032, 31.525898861258113], [72.75640954386503, 31.525904918208074], [72.75632651283618, 31.525903479179803], [72.75624395014628, 31.52589455590744], [72.74858033959714, 31.524714148633834], [72.74848915625863, 31.524695335374957], [72.74840034243373, 31.524667398939272], [72.74831480842792, 31.524630625663853], [72.74823343092991, 31.524585392459784], [72.74815704402587, 31.524532162948955], [72.7480864306504, 31.52447148271215], [72.74802231456182, 31.52440397369706], [72.74796535292391, 31.524330327843558], [72.7479161295702, 31.524251299991615], [72.74787514902002, 31.52416770014449], [72.74784283130728, 31.524080385166528], [72.74781950767539, 31.52399025000065], [72.74780541718202, 31.523898218495557], [72.74780070424903, 31.52380523393665], [72.74780070424903, 31.519536108264248], [72.7390687887104, 31.512811329814063], [72.73306264827613, 31.510498551845558], [72.73297840090606, 31.510461161120265], [72.73289831953699, 31.51041552495007], [72.73282320862175, 31.510362101770507], [72.73275382268277, 31.510301428241082], [72.73269085873252, 31.510234113854274], [72.73263494927178, 31.51016083481292], [72.73258665593585, 31.510082327237445], [72.73254646385269, 31.509999379771223], [72.73251477676956, 31.509912825658297], [72.73249191299725, 31.509823534373066], [72.7324781022125, 31.509732402886044], [72.73247348315074, 31.50964034665339], [72.73247348315074, 31.506660723576903], [72.72889388261179, 31.504822866392097], [72.72475790916788, 31.508008135988796], [72.7246848410988, 31.508058971247813], [72.72460720067122, 31.508102504341927], [72.72452571525842, 31.508138327431947], [72.72444114825537, 31.508166104909737], [72.72435429192687, 31.508185576542388], [72.72426595998525, 31.508196559910168], [72.7241769799671, 31.50819895211555], [72.72408818548048, 31.50819273074719], [72.72400040839533, 31.50817795408989], [72.72391447105007, 31.50815476057857], [72.72383117854754, 31.508123367501312], [72.7237513112124, 31.508084068963733], [72.72367561728069, 31.508037233133646], [72.72360480588996, 31.50798329879188], [72.72353954043577, 31.507922771221576], [72.72348043235662, 31.507856217474448], [72.72342803540575, 31.507784261058358], [72.72338284046324, 31.507707576096006], [72.72334527093734, 31.507626881009408], [72.7233156787976, 31.507542931789377], [72.7232943412776, 31.507456514913027], [72.72328145827758, 31.507368439975682], [72.72327715049177, 31.507279532106182], [72.72327715049177, 31.504190813707385], [72.71903749201796, 31.500925692347167], [72.71896647706055, 31.500865013534728], [72.71890198366665, 31.500797443980947], [72.7188446771913, 31.500723680776463], [72.71879514884465, 31.500644484909575], [72.71875390959273, 31.5005606734154], [72.71872138488601, 31.500473110946803], [72.71869791027011, 31.500382700854097], [72.71868372792416, 31.50029037586551], [72.71867898416228, 31.500197088464553], [72.71867898416228, 31.497108370065757], [72.71622009350756, 31.495214685362427], [72.71346772898886, 31.495214685362427], [72.71337758916599, 31.49521025707689], [72.71328831743888, 31.49519701486709], [72.71320077354308, 31.495175086262748], [72.71311580057414, 31.49514468244831], [72.71303421686824, 31.495106096229126], [72.71295680812104, 31.495059699211584], [72.71288431982109, 31.495005938224327], [72.71281745007033, 31.49494533101505], [72.71275684286105, 31.494878461264307], [72.7127030818738, 31.494805972964357], [72.71265668485626, 31.494728564217148], [72.71261809863708, 31.49464698051124], [72.71258769482264, 31.494562007542314], [72.7125657662183, 31.494474463646508], [72.7125525240085, 31.494385191919402], [72.71254809572297, 31.49429505209653], [72.71254809572297, 31.49020475901985], [72.7100718166287, 31.48925122092067], [72.70999088611653, 31.48921549763853], [72.70991376247264, 31.489172163538303], [72.70984115935899, 31.48912161961112], [72.70677571513933, 31.48676080506391], [72.70670470018192, 31.48670012625147], [72.70664020678802, 31.48663255669769], [72.70658290031267, 31.486558793493206], [72.70653337196602, 31.486479597626317], [72.7064921327141, 31.486395786132142], [72.70645960800738, 31.486308223663546], [72.70643613339148, 31.48621781357084], [72.70642195104553, 31.486125488582253], [72.70641720728365, 31.486032201181295], [72.70641720728365, 31.484232985378412], [72.70231863859883, 31.48212867686051], [72.7022403884355, 31.482083512330785], [72.70216694771584, 31.482030887398476], [72.70209902528809, 31.481971309998286], [72.70203727673805, 31.48190535517001], [72.70198229806141, 31.481833659508222], [72.70193461991116, 31.481756915017908], [72.70189470247578, 31.48167586243523], [72.70036198036595, 31.478134640614417], [72.70033016754488, 31.47804993312163], [72.7003068331402, 31.477962509323508], [72.70029220305084, 31.477873215564458], [72.7002864189098, 31.477782916291858], [72.70028953671299, 31.4776924856874], [72.70030152627716, 31.477602799204185], [72.70032227153206, 31.477514725091538], [72.70035157164416, 31.47742911598951], [72.70038914296089, 31.477346800674535], [72.70043462175664, 31.477268576036114], [72.70196734386647, 31.474907761488904], [72.70202867074956, 31.474824052686056], [72.7020990377118, 31.47474778578048], [72.70217754880984, 31.47467993183624], [72.70652596705376, 31.471331050463103], [72.70791198668955, 31.465993919717224], [72.70646213961511, 31.461527591421138], [72.70643794036415, 31.461437823100372], [72.70642292855561, 31.461346070167092], [72.70641725762157, 31.461253270405955], [72.70642098552327, 31.46116037230097], [72.70643407415875, 31.461068325341312], [72.70645638975219, 31.4609780703168], [72.7064877042213, 31.46089052970231], [72.70652769750842, 31.460806598229393], [72.7065759608518, 31.46072713374143], [72.7066320009634, 31.460652948425825], [72.70669524507075, 31.460584800512827], [72.70676504677105, 31.460523386525857], [72.70684069263793, 31.460469334162486], [72.70692140951317, 31.460423195878914], [72.70700637240904, 31.46038544324343], [72.7100718166287, 31.459205035969823], [72.71015196234764, 31.459178332110728], [72.71023422034693, 31.45915909532546], [72.71031789651394, 31.459147487938615], [72.7104022847692, 31.45914360789609], [72.71756650267629, 31.45914360789609], [72.71882728707459, 31.457201652384832], [72.71888084463718, 31.457127511347753], [72.7189415018912, 31.45705905695836], [72.71900865885874, 31.45699696631816], [72.7190816512715, 31.45694185358305], [72.71915975714109, 31.456894263888497], [72.71924220390049, 31.45685466795748], [72.71932817604578, 31.456823457444425], [72.71941682320242, 31.45680094106125], [72.71950726853657, 31.456787341523793], [72.71959861742818, 31.456782793348882], [72.72541642616653, 31.456782793348882], [72.7274622729225, 31.455207209375807], [72.7250341979024, 31.452402280749613], [72.7249581755139, 31.452301164476705], [72.72342545340408, 31.449940349929495], [72.72338101599145, 31.44986413228631], [72.72334408667068, 31.449784007146434], [72.7233150053286, 31.449700711958606], [72.72329403962152, 31.449615013347767], [72.72328138251177, 31.449527700059285], [72.72327715049177, 31.449439575699547], [72.72327715049177, 31.445170450027145], [72.72057021412779, 31.44308573594053], [72.72049919917038, 31.443025057128093], [72.72043470577648, 31.44295748757431], [72.72037739930113, 31.44288372436983], [72.72032787095448, 31.44280452850294], [72.72028663170256, 31.442720717008765], [72.72025410699584, 31.442633154540168], [72.72023063237994, 31.44254274444746], [72.72021645003399, 31.442450419458876], [72.72021170627211, 31.442357132057918], [72.72021170627211, 31.440268664375694], [72.71898974165755, 31.438386502032156], [72.71620270506801, 31.43731330088206], [72.71611921735838, 31.437276293533223], [72.7160398116889, 31.43723118830982], [72.71596527108296, 31.43717842999679], [72.71589633058937, 31.437118538846608], [72.71583367003393, 31.43705210544901], [72.7157779073156, 31.43697978490718], [72.71572959231345, 31.436902290377734], [72.71568920146424, 31.43682038603825], [72.71434947402044, 31.433725061695036], [72.70895428317606, 31.43268630155803], [72.70306914236056, 31.43495248633485], [72.70298899664162, 31.434979190193946], [72.70290673864233, 31.434998426979213], [72.70282306247532, 31.43501003436606], [72.70273867422006, 31.435013914408582], [72.69814050789057, 31.435013914408582], [72.69805304126348, 31.435009745469074], [72.69796636765484, 31.434997276448346], [72.69788127289321, 31.4349766203971], [72.69779852849244, 31.43494796459397], [72.69771888465682, 31.434911568847536], [72.69764306347925, 31.434867763140787], [72.69757175239442, 31.434816944639305], [72.69750559794616, 31.434759574090364], [72.69744519992548, 31.43469617164554], [72.69458830237693, 31.4313958643446], [72.68263941897524, 31.42909529257292], [72.68255612100283, 31.429075189337176], [72.68247505577568, 31.429047420267267], [72.68239692711217, 31.429012226457694], [72.682322413335, 31.428969913465483], [72.68225216138207, 31.428920848657274], [72.67612127294275, 31.424199219562855], [72.67604276184471, 31.424131365618614], [72.67597239488246, 31.424055098713037], [72.67591106799938, 31.42397138991019], [72.67437834588955, 31.42161057536298], [72.67433390847692, 31.421534357719796], [72.67429697915615, 31.42145423257992], [72.67426789781408, 31.42137093739209], [72.674246932107, 31.421285238781252], [72.67423427499725, 31.42119792549277], [72.67423004297724, 31.42110980113303], [72.67423427499725, 31.421021676773293], [72.674246932107, 31.42093436348481], [72.67426789781408, 31.420848664873972], [72.67429697915615, 31.420765369686144], [72.67433390847692, 31.420685244546267], [72.67437834588955, 31.420609026903083], [72.6756723324649, 31.41861593088692], [72.67431949363525, 31.41444844146584], [72.66674023710053, 31.403941711594513], [72.66668834307421, 31.403861255101805], [72.66664509501646, 31.40377583939665], [72.66661096166334, 31.403686390241315], [72.66658631296283, 31.40359387711387], [72.66657141606534, 31.403499302700673], [72.6665664324281, 31.40340369202896], [72.6665664324281, 31.401358828011393], [72.66216244333135, 31.39570603036319], [72.66211232419508, 31.39563501567834], [72.66206913340824, 31.395559586445167], [72.66203325680173, 31.39548041648628], [72.6620050148676, 31.395398213040842], [72.661984659896, 31.395313710446704], [72.66197237372148, 31.3952276635804], [72.66196826609861, 31.395140841113726], [72.66196826609861, 31.39309597709616], [72.66171421177893, 31.392769882360394], [72.66156431, 31.393469614], [72.661449862, 31.393996585], [72.661267616, 31.394504868], [72.660685403, 31.396112696], [72.660472013, 31.396701597], [72.659317812, 31.398386698], [72.658331423, 31.399831859], [72.65621945, 31.400418481], [72.65580014800001, 31.400534947], [72.654956737, 31.400769213], [72.653688267, 31.401121544], [72.650728821, 31.401942641], [72.64904012, 31.402411171], [72.647478932, 31.40372512], [72.646309458, 31.404709389], [72.645852147, 31.40524724], [72.645450066, 31.405719857], [72.64435289500001, 31.407010539], [72.642796156, 31.407991861], [72.641241499, 31.40897187], [72.640003404, 31.409293096], [72.63627553500001, 31.410260298], [72.635040155, 31.41058082], [72.632167355, 31.410783108], [72.630531907, 31.410898268], [72.62785592, 31.411086763], [72.626540581, 31.411179318], [72.626004172, 31.411448651], [72.62560447300001, 31.411649239], [72.623765069, 31.412572647], [72.622650023, 31.413132785], [72.621773392, 31.414789707], [72.621079628, 31.416100987], [72.621062638, 31.417479334], [72.621031367, 31.420072252], [72.62099806, 31.423397616], [72.620293352, 31.425842675], [72.619793827, 31.427782149], [72.61977696000001, 31.42933117], [72.61975931, 31.43132107], [72.62043843500001, 31.432703873], [72.620715265, 31.433268546], [72.62088377100001, 31.43397189], [72.62140965200001, 31.436174801], [72.620460739, 31.437948469], [72.618949853, 31.438602173], [72.617245206, 31.439340695], [72.616553299, 31.441881976], [72.616652824, 31.442734854], [72.616709201, 31.443207717], [72.61679825, 31.443952486], [72.616907616, 31.444871928], [72.617669085, 31.446201639], [72.619187329, 31.447031479], [72.620779436, 31.447900875], [72.621829497, 31.448452472], [72.622490327, 31.448799373], [72.624582679, 31.449898208], [72.62494580500001, 31.452549923], [72.624246248, 31.453578852], [72.622523662, 31.456175411], [72.621011216, 31.460404489], [72.620040452, 31.462644198], [72.619472449, 31.463946285], [72.61767865, 31.46452312], [72.617006018, 31.464691025], [72.615530905, 31.465058709], [72.613541618, 31.467149387], [72.612407727, 31.468341068], [72.61125076, 31.468499253], [72.610082277, 31.468658291], [72.60932910800001, 31.46854456], [72.60776760600001, 31.468308766], [72.605850683, 31.46817518], [72.602357991, 31.467931788], [72.600620269, 31.468807712], [72.597414868, 31.471320798], [72.596130201, 31.471858492], [72.595452273, 31.471851225], [72.594580813, 31.471841882], [72.593612378, 31.471502375], [72.592659502, 31.471168323], [72.591741594, 31.470233588], [72.591440044, 31.46992651], [72.588068062, 31.466492718], [72.586689455, 31.465357239], [72.585999502, 31.464788964], [72.582122935, 31.4615958], [72.581169574, 31.460810833], [72.58084177500001, 31.460524551], [72.579202323, 31.459092768], [72.57493713400001, 31.455242684], [72.573528084, 31.454137505], [72.573132645, 31.453792193], [72.572530787, 31.45367251], [72.570268852, 31.453222709], [72.569662006, 31.453102034], [72.569252476, 31.453298588], [72.56780200300001, 31.453994792], [72.566940162, 31.454408394], [72.565713886, 31.455848919], [72.56463827600001, 31.457112155], [72.563831635, 31.458059731], [72.563023287, 31.459009606], [72.559895466, 31.462726237], [72.558450995, 31.464442684], [72.55621777, 31.467040843], [72.554587247, 31.468935083], [72.553230154, 31.470512106], [72.551921237, 31.471611744], [72.550613971, 31.472709994], [72.547671676, 31.475181852], [72.546146481, 31.476463187], [72.544639798, 31.477728969], [72.543784988, 31.479055951], [72.5433579, 31.479718753], [72.541882695, 31.482009014], [72.540550831, 31.483127804], [72.537802929, 31.485436092], [72.536891581, 31.486201641], [72.535648727, 31.486966834], [72.534843589, 31.487465324], [72.53436201400001, 31.487841557], [72.533174081, 31.488774124], [72.531856276, 31.49120432], [72.531552593, 31.49176992], [72.530616511, 31.494658076], [72.530346283, 31.4954919], [72.530077765, 31.496320705], [72.52987183, 31.496897982], [72.528650106, 31.499738103], [72.527960875, 31.501340456], [72.526405992, 31.502183484], [72.52116186900001, 31.505021897], [72.51988390000001, 31.505680323], [72.517381135, 31.506969784], [72.513152908, 31.509148264], [72.511230247, 31.510138863], [72.510489153, 31.510486679], [72.509376734, 31.511008768], [72.505798763, 31.512687814], [72.50500245100001, 31.513061739], [72.504200722, 31.51346432], [72.498581561, 31.51628594], [72.49818008000001, 31.516487541], [72.497221458, 31.516968907], [72.495804957, 31.517960769], [72.489065028, 31.522679611], [72.48829360500001, 31.52321971], [72.487670881, 31.523918691], [72.486320514, 31.525505733], [72.485502024, 31.526468273], [72.48469279000001, 31.529439032], [72.484674861, 31.530933246], [72.484665804, 31.531688109], [72.484637206, 31.534071463], [72.484475391, 31.53497298], [72.48407688, 31.53719319], [72.483806007, 31.538701209], [72.482737647, 31.539466316], [72.482083971, 31.539934903], [72.48107074100001, 31.540661405], [72.479525505, 31.54064782], [72.47770628900001, 31.540631889], [72.476118125, 31.540618307], [72.475024626, 31.540608811], [72.47447802500001, 31.540604064], [72.473987714, 31.540607424], [72.47298825700001, 31.540654861], [72.468300004, 31.540880122], [72.466012882, 31.54169578], [72.465581752, 31.541849534], [72.464823435, 31.541581921], [72.463742167, 31.541200213], [72.460668878, 31.539918219], [72.459024336, 31.540490809], [72.458273261, 31.542090228], [72.457350536, 31.544104883], [72.45698397000001, 31.544995885], [72.456913045, 31.545730257], [72.456720339, 31.547728186], [72.456593196, 31.549050666], [72.457233779, 31.550607496], [72.45960119, 31.556361096], [72.46010456, 31.557932914], [72.46106167900001, 31.560921601], [72.462072735, 31.564078457], [72.462578917, 31.565659308], [72.462313731, 31.567399222], [72.461319493, 31.57392253], [72.461021949, 31.57742345], [72.460873235, 31.579173223], [72.459594117, 31.580497085], [72.457743854, 31.582412074], [72.457338223, 31.582829279], [72.45587012300001, 31.584668518], [72.45531194, 31.585367526], [72.454191569, 31.586771418], [72.452714008, 31.587663926], [72.45234627900001, 31.58788605], [72.449390738, 31.589671319], [72.447172044, 31.591011501], [72.445930659, 31.592049429], [72.443479758, 31.594098637], [72.442472193, 31.594941066], [72.441882358, 31.595599232], [72.43952761300001, 31.59822677], [72.438940985, 31.598881357], [72.438511418, 31.59955302], [72.43810922505114, 31.60018187989364], [72.43511554942089, 31.61513003777353], [72.435061876, 31.619362711], [72.435041674, 31.620960142], [72.43519817500001, 31.622270001]], [[73.08719425753434, 31.8599228933625], [73.084266507993, 31.86034437299446], [73.09515608377279, 31.856961879132495], [73.09822802138943, 31.856304057177205], [73.08719425753434, 31.8599228933625]], [[73.08599173297016, 31.84707989338131], [73.08576931730184, 31.84564848977332], [73.08621033613144, 31.84667384390782], [73.08599173297016, 31.84707989338131]], [[73.082967753408, 31.839992630390935], [73.07658788715476, 31.839323960516047], [73.07935681540377, 31.839059818062477], [73.082967753408, 31.839992630390935]], [[73.07134725008908, 31.85676899473181], [73.07512351136548, 31.854573414227293], [73.07748562300003, 31.854182986265688], [73.07134725008908, 31.85676899473181]], [[73.06086536965428, 31.86725984246591], [73.06032208871275, 31.86721698442063], [73.06238778155458, 31.863006415512785], [73.06086536965428, 31.86725984246591]], [[73.05001249296677, 31.839042821149974], [73.04974293454123, 31.83841610676146], [73.05028178768524, 31.83794755650821], [73.05001249296677, 31.839042821149974]], [[73.03887210029939, 31.819960366346383], [73.04028951630544, 31.813607929310173], [73.04200696371089, 31.81262921205429], [73.03887210029939, 31.819960366346383]], [[73.01288043561281, 31.80281538000738], [73.0091614014007, 31.804886422435146], [73.01054635220952, 31.8031102393255], [73.01288043561281, 31.80281538000738]], [[72.95490569417048, 31.79797227049265], [72.9562637354177, 31.7955733855773], [72.95676909903801, 31.796956909953817], [72.95490569417048, 31.79797227049265]], [[72.95550023394007, 31.793483162095853], [72.95486333585863, 31.79299106018761], [72.95546145419094, 31.79337699551383], [72.95550023394007, 31.793483162095853]], [[72.93976490111778, 31.787061433191504], [72.93643647162251, 31.787041468804325], [72.9359779854193, 31.786712584289756], [72.93976490111778, 31.787061433191504]], [[72.90021805925512, 31.769720692178904], [72.89989196522427, 31.76946797291439], [72.89989432940345, 31.76920733225021], [72.90021805925512, 31.769720692178904]], [[72.88044704336045, 31.72484415845239], [72.8763417439192, 31.72181720467868], [72.87724705783857, 31.722013611988572], [72.88044704336045, 31.72484415845239]], [[72.78219999326734, 31.681765476733336], [72.77661001898954, 31.680997715454936], [72.78153207408256, 31.681331703527775], [72.78219999326734, 31.681765476733336]], [[72.67963219788746, 31.49002614299893], [72.67970321297373, 31.489861130383286], [72.68036959183128, 31.489452225869854], [72.67963219788746, 31.49002614299893]], [[72.67545801499568, 31.56354746661112], [72.66988357203594, 31.56488351575421], [72.67426638986174, 31.563239634514712], [72.67545801499568, 31.56354746661112]], [[72.65757809300399, 31.590020064040772], [72.66045468306903, 31.588885096181023], [72.65842972846634, 31.589993114125146], [72.65757809300399, 31.590020064040772]], [[72.63030263780114, 31.610444733350082], [72.63265544042348, 31.608764633642174], [72.630548861127, 31.610406245259313], [72.63030263780114, 31.610444733350082]], [[72.62323550176792, 31.611094105605716], [72.62443259702846, 31.611362301420822], [72.62362014864672, 31.611489298271966], [72.62323550176792, 31.611094105605716]], [[72.61952356993802, 31.602181028562764], [72.62065056105729, 31.608438294086543], [72.61960549575178, 31.60736457643211], [72.61952356993802, 31.602181028562764]], [[72.610393243562, 31.66383269743393], [72.6095743540656, 31.663991355007873], [72.60642378835051, 31.66296555047333], [72.610393243562, 31.66383269743393]], [[72.59207986857405, 31.577551423848263], [72.59216814281137, 31.57751148522384], [72.59226279380903, 31.57759957447474], [72.59207986857405, 31.577551423848263]], [[72.58278377319392, 31.646881221579243], [72.58095898386661, 31.644602305840703], [72.58231409173202, 31.645291452401793], [72.58278377319392, 31.646881221579243]]]]}}, {"type": "Feature", "properties": {"na": "NA-94", "src": "sheet-split: chiniot_na93_94.jpg, outline-fit", "approx": false, "rms_km": 1.105}, "geometry": {"type": "Polygon", "coordinates": [[[72.66196826609861, 31.395140841113726], [72.66197237372148, 31.3952276635804], [72.661984659896, 31.395313710446704], [72.6620050148676, 31.395398213040842], [72.66203325680173, 31.39548041648628], [72.66206913340824, 31.395559586445167], [72.66211232419508, 31.39563501567834], [72.66216244333135, 31.39570603036319], [72.6665664324281, 31.401358828011393], [72.6665664324281, 31.40340369202896], [72.66657141606534, 31.403499302700673], [72.66658631296283, 31.40359387711387], [72.66661096166334, 31.403686390241315], [72.66664509501646, 31.40377583939665], [72.66668834307421, 31.403861255101805], [72.66674023710053, 31.403941711594513], [72.67431949363525, 31.41444844146584], [72.6756723324649, 31.41861593088692], [72.67437834588955, 31.420609026903083], [72.67433390847692, 31.420685244546267], [72.67429697915615, 31.420765369686144], [72.67426789781408, 31.420848664873972], [72.674246932107, 31.42093436348481], [72.67423427499725, 31.421021676773293], [72.67423004297724, 31.42110980113303], [72.67423427499725, 31.42119792549277], [72.674246932107, 31.421285238781252], [72.67426789781408, 31.42137093739209], [72.67429697915615, 31.42145423257992], [72.67433390847692, 31.421534357719796], [72.67437834588955, 31.42161057536298], [72.67591106799938, 31.42397138991019], [72.67597239488246, 31.424055098713037], [72.67604276184471, 31.424131365618614], [72.67612127294275, 31.424199219562855], [72.68225216138207, 31.428920848657274], [72.682322413335, 31.428969913465483], [72.68239692711217, 31.429012226457694], [72.68247505577568, 31.429047420267267], [72.68255612100283, 31.429075189337176], [72.68263941897524, 31.42909529257292], [72.69458830237693, 31.4313958643446], [72.69744519992548, 31.43469617164554], [72.69750559794616, 31.434759574090364], [72.69757175239442, 31.434816944639305], [72.69764306347925, 31.434867763140787], [72.69771888465682, 31.434911568847536], [72.69779852849244, 31.43494796459397], [72.69788127289321, 31.4349766203971], [72.69796636765484, 31.434997276448346], [72.69805304126348, 31.435009745469074], [72.69814050789057, 31.435013914408582], [72.70273867422006, 31.435013914408582], [72.70282306247532, 31.43501003436606], [72.70290673864233, 31.434998426979213], [72.70298899664162, 31.434979190193946], [72.70306914236056, 31.43495248633485], [72.70895428317606, 31.43268630155803], [72.71434947402044, 31.433725061695036], [72.71568920146424, 31.43682038603825], [72.71572959231345, 31.436902290377734], [72.7157779073156, 31.43697978490718], [72.71583367003393, 31.43705210544901], [72.71589633058937, 31.437118538846608], [72.71596527108296, 31.43717842999679], [72.7160398116889, 31.43723118830982], [72.71611921735838, 31.437276293533223], [72.71620270506801, 31.43731330088206], [72.71898974165755, 31.438386502032156], [72.72021170627211, 31.440268664375694], [72.72021170627211, 31.442357132057918], [72.72021645003399, 31.442450419458876], [72.72023063237994, 31.44254274444746], [72.72025410699584, 31.442633154540168], [72.72028663170256, 31.442720717008765], [72.72032787095448, 31.44280452850294], [72.72037739930113, 31.44288372436983], [72.72043470577648, 31.44295748757431], [72.72049919917038, 31.443025057128093], [72.72057021412779, 31.44308573594053], [72.72327715049177, 31.445170450027145], [72.72327715049177, 31.449439575699547], [72.72328138251177, 31.449527700059285], [72.72329403962152, 31.449615013347767], [72.7233150053286, 31.449700711958606], [72.72334408667068, 31.449784007146434], [72.72338101599145, 31.44986413228631], [72.72342545340408, 31.449940349929495], [72.7249581755139, 31.452301164476705], [72.7250341979024, 31.452402280749613], [72.7274622729225, 31.455207209375807], [72.72541642616653, 31.456782793348882], [72.71959861742818, 31.456782793348882], [72.71950726853657, 31.456787341523793], [72.71941682320242, 31.45680094106125], [72.71932817604578, 31.456823457444425], [72.71924220390049, 31.45685466795748], [72.71915975714109, 31.456894263888497], [72.7190816512715, 31.45694185358305], [72.71900865885874, 31.45699696631816], [72.7189415018912, 31.45705905695836], [72.71888084463718, 31.457127511347753], [72.71882728707459, 31.457201652384832], [72.71756650267629, 31.45914360789609], [72.7104022847692, 31.45914360789609], [72.71031789651394, 31.459147487938615], [72.71023422034693, 31.45915909532546], [72.71015196234764, 31.459178332110728], [72.7100718166287, 31.459205035969823], [72.70700637240904, 31.46038544324343], [72.70692140951317, 31.460423195878914], [72.70684069263793, 31.460469334162486], [72.70676504677105, 31.460523386525857], [72.70669524507075, 31.460584800512827], [72.7066320009634, 31.460652948425825], [72.7065759608518, 31.46072713374143], [72.70652769750842, 31.460806598229393], [72.7064877042213, 31.46089052970231], [72.70645638975219, 31.4609780703168], [72.70643407415875, 31.461068325341312], [72.70642098552327, 31.46116037230097], [72.70641725762157, 31.461253270405955], [72.70642292855561, 31.461346070167092], [72.70643794036415, 31.461437823100372], [72.70646213961511, 31.461527591421138], [72.70791198668955, 31.465993919717224], [72.70652596705376, 31.471331050463103], [72.70217754880984, 31.47467993183624], [72.7020990377118, 31.47474778578048], [72.70202867074956, 31.474824052686056], [72.70196734386647, 31.474907761488904], [72.70043462175664, 31.477268576036114], [72.70038914296089, 31.477346800674535], [72.70035157164416, 31.47742911598951], [72.70032227153206, 31.477514725091538], [72.70030152627716, 31.477602799204185], [72.70028953671299, 31.4776924856874], [72.7002864189098, 31.477782916291858], [72.70029220305084, 31.477873215564458], [72.7003068331402, 31.477962509323508], [72.70033016754488, 31.47804993312163], [72.70036198036595, 31.478134640614417], [72.70189470247578, 31.48167586243523], [72.70193461991116, 31.481756915017908], [72.70198229806141, 31.481833659508222], [72.70203727673805, 31.48190535517001], [72.70209902528809, 31.481971309998286], [72.70216694771584, 31.482030887398476], [72.7022403884355, 31.482083512330785], [72.70231863859883, 31.48212867686051], [72.70641720728365, 31.484232985378412], [72.70641720728365, 31.486032201181295], [72.70642195104553, 31.486125488582253], [72.70643613339148, 31.48621781357084], [72.70645960800738, 31.486308223663546], [72.7064921327141, 31.486395786132142], [72.70653337196602, 31.486479597626317], [72.70658290031267, 31.486558793493206], [72.70664020678802, 31.48663255669769], [72.70670470018192, 31.48670012625147], [72.70677571513933, 31.48676080506391], [72.70984115935899, 31.48912161961112], [72.70991376247264, 31.489172163538303], [72.70999088611653, 31.48921549763853], [72.7100718166287, 31.48925122092067], [72.71254809572297, 31.49020475901985], [72.71254809572297, 31.49429505209653], [72.7125525240085, 31.494385191919402], [72.7125657662183, 31.494474463646508], [72.71258769482264, 31.494562007542314], [72.71261809863708, 31.49464698051124], [72.71265668485626, 31.494728564217148], [72.7127030818738, 31.494805972964357], [72.71275684286105, 31.494878461264307], [72.71281745007033, 31.49494533101505], [72.71288431982109, 31.495005938224327], [72.71295680812104, 31.495059699211584], [72.71303421686824, 31.495106096229126], [72.71311580057414, 31.49514468244831], [72.71320077354308, 31.495175086262748], [72.71328831743888, 31.49519701486709], [72.71337758916599, 31.49521025707689], [72.71346772898886, 31.495214685362427], [72.71622009350756, 31.495214685362427], [72.71867898416228, 31.497108370065757], [72.71867898416228, 31.500197088464553], [72.71868372792416, 31.50029037586551], [72.71869791027011, 31.500382700854097], [72.71872138488601, 31.500473110946803], [72.71875390959273, 31.5005606734154], [72.71879514884465, 31.500644484909575], [72.7188446771913, 31.500723680776463], [72.71890198366665, 31.500797443980947], [72.71896647706055, 31.500865013534728], [72.71903749201796, 31.500925692347167], [72.72327715049177, 31.504190813707385], [72.72327715049177, 31.507279532106182], [72.72328145827758, 31.507368439975682], [72.7232943412776, 31.507456514913027], [72.7233156787976, 31.507542931789377], [72.72334527093734, 31.507626881009408], [72.72338284046324, 31.507707576096006], [72.72342803540575, 31.507784261058358], [72.72348043235662, 31.507856217474448], [72.72353954043577, 31.507922771221576], [72.72360480588996, 31.50798329879188], [72.72367561728069, 31.508037233133646], [72.7237513112124, 31.508084068963733], [72.72383117854754, 31.508123367501312], [72.72391447105007, 31.50815476057857], [72.72400040839533, 31.50817795408989], [72.72408818548048, 31.50819273074719], [72.7241769799671, 31.50819895211555], [72.72426595998525, 31.508196559910168], [72.72435429192687, 31.508185576542388], [72.72444114825537, 31.508166104909737], [72.72452571525842, 31.508138327431947], [72.72460720067122, 31.508102504341927], [72.7246848410988, 31.508058971247813], [72.72475790916788, 31.508008135988796], [72.72889388261179, 31.504822866392097], [72.73247348315074, 31.506660723576903], [72.73247348315074, 31.50964034665339], [72.7324781022125, 31.509732402886044], [72.73249191299725, 31.509823534373066], [72.73251477676956, 31.509912825658297], [72.73254646385269, 31.509999379771223], [72.73258665593585, 31.510082327237445], [72.73263494927178, 31.51016083481292], [72.73269085873252, 31.510234113854274], [72.73275382268277, 31.510301428241082], [72.73282320862175, 31.510362101770507], [72.73289831953699, 31.51041552495007], [72.73297840090606, 31.510461161120265], [72.73306264827613, 31.510498551845558], [72.7390687887104, 31.512811329814063], [72.74780070424903, 31.519536108264248], [72.74780070424903, 31.52380523393665], [72.74780541718202, 31.523898218495557], [72.74781950767539, 31.52399025000065], [72.74784283130728, 31.524080385166528], [72.74787514902002, 31.52416770014449], [72.7479161295702, 31.524251299991615], [72.74796535292391, 31.524330327843558], [72.74802231456182, 31.52440397369706], [72.7480864306504, 31.52447148271215], [72.74815704402587, 31.524532162948955], [72.74823343092991, 31.524585392459784], [72.74831480842792, 31.524630625663853], [72.74840034243373, 31.524667398939272], [72.74848915625863, 31.524695335374957], [72.74858033959714, 31.524714148633834], [72.75624395014628, 31.52589455590744], [72.75632651283618, 31.525903479179803], [72.75640954386503, 31.525904918208074], [72.75649236618032, 31.525898861258113], [72.75657430443147, 31.52588535771957], [72.75665469047671, 31.525864517703138], [72.76409901141781, 31.523571256444733], [72.76947139413225, 31.524605625230837], [72.77083646822793, 31.52881080601661], [72.77086796382765, 31.528893919031244], [72.7709073356345, 31.528973603451487], [72.77095421588454, 31.5290491149616], [72.77100816667902, 31.529119748224147], [72.7710686840747, 31.52918484346839], [72.77113520279109, 31.529243792653077], [72.77120710149055, 31.52929604514603], [72.77128370858216, 31.529341112867495], [72.7713643084949, 31.52937857484918], [72.77144814836157, 31.529408081166434], [72.7715344450513, 31.52942935620684], [72.77162239248452, 31.529442201244635], [72.77171116916236, 31.529446496296966], [72.77468888841929, 31.529446496296966], [72.7866501923136, 31.531749459441443], [72.79071692332424, 31.53488140282111], [72.79071692332424, 31.536789713946302], [72.790721656476, 31.536882897232896], [72.79073580721028, 31.536975121331405], [72.79075922986561, 31.5370654369272], [72.79079168333939, 31.53715291435095], [72.79083283356974, 31.53723665314823], [72.7908822569741, 31.5373157913484], [72.79093944480955, 31.53738951433737], [72.79100380840947, 31.537457063242858], [72.79107468524303, 31.53751774274591], [72.79115134573506, 31.537570928238196], [72.79123300077588, 31.537616072251474], [72.79131880984414, 31.537652710092967], [72.79140788965876, 31.53768046462873], [72.79531508965373, 31.538683492132087], [72.79531508965373, 31.54151134304072], [72.7953198334156, 31.54160463044168], [72.79533401576155, 31.541696955430265], [72.79535749037746, 31.54178736552297], [72.79539001508418, 31.541874927991568], [72.7954312543361, 31.541958739485743], [72.79548078268274, 31.54203793535263], [72.7955380891581, 31.542111698557115], [72.795602582552, 31.542179268110896], [72.7956735975094, 31.542239946923335], [72.8002717638389, 31.54578116874415], [72.80034916892338, 31.545834702950504], [72.80043164011197, 31.54588004566112], [72.80051831366666, 31.545916721992313], [72.8006082818372, 31.545944347825188], [72.80070060236814, 31.54596263382863], [72.80079430836723, 31.545971388489495], [72.80088841843197, 31.545970520118395], [72.80098194692796, 31.54596003780996], [72.80107391431173, 31.545940051347593], [72.80116335738961, 31.545910770053702], [72.80384457301301, 31.54487831726801], [72.80785855495509, 31.546939196819135], [72.8092578915545, 31.549094560912298], [72.80931009140407, 31.549167002751513], [72.80936907048972, 31.549234040888575], [72.8094342728162, 31.54929504335563], [72.80950508372183, 31.549349435083034], [72.80958083567289, 31.549396703320514], [72.80966081455652, 31.549436402470867], [72.80974426641257, 31.549468158290605], [72.80983040454123, 31.549491671417925], [72.80991841691922, 31.549506720194817], [72.81000747385472, 31.549513162756607], [72.81009673580891, 31.549510938369334], [72.81018536131023, 31.54950006800227], [72.81027251488698, 31.54948065413026], [72.81035737494324, 31.54945287976768], [72.81043914150412, 31.54941700674317], [72.81051704375705, 31.54937337323137], [72.8105903473183, 31.549322390564964], [72.81365579153795, 31.546961576017754], [72.81373430263599, 31.546893722073513], [72.81380466959824, 31.546817455167936], [72.81386599648133, 31.54673374636509], [72.81503884514163, 31.544927236130032], [72.81899688763568, 31.545943315543962], [72.81908784022207, 31.54596182835631], [72.81918019565452, 31.54597107883138], [72.81927301314175, 31.545970972737933], [72.81936534718571, 31.54596151115671], [72.81945625721298, 31.545942790469404], [72.81954481715611, 31.545915001376862], [72.8196301248871, 31.545878426956488], [72.81971131140705, 31.54583343977863], [72.81978754969832, 31.54578049811134], [72.81985806314913, 31.54572014125218], [72.81992213346453, 31.545652984034568], [72.81997910798346, 31.545579710564713], [72.82002840632717, 31.54550106725286], [72.82006952631133, 31.54541785520989], [72.82150779592934, 31.542094857699237], [72.8241368005975, 31.54007016175941], [72.82842188722603, 31.54007016175941], [72.82851323611763, 31.5400656135845], [72.82860368145178, 31.540052014047042], [72.82869232860843, 31.540029497663866], [72.82877830075371, 31.539998287150812], [72.82886074751312, 31.539958691219795], [72.82893885338271, 31.53991110152524], [72.82901184579546, 31.53985598879013], [72.82907900276301, 31.53979389814993], [72.82913966001702, 31.53972544376054], [72.82919321757961, 31.53965130272346], [72.83045400197791, 31.5377093472122], [72.83541715285224, 31.5377093472122], [72.83669858661911, 31.541656869673975], [72.83669858661911, 31.54859378668235], [72.83670320568086, 31.548685842915003], [72.83671701646561, 31.548776974402024], [72.83673988023793, 31.548866265687256], [72.83677156732105, 31.54895281980018], [72.83681175940421, 31.549035767266403], [72.83686005274015, 31.549114274841877], [72.83691596220089, 31.549187553883232], [72.83697892615113, 31.54925486827004], [72.83704831209012, 31.549315541799466], [72.83712342300535, 31.549368964979028], [72.83720350437443, 31.549414601149223], [72.8372877517445, 31.549451991874516], [72.83945914405136, 31.55028812754987], [72.83830697025056, 31.552950125428413], [72.83827416210994, 31.55303795879416], [72.83825046784668, 31.553128676246267], [72.83823613375588, 31.553221334802643], [72.83823130883634, 31.55331497130397], [72.83823604324174, 31.55340861242546], [72.83825028775925, 31.553501284794315], [72.8382738943212, 31.553592025107637], [72.83830661754408, 31.5536798901457], [72.8383481172793, 31.553763966576433], [72.83839796214893, 31.553843380449276], [72.83845563402974, 31.553917306279626], [72.84088370904983, 31.55672223490582], [72.83858981658462, 31.55848884826218], [72.8385190714937, 31.558549271769785], [72.8384547934997, 31.55861653400024], [72.83839764047791, 31.55868994653501], [72.83834819738071, 31.55876875800816], [72.83830697025056, 31.558852161796437], [72.8369531952483, 31.561979941808033], [72.83299127424011, 31.562997016885443], [72.82706303293324, 31.561855626167347], [72.82697638067422, 31.561843185685955], [72.82688893812801, 31.561839040727723], [72.8268014976386, 31.561843228851405], [72.82671485153138, 31.561855712107114], [72.8266297849336, 31.561876377380198], [72.82654706866009, 31.561905037416214], [72.82646745222863, 31.56194143251768], [72.82639165706841, 31.56198523289731], [72.82632036998287, 31.56203604166627], [72.82625423692639, 31.56209339843056], [72.82619385715111, 31.56215678346275], [72.82312841293145, 31.565698005283565], [72.82307077750578, 31.56577187912565], [72.82302095812908, 31.565851234128903], [72.82297947195934, 31.565935246536064], [72.82294674965037, 31.566023044242932], [72.8229231308813, 31.56611371585141], [72.82290886083055, 31.566206320130405], [72.82290408763065, 31.566299895786422], [72.82290408763065, 31.56866071033363], [72.82290886083055, 31.568754285989648], [72.8229231308813, 31.56884689026864], [72.82294674965037, 31.56893756187712], [72.82297947195934, 31.56902535958399], [72.82302095812908, 31.56910937199115], [72.82307077750578, 31.569188726994405], [72.82312841293145, 31.56926260083649], [72.82555648795154, 31.572067529462682], [72.82326259548633, 31.57383414281904], [72.82319158052891, 31.57389482163148], [72.82312708713502, 31.573962391185262], [72.82306978065967, 31.574036154389745], [72.82302025231301, 31.574115350256633], [72.8229790130611, 31.57419916175081], [72.82294648835438, 31.574286724219405], [72.82292301373847, 31.574377134312112], [72.82290883139252, 31.574469459300698], [72.82290408763065, 31.574562746701655], [72.82290408763065, 31.579284375796075], [72.82290883139252, 31.579377663197032], [72.82292301373847, 31.57946998818562], [72.82294648835438, 31.579560398278325], [72.8229790130611, 31.57964796074692], [72.82302025231301, 31.579731772241097], [72.82306978065967, 31.579810968107985], [72.82312708713502, 31.579884731312468], [72.82319158052891, 31.57995230086625], [72.82326259548633, 31.58001297967869], [72.82620345953303, 31.582277850322335], [72.82750225396013, 31.58427835175548], [72.82750225396013, 31.588727633984913], [72.82750702716004, 31.58882120964093], [72.8275212972108, 31.588913813919923], [72.82754491597986, 31.589004485528402], [72.82757763828883, 31.58909228323527], [72.82761912445856, 31.58917629564243], [72.82766894383526, 31.589255650645686], [72.82772657926094, 31.58932952448777], [72.83056769817979, 31.59261160420935], [72.83056769817979, 31.595357574204524], [72.82657608541524, 31.598431666181458], [72.82075827667688, 31.598431666181458], [72.8206693403483, 31.598435976732024], [72.82058123775326, 31.598448867974465], [72.82049479480942, 31.59847021905984], [72.82041082187608, 31.598499829832427], [72.82033010615743, 31.598537422706066], [72.82025340432287, 31.5985826452664], [72.8201814354137, 31.59863507357458], [72.82011487410237, 31.598694216141485], [72.82005434436783, 31.598759518535186], [72.82000041364601, 31.59883036857845], [72.81995358751041, 31.59890610208762], [72.81991430493261, 31.598986009099], [72.81885079494083, 31.601443156918158], [72.81672123575761, 31.599803102838347], [72.816649035558, 31.599752811681707], [72.8165723595639, 31.59970965080605], [72.81649190969449, 31.599674015321327], [72.81640842241639, 31.59964623144737], [72.81632266200167, 31.599626553527607], [72.81623541353154, 31.59961516170068], [72.81614747570941, 31.599612160251407], [72.81605965354923, 31.59961757665612], [72.81597275100614, 31.59963136133113], [72.81588756361681, 31.59965338808664], [72.81580487121677, 31.599683455281934], [72.8157254308015, 31.599721287671255], [72.81564996959672, 31.59976653892352], [72.815579178401, 31.599818794792743], [72.81551370526202, 31.59987757691019], [72.81545414954408, 31.59994234716354], [72.8154010564413, 31.60001251262297], [72.81535491198676, 31.600087430969012], [72.81531613860312, 31.600166416372605], [72.81382994373098, 31.603600141036363], [72.8094606042776, 31.609208463682876], [72.80356786532826, 31.611477574264843], [72.80348617683956, 31.61151367711743], [72.80340837558981, 31.611557533595732], [72.80333519535843, 31.611608730069115], [72.80326732634188, 31.611666783680064], [72.80320540864412, 31.61173114689824], [72.80315002623944, 31.611801212684494], [72.80310170146481, 31.611876320216133], [72.80306089009345, 31.611955761119443], [72.80302797703618, 31.612038786150684], [72.8030032727112, 31.612124612262555], [72.80298701011638, 31.612212429989473], [72.80297934263173, 31.61230141108202], [72.80298034257285, 31.612390716318536], [72.80299000050881, 31.61247950342021], [72.80300822535118, 31.612566934995012], [72.80438807495567, 31.61788030686841], [72.80180448594872, 31.61987002648963], [72.80173347099131, 31.619930705302068], [72.80166897759742, 31.61999827485585], [72.80161167112206, 31.620072038060332], [72.80156214277541, 31.62015123392722], [72.8015209035235, 31.620235045421396], [72.80148837881677, 31.620322607889992], [72.80146490420087, 31.6204130179827], [72.80145072185492, 31.620505342971285], [72.80144597809304, 31.620598630372243], [72.80144597809304, 31.622687098054467], [72.80014718366594, 31.62468759948761], [72.79720631961924, 31.626952470131258], [72.79713530466182, 31.627013148943696], [72.79707081126793, 31.627080718497478], [72.79701350479257, 31.62715448170196], [72.79696397644592, 31.62723367756885], [72.79692273719401, 31.627317489063024], [72.79689021248728, 31.62740505153162], [72.79686673787138, 31.627495461624328], [72.79685255552543, 31.627587786612914], [72.79684781176356, 31.62768107401387], [72.79684781176356, 31.633583110381895], [72.79685258496346, 31.633676686037912], [72.79686685501422, 31.633769290316906], [72.79689047378328, 31.633859961925385], [72.79692319609225, 31.633947759632253], [72.79696468226199, 31.634031772039414], [72.79701450163869, 31.63411112704267], [72.79707213706436, 31.634185000884752], [72.79975939337876, 31.63728933748878], [72.798456195395, 31.64030026367517], [72.79842338725439, 31.640388097040915], [72.79839969299113, 31.640478814493022], [72.79838535890033, 31.6405714730494], [72.79838053398079, 31.640665109550724], [72.79838526838618, 31.640758750672216], [72.7983995129037, 31.64085142304107], [72.79842311946565, 31.640942163354392], [72.79845584268853, 31.641030028392453], [72.79849734242374, 31.64111410482319], [72.79854718729338, 31.64119351869603], [72.79860485917419, 31.64126744452638], [72.80167030339385, 31.644808666347195], [72.80173102441701, 31.64487237689368], [72.80179755768047, 31.644929991138795], [72.80186929379995, 31.644980981388358], [72.8019455757377, 31.64502488061797], [72.80638514885052, 31.647304269408437], [72.80910958864219, 31.650451560615984], [72.80910958864219, 31.65555834515837], [72.8035852537678, 31.659812844408908], [72.79776744502945, 31.659812844408908], [72.79768135365464, 31.659816882994324], [72.79759601842336, 31.65982896327953], [72.79751218883791, 31.659848979162966], [72.79743060117642, 31.659876754844433], [72.79735197202616, 31.65991204636916], [72.79727699198968, 31.659954543770464], [72.79720631961924, 31.660003873792192], [72.79414087539958, 31.6623646883394], [72.79406986044216, 31.66242536715184], [72.79400536704827, 31.662492936705622], [72.79394806057292, 31.662566699910105], [72.79389853222627, 31.662645895776993], [72.79385729297435, 31.66272970727117], [72.79382476826763, 31.662817269739765], [72.79380129365173, 31.662907679832472], [72.79378711130578, 31.663000004821058], [72.7937823675439, 31.663093292222015], [72.7937823675439, 31.66663451404283], [72.7937865995639, 31.666722638402568], [72.79379925667365, 31.66680995169105], [72.79382022238073, 31.66689565030189], [72.79384930372281, 31.666978945489717], [72.79388623304358, 31.667059070629595], [72.7939306704562, 31.667135288272778], [72.79546339256603, 31.669496102819988], [72.79552471944912, 31.669579811622835], [72.79559508641137, 31.669656078528412], [72.7956735975094, 31.669723932472653], [72.79991325598321, 31.67298905383287], [72.79991325598321, 31.674444861536045], [72.7956735975094, 31.677709982896264], [72.795602582552, 31.677770661708703], [72.7955380891581, 31.677838231262484], [72.79548078268274, 31.677911994466967], [72.7954312543361, 31.677991190333856], [72.79539001508418, 31.67807500182803], [72.79535749037746, 31.678162564296628], [72.79533401576155, 31.678252974389334], [72.7953198334156, 31.67834529937792], [72.79531508965373, 31.678438586778878], [72.79531508965373, 31.681527305177674], [72.79107543117992, 31.684792426537893], [72.79100928505636, 31.68484853077987], [72.79094871871237, 31.68491061711981], [72.79089427090486, 31.68497813328], [72.79084642596433, 31.685050478682736], [72.79080560948677, 31.685127009792684], [72.79077218454769, 31.6852070458413], [72.79074644847255, 31.685289874882503], [72.78921372636272, 31.691191911250527], [72.78919586404626, 31.691277070094603], [72.78918613005052, 31.69136353592832], [72.78918461151609, 31.691450534693406], [72.78919132203713, 31.691537287560685], [72.78920620153981, 31.691623017902298], [72.78922911682007, 31.691706958244232], [72.78925986273603, 31.691788357136886], [72.79079258484586, 31.6953295789577], [72.79083381197601, 31.695412982745978], [72.79088325507321, 31.695491794219127], [72.790940408095, 31.695565206753898], [72.79100468608901, 31.695632468984353], [72.79107543117992, 31.69569289249196], [72.79873904172906, 31.701594928859983], [72.7988097140995, 31.70164425888171], [72.79888469413599, 31.701686756283014], [72.79896332328624, 31.701722047807742], [72.79904491094774, 31.70174982348921], [72.79912874053319, 31.701769839372645], [72.79921407576447, 31.70178191965785], [72.79930016713928, 31.701785958243267], [72.80520876733874, 31.701785958243267], [72.80960918628685, 31.70404524429821], [72.80968843367623, 31.704081299184583], [72.80977073549707, 31.704109698371944], [72.80985535409104, 31.70413018732284], [72.81598624253036, 31.705310594596444], [72.81607262652015, 31.705323009481045], [72.81615979836039, 31.70532718001116], [72.81624697301028, 31.705323068628367], [72.81633336540372, 31.705310712358422], [72.81641819751937, 31.705290222477814], [72.8165007053872, 31.70526178351163], [72.81658014596863, 31.705225651571816], [72.82086774966213, 31.703024287713497], [72.82512777607499, 31.704117890207005], [72.8252102916249, 31.704135085072195], [72.8252940349132, 31.704144652779878], [72.82537830245799, 31.70414651295693], [72.8254623863734, 31.704140649977024], [72.82554558031613, 31.70412711309186], [72.82562718541901, 31.704106016017462], [72.83315849246469, 31.701785958243267], [72.84496875073319, 31.701785958243267], [72.84931887135342, 31.705136150680797], [72.84939147446707, 31.70518669460798], [72.84946859811096, 31.705230028708208], [72.84954952862313, 31.70526575199035], [72.85261497284279, 31.706446159263955], [72.85269511856173, 31.70647286312305], [72.85277737656102, 31.706492099908317], [72.85286105272803, 31.706503707295163], [72.85294544098329, 31.706507587337686], [72.85633785079212, 31.706507587337686], [72.85613756419691, 31.706084267486016], [72.85656533684407, 31.706507587337686], [72.87593627263072, 31.706507587337686], [72.87602236400554, 31.70650354875227], [72.87610769923681, 31.706491468467064], [72.87619152882226, 31.706471452583628], [72.87627311648376, 31.70644367690216], [72.87635174563401, 31.706408385377433], [72.8764267256705, 31.70636588797613], [72.87649739804094, 31.706316557954402], [72.87931479655134, 31.704146772790477], [72.8896146140952, 31.704146772790477], [72.89851556348871, 31.70643175872905], [72.9014314230876, 31.70867737250161], [72.90150402620125, 31.708727916428796], [72.90158114984514, 31.708771250529022], [72.90166208035731, 31.708806973811164], [72.9043673340864, 31.709848682924086], [72.90574674308303, 31.713035688061773], [72.9057866605184, 31.71311674064445], [72.90583433866865, 31.713193485134763], [72.9058893173453, 31.71326518079655], [72.90595106589534, 31.713331135624827], [72.90601898832308, 31.713390713025017], [72.90609242904274, 31.713443337957326], [72.90617067920607, 31.71348850248705], [72.91076884553556, 31.71584931703426], [72.91085841301629, 31.715889417452793], [72.9137991092309, 31.717021788147694], [72.92135681051538, 31.72284225978487], [72.92142941362903, 31.722892803712053], [72.92150653727292, 31.72293613781228], [72.92158746778509, 31.722971861094422], [72.92465291200475, 31.724152268368027], [72.92473618951921, 31.724179852167744], [72.924821716442, 31.724199375382113], [72.92490871448723, 31.724210660351975], [72.924996391982, 31.724213604385294], [72.92508395107045, 31.72420818069169], [72.93559068720721, 31.72305223284494], [72.9384015559434, 31.72413461101384], [72.94288138284003, 31.72643466711201], [72.94588036427264, 31.728744296152893], [72.94595296738629, 31.728794840080077], [72.94603009103018, 31.728838174180304], [72.94611102154235, 31.728873897462446], [72.94917646576201, 31.73005430473605], [72.94925661148095, 31.730081008595146], [72.94933886948024, 31.730100245380413], [72.94942254564725, 31.73011185276726], [72.94950693390251, 31.730115732809782], [72.9568574647507, 31.730115732809782], [72.96084907751525, 31.733189824786717], [72.96084907751525, 31.738639357732723], [72.96085385071515, 31.73873293338874], [72.96086812076591, 31.738825537667733], [72.96089173953497, 31.738916209276212], [72.96092446184394, 31.73900400698308], [72.96096594801368, 31.73908801939024], [72.96101576739038, 31.739167374393496], [72.96107340281606, 31.73924124823558], [72.96404633143567, 31.74267559541175], [72.96544724384474, 31.745912282323378], [72.96544724384474, 31.75044343046877], [72.96545171176776, 31.750533971834706], [72.96546507212314, 31.75062363343287], [72.96548719509164, 31.75071154404398], [72.96551786570994, 31.750796849462652], [72.96555678595931, 31.750878720797502], [72.96560357766144, 31.750956362525287], [72.96565778615307, 31.751029020220784], [72.9657188847039, 31.75109598788737], [72.9657862796346, 31.751156614817013], [72.96585931608551, 31.751210311913017], [72.96593728437975, 31.75125655741416], [72.96601942691892, 31.751294901964492], [72.96610494554456, 31.75132497297962], [72.96619300929359, 31.75134647826703], [72.9721095676029, 31.75248561960554], [72.97464357650371, 31.754437155711603], [72.97464357650371, 31.763427910478423], [72.97464780852371, 31.76351603483816], [72.97466046563346, 31.763603348126644], [72.97468143134054, 31.763689046737483], [72.97471051268262, 31.76377234192531], [72.97474744200339, 31.76385246706519], [72.97479187941602, 31.76392868470837], [72.97632460152585, 31.76628949925558], [72.97638592840893, 31.76637320805843], [72.97645629537118, 31.766449474964006], [72.97653480646922, 31.766517328908247], [72.98077446494302, 31.769782450268465], [72.98077446494302, 31.772871168667262], [72.98077869696303, 31.772959293027], [72.98079135407278, 31.773046606315482], [72.98081231977986, 31.77313230492632], [72.98084140112194, 31.77321560011415], [72.9808783304427, 31.773295725254027], [72.98092276785533, 31.77337194289721], [72.98245548996516, 31.77573275744442], [72.9825053047784, 31.775802194288353], [72.9825613500085, 31.7758667072568], [72.98262314169476, 31.775925739268633], [72.98269014625485, 31.775978780571783], [72.98276178509231, 31.776025373145032], [72.98283743959283, 31.7760651146531], [72.98291645646617, 31.776097661920897], [72.98299815338737, 31.776122733896898], [72.98751523002544, 31.77728232442428], [72.99510284284588, 31.780788429009757], [72.99519486548832, 31.78082507488803], [72.99529029565238, 31.78085161110677], [72.99538802627218, 31.78086772982472], [73.00591141743406, 31.782025510052165], [73.01339887306241, 31.786638608292385], [73.01347286868466, 31.786679626724446], [73.01355032078065, 31.786713671352604], [73.01363057382841, 31.786740454037428], [73.01371294859985, 31.786759748101534], [73.01379674790954, 31.786771390248077], [73.01388126251533, 31.786775281942813], [73.01816634914385, 31.786775281942813], [73.0221579619084, 31.789849373919747], [73.0221579619084, 31.79175768504494], [73.02216275289237, 31.791851434407285], [73.0221770759254, 31.791944206963528], [73.022200781771, 31.79203503608524], [73.02223362343003, 31.792122975393294], [73.02376634553985, 31.79566419721411], [73.02380757267001, 31.795747601002386], [73.0238570157672, 31.795826412475535], [73.02391416878899, 31.795899825010306], [73.023978446783, 31.79596708724076], [73.02404919187391, 31.796027510748367], [73.03135429456738, 31.801653446655795], [73.03135429456738, 31.810644201422615], [73.03135872285291, 31.81073434124549], [73.03137196506272, 31.810823612972595], [73.03139389366706, 31.8109111568684], [73.0314242974815, 31.810996129837328], [73.03146288370067, 31.811077713543234], [73.03150928071821, 31.811155122290444], [73.03156304170547, 31.811227610590393], [73.03162364891475, 31.811294480341136], [73.0316905186655, 31.811355087550414], [73.03176300696545, 31.81140884853767], [73.03184041571265, 31.811455245555212], [73.03192199941856, 31.811493831774396], [73.03200697238749, 31.811524235588834], [73.0320945162833, 31.811546164193178], [73.0321837880104, 31.811559406402978], [73.03227392783327, 31.811563834688513], [73.04444797974918, 31.811563834688513], [73.05049272533418, 31.81272765649448], [73.05059325345559, 31.812741312919396], [73.05069467411448, 31.812743813136617], [73.05079575303058, 31.812735126718728], [73.0508952600826, 31.812715359378647], [73.05997908333418, 31.81038342741491], [73.06261529032889, 31.81038342741491], [73.06696541094912, 31.81373361985244], [73.0670428160336, 31.813787154058794], [73.0671252872222, 31.81383249676941], [73.06721196077689, 31.813869173100603], [73.06730192894743, 31.813896798933477], [73.06739424947837, 31.81391508493692], [73.06748795547746, 31.813923839597784], [73.0675820655422, 31.813922971226685], [73.06767559403819, 31.81391248891825], [73.06776756142196, 31.813892502455882], [73.06785700449984, 31.81386322116199], [73.0704402418638, 31.81286849675816], [73.07309629938844, 31.814914027126044], [73.07316697175888, 31.81496335714777], [73.07324195179537, 31.815005854549074], [73.07332058094562, 31.815041146073803], [73.07340216860712, 31.81506892175527], [73.07348599819257, 31.815088937638706], [73.07357133342384, 31.81510101792391], [73.07365742479865, 31.815105056509328], [73.07672286901831, 31.815105056509328], [73.07680896039312, 31.81510101792391], [73.0768942956244, 31.815088937638706], [73.07697812520985, 31.81506892175527], [73.07705971287135, 31.815041146073803], [73.0771383420216, 31.815005854549074], [73.07721332205809, 31.81496335714777], [73.07728399442853, 31.814914027126044], [73.08010139293893, 31.81274424196212], [73.08285375745763, 31.81274424196212], [73.0829530806153, 31.812738862629267], [73.08305124180472, 31.812722787562812], [73.08314709265139, 31.81269620482279], [73.08323951180913, 31.812659425397086], [73.09071956957467, 31.809203020141304], [73.09664825644609, 31.809203020141304], [73.0967343478209, 31.809198981555888], [73.09681968305217, 31.80918690127068], [73.09690351263762, 31.809166885387246], [73.09698510029912, 31.80913910970578], [73.09706372944937, 31.80910381818105], [73.09713870948586, 31.809061320779747], [73.0972093818563, 31.80901199075802], [73.10012524145519, 31.806766376985458], [73.1041060966005, 31.80574444127631], [73.10676422886733, 31.807791569481644], [73.1109935240362, 31.81213442306442], [73.10953500141474, 31.821120530591948], [73.10952609679099, 31.82119395968014], [73.10952312216865, 31.82126786688506], [73.10952312216865, 31.823628681432268], [73.10952789536856, 31.823722257088285], [73.10954216541931, 31.82381486136728], [73.10956578418838, 31.823905532975758], [73.10959850649735, 31.823993330682626], [73.10963999266708, 31.824077343089787], [73.10968981204378, 31.82415669809304], [73.10974744746946, 31.824230571935125], [73.11258856638831, 31.827512651656704], [73.11258856638831, 31.830711125073897], [73.11259279840831, 31.830799249433635], [73.11260545551806, 31.830886562722117], [73.11262642122514, 31.830972261332956], [73.11265550256722, 31.831055556520784], [73.112692431888, 31.831135681660662], [73.11273686930062, 31.831211899303845], [73.11426959141045, 31.833572713851055], [73.11433091829353, 31.833656422653902], [73.11440128525578, 31.83373268955948], [73.11447979635382, 31.83380054350372], [73.11900448177913, 31.837285174900735], [73.12178489904728, 31.840497131666357], [73.12178489904728, 31.843243101661532], [73.11294707424399, 31.850049444842565], [73.11287632915308, 31.85010986835017], [73.11281205115907, 31.850177130580626], [73.11275489813728, 31.850250543115397], [73.11270545504009, 31.850329354588546], [73.11266422790993, 31.850412758376823], [73.1111315058001, 31.853953980197637], [73.11109866414108, 31.85404191950569], [73.11107495829548, 31.854132748627404], [73.11106063526245, 31.854225521183647], [73.11105584427848, 31.854319270545993], [73.11105584427848, 31.85633733668958], [73.10821472535963, 31.85961941641116], [73.10815705347882, 31.85969334224151], [73.10810720860918, 31.859772756114353], [73.10806570887397, 31.859856832545088], [73.10803298565109, 31.85994469758315], [73.10800937908914, 31.86003543789647], [73.10799513457162, 31.860128110265325], [73.10799040016623, 31.860221751386817], [73.10799522508577, 31.860315387888143], [73.10800955917657, 31.86040804644452], [73.10803325343983, 31.860498763896626], [73.10806606158044, 31.860586597262373], [73.10959878369027, 31.864127819083187], [73.10963917453948, 31.86420972342267], [73.10968748954163, 31.864287217952118], [73.10974325225996, 31.864359538493947], [73.1098059128154, 31.864425971891546], [73.109874853309, 31.86448586304173], [73.10994939391493, 31.864538621354757], [73.11002879958441, 31.86458372657816], [73.11011228729404, 31.864620733926998], [73.12237406417267, 31.869342363021417], [73.1224489972123, 31.86936757571223], [73.12252581887688, 31.86938625918244], [73.12260396138798, 31.86939827534508], [73.13251395381609, 31.870488569634333], [73.13251395381609, 31.878546224547367], [73.12841538513126, 31.88065053306527], [73.1283360574181, 31.88069639331545], [73.12826168719954, 31.88074992012383], [73.12819301279565, 31.880810582096036], [73.1281307159805, 31.880877777002436], [73.12807541521387, 31.880950837756828], [73.12802765950131, 31.881029039039053], [73.1279879229439, 31.88111160449568], [73.1279566000315, 31.881197714447374], [73.12793400172637, 31.881286514026364], [73.12792035237618, 31.881377121663252], [73.1279157874866, 31.881468637838903], [73.1279157874866, 31.886190266933323], [73.12792053124848, 31.88628355433428], [73.12793471359443, 31.886375879322866], [73.12795818821033, 31.886466289415573], [73.12799071291705, 31.88655385188417], [73.12803195216897, 31.886637663378345], [73.12808148051562, 31.886716859245233], [73.12813878699097, 31.886790622449716], [73.12820328038487, 31.886858192003498], [73.12827429534228, 31.886918870815936], [73.13421678993936, 31.891495410686257], [73.13565505955737, 31.89481840819691], [73.13569434213517, 31.89489831520829], [73.13574116827077, 31.89497404871746], [73.13579509899259, 31.895044898760727], [73.13585562872713, 31.895110201154427], [73.13592219003846, 31.89516934372133], [73.13599415894763, 31.89522177202951], [73.13607086078218, 31.895266994589846], [73.13615157650084, 31.895304587463485], [73.13623554943418, 31.89533419823607], [73.13632199237802, 31.895355549321447], [73.13641009497306, 31.89536844056389], [73.13649903130164, 31.895372751114454], [73.14262991974095, 31.895372751114454], [73.14271601111577, 31.895368712529038], [73.14280134634704, 31.895356632243832], [73.14288517593249, 31.895336616360396], [73.14296676359399, 31.89530884067893], [73.14304539274424, 31.8952735491542], [73.14312037278073, 31.895231051752898], [73.14319104515117, 31.89518172173117], [73.14891254689546, 31.890775376816077], [73.15449405752845, 31.892924643048566], [73.16050979185894, 31.896399351468105], [73.16094548215224, 31.89673489304342], [73.161131138, 31.896011336], [73.16273213, 31.894646139], [73.163561386, 31.893957581], [73.16693901, 31.891298103], [73.164397452, 31.888649428], [73.163580933, 31.887790362], [73.163192757, 31.88723271], [73.162598516, 31.886378118], [73.161409449, 31.8846677], [73.16108504200001, 31.884200991], [73.160754143, 31.883713208], [73.160005071, 31.882576907], [73.159346666, 31.881577359], [73.159033512, 31.880831536], [73.15873687, 31.880125037], [73.158314449, 31.879120088], [73.15830192, 31.878479198], [73.158262236, 31.876467309], [73.159062635, 31.873910475], [73.159572146, 31.872106453], [73.15976852, 31.871411162], [73.159969924, 31.870601809], [73.16011815600001, 31.870006139], [73.160278884, 31.868928732], [73.160382575, 31.868112256], [73.160282462, 31.867099504], [73.160205418, 31.866325685], [73.160118537, 31.865468832], [73.160058542, 31.864877856], [73.159556167, 31.863823527], [73.159050003, 31.862761249], [73.158176021, 31.86089714], [73.157324083, 31.859080087], [73.157029104, 31.858450944], [73.156367672, 31.85732958], [73.155830201, 31.856418373], [73.154587712, 31.855615288], [73.154092389, 31.855294422], [73.15422929, 31.854673332], [73.154368077, 31.854043685], [73.154495144, 31.853473703], [73.155718162, 31.85172234], [73.157185158, 31.851353808], [73.158092914, 31.851186614], [73.159380911, 31.850957425], [73.161633189, 31.849449605], [73.16353378, 31.847566543], [73.164411842, 31.846630259], [73.165252764, 31.845732193], [73.16721672700001, 31.844339713], [73.167799779, 31.844235848], [73.168984401, 31.84402481], [73.169645814, 31.84390698], [73.173587061, 31.843361423], [73.174627029, 31.843099849], [73.17630003100001, 31.842679059], [73.177050085, 31.842416582], [73.17873039700001, 31.841828276], [73.180135062, 31.841336555], [73.18220953, 31.840487257], [73.183025035, 31.840154016], [73.184157886, 31.839277663], [73.185279932, 31.8384126], [73.186060245, 31.837301683], [73.186348987, 31.836890611], [73.18714048000001, 31.834558051], [73.187634896, 31.831791435], [73.188175719, 31.829390607], [73.190364532, 31.828734386], [73.19511999800001, 31.827896654], [73.196388286, 31.827673574], [73.19788378, 31.827537786], [73.198391758, 31.827491892], [73.199201759, 31.82741871], [73.200005332, 31.827263517], [73.201588574, 31.826956055], [73.203784264, 31.826078632], [73.205565113, 31.824686545], [73.206098483, 31.823979651], [73.206350779, 31.823636315], [73.20660985, 31.823283667], [73.207031517, 31.822649177], [73.20813080900001, 31.820319054], [73.209470623, 31.817902742], [73.20947636800001, 31.817566082], [73.210198733, 31.815331226], [73.210439929, 31.814872567], [73.211010269, 31.813788], [73.211796715, 31.812292482], [73.21209111, 31.811725798], [73.213392448, 31.809196387], [73.213950566, 31.808111572], [73.214716482, 31.807061873], [73.216247024, 31.80496424], [73.216759373, 31.804262059], [73.217592151, 31.803330929], [73.218426304, 31.802398259], [73.218714033, 31.802076549], [73.219264467, 31.801461109], [73.219896852, 31.800840873], [73.22046342, 31.800284277], [73.222441323, 31.798342868], [73.22325601300001, 31.797364538], [73.224913613, 31.795375157], [73.22552345000001, 31.794691117], [73.226977255, 31.793059216], [73.227172281, 31.792590767], [73.22769336600001, 31.791318882], [73.22786588400001, 31.790897795], [73.22999508, 31.787031797], [73.223627442, 31.783129588], [73.223253023, 31.782899791], [73.221437277, 31.781795425], [73.22011341800001, 31.780985114], [73.212757448, 31.776482651], [73.211625888, 31.775790043], [73.20995933200001, 31.774512329], [73.208625769, 31.773489913], [73.208004183, 31.772886045], [73.207676455, 31.772567659], [73.200727265, 31.765816551], [73.198014566, 31.763181159], [73.197343937, 31.762529642], [73.197036362, 31.762230832], [73.196345769, 31.76155992], [73.195194609, 31.760299893], [73.19202919, 31.756835116], [73.191165771, 31.755890042], [73.189885758, 31.754630032], [73.186685792, 31.751480072], [73.185405764, 31.750220047], [73.18392927500001, 31.74867587], [73.180385884, 31.744970036], [73.178222547, 31.74276972], [73.176875887, 31.741400042], [73.175072564, 31.74007071], [73.16893949300001, 31.735549676], [73.167135767, 31.734220047], [73.166120093, 31.733360562], [73.165104685, 31.732501302], [73.156302834, 31.72505299], [73.155623512, 31.724482757], [73.154951756, 31.72392801], [73.152929788, 31.722271969], [73.149896904, 31.719787964], [73.148885886, 31.718959916], [73.147128957, 31.717646225], [73.142912117, 31.714493208], [73.14220967700001, 31.71396798], [73.141155886, 31.713180039], [73.140243908, 31.712311001], [73.13751083800001, 31.709706618], [73.136905773, 31.709130042], [73.13662750600001, 31.708807399], [73.135527302, 31.707531743], [73.13414589700001, 31.705930042], [73.133886382, 31.70498205], [73.133625767, 31.704030039], [73.13077564400001, 31.699589909], [73.129805526, 31.698255799], [73.128306354, 31.696115064], [73.128047075, 31.695749664], [73.127569895, 31.694663544], [73.126615846, 31.692493812], [73.125830645, 31.690707583], [73.125536573, 31.690038609], [73.125242078, 31.689368669], [73.124911838, 31.688892541], [73.124574318, 31.688405869], [73.123963122, 31.687524488], [73.122727162, 31.685741369], [73.122067634, 31.684789871], [73.12122173600001, 31.683569497], [73.120108736, 31.682164438], [73.119821521, 31.681802201], [73.118393675, 31.679999331], [73.116115049, 31.677122939], [73.115219503, 31.67599246], [73.114373015, 31.674256641], [73.113996706, 31.673485327], [73.11374661, 31.672877312], [73.110288889, 31.664244305], [73.110044454, 31.663634361], [73.109637211, 31.662618387], [73.108469967, 31.660216996], [73.095035027, 31.632624474], [73.094256481, 31.631025506], [73.093282325, 31.629022596], [73.092447098, 31.627957361], [73.091926954, 31.627358239], [73.089682089, 31.629981745], [73.089377802, 31.630380098], [73.08870367, 31.630704955], [73.08759502, 31.631237548], [73.087007632, 31.63040526], [73.086002391, 31.628940467], [73.08455726000001, 31.625766926], [73.08342574000001, 31.623316082], [73.08287025300001, 31.622038903], [73.08155965600001, 31.619952854], [73.080477584, 31.618230543], [73.079760253, 31.617088784], [73.079044091, 31.615948883], [73.078055643, 31.614687666], [73.077717932, 31.614256761], [73.076129226, 31.612229636], [73.074959031, 31.610736516], [73.073959685, 31.609461391], [73.072842412, 31.608171767], [73.070606759, 31.605591245], [73.06920961, 31.603978573], [73.068649652, 31.603332235], [73.06683975700001, 31.601435206], [73.06412344600001, 31.598588124], [73.06296896100001, 31.597378059], [73.061814693, 31.596168222], [73.060660667, 31.594958637], [73.059388341, 31.59380276], [73.054936522, 31.589758392], [73.053662591, 31.588601057], [73.052237167, 31.58755736], [73.04724026800001, 31.583898816], [73.03470775400001, 31.576428399], [73.02556743, 31.571786413], [73.023979604, 31.57098006], [73.020785262, 31.569575945], [73.010806625, 31.565189706], [72.998855695, 31.56007427], [72.99679284, 31.559191293], [72.994365894, 31.558106803], [72.983838169, 31.553401935], [72.970998553, 31.547683896], [72.968945594, 31.546769537], [72.967303371, 31.546038092], [72.966071047, 31.545489203], [72.965247918, 31.54516405], [72.964012652, 31.544676051], [72.959482883, 31.542886232], [72.95244649300001, 31.540106169], [72.95161898500001, 31.539779222], [72.950790214, 31.539451776], [72.94961507100001, 31.538887079], [72.944912464, 31.536627313], [72.943342072, 31.535872684], [72.942227704, 31.535186288], [72.934408914, 31.530371108], [72.933790447, 31.5299902], [72.926240023, 31.524650147], [72.924978923, 31.523758076], [72.924293508, 31.523273195], [72.923651269, 31.52281883], [72.92313145, 31.522399133], [72.92209196200001, 31.521559569], [72.92105238, 31.520719667], [72.91643763, 31.516992263], [72.915714375, 31.516424012], [72.915163604, 31.51599275], [72.91301080800001, 31.514313257], [72.908658771, 31.511230043], [72.900083687, 31.505486547], [72.893265673, 31.500312387], [72.89228175800001, 31.499566599], [72.891627235, 31.499070585], [72.890680399, 31.498255582], [72.88816002, 31.496087067], [72.885709681, 31.493978565], [72.88422198, 31.492698407], [72.883263461, 31.491360094], [72.880107867, 31.486954155], [72.879180461, 31.485659282], [72.878656441, 31.484554912], [72.877609635, 31.482348768], [72.875012636, 31.476119001], [72.872829941, 31.469874981], [72.869471961, 31.461983093], [72.869001656, 31.460880166], [72.86838550200001, 31.459714005], [72.867974656, 31.45893642], [72.864275745, 31.451935694], [72.863659329, 31.450769036], [72.86345337, 31.450379229], [72.863019148, 31.449617409], [72.86171520500001, 31.447329705], [72.859107209, 31.442754105], [72.858583075, 31.441834527], [72.857967321, 31.440755339], [72.857113326, 31.439305567], [72.856438865, 31.438165951], [72.854415927, 31.43474786], [72.85329212900001, 31.432849015], [72.85221197300001, 31.43148773], [72.84788990700001, 31.42604077], [72.846809704, 31.424679424], [72.846258057, 31.424057935], [72.845636098, 31.423357231], [72.843226743, 31.420642827], [72.841513476, 31.418713218], [72.840717108, 31.41786831], [72.838684407, 31.415712411], [72.834862705, 31.411658999], [72.83398107100001, 31.41072391], [72.83309969000001, 31.409789091], [72.831780753, 31.408126013], [72.831516953, 31.407793349], [72.829201441, 31.404873548], [72.828117844, 31.403498653], [72.826572767, 31.401441141], [72.82425798700001, 31.398359354], [72.82238886, 31.39587102], [72.821187467, 31.3944269], [72.820420135, 31.393504538], [72.819142612, 31.391968907], [72.81837597900001, 31.390373104], [72.81665184, 31.386782224], [72.81560758900001, 31.384607721], [72.814696123, 31.38263434], [72.81378594600001, 31.380663748], [72.813058485, 31.379088747], [72.812655299, 31.377989764], [72.812335626, 31.377119346], [72.811711224, 31.375418659], [72.80333302400001, 31.373927308], [72.79539539400001, 31.372514192], [72.793630906, 31.37220008], [72.791882458, 31.372472121], [72.78401005, 31.373696993], [72.770013679, 31.375874693], [72.768264594, 31.376146834], [72.766951269, 31.376351175], [72.765675817, 31.376441935], [72.76343365400001, 31.376602049], [72.754635839, 31.377229503], [72.754193093, 31.377261079], [72.748892544, 31.377603708], [72.744919354, 31.377860537], [72.74375899600001, 31.37805204], [72.74214732, 31.378318121], [72.741050369, 31.378499066], [72.738349968, 31.378148587], [72.737360838, 31.376940941], [72.736441295, 31.375818254], [72.733740068, 31.373296448], [72.732688093, 31.372314347], [72.73196742, 31.371641543], [72.731079563, 31.370812659], [72.72873714900001, 31.368431434], [72.727614348, 31.367290031], [72.726491932, 31.366149019], [72.72509019200001, 31.365762604], [72.72317954, 31.365235897], [72.721326271, 31.364724996], [72.720329649, 31.364450252], [72.719238232, 31.364504823], [72.714530483, 31.36474021], [72.707895907, 31.36496299], [72.70642046, 31.365012533], [72.704867271, 31.365747267], [72.70448149900001, 31.365929756], [72.700210299, 31.36795024], [72.699606883, 31.368186725], [72.698540945, 31.368604631], [72.696400936, 31.369443433], [72.695199153, 31.369914322], [72.69439843, 31.370227975], [72.693074943, 31.37059546], [72.691950586, 31.370907657], [72.69131613, 31.371083829], [72.689750348, 31.371518608], [72.688059964, 31.371712617], [72.686791856, 31.37185816], [72.684678243, 31.372100743], [72.680692488, 31.372558049], [72.678922289, 31.372761364], [72.677503694, 31.37346207], [72.675563377, 31.374420477], [72.674811165, 31.374792027], [72.674106498, 31.375300844], [72.668105036, 31.379634297], [72.666694542, 31.380652768], [72.666037808, 31.382091581], [72.664273073, 31.385963533], [72.662057396, 31.391167921], [72.66171421177893, 31.392769882360394], [72.66196826609861, 31.39309597709616], [72.66196826609861, 31.395140841113726]], [[73.03133570121179, 31.794343179385667], [73.0330281951631, 31.793667559144637], [73.03416314271101, 31.794372644357672], [73.03133570121179, 31.794343179385667]], [[72.85164192030986, 31.70446589253401], [72.85045521177554, 31.703129897709577], [72.85359306998062, 31.703957788727134], [72.85164192030986, 31.70446589253401]], [[72.77502452199298, 31.429147475618635], [72.77493498026391, 31.430437351277277], [72.77434549369293, 31.430702524604865], [72.77502452199298, 31.429147475618635]], [[72.76302341936126, 31.39981724822841], [72.76241510933801, 31.400110154161574], [72.75861282567226, 31.397726026622063], [72.76302341936126, 31.39981724822841]], [[72.74358491878371, 31.413212919717793], [72.7424457223695, 31.412658768004544], [72.74610469816825, 31.412740095395943], [72.74358491878371, 31.413212919717793]], [[72.74445986487063, 31.394772411035685], [72.73915132140723, 31.39515968731033], [72.73869902998233, 31.3947568618233], [72.74445986487063, 31.394772411035685]], [[72.73797277779758, 31.470836936479564], [72.73812131389573, 31.470884806043262], [72.73812596770745, 31.47107969920547], [72.73797277779758, 31.470836936479564]], [[72.73167103978895, 31.407417521861877], [72.73007856207431, 31.40579514362849], [72.73430978504484, 31.408701115442526], [72.73167103978895, 31.407417521861877]], [[72.72931421544608, 31.38762852526027], [72.72964046414461, 31.387928520766277], [72.72835070313482, 31.387735581862902], [72.72931421544608, 31.38762852526027]], [[72.72374165032468, 31.403519314478537], [72.72129375042775, 31.401460809796756], [72.72564790379, 31.40295324516024], [72.72374165032468, 31.403519314478537]], [[72.71925952793976, 31.38874570941285], [72.71968943483944, 31.388697942122707], [72.71902595316222, 31.389010495979996], [72.71925952793976, 31.38874570941285]], [[72.7192438740864, 31.473409414912208], [72.71921143368277, 31.47346565059919], [72.71920432661406, 31.473401752698877], [72.7192438740864, 31.473409414912208]]]}}]}