{"type": "FeatureCollection", "features": [{"type": "Feature", "properties": {"na": "NA-105", "src": "sheet-split: tts_na106_107.jpg, outline-fit", "approx": false, "rms_km": 1.878}, "geometry": {"type": "Polygon", "coordinates": [[[72.51354212529795, 31.03101430023931], [72.51346005975232, 31.030969239478324], [72.51337388995806, 31.030932633570114], [72.5132844842699, 31.03090485140164], [72.51319274365152, 31.030886172940825], [72.51309959259625, 31.030876786415224], [72.51300596981078, 31.030876786415224], [72.51291281875551, 31.030886172940825], [72.51282107813712, 31.03090485140164], [72.51273167244896, 31.030932633570114], [72.5126455026547, 31.030969239478324], [72.51256343710908, 31.03101430023931], [72.51248630280728, 31.03106736176441], [72.51241487705113, 31.031127889339267], [72.51234987961597, 31.031195273012237], [72.5098379739508, 31.034075710452743], [72.50359006008208, 31.035508624537226], [72.49839913616141, 31.034020498229456], [72.49831564751021, 31.03400067053753], [72.4982306898547, 31.033988600367003], [72.49814498242085, 31.033984389900308], [72.49805925078203, 31.033988074781995], [72.49797422071654, 31.033999623816957], [72.49789061206334, 31.034018939234535], [72.49780913262816, 31.03404585751622], [72.48983686772847, 31.03709316015728], [72.48076883580332, 31.03709316015728], [72.47827329878666, 31.03566232651639], [72.47819210146268, 31.035620906101734], [72.47810724851884, 31.035587609944386], [72.47801955049937, 31.035562756100575], [72.4779298451256, 31.035546581982683], [72.47783898929383, 31.035539242091392], [72.47774785088988, 31.035540806539842], [72.47765730049885, 31.035551260383894], [72.4775682030889, 31.03557050376486], [72.47748140974882, 31.035598352863417], [72.47739774955816, 31.035634541655494], [72.47731802166756, 31.035678724453422], [72.47724298766498, 31.035730479208066], [72.47348755292265, 31.038601418985564], [72.46303108017516, 31.03710259599954], [72.46293811049102, 31.037093991111057], [72.46284474632395, 31.037094724992436], [72.46275192339527, 31.037104790288506], [72.46266057200185, 31.03712408612211], [72.46257160769244, 31.037152419105105], [72.46248592209177, 31.03718950527656], [72.46240437396447, 31.037234972948678], [72.46232778060825, 31.037288366431966], [72.46225690966277, 31.03734915060227], [72.46219247141609, 31.037416716263955], [72.46213511168601, 31.037490386255403], [72.46208540534751, 31.03756942223573], [72.46204385057113, 31.037653032084645], [72.46093245633062, 31.040201934796972], [72.45537644289107, 31.040201934796972], [72.45426504865056, 31.037653032084645], [72.45422293153425, 31.037568421475562], [72.45417246721219, 31.03748850802955], [72.45411417394877, 31.03741411245109], [72.45404865041098, 31.037345998776612], [72.45397656952015, 31.037284866527912], [72.44991002643921, 31.03417609188822], [72.44983857975777, 31.03412657219747], [72.44976283275915, 31.03408391987911], [72.44968344353136, 31.03404850549541], [72.44960110180601, 31.034020636725646], [72.44951652296594, 31.034000555692984], [72.44943044182995, 31.03398843686093], [72.44934360626881, 31.033984385517588], [72.44392154882756, 31.033984385517588], [72.4438315639731, 31.033988736753592], [72.44374241877496, 31.034001749859858], [72.44365494505455, 31.034023303409978], [72.44356995903657, 31.034053196285953], [72.44348825373277, 31.03409114955482], [72.44341059154227, 31.0341368090714], [72.44333769713758, 31.03418974878287], [72.44327025070257, 31.034249474704296], [72.44320888158563, 31.03431542952803], [72.44315416242722, 31.03438699782401], [72.44310660381646, 31.034463511782402], [72.44306664952676, 31.034544257444953], [72.44212709097191, 31.036699067377874], [72.4403188966979, 31.03566232651639], [72.44024035167388, 31.035622104520062], [72.44015835674438, 31.035589486100058], [72.44007364598946, 31.035564763280913], [72.43998697780324, 31.035548157399827], [72.4398991281043, 31.035539817125088], [72.43981088338894, 31.035539817125088], [72.43972303369, 31.035548157399827], [72.43963636550379, 31.035564763280913], [72.43955165474887, 31.035589486100058], [72.43946965981937, 31.035622104520062], [72.43939111479534, 31.03566232651639], [72.43689557777869, 31.03709316015728], [72.43350157192715, 31.03709316015728], [72.43143271117275, 31.034720768526967], [72.43143271109817, 31.034720768586183], [72.43143271101552, 31.034720768639467], [72.43143271092805, 31.034720768684377], [72.43143271083659, 31.03472076872048], [72.43143271074203, 31.034720768747427], [72.43143271064527, 31.034720768764956], [72.43143271054727, 31.0347207687729], [72.43143271044896, 31.034720768771177], [72.43143271035129, 31.034720768759808], [72.43143271025521, 31.034720768738904], [72.43143271016164, 31.034720768708663], [72.4314327100715, 31.03472076866938], [72.43143270998566, 31.034720768621437], [72.43143270990493, 31.03472076856529], [72.4314327098301, 31.03472076850149], [72.43143270976192, 31.03472076843065], [72.43110244378224, 31.03434204780177], [72.43110244371577, 31.034342047716684], [72.43015790161954, 31.032988148137637], [72.43015790156755, 31.032988148054773], [72.43015790152393, 31.032988147967224], [72.43015790148905, 31.032988147875834], [72.43015790146328, 31.03298814778147], [72.43015790144685, 31.032988147685042], [72.43015790143991, 31.03298814758747], [72.43015790144256, 31.03298814748969], [72.43015790145472, 31.03298814739263], [72.43015790147632, 31.032988147297228], [72.43015790150714, 31.03298814720439], [72.43015790154688, 31.03298814711501], [72.43015790159517, 31.032988147029936], [72.43015790165153, 31.03298814694999], [72.43015790171543, 31.03298814687593], [72.43015790178626, 31.03298814680847], [72.43015790186335, 31.032988146748252], [72.43015790186764, 31.03298814674553], [72.42570923508681, 31.026611461041565], [72.42564587041092, 31.0265305333616], [72.42557398524916, 31.02645706979883], [72.42549445269741, 31.026391962619904], [72.42540823873446, 31.026336002597315], [72.42269721001384, 31.02478161527747], [72.42261568558493, 31.024740047753134], [72.42253047989529, 31.024706669885585], [72.42244241326873, 31.024681803022602], [72.42235233357292, 31.024665686571662], [72.42226110805649, 31.024658475695034], [72.42216961499956, 31.024660239815947], [72.422078735258, 31.0246709619502], [72.42198934378295, 31.024690538869688], [72.42190230119715, 31.024718782096237], [72.42181844550925, 31.024755419716183], [72.42173858404581, 31.024800098998252], [72.42166348567872, 31.024852389789498], [72.42159387342282, 31.024911788656627], [72.42153041747501, 31.024977723732853], [72.41774263799952, 31.02932122355805], [72.41181334216215, 31.02932122355805], [72.40938107704697, 31.0265321110527], [72.40931986557419, 31.026468297020365], [72.40925288564327, 31.02641056692442], [72.40918073936874, 31.026359439728186], [72.40910407530782, 31.026315375038397], [72.40902358263027, 31.02627876897354], [72.40893998492312, 31.026249950602963], [72.40885403368598, 31.026229178988732], [72.40876650157547, 31.026216640856784], [72.40867817545943, 31.026212448918358], [72.40054508929755, 31.026212448918358], [72.40045469720089, 31.026216839721403], [72.40036515623035, 31.026229970787018], [72.40027730949788, 31.02625171847394], [72.40019198416265, 31.026281878007364], [72.40010998364244, 31.026320165407082], [72.40003208004886, 31.026366220161414], [72.39995900691707, 31.02641960862179], [72.39989145229895, 31.026479828085925], [72.3998300522844, 31.026546311531256], [72.39977538501196, 31.026618432953974], [72.39972796522514, 31.026695513263444], [72.39968823942556, 31.02677682667647], [72.39965658166878, 31.026861607551236], [72.39963329004219, 31.026949057596525], [72.39961858385821, 31.02703835338838], [72.39961260158934, 31.027128654123423], [72.39961539956423, 31.027219109535793], [72.39962695143731, 31.02730886790319], [72.39964714843691, 31.02739708406666], [72.3996758003894, 31.02748292738853], [72.39971263750984, 31.027565589573644], [72.3997573129423, 31.027644292280236], [72.3998094060258, 31.027718294448725], [72.39986842625525, 31.027786899279498], [72.3999338179, 31.027849460793917], [72.40000496523659, 31.02790538991682], [72.40008119834627, 31.027954160023217], [72.40232348562627, 31.02923979115245], [72.40232348562627, 31.031808243269804], [72.40232797650616, 31.031899657229836], [72.40234140589617, 31.031990190823464], [72.40236364446395, 31.032078972162687], [72.40239447803994, 31.032165146234675], [72.40243360967993, 31.03224788313601], [72.40248066252485, 31.032326386065098], [72.40253518343009, 31.032399898995823], [72.4025966473295, 31.032467713958475], [72.40266446229215, 31.032529177857892], [72.40273797522288, 31.032583698763123], [72.40281647815198, 31.032630751608046], [72.40289921505331, 31.032669883248044], [72.40298538912529, 31.03270071682403], [72.40307417046452, 31.032722955391815], [72.40316470405814, 31.03273638478183], [72.40325611801818, 31.032740875661712], [72.40554300875671, 31.032740875661712], [72.40663096367125, 31.033988448814185], [72.406742898, 31.033999754], [72.407820841, 31.034108623], [72.40905910100001, 31.034231951], [72.410078366, 31.034333467], [72.410895407, 31.03448673], [72.41317915, 31.035849012], [72.41365088900001, 31.03674576], [72.414552169, 31.038459032], [72.414790884, 31.039074646], [72.415417726, 31.040927937], [72.415722603, 31.041517222], [72.41645659000001, 31.042924617], [72.417289369, 31.043861097], [72.418152287, 31.044811388], [72.418851106, 31.045580965], [72.419751621, 31.046088119], [72.421057163, 31.046823377], [72.421976407, 31.047340982], [72.4232706, 31.048069522], [72.425529747, 31.04833899], [72.42630616000001, 31.048364614], [72.426940951, 31.048385563], [72.428012415, 31.048420926], [72.429594004, 31.049231543], [72.430169714, 31.049526765], [72.430568854, 31.049753468], [72.432038059, 31.050779683], [72.433086294, 31.051511856], [72.433718993, 31.05260903], [72.43534623500001, 31.055458111], [72.435816962, 31.056280086], [72.436232838, 31.057768985], [72.43730507100001, 31.061607757], [72.437878653, 31.063661941], [72.43823016600001, 31.064940614], [72.43838277200001, 31.065790555], [72.439043906, 31.069447959], [72.439262647, 31.07065804], [72.439248577, 31.072330257], [72.439208176, 31.072760717], [72.43901173, 31.074853811], [72.438931241, 31.075710219], [72.438811137, 31.0769911], [72.438148262, 31.078656466], [72.43777979100001, 31.079582188], [72.437279319, 31.080839543], [72.436307755, 31.08178442], [72.435674544, 31.082400237], [72.43514495, 31.08295845], [72.434945378, 31.084833046], [72.434801039, 31.086185007], [72.434759127, 31.086626672], [72.434905006, 31.092949063], [72.43631619300001, 31.099362785], [72.437952416, 31.106798393], [72.43811108, 31.107521529], [72.439158849, 31.109739274], [72.441148433, 31.110778477], [72.441574635, 31.11087465], [72.444548642, 31.111545513], [72.444965003, 31.111796859], [72.449407696, 31.112438818], [72.449839677, 31.112515812], [72.450588156, 31.112649449], [72.45215930900001, 31.113360136], [72.455698064, 31.114960835], [72.458562358, 31.11613163], [72.460436798, 31.116898007], [72.461929669, 31.117508038], [72.462802264, 31.11822132], [72.464785518, 31.119842484], [72.465651183, 31.120550102], [72.466199149, 31.121522379], [72.46684285900001, 31.122664542], [72.467330473, 31.123529736], [72.467627057, 31.124944141], [72.46796539, 31.126554794], [72.469737017, 31.126563549], [72.471037087, 31.126570859], [72.472394698, 31.126472096], [72.476709553, 31.126152587], [72.47826055, 31.126034038], [72.479443204, 31.12588891], [72.481974823, 31.125587525], [72.483574086, 31.12567841], [72.483958651, 31.125907084], [72.485329348, 31.126722144], [72.485888808, 31.127306414], [72.486276554, 31.127711484], [72.48742338800001, 31.128909037], [72.487848155, 31.131108605], [72.487869646, 31.132102732], [72.487869646, 31.133530809], [72.488618343, 31.135456336], [72.489989765, 31.136047977], [72.49217238700001, 31.137672545], [72.492059269, 31.140724683], [72.490298345, 31.141342072], [72.488181616, 31.142083216], [72.487353044, 31.142305993], [72.484429208, 31.143037968], [72.482877388, 31.143981696], [72.481576568, 31.144772779], [72.48121102200001, 31.144995017], [72.480841304, 31.145219924], [72.480426699, 31.145540308], [72.478515037, 31.147017537], [72.477850939, 31.147530715], [72.477021897, 31.148423076], [72.47662436600001, 31.148850968], [72.47593763200001, 31.149630322], [72.474622253, 31.151479769], [72.473986339, 31.152374188], [72.473744466, 31.152802932], [72.473535362, 31.153183077], [72.472909522, 31.154320839], [72.472757067, 31.155105438], [72.472610348, 31.155862155], [72.47290902, 31.158049339], [72.47374103700001, 31.159209784], [72.474731964, 31.160591764], [72.475505003, 31.160814384], [72.477536423, 31.1613883], [72.479691467, 31.16142707], [72.483575931, 31.161496077], [72.484870405, 31.161519073], [72.48608628800001, 31.161605558], [72.486886864, 31.161662502], [72.490041207, 31.161886826], [72.490678693, 31.161966618], [72.494073058, 31.162480361], [72.495339232, 31.162671999], [72.496323614, 31.163118527], [72.497775062, 31.163776921], [72.498345564, 31.164077561], [72.499828392, 31.165124694], [72.500839014, 31.16583867], [72.50130388, 31.166842293], [72.503344171, 31.171247182], [72.50329271400001, 31.174153359], [72.503227617, 31.175180588], [72.50279319, 31.177564994], [72.502467803, 31.179342132], [72.50236756800001, 31.179887957], [72.501618726, 31.181557417], [72.500121925, 31.182968254], [72.499128869, 31.183406959], [72.49560958, 31.184961683], [72.494889165, 31.185279943], [72.489692249, 31.187111929], [72.489050921, 31.187338007], [72.48811798700001, 31.187904099], [72.486510199, 31.188879683], [72.485838633, 31.191128677], [72.485851152, 31.191745684], [72.485888352, 31.193176534], [72.485909799, 31.193945262], [72.486380944, 31.195401205], [72.487610387, 31.196881423], [72.488889114, 31.198035354], [72.489662556, 31.198733828], [72.49027310800001, 31.199453778], [72.490869438, 31.200160017], [72.491091402, 31.201686641], [72.489894832, 31.203495073], [72.488726654, 31.204206015], [72.48757803, 31.204904982], [72.48638077400001, 31.206191028], [72.485329623, 31.207731196], [72.48497328900001, 31.209906754], [72.485329348, 31.211330292], [72.486679549, 31.212870675], [72.487187046, 31.213308809], [72.488020938, 31.214028728], [72.48930007, 31.214271824], [72.490717584, 31.214541217], [72.491517167, 31.214581557], [72.49326086500001, 31.214670015], [72.49531252, 31.216017423], [72.494133505, 31.217095519], [72.493560407, 31.217622288], [72.492677041, 31.219768604], [72.49274787, 31.220260998], [72.492959043, 31.221349876], [72.494308704, 31.223147096], [72.497160977, 31.223655806], [72.498797287, 31.223019348], [72.499293977, 31.2225539], [72.50044126, 31.221478777], [72.503059894, 31.220579543], [72.505021771, 31.220776004], [72.505587241, 31.220833606], [72.508819803, 31.22173157], [72.510022374, 31.221990471], [72.510489377, 31.222091051], [72.512260229, 31.222248103], [72.514026599, 31.220617191], [72.514389234, 31.219639764], [72.51464739500001, 31.218940393], [72.515598857, 31.217863351], [72.517500924, 31.217362715], [72.51904569700001, 31.217467916], [72.519651665, 31.21750918], [72.52077493, 31.21805504], [72.52348300300001, 31.219371053], [72.524139714, 31.219690188], [72.524698752, 31.219944153], [72.526876458, 31.22093374], [72.531493395, 31.223030956], [72.53203578, 31.22324982], [72.533790561, 31.223864062], [72.535067361, 31.224310935], [72.536862626, 31.224310935], [72.538458511, 31.223660856], [72.53970839, 31.223151721], [72.54139948400001, 31.22282974], [72.542454534, 31.222651539], [72.54420366, 31.223025655], [72.546473179, 31.22375359], [72.547104691, 31.22407218], [72.548237262, 31.224691432], [72.54905505, 31.225484612], [72.549430372, 31.225848644], [72.549880498, 31.227709909], [72.54944002, 31.229698349], [72.54898918100001, 31.231370485], [72.54951354100001, 31.233040904], [72.551670289, 31.23470194], [72.552559611, 31.235028121], [72.554153328, 31.235605433], [72.55542893, 31.237278435], [72.556388404, 31.239791637], [72.556929746, 31.241645219], [72.558721734, 31.242411305], [72.559767696, 31.242539767], [72.560820777, 31.242669101], [72.562688549, 31.243005671], [72.563659838, 31.243180696], [72.56695779600001, 31.244461446], [72.568884459, 31.245970448], [72.569397159, 31.246372245], [72.570402037, 31.247159046], [72.57148976900001, 31.247674347], [72.57289944300001, 31.248342168], [72.574998486, 31.248341215], [72.575445806, 31.248231102], [72.575869622, 31.248127652], [72.576291873, 31.248024584], [72.57716073200001, 31.247812503], [72.578888979, 31.246669906], [72.579316182, 31.245178178], [72.57933017, 31.244588822], [72.57933017, 31.243459267], [72.580377846, 31.241789456], [72.581608516, 31.241216775], [72.583969564, 31.240118083], [72.587221354, 31.238972364], [72.589117378, 31.238690202], [72.589950295, 31.238569655], [72.590925541, 31.238762069], [72.593203175, 31.239211442], [72.5938496, 31.239338981], [72.5953039, 31.23977331], [72.599670834, 31.241077452], [72.606856862, 31.244191832], [72.60725499, 31.244365595], [72.60771036300001, 31.244564526], [72.608498404, 31.244785482], [72.611552735, 31.245601613], [72.612562054, 31.245871274], [72.61469118, 31.245829611], [72.615254189, 31.245703245], [72.61716943, 31.245273375], [72.617950231, 31.245098127], [72.618758056, 31.244727343], [72.62243826800001, 31.243038156], [72.624325597, 31.242535706], [72.625229394, 31.242294958], [72.626328768, 31.242002224], [72.628118733, 31.24202932], [72.632470403, 31.242095194], [72.634133552, 31.242119517], [72.63532074000001, 31.242103596], [72.637608978, 31.242063477], [72.639033663, 31.242038669], [72.64035385000001, 31.242015604], [72.641890747, 31.241988638], [72.64355977000001, 31.241582842], [72.64480919600001, 31.241279065], [72.647310798, 31.240670841], [72.647728997, 31.240569163], [72.650195443, 31.239958272], [72.65307392400001, 31.239245053], [72.653821936, 31.239059747], [72.654946813, 31.238716332], [72.656368797, 31.238282212], [72.657689934, 31.238045478], [72.659011183, 31.237808724], [72.6629773, 31.237098038], [72.664299516, 31.236861111], [72.665128698, 31.236780961], [72.668441738, 31.236460716], [72.66968269600001, 31.236340763], [72.670942553, 31.236415924], [72.673454652, 31.236565793], [72.674063425, 31.23661102], [72.67539793200001, 31.236752722], [72.678662592, 31.237099371], [72.681018312, 31.237432535], [72.68225930700001, 31.237608046], [72.683414545, 31.238046744], [72.683988543, 31.238264718], [72.684950903, 31.23863017], [72.68569813, 31.239098284], [72.686445465, 31.239566465], [72.686819354, 31.239800695], [72.687201238, 31.240039933], [72.68752545000001, 31.2403171], [72.688850214, 31.241449637], [72.690109364, 31.242525678], [72.691628735, 31.243768736], [72.693649653, 31.245551055], [72.696574448, 31.248050058], [72.697700255, 31.249011971], [72.699189719, 31.249921837], [72.70142238000001, 31.251285697], [72.702900645, 31.252188875], [72.704750046, 31.253318462], [72.706075857, 31.254086161], [72.706630305, 31.254407209], [72.711144823, 31.2570213], [72.712273077, 31.257674606], [72.713630348, 31.258460522], [72.71523683, 31.25916726], [72.716842529, 31.259873654], [72.721660955, 31.261993419], [72.723267884, 31.262701504], [72.723666875, 31.262881711], [72.732062525, 31.266697997], [72.734736119, 31.267913182], [72.73626148800001, 31.268604191], [72.740172201, 31.270375587], [72.742921182, 31.271620673], [72.744490796, 31.272331592], [72.744882044, 31.272521188], [72.74881985600001, 31.274429425], [72.75111695400001, 31.275542582], [72.75245240000001, 31.276073796], [72.753163195, 31.27666743], [72.754280055, 31.277600705], [72.754781774, 31.278219891], [72.75566305800001, 31.279364729], [72.755962589, 31.280450744], [72.756244246, 31.281468742], [72.757384805, 31.282885999], [72.75790203400001, 31.283528707], [72.760715855, 31.287951157], [72.76118517, 31.288688774], [72.76174082300001, 31.28956209], [72.762779242, 31.29083143], [72.76355706000001, 31.291782217], [72.765186186, 31.293773781], [72.766000909, 31.294769591], [72.76627176, 31.295100605], [72.766562354, 31.295431286], [72.767720669, 31.296749389], [72.77119586100001, 31.30070398], [72.772354119, 31.302022018], [72.773511909, 31.303339523], [72.774722018, 31.304527437], [72.775691861, 31.305479451], [72.778350992, 31.308089554], [72.780622129, 31.3103187], [72.7814605, 31.311140297], [72.783512669, 31.313016237], [72.788974171, 31.317995736], [72.790260165, 31.319168115], [72.790580765, 31.319477223], [72.792187718, 31.321026573], [72.794758939, 31.323505625], [72.795641427, 31.324356374], [72.797699496, 31.326340774], [72.798113233, 31.326774038], [72.79905295600001, 31.327759483], [72.800412844, 31.328915087], [72.801770876, 31.330070641], [72.80342811700001, 31.330999515], [72.804864935, 31.331804996], [72.80620128800001, 31.330863015], [72.80673702700001, 31.330485336], [72.807270388, 31.330107195], [72.807711122, 31.329896665], [72.808297917, 31.329616265], [72.810353636, 31.328633383], [72.812219982, 31.327740773], [72.814110178, 31.326313479], [72.815284312, 31.325426795], [72.816076573, 31.324791663], [72.818347871, 31.322514071], [72.819450204, 31.321408684], [72.819765438, 31.320701896], [72.820338051, 31.319418038], [72.821531613, 31.31674195], [72.822487437, 31.315279541], [72.82322195, 31.31415647], [72.824720321, 31.311878207], [72.82576998200001, 31.310479796], [72.82678112500001, 31.309137741], [72.828306341, 31.308227499], [72.828740096, 31.307972246], [72.832574603, 31.305932404], [72.83314799300001, 31.30560114], [72.834173934, 31.304751832], [72.835484334, 31.303480543], [72.836782191, 31.302149431], [72.837911767, 31.300181196], [72.838405455, 31.298161521], [72.838660325, 31.297118851], [72.839230983, 31.296327037], [72.839718082, 31.295811232], [72.84112179600001, 31.295287547], [72.84363779200001, 31.294348902], [72.845591064, 31.293513876], [72.846437781, 31.293151901], [72.847183142, 31.292703662], [72.847925864, 31.292257007], [72.848296943, 31.29203385], [72.84903246200001, 31.291591528], [72.849658616, 31.291032732], [72.85026873400001, 31.290488965], [72.850661509, 31.290138564], [72.851124092, 31.289688086], [72.851501002, 31.289227434], [72.85201512200001, 31.288593033], [72.852811, 31.287582994], [72.853083524, 31.286462242], [72.853548372, 31.284539299], [72.853723916, 31.283810176], [72.853706352, 31.283034595], [72.853670025, 31.281549912], [72.853698636, 31.280100054], [72.853790597, 31.277663889], [72.85383247300001, 31.276631264], [72.85403924900001, 31.275389489], [72.854493632, 31.272662473], [72.8546424, 31.271770259], [72.854314312, 31.270481061], [72.853814576, 31.268747223], [72.853503831, 31.26772026], [72.852779442, 31.26683361], [72.852310101, 31.266259138], [72.850820888, 31.264559038], [72.850042137, 31.263670008], [72.84854220000001, 31.262839788], [72.845900752, 31.26137774], [72.845170385, 31.260957245], [72.841774664, 31.259002229], [72.841037071, 31.258577377], [72.83993127, 31.25771968], [72.839279597, 31.25719919], [72.837851246, 31.255708357], [72.837193138, 31.254473808], [72.836669971, 31.253492151], [72.836491877, 31.252949479], [72.835527763, 31.250011698], [72.83415392500001, 31.245538525], [72.832576347, 31.240403814], [72.832320414, 31.239570944], [72.831871244, 31.238858419], [72.828128012, 31.232919902], [72.823488382, 31.227233374], [72.82267000600001, 31.226230267], [72.821621363, 31.225271314], [72.81805055800001, 31.222005919], [72.816732162, 31.220800286], [72.814257455, 31.219408075], [72.813378638, 31.218913674], [72.811971796, 31.218122217], [72.81011983, 31.216620724], [72.809537401, 31.215962384], [72.808951648, 31.21530032], [72.807482596, 31.213639884], [72.806641125, 31.212771141], [72.804958838, 31.211033525], [72.804228827, 31.210279744], [72.802866611, 31.209032766], [72.80197954, 31.208220738], [72.800706902, 31.207469179], [72.799079957, 31.206508385], [72.79822691000001, 31.206335357], [72.797151086, 31.206116986], [72.791099789, 31.205010707], [72.78926762, 31.204590537], [72.787254923, 31.204128967], [72.785642279, 31.203759141], [72.784376506, 31.203622247], [72.78175178, 31.203338381], [72.78017625800001, 31.202798692], [72.778207945, 31.201967684], [72.777000768, 31.201465824], [72.776333963, 31.201188498], [72.775900846, 31.200612652], [72.774840616, 31.199198947], [72.774438903, 31.198580292], [72.774007614, 31.197565346], [72.773741345, 31.196938739], [72.773726642, 31.196357996], [72.773684056, 31.194652722], [72.773660112, 31.193701564], [72.77343697, 31.190037507], [72.773365302, 31.188863545], [72.773269834, 31.187299888], [72.773253499, 31.186865043], [72.77310687100001, 31.182961927], [72.773058027, 31.18166172], [72.773159948, 31.180671114], [72.77362081400001, 31.176191783], [72.773737356, 31.175121449], [72.774662864, 31.172810778], [72.775492617, 31.171909503], [72.777251631, 31.169998863], [72.778410947, 31.168739615], [72.77981051, 31.168028661], [72.78078883100001, 31.167531691], [72.782530882, 31.166131008], [72.78301854300001, 31.164932531], [72.78336938800001, 31.164070786], [72.783699466, 31.163259778], [72.783799122, 31.162303397], [72.784007012, 31.159949214], [72.78167719000001, 31.157840406], [72.77975233100001, 31.15564175], [72.77902387200001, 31.154731178], [72.778272281, 31.153791691], [72.777752119, 31.152303152], [72.777465168, 31.15145141], [72.776603341, 31.148032122], [72.776290455, 31.146790749], [72.776323427, 31.145148959], [72.77634002900001, 31.144325124], [72.776359788, 31.143342459], [72.776635467, 31.139479343], [72.776758156, 31.137760103], [72.776944803, 31.135998682], [72.77717555400001, 31.133767235], [72.776959973, 31.131759618], [72.776675146, 31.129118676], [72.77677182500001, 31.127726208], [72.776848864, 31.12660789], [72.776612241, 31.124368432], [72.77628125800001, 31.121250244], [72.77613916300001, 31.119911572], [72.775956503, 31.118925404], [72.775816691, 31.118171601], [72.775497182, 31.116447624], [72.77508267, 31.11421104], [72.774629282, 31.112882563], [72.773906704, 31.110962487], [72.773399689, 31.10956194], [72.772774472, 31.108495555], [72.771735047, 31.106723335], [72.771240124, 31.105879374], [72.770699089, 31.105182183], [72.768071225, 31.101795851], [72.767461851, 31.101010596], [72.76661628, 31.100291438], [72.765290747, 31.099164071], [72.76462778, 31.098600217], [72.763883369, 31.098173392], [72.76181601, 31.096988025], [72.761281886, 31.096681773], [72.760587701, 31.096409243], [72.758980976, 31.095778457], [72.75777553600001, 31.095315986], [72.756682565, 31.095183898], [72.753647271, 31.094820918], [72.744228503, 31.092959913], [72.74345536, 31.092801359], [72.742867883, 31.092507611], [72.741741099, 31.091941651], [72.74017502, 31.091155042], [72.741600348, 31.089050127], [72.743068103, 31.088594697], [72.74390640700001, 31.088334319], [72.746068482, 31.087187085], [72.747241301, 31.085913775], [72.747592722, 31.085530574], [72.749716546, 31.083542212], [72.75095678000001, 31.082380166], [72.751285358, 31.082089678], [72.752611949, 31.080916866], [72.755595678, 31.078279012], [72.756919941, 31.077108258], [72.757955601, 31.076420835], [72.758518956, 31.076046663], [72.76028185, 31.074876269], [72.760983175, 31.074410658], [72.76167262700001, 31.074060538], [72.764483233, 31.072633237], [72.76564895700001, 31.072041252], [72.76802038800001, 31.071612629], [72.770270658, 31.071741529], [72.771431488, 31.072036302], [72.77205777600001, 31.072196048], [72.77349012900001, 31.073420234], [72.775768635, 31.075233237], [72.77673171, 31.075999177], [72.777881766, 31.07728122], [72.778456149, 31.077921522], [72.78104274, 31.080804965], [72.78159849100001, 31.081424394], [72.784089082, 31.084200924], [72.786007979, 31.086426338], [72.786291092, 31.086754744], [72.787200479, 31.087809323], [72.787978779, 31.088098469], [72.788819188, 31.088410688], [72.790300897, 31.088647921], [72.791437717, 31.088448314], [72.792561452, 31.088170286], [72.79334547900001, 31.087976158], [72.794180925, 31.087769297], [72.794966603, 31.087286862], [72.79803802, 31.085400749], [72.798508853, 31.085111788], [72.799190363, 31.084593973], [72.799997143, 31.083981167], [72.803240591, 31.081517195], [72.804277765, 31.080729289], [72.805235948, 31.079834328], [72.806514274, 31.078640107], [72.81258783, 31.072966339], [72.81355017, 31.072067079], [72.81450962800001, 31.071170509], [72.815154129, 31.070251189], [72.816096154, 31.068907347], [72.817256884, 31.067249386], [72.8171368, 31.065599705], [72.817101098, 31.065143003], [72.817079019, 31.064672221], [72.816373962, 31.064687806], [72.81487759800001, 31.064690892], [72.813706452, 31.064182818], [72.812570628, 31.063689214], [72.810820582, 31.062124024], [72.811238124, 31.059251268], [72.81238456, 31.058000716], [72.812989087, 31.057341288], [72.813498024, 31.057023774], [72.814632144, 31.056316228], [72.81594351000001, 31.055491356], [72.817284577, 31.053875033], [72.817000322, 31.051757267], [72.81584293600001, 31.050815659], [72.815057934, 31.050180243], [72.813638567, 31.048044275], [72.81330680900001, 31.045911371], [72.81347328800001, 31.043819738], [72.81419151300001, 31.042747776], [72.814553964, 31.042207298], [72.815230274, 31.041242863], [72.815962349, 31.040207855], [72.816288545, 31.039781467], [72.816617928, 31.039446118], [72.817567972, 31.038478496], [72.81831742300001, 31.03684774], [72.818255328, 31.035458649], [72.81823273900001, 31.034974477], [72.817010536, 31.032956066], [72.816711462, 31.032463535], [72.816234604, 31.03205303], [72.814826587, 31.030879604], [72.813484414, 31.030082977], [72.812998487, 31.029799582], [72.812201455, 31.029673089], [72.811543006, 31.02956859], [72.811048357, 31.029490088], [72.81054975500001, 31.029541185], [72.8066889, 31.029935926], [72.805563469, 31.030007795], [72.804816435, 31.030055084], [72.804394346, 31.029946569], [72.802592661, 31.029475301], [72.801979778, 31.02931429], [72.801625532, 31.028837952], [72.80093643500001, 31.027910494], [72.800523819, 31.027353365], [72.800673362, 31.026654693], [72.80093186500001, 31.025458711], [72.801818283, 31.022027811], [72.80029287900001, 31.020644249], [72.79903475200001, 31.020175427], [72.798114964, 31.019835132], [72.797143406, 31.017845293], [72.797536842, 31.016556663], [72.797645992, 31.014731391], [72.797669235, 31.01411918], [72.796686972, 31.012461085], [72.795760599, 31.012084958], [72.7948395, 31.011709842], [72.79404538, 31.009792097], [72.794570476, 31.006710045], [72.795927293, 31.004522163], [72.796661274, 31.003331868], [72.797038742, 31.002714417], [72.79701892700001, 31.001219781], [72.795880295, 31.000455438], [72.795447032, 31.000165155], [72.794197523, 30.998710038], [72.794369992, 30.996428795], [72.794821356, 30.994300442], [72.795046168, 30.993262305], [72.795328124, 30.991960285], [72.795379828, 30.9904704], [72.794298077, 30.989260837], [72.793459194, 30.988716155], [72.790537496, 30.986819114], [72.788047077, 30.984920794], [72.78579414, 30.983203494], [72.784829101, 30.982467893], [72.783779325, 30.981731643], [72.782381648, 30.980751397], [72.781333399, 30.980016217], [72.77993888, 30.979038186], [72.776601926, 30.977119742], [72.77575730800001, 30.976742125], [72.775141327, 30.976466728], [72.773789234, 30.975862224], [72.772936115, 30.974797705], [72.772414298, 30.974084422], [72.771927399, 30.973186482], [72.771325063, 30.972074929], [72.771324748, 30.970989186], [72.771324405, 30.969635437], [72.771325026, 30.969120158], [72.77142043500001, 30.968527265], [72.771494849, 30.968069239], [72.771709352, 30.967008102], [72.772179056, 30.966194752], [72.772931987, 30.964891691], [72.773808752, 30.963702978], [72.774070381, 30.963348259], [72.77664805, 30.961124322], [72.777977581, 30.959460648], [72.777720105, 30.957874997], [72.776055999, 30.956635269], [72.774192602, 30.956461182], [72.772694927, 30.956325555], [72.769799147, 30.955170752], [72.769195402, 30.952999936], [72.769884342, 30.952066127], [72.77018657500001, 30.95165671], [72.770606682, 30.951091196], [72.77084840500001, 30.948707368], [72.770218946, 30.9463632], [72.769493781, 30.94511689], [72.768941301, 30.94431691], [72.767150738, 30.94414233], [72.766205851, 30.944131996], [72.764815709, 30.944117462], [72.763054724, 30.94354975], [72.761977294, 30.942922073], [72.761303455, 30.942530816], [72.759657461, 30.941911209], [72.757786212, 30.942534524], [72.757233374, 30.94286071], [72.756097957, 30.943531493], [72.75424878, 30.943126047], [72.753273142, 30.941400555], [72.75365516, 30.93981224], [72.753919483, 30.938716105], [72.75359152, 30.936586296], [72.751095261, 30.935178498], [72.749842398, 30.935262359], [72.748512723, 30.935350233], [72.746163646, 30.935521453], [72.745725158, 30.935553508], [72.74481488500001, 30.935618829], [72.742596992, 30.936387473], [72.742067088, 30.936554269], [72.740241011, 30.937100637], [72.73885023400001, 30.937054637], [72.738329074, 30.937020366], [72.73725501700001, 30.936857858], [72.736134527, 30.936691169], [72.73472993300001, 30.935790024], [72.734569009, 30.933849213], [72.735485546, 30.932769466], [72.736555024, 30.931507548], [72.735403325, 30.929623285], [72.734580441, 30.928162739], [72.73448040992704, 30.92797934938363], [72.734502236994, 30.928037053304664], [72.73562187946297, 30.930604872735376], [72.73329872034695, 30.933268871861937], [72.73323996156554, 30.933343625935432], [72.73318911950973, 30.933423974247532], [72.73314672263369, 30.93350908165496], [72.73238030078087, 30.935266815021045], [72.72928246608079, 30.93171448454209], [72.72921023177611, 30.931640387148867], [72.72913023327465, 30.93157474830199], [72.72904345544453, 30.931518376086707], [72.72660010826486, 30.930117465854675], [72.72536792071311, 30.927291532375577], [72.72532552383707, 30.927206424968148], [72.72527468178126, 30.927126076656048], [72.72521592299985, 30.927051322582553], [72.72250489427923, 30.92394254794286], [72.72243265997454, 30.923868450549637], [72.72235266147308, 30.92380281170276], [72.72226588364296, 30.923746439487477], [72.71684382620171, 30.920637664847785], [72.71676172588322, 30.920595838694638], [72.71667589902025, 30.920562317970088], [72.71658718334318, 30.920537429859923], [72.71649644477931, 30.920521417289567], [72.71640456900067, 30.920514436552942], [72.71631245277936, 30.920516555786932], [72.71622099523431, 30.92052775430633], [72.71613108905535, 30.92054792280573], [72.71604361178987, 30.920576864426423], [72.71595941727738, 30.92061429667788], [72.71587932731539, 30.920659854195062], [72.71580412363814, 30.920713092304634], [72.71573454028628, 30.920773491365285], [72.71567125644216, 30.9208404618398], [72.7156148898005, 30.920913350049354], [72.71556599053929, 30.920991444553874], [72.71552503594963, 30.921073983096193], [72.7130581273488, 30.926731660448212], [72.71095787780918, 30.926731660448212], [72.71086955169314, 30.92673585238664], [72.71078201958262, 30.926748390518586], [72.71069606834548, 30.926769162132818], [72.71061247063834, 30.926797980503395], [72.71053197796078, 30.92683458656825], [72.71045531389987, 30.92687865125804], [72.71038316762534, 30.926929778454273], [72.71031618769442, 30.92698750855022], [72.71025497622163, 30.927051322582553], [72.70483291878038, 30.933268871861937], [72.70477391455364, 30.933343973447254], [72.70472290053912, 30.933424715736138], [72.70468041172789, 30.933510251972972], [72.70464689370604, 30.933599685127348], [72.7046226979817, 30.933692077301338], [72.70460807829882, 30.933786459565365], [72.70460318797602, 30.933881842119504], [72.70460318797602, 30.93679613154526], [72.70344873351537, 30.93944378977375], [72.70100538633571, 30.940844700005783], [72.70093356051268, 30.940890358312824], [72.7008661960829, 30.94094237430512], [72.70080385405028, 30.941000314798938], [72.70074705359274, 30.941063697271897], [72.70069626773856, 30.941131993881402], [72.700651919427, 30.941204635860434], [72.70061437798618, 30.94128101825419], [72.69950298374567, 30.943829920966518], [72.69740273420605, 30.943829920966518], [72.69731589864492, 30.94383397230986], [72.69722981750893, 30.943846091141914], [72.69714523866885, 30.943866172174577], [72.6970628969435, 30.94389404094434], [72.69698350771571, 30.94392945532804], [72.6969077607171, 30.9439721076464], [72.69683631403565, 30.94402162733715], [72.6930205392816, 30.94693869560621], [72.68951804729149, 30.94693869560621], [72.68478022299483, 30.94422223083609], [72.68478022299483, 30.94009939139889], [72.68477562364707, 30.940006882764656], [72.68476187096786, 30.939915286557195], [72.68473910060196, 30.939825506203867], [72.68470753713697, 30.939738427221986], [72.68466749188816, 30.939654908484837], [72.68461935982795, 30.939575773750455], [72.68456361569014, 30.939501803536803], [72.6845008092877, 30.939433727423374], [72.68443156008975, 30.93937221685526], [72.68435655111168, 30.939317878520576], [72.6842765221785, 30.939271248366605], [72.68419226262775, 30.939232786313664], [72.68410460352426, 30.939202871718848], [72.67868254608301, 30.937648484399002], [72.67859812092136, 30.937628479860244], [72.67851220208348, 30.937616407462407], [72.67842553316167, 30.937612371687134], [72.67571450444105, 30.937612371687134], [72.67561757436474, 30.937617422417546], [72.67552169415049, 30.937632519903676], [72.67542790228919, 30.93765750062272], [72.67533721465247, 30.937692094005307], [72.67525061348977, 30.93773592536609], [72.67253958476914, 30.939290312685937], [72.67245280693902, 30.93934668490122], [72.67237280843756, 30.939412323748098], [72.67230057413288, 30.93948642114132], [72.66552300233131, 30.94725835774055], [72.66546399810457, 30.94733345932587], [72.66541298409005, 30.94741420161475], [72.66537049527882, 30.947499737851587], [72.66533697725697, 30.947589171005962], [72.66531278153263, 30.947681563179952], [72.66529816184975, 30.94777594544398], [72.66529327152695, 30.94787132799812], [72.66529327152695, 30.95098010263781], [72.66529816184975, 30.95107548519195], [72.66531278153263, 30.951169867455977], [72.66533697725697, 30.951262259629967], [72.66537049527882, 30.951351692784343], [72.66541298409005, 30.951437229021177], [72.66546399810457, 30.95151797131006], [72.66552300233131, 30.951593072895378], [72.66935981460789, 30.95599279932097], [72.66935981460789, 30.95875203923704], [72.66936470493069, 30.95884742179118], [72.66937932461357, 30.958941804055208], [72.66940352033791, 30.959034196229197], [72.66943703835976, 30.959123629383573], [72.66947952717099, 30.959209165620408], [72.66953054118551, 30.95928990790929], [72.66958954541225, 30.959365009494608], [72.67312154348245, 30.96341520119658], [72.67094505977256, 30.965911005578704], [72.67088278010209, 30.965990777167086], [72.67082951073233, 30.96607682737285], [72.6707858789304, 30.966168142922054], [72.67075239847739, 30.966263648539336], [72.66959231357431, 30.9702545054039], [72.66622590391886, 30.9702545054039], [72.66613750567035, 30.970258704207396], [72.6660499033772, 30.970271262811014], [72.66596388582782, 30.970292068134604], [72.6658802275413, 30.970320932842906], [72.66579968179342, 30.97035759703236], [72.66572297383406, 30.97040173057134], [72.66565079435694, 30.9704529360727], [72.66558379328032, 30.97051075247196], [72.66552257389523, 30.970574659178798], [72.66546768743312, 30.970644080764547], [72.66541962810261, 30.97071839214349], [72.66331799423608, 30.974333351669618], [72.66178932444352, 30.97491766736344], [72.6612279844597, 30.97491766736344], [72.65879571934452, 30.972128554858088], [72.65872348503984, 30.972054457464864], [72.65864348653838, 30.971988818617987], [72.65855670870826, 30.971932446402704], [72.65584567998764, 30.970378059082858], [72.65575907882493, 30.970334227722073], [72.65566839118821, 30.970299634339487], [72.65557459932691, 30.970274653620443], [72.65547871911266, 30.970259556134312], [72.65538178903635, 30.9702545054039], [72.64902835521688, 30.9702545054039], [72.64659609010171, 30.96746539289855], [72.64653109266655, 30.96739800922558], [72.6464596669104, 30.967337481650723], [72.6463825326086, 30.967284420125623], [72.64630046706297, 30.967239359364637], [72.64621429726871, 30.967202753456426], [72.64612489158056, 30.967174971287953], [72.64603315096217, 30.967156292827138], [72.6459399999069, 30.967146906301537], [72.64584637712143, 30.967146906301537], [72.64575322606616, 30.967156292827138], [72.64566148544777, 30.967174971287953], [72.64557207975962, 30.967202753456426], [72.64548590996536, 30.967239359364637], [72.64540384441973, 30.967284420125623], [72.64532671011793, 30.967337481650723], [72.64525528436178, 30.96739800922558], [72.64519028692662, 30.96746539289855], [72.63985192605399, 30.973586966149355], [72.63849996507957, 30.97487889331805], [72.63828252570858, 30.975252904480534], [72.6359406970407, 30.976595608362242], [72.63586887121767, 30.976641266669283], [72.63580150678789, 30.97669328266158], [72.63573916475526, 30.976751223155397], [72.63568236429772, 30.976814605628356], [72.63563157844355, 30.97688290223786], [72.63558723013199, 30.976955544216892], [72.63554968869117, 30.97703192661065], [72.63443829445066, 30.979580829322977], [72.63233804491104, 30.979580829322977], [72.63224580033489, 30.979585402386714], [72.63215446038166, 30.97959907673086], [72.63206492080286, 30.979621718254034], [72.63197805969409, 30.979653104915634], [72.63189472888378, 30.97969292891334], [72.63181574557943, 30.979740799701688], [72.63174188435352, 30.979796247822033], [72.63167386954738, 30.979858729506457], [72.63161236816775, 30.979927632010373], [72.63155798334557, 30.98000227962158], [72.63151124842122, 30.980081940286833], [72.63147262171417, 30.980165832790938], [72.63144248202832, 30.98025313441795], [72.63028239712524, 30.984243991282515], [72.62284944438885, 30.984243991282515], [72.62275251431254, 30.984249042012927], [72.62265663409829, 30.984264139499057], [72.62256284223699, 30.9842891202181], [72.62247215460027, 30.984323713600688], [72.62238555343757, 30.984367544961472], [72.61967452471694, 30.985921932281318], [72.61958774688682, 30.9859783044966], [72.61950774838536, 30.98604394334348], [72.61943551408068, 30.986118040736702], [72.6170032489655, 30.988907153242053], [72.61514049620907, 30.988907153242053], [72.61270823109389, 30.986118040736702], [72.61264701962111, 30.98605422670437], [72.61258003969019, 30.985996496608422], [72.61250789341565, 30.98594536941219], [72.61243122935474, 30.9859013047224], [72.61235073667719, 30.985864698657544], [72.61226713897004, 30.985835880286967], [72.6121811877329, 30.985815108672735], [72.61209365562239, 30.985802570540788], [72.61200532950635, 30.98579837860236], [72.60929430078572, 30.98579837860236], [72.60920590253721, 30.985802577405856], [72.60911830024406, 30.985815136009474], [72.60903228269468, 30.985835941333065], [72.60894862440816, 30.985864806041366], [72.60886807866028, 30.98590147023082], [72.60879137070093, 30.9859456037698], [72.6087191912238, 30.98599680927116], [72.60865219014718, 30.98605462567042], [72.6085909707621, 30.986118532377258], [72.60853608429998, 30.986187953963007], [72.60848802496947, 30.98626226534195], [72.6070619352565, 30.988715240941154], [72.60392770650257, 30.991410788979163], [72.60234455963443, 30.992015927881745], [72.59980570026353, 30.992015927881745], [72.59970877018722, 30.992020978612157], [72.59961288997297, 30.992036076098287], [72.59951909811167, 30.99206105681733], [72.59942841047496, 30.992095650199918], [72.59934180931225, 30.992139481560702], [72.59663078059162, 30.99369386888055], [72.5965589547686, 30.99373952718759], [72.59649159033881, 30.993791543179885], [72.5964292483062, 30.993849483673703], [72.59637244784865, 30.993912866146662], [72.59632166199448, 30.993981162756167], [72.59627731368292, 30.9940538047352], [72.5962397722421, 30.994130187128956], [72.59488425788179, 30.997238961768648], [72.59485058224942, 30.997328459516673], [72.59482624785215, 30.997420935093054], [72.59481151050785, 30.997515416338814], [72.59480652514436, 30.997610910010163], [72.59481134417082, 30.99770641222009], [72.59482591692671, 30.99780091899182], [72.59485009021445, 30.99789343681322], [72.59488360990987, 30.99798299308121], [72.59492612363375, 30.998068646326328], [72.59497718445618, 30.99814949611006], [72.59503625559505, 30.99822469249076], [72.59751755351131, 31.001070031596505], [72.59751755351131, 31.00328894899024], [72.59527526623131, 31.00457458011947], [72.59519991572107, 31.004622723996444], [72.59512952210524, 31.004677862650166], [72.59506473246633, 31.004739489227017], [72.59500614237317, 31.004807037234148], [72.59495429040619, 31.004879885746863], [72.59490965320666, 31.004957365116386], [72.59487264109517, 31.005038763125498], [72.59484359429987, 31.005123331535486], [72.59357365751623, 31.009492094474396], [72.59000144789783, 31.012222963039743], [72.58489504230009, 31.012222963039743], [72.58479811222378, 31.012228013770155], [72.58470223200953, 31.012243111256286], [72.58460844014823, 31.01226809197533], [72.58451775251152, 31.012302685357916], [72.58443115134881, 31.0123465167187], [72.58156897918796, 31.013987563189435], [72.5752809962006, 31.012785810149023], [72.57947298485884, 31.015189316229847], [72.57451481836887, 31.0123465167187], [72.5744317501517, 31.0123042569422], [72.57434487887983, 31.01227049898703], [72.57425507208602, 31.01224557997421], [72.57416322661838, 31.012229748755395], [72.57407025968408, 31.012223163427745], [72.5739770996897, 31.01222588975509], [72.57388467696981, 31.012237900511185], [72.57379391449625, 31.01225907575161], [72.568371857055, 31.013813463071457], [72.56828938342277, 31.01384133319133], [72.56820986775581, 31.013876771903256], [72.56813400287857, 31.013919470427762], [72.56806244980594, 31.01396905673022], [72.56432746993893, 31.01682435924619], [72.56333225811238, 31.01663415535397], [72.56160289892746, 31.015642615143406], [72.55814418055765, 31.015642615143406], [72.55716536303159, 31.015455544513554], [72.55596928925593, 31.01134088081487], [72.55594024246064, 31.011256312404882], [72.55590323034914, 31.01117491439577], [72.55585859314961, 31.011097435026247], [72.55580674118264, 31.011024586513532], [72.55574815108947, 31.0109570385064], [72.55568336145056, 31.01089541192955], [72.55561296783473, 31.01084027327583], [72.55553761732449, 31.010792129398855], [72.5535516477398, 31.009653459816878], [72.5545731113137, 31.00731080661681], [72.55460531604247, 31.007225882250005], [72.55462910739575, 31.00713822801941], [72.55464425973419, 31.007048675245745], [72.55465062935163, 31.006958073255667], [72.55464815583802, 31.00686728132672], [72.55463686265242, 31.006777160537823], [72.55461685690041, 31.006688565602765], [72.55458832831837, 31.006602336763976], [72.55455154747396, 31.00651929182363], [72.55450686320009, 31.006440218387507], [72.55445469928647, 31.006365866395285], [72.55439555046041, 31.006296941008035], [72.55432997769476, 31.006234095920416], [72.55425860288763, 31.006177927160962], [72.55418210296418, 31.006128967439317], [72.55147107424355, 31.00457458011947], [72.55138447308084, 31.004530748758686], [72.55129378544413, 31.0044961553761], [72.55119999358283, 31.004471174657056], [72.55110411336858, 31.004456077170925], [72.55100718329227, 31.004451026440513], [72.54829615457164, 31.004451026440513], [72.54820388325206, 31.004455602162807], [72.54811251734374, 31.00446928443046], [72.54802295337359, 31.004491938986384], [72.54793607018705, 31.004523343533005], [72.54785272032439, 31.00456318991358], [72.54777372165515, 31.00461108713595], [72.54769984935287, 31.004666565209178], [72.54763182828867, 31.004729079755307], [72.54757032591847, 31.00479801735108], [72.54751594573355, 31.004872701547132], [72.54746922133884, 31.004952399505648], [72.54743061121695, 31.005036329191334], [72.54740049422924, 31.005123667045115], [72.54737916589829, 31.005213556065307], [72.54736683550813, 31.00530511421694], [72.54736362405055, 31.005397443086707], [72.54736956303796, 31.005489636698638], [72.54738459419409, 31.00558079040398], [72.54740857002591, 31.00567000975805], [72.54744125527084, 31.005756419296965], [72.54850469012318, 31.008195330603794], [72.54501870568062, 31.01086028209053], [72.54494619901504, 31.01092181450225], [72.54488033535303, 31.010990410655715], [72.54482179948742, 31.011065357347995], [72.54477120002309, 31.011145875348802], [72.54472906304908, 31.011231127502246], [72.54469582666887, 31.011320227430843], [72.54467183644535, 31.011412248751306], [72.54465734180789, 31.01150623470627], [72.54465249345911, 31.011601208111806], [72.54465249345911, 31.015914835347722], [72.54217119554285, 31.01876017445347], [72.54211219131611, 31.018835276038786], [72.54206117730159, 31.01891601832767], [72.54201868849036, 31.019001554564504], [72.54198517046851, 31.01909098771888], [72.54196097474417, 31.01918337989287], [72.54194635506128, 31.019277762156896], [72.54194146473849, 31.019373144711036], [72.54194146473849, 31.022481919350728], [72.54194631308727, 31.022576892756263], [72.54196080772472, 31.022670878711228], [72.54198479794825, 31.02276290003169], [72.54201803432845, 31.022851999960288], [72.54206017130247, 31.02293725211373], [72.5421107707668, 31.02301777011454], [72.5421693066324, 31.02309271680682], [72.54223517029442, 31.023161312960283], [72.54230767696, 31.023222845372004], [72.54579366140256, 31.02588779685874], [72.54478770547111, 31.028194884396807], [72.54259073053508, 31.0307141863552], [72.54198247372136, 31.03106293466291], [72.5418994055042, 31.03110519443941], [72.54181253423232, 31.03113895239458], [72.54172272743851, 31.0311638714074], [72.54163088197087, 31.031179702626215], [72.54153791503657, 31.031186287953865], [72.54144475504219, 31.03118356162652], [72.5413523323223, 31.031171550870425], [72.54126156984874, 31.03115037563], [72.53706719431672, 31.02994793832418], [72.53679942691637, 31.02964088569239], [72.53673597096856, 31.029574950616166], [72.53666635871267, 31.029515551749036], [72.53659126034557, 31.02946326095779], [72.53651139888214, 31.02941858167572], [72.53642754319424, 31.029381944055775], [72.53634050060843, 31.029353700829226], [72.53625110913339, 31.029334123909738], [72.53616022939183, 31.029323401775486], [72.5360687363349, 31.029321637654572], [72.53597751081847, 31.0293288485312], [72.53588743112266, 31.02934496498214], [72.5357993644961, 31.029369831845123], [72.53571415880646, 31.029403209712672], [72.53563263437755, 31.029444777237007], [72.53042606864027, 31.032429998197742], [72.52550080969364, 31.032429998197742], [72.52300527267698, 31.030999164556853], [72.5229267025547, 31.030958931173352], [72.5228446805989, 31.030926306213118], [72.52275994158983, 31.030901581941507], [72.52267324464802, 31.030884979846856], [72.52258536643383, 31.030876648656314], [72.52249709418984, 31.03087666300348], [72.5224092186885, 31.030885022759833], [72.52232252714806, 31.030901653035862], [72.52223779618049, 31.030926404851964], [72.5221557848343, 31.03095905647305], [72.52207722779468, 31.030999315394926], [72.522002828802, 31.031046820964633], [72.52193325434746, 31.03110114761131], [72.51727046002452, 31.03511131632448], [72.51687140319632, 31.03476811328004], [72.51375568279106, 31.031195273012237], [72.5136906853559, 31.031127889339267], [72.51361925959975, 31.03106736176441], [72.51354212529795, 31.03101430023931]], [[72.76820599133865, 31.11855694863494], [72.77538269336115, 31.12064343664977], [72.76936448162976, 31.119873239746198], [72.76820599133865, 31.11855694863494]], [[72.67593971510223, 30.9400321095194], [72.67565797595985, 30.94040331105423], [72.67597279128577, 30.939535980114286], [72.67593971510223, 30.9400321095194]], [[72.64389104734872, 30.995124117674088], [72.64380123515252, 30.995185969416323], [72.64384765346146, 30.99507002533675], [72.64389104734872, 30.995124117674088]], [[72.63668915350365, 31.000083908221587], [72.63648939943751, 30.999876248319264], [72.63676725714039, 31.0000301199143], [72.63668915350365, 31.000083908221587]], [[72.62491000021085, 30.996520805988407], [72.62200275279874, 31.002206481037586], [72.62285510520944, 30.99869246351549], [72.62491000021085, 30.996520805988407]], [[72.59980403683501, 31.015475682534753], [72.5978122616775, 31.01631680514062], [72.59807740190463, 31.015740098774106], [72.59980403683501, 31.015475682534753]], [[72.58609177699098, 31.027142254784014], [72.58576861791539, 31.028198865680576], [72.5855362651422, 31.027470847286313], [72.58609177699098, 31.027142254784014]], [[72.55172885573825, 31.05281928613959], [72.54571064856043, 31.050055835573737], [72.54952388276607, 31.050740481801704], [72.55172885573825, 31.05281928613959]], [[72.54845200758895, 31.214221151191566], [72.54837871258337, 31.214262819614405], [72.54184391426531, 31.20621469105521], [72.54845200758895, 31.214221151191566]], [[72.54069258289148, 31.047751631680015], [72.53986899635075, 31.045266816733676], [72.54047536692283, 31.04574680337561], [72.54071302382803, 31.047761017783888], [72.54069258289148, 31.047751631680015]], [[72.53485819872635, 31.041873887951574], [72.52954294067196, 31.044001907330706], [72.5304204531313, 31.043074533165058], [72.53485819872635, 31.041873887951574]]]}}, {"type": "Feature", "properties": {"na": "NA-106", "src": "sheet-split: tts_na106_107.jpg, outline-fit", "approx": false, "rms_km": 1.878}, "geometry": {"type": "Polygon", "coordinates": [[[72.35140116515545, 30.690531107886798], [72.3513206724779, 30.690567713951655], [72.35124400841698, 30.690611778641443], [72.35117186214245, 30.690662905837677], [72.35110488221153, 30.690720635933623], [72.35104367073875, 30.690784449965957], [72.34861140562357, 30.693573562471308], [72.33683591436285, 30.693573562471308], [72.33674907880172, 30.69357761381465], [72.33666299766573, 30.693589732646704], [72.33657841882565, 30.693609813679366], [72.3364960771003, 30.69363768244913], [72.33641668787251, 30.69367309683283], [72.3363409408739, 30.69371574915119], [72.33626949419245, 30.69376526884194], [72.3324537194384, 30.696682337111], [72.32463628512004, 30.696682337111], [72.32454961619823, 30.696686372886273], [72.32446369736034, 30.69669844528411], [72.3243792721987, 30.696718449822868], [72.31895721475745, 30.698272837142714], [72.31887268935822, 30.698301511932222], [72.3187912922103, 30.69833813557186], [72.31871376885447, 30.69838237261478], [72.31864082935022, 30.698433817880726], [72.31857314177225, 30.698492000167168], [72.31851132609124, 30.698556386565187], [72.31607906097607, 30.701345499070538], [72.31379217023753, 30.701345499070538], [72.31370550131572, 30.70134953484581], [72.31361958247784, 30.701361607243648], [72.3135351573162, 30.701381611782406], [72.30811309987494, 30.70293599910225], [72.30802544077146, 30.702965913697067], [72.30794118122071, 30.70300437575001], [72.30786115228753, 30.70305100590398], [72.30778614330946, 30.703105344238665], [72.30771689411151, 30.703166854806778], [72.30765408770907, 30.703234930920207], [72.30759834357126, 30.70330890113386], [72.30755021151104, 30.70338803586824], [72.30751016626223, 30.70347155460539], [72.30747860279725, 30.70355863358727], [72.30745583243134, 30.7036484139406], [72.30744207975214, 30.70374001014806], [72.30743748040437, 30.703832518782292], [72.30743748040437, 30.70849568074183], [72.30744240341534, 30.70859138070488], [72.3074571204748, 30.708686070340665], [72.30748147621128, 30.708778749988188], [72.30751521349548, 30.708868441206373], [72.30873591198242, 30.711668025342146], [72.30748141580501, 30.71598367040218], [72.30649025110984, 30.718825126529794], [72.307085573, 30.718600991], [72.307592158, 30.718410268], [72.309249952, 30.718401451], [72.31090238, 30.719051538], [72.311413931, 30.719373675], [72.311782413, 30.719605739], [72.312162023, 30.719844821], [72.313327, 30.720578638], [72.314137894, 30.721443353], [72.314719678, 30.722064028], [72.315399713, 30.722787552], [72.316779931, 30.724124887], [72.31830897600001, 30.724500193], [72.320238896, 30.724221099], [72.320964599, 30.723919481], [72.32323752100001, 30.722948004], [72.32595096700001, 30.720268472], [72.326871909, 30.719359121], [72.330336453, 30.716214625], [72.330851036, 30.71583374], [72.332377011, 30.714713036], [72.333711151, 30.714471339], [72.335026059, 30.714233127], [72.335667912, 30.714151983], [72.33748338, 30.714145635], [72.338260768, 30.714142916], [72.34026753, 30.714614288], [72.340893143, 30.714879219], [72.34238794, 30.715512227], [72.342976257, 30.715761365], [72.343520388, 30.716098728], [72.34591671000001, 30.717584458], [72.34665582, 30.718042709], [72.347633715, 30.718877606], [72.352197495, 30.72277402], [72.353188678, 30.723620378], [72.354024922, 30.724625618], [72.357318894, 30.728602451], [72.358007416, 30.729433401], [72.35845093, 30.729968581], [72.35922314, 30.73075323], [72.360638768, 30.732191661], [72.361019641, 30.732578566], [72.361779137, 30.733350399], [72.36206927900001, 30.733949253], [72.362871902, 30.735586267], [72.363099038, 30.736322074], [72.36150722900001, 30.738074396], [72.360730447, 30.739002203], [72.360150414, 30.739693784], [72.35900959300001, 30.740173651], [72.357768742, 30.740622699], [72.35662234, 30.741037569], [72.354897234, 30.740869888], [72.35347875, 30.74073201], [72.352626611, 30.740164739], [72.351941994, 30.739708991], [72.350956486, 30.739567178], [72.350150543, 30.739451201], [72.348794536, 30.739522015], [72.347887577, 30.739569377], [72.34654483, 30.740505274], [72.34601987, 30.740871995], [72.344787655, 30.743128042], [72.345671639, 30.74458109], [72.34680696400001, 30.744905078], [72.348242646, 30.745299413], [72.348743517, 30.746803048], [72.34852747, 30.748222628], [72.348379425, 30.749596395], [72.349253432, 30.750980019], [72.35021606, 30.751838504], [72.35117588700001, 30.752694427], [72.353402892, 30.753643794], [72.355423393, 30.753904047], [72.35669866100001, 30.753409902], [72.358184514, 30.752834159], [72.36019490400001, 30.753284546], [72.361151631, 30.753756162], [72.365353645, 30.755827534], [72.365850233, 30.756102016], [72.36821937900001, 30.757844712], [72.36872124300001, 30.758214809], [72.369789491, 30.759410333], [72.369364417, 30.761338999], [72.36804379, 30.762056788], [72.365210787, 30.763575022], [72.362886081, 30.764519142], [72.359751198, 30.765783856], [72.358178601, 30.766418294], [72.355797519, 30.767515395], [72.3498419, 30.770251801], [72.347172007, 30.77238089], [72.34635963800001, 30.773028731], [72.34583057200001, 30.773821267], [72.344271371, 30.776156937], [72.343689491, 30.777028589], [72.34336673700001, 30.778134369], [72.343151986, 30.778870119], [72.342945642, 30.779576661], [72.342620366, 30.780691489], [72.34250058900001, 30.781956632], [72.342399289, 30.783026604], [72.34173793100001, 30.790012158], [72.341249739, 30.792574481], [72.341006718, 30.793849999], [72.340907124, 30.795990015], [72.34104854600001, 30.796997271], [72.341637379, 30.801191172], [72.34175931, 30.802059609], [72.34201688, 30.802825056], [72.342616993, 30.804608826], [72.343152462, 30.806199016], [72.345277354, 30.80958922], [72.345512297, 30.809964064], [72.346519741, 30.811571414], [72.346869987, 30.812957435], [72.34700148600001, 30.813477813], [72.347538422, 30.815603089], [72.347861131, 30.816879662], [72.347805168, 30.818082009], [72.347571478, 30.823102776], [72.347448929, 30.823729775], [72.347097423, 30.825065466], [72.346749189, 30.826388729], [72.345838301, 30.827029551], [72.344641329, 30.827871639], [72.343766837, 30.827979179], [72.342930171, 30.828082068], [72.342140109, 30.828179226], [72.340581909, 30.82773797], [72.339692412, 30.826907066], [72.339299681, 30.826540204], [72.33892672600001, 30.825353191], [72.338297358, 30.82335613], [72.338137277, 30.822848172], [72.33798821, 30.821549068], [72.337777455, 30.819712363], [72.337428306, 30.816669575], [72.33732926200001, 30.815806418], [72.337121893, 30.815167061], [72.336768915, 30.814078767], [72.33624700700001, 30.812476408], [72.335069321, 30.811772656], [72.33146167000001, 30.809661393], [72.330821197, 30.809287066], [72.329999455, 30.809112172], [72.328288247, 30.808755511], [72.32745181700001, 30.808581177], [72.326788684, 30.808631198], [72.325638917, 30.80871793], [72.324948085, 30.8092652], [72.323993674, 30.810019895], [72.323176929, 30.810957748], [72.322153607, 30.812131059], [72.321848558, 30.812480817], [72.319799865, 30.812800681], [72.317796105, 30.811848476], [72.315806387, 30.810908252], [72.313272065, 30.810513097], [72.31130053000001, 30.810949925], [72.309657126, 30.812258904], [72.309164887, 30.812940729], [72.30483989800001, 30.818931499], [72.3036197, 30.82062166], [72.302999718, 30.821327459], [72.302442581, 30.821962127], [72.301521778, 30.823011041], [72.28939995, 30.836840118], [72.28740487600001, 30.83914405], [72.287025087, 30.839588599], [72.286301199, 30.839997391], [72.284941841, 30.84061007], [72.283102822, 30.840879928], [72.281479452, 30.839927903], [72.280172132, 30.83890858], [72.279439118, 30.837831984], [72.279146251, 30.837401215], [72.27825481, 30.836104146], [72.27571992, 30.834954365], [72.274287623, 30.835893049], [72.273048919, 30.836704794], [72.271337454, 30.837959761], [72.26999833, 30.838941766], [72.268781849, 30.839486416], [72.266363383, 30.840569226], [72.265150996, 30.841112044], [72.263894387, 30.841390029], [72.259285164, 30.842409674], [72.257987453, 30.84269686], [72.256258062, 30.843079325], [72.254572351, 30.843403834], [72.251205311, 30.844052008], [72.250365165, 30.844213741], [72.248260259, 30.844618948], [72.24653257, 30.845669012], [72.245767389, 30.846133995], [72.24491945, 30.847630445], [72.244707613, 30.847999807], [72.244858906, 30.848510376], [72.245133048, 30.849435747], [72.245291408, 30.849969955], [72.245543888, 30.850324135], [72.246452097, 30.851596394], [72.247122654, 30.852527304], [72.250070234, 30.857168749], [72.250627757, 30.858051624], [72.2508565, 30.858671103], [72.251008155, 30.859081814], [72.251159842, 30.859492601], [72.2512866, 30.859969151], [72.251793371, 30.861874697], [72.252310692, 30.863820366], [72.252550006, 30.864421607], [72.253236712, 30.866145928], [72.253727725, 30.867380204], [72.254828117, 30.8684078], [72.255495252, 30.869031128], [72.256543023, 30.870009259], [72.257254068, 30.87105148], [72.257646485, 30.871626669], [72.258447881, 30.872801326], [72.258876909, 30.873750646], [72.259880105, 30.875970441], [72.260939749, 30.877778462], [72.261654117, 30.879209616], [72.26505005300001, 30.884340149], [72.265505974, 30.885055443], [72.266189795, 30.886127809], [72.26719775, 30.887013386], [72.269428763, 30.888973526], [72.26988069, 30.889370584], [72.270231693, 30.889620805], [72.27341784500001, 30.891891632], [72.274481371, 30.892649436], [72.275673688, 30.893108579], [72.279090484, 30.894424336], [72.280038474, 30.894789393], [72.281334858, 30.895126292], [72.285664915, 30.896251571], [72.286962214, 30.896588707], [72.28823648, 30.896809394], [72.29257101600001, 30.897560082], [72.294967295, 30.898033435], [72.29615893200001, 30.898268827], [72.297721087, 30.898187479], [72.298427601, 30.898150428], [72.299929333, 30.897530425], [72.30033382, 30.897363429], [72.302347649, 30.896532001], [72.304178172, 30.8960107], [72.306321638, 30.896085703], [72.308228775, 30.896540824], [72.308974867, 30.897030275], [72.309347163, 30.897274541], [72.30979392200001, 30.897567759], [72.310422415, 30.897979893], [72.31120111700001, 30.898705951], [72.311989174, 30.899440777], [72.312591123, 30.900004252], [72.31310895300001, 30.901170383], [72.314097781, 30.90340064], [72.314433945, 30.904158841], [72.314461121, 30.905028692], [72.314546647, 30.907417714], [72.314581564, 30.908350243], [72.314349762, 30.909174883], [72.313970356, 30.910540096], [72.314024875, 30.911207513], [72.314151014, 30.912720433], [72.315568862, 30.913939306], [72.31729626900001, 30.91405845], [72.321200603, 30.914327744], [72.326217325, 30.914498603], [72.326739585, 30.914516383], [72.327656916, 30.91463484], [72.32884970100001, 30.914804461], [72.330447179, 30.915031629], [72.33327963100001, 30.916866859], [72.333636193, 30.918271491], [72.333650926, 30.919097119], [72.333606529, 30.920020019], [72.33293759, 30.921796646], [72.332713107, 30.922398918], [72.332873024, 30.922962783], [72.333256961, 30.924213876], [72.333398467, 30.924680379], [72.333807327, 30.925024524], [72.334503661, 30.925610768], [72.33557053, 30.926509211], [72.337166905, 30.927461136], [72.3396477, 30.928940888], [72.34360989400001, 30.931417385], [72.344863714, 30.932354285], [72.345792349, 30.933048192], [72.346579742, 30.934210786], [72.347277394, 30.935240872], [72.34769493600001, 30.937898384], [72.347818496, 30.938790937], [72.34794809200001, 30.94032932], [72.348283237, 30.941083884], [72.348631721, 30.94178751], [72.349937733, 30.943189519], [72.351539951, 30.944546965], [72.352252056, 30.945150081], [72.353339202, 30.946648152], [72.354162074, 30.94794234], [72.354224041, 30.948998808], [72.354288108, 30.95009118], [72.35422132100001, 30.951555697], [72.354162039, 30.952847699], [72.35408393, 30.954568505], [72.353455578, 30.958439458], [72.353140897, 30.960379343], [72.353338164, 30.961843895], [72.353975776, 30.966582727], [72.35448512, 30.968859301], [72.354738175, 30.969980146], [72.35557329400001, 30.971201392], [72.355926205, 30.971717476], [72.356646853, 30.972771324], [72.357682274, 30.97348374], [72.360818487, 30.9756416], [72.362576397, 30.976793516], [72.364178048, 30.97784304], [72.36521075200001, 30.978519746], [72.367006316, 30.979681042], [72.368071263, 30.980369804], [72.369003074, 30.981326904], [72.36930943, 30.981641574], [72.370230821, 30.982587971], [72.370617677, 30.983389409], [72.371472552, 30.985160432], [72.371699268, 30.985648572], [72.37207424, 30.986455932], [72.372299603, 30.986941169], [72.372226894, 30.988543931], [72.372171954, 30.98975498], [72.372087796, 30.991610765], [72.372208583, 30.994241104], [72.372238423, 30.994890919], [72.372463425, 30.999790654], [72.3724432, 31.000249552], [72.372388465, 31.001491357], [72.372368936, 31.001932998], [72.374479139, 31.003884351], [72.376131775, 31.005256553], [72.376407475, 31.005898666], [72.37685698, 31.00773908], [72.376799011, 31.008990005], [72.376741554, 31.010439921], [72.37678265000001, 31.014359283], [72.376946856, 31.015244382], [72.377492413, 31.01817856], [72.377659223, 31.018722649], [72.377918848, 31.019493055], [72.37830815, 31.020649053], [72.379820834, 31.022252495], [72.381314107, 31.022651017], [72.38208925100001, 31.022857886], [72.383179366, 31.023148814], [72.383968578, 31.023386622], [72.386078885, 31.024022502], [72.387589101, 31.024631677], [72.388724439, 31.025089637], [72.38948064600001, 31.025394668], [72.39030729000001, 31.025728114], [72.390999084, 31.026075859], [72.3936305, 31.027398604], [72.394425303, 31.027773774], [72.396289186, 31.028652781], [72.397166409, 31.029952839], [72.39777188500001, 31.030848795], [72.399454101, 31.0320238], [72.40040795, 31.032690049], [72.401927002, 31.033070457], [72.40382501500001, 31.033545766], [72.40489099700001, 31.033812715], [72.40663096367125, 31.033988448814185], [72.40554300875671, 31.032740875661712], [72.40325611801818, 31.032740875661712], [72.40316470405814, 31.03273638478183], [72.40307417046452, 31.032722955391815], [72.40298538912529, 31.03270071682403], [72.40289921505331, 31.032669883248044], [72.40281647815198, 31.032630751608046], [72.40273797522288, 31.032583698763123], [72.40266446229215, 31.032529177857892], [72.4025966473295, 31.032467713958475], [72.40253518343009, 31.032399898995823], [72.40248066252485, 31.032326386065098], [72.40243360967993, 31.03224788313601], [72.40239447803994, 31.032165146234675], [72.40236364446395, 31.032078972162687], [72.40234140589617, 31.031990190823464], [72.40232797650616, 31.031899657229836], [72.40232348562627, 31.031808243269804], [72.40232348562627, 31.02923979115245], [72.40008119834627, 31.027954160023217], [72.40000496523659, 31.02790538991682], [72.3999338179, 31.027849460793917], [72.39986842625525, 31.027786899279498], [72.3998094060258, 31.027718294448725], [72.3997573129423, 31.027644292280236], [72.39971263750984, 31.027565589573644], [72.3996758003894, 31.02748292738853], [72.39964714843691, 31.02739708406666], [72.39962695143731, 31.02730886790319], [72.39961539956423, 31.027219109535793], [72.39961260158934, 31.027128654123423], [72.39961858385821, 31.02703835338838], [72.39963329004219, 31.026949057596525], [72.39965658166878, 31.026861607551236], [72.39968823942556, 31.02677682667647], [72.39972796522514, 31.026695513263444], [72.39977538501196, 31.026618432953974], [72.3998300522844, 31.026546311531256], [72.39989145229895, 31.026479828085925], [72.39995900691707, 31.02641960862179], [72.40003208004886, 31.026366220161414], [72.40010998364244, 31.026320165407082], [72.40019198416265, 31.026281878007364], [72.40027730949788, 31.02625171847394], [72.40036515623035, 31.026229970787018], [72.40045469720089, 31.026216839721403], [72.40054508929755, 31.026212448918358], [72.40867817545943, 31.026212448918358], [72.40876650157547, 31.026216640856784], [72.40885403368598, 31.026229178988732], [72.40893998492312, 31.026249950602963], [72.40902358263027, 31.02627876897354], [72.40910407530782, 31.026315375038397], [72.40918073936874, 31.026359439728186], [72.40925288564327, 31.02641056692442], [72.40931986557419, 31.026468297020365], [72.40938107704697, 31.0265321110527], [72.41181334216215, 31.02932122355805], [72.41774263799952, 31.02932122355805], [72.42153041747501, 31.024977723732853], [72.42159387342282, 31.024911788656627], [72.42166348567872, 31.024852389789498], [72.42173858404581, 31.024800098998252], [72.42181844550925, 31.024755419716183], [72.42190230119715, 31.024718782096237], [72.42198934378295, 31.024690538869688], [72.422078735258, 31.0246709619502], [72.42216961499956, 31.024660239815947], [72.42226110805649, 31.024658475695034], [72.42235233357292, 31.024665686571662], [72.42244241326873, 31.024681803022602], [72.42253047989529, 31.024706669885585], [72.42261568558493, 31.024740047753134], [72.42269721001384, 31.02478161527747], [72.42540823873446, 31.026336002597315], [72.42549445269741, 31.026391962619904], [72.42557398524916, 31.02645706979883], [72.42564587041092, 31.0265305333616], [72.42570923508681, 31.026611461041565], [72.43015790243966, 31.03298814756546], [72.43110244453591, 31.03434204714452], [72.4314327105156, 31.034720767773404], [72.43350157192715, 31.03709316015728], [72.43689557777869, 31.03709316015728], [72.43939111479534, 31.03566232651639], [72.43946965981937, 31.035622104520062], [72.43955165474887, 31.035589486100058], [72.43963636550379, 31.035564763280913], [72.43972303369, 31.035548157399827], [72.43981088338894, 31.035539817125088], [72.4398991281043, 31.035539817125088], [72.43998697780324, 31.035548157399827], [72.44007364598946, 31.035564763280913], [72.44015835674438, 31.035589486100058], [72.44024035167388, 31.035622104520062], [72.4403188966979, 31.03566232651639], [72.44212709097191, 31.036699067377874], [72.44306664952676, 31.034544257444953], [72.44310660381646, 31.034463511782402], [72.44315416242722, 31.03438699782401], [72.44320888158563, 31.03431542952803], [72.44327025070257, 31.034249474704296], [72.44333769713758, 31.03418974878287], [72.44341059154227, 31.0341368090714], [72.44348825373277, 31.03409114955482], [72.44356995903657, 31.034053196285953], [72.44365494505455, 31.034023303409978], [72.44374241877496, 31.034001749859858], [72.4438315639731, 31.033988736753592], [72.44392154882756, 31.033984385517588], [72.44934360626881, 31.033984385517588], [72.44943044182995, 31.03398843686093], [72.44951652296594, 31.034000555692984], [72.44960110180601, 31.034020636725646], [72.44968344353136, 31.03404850549541], [72.44976283275915, 31.03408391987911], [72.44983857975777, 31.03412657219747], [72.44991002643921, 31.03417609188822], [72.45397656952015, 31.037284866527912], [72.45404865041098, 31.037345998776612], [72.45411417394877, 31.03741411245109], [72.45417246721219, 31.03748850802955], [72.45422293153425, 31.037568421475562], [72.45426504865056, 31.037653032084645], [72.45537644289107, 31.040201934796972], [72.46093245633062, 31.040201934796972], [72.46204385057113, 31.037653032084645], [72.46208540534751, 31.03756942223573], [72.46213511168601, 31.037490386255403], [72.46219247141609, 31.037416716263955], [72.46225690966277, 31.03734915060227], [72.46232778060825, 31.037288366431966], [72.46240437396447, 31.037234972948678], [72.46248592209177, 31.03718950527656], [72.46257160769244, 31.037152419105105], [72.46266057200185, 31.03712408612211], [72.46275192339527, 31.037104790288506], [72.46284474632395, 31.037094724992436], [72.46293811049102, 31.037093991111057], [72.46303108017516, 31.03710259599954], [72.47348755292265, 31.038601418985564], [72.47724298766498, 31.035730479208066], [72.47731802166756, 31.035678724453422], [72.47739774955816, 31.035634541655494], [72.47748140974882, 31.035598352863417], [72.4775682030889, 31.03557050376486], [72.47765730049885, 31.035551260383894], [72.47774785088988, 31.035540806539842], [72.47783898929383, 31.035539242091392], [72.4779298451256, 31.035546581982683], [72.47801955049937, 31.035562756100575], [72.47810724851884, 31.035587609944386], [72.47819210146268, 31.035620906101734], [72.47827329878666, 31.03566232651639], [72.48076883580332, 31.03709316015728], [72.48983686772847, 31.03709316015728], [72.49780913262816, 31.03404585751622], [72.49789061206334, 31.034018939234535], [72.49797422071654, 31.033999623816957], [72.49805925078203, 31.033988074781995], [72.49814498242085, 31.033984389900308], [72.4982306898547, 31.033988600367003], [72.49831564751021, 31.03400067053753], [72.49839913616141, 31.034020498229456], [72.50359006008208, 31.035508624537226], [72.5098379739508, 31.034075710452743], [72.51234987961597, 31.031195273012237], [72.51241487705113, 31.031127889339267], [72.51248630280728, 31.03106736176441], [72.51256343710908, 31.03101430023931], [72.5126455026547, 31.030969239478324], [72.51273167244896, 31.030932633570114], [72.51282107813712, 31.03090485140164], [72.51291281875551, 31.030886172940825], [72.51300596981078, 31.030876786415224], [72.51309959259625, 31.030876786415224], [72.51319274365152, 31.030886172940825], [72.5132844842699, 31.03090485140164], [72.51337388995806, 31.030932633570114], [72.51346005975232, 31.030969239478324], [72.51354212529795, 31.03101430023931], [72.51361925959975, 31.03106736176441], [72.5136906853559, 31.031127889339267], [72.51375568279106, 31.031195273012237], [72.51687140319629, 31.03476811328002], [72.51727046002452, 31.03511131632448], [72.52193325434746, 31.03110114761131], [72.522002828802, 31.031046820964633], [72.52207722779468, 31.030999315394926], [72.5221557848343, 31.03095905647305], [72.52223779618049, 31.030926404851964], [72.52232252714806, 31.030901653035862], [72.5224092186885, 31.030885022759833], [72.52249709418984, 31.03087666300348], [72.52258536643383, 31.030876648656314], [72.52267324464802, 31.030884979846856], [72.52275994158983, 31.030901581941507], [72.5228446805989, 31.030926306213118], [72.5229267025547, 31.030958931173352], [72.52300527267698, 31.030999164556853], [72.52550080969364, 31.032429998197742], [72.53042606864027, 31.032429998197742], [72.53563263437755, 31.029444777237007], [72.53571415880646, 31.029403209712672], [72.5357993644961, 31.029369831845123], [72.53588743112266, 31.02934496498214], [72.53597751081847, 31.0293288485312], [72.5360687363349, 31.029321637654572], [72.53616022939183, 31.029323401775486], [72.53625110913339, 31.029334123909738], [72.53634050060843, 31.029353700829226], [72.53642754319424, 31.029381944055775], [72.53651139888214, 31.02941858167572], [72.53659126034557, 31.02946326095779], [72.53666635871267, 31.029515551749036], [72.53673597096856, 31.029574950616166], [72.53679942691637, 31.02964088569239], [72.53706719431672, 31.02994793832418], [72.54126156984874, 31.03115037563], [72.5413523323223, 31.031171550870425], [72.54144475504219, 31.03118356162652], [72.54153791503657, 31.031186287953865], [72.54163088197087, 31.031179702626215], [72.54172272743851, 31.0311638714074], [72.54181253423232, 31.03113895239458], [72.5418994055042, 31.03110519443941], [72.54198247372136, 31.03106293466291], [72.54259073053508, 31.0307141863552], [72.54478770547111, 31.028194884396807], [72.54579366140256, 31.02588779685874], [72.54230767696, 31.023222845372004], [72.54223517029442, 31.023161312960283], [72.5421693066324, 31.02309271680682], [72.5421107707668, 31.02301777011454], [72.54206017130247, 31.02293725211373], [72.54201803432845, 31.022851999960288], [72.54198479794825, 31.02276290003169], [72.54196080772472, 31.022670878711228], [72.54194631308727, 31.022576892756263], [72.54194146473849, 31.022481919350728], [72.54194146473849, 31.019373144711036], [72.54194635506128, 31.019277762156896], [72.54196097474417, 31.01918337989287], [72.54198517046851, 31.01909098771888], [72.54201868849036, 31.019001554564504], [72.54206117730159, 31.01891601832767], [72.54211219131611, 31.018835276038786], [72.54217119554285, 31.01876017445347], [72.54465249345911, 31.015914835347722], [72.54465249345911, 31.011601208111806], [72.54465734180789, 31.01150623470627], [72.54467183644535, 31.011412248751306], [72.54469582666887, 31.011320227430843], [72.54472906304908, 31.011231127502246], [72.54477120002309, 31.011145875348802], [72.54482179948742, 31.011065357347995], [72.54488033535303, 31.010990410655715], [72.54494619901504, 31.01092181450225], [72.54501870568062, 31.01086028209053], [72.54850469012318, 31.008195330603794], [72.54744125527084, 31.005756419296965], [72.54740857002591, 31.00567000975805], [72.54738459419409, 31.00558079040398], [72.54736956303796, 31.005489636698638], [72.54736362405055, 31.005397443086707], [72.54736683550813, 31.00530511421694], [72.54737916589829, 31.005213556065307], [72.54740049422924, 31.005123667045115], [72.54743061121695, 31.005036329191334], [72.54746922133884, 31.004952399505648], [72.54751594573355, 31.004872701547132], [72.54757032591847, 31.00479801735108], [72.54763182828867, 31.004729079755307], [72.54769984935287, 31.004666565209178], [72.54777372165515, 31.00461108713595], [72.54785272032439, 31.00456318991358], [72.54793607018705, 31.004523343533005], [72.54802295337359, 31.004491938986384], [72.54811251734374, 31.00446928443046], [72.54820388325206, 31.004455602162807], [72.54829615457164, 31.004451026440513], [72.55100718329227, 31.004451026440513], [72.55110411336858, 31.004456077170925], [72.55119999358283, 31.004471174657056], [72.55129378544413, 31.0044961553761], [72.55138447308084, 31.004530748758686], [72.55147107424355, 31.00457458011947], [72.55418210296418, 31.006128967439317], [72.55425860288763, 31.006177927160962], [72.55432997769476, 31.006234095920416], [72.55439555046041, 31.006296941008035], [72.55445469928647, 31.006365866395285], [72.55450686320009, 31.006440218387507], [72.55455154747396, 31.00651929182363], [72.55458832831837, 31.006602336763976], [72.55461685690041, 31.006688565602765], [72.55463686265242, 31.006777160537823], [72.55464815583802, 31.00686728132672], [72.55465062935163, 31.006958073255667], [72.55464425973419, 31.007048675245745], [72.55462910739575, 31.00713822801941], [72.55460531604247, 31.007225882250005], [72.5545731113137, 31.00731080661681], [72.5535516477398, 31.009653459816878], [72.55553761732449, 31.010792129398855], [72.55561296783473, 31.01084027327583], [72.55568336145056, 31.01089541192955], [72.55574815108947, 31.0109570385064], [72.55580674118264, 31.011024586513532], [72.55585859314961, 31.011097435026247], [72.55590323034914, 31.01117491439577], [72.55594024246064, 31.011256312404882], [72.55596928925593, 31.01134088081487], [72.55716536303159, 31.015455544513554], [72.55814418055765, 31.015642615143406], [72.56160289892746, 31.015642615143406], [72.56333225811238, 31.01663415535397], [72.56432746993893, 31.01682435924619], [72.56806244980594, 31.01396905673022], [72.56813400287857, 31.013919470427762], [72.56820986775581, 31.013876771903256], [72.56828938342277, 31.01384133319133], [72.568371857055, 31.013813463071457], [72.57379391449625, 31.01225907575161], [72.57388467696981, 31.012237900511185], [72.5739770996897, 31.01222588975509], [72.57407025968408, 31.012223163427745], [72.57416322661838, 31.012229748755395], [72.57425507208602, 31.01224557997421], [72.57434487887983, 31.01227049898703], [72.5744317501517, 31.0123042569422], [72.57451481836887, 31.0123465167187], [72.57528099620059, 31.012785810149023], [72.58156897918796, 31.013987563189435], [72.58443115134881, 31.0123465167187], [72.58451775251152, 31.012302685357916], [72.58460844014823, 31.01226809197533], [72.58470223200953, 31.012243111256286], [72.58479811222378, 31.012228013770155], [72.58489504230009, 31.012222963039743], [72.59000144789783, 31.012222963039743], [72.59357365751623, 31.009492094474396], [72.59484359429987, 31.005123331535486], [72.59487264109517, 31.005038763125498], [72.59490965320666, 31.004957365116386], [72.59495429040619, 31.004879885746863], [72.59500614237317, 31.004807037234148], [72.59506473246633, 31.004739489227017], [72.59512952210524, 31.004677862650166], [72.59519991572107, 31.004622723996444], [72.59527526623131, 31.00457458011947], [72.59751755351131, 31.00328894899024], [72.59751755351131, 31.001070031596505], [72.59503625559505, 30.99822469249076], [72.59497718445618, 30.99814949611006], [72.59492612363375, 30.998068646326328], [72.59488360990987, 30.99798299308121], [72.59485009021445, 30.99789343681322], [72.59482591692671, 30.99780091899182], [72.59481134417082, 30.99770641222009], [72.59480652514436, 30.997610910010163], [72.59481151050785, 30.997515416338814], [72.59482624785215, 30.997420935093054], [72.59485058224942, 30.997328459516673], [72.59488425788179, 30.997238961768648], [72.5962397722421, 30.994130187128956], [72.59627731368292, 30.9940538047352], [72.59632166199448, 30.993981162756167], [72.59637244784865, 30.993912866146662], [72.5964292483062, 30.993849483673703], [72.59649159033881, 30.993791543179885], [72.5965589547686, 30.99373952718759], [72.59663078059162, 30.99369386888055], [72.59934180931225, 30.992139481560702], [72.59942841047496, 30.992095650199918], [72.59951909811167, 30.99206105681733], [72.59961288997297, 30.992036076098287], [72.59970877018722, 30.992020978612157], [72.59980570026353, 30.992015927881745], [72.60234455963443, 30.992015927881745], [72.60392770650257, 30.991410788979163], [72.60706193525651, 30.988715240941143], [72.60848802496947, 30.98626226534195], [72.60853608429998, 30.986187953963007], [72.6085909707621, 30.986118532377258], [72.60865219014718, 30.98605462567042], [72.6087191912238, 30.98599680927116], [72.60879137070093, 30.9859456037698], [72.60886807866028, 30.98590147023082], [72.60894862440816, 30.985864806041366], [72.60903228269468, 30.985835941333065], [72.60911830024406, 30.985815136009474], [72.60920590253721, 30.985802577405856], [72.60929430078572, 30.98579837860236], [72.61200532950635, 30.98579837860236], [72.61209365562239, 30.985802570540788], [72.6121811877329, 30.985815108672735], [72.61226713897004, 30.985835880286967], [72.61235073667719, 30.985864698657544], [72.61243122935474, 30.9859013047224], [72.61250789341565, 30.98594536941219], [72.61258003969019, 30.985996496608422], [72.61264701962111, 30.98605422670437], [72.61270823109389, 30.986118040736702], [72.61514049620907, 30.988907153242053], [72.6170032489655, 30.988907153242053], [72.61943551408068, 30.986118040736702], [72.61950774838536, 30.98604394334348], [72.61958774688682, 30.9859783044966], [72.61967452471694, 30.985921932281318], [72.62238555343757, 30.984367544961472], [72.62247215460027, 30.984323713600688], [72.62256284223699, 30.9842891202181], [72.62265663409829, 30.984264139499057], [72.62275251431254, 30.984249042012927], [72.62284944438885, 30.984243991282515], [72.63028239712524, 30.984243991282515], [72.63144248202832, 30.98025313441795], [72.63147262171417, 30.980165832790938], [72.63151124842122, 30.980081940286833], [72.63155798334557, 30.98000227962158], [72.63161236816775, 30.979927632010373], [72.63167386954738, 30.979858729506457], [72.63174188435352, 30.979796247822033], [72.63181574557943, 30.979740799701688], [72.63189472888378, 30.97969292891334], [72.63197805969409, 30.979653104915634], [72.63206492080286, 30.979621718254034], [72.63215446038166, 30.97959907673086], [72.63224580033489, 30.979585402386714], [72.63233804491104, 30.979580829322977], [72.63443829445066, 30.979580829322977], [72.63554968869117, 30.97703192661065], [72.63558723013199, 30.976955544216892], [72.63563157844355, 30.97688290223786], [72.63568236429772, 30.976814605628356], [72.63573916475526, 30.976751223155397], [72.63580150678789, 30.97669328266158], [72.63586887121767, 30.976641266669283], [72.6359406970407, 30.976595608362242], [72.63828252570858, 30.975252904480534], [72.63849996507957, 30.97487889331805], [72.63985192605399, 30.973586966149355], [72.64519028692662, 30.96746539289855], [72.64525528436178, 30.96739800922558], [72.64532671011793, 30.967337481650723], [72.64540384441973, 30.967284420125623], [72.64548590996536, 30.967239359364637], [72.64557207975962, 30.967202753456426], [72.64566148544777, 30.967174971287953], [72.64575322606616, 30.967156292827138], [72.64584637712143, 30.967146906301537], [72.6459399999069, 30.967146906301537], [72.64603315096217, 30.967156292827138], [72.64612489158056, 30.967174971287953], [72.64621429726871, 30.967202753456426], [72.64630046706297, 30.967239359364637], [72.6463825326086, 30.967284420125623], [72.6464596669104, 30.967337481650723], [72.64653109266655, 30.96739800922558], [72.64659609010171, 30.96746539289855], [72.64902835521688, 30.9702545054039], [72.65538178903635, 30.9702545054039], [72.65547871911266, 30.970259556134312], [72.65557459932691, 30.970274653620443], [72.65566839118821, 30.970299634339487], [72.65575907882493, 30.970334227722073], [72.65584567998764, 30.970378059082858], [72.65855670870826, 30.971932446402704], [72.65864348653838, 30.971988818617987], [72.65872348503984, 30.972054457464864], [72.65879571934452, 30.972128554858088], [72.6612279844597, 30.97491766736344], [72.66178932444352, 30.97491766736344], [72.66331799423608, 30.974333351669618], [72.66541962810261, 30.97071839214349], [72.66546768743312, 30.970644080764547], [72.66552257389523, 30.970574659178798], [72.66558379328032, 30.97051075247196], [72.66565079435694, 30.9704529360727], [72.66572297383406, 30.97040173057134], [72.66579968179342, 30.97035759703236], [72.6658802275413, 30.970320932842906], [72.66596388582782, 30.970292068134604], [72.6660499033772, 30.970271262811014], [72.66613750567035, 30.970258704207396], [72.66622590391886, 30.9702545054039], [72.66959231357431, 30.9702545054039], [72.67075239847739, 30.966263648539336], [72.6707858789304, 30.966168142922054], [72.67082951073233, 30.96607682737285], [72.67088278010209, 30.965990777167086], [72.67094505977256, 30.965911005578704], [72.67312154348245, 30.96341520119658], [72.66958954541225, 30.959365009494608], [72.66953054118551, 30.95928990790929], [72.66947952717099, 30.959209165620408], [72.66943703835976, 30.959123629383573], [72.66940352033791, 30.959034196229197], [72.66937932461357, 30.958941804055208], [72.66936470493069, 30.95884742179118], [72.66935981460789, 30.95875203923704], [72.66935981460789, 30.95599279932097], [72.66552300233131, 30.951593072895378], [72.66546399810457, 30.95151797131006], [72.66541298409005, 30.951437229021177], [72.66537049527882, 30.951351692784343], [72.66533697725697, 30.951262259629967], [72.66531278153263, 30.951169867455977], [72.66529816184975, 30.95107548519195], [72.66529327152695, 30.95098010263781], [72.66529327152695, 30.94787132799812], [72.66529816184975, 30.94777594544398], [72.66531278153263, 30.947681563179952], [72.66533697725697, 30.947589171005962], [72.66537049527882, 30.947499737851587], [72.66541298409005, 30.94741420161475], [72.66546399810457, 30.94733345932587], [72.66552300233131, 30.94725835774055], [72.67230057413288, 30.93948642114132], [72.67237280843756, 30.939412323748098], [72.67245280693902, 30.93934668490122], [72.67253958476914, 30.939290312685937], [72.67525061348977, 30.93773592536609], [72.67533721465247, 30.937692094005307], [72.67542790228919, 30.93765750062272], [72.67552169415049, 30.937632519903676], [72.67561757436474, 30.937617422417546], [72.67571450444105, 30.937612371687134], [72.67842553316167, 30.937612371687134], [72.67851220208348, 30.937616407462407], [72.67859812092136, 30.937628479860244], [72.67868254608301, 30.937648484399002], [72.68410460352426, 30.939202871718848], [72.68419226262775, 30.939232786313664], [72.6842765221785, 30.939271248366605], [72.68435655111168, 30.939317878520576], [72.68443156008975, 30.93937221685526], [72.6845008092877, 30.939433727423374], [72.68456361569014, 30.939501803536803], [72.68461935982795, 30.939575773750455], [72.68466749188816, 30.939654908484837], [72.68470753713697, 30.939738427221986], [72.68473910060196, 30.939825506203867], [72.68476187096786, 30.939915286557195], [72.68477562364707, 30.940006882764656], [72.68478022299483, 30.94009939139889], [72.68478022299483, 30.94422223083609], [72.68951804729149, 30.94693869560621], [72.6930205392816, 30.94693869560621], [72.69683631403565, 30.94402162733715], [72.6969077607171, 30.9439721076464], [72.69698350771571, 30.94392945532804], [72.6970628969435, 30.94389404094434], [72.69714523866885, 30.943866172174577], [72.69722981750893, 30.943846091141914], [72.69731589864492, 30.94383397230986], [72.69740273420605, 30.943829920966518], [72.69950298374567, 30.943829920966518], [72.70061437798618, 30.94128101825419], [72.700651919427, 30.941204635860434], [72.70069626773856, 30.941131993881402], [72.70074705359274, 30.941063697271897], [72.70080385405028, 30.941000314798938], [72.7008661960829, 30.94094237430512], [72.70093356051268, 30.940890358312824], [72.70100538633571, 30.940844700005783], [72.70344873351537, 30.93944378977375], [72.70460318797602, 30.93679613154526], [72.70460318797602, 30.933881842119504], [72.70460807829882, 30.933786459565365], [72.7046226979817, 30.933692077301338], [72.70464689370604, 30.933599685127348], [72.70468041172789, 30.933510251972972], [72.70472290053912, 30.933424715736138], [72.70477391455364, 30.933343973447254], [72.70483291878038, 30.933268871861937], [72.71025497622163, 30.927051322582553], [72.71031618769442, 30.92698750855022], [72.71038316762534, 30.926929778454273], [72.71045531389987, 30.92687865125804], [72.71053197796078, 30.92683458656825], [72.71061247063834, 30.926797980503395], [72.71069606834548, 30.926769162132818], [72.71078201958262, 30.926748390518586], [72.71086955169314, 30.92673585238664], [72.71095787780918, 30.926731660448212], [72.7130581273488, 30.926731660448212], [72.71552503594963, 30.921073983096193], [72.71556599053929, 30.920991444553874], [72.7156148898005, 30.920913350049354], [72.71567125644216, 30.9208404618398], [72.71573454028628, 30.920773491365285], [72.71580412363814, 30.920713092304634], [72.71587932731539, 30.920659854195062], [72.71595941727738, 30.92061429667788], [72.71604361178987, 30.920576864426423], [72.71613108905535, 30.92054792280573], [72.71622099523431, 30.92052775430633], [72.71631245277936, 30.920516555786932], [72.71640456900067, 30.920514436552942], [72.71649644477931, 30.920521417289567], [72.71658718334318, 30.920537429859923], [72.71667589902025, 30.920562317970088], [72.71676172588322, 30.920595838694638], [72.71684382620171, 30.920637664847785], [72.72226588364296, 30.923746439487477], [72.72235266147308, 30.92380281170276], [72.72243265997454, 30.923868450549637], [72.72250489427923, 30.92394254794286], [72.72521592299985, 30.927051322582553], [72.72527468178126, 30.927126076656048], [72.72532552383707, 30.927206424968148], [72.72536792071311, 30.927291532375577], [72.72660010826486, 30.930117465854675], [72.72904345544453, 30.931518376086707], [72.72913023327465, 30.93157474830199], [72.72921023177611, 30.931640387148867], [72.72928246608079, 30.93171448454209], [72.73238030078087, 30.935266815021045], [72.73314672263369, 30.93350908165496], [72.73318911950973, 30.933423974247532], [72.73323996156554, 30.933343625935432], [72.73329872034695, 30.933268871861937], [72.73562187946297, 30.930604872735376], [72.734502236994, 30.928037053304664], [72.73448040992704, 30.92797934938363], [72.734117374, 30.927313786], [72.73282313, 30.92494103], [72.731914228, 30.922478125], [72.731094249, 30.92025587], [72.730467512, 30.91856435], [72.729858115, 30.917136157], [72.72896699600001, 30.915057356], [72.728731367, 30.914334828], [72.727486924, 30.910355603], [72.727307067, 30.909777653], [72.72658263800001, 30.908210396], [72.725886614, 30.907660026], [72.724787437, 30.906790863], [72.723829787, 30.906601015], [72.722770359, 30.906391488], [72.721284171, 30.905731421], [72.720817071, 30.905523966], [72.720130473, 30.905219025], [72.716741745, 30.904298395], [72.713954569, 30.903533921], [72.71277310100001, 30.903209863], [72.71054039500001, 30.901798193], [72.71027810800001, 30.901375505], [72.709407635, 30.899949034], [72.707758034, 30.896827856], [72.707150348, 30.895626455], [72.706221278, 30.893789671], [72.704743875, 30.892079591], [72.70433023400001, 30.891600806], [72.70402132000001, 30.891277485], [72.702971216, 30.890178411], [72.702573862, 30.889045374], [72.702158044, 30.887859697], [72.702113201, 30.887110983], [72.702062265, 30.886260512], [72.70213059400001, 30.885349808], [72.702200931, 30.884412355], [72.702337074, 30.88388668], [72.702948277, 30.881528905], [72.703269991, 30.880287651], [72.703505678, 30.879415917], [72.70375581, 30.87849076], [72.704131047, 30.877102879], [72.705552262, 30.875520115], [72.706199835, 30.874798932], [72.706867922, 30.874246449], [72.710250379, 30.871449282], [72.711947634, 30.869936882], [72.71514095900001, 30.867091358], [72.715772278, 30.8665288], [72.716539261, 30.86604843], [72.716907731, 30.865817704], [72.718025335, 30.865117786], [72.719191035, 30.8644072], [72.720939825, 30.863972787], [72.721825577, 30.863920557], [72.724165182, 30.863782601], [72.725392611, 30.863710223], [72.728339355, 30.863922394], [72.729581879, 30.864011859], [72.730631033, 30.863910621], [72.732922954, 30.863682726], [72.734148915, 30.862595091], [72.73536342300001, 30.861519391], [72.738083924, 30.85908725], [72.741158774, 30.856338318], [72.741487441, 30.856035864], [72.746750277, 30.851191469], [72.747071567, 30.85089573], [72.749640719, 30.848530885], [72.751031859, 30.847705035], [72.753391303, 30.846305148], [72.754020358, 30.845931978], [72.754866582, 30.845938546], [72.755853528, 30.845946462], [72.75643080200001, 30.84595152], [72.757042662, 30.8461506], [72.757991955, 30.846459468], [72.759418643, 30.846923824], [72.760139742, 30.847158287], [72.760814331, 30.847621214], [72.76361448, 30.849536254], [72.764086805, 30.849116313], [72.76578645100001, 30.847441348], [72.768147968, 30.845636218], [72.768760353, 30.845168603], [72.769199646, 30.844680383], [72.771587626, 30.841985493], [72.77226695, 30.840902563], [72.772960136, 30.839754946], [72.773043266, 30.837519417], [72.77162164500001, 30.835568037], [72.771196294, 30.835140248], [72.769464888, 30.833398292], [72.769337274, 30.831292289], [72.76934705500001, 30.830612203], [72.769303625, 30.828238757], [72.768187694, 30.827113449], [72.766734626, 30.826759913], [72.764874394, 30.826345374], [72.76346231, 30.826026151], [72.762445237, 30.825292514], [72.761970649, 30.824947716], [72.761284353, 30.824281807], [72.760659142, 30.82365211], [72.76046272500001, 30.823019636], [72.759949903, 30.821368305], [72.75977679200001, 30.820810872], [72.76005451600001, 30.818805817], [72.760739054, 30.818172782], [72.761325895, 30.817628787], [72.764532894, 30.814234789], [72.765621777, 30.812985738], [72.769132349, 30.808602354], [72.770072672, 30.807401468], [72.770548981, 30.806700076], [72.772336537, 30.804070563], [72.77219753300001, 30.803435679], [72.771831685, 30.801749499], [72.770131979, 30.800371487], [72.768947653, 30.799749797], [72.76497464, 30.797664428], [72.76387888500001, 30.797089272], [72.758775048, 30.794389952], [72.758385274, 30.794183808], [72.757997813, 30.793978888], [72.75609123000001, 30.792985254], [72.753423901, 30.79159515], [72.75114151800001, 30.790405665], [72.745623296, 30.787611884], [72.745176356, 30.78737012], [72.743684477, 30.786368224], [72.743455947, 30.7848075], [72.744468147, 30.783870932], [72.745644309, 30.781770097], [72.74466493300001, 30.78015722], [72.743603021, 30.778463493], [72.743689907, 30.776008075], [72.743806276, 30.774679124], [72.743973395, 30.7727733], [72.742246262, 30.772086221], [72.739865345, 30.772758978], [72.738280306, 30.773281669], [72.734810372, 30.773824474], [72.732603674, 30.772100814], [72.732223942, 30.771096582], [72.731943009, 30.770351546], [72.73164195000001, 30.769502782], [72.731197644, 30.76825017], [72.730609082, 30.766921519], [72.730132864, 30.765819614], [72.73027639, 30.764368418], [72.730387364, 30.763820672], [72.730874825, 30.761414658], [72.731049653, 30.76055083], [72.73218684000001, 30.757911162], [72.73299244600001, 30.756258612], [72.733392343, 30.754323566], [72.734019881, 30.75113044], [72.734191029, 30.750258253], [72.734276281, 30.749822979], [72.734198851, 30.748262864], [72.734091596, 30.746101806], [72.73412772200001, 30.745511616], [72.735361832, 30.744794869], [72.73656789200001, 30.74381509], [72.737171719, 30.743419211], [72.738570592, 30.742502082], [72.739052853, 30.742484676], [72.741094753, 30.742419682], [72.745247054, 30.742325233], [72.7457783692089, 30.742240761351617], [72.7457783692089, 30.738029039818905], [72.74577400358706, 30.737938906683837], [72.74576094759219, 30.73784961736931], [72.74573932345366, 30.737762007796064], [72.74570933361525, 30.737676898159222], [72.74567125883988, 30.73759508524966], [72.74562545558112, 30.737517334994497], [72.74557235264608, 30.737444375286568], [72.74551244718099, 30.7373768891699], [72.7454463000169, 30.737315508445125], [72.74537453041926, 30.737260807754584], [72.74529781029035, 30.73721329920258], [72.74521685787906, 30.737173427561086], [72.74513243105655, 30.737141566105805], [72.74504532022125, 30.73711801312161], [72.74495634089912, 30.737102989110006], [72.74486632610878, 30.737096634724807], [72.74477611856284, 30.737099009455356], [72.74468656277844, 30.737110091069578], [72.74459849717104, 30.737129775822126], [72.74451274620509, 30.737157879425627], [72.74127812312696, 30.738394275302188], [72.74027857867655, 30.736101892034515], [72.74023862438685, 30.736021146371964], [72.74019106577609, 30.735944632413574], [72.74013634661767, 30.73587306411759], [72.74007497750074, 30.73580710929386], [72.74000753106573, 30.735747383372434], [72.73993463666103, 30.73569444366096], [72.73985697447054, 30.73564878414438], [72.73977526916674, 30.735610830875515], [72.73969028314876, 30.73558093799954], [72.73960280942835, 30.73555938444942], [72.7395136642302, 30.735546371343155], [72.73942367937575, 30.73554202010715], [72.73129059321387, 30.73554202010715], [72.73119366313756, 30.735547070837562], [72.73109778292331, 30.735562168323693], [72.73100399106201, 30.735587149042736], [72.7309133034253, 30.735621742425323], [72.73082670226259, 30.735665573786108], [72.72269361610071, 30.740328735745646], [72.7226068382706, 30.74038510796093], [72.72252683976913, 30.740450746807806], [72.72245460546445, 30.74052484420103], [72.71838806238351, 30.745188006160568], [72.71832905815677, 30.745263107745885], [72.71827804414225, 30.745343850034768], [72.71823555533102, 30.745429386271603], [72.71820203730917, 30.74551881942598], [72.71817784158483, 30.745611211599968], [72.71816322190195, 30.745705593863995], [72.71815833157915, 30.745800976418135], [72.71815833157915, 30.753572913017365], [72.71816231523098, 30.753659021646367], [72.71817423215488, 30.753744394665496], [72.7181939805468, 30.753828302749056], [72.71822139169994, 30.753910029086022], [72.71825623144595, 30.753988875503623], [72.7235803890204, 30.764673126230544], [72.7235803890204, 30.767022076373642], [72.7213381017404, 30.768307707502874], [72.72126275123016, 30.768355851379848], [72.72119235761433, 30.76841099003357], [72.72112756797542, 30.76847261661042], [72.72106897788225, 30.76854016461755], [72.72101712591528, 30.768613013130267], [72.72097248871574, 30.76869049249979], [72.72093547660425, 30.7687718905089], [72.72090642980896, 30.76885645891889], [72.719787842591, 30.772704557851625], [72.71304951446756, 30.771416735297727], [72.7118534406919, 30.767302071599044], [72.71181996023888, 30.767206565981763], [72.71177632843695, 30.767115250432557], [72.7117230590672, 30.767029200226794], [72.71166077939672, 30.766949428638412], [72.70623872195547, 30.760731879359028], [72.70616648765079, 30.760657781965804], [72.70608648914933, 30.760592143118927], [72.70599971131921, 30.760535770903644], [72.70375742403921, 30.759250139774412], [72.70375742403921, 30.756681687657057], [72.70375293315932, 30.756590273697025], [72.70373950376931, 30.756499740103397], [72.70371726520153, 30.756410958764175], [72.70368643162554, 30.756324784692186], [72.70364729998555, 30.756242047790852], [72.70360024714063, 30.756163544861764], [72.70354572623539, 30.756090031931038], [72.70348426233598, 30.756022216968386], [72.70341644737333, 30.75596075306897], [72.7033429344426, 30.75590623216374], [72.7032644315135, 30.755859179318815], [72.70318169461217, 30.755820047678817], [72.70309552054019, 30.75578921410283], [72.70300673920096, 30.755766975535046], [72.70291620560734, 30.75575354614503], [72.7028247916473, 30.75574905526515], [72.69740273420605, 30.75574905526515], [72.69731440809001, 30.755753247203575], [72.6972268759795, 30.755765785335523], [72.69714092474236, 30.755786556949754], [72.69705732703521, 30.75581537532033], [72.69697683435766, 30.755851981385188], [72.69690017029674, 30.755896046074977], [72.69682802402221, 30.75594717327121], [72.69676104409129, 30.756004903367156], [72.6966998326185, 30.75606871739949], [72.69398880389788, 30.759177492039182], [72.69392979967114, 30.7592525936245], [72.69387878565662, 30.759333335913382], [72.69383629684539, 30.759418872150217], [72.69380277882354, 30.759508305304593], [72.6937785830992, 30.759600697478582], [72.69376396341632, 30.75969507974261], [72.69375907309352, 30.75979046229675], [72.69375907309352, 30.76254970221282], [72.69166757508853, 30.764948052295722], [72.68731048819252, 30.763698969139377], [72.68610755292437, 30.75956070093175], [72.6847588189382, 30.75337425225273], [72.68473555904632, 30.753287754777134], [72.68470410876694, 30.753203887526183], [72.68466475818919, 30.753123424069347], [72.68461787027245, 30.753047106580404], [72.68456387749853, 30.752975638991803], [72.6845032778826, 30.752909680501798], [72.68443663037958, 30.75284983949416], [72.6843645497285, 30.75279666792661], [72.68428770078235, 30.752750656239712], [72.68420679237562, 30.752712228833165], [72.68412257078616, 30.752681740151267], [72.68403581285177, 30.752659471413608], [72.68394731880485, 30.752645628021167], [72.68385790489121, 30.752640337661756], [72.68376839584128, 30.752643649132256], [72.68367961726302, 30.752655531888543], [72.6835923880267, 30.752675876327192], [72.68350751271183, 30.752704494796447], [72.68342577418603, 30.752741123327073], [72.68334792638397, 30.75278542406713], [72.68327468735332, 30.752836988398247], [72.68320673263162, 30.75289534070458], [72.68314468901538, 30.752959942759798], [72.68053668516542, 30.755950577336], [72.67817713391436, 30.757303442584995], [72.67613864242314, 30.757303442584995], [72.67370637730797, 30.754514330079644], [72.67363414300328, 30.75444023268642], [72.67355414450182, 30.754374593839543], [72.6734673666717, 30.75431822162426], [72.67075633795108, 30.752763834304414], [72.67066973678837, 30.75272000294363], [72.67057904915166, 30.752685409561042], [72.67048525729035, 30.752660428842], [72.6703893770761, 30.75264533135587], [72.6702924469998, 30.752640280625457], [72.66819219746017, 30.752640280625457], [72.66708080321966, 30.75009137791313], [72.66704145587872, 30.750011724651962], [72.66699470797437, 30.749936176728806], [72.66694098371113, 30.749865419688202], [72.66688077059911, 30.749800095600794], [72.66681461503018, 30.74974079723696], [72.66674311731981, 30.74968806268787], [72.66666692625974, 30.749642370482654], [72.66658673323047, 30.749604135246102], [72.66650326592769, 30.74957370393624], [72.66641728175874, 30.749551352695907], [72.6663295609698, 30.74953728434697], [72.66624089956565, 30.74953162654986], [72.66615210208649, 30.749534430645117], [72.66606397430732, 30.749545671187544], [72.66597731592609, 30.74956524617708], [72.66589291330695, 30.749592977984396], [72.66223953264641, 30.750989438924382], [72.66004820883417, 30.749733028056617], [72.65744020498421, 30.746742393480414], [72.65737899351143, 30.74667857944808], [72.65731201358051, 30.746620849352134], [72.65723986730598, 30.7465697221559], [72.65716320324506, 30.746525657466112], [72.65708271056751, 30.746489051401255], [72.65699911286036, 30.746460233030678], [72.65691316162322, 30.746439461416447], [72.65682562951271, 30.7464269232845], [72.65673730339667, 30.746422731346073], [72.65463705385704, 30.746422731346073], [72.65352565961653, 30.743873828633745], [72.65348409573268, 30.743790202553818], [72.65343437713192, 30.7437111523266], [72.65337700230614, 30.74363747053067], [72.65331254651059, 30.743569895919272], [72.65324165599618, 30.74350910601342], [72.65316504153007, 30.74345571030885], [72.65308347126921, 30.74341024416508], [72.65299776305874, 30.74337316343774], [72.6529087762319, 30.743344839908055], [72.65281740299426, 30.743325557555252], [72.65272455947819, 30.743315509709323], [72.65263117655742, 30.743314797112642], [72.65253819051392, 30.743323426909893], [72.65244653365048, 30.743341312576433], [72.65235712494312, 30.74336827478582], [72.65227086082731, 30.743404043207786], [72.65218860621, 30.743448259218624], [72.6521111857978, 30.743500479496873], [72.65203937582835, 30.74356018046815], [72.65197389628746, 30.743626763554662], [72.6519154036904, 30.743699561176697], [72.65186448449948, 30.74377784344597], [72.6493190273744, 30.74815621050089], [72.64556019790226, 30.749592977984396], [72.64547536977012, 30.74963033343911], [72.6453946685279, 30.749675924573097], [72.6453188912799, 30.74972930107245], [72.6452487864951, 30.749789935725452], [72.64518504661426, 30.749857229629978], [72.64512830121053, 30.74993051810897], [72.63970624376928, 30.757702454708202], [72.63965725385236, 30.75778065533711], [72.63961623177211, 30.75786331451236], [72.63873644528773, 30.75988104150299], [72.63561549380206, 30.757495148955627], [72.63554045979949, 30.757443394200983], [72.63546073190888, 30.757399211403055], [72.63537707171822, 30.757363022610978], [72.63529027837815, 30.75733517351242], [72.6352011809682, 30.757315930131455], [72.63511063057716, 30.757305476287403], [72.63501949217321, 30.757303911838953], [72.63492863634144, 30.757311251730243], [72.63483893096767, 30.757327425848136], [72.6347512329482, 30.757352279691947], [72.63466638000436, 30.757385575849295], [72.63458518268038, 30.757426996263952], [72.63253800381666, 30.758600760615103], [72.62761888905733, 30.752959942759798], [72.62755767758455, 30.752896128727464], [72.62749069765363, 30.752838398631518], [72.6274185513791, 30.752787271435285], [72.62734188731818, 30.752743206745496], [72.62726139464063, 30.75270660068064], [72.62717779693348, 30.752677782310062], [72.62709184569634, 30.75265701069583], [72.62700431358583, 30.752644472563883], [72.62691598746979, 30.752640280625457], [72.62284944438885, 30.752640280625457], [72.62276260882771, 30.7526443319688], [72.62267652769172, 30.752656450800853], [72.62259194885165, 30.752676531833515], [72.6225096071263, 30.752704400603278], [72.62243021789851, 30.752739814986978], [72.6223544708999, 30.752782467305337], [72.62228302421845, 30.75283198699609], [72.61821648113751, 30.75594076163578], [72.61814440024668, 30.75600189388448], [72.61807887670889, 30.756070007558957], [72.61802058344547, 30.75614440313742], [72.61797011912341, 30.75622431658343], [72.6179280020071, 30.756308927192514], [72.61660388038068, 30.759345704856123], [72.612770265623, 30.76520711790393], [72.60768177350407, 30.76666587921594], [72.60759724810484, 30.766694554005447], [72.60751585095693, 30.766731177645084], [72.60743832760109, 30.766775414688006], [72.60736538809684, 30.76682685995395], [72.60729770051887, 30.766885042240393], [72.60723588483786, 30.766949428638412], [72.60458664744553, 30.769987346295704], [72.60084556278034, 30.772847315783455], [72.59876583774673, 30.772847315783455], [72.59514198567203, 30.770076967799035], [72.59388302776277, 30.767189638431436], [72.59384207317311, 30.767107099889117], [72.59379317391189, 30.767029005384597], [72.59373680727023, 30.76695611717504], [72.59367352342612, 30.766889146700528], [72.59360394007426, 30.766828747639877], [72.593528736397, 30.766775509530305], [72.59344864643502, 30.766729952013122], [72.59336445192253, 30.766692519761666], [72.59327697465704, 30.766663578140975], [72.59318706847809, 30.766643409641574], [72.59309561093303, 30.766632211122175], [72.59300349471172, 30.766630091888185], [72.59291161893309, 30.76663707262481], [72.59282088036922, 30.766653085195166], [72.59273216469215, 30.76667797330533], [72.59264633782918, 30.76671149402988], [72.59256423751069, 30.766753320183028], [72.58985320879006, 30.768307707502874], [72.58978138296703, 30.768353365809915], [72.58971401853725, 30.76840538180221], [72.58965167650463, 30.76846332229603], [72.58959487604709, 30.768526704768988], [72.58954409019292, 30.768595001378493], [72.58949974188135, 30.768667643357524], [72.58946220044054, 30.768744025751282], [72.58823001288879, 30.77156995923038], [72.58612863834455, 30.772774797054847], [72.58150781206216, 30.771450105485567], [72.57897236979933, 30.76563525111159], [72.57893241550963, 30.76555450544904], [72.57888485689887, 30.76547799149065], [72.57883013774045, 30.765406423194666], [72.57876876862352, 30.765340468370933], [72.57870132218851, 30.76528074244951], [72.57865805872042, 30.765249322266747], [72.57821845188944, 30.765920062834095], [72.57826979849617, 30.765088831055643], [72.57820745535298, 30.76507973042023], [72.57811747049853, 30.765075379184225], [72.5754064417779, 30.765075379184225], [72.57531645692345, 30.76507973042023], [72.5752273117253, 30.765092743526495], [72.57513983800489, 30.765114297076614], [72.5750548519869, 30.76514418995259], [72.5749731466831, 30.765182143221455], [72.57489548449261, 30.765227802738035], [72.57482259008792, 30.76528074244951], [72.57475514365291, 30.765340468370933], [72.57469377453597, 30.765406423194666], [72.57463905537756, 30.76547799149065], [72.5745914967668, 30.76555450544904], [72.5745515424771, 30.76563525111159], [72.57344014823659, 30.768184153823917], [72.57133989869696, 30.768184153823917], [72.57125157258092, 30.768188345762344], [72.5711640404704, 30.76820088389429], [72.57107808923327, 30.768221655508523], [72.57099449152612, 30.7682504738791], [72.57091399884857, 30.768287079943956], [72.57083733478765, 30.768331144633745], [72.57076518851312, 30.768382271829978], [72.5706982085822, 30.768440001925924], [72.57063699710942, 30.76850381595826], [72.56792596838879, 30.77161259059795], [72.56786720960739, 30.771687344671445], [72.56781636755157, 30.771767692983545], [72.56777397067553, 30.771852800390974], [72.56641845631522, 30.774961575030666], [72.56638575574708, 30.77504803207036], [72.56636177414413, 30.775137301491718], [72.5663467470796, 30.775228506394004], [72.56634082216556, 30.775320750864097], [72.56634405760292, 30.77541312877712], [72.56635642160971, 30.77550473269737], [72.5663777927333, 30.775594662792145], [72.56738653080673, 30.77906486506284], [72.56591784125571, 30.77906486506284], [72.56582951513967, 30.779069057001266], [72.56574198302916, 30.779081595133214], [72.56565603179202, 30.779102366747445], [72.56557243408487, 30.779131185118022], [72.56549194140732, 30.77916779118288], [72.5654152773464, 30.779211855872667], [72.56534313107187, 30.7792629830689], [72.56527615114095, 30.779320713164847], [72.56521493966817, 30.77938452719718], [72.56260693581821, 30.782375161773384], [72.56024738456715, 30.783728027022377], [72.55507372637321, 30.783728027022377], [72.5549870574514, 30.78373206279765], [72.55490113861352, 30.783744135195487], [72.55481671345187, 30.783764139734245], [72.54996477060823, 30.78515508745372], [72.54628802743856, 30.780938914517026], [72.54622461319691, 30.780873018725302], [72.5461550499434, 30.78081365059267], [72.54608000656582, 30.780761380975385], [72.54600020464623, 30.78071671247369], [72.5459164115227, 30.78068007459905], [72.54582943291075, 30.78065181964417], [72.54574010515614, 30.78063221929551], [72.54564928719286, 30.780621462020868], [72.54555785228406, 30.780619651257183], [72.54546667962516, 30.780626804415913], [72.54537664588989, 30.780642852715623], [72.53870197826734, 30.78217363970253], [72.53641217717234, 30.78217363970253], [72.53259640241829, 30.77925657143347], [72.53251818959374, 30.779202854915056], [72.53243492368432, 30.77915736317292], [72.53234746651586, 30.779120567059547], [72.53225672329494, 30.779092847425165], [72.53216363323969, 30.77907449117588], [72.53206915985865, 30.77906568830409], [72.53197428097822, 30.77906652992202], [72.53187997862176, 30.779077007318687], [72.53178722884549, 30.77909701205006], [72.53169699163598, 30.77912633706147], [72.52766789240917, 30.780666411917167], [72.52228436880436, 30.7822097524144], [72.52217828796499, 30.782247222561896], [72.52207749077442, 30.78229719338149], [72.5193664620538, 30.783851580701334], [72.51926393283468, 30.78391973339301], [72.516142981349, 30.786305625940372], [72.51526319486463, 30.784287898949742], [72.51522565342381, 30.784211516555985], [72.51518130511225, 30.784138874576954], [72.51513051925808, 30.784070577967448], [72.51507371880054, 30.78400719549449], [72.51501137676792, 30.78394925500067], [72.51494401233813, 30.783897239008375], [72.5148721865151, 30.783851580701334], [72.50945012907385, 30.780742806061642], [72.50936893174988, 30.780701385646985], [72.50928407880603, 30.780668089489637], [72.50919638078656, 30.780643235645826], [72.5091066754128, 30.780627061527934], [72.50901581958102, 30.780619721636644], [72.50892468117708, 30.780621286085093], [72.50883413078604, 30.780631739929145], [72.50874503337609, 30.78065098331011], [72.50865824003601, 30.780678832408668], [72.50857457984536, 30.780715021200745], [72.50849485195475, 30.780759203998674], [72.50841981795217, 30.780810958753317], [72.50504791709349, 30.78338869607674], [72.50291156790855, 30.780938914517026], [72.50281679369925, 30.7808447891161], [72.49751389340868, 30.77628410653792], [72.49488185597538, 30.771756815203197], [72.49483379664487, 30.771682503824255], [72.49477891018276, 30.771613082238506], [72.49471769079767, 30.771549175531668], [72.49465068972106, 30.77149135913241], [72.49457851024393, 30.771440153631048], [72.49450180228457, 30.77139602009207], [72.4944212565367, 30.771359355902614], [72.49433759825017, 30.771330491194313], [72.49425158070079, 30.771309685870722], [72.49416397840764, 30.771297127267104], [72.49407558015913, 30.77129292846361], [72.48865352271788, 30.77129292846361], [72.48856519660184, 30.771297120402036], [72.48847766449133, 30.771309658533983], [72.48839171325419, 30.771330430148215], [72.48830811554704, 30.77135924851879], [72.48822762286949, 30.77139585458365], [72.48815095880857, 30.771439919273437], [72.48807881253404, 30.77149104646967], [72.48801183260312, 30.771548776565616], [72.48795062113034, 30.77161259059795], [72.48574253509163, 30.774144633813563], [72.48369535622791, 30.772970869462412], [72.48361325590942, 30.772929043309265], [72.48352742904645, 30.772895522584715], [72.48343871336938, 30.77287063447455], [72.48334797480551, 30.772854621904195], [72.48325609902687, 30.77284764116757], [72.48316398280556, 30.77284976040156], [72.48307252526051, 30.77286095892096], [72.48298261908155, 30.77288112742036], [72.48289514181607, 30.77291006904105], [72.48281094730358, 30.772947501292506], [72.4827308573416, 30.77299305880969], [72.48265565366434, 30.77304629691926], [72.48258607031248, 30.773106695979912], [72.48252278646837, 30.773173666454426], [72.48246641982671, 30.77324655466398], [72.48241752056549, 30.7733246491685], [72.48237656597583, 30.77340718771082], [72.479841123713, 30.779222042084797], [72.47484136619342, 30.780655365094553], [72.47475684079419, 30.78068403988406], [72.47467544364628, 30.7807206635237], [72.47459792029044, 30.78076490056662], [72.47452498078619, 30.780816345832566], [72.47445729320822, 30.780874528119007], [72.47439547752721, 30.780938914517026], [72.47075677488468, 30.785111465847976], [72.46773142188783, 30.783955060950067], [72.46650534147528, 30.779737170157812], [72.46647629467999, 30.779652601747824], [72.4664392825685, 30.779571203738712], [72.46639464536896, 30.77949372436919], [72.46634279340199, 30.779420875856474], [72.46628420330883, 30.779353327849343], [72.46621941366992, 30.77929170127249], [72.46614902005409, 30.77923656261877], [72.46607366954385, 30.779188418741796], [72.46336264082322, 30.77763403142195], [72.46327603966051, 30.777590200061166], [72.4631853520238, 30.77755560667858], [72.4630915601625, 30.777530625959535], [72.46299567994825, 30.777515528473405], [72.46289874987194, 30.777510477742993], [72.4593687921515, 30.777510477742993], [72.45692745388662, 30.773311202523043], [72.45687939455611, 30.7732368911441], [72.456824508094, 30.773167469558352], [72.45676328870891, 30.773103562851514], [72.4566962876323, 30.773045746452254], [72.45662410815517, 30.772994540950894], [72.45654740019582, 30.772950407411916], [72.45646685444794, 30.77291374322246], [72.45638319616141, 30.77288487851416], [72.45629717861203, 30.77286407319057], [72.45620957631888, 30.77285151458695], [72.45612117807038, 30.772847315783455], [72.45259122034993, 30.772847315783455], [72.45014988208506, 30.768648040563505], [72.45009776721507, 30.768568111042732], [72.45003775814527, 30.76849392479397], [72.4499704830222, 30.768426258363743], [72.44989664605, 30.768365820052225], [72.44981702011913, 30.76831324249905], [72.44973243871615, 30.768269076061156], [72.44295486691459, 30.765160301421464], [72.44286165713027, 30.7651234719108], [72.44276503349896, 30.765096857053663], [72.4426661118292, 30.765080764198103], [72.44256603446725, 30.765075379184225], [72.43739237627331, 30.765075379184225], [72.43525599076649, 30.763850467578965], [72.43398866228034, 30.758037414212268], [72.43396413221451, 30.757946991325706], [72.43393065362147, 30.757859485861008], [72.433888564366, 30.757775780920188], [72.43383828921137, 30.75769672125051], [72.4337803355326, 30.757623104719336], [72.43106930681198, 30.754514330079644], [72.4310080953392, 30.75445051604731], [72.43094111540827, 30.754392785951364], [72.43086896913374, 30.75434165875513], [72.43079230507283, 30.754297594065342], [72.43071181239527, 30.754260988000485], [72.43062821468813, 30.75423216962991], [72.43054226345099, 30.754211398015677], [72.43045473134048, 30.75419885988373], [72.43036640522443, 30.754194667945303], [72.4281919618643, 30.754194667945303], [72.42575062359943, 30.749995392725353], [72.42569357188017, 30.74990874083454], [72.42562724882754, 30.749828961754954], [72.42555247516142, 30.749757042719178], [72.42034050617856, 30.745274564294977], [72.41906233886434, 30.74087748716166], [72.41903219917849, 30.74079018553465], [72.41899357247144, 30.740706293030545], [72.41894683754708, 30.74062663236529], [72.4188924527249, 30.740551984754084], [72.41883095134527, 30.74048308225017], [72.41876293653914, 30.740420600565745], [72.41868907531322, 30.7403651524454], [72.41861009200888, 30.740317281657052], [72.41852676119856, 30.740277457659346], [72.4184399000898, 30.740246070997745], [72.418350360511, 30.74022342947457], [72.41825902055777, 30.740209755130426], [72.41816677598162, 30.74020518206669], [72.41503286529259, 30.74020518206669], [72.41503286529259, 30.738029039818905], [72.41502797496979, 30.737933657264765], [72.4150133552869, 30.737839275000738], [72.41498915956257, 30.737746882826748], [72.41495564154071, 30.737657449672373], [72.41491315272948, 30.737571913435538], [72.41486213871497, 30.737491171146655], [72.41480313448822, 30.737416069561338], [72.4120921057676, 30.734307294921646], [72.41201987146292, 30.73423319752842], [72.41193987296145, 30.734167558681545], [72.41185309513133, 30.73411118646626], [72.40914206641071, 30.732556799146415], [72.409055465248, 30.73251296778563], [72.40896477761129, 30.732478374403044], [72.40887098574999, 30.732453393684], [72.40877510553574, 30.73243829619787], [72.40867817545943, 30.73243324546746], [72.40490148191698, 30.73243324546746], [72.39836269936563, 30.727934377296403], [72.39828299203342, 30.727885241908922], [72.39819875950873, 30.727844346592608], [72.39811085084855, 30.72781210356892], [72.398020152165, 30.727788837844898], [72.39792757769342, 30.72777478393715], [72.39783406057693, 30.72777008350792], [72.3955471698384, 30.72777008350792], [72.39311490472322, 30.72498097100257], [72.39305369325044, 30.724917156970236], [72.39298671331952, 30.72485942687429], [72.39291456704498, 30.724808299678056], [72.39283790298407, 30.724764234988267], [72.39275741030652, 30.72472762892341], [72.39267381259937, 30.724698810552834], [72.39258786136223, 30.724678038938602], [72.39250032925172, 30.724665500806655], [72.39241200313568, 30.724661308868228], [72.38994937366236, 30.724661308868228], [72.38772151818667, 30.723383952315153], [72.38648933063492, 30.720558018836055], [72.3864517891941, 30.720481636442297], [72.38640744088254, 30.720408994463266], [72.38635665502837, 30.72034069785376], [72.38629985457082, 30.7202773153808], [72.3862375125382, 30.720219374886984], [72.38617014810842, 30.720167358894688], [72.38609832228539, 30.720121700587647], [72.38338729356477, 30.7185673132678], [72.38330576913586, 30.718525745743467], [72.38322056344622, 30.718492367875918], [72.38313249681966, 30.718467501012935], [72.38304241712385, 30.718451384561995], [72.38295119160742, 30.718444173685366], [72.38285969855049, 30.71844593780628], [72.38276881880893, 30.718456659940532], [72.38267942733388, 30.71847623686002], [72.38259238474808, 30.71850448008657], [72.38250852906017, 30.718541117706515], [72.38242866759674, 30.718585796988584], [72.38235356922965, 30.71863808777983], [72.38228395697375, 30.71869748664696], [72.38222050102594, 30.718763421723185], [72.3803188378937, 30.720944085496225], [72.37731296332558, 30.71634824748763], [72.37955976112009, 30.713771812958935], [72.3796193477324, 30.713695885458996], [72.37967076813328, 30.713614206257322], [72.37971347161275, 30.713527650134175], [72.37974700081863, 30.713437144101412], [72.37977099665474, 30.71334365747423], [72.37978520212687, 30.713248191489846], [72.3797894650951, 30.713151768584297], [72.37978373990325, 30.713055421442192], [72.37976808786783, 30.712960181936733], [72.37851246586264, 30.70720082451339], [72.38041233279849, 30.70502222046394], [72.3824595116622, 30.70619598481509], [72.38254125004329, 30.70623764847885], [72.38262668648777, 30.706271079568815], [72.38271499423321, 30.7062959545747], [72.3828053187318, 30.706312032782826], [72.38289678591974, 30.706319158605513], [72.38298851067556, 30.70631726308668], [72.38307960538526, 30.70630636456913], [72.38316918853181, 30.706286568517044], [72.3832563932254, 30.706258066495415], [72.38732293630633, 30.70470367917557], [72.38740912230749, 30.704665641909745], [72.38749103132506, 30.704619104040994], [72.38756782761699, 30.70456454040903], [72.38763872760788, 30.70450250774281], [72.38770300788404, 30.704433638980063], [72.38776001257473, 30.70435863680925], [72.38780916004413, 30.704278266499816], [72.38784994882599, 30.704193348093916], [72.38788196274027, 30.70410474803929], [72.38790487513945, 30.70401337034863], [72.38791845224155, 30.70392014737568], [72.38792255551533, 30.703826030302146], [72.38791714309389, 30.7037319794325], [72.38790227020176, 30.70363895439573], [72.38787808859149, 30.70354790435393], [72.38784484499523, 30.70345975831775], [72.3851338162746, 30.697242209038365], [72.38509627483378, 30.697165826644607], [72.38505192652222, 30.697093184665576], [72.38500114066805, 30.69702488805607], [72.38494434021051, 30.69696150558311], [72.38488199817789, 30.696903565089293], [72.3848146337481, 30.696851549096998], [72.38474280792508, 30.696805890789957], [72.38203177920445, 30.69525150347011], [72.38194517804175, 30.695207672109326], [72.38185449040503, 30.69517307872674], [72.38176069854373, 30.695148098007696], [72.38166481832948, 30.695133000521565], [72.38156788825317, 30.695127949791154], [72.37811212435324, 30.695127949791154], [72.37700073011273, 30.692579047078826], [72.37696077582302, 30.692498301416276], [72.37691321721226, 30.692421787457885], [72.37685849805385, 30.692350219161902], [72.37679712893691, 30.69228426433817], [72.3767296825019, 30.692224538416745], [72.37665678809721, 30.692171598705272], [72.37657912590672, 30.692125939188692], [72.37649742060292, 30.692087985919827], [72.37641243458494, 30.69205809304385], [72.37632496086452, 30.69203653949373], [72.37623581566638, 30.692023526387466], [72.37614583081192, 30.69201917515146], [72.36843688263214, 30.69201917515146], [72.36600461751696, 30.68923006264611], [72.36594116156915, 30.689164127569885], [72.36587154931325, 30.689104728702755], [72.36579645094616, 30.68905243791151], [72.36571658948273, 30.68900775862944], [72.36563273379483, 30.688971121009494], [72.36554569120902, 30.688942877782946], [72.36545629973398, 30.688923300863458], [72.36536541999241, 30.688912578729205], [72.36527392693549, 30.688910814608292], [72.36518270141906, 30.68891802548492], [72.36509262172325, 30.68893414193586], [72.36500455509669, 30.688959008798843], [72.36491934940705, 30.688992386666392], [72.36483782497814, 30.689033954190727], [72.36234228796148, 30.690464787831615], [72.35174657232629, 30.690464787831615], [72.35165824621025, 30.690468979770042], [72.35157071409974, 30.69048151790199], [72.3514847628626, 30.69050228951622], [72.35140116515545, 30.690531107886798]], [[72.65814440749507, 30.76413910064236], [72.66240399000978, 30.76306098228542], [72.66527838183146, 30.764196506082136], [72.65814440749507, 30.76413910064236]], [[72.66193046955323, 30.968444684021193], [72.66141498314887, 30.968443066106456], [72.66207510978238, 30.968075368570222], [72.66193046955323, 30.968444684021193]], [[72.6528395852112, 30.96841615121097], [72.6496962524562, 30.96578376002049], [72.65518348585827, 30.968423507818954], [72.6528395852112, 30.96841615121097]], [[72.5280371332846, 30.787382987903438], [72.52978952065769, 30.78682061794183], [72.5294276531678, 30.78716576530205], [72.5280371332846, 30.787382987903438]], [[72.42688553008342, 30.816019747998972], [72.43569175181906, 30.81497578703699], [72.43452043220546, 30.816019747998972], [72.42688553008342, 30.816019747998972]], [[72.34648565641753, 30.778668282697424], [72.35843677511534, 30.776726442406982], [72.36084989636083, 30.777001624911932], [72.34648565641753, 30.778668282697424]]]}}, {"type": "Feature", "properties": {"na": "NA-107", "src": "sheet-split: tts_na106_107.jpg, outline-fit", "approx": false, "rms_km": 1.878}, "geometry": {"type": "Polygon", "coordinates": [[[72.780399239, 30.739240204], [72.782884939, 30.739710262], [72.783231062, 30.741487539], [72.783586921, 30.743315425], [72.783804892, 30.744435043], [72.784119011, 30.746214667], [72.784224491, 30.746631248], [72.784765489, 30.748767859], [72.785082547, 30.750020043], [72.786399932, 30.751479123], [72.788126943, 30.752511382], [72.789271841, 30.752569092], [72.792872839, 30.752750823], [72.793670336, 30.75279114], [72.794710205, 30.752648105], [72.79677725900001, 30.752366286], [72.80224277900001, 30.751620998], [72.803697271, 30.751422661], [72.805448202, 30.751078269], [72.80698533, 30.750698655], [72.808125878, 30.750416655], [72.808935853, 30.750216389], [72.811771918, 30.749515173], [72.812620522, 30.749303666], [72.815164354, 30.748660571], [72.816436019, 30.748340668], [72.81684938, 30.748225927], [72.82221091000001, 30.746740226], [72.823860097, 30.746281245], [72.825193771, 30.745444035], [72.827188304, 30.744191973], [72.82926303, 30.742938357], [72.829823058, 30.742599748], [72.830903623, 30.741945383], [72.831676855, 30.741142643], [72.833068998, 30.739695733], [72.83346206600001, 30.739251375], [72.833906632, 30.738647804], [72.83446047400001, 30.737898483], [72.835168264, 30.736513417], [72.835505161, 30.735595436], [72.836120316, 30.733922451], [72.836091186, 30.732984187], [72.83605102300001, 30.731690515], [72.835979203, 30.729377203], [72.836251776, 30.728081778], [72.836341189, 30.727655558], [72.836430516, 30.727229746], [72.83669789800001, 30.725955171], [72.837688896, 30.724133295], [72.839051025, 30.722482048], [72.841615401, 30.720702799], [72.843092841, 30.720019475], [72.844797465, 30.719230866], [72.84717389500001, 30.716619922], [72.84679365, 30.714096295], [72.843550765, 30.713629406], [72.84274980500001, 30.713983646], [72.842031359, 30.714301389], [72.840844543, 30.714826381], [72.840361348, 30.715040123], [72.83966228700001, 30.715410565], [72.837828314, 30.716382414], [72.83710292900001, 30.716766806], [72.836380014, 30.71714989], [72.835333785, 30.717417827], [72.834549185, 30.717618529], [72.833019515, 30.718009702], [72.831550852, 30.71769589], [72.829663389, 30.717292302], [72.82659604, 30.71463103], [72.826076172, 30.714002532], [72.825422071, 30.713202511], [72.825110764, 30.712821956], [72.823340692, 30.712422704], [72.822401201, 30.712522462], [72.821504583, 30.712617669], [72.820462552, 30.712728319], [72.818870277, 30.713709458], [72.81749865, 30.71515154], [72.816234788, 30.716705222], [72.815536172, 30.717940841], [72.814690902, 30.719481191], [72.813171267, 30.720029538], [72.81179274, 30.720104848], [72.811052347, 30.720128224], [72.808749598, 30.71986921], [72.806800944, 30.719644723], [72.804507207, 30.718950158], [72.803826392, 30.718016025], [72.803203415, 30.717160043], [72.802980815, 30.715646241], [72.802857205, 30.714802733], [72.802518709, 30.713296219], [72.800830045, 30.713105069], [72.799726758, 30.713939153], [72.799190877, 30.714344293], [72.796274048, 30.715400507], [72.79494739, 30.714519775], [72.794309692, 30.713139102], [72.794120483, 30.712727992], [72.794634451, 30.709632353], [72.79541313700001, 30.708443498], [72.79592597700001, 30.707669313], [72.796581504, 30.705606967], [72.795822111, 30.70418303], [72.794530289, 30.703293532], [72.793639517, 30.703109534], [72.792090694, 30.70278961], [72.790726129, 30.702969088], [72.790119715, 30.703048752], [72.788803762, 30.703221631], [72.785856862, 30.704344463], [72.784443447, 30.704917096], [72.782990512, 30.704731171], [72.781905522, 30.7036358], [72.781679746, 30.703273633], [72.780104347, 30.700746543], [72.779718255, 30.700128345], [72.77936561, 30.697085584], [72.78159426900001, 30.696555669], [72.782414249, 30.696459143], [72.785124084, 30.696139673], [72.78504992500001, 30.69386482], [72.78223351, 30.691172043], [72.781453372, 30.690707591], [72.780083079, 30.689891379], [72.779584177, 30.688162274], [72.77965902400001, 30.686048917], [72.780006455, 30.685142407], [72.78054014, 30.683749926], [72.781018716, 30.683337931], [72.782044139, 30.682455167], [72.783427609, 30.680160773], [72.78368648700001, 30.679540959], [72.784083918, 30.678270628], [72.783621381, 30.676860422], [72.782980122, 30.676659613], [72.782338365, 30.676458729], [72.779946867, 30.677254721], [72.77740466, 30.679075882], [72.776702878, 30.679835796], [72.77584619800001, 30.680706526], [72.775342437, 30.681218617], [72.774671033, 30.681731406], [72.773014251, 30.682997822], [72.77168876600001, 30.684011273], [72.77005559700001, 30.684118697], [72.76884629, 30.684199017], [72.768402992, 30.684229237], [72.767828285, 30.684149247], [72.764541111, 30.68366853], [72.763729338, 30.683551539], [72.763032229, 30.683246033], [72.760195032, 30.682010456], [72.75900116000001, 30.681490698], [72.758613062, 30.680997505], [72.757899314, 30.680090474], [72.757380587, 30.678747721], [72.757029882, 30.677887207], [72.75677133, 30.67717284], [72.75664866000001, 30.676713083], [72.756379033, 30.675702499], [72.756089981, 30.674749976], [72.755544047, 30.672947536], [72.75521749900001, 30.672532966], [72.754892196, 30.672119634], [72.753719068, 30.671498115], [72.752903409, 30.670844871], [72.751482376, 30.669512105], [72.751181284, 30.668158812], [72.751190056, 30.666430186], [72.751951511, 30.665382167], [72.752600668, 30.665379851], [72.754059172, 30.666194711], [72.754478331, 30.666518854], [72.755629285, 30.667406755], [72.756299894, 30.667424535], [72.75693757, 30.667419735], [72.75736679100001, 30.667249849], [72.758372284, 30.666851864], [72.75880055, 30.66658068], [72.760122114, 30.665731687], [72.760709755, 30.66525326], [72.761961228, 30.664234987], [72.762835634, 30.663599975], [72.765208781, 30.661878343], [72.766637939, 30.660839246], [72.76806057600001, 30.660652538], [72.770028956, 30.660392735], [72.771110282, 30.660248925], [72.77227464500001, 30.660474944], [72.77384093900001, 30.660778984], [72.77641183, 30.661260214], [72.777372147, 30.66143997], [72.77901515, 30.661914785], [72.780248412, 30.662270673], [72.783920194, 30.663329372], [72.78541748100001, 30.663892469], [72.78605151, 30.664130914], [72.788340562, 30.664378218], [72.789255993, 30.664109252], [72.78952692300001, 30.663629155], [72.789274299, 30.662022458], [72.789130882, 30.661286179], [72.788990619, 30.660771984], [72.788688065, 30.660100811], [72.788186476, 30.658998852], [72.787746444, 30.65803039], [72.78679674700001, 30.657318277], [72.785510226, 30.656352454], [72.785001479, 30.655970602], [72.784182698, 30.655610409], [72.782587519, 30.655032535], [72.781271036, 30.654806062], [72.780504299, 30.65467416], [72.779470872, 30.65450103], [72.77902233600001, 30.654449108], [72.77851989700001, 30.654390045], [72.776809854, 30.654251525], [72.775147282, 30.654182949], [72.77408817300001, 30.654139376], [72.772638215, 30.653459796], [72.772341886, 30.65301699], [72.771914326, 30.652376277], [72.771647407, 30.651834288], [72.77089226800001, 30.650288106], [72.770625651, 30.649476619], [72.770123186, 30.647838913], [72.76931935600001, 30.645207862], [72.76851321800001, 30.642569255], [72.768749453, 30.641937295], [72.768980861, 30.641319796], [72.769495795, 30.641266258], [72.77042149200001, 30.641170259], [72.772188154, 30.641847871], [72.77451184600001, 30.643920985], [72.77493264200001, 30.644358541], [72.775627791, 30.645105979], [72.776721999, 30.646231149], [72.777403358, 30.646447188], [72.778008705, 30.646638505], [72.778922018, 30.646365772], [72.779440864, 30.646210835], [72.780000175, 30.645790396], [72.78045495, 30.645448484], [72.781182461, 30.643942621], [72.78136762, 30.643519178], [72.781651126, 30.642782411], [72.78167281200001, 30.642026346], [72.78182103200001, 30.638509074], [72.781856491, 30.63659356], [72.78177049, 30.635137424], [72.780423022, 30.633618719], [72.779776512, 30.63320819], [72.778235788, 30.632229841], [72.777842025, 30.631979803], [72.77744869, 30.631819495], [72.773791189, 30.63032884], [72.77285884, 30.629948851], [72.771572679, 30.629682519], [72.770715593, 30.629505038], [72.769001519, 30.629150096], [72.766339985, 30.628980616], [72.764514642, 30.628863752], [72.76323850700001, 30.628782051], [72.761913582, 30.628277916], [72.7614685, 30.628108557], [72.760268572, 30.62708728], [72.759965275, 30.626552853], [72.759698114, 30.626080613], [72.759755912, 30.625538028], [72.759916706, 30.624487821], [72.760728475, 30.623157756], [72.762370793, 30.622485442], [72.762800956, 30.622309348], [72.76486985400001, 30.62118267], [72.765197614, 30.620154974], [72.76548884200001, 30.619241835], [72.765353543, 30.618145365], [72.765259113, 30.617380107], [72.765079756, 30.615926278], [72.76498078600001, 30.615124359], [72.764552585, 30.61398378], [72.762781956, 30.609743567], [72.762102495, 30.608116351], [72.761507572, 30.606691594], [72.76073895200001, 30.605437146], [72.76038634000001, 30.604862079], [72.75962808300001, 30.603625243], [72.758986225, 30.602641834], [72.757952937, 30.601825872], [72.757607875, 30.601553385], [72.7566388, 30.60078813], [72.755247962, 30.600666081], [72.75231319400001, 30.600408548], [72.749457682, 30.600431813], [72.74863211600001, 30.600438604], [72.747253215, 30.600656971], [72.745537636, 30.600928653], [72.744958491, 30.601020369], [72.743699425, 30.601238893], [72.738688105, 30.602108754], [72.73743407900001, 30.602326361], [72.736585886, 30.602473014], [72.735879825, 30.602554109], [72.73009543, 30.603214357], [72.729148643, 30.603322426], [72.728568763, 30.60326142], [72.72640115, 30.602412561], [72.725587977, 30.60103901], [72.725577392, 30.599974897], [72.725566754, 30.598905652], [72.725557723, 30.597997835], [72.72600525700001, 30.597240399], [72.727053972, 30.595451412], [72.727599135, 30.5945221], [72.728581325, 30.594055397], [72.729668841, 30.593539163], [72.730918123, 30.593435446], [72.734802986, 30.593112917], [72.735547229, 30.59305111], [72.73630539700001, 30.592988146], [72.737046796, 30.592925052], [72.738323878, 30.592702033], [72.73919354200001, 30.592550171], [72.740379613, 30.592343057], [72.741491554, 30.591642169], [72.741861764, 30.591075585], [72.742860618, 30.589631964], [72.74289352400001, 30.587900101], [72.742181509, 30.586896707], [72.741244541, 30.585576302], [72.740941964, 30.585149902], [72.740515996, 30.584834096], [72.73765637000001, 30.582714011], [72.737069093, 30.582278613], [72.735815129, 30.581926868], [72.73514844200001, 30.581739871], [72.73362944, 30.582054357], [72.733070201, 30.582170267], [72.73221866, 30.583526168], [72.731499369, 30.584671488], [72.730368247, 30.58555032], [72.72996461000001, 30.585863927], [72.729593713, 30.586091441], [72.728246985, 30.586917545], [72.726890295, 30.587750657], [72.724321478, 30.586669827], [72.72326089100001, 30.585323858], [72.722692209, 30.584602154], [72.720909629, 30.582268836], [72.718983268, 30.580709748], [72.717804389, 30.580210856], [72.715844278, 30.579381208], [72.71480781400001, 30.578942537], [72.71353834300001, 30.578834899], [72.709978416, 30.578533051], [72.708879408, 30.578439865], [72.707869759, 30.578569328], [72.705781963, 30.578837309], [72.703248783, 30.579162484], [72.702010566, 30.579321429], [72.700937001, 30.579640205], [72.698582253, 30.580339404], [72.69787779, 30.580522626], [72.69613536700001, 30.581031156], [72.693654147, 30.581213915], [72.68853678900001, 30.581446804], [72.687149534, 30.581511183], [72.685497471, 30.581028736], [72.682599034, 30.580184787], [72.681778025, 30.579945479], [72.680993917, 30.579627068], [72.679811787, 30.579147028], [72.676658362, 30.577866483], [72.67430051800001, 30.576909013], [72.671485215, 30.575768002], [72.670280235, 30.575279637], [72.669680693, 30.575111643], [72.669154928, 30.574964396], [72.667567313, 30.574519716], [72.666428755, 30.574200812], [72.665904858, 30.574172435], [72.665363788, 30.57414319], [72.664641904, 30.574104177], [72.661949587, 30.573958743], [72.661314856, 30.574277702], [72.660832643, 30.574520012], [72.660386314, 30.575013358], [72.66020875000001, 30.576069379], [72.660218652, 30.577151087], [72.660314201, 30.577838069], [72.660391285, 30.578392629], [72.66083244100001, 30.579139521], [72.66120469900001, 30.579769562], [72.661423221, 30.580147135], [72.663857297, 30.584575329], [72.664435321, 30.585629196], [72.664582875, 30.586698416], [72.664634237, 30.587375949], [72.66456598500001, 30.588976853], [72.664511329, 30.59025884], [72.662872645, 30.591809916], [72.66180722, 30.592215133], [72.660690658, 30.59263459], [72.658364416, 30.592304725], [72.65730293, 30.591468063], [72.656844883, 30.591106641], [72.656189487, 30.59059258], [72.655736719, 30.589889775], [72.655241458, 30.589121014], [72.65465452, 30.588209968], [72.654241683, 30.587569163], [72.653830671, 30.586484511], [72.653409877, 30.585374052], [72.652981908, 30.583881759], [72.652766817, 30.583131566], [72.65266861900001, 30.582707172], [72.652419908, 30.581632285], [72.652250663, 30.581187444], [72.652079529, 30.580738108], [72.651174266, 30.5783606], [72.650605581, 30.577274702], [72.650240471, 30.576611519], [72.649970456, 30.576121163], [72.649604572, 30.575859116], [72.648896077, 30.575351693], [72.64787140700001, 30.574617828], [72.64702595, 30.574362475], [72.645906104, 30.574023683], [72.645238501, 30.573922996], [72.644085536, 30.573872628], [72.642903107, 30.573820973], [72.640667844, 30.57487567], [72.639478327, 30.576362255], [72.639090822, 30.576891449], [72.638517354, 30.577686747], [72.637925952, 30.578455362], [72.63671938600001, 30.579121229], [72.63499226, 30.579171031], [72.634286849, 30.57900984], [72.631658565, 30.578411421], [72.63102035, 30.578207996], [72.63059980700001, 30.578062661], [72.628739212, 30.57741966], [72.626593341, 30.577220199], [72.62385470800001, 30.576965641], [72.623136734, 30.576898894], [72.621849542, 30.576779229], [72.620974433, 30.576745], [72.619225064, 30.576676576], [72.614851313, 30.576505503], [72.612887269, 30.576428691], [72.61112231700001, 30.576440541], [72.608920231, 30.576455327], [72.60802399500001, 30.576461299], [72.60740212200001, 30.57646552], [72.606641844, 30.576470624], [72.60560400700001, 30.576556823], [72.602045138, 30.57685241], [72.60121084500001, 30.576921703], [72.60048553, 30.57707168], [72.599405878, 30.577294926], [72.598375832, 30.577507994], [72.597057995, 30.577780593], [72.595938182, 30.578307405], [72.594456749, 30.57900434], [72.592751722, 30.579806694], [72.592278709, 30.580029285], [72.591629122, 30.580457579], [72.590991232, 30.580878161], [72.59037009500001, 30.581287697], [72.590055877, 30.581583998], [72.588721236, 30.582842528], [72.58830099500001, 30.583238804], [72.58775126, 30.584086391], [72.587041888, 30.585180104], [72.586703591, 30.586598455], [72.586624103, 30.58732501], [72.586911981, 30.588639107], [72.587236079, 30.589119132], [72.587561224, 30.589600781], [72.588690864, 30.590288089], [72.590131847, 30.590829886], [72.591743859, 30.590948035], [72.592900574, 30.590872186], [72.593979389, 30.590801591], [72.59502849, 30.590420535], [72.596688667, 30.589817526], [72.59741002, 30.589462438], [72.59812083300001, 30.589112536], [72.598653552, 30.588784618], [72.599713651, 30.588131229], [72.60262092, 30.587424136], [72.603416165, 30.587503939], [72.604945412, 30.587659228], [72.605780644, 30.587744042], [72.606477357, 30.58789894], [72.607407811, 30.5894588], [72.606972287, 30.590229517], [72.606460292, 30.591130627], [72.606150856, 30.591493487], [72.605515381, 30.592238676], [72.604925647, 30.59293032], [72.604560377, 30.593358564], [72.60398232300001, 30.593764702], [72.60333181, 30.594221748], [72.602213457, 30.594996344], [72.59957965400001, 30.59633677], [72.598830597, 30.596712924], [72.597673517, 30.596938174], [72.596597897, 30.597147563], [72.595379389, 30.59699593], [72.594579468, 30.596895848], [72.593359367, 30.596742498], [72.59044811400001, 30.596138676], [72.589539294, 30.595949549], [72.588924724, 30.595994309], [72.587982314, 30.596062948], [72.587554143, 30.596071503], [72.586349753, 30.596800898], [72.586112238, 30.597219983], [72.586368231, 30.600424293], [72.586718743, 30.601827836], [72.587210815, 30.603710046], [72.586484826, 30.606582618], [72.585591019, 30.60702647], [72.585062227, 30.607192838], [72.584207823, 30.607461938], [72.580844706, 30.609347192], [72.579715256, 30.609980549], [72.578964063, 30.610401792], [72.576720609, 30.611661995], [72.575876174, 30.61262665], [72.575137145, 30.613470887], [72.574850225, 30.614027942], [72.574349232, 30.614998896], [72.57227673, 30.61597999], [72.571804807, 30.615983263], [72.570839566, 30.615989865], [72.569818098, 30.615470875], [72.568477887, 30.614778642], [72.56664901100001, 30.613347448], [72.565840846, 30.612702638], [72.565239913, 30.611579904], [72.564488729, 30.610176452], [72.564218316, 30.609671234], [72.563890567, 30.608736884], [72.56349104600001, 30.607597927], [72.56322964, 30.606852712], [72.56257315500001, 30.604981207], [72.561948513, 30.602894139], [72.56158231, 30.601670571], [72.56011982400001, 30.599329454], [72.55935045400001, 30.59883876], [72.558189702, 30.598098447], [72.557757374, 30.597810987], [72.556825867, 30.597191456], [72.555217708, 30.597150444], [72.552929219, 30.597763681], [72.55253586500001, 30.59929898], [72.55234783, 30.600049607], [72.552238976, 30.600732689], [72.552300243, 30.60272204], [72.552322247, 30.603333087], [72.55262650600001, 30.604170496], [72.553091007, 30.605365882], [72.553412624, 30.60620153], [72.553767183, 30.606801017], [72.55449561200001, 30.607421548], [72.555257682, 30.608070868], [72.559021345, 30.61239557], [72.559441447, 30.613470495], [72.55978426, 30.614371368], [72.559871392, 30.615017672], [72.559989902, 30.616280887], [72.559715733, 30.616825276], [72.559440315, 30.617371216], [72.558666961, 30.617712531], [72.557769901, 30.618108444], [72.556681373, 30.618115394], [72.551983062, 30.618145393], [72.551351736, 30.618149424], [72.550522868, 30.618052747], [72.54968400300001, 30.617954905], [72.548845525, 30.617857107], [72.548421892, 30.617807697], [72.547753952, 30.617680876], [72.543590764, 30.616890414], [72.542272247, 30.616640067], [72.541106412, 30.616135136], [72.538673163, 30.61508128], [72.537978337, 30.614773581], [72.537551312, 30.614510862], [72.533900044, 30.612259053], [72.532894524, 30.611638929], [72.532385171, 30.611197623], [72.532145406, 30.609893174], [72.53280320600001, 30.608561253], [72.533290636, 30.608376655], [72.53390901, 30.608215332], [72.53558768900001, 30.608527279], [72.536585063, 30.608713407], [72.537010967, 30.608792895], [72.537610697, 30.608973295], [72.538125108, 30.609128038], [72.538716834, 30.609316306], [72.539729578, 30.609676448], [72.543082847, 30.610869237], [72.543848075, 30.611141577], [72.545021895, 30.611304334], [72.546338863, 30.611486939], [72.547995641, 30.61063492], [72.54826065, 30.608820043], [72.547760968, 30.60764495], [72.547206509, 30.60634104], [72.544990637, 30.60113004], [72.544584092, 30.600292575], [72.543946137, 30.598978414], [72.542170647, 30.598139914], [72.540703244, 30.597911591], [72.53951544, 30.598260849], [72.537570645, 30.598890047], [72.53331775800001, 30.600710468], [72.532032708, 30.601278609], [72.53091027500001, 30.601866785], [72.53051029, 30.602073697], [72.525706298, 30.604558798], [72.52483939400001, 30.604997336], [72.524049943, 30.605194003], [72.521405251, 30.605805705], [72.52009882, 30.60610782], [72.518834982, 30.605447119], [72.51762935500001, 30.604810373], [72.51673872100001, 30.604338543], [72.515730824, 30.60239882], [72.51640068600001, 30.599390028], [72.517772326, 30.598521019], [72.52047735900001, 30.596808265], [72.52235606500001, 30.59561904], [72.523511776, 30.595328126], [72.524959594, 30.59482325], [72.525400633, 30.594150043], [72.525474011, 30.592749393], [72.525520887, 30.591844776], [72.52537416, 30.589154519], [72.525350642, 30.588720043], [72.525220406, 30.588313698], [72.524692056, 30.586665217], [72.52440089800001, 30.58571432], [72.523475286, 30.584723884], [72.522521807, 30.583815365], [72.52163542400001, 30.582972429], [72.521250643, 30.582600036], [72.520638427, 30.582244239], [72.519221176, 30.581420587], [72.518267588, 30.580858261], [72.516944357, 30.580572638], [72.51248193500001, 30.579719888], [72.511489944, 30.579530322], [72.510235925, 30.579434425], [72.509398841, 30.579370412], [72.505630256, 30.579082221], [72.504750258, 30.578976608], [72.502548239, 30.578717705], [72.497224372, 30.578091091], [72.493471467, 30.577923055], [72.492045446, 30.577860688], [72.490441484, 30.578090317], [72.484197777, 30.578986382], [72.483336526, 30.579110576], [72.482702097, 30.579352994], [72.480928808, 30.58003287], [72.48013395800001, 30.580336476], [72.478590642, 30.581549912], [72.478049818, 30.582750838], [72.477871128, 30.583147628], [72.477500767, 30.583970034], [72.477304707, 30.584844596], [72.47718146400001, 30.585394345], [72.47705795200001, 30.586011733], [72.477002827, 30.586565999], [72.476803947, 30.588553543], [72.476766511, 30.58919596], [72.476615834, 30.592414468], [72.476061075, 30.593386509], [72.475790974, 30.5938604], [72.474573737, 30.594927767], [72.473990568, 30.595439229], [72.472839632, 30.596679415], [72.472190439, 30.597378912], [72.471755188, 30.597646316], [72.47083734, 30.598210209], [72.470270165, 30.598558576], [72.469420704, 30.59908054], [72.468241497, 30.599048177], [72.466400887, 30.598997562], [72.465789908, 30.598980893], [72.465028843, 30.598830816], [72.463422875, 30.598515994], [72.460986771, 30.598383532], [72.457581828, 30.598208794], [72.45547754600001, 30.598447574], [72.452837912, 30.59874738], [72.451753549, 30.59897624], [72.450204916, 30.59921759], [72.448773196, 30.59944072], [72.447562863, 30.599367515], [72.44529766, 30.599230457], [72.444683474, 30.599157788], [72.443742448, 30.599028142], [72.442966305, 30.598921154], [72.44179262, 30.598759368], [72.440584315, 30.598365566], [72.434401215, 30.596348498], [72.432723738, 30.595966067], [72.431614916, 30.595719635], [72.430050384, 30.595371923], [72.429437361, 30.594471994], [72.42858327, 30.593218172], [72.428031253, 30.592682519], [72.425498012, 30.590219751], [72.424702517, 30.589452286], [72.423319891, 30.589097786], [72.422743751, 30.588950233], [72.42143210200001, 30.588643917], [72.418981738, 30.589242379], [72.41794606900001, 30.589865005], [72.416324673, 30.590817031], [72.41420946, 30.590291949], [72.413402561, 30.590089156], [72.41257039, 30.589880047], [72.41176737900001, 30.589517743], [72.405218312, 30.586562606], [72.400314625, 30.584349915], [72.397455625, 30.583060137], [72.39595889200001, 30.581724204], [72.395537265, 30.581347972], [72.39518125, 30.581027029], [72.393468884, 30.578714841], [72.391737667, 30.576381118], [72.391014009, 30.575401128], [72.388790921, 30.572360581], [72.387900666, 30.571142968], [72.387180316, 30.570428417], [72.38517216000001, 30.568437214], [72.384352856, 30.567624742], [72.38355128900001, 30.56682986], [72.382753555, 30.566421874], [72.380975745, 30.565512645], [72.380050341, 30.565039363], [72.378855041, 30.564990443], [72.377401637, 30.564930959], [72.375172752, 30.565669011], [72.374334143, 30.566289373], [72.370535239, 30.569099607], [72.369763125, 30.569670777], [72.365259971, 30.573503295], [72.36470857, 30.573972599], [72.36282778, 30.575250532], [72.361176642, 30.57514164], [72.360730625, 30.574719188], [72.360311655, 30.574300405], [72.35998059900001, 30.572963246], [72.358837135, 30.568344709], [72.35873207600001, 30.56792037], [72.35806312000001, 30.564646951], [72.357722597, 30.562980663], [72.355755001, 30.560644741], [72.35506568400001, 30.562179415], [72.354214027, 30.564075247], [72.353843342, 30.564904223], [72.353711942, 30.567822684], [72.353864759, 30.568947485], [72.354041853, 30.570251], [72.354262519, 30.571873675], [72.354448217, 30.57324207], [72.354759645, 30.575556782], [72.355031947, 30.577580664], [72.354761506, 30.577994718], [72.354478354, 30.57842814], [72.352756217, 30.578770582], [72.351514297, 30.579004919], [72.346896655, 30.578732664], [72.346187767, 30.578675326], [72.345199443, 30.578508742], [72.343830963, 30.578278127], [72.342901577, 30.578121507], [72.34208982, 30.577802286], [72.34017303, 30.57704851], [72.339267898, 30.576692569], [72.338555208, 30.576167625], [72.336275209, 30.574489716], [72.335202484, 30.573699994], [72.334422669, 30.572729605], [72.333121446, 30.571109522], [72.332606002, 30.570467898], [72.33182763500001, 30.569498989], [72.331275817, 30.568379766], [72.329804938, 30.565396458], [72.329233396, 30.564237171], [72.32881235500001, 30.563383154], [72.328109818, 30.561958163], [72.327602271, 30.560230808], [72.327222119, 30.55893702], [72.326841576, 30.557641901], [72.326148985, 30.554430185], [72.325985356, 30.55383032], [72.325863301, 30.553419467], [72.325741699, 30.553010139], [72.325251818, 30.55136114], [72.324698604, 30.550793009], [72.32408077, 30.550158514], [72.323774905, 30.549844401], [72.32298259, 30.549074573], [72.32247068800001, 30.548682754], [72.31650929, 30.544119782], [72.315756523, 30.543569676], [72.315352773, 30.543276586], [72.314758667, 30.542845412], [72.31362077300001, 30.542019342], [72.311917621, 30.541401557], [72.309775449, 30.540624322], [72.30915677, 30.540399747], [72.30800815100001, 30.539974003], [72.305930556, 30.538439484], [72.30480098000001, 30.535670579], [72.30473451600001, 30.534529412], [72.304683644, 30.533642826], [72.304632606, 30.532753337], [72.304421397, 30.529072412], [72.304333285, 30.527478592], [72.302750642, 30.525546048], [72.302369087, 30.525077977], [72.301463766, 30.525080042], [72.300692394, 30.525082301], [72.299167746, 30.525691614], [72.298821748, 30.526027045], [72.29790622, 30.526932445], [72.297566201, 30.52770115], [72.29562104700001, 30.532106996], [72.295251104, 30.532945848], [72.295028629, 30.535236992], [72.294981402, 30.535740931], [72.295368248, 30.537373391], [72.295549218, 30.538139361], [72.29570059800001, 30.538774139], [72.295981194, 30.539957593], [72.296345202, 30.540674349], [72.297445496, 30.542840898], [72.297811504, 30.543561592], [72.298502012, 30.544209461], [72.299398398, 30.545050372], [72.301216241, 30.546754964], [72.302100851, 30.547588777], [72.302842304, 30.548381047], [72.30370666200001, 30.549321084], [72.30404372800001, 30.549777853], [72.30538959, 30.551601679], [72.306519283, 30.553769037], [72.306942031, 30.554699504], [72.307228994, 30.55533111], [72.307509517, 30.555750382], [72.307757685, 30.556121378], [72.30835918400001, 30.55682929], [72.309200137, 30.557803251], [72.309760534, 30.558452283], [72.310447138, 30.558995792], [72.310787919, 30.559265552], [72.311183363, 30.559578636], [72.311578495, 30.559891282], [72.312967151, 30.5608398], [72.314798232, 30.561682803], [72.316186893, 30.562216924], [72.316923881, 30.562500393], [72.31759210300001, 30.56275741], [72.31835006300001, 30.56314477], [72.319692203, 30.563830683], [72.32137144, 30.56514974], [72.322081275, 30.566831768], [72.321984127, 30.56787177], [72.321392942, 30.568281498], [72.319904906, 30.568270771], [72.31857389000001, 30.567848333], [72.317658789, 30.567180443], [72.31705529700001, 30.566704388], [72.316641393, 30.566377886], [72.314946552, 30.565122013], [72.314538487, 30.56481964], [72.31272057400001, 30.564468259], [72.311958356, 30.564415178], [72.311050213, 30.564351932], [72.308531306, 30.563521131], [72.307463302, 30.56271238], [72.306768719, 30.562186403], [72.303628388, 30.55980837], [72.302517189, 30.559153878], [72.300672281, 30.558067234], [72.300304063, 30.557850355], [72.299569097, 30.557417462], [72.298757162, 30.557124701], [72.297953661, 30.556834982], [72.297552182, 30.55669022], [72.295938307, 30.556108305], [72.29384425500001, 30.556007878], [72.291337973, 30.55588768], [72.290100252, 30.555702527], [72.288961669, 30.555532204], [72.288409132, 30.555298765], [72.287840911, 30.555058722], [72.28636634, 30.554137568], [72.28266954300001, 30.551828202], [72.280960882, 30.551272823], [72.275982571, 30.549654688], [72.27498314200001, 30.549329837], [72.274017381, 30.54913133], [72.271148698, 30.548541689], [72.269820592, 30.548268704], [72.268563711, 30.548303884], [72.265896728, 30.548378531], [72.264800522, 30.548409213], [72.26358007200001, 30.548717821], [72.261544666, 30.549231539], [72.26072448100001, 30.54943696], [72.260029718, 30.549713896], [72.25769691900001, 30.550638176], [72.256061262, 30.551287231], [72.255488641, 30.551552621], [72.253603868, 30.552743976], [72.252700413, 30.553279962], [72.251784404, 30.554098266], [72.251326937, 30.554506939], [72.250869165, 30.554915883], [72.250537093, 30.555223768], [72.249213665, 30.556549944], [72.247756359, 30.558010354], [72.246897426, 30.55887113], [72.246539471, 30.559741795], [72.245100217, 30.56323608], [72.244728241, 30.563886376], [72.243815679, 30.565481738], [72.24343463400001, 30.566018289], [72.242617322, 30.567087597], [72.240669571, 30.567697826], [72.239571567, 30.567632372], [72.23871807, 30.567581499], [72.23751519800001, 30.567175006], [72.236570596, 30.566671117], [72.234242659, 30.565310739], [72.233127495, 30.564675868], [72.23237855900001, 30.564249496], [72.230882424, 30.563397739], [72.229233664, 30.562904666], [72.228089134, 30.562562383], [72.225684646, 30.562219292], [72.224379426, 30.562268617], [72.213464469, 30.562681098], [72.211679163, 30.562748038], [72.208525709, 30.563085391], [72.202297634, 30.563758189], [72.200518282, 30.563950406], [72.200071842, 30.564000385], [72.199187432, 30.564115012], [72.195643783, 30.564581335], [72.193767345, 30.564828263], [72.192541527, 30.564989573], [72.191126362, 30.565271823], [72.190203123, 30.565455974], [72.184094769, 30.566674292], [72.183473733, 30.566798149], [72.182871133, 30.566919883], [72.180284392, 30.567453427], [72.17952184, 30.567599013], [72.178028876, 30.567884835], [72.17602246, 30.568341943], [72.175110455, 30.568549729], [72.174696458, 30.568644052], [72.173413157, 30.568898359], [72.16343564, 30.570882666], [72.156531573, 30.572124807], [72.154384193, 30.572682717], [72.15384465400001, 30.57279106], [72.153314894, 30.572861889], [72.152072331, 30.573019719], [72.151557644, 30.573512356], [72.151130447, 30.574011548], [72.151223387, 30.57450283], [72.151443138, 30.575663419], [72.15223841000001, 30.579868574], [72.153129572, 30.582139763], [72.153326348, 30.582637711], [72.15356851300001, 30.583250303], [72.153870997, 30.583949256], [72.15474785100001, 30.585010469], [72.157496649, 30.58832975], [72.158591121, 30.589652479], [72.161204752, 30.591214611], [72.161672394, 30.5914953], [72.163209013, 30.592410482], [72.165450601, 30.594692155], [72.166055723, 30.596090386], [72.169209244, 30.603371361], [72.169581295, 30.604191988], [72.171284573, 30.607988275], [72.172023443, 30.609626239], [72.172484271, 30.6108275], [72.174327399, 30.615632057], [72.174941015, 30.617231596], [72.175355046, 30.61816732], [72.17759801400001, 30.623236227], [72.178127564, 30.624469549], [72.178303409, 30.625239287], [72.179226376, 30.629295093], [72.179462184, 30.630328858], [72.179532466, 30.63107938], [72.178522662, 30.6323983], [72.176875448, 30.632345949], [72.17547798400001, 30.632298779], [72.174181348, 30.632821401], [72.174088204, 30.634142526], [72.174092517, 30.634821121], [72.174489746, 30.63539104], [72.174859055, 30.635919805], [72.175408397, 30.636271691], [72.175980394, 30.636737307], [72.177537564, 30.637610522], [72.179511157, 30.63871175], [72.179988087, 30.638978002], [72.180658151, 30.639494991], [72.182250497, 30.640778811], [72.183400258, 30.642255047], [72.184292839, 30.643401075], [72.184813147, 30.644185405], [72.18589162500001, 30.64580783], [72.190283284, 30.65240374], [72.19638144000001, 30.661565016], [72.209372148, 30.68108099], [72.21039035000001, 30.682612113], [72.21131476, 30.684146139], [72.21230487000001, 30.685794811], [72.21567030700001, 30.691731095], [72.216358822, 30.692961199], [72.220486542, 30.702021984], [72.225383441, 30.712765695], [72.226105676, 30.714353535], [72.226796526, 30.715711556], [72.227282773, 30.71668745], [72.22784027, 30.717769672], [72.228178418, 30.718438411], [72.22916481700001, 30.72038545], [72.230422844, 30.722208635], [72.231422994, 30.7236566], [72.232417133, 30.725100757], [72.232850053, 30.725702045], [72.233876823, 30.727128147], [72.234462098, 30.727941041], [72.235364052, 30.730077355], [72.235435052, 30.730670811], [72.235594643, 30.73201955], [72.236847781, 30.732264524], [72.237459045, 30.732373228], [72.239086227, 30.732565253], [72.24004157600001, 30.732528441], [72.241538538, 30.73246723], [72.242159661, 30.732402543], [72.243008662, 30.732118226], [72.24373756300001, 30.731874129], [72.244933192, 30.731473732], [72.246056303, 30.730627287], [72.247821645, 30.72924092], [72.249313272, 30.728012522], [72.25250123100001, 30.725459983], [72.25528357600001, 30.723360605], [72.256535633, 30.722637724], [72.25820087400001, 30.722362237], [72.26074110200001, 30.722791814], [72.263267873, 30.723761519], [72.265291165, 30.724675444], [72.266670324, 30.725328015], [72.267500924, 30.725722612], [72.269595019, 30.725825651], [72.271530365, 30.725152979], [72.27224614900001, 30.724754708], [72.272985045, 30.724341926], [72.276618532, 30.722312618], [72.277500488, 30.721820045], [72.277872736, 30.721612145], [72.280268018, 30.720315256], [72.281548784, 30.719621804], [72.282701609, 30.719432749], [72.284304016, 30.719170345], [72.284980394, 30.719059516], [72.285986228, 30.719101075], [72.287390838, 30.71915911], [72.28885819300001, 30.719637825], [72.291597741, 30.721331295], [72.292553401, 30.722144924], [72.292878609, 30.722421799], [72.294537902, 30.723621959], [72.296189192, 30.723941874], [72.297167829, 30.723940037], [72.297837084, 30.723887234], [72.299205828, 30.72332006], [72.29937752415252, 30.72324889198607], [72.299939785, 30.723015835], [72.300608484, 30.722651943], [72.301867119, 30.721905325], [72.30329067000001, 30.721060879], [72.304025742, 30.720484265], [72.304816717, 30.719863801], [72.305818336, 30.719078099], [72.307085573, 30.718600991], [72.30649025110984, 30.718825126529794], [72.30748141580501, 30.71598367040218], [72.30873591198242, 30.711668025342146], [72.30751521349548, 30.708868441206373], [72.30748147621128, 30.708778749988188], [72.3074571204748, 30.708686070340665], [72.30744240341534, 30.70859138070488], [72.30743748040437, 30.70849568074183], [72.30743748040437, 30.703832518782292], [72.30744207975214, 30.70374001014806], [72.30745583243134, 30.7036484139406], [72.30747860279725, 30.70355863358727], [72.30751016626223, 30.70347155460539], [72.30755021151104, 30.70338803586824], [72.30759834357126, 30.70330890113386], [72.30765408770907, 30.703234930920207], [72.30771689411151, 30.703166854806778], [72.30778614330946, 30.703105344238665], [72.30786115228753, 30.70305100590398], [72.30794118122071, 30.70300437575001], [72.30802544077146, 30.702965913697067], [72.30811309987494, 30.70293599910225], [72.3135351573162, 30.701381611782406], [72.31361958247784, 30.701361607243648], [72.31370550131572, 30.70134953484581], [72.31379217023753, 30.701345499070538], [72.31607906097607, 30.701345499070538], [72.31851132609124, 30.698556386565187], [72.31857314177225, 30.698492000167168], [72.31864082935022, 30.698433817880726], [72.31871376885447, 30.69838237261478], [72.3187912922103, 30.69833813557186], [72.31887268935822, 30.698301511932222], [72.31895721475745, 30.698272837142714], [72.3243792721987, 30.696718449822868], [72.32446369736034, 30.69669844528411], [72.32454961619823, 30.696686372886273], [72.32463628512004, 30.696682337111], [72.3324537194384, 30.696682337111], [72.33626949419245, 30.69376526884194], [72.3363409408739, 30.69371574915119], [72.33641668787251, 30.69367309683283], [72.3364960771003, 30.69363768244913], [72.33657841882565, 30.693609813679366], [72.33666299766573, 30.693589732646704], [72.33674907880172, 30.69357761381465], [72.33683591436285, 30.693573562471308], [72.34861140562357, 30.693573562471308], [72.35104367073875, 30.690784449965957], [72.35110488221153, 30.690720635933623], [72.35117186214245, 30.690662905837677], [72.35124400841698, 30.690611778641443], [72.3513206724779, 30.690567713951655], [72.35140116515545, 30.690531107886798], [72.3514847628626, 30.69050228951622], [72.35157071409974, 30.69048151790199], [72.35165824621025, 30.690468979770042], [72.35174657232629, 30.690464787831615], [72.36234228796148, 30.690464787831615], [72.36483782497814, 30.689033954190727], [72.36491934940705, 30.688992386666392], [72.36500455509669, 30.688959008798843], [72.36509262172325, 30.68893414193586], [72.36518270141906, 30.68891802548492], [72.36527392693549, 30.688910814608292], [72.36536541999241, 30.688912578729205], [72.36545629973398, 30.688923300863458], [72.36554569120902, 30.688942877782946], [72.36563273379483, 30.688971121009494], [72.36571658948273, 30.68900775862944], [72.36579645094616, 30.68905243791151], [72.36587154931325, 30.689104728702755], [72.36594116156915, 30.689164127569885], [72.36600461751696, 30.68923006264611], [72.36843688263214, 30.69201917515146], [72.37614583081192, 30.69201917515146], [72.37623581566638, 30.692023526387466], [72.37632496086452, 30.69203653949373], [72.37641243458494, 30.69205809304385], [72.37649742060292, 30.692087985919827], [72.37657912590672, 30.692125939188692], [72.37665678809721, 30.692171598705272], [72.3767296825019, 30.692224538416745], [72.37679712893691, 30.69228426433817], [72.37685849805385, 30.692350219161902], [72.37691321721226, 30.692421787457885], [72.37696077582302, 30.692498301416276], [72.37700073011273, 30.692579047078826], [72.37811212435324, 30.695127949791154], [72.38156788825317, 30.695127949791154], [72.38166481832948, 30.695133000521565], [72.38176069854373, 30.695148098007696], [72.38185449040503, 30.69517307872674], [72.38194517804175, 30.695207672109326], [72.38203177920445, 30.69525150347011], [72.38474280792508, 30.696805890789957], [72.3848146337481, 30.696851549096998], [72.38488199817789, 30.696903565089293], [72.38494434021051, 30.69696150558311], [72.38500114066805, 30.69702488805607], [72.38505192652222, 30.697093184665576], [72.38509627483378, 30.697165826644607], [72.3851338162746, 30.697242209038365], [72.38784484499523, 30.70345975831775], [72.38787808859149, 30.70354790435393], [72.38790227020176, 30.70363895439573], [72.38791714309389, 30.7037319794325], [72.38792255551533, 30.703826030302146], [72.38791845224155, 30.70392014737568], [72.38790487513945, 30.70401337034863], [72.38788196274027, 30.70410474803929], [72.38784994882599, 30.704193348093916], [72.38780916004413, 30.704278266499816], [72.38776001257473, 30.70435863680925], [72.38770300788404, 30.704433638980063], [72.38763872760788, 30.70450250774281], [72.38756782761699, 30.70456454040903], [72.38749103132506, 30.704619104040994], [72.38740912230749, 30.704665641909745], [72.38732293630633, 30.70470367917557], [72.3832563932254, 30.706258066495415], [72.38316918853181, 30.706286568517044], [72.38307960538526, 30.70630636456913], [72.38298851067556, 30.70631726308668], [72.38289678591974, 30.706319158605513], [72.3828053187318, 30.706312032782826], [72.38271499423321, 30.7062959545747], [72.38262668648777, 30.706271079568815], [72.38254125004329, 30.70623764847885], [72.3824595116622, 30.70619598481509], [72.38041233279849, 30.70502222046394], [72.37851246586264, 30.70720082451339], [72.37976808786783, 30.712960181936733], [72.37978373990325, 30.713055421442192], [72.3797894650951, 30.713151768584297], [72.37978520212687, 30.713248191489846], [72.37977099665474, 30.71334365747423], [72.37974700081863, 30.713437144101412], [72.37971347161275, 30.713527650134175], [72.37967076813328, 30.713614206257322], [72.3796193477324, 30.713695885458996], [72.37955976112009, 30.713771812958935], [72.37731296332558, 30.71634824748763], [72.3803188378937, 30.720944085496225], [72.38222050102594, 30.718763421723185], [72.38228395697375, 30.71869748664696], [72.38235356922965, 30.71863808777983], [72.38242866759674, 30.718585796988584], [72.38250852906017, 30.718541117706515], [72.38259238474808, 30.71850448008657], [72.38267942733388, 30.71847623686002], [72.38276881880893, 30.718456659940532], [72.38285969855049, 30.71844593780628], [72.38295119160742, 30.718444173685366], [72.38304241712385, 30.718451384561995], [72.38313249681966, 30.718467501012935], [72.38322056344622, 30.718492367875918], [72.38330576913586, 30.718525745743467], [72.38338729356477, 30.7185673132678], [72.38609832228539, 30.720121700587647], [72.38617014810842, 30.720167358894688], [72.3862375125382, 30.720219374886984], [72.38629985457082, 30.7202773153808], [72.38635665502837, 30.72034069785376], [72.38640744088254, 30.720408994463266], [72.3864517891941, 30.720481636442297], [72.38648933063492, 30.720558018836055], [72.38772151818667, 30.723383952315153], [72.38994937366236, 30.724661308868228], [72.39241200313568, 30.724661308868228], [72.39250032925172, 30.724665500806655], [72.39258786136223, 30.724678038938602], [72.39267381259937, 30.724698810552834], [72.39275741030652, 30.72472762892341], [72.39283790298407, 30.724764234988267], [72.39291456704498, 30.724808299678056], [72.39298671331952, 30.72485942687429], [72.39305369325044, 30.724917156970236], [72.39311490472322, 30.72498097100257], [72.3955471698384, 30.72777008350792], [72.39783406057693, 30.72777008350792], [72.39792757769342, 30.72777478393715], [72.398020152165, 30.727788837844898], [72.39811085084855, 30.72781210356892], [72.39819875950873, 30.727844346592608], [72.39828299203342, 30.727885241908922], [72.39836269936563, 30.727934377296403], [72.40490148191698, 30.73243324546746], [72.40867817545943, 30.73243324546746], [72.40877510553574, 30.73243829619787], [72.40887098574999, 30.732453393684], [72.40896477761129, 30.732478374403044], [72.409055465248, 30.73251296778563], [72.40914206641071, 30.732556799146415], [72.41185309513133, 30.73411118646626], [72.41193987296145, 30.734167558681545], [72.41201987146292, 30.73423319752842], [72.4120921057676, 30.734307294921646], [72.41480313448822, 30.737416069561338], [72.41486213871497, 30.737491171146655], [72.41491315272948, 30.737571913435538], [72.41495564154071, 30.737657449672373], [72.41498915956257, 30.737746882826748], [72.4150133552869, 30.737839275000738], [72.41502797496979, 30.737933657264765], [72.41503286529259, 30.738029039818905], [72.41503286529259, 30.74020518206669], [72.41816677598162, 30.74020518206669], [72.41825902055777, 30.740209755130426], [72.418350360511, 30.74022342947457], [72.4184399000898, 30.740246070997745], [72.41852676119856, 30.740277457659346], [72.41861009200888, 30.740317281657052], [72.41868907531322, 30.7403651524454], [72.41876293653914, 30.740420600565745], [72.41883095134527, 30.74048308225017], [72.4188924527249, 30.740551984754084], [72.41894683754708, 30.74062663236529], [72.41899357247144, 30.740706293030545], [72.41903219917849, 30.74079018553465], [72.41906233886434, 30.74087748716166], [72.42034050617856, 30.745274564294977], [72.42555247516142, 30.749757042719178], [72.42562724882754, 30.749828961754954], [72.42569357188017, 30.74990874083454], [72.42575062359943, 30.749995392725353], [72.4281919618643, 30.754194667945303], [72.43036640522443, 30.754194667945303], [72.43045473134048, 30.75419885988373], [72.43054226345099, 30.754211398015677], [72.43062821468813, 30.75423216962991], [72.43071181239527, 30.754260988000485], [72.43079230507283, 30.754297594065342], [72.43086896913374, 30.75434165875513], [72.43094111540827, 30.754392785951364], [72.4310080953392, 30.75445051604731], [72.43106930681198, 30.754514330079644], [72.4337803355326, 30.757623104719336], [72.43383828921137, 30.75769672125051], [72.433888564366, 30.757775780920188], [72.43393065362147, 30.757859485861008], [72.43396413221451, 30.757946991325706], [72.43398866228034, 30.758037414212268], [72.43525599076649, 30.763850467578965], [72.43739237627331, 30.765075379184225], [72.44256603446725, 30.765075379184225], [72.4426661118292, 30.765080764198103], [72.44276503349896, 30.765096857053663], [72.44286165713027, 30.7651234719108], [72.44295486691459, 30.765160301421464], [72.44973243871615, 30.768269076061156], [72.44981702011913, 30.76831324249905], [72.44989664605, 30.768365820052225], [72.4499704830222, 30.768426258363743], [72.45003775814527, 30.76849392479397], [72.45009776721507, 30.768568111042732], [72.45014988208506, 30.768648040563505], [72.45259122034993, 30.772847315783455], [72.45612117807038, 30.772847315783455], [72.45620957631888, 30.77285151458695], [72.45629717861203, 30.77286407319057], [72.45638319616141, 30.77288487851416], [72.45646685444794, 30.77291374322246], [72.45654740019582, 30.772950407411916], [72.45662410815517, 30.772994540950894], [72.4566962876323, 30.773045746452254], [72.45676328870891, 30.773103562851514], [72.456824508094, 30.773167469558352], [72.45687939455611, 30.7732368911441], [72.45692745388662, 30.773311202523043], [72.4593687921515, 30.777510477742993], [72.46289874987194, 30.777510477742993], [72.46299567994825, 30.777515528473405], [72.4630915601625, 30.777530625959535], [72.4631853520238, 30.77755560667858], [72.46327603966051, 30.777590200061166], [72.46336264082322, 30.77763403142195], [72.46607366954385, 30.779188418741796], [72.46614902005409, 30.77923656261877], [72.46621941366992, 30.77929170127249], [72.46628420330883, 30.779353327849343], [72.46634279340199, 30.779420875856474], [72.46639464536896, 30.77949372436919], [72.4664392825685, 30.779571203738712], [72.46647629467999, 30.779652601747824], [72.46650534147528, 30.779737170157812], [72.46773142188783, 30.783955060950067], [72.47075677488468, 30.785111465847976], [72.47439547752721, 30.780938914517026], [72.47445729320822, 30.780874528119007], [72.47452498078619, 30.780816345832566], [72.47459792029044, 30.78076490056662], [72.47467544364628, 30.7807206635237], [72.47475684079419, 30.78068403988406], [72.47484136619342, 30.780655365094553], [72.479841123713, 30.779222042084797], [72.48237656597583, 30.77340718771082], [72.48241752056549, 30.7733246491685], [72.48246641982671, 30.77324655466398], [72.48252278646837, 30.773173666454426], [72.48258607031248, 30.773106695979912], [72.48265565366434, 30.77304629691926], [72.4827308573416, 30.77299305880969], [72.48281094730358, 30.772947501292506], [72.48289514181607, 30.77291006904105], [72.48298261908155, 30.77288112742036], [72.48307252526051, 30.77286095892096], [72.48316398280556, 30.77284976040156], [72.48325609902687, 30.77284764116757], [72.48334797480551, 30.772854621904195], [72.48343871336938, 30.77287063447455], [72.48352742904645, 30.772895522584715], [72.48361325590942, 30.772929043309265], [72.48369535622791, 30.772970869462412], [72.48574253509163, 30.774144633813563], [72.48795062113034, 30.77161259059795], [72.48801183260312, 30.771548776565616], [72.48807881253404, 30.77149104646967], [72.48815095880857, 30.771439919273437], [72.48822762286949, 30.77139585458365], [72.48830811554704, 30.77135924851879], [72.48839171325419, 30.771330430148215], [72.48847766449133, 30.771309658533983], [72.48856519660184, 30.771297120402036], [72.48865352271788, 30.77129292846361], [72.49407558015913, 30.77129292846361], [72.49416397840764, 30.771297127267104], [72.49425158070079, 30.771309685870722], [72.49433759825017, 30.771330491194313], [72.4944212565367, 30.771359355902614], [72.49450180228457, 30.77139602009207], [72.49457851024393, 30.771440153631048], [72.49465068972106, 30.77149135913241], [72.49471769079767, 30.771549175531668], [72.49477891018276, 30.771613082238506], [72.49483379664487, 30.771682503824255], [72.49488185597538, 30.771756815203197], [72.49751389340868, 30.77628410653792], [72.50281679369925, 30.7808447891161], [72.50291156790855, 30.780938914517026], [72.50504791709349, 30.78338869607674], [72.50841981795217, 30.780810958753317], [72.50849485195475, 30.780759203998674], [72.50857457984536, 30.780715021200745], [72.50865824003601, 30.780678832408668], [72.50874503337609, 30.78065098331011], [72.50883413078604, 30.780631739929145], [72.50892468117708, 30.780621286085093], [72.50901581958102, 30.780619721636644], [72.5091066754128, 30.780627061527934], [72.50919638078656, 30.780643235645826], [72.50928407880603, 30.780668089489637], [72.50936893174988, 30.780701385646985], [72.50945012907385, 30.780742806061642], [72.5148721865151, 30.783851580701334], [72.51494401233813, 30.783897239008375], [72.51501137676792, 30.78394925500067], [72.51507371880054, 30.78400719549449], [72.51513051925808, 30.784070577967448], [72.51518130511225, 30.784138874576954], [72.51522565342381, 30.784211516555985], [72.51526319486463, 30.784287898949742], [72.516142981349, 30.786305625940372], [72.51926393283468, 30.78391973339301], [72.5193664620538, 30.783851580701334], [72.52207749077442, 30.78229719338149], [72.52217828796499, 30.782247222561896], [72.52228436880436, 30.7822097524144], [72.52766789240917, 30.780666411917167], [72.53169699163598, 30.77912633706147], [72.53178722884549, 30.77909701205006], [72.53187997862176, 30.779077007318687], [72.53197428097822, 30.77906652992202], [72.53206915985865, 30.77906568830409], [72.53216363323969, 30.77907449117588], [72.53225672329494, 30.779092847425165], [72.53234746651586, 30.779120567059547], [72.53243492368432, 30.77915736317292], [72.53251818959374, 30.779202854915056], [72.53259640241829, 30.77925657143347], [72.53641217717234, 30.78217363970253], [72.53870197826734, 30.78217363970253], [72.54537664588989, 30.780642852715623], [72.54546667962516, 30.780626804415913], [72.54555785228406, 30.780619651257183], [72.54564928719286, 30.780621462020868], [72.54574010515614, 30.78063221929551], [72.54582943291075, 30.78065181964417], [72.5459164115227, 30.78068007459905], [72.54600020464623, 30.78071671247369], [72.54608000656582, 30.780761380975385], [72.5461550499434, 30.78081365059267], [72.54622461319691, 30.780873018725302], [72.54628802743856, 30.780938914517026], [72.54996477060823, 30.78515508745372], [72.55481671345187, 30.783764139734245], [72.55490113861352, 30.783744135195487], [72.5549870574514, 30.78373206279765], [72.55507372637321, 30.783728027022377], [72.56024738456715, 30.783728027022377], [72.56260693581821, 30.782375161773384], [72.56521493966817, 30.77938452719718], [72.56527615114095, 30.779320713164847], [72.56534313107187, 30.7792629830689], [72.5654152773464, 30.779211855872667], [72.56549194140732, 30.77916779118288], [72.56557243408487, 30.779131185118022], [72.56565603179202, 30.779102366747445], [72.56574198302916, 30.779081595133214], [72.56582951513967, 30.779069057001266], [72.56591784125571, 30.77906486506284], [72.56738653080673, 30.77906486506284], [72.5663777927333, 30.775594662792145], [72.56635642160971, 30.77550473269737], [72.56634405760292, 30.77541312877712], [72.56634082216556, 30.775320750864097], [72.5663467470796, 30.775228506394004], [72.56636177414413, 30.775137301491718], [72.56638575574708, 30.77504803207036], [72.56641845631522, 30.774961575030666], [72.56777397067553, 30.771852800390974], [72.56781636755157, 30.771767692983545], [72.56786720960739, 30.771687344671445], [72.56792596838879, 30.77161259059795], [72.57063699710942, 30.76850381595826], [72.5706982085822, 30.768440001925924], [72.57076518851312, 30.768382271829978], [72.57083733478765, 30.768331144633745], [72.57091399884857, 30.768287079943956], [72.57099449152612, 30.7682504738791], [72.57107808923327, 30.768221655508523], [72.5711640404704, 30.76820088389429], [72.57125157258092, 30.768188345762344], [72.57133989869696, 30.768184153823917], [72.57344014823659, 30.768184153823917], [72.5745515424771, 30.76563525111159], [72.5745914967668, 30.76555450544904], [72.57463905537756, 30.76547799149065], [72.57469377453597, 30.765406423194666], [72.57475514365291, 30.765340468370933], [72.57482259008792, 30.76528074244951], [72.57489548449261, 30.765227802738035], [72.5749731466831, 30.765182143221455], [72.5750548519869, 30.76514418995259], [72.57513983800489, 30.765114297076614], [72.5752273117253, 30.765092743526495], [72.57531645692345, 30.76507973042023], [72.5754064417779, 30.765075379184225], [72.57811747049853, 30.765075379184225], [72.57820745535298, 30.76507973042023], [72.57826979849617, 30.765088831055643], [72.57821845188944, 30.765920062834095], [72.57833071470714, 30.76410268039049], [72.58036688561755, 30.762642039027057], [72.57865805872042, 30.765249322266747], [72.57870132218851, 30.76528074244951], [72.57876876862352, 30.765340468370933], [72.57883013774045, 30.765406423194666], [72.57888485689887, 30.76547799149065], [72.57893241550963, 30.76555450544904], [72.57897236979933, 30.76563525111159], [72.58150781206216, 30.771450105485567], [72.58612863834455, 30.772774797054847], [72.58823001288879, 30.77156995923038], [72.58946220044054, 30.768744025751282], [72.58949974188135, 30.768667643357524], [72.58954409019292, 30.768595001378493], [72.58959487604709, 30.768526704768988], [72.58965167650463, 30.76846332229603], [72.58971401853725, 30.76840538180221], [72.58978138296703, 30.768353365809915], [72.58985320879006, 30.768307707502874], [72.59256423751069, 30.766753320183028], [72.59264633782918, 30.76671149402988], [72.59273216469215, 30.76667797330533], [72.59282088036922, 30.766653085195166], [72.59291161893309, 30.76663707262481], [72.59300349471172, 30.766630091888185], [72.59309561093303, 30.766632211122175], [72.59318706847809, 30.766643409641574], [72.59327697465704, 30.766663578140975], [72.59336445192253, 30.766692519761666], [72.59344864643502, 30.766729952013122], [72.593528736397, 30.766775509530305], [72.59360394007426, 30.766828747639877], [72.59367352342612, 30.766889146700528], [72.59373680727023, 30.76695611717504], [72.59379317391189, 30.767029005384597], [72.59384207317311, 30.767107099889117], [72.59388302776277, 30.767189638431436], [72.59514198567203, 30.770076967799035], [72.59876583774673, 30.772847315783455], [72.60084556278034, 30.772847315783455], [72.60458664744553, 30.769987346295704], [72.60723588483786, 30.766949428638412], [72.60729770051887, 30.766885042240393], [72.60736538809684, 30.76682685995395], [72.60743832760109, 30.766775414688006], [72.60751585095693, 30.766731177645084], [72.60759724810484, 30.766694554005447], [72.60768177350407, 30.76666587921594], [72.612770265623, 30.76520711790393], [72.61660388038068, 30.759345704856123], [72.6179280020071, 30.756308927192514], [72.61797011912341, 30.75622431658343], [72.61802058344547, 30.75614440313742], [72.61807887670889, 30.756070007558957], [72.61814440024668, 30.75600189388448], [72.61821648113751, 30.75594076163578], [72.62228302421845, 30.75283198699609], [72.6223544708999, 30.752782467305337], [72.62243021789851, 30.752739814986978], [72.6225096071263, 30.752704400603278], [72.62259194885165, 30.752676531833515], [72.62267652769172, 30.752656450800853], [72.62276260882771, 30.7526443319688], [72.62284944438885, 30.752640280625457], [72.62691598746979, 30.752640280625457], [72.62700431358583, 30.752644472563883], [72.62709184569634, 30.75265701069583], [72.62717779693348, 30.752677782310062], [72.62726139464063, 30.75270660068064], [72.62734188731818, 30.752743206745496], [72.6274185513791, 30.752787271435285], [72.62749069765363, 30.752838398631518], [72.62755767758455, 30.752896128727464], [72.62761888905733, 30.752959942759798], [72.63253800381666, 30.758600760615103], [72.63458518268038, 30.757426996263952], [72.63466638000436, 30.757385575849295], [72.6347512329482, 30.757352279691947], [72.63483893096767, 30.757327425848136], [72.63492863634144, 30.757311251730243], [72.63501949217321, 30.757303911838953], [72.63511063057716, 30.757305476287403], [72.6352011809682, 30.757315930131455], [72.63529027837815, 30.75733517351242], [72.63537707171822, 30.757363022610978], [72.63546073190888, 30.757399211403055], [72.63554045979949, 30.757443394200983], [72.63561549380206, 30.757495148955627], [72.63873644528773, 30.75988104150299], [72.63961623177211, 30.75786331451236], [72.63965725385236, 30.75778065533711], [72.63970624376928, 30.757702454708202], [72.64512830121053, 30.74993051810897], [72.64518504661426, 30.749857229629978], [72.6452487864951, 30.749789935725452], [72.6453188912799, 30.74972930107245], [72.6453946685279, 30.749675924573097], [72.64547536977012, 30.74963033343911], [72.64556019790226, 30.749592977984396], [72.6493190273744, 30.74815621050089], [72.65186448449948, 30.74377784344597], [72.6519154036904, 30.743699561176697], [72.65197389628746, 30.743626763554662], [72.65203937582835, 30.74356018046815], [72.6521111857978, 30.743500479496873], [72.65218860621, 30.743448259218624], [72.65227086082731, 30.743404043207786], [72.65235712494312, 30.74336827478582], [72.65244653365048, 30.743341312576433], [72.65253819051392, 30.743323426909893], [72.65263117655742, 30.743314797112642], [72.65272455947819, 30.743315509709323], [72.65281740299426, 30.743325557555252], [72.6529087762319, 30.743344839908055], [72.65299776305874, 30.74337316343774], [72.65308347126921, 30.74341024416508], [72.65316504153007, 30.74345571030885], [72.65324165599618, 30.74350910601342], [72.65331254651059, 30.743569895919272], [72.65337700230614, 30.74363747053067], [72.65343437713192, 30.7437111523266], [72.65348409573268, 30.743790202553818], [72.65352565961653, 30.743873828633745], [72.65463705385704, 30.746422731346073], [72.65673730339667, 30.746422731346073], [72.65682562951271, 30.7464269232845], [72.65691316162322, 30.746439461416447], [72.65699911286036, 30.746460233030678], [72.65708271056751, 30.746489051401255], [72.65716320324506, 30.746525657466112], [72.65723986730598, 30.7465697221559], [72.65731201358051, 30.746620849352134], [72.65737899351143, 30.74667857944808], [72.65744020498421, 30.746742393480414], [72.66004820883417, 30.749733028056617], [72.66223953264641, 30.750989438924382], [72.66589291330695, 30.749592977984396], [72.66597731592609, 30.74956524617708], [72.66606397430732, 30.749545671187544], [72.66615210208649, 30.749534430645117], [72.66624089956565, 30.74953162654986], [72.6663295609698, 30.74953728434697], [72.66641728175874, 30.749551352695907], [72.66650326592769, 30.74957370393624], [72.66658673323047, 30.749604135246102], [72.66666692625974, 30.749642370482654], [72.66674311731981, 30.74968806268787], [72.66681461503018, 30.74974079723696], [72.66688077059911, 30.749800095600794], [72.66694098371113, 30.749865419688202], [72.66699470797437, 30.749936176728806], [72.66704145587872, 30.750011724651962], [72.66708080321966, 30.75009137791313], [72.66819219746017, 30.752640280625457], [72.6702924469998, 30.752640280625457], [72.6703893770761, 30.75264533135587], [72.67048525729035, 30.752660428842], [72.67057904915166, 30.752685409561042], [72.67066973678837, 30.75272000294363], [72.67075633795108, 30.752763834304414], [72.6734673666717, 30.75431822162426], [72.67355414450182, 30.754374593839543], [72.67363414300328, 30.75444023268642], [72.67370637730797, 30.754514330079644], [72.67613864242314, 30.757303442584995], [72.67817713391436, 30.757303442584995], [72.68053668516542, 30.755950577336], [72.68314468901538, 30.752959942759798], [72.68320673263162, 30.75289534070458], [72.68327468735332, 30.752836988398247], [72.68334792638397, 30.75278542406713], [72.68342577418603, 30.752741123327073], [72.68350751271183, 30.752704494796447], [72.6835923880267, 30.752675876327192], [72.68367961726302, 30.752655531888543], [72.68376839584128, 30.752643649132256], [72.68385790489121, 30.752640337661756], [72.68394731880485, 30.752645628021167], [72.68403581285177, 30.752659471413608], [72.68412257078616, 30.752681740151267], [72.68420679237562, 30.752712228833165], [72.68428770078235, 30.752750656239712], [72.6843645497285, 30.75279666792661], [72.68443663037958, 30.75284983949416], [72.6845032778826, 30.752909680501798], [72.68456387749853, 30.752975638991803], [72.68461787027245, 30.753047106580404], [72.68466475818919, 30.753123424069347], [72.68470410876694, 30.753203887526183], [72.68473555904632, 30.753287754777134], [72.6847588189382, 30.75337425225273], [72.68610755292437, 30.75956070093175], [72.68731048819252, 30.763698969139377], [72.69166757508853, 30.764948052295722], [72.69375907309352, 30.76254970221282], [72.69375907309352, 30.75979046229675], [72.69376396341632, 30.75969507974261], [72.6937785830992, 30.759600697478582], [72.69380277882354, 30.759508305304593], [72.69383629684539, 30.759418872150217], [72.69387878565662, 30.759333335913382], [72.69392979967114, 30.7592525936245], [72.69398880389788, 30.759177492039182], [72.6966998326185, 30.75606871739949], [72.69676104409129, 30.756004903367156], [72.69682802402221, 30.75594717327121], [72.69690017029674, 30.755896046074977], [72.69697683435766, 30.755851981385188], [72.69705732703521, 30.75581537532033], [72.69714092474236, 30.755786556949754], [72.6972268759795, 30.755765785335523], [72.69731440809001, 30.755753247203575], [72.69740273420605, 30.75574905526515], [72.7028247916473, 30.75574905526515], [72.70291620560734, 30.75575354614503], [72.70300673920096, 30.755766975535046], [72.70309552054019, 30.75578921410283], [72.70318169461217, 30.755820047678817], [72.7032644315135, 30.755859179318815], [72.7033429344426, 30.75590623216374], [72.70341644737333, 30.75596075306897], [72.70348426233598, 30.756022216968386], [72.70354572623539, 30.756090031931038], [72.70360024714063, 30.756163544861764], [72.70364729998555, 30.756242047790852], [72.70368643162554, 30.756324784692186], [72.70371726520153, 30.756410958764175], [72.70373950376931, 30.756499740103397], [72.70375293315932, 30.756590273697025], [72.70375742403921, 30.756681687657057], [72.70375742403921, 30.759250139774412], [72.70599971131921, 30.760535770903644], [72.70608648914933, 30.760592143118927], [72.70616648765079, 30.760657781965804], [72.70623872195547, 30.760731879359028], [72.71166077939672, 30.766949428638412], [72.7117230590672, 30.767029200226794], [72.71177632843695, 30.767115250432557], [72.71181996023888, 30.767206565981763], [72.7118534406919, 30.767302071599044], [72.71304951446756, 30.771416735297727], [72.719787842591, 30.772704557851625], [72.72090642980896, 30.76885645891889], [72.72093547660425, 30.7687718905089], [72.72097248871574, 30.76869049249979], [72.72101712591528, 30.768613013130267], [72.72106897788225, 30.76854016461755], [72.72112756797542, 30.76847261661042], [72.72119235761433, 30.76841099003357], [72.72126275123016, 30.768355851379848], [72.7213381017404, 30.768307707502874], [72.7235803890204, 30.767022076373642], [72.7235803890204, 30.764673126230544], [72.71825623144595, 30.753988875503623], [72.71822139169994, 30.753910029086022], [72.7181939805468, 30.753828302749056], [72.71817423215488, 30.753744394665496], [72.71816231523098, 30.753659021646367], [72.71815833157915, 30.753572913017365], [72.71815833157915, 30.745800976418135], [72.71816322190195, 30.745705593863995], [72.71817784158483, 30.745611211599968], [72.71820203730917, 30.74551881942598], [72.71823555533102, 30.745429386271603], [72.71827804414225, 30.745343850034768], [72.71832905815677, 30.745263107745885], [72.71838806238351, 30.745188006160568], [72.72245460546445, 30.74052484420103], [72.72252683976913, 30.740450746807806], [72.7226068382706, 30.74038510796093], [72.72269361610071, 30.740328735745646], [72.73082670226259, 30.735665573786108], [72.7309133034253, 30.735621742425323], [72.73100399106201, 30.735587149042736], [72.73109778292331, 30.735562168323693], [72.73119366313756, 30.735547070837562], [72.73129059321387, 30.73554202010715], [72.73942367937575, 30.73554202010715], [72.7395136642302, 30.735546371343155], [72.73960280942835, 30.73555938444942], [72.73969028314876, 30.73558093799954], [72.73977526916674, 30.735610830875515], [72.73985697447054, 30.73564878414438], [72.73993463666103, 30.73569444366096], [72.74000753106573, 30.735747383372434], [72.74007497750074, 30.73580710929386], [72.74013634661767, 30.73587306411759], [72.74019106577609, 30.735944632413574], [72.74023862438685, 30.736021146371964], [72.74027857867655, 30.736101892034515], [72.74127812312696, 30.738394275302188], [72.74451274620509, 30.737157879425627], [72.74459849717104, 30.737129775822126], [72.74468656277844, 30.737110091069578], [72.74477611856284, 30.737099009455356], [72.74486632610878, 30.737096634724807], [72.74495634089912, 30.737102989110006], [72.74504532022125, 30.73711801312161], [72.74513243105655, 30.737141566105805], [72.74521685787906, 30.737173427561086], [72.74529781029035, 30.73721329920258], [72.74537453041926, 30.737260807754584], [72.7454463000169, 30.737315508445125], [72.74551244718099, 30.7373768891699], [72.74557235264608, 30.737444375286568], [72.74562545558112, 30.737517334994497], [72.74567125883988, 30.73759508524966], [72.74570933361525, 30.737676898159222], [72.74573932345366, 30.737762007796064], [72.74576094759219, 30.73784961736931], [72.74577400358706, 30.737938906683837], [72.7457783692089, 30.738029039818905], [72.7457783692089, 30.742240761351617], [72.745247054, 30.742325233], [72.74698805700001, 30.742048438], [72.749647771, 30.74161085], [72.75071853300001, 30.741433022], [72.75146353800001, 30.741211761], [72.752207767, 30.740990731], [72.75333104, 30.740657128], [72.754118933, 30.740210088], [72.755581867, 30.73938004], [72.757558942, 30.738256645], [72.75891711300001, 30.737981943], [72.760298776, 30.737702921], [72.76260503600001, 30.737763954], [72.764202047, 30.738183798], [72.765599417, 30.738551158], [72.768272322, 30.739267906], [72.769473351, 30.739590478], [72.770739583, 30.739806185], [72.771580573, 30.739950186], [72.773337874, 30.740251084], [72.777507412, 30.740021106], [72.77924675700001, 30.739566793], [72.779956024, 30.73936564], [72.780399239, 30.739240204]], [[72.76306232799067, 30.71202569591892], [72.76109043235489, 30.709350014235305], [72.76614599082583, 30.712868087204267], [72.76306232799067, 30.71202569591892]], [[72.70515279386638, 30.6506830009198], [72.7040226653138, 30.619080031018655], [72.70524436884145, 30.649930232367225], [72.70515279386638, 30.649956787450655], [72.70526061025794, 30.650340357211398], [72.70529332845264, 30.651166550204653], [72.70515279386638, 30.6506830009198]], [[72.70546474424214, 30.651066588374817], [72.71136850315395, 30.67206991969107], [72.70529332845264, 30.651166550204653], [72.70546474424214, 30.651066588374817]], [[72.59370171376935, 30.748087325116707], [72.59467181592008, 30.747831018877672], [72.59554059417432, 30.748410456727406], [72.59370171376935, 30.748087325116707]]]}}]}