{"type": "FeatureCollection", "features": [{"type": "Feature", "properties": {"na": "NA-139", "src": "tehsil-composition (final delim 2023): https://en.wikipedia.org/wiki/NA-139_Pakpattan-I", "approx": true, "tehsils": "Pakpattan (part, incl. Pakpattan city)"}, "geometry": {"type": "Polygon", "coordinates": [[[73.36976988525308, 30.081803418370775], [73.36844510140664, 30.087111823755198], [73.368374689, 30.087697971], [73.367726224, 30.088839448], [73.367104372, 30.08993272], [73.366239782, 30.091449839], [73.36441979594495, 30.092043204743945], [73.36391318786794, 30.092449200190078], [73.36069540386524, 30.094168353793556], [73.359521298, 30.095649705], [73.359567865, 30.097058638], [73.359601953, 30.098089631], [73.358831662, 30.100590851], [73.35735363, 30.101943015], [73.356301205, 30.102751194], [73.355780787, 30.10315068], [73.355133633, 30.103411927], [73.35474731155794, 30.103567879296914], [73.35468675818254, 30.103616406740077], [73.35462710049218, 30.103616406740077], [73.354249152, 30.103768979], [73.351857279, 30.104734214], [73.349428419, 30.104597125], [73.34881322400001, 30.104527257], [73.347499848, 30.104185023], [73.346306736, 30.103874126], [73.345520018, 30.103669126], [73.344712865, 30.103784515], [73.344109405, 30.103870103], [73.337248166, 30.104841089], [73.33167469700001, 30.10637552], [73.330838203, 30.106607805], [73.32895087300001, 30.107133158], [73.328514798, 30.107244206], [73.32774212000001, 30.107450889], [73.326983389, 30.107627002], [73.326080986, 30.107843267], [73.3245485083699, 30.108206247622707], [73.32335962995883, 30.108682630888982], [73.31801529149502, 30.109753368396596], [73.31698137100001, 30.109998206], [73.31610755941306, 30.110204377513213], [73.31235812867894, 30.111205974785143], [73.308159413, 30.112489539], [73.307165412, 30.112797429], [73.30586503, 30.112793254], [73.305398526, 30.112769144], [73.304183505, 30.112705951], [73.30368926700001, 30.112644779], [73.301823546, 30.112109528], [73.300616332, 30.111707235], [73.299772097, 30.110559691], [73.29975577591098, 30.10885251182003], [73.29957495536301, 30.10841778334428], [73.29992639791104, 30.107854491598456], [73.300044995, 30.107320409], [73.30020953200001, 30.106579434], [73.301858444, 30.104799597], [73.302461968, 30.104517934], [73.304212989, 30.10370034], [73.30568062654913, 30.102979064383703], [73.3056628559814, 30.102930932431914], [73.30562215748508, 30.102847228563324], [73.30557339444492, 30.10276795138416], [73.30551704326358, 30.10269387541247], [73.30549950669038, 30.102675021350983], [73.30495991, 30.102764812], [73.303009528, 30.103089146], [73.300825374, 30.102983823], [73.297768409, 30.102836411], [73.29733221, 30.102815377], [73.295742938, 30.102738737], [73.292458575, 30.10231382], [73.291209771, 30.102152427], [73.289574945, 30.101941994], [73.288560665, 30.102155206], [73.28544033, 30.102814201], [73.28384687, 30.103167667], [73.28295309900001, 30.104937286], [73.282064641, 30.106707419], [73.28115151, 30.108527467], [73.28077489600001, 30.108736797], [73.279631292, 30.109840156], [73.279031378, 30.110009478], [73.277969681, 30.110309298], [73.277372146, 30.110477791], [73.27693778000001, 30.110549537], [73.27589815901666, 30.11072125183312], [73.27491854270221, 30.111113783832376], [73.27386909815239, 30.110833442395855], [73.273563701, 30.110826773], [73.272194765, 30.110711411], [73.27073578814847, 30.109996431400162], [73.27070422011303, 30.109987998531167], [73.2706816173975, 30.10996988472684], [73.269748795, 30.10951275], [73.26743124, 30.108379844], [73.26597225, 30.107888974], [73.265051406, 30.107579161], [73.263696509, 30.106780677], [73.262640962, 30.106158609], [73.261995418, 30.105390942], [73.26046241197922, 30.10370250263675], [73.26040497905173, 30.10373007619007], [73.26032637782531, 30.103777756998518], [73.26025280074242, 30.103832875281892], [73.26018494911615, 30.10389490567043], [73.2601234696864, 30.10396325691041], [73.26006894845534, 30.104037277499785], [73.2600219051018, 30.104116261898096], [73.25998278802791, 30.104199457251447], [73.25995197008504, 30.10428607056847], [73.25992974501992, 30.104375276278876], [73.25991632467472, 30.10446622410251], [73.25991183696786, 30.10455804715395], [73.25991183696786, 30.108258201931147], [73.25207765607244, 30.158484669482696], [73.25051782644789, 30.167234995960488], [73.24739087104349, 30.178511727825114], [73.24736788111515, 30.178618223756235], [73.23795147697642, 30.238988634299506], [73.23794304393975, 30.239060976453032], [73.23794022731082, 30.239133753989993], [73.23794022731082, 30.24793777219422], [73.2379448816141, 30.24803127993513], [73.23795879851374, 30.248123863303253], [73.23798184043395, 30.248214607063712], [73.2380137795933, 30.248302614167113], [73.23805430025655, 30.24838701461734], [73.23810300185582, 30.248466974071924], [73.2381594029504, 30.248541702089955], [73.23822294598605, 30.248610459946008], [73.23829300280674, 30.24867256793281], [73.2413066589773, 30.25108771040084], [73.24264842938018, 30.25323829858938], [73.24264842938018, 30.25548407351213], [73.24265249586082, 30.255571490837465], [73.24266466018051, 30.255658153138153], [73.24268481727583, 30.2557433119107], [73.24271279304969, 30.255826231637613], [73.24274834587493, 30.255906196140057], [73.24279116868131, 30.25598251476352], [73.2443605693711, 30.258497948536156], [73.24443556445407, 30.258601708853252], [73.24757436583364, 30.262374859512207], [73.24763854677387, 30.262444557843448], [73.24770940694548, 30.26250745368231], [73.25077399154617, 30.264963410167432], [73.2536342342087, 30.26840170561267], [73.2536342342087, 30.271834393034265], [73.25363830068935, 30.2719218103596], [73.25365046500903, 30.27200847266029], [73.25367062210435, 30.272093631432835], [73.25369859787821, 30.27217655115975], [73.25373415070345, 30.272256515662193], [73.25377697350983, 30.272332834285656], [73.25534637419962, 30.274848268058292], [73.25540735911717, 30.27493477668331], [73.25547766728654, 30.275013894719763], [73.25555641039442, 30.275084622545492], [73.25850718382553, 30.27744937081924], [73.25991183696786, 30.28082643568489], [73.25991183696786, 30.312081333396446], [73.2599159034485, 30.31216875072178], [73.25992806776819, 30.31225541302247], [73.2599482248635, 30.312340571795016], [73.25997620063737, 30.31242349152193], [73.2600117534626, 30.312503456024373], [73.26005457626898, 30.312579774647837], [73.26305063834744, 30.317381859791606], [73.26305063834744, 30.327173936032263], [73.26305558282235, 30.327270307122237], [73.26307036432105, 30.327365666139173], [73.26463976501084, 30.33491196745708], [73.26466276298176, 30.335000658194957], [73.26623216367155, 30.34003152574023], [73.2662592667081, 30.34010695318821], [73.26629268586542, 30.3401798025837], [73.26633217902814, 30.340249546146836], [73.2694301059146, 30.34521490009758], [73.27093555241471, 30.348834292194763], [73.2724275415529, 30.35600836805255], [73.27108877620083, 30.35922702559693], [73.26507658672338, 30.362840649707742], [73.26498949054904, 30.362899871117662], [73.26490955276036, 30.3629684485842], [73.26483777342132, 30.363045524167003], [73.26169897204174, 30.366818674825957], [73.26164252003277, 30.366893877342843], [73.26159384993755, 30.366974335218135], [73.26155344710575, 30.36705924610699], [73.26007658451532, 30.370609916813695], [73.25712581108421, 30.372974665087444], [73.25705575426352, 30.373036773074247], [73.25699221122787, 30.3731055309303], [73.25693581013329, 30.37318025894833], [73.25688710853402, 30.373260218402915], [73.25684658787077, 30.373344618853142], [73.25681464871141, 30.373432625956543], [73.25679160679121, 30.373523369717002], [73.25677768989156, 30.373615953085125], [73.25677303558828, 30.373709460826035], [73.25677303558828, 30.37588443136131], [73.2538519685928, 30.37939584368914], [73.25379551658382, 30.379471046206024], [73.25374684648861, 30.379551504081316], [73.25370644365681, 30.37963641497017], [73.25056764227723, 30.38718271628808], [73.25053628184808, 30.387270008222604], [73.25051366163285, 30.387359962011917], [73.25050000111136, 30.387451704850882], [73.25049543282913, 30.387544346575535], [73.25049543282913, 30.38971931711081], [73.24757436583364, 30.39323072943864], [73.24751832357599, 30.393305325720974], [73.24746993871891, 30.39338510194291], [73.24742968629677, 30.393469274874978], [73.24739796150104, 30.39355701812154], [73.2473750758004, 30.393647470234217], [73.24736125388283, 30.393739743169444], [73.24735663144955, 30.393832931007125], [73.24735663144955, 30.396160340333363], [73.24440896447442, 30.403247116618065], [73.2389589264609, 30.406522859813517], [73.23481512988992, 30.40320202342375], [73.23015298665668, 30.398220371247827], [73.23008367396888, 30.398153515093856], [73.23000789532237, 30.398094087905232], [73.22992644329783, 30.398042711240187], [73.22984016981466, 30.39799992245526], [73.22974997722066, 30.397966169085024], [73.22965680885424, 30.39794180416123], [73.22956163917785, 30.39792708252042], [73.22946546358595, 30.397922158138524], [73.22632666220638, 30.397922158138524], [73.22623708086755, 30.397926428906647], [73.22614831211307, 30.39793920247126], [73.22606116115638, 30.397960362964493], [73.22597641853605, 30.3979897184414], [73.22283761715647, 30.39924743532772], [73.22275338718192, 30.399286099781126], [73.22267336609802, 30.399332857183765], [73.22259832909562, 30.399387254581136], [73.22252900308311, 30.39944876500756], [73.22246605964462, 30.399516792591086], [73.22241010853416, 30.3995906783259], [73.22236169176875, 30.39966970645632], [73.2223212783777, 30.39975311141057], [73.22228925985895, 30.399840085217125], [73.22226594638654, 30.399929785331807], [73.22073071888889, 30.407311768380648], [73.21928412089011, 30.40963037412947], [73.21624717637081, 30.41328108273714], [73.21318259177012, 30.41573703922226], [73.21311749355161, 30.41579432563605], [73.21305794124163, 30.415857357640892], [73.21300443987121, 30.41592560069637], [73.21295744315658, 30.415998476069937], [73.21291734965155, 30.416075365744877], [73.21288449936749, 30.416155617661335], [73.20974569798791, 30.424959635865562], [73.20971996308282, 30.425044164645193], [73.20970226456022, 30.425130733474592], [73.20657187254373, 30.44520028958247], [73.2034476517294, 30.456467159701425], [73.20342802577562, 30.456553523908923], [73.20185862508583, 30.46535754211315], [73.20185526111128, 30.465377673836773], [73.1987164597317, 30.485501144017864], [73.19870802669503, 30.48557348617139], [73.1987052100661, 30.48564626370835], [73.1987052100661, 30.494450281912577], [73.19871019676376, 30.49454706251467], [73.19871891648991, 30.494603072891728], [73.199081387, 30.494593288], [73.199710902, 30.494713574], [73.200469039, 30.494881013], [73.2016991, 30.49515858], [73.203109881, 30.49613883], [73.203532005, 30.496671232], [73.20489009900001, 30.49838079], [73.205394227, 30.499008099], [73.20548682491633, 30.499300921470176], [73.20655221351504, 30.501008525194056], [73.20655221351504, 30.50278227292445], [73.207024429, 30.504691489], [73.206778895, 30.505052132], [73.206351061, 30.505911414], [73.204680706, 30.507232307], [73.202947817, 30.50687206], [73.200849414, 30.505404468], [73.19937216400001, 30.504371779], [73.197711446, 30.503846462], [73.1974908930994, 30.50377669702987], [73.19746590115966, 30.50379598980982], [73.19739818566886, 30.5038598767402], [73.19733710965188, 30.503930138021992], [73.19728327009689, 30.50400608688561], [73.19723719325911, 30.504086980968136], [73.19719932951706, 30.50417202956957], [73.19717004897025, 30.504260401381515], [73.19403124759067, 30.51557985335838], [73.19401227727549, 30.515662580883642], [73.19400083308547, 30.51574668050795], [73.19399700799673, 30.515831468979986], [73.19399700799673, 30.52086233652526], [73.1940016318303, 30.520955538442042], [73.19401545792127, 30.52104782504095], [73.19403835048628, 30.521138289993257], [73.1940700847019, 30.52122604486029], [73.19411034891259, 30.52131022781858], [73.19415874769136, 30.52139001212369], [73.19421480572325, 30.52146461422949], [73.19427797247323, 30.521533301483228], [73.19434762759295, 30.52159539932076], [73.19442308701304, 30.52165029789131], [73.19450360966123, 30.52169745804671], [73.19458840474027, 30.521736416636255], [73.19486833311288, 30.52184858386145], [73.19545873700001, 30.52165893], [73.19722633100001, 30.522163437], [73.19777416, 30.522426319], [73.199780165, 30.523399481], [73.200873386, 30.523980907], [73.20141625, 30.524281192], [73.20243918300001, 30.524841632], [73.204946735, 30.525236693], [73.206622452, 30.524451665], [73.20772686357084, 30.52275404995402], [73.20827074679532, 30.521446446764962], [73.20891173385083, 30.520932760076235], [73.209034313, 30.520744341], [73.209725287, 30.519667345], [73.210600851, 30.518827791], [73.21201377700001, 30.518420467], [73.213300913, 30.518481398], [73.21450214100001, 30.518548136], [73.215106356, 30.518896489], [73.216945705, 30.519947622], [73.217649894, 30.520350044], [73.218277228, 30.52105], [73.21817008900001, 30.522351195], [73.217092217, 30.523871146], [73.21700214948942, 30.52396700148304], [73.21370977852366, 30.529244010199275], [73.213560051, 30.530829967], [73.214295141, 30.53275499], [73.21463972, 30.533070233], [73.21498936, 30.533382056], [73.21706690100001, 30.53413882], [73.218664602, 30.534030697], [73.219123471, 30.533818743], [73.219588273, 30.533592116], [73.220649021, 30.53283595], [73.2214452069185, 30.532269628427606], [73.22209834344774, 30.531746205157027], [73.22228782508958, 30.531670279913033], [73.22255263000001, 30.531481926], [73.223962557, 30.530907338], [73.22439308068962, 30.53082670454843], [73.2249388993789, 30.53060799514336], [73.22556082903972, 30.53060799514336], [73.226337891, 30.530462458], [73.22714357622645, 30.53060799514336], [73.23016557383092, 30.53060799514336], [73.23027901600001, 30.530572425], [73.230609701, 30.530188927], [73.231049243, 30.529679195], [73.231548129, 30.528288584], [73.23234824100001, 30.526362705], [73.233107126, 30.525953841], [73.23506076800001, 30.526227985], [73.236768099, 30.528005881], [73.236933167, 30.529370363], [73.23645999, 30.531271261], [73.23637082662103, 30.53143680239044], [73.23637082662103, 30.53184132526476], [73.23575270426632, 30.532584369659077], [73.235541159, 30.532970236], [73.234949488, 30.533560509], [73.23489767382394, 30.53361220107846], [73.2336717926293, 30.53508583189417], [73.23334173900001, 30.535541058], [73.231554583, 30.536906482], [73.23034143948313, 30.537835019816548], [73.23031239950146, 30.537866443037977], [73.23025599840688, 30.53794117105601], [73.2302072968076, 30.538021130510593], [73.23016677614436, 30.53810553096082], [73.230134836985, 30.53819353806422], [73.2301117950648, 30.53828428182468], [73.23009787816515, 30.538376865192802], [73.23009322386187, 30.538470372933713], [73.23009322386187, 30.540272727618657], [73.230118913, 30.540382109], [73.231915267, 30.542013412], [73.232928575, 30.542205705], [73.235126832, 30.542610335], [73.235562539, 30.542691116], [73.236115553, 30.542641865], [73.23752621, 30.542516145], [73.238119804, 30.542420877], [73.23871763000001, 30.542235276], [73.239700167, 30.541929648], [73.240961714, 30.541108657], [73.24179711399741, 30.54020204172386], [73.24279756197068, 30.537796766287098], [73.24342942573108, 30.53729039100227], [73.243466327, 30.537211507], [73.244122645, 30.535898267], [73.246022554, 30.534658285], [73.247022043, 30.534288126], [73.248594061, 30.534144553], [73.24926879600001, 30.53409784], [73.24996673845914, 30.534381145802314], [73.2670840334915, 30.534381145802314], [73.27717263467706, 30.53539177076197], [73.278824216, 30.535050726], [73.279402212, 30.534892678], [73.282700266, 30.533494188], [73.283623315, 30.533098604], [73.28440784532911, 30.53208615524912], [73.28491974646113, 30.530855443356238], [73.28489068200001, 30.529559232], [73.28336142, 30.52787217], [73.282886182, 30.527348282], [73.28100787400001, 30.525279956], [73.28096878, 30.524454065], [73.28101234261398, 30.523724253874896], [73.28092812612552, 30.52358927177589], [73.28102503546005, 30.523511608686235], [73.28102817300001, 30.523459045], [73.281531154, 30.522590278], [73.283330664, 30.521270059], [73.283900661, 30.520979259], [73.28467507576379, 30.52058646830899], [73.28491522276842, 30.52039401462595], [73.28921867051302, 30.518094827455126], [73.2895969453953, 30.518195877218943], [73.29212970600001, 30.517777313], [73.293419149, 30.519028749], [73.293448114, 30.521350074], [73.29286925145342, 30.5223617764556], [73.29286925145342, 30.523108111448007], [73.29104847062169, 30.52602645704739], [73.290537495, 30.528738017], [73.291236939, 30.530093867], [73.291758953, 30.531108015], [73.292102631, 30.531773093], [73.292798769, 30.532554909], [73.293219141, 30.533023842], [73.293662615, 30.533484223], [73.29828110372577, 30.537557180366854], [73.30186127940964, 30.539948139456563], [73.302935557, 30.540374938], [73.30359601355588, 30.540594100050615], [73.30367128148733, 30.540558489459627], [73.30375052846658, 30.540510978356966], [73.30382473754575, 30.54045592927736], [73.30389319420892, 30.54039387225628], [73.30395523932681, 30.540325404804573], [73.30401027550319, 30.540251186155384], [73.30405777282682, 30.540171930916785], [73.30409727397368, 30.540088402191223], [73.30412839861029, 30.540001404228065], [73.30415084705567, 30.539911774679933], [73.30416440316682, 30.53982037653746], [73.3041689364199, 30.53972808982003], [73.3041689364199, 30.538005889833073], [73.304164402, 30.537974035], [73.303757964, 30.536519655], [73.30361082200001, 30.535987867], [73.303656634, 30.535165522], [73.303692906, 30.534508731], [73.30377099600001, 30.533111763], [73.304409793, 30.532007097], [73.30466556, 30.531564801], [73.30504298800001, 30.530912115], [73.30528951220992, 30.530655389655994], [73.30551070682279, 30.530300859163468], [73.30602817026632, 30.529886164232327], [73.30622154400001, 30.529684788], [73.306830688, 30.529050436], [73.30754681, 30.528621174], [73.30777525937314, 30.528486047942174], [73.30845623311525, 30.52794031594386], [73.31304187999721, 30.52549035927965], [73.31497945169588, 30.524713974810183], [73.31540193100001, 30.524507091], [73.316948686, 30.523759243], [73.318805694, 30.523174551], [73.31887300874526, 30.52315382752571], [73.31910294076623, 30.52306169382545], [73.31917228079179, 30.52306169382545], [73.32056011200001, 30.522634437], [73.32266560500001, 30.52216987], [73.32329583900001, 30.522026227], [73.323681938, 30.521826388], [73.32510652500001, 30.521083918], [73.325850728, 30.520701142], [73.326681529, 30.519250399], [73.32680183, 30.516781017], [73.32643533800001, 30.515778297], [73.325199563, 30.512365677], [73.32496599569437, 30.51172221086879], [73.32300174469736, 30.50804919486809], [73.32300174469736, 30.507820489095277], [73.32287801400001, 30.507579767], [73.322485969, 30.506809327], [73.32228705, 30.506018636], [73.322045656, 30.505053035], [73.321829894, 30.504189913], [73.32170941400001, 30.503710811], [73.32176489800584, 30.503517658465064], [73.32173254406003, 30.5034658015948], [73.32179392421892, 30.50341661156779], [73.32206864, 30.502460263], [73.323667062, 30.500821869], [73.326428605, 30.499295335], [73.327156938, 30.498902542], [73.328170772, 30.498875758], [73.32915582000001, 30.498874285], [73.329862285, 30.499328817], [73.330440013, 30.499837423], [73.331303688, 30.500636279], [73.331710352, 30.501219421], [73.33176575322562, 30.50172366983757], [73.33218300208635, 30.502392435872068], [73.33356650764095, 30.50682739836358], [73.33376157, 30.507102401], [73.335870209, 30.50748241], [73.336735121, 30.507638615], [73.33835029835726, 30.507969091189633], [73.33899275128465, 30.507969091189633], [73.33921301235738, 30.508145608297315], [73.339315769, 30.508166633], [73.33976801700001, 30.508384293], [73.340318331, 30.508518178], [73.34113085, 30.509036487], [73.341878943, 30.509456751], [73.342322416, 30.509835829], [73.343136783, 30.510497478], [73.34406075000001, 30.511452794], [73.343931434, 30.513748213], [73.342782526, 30.515924528], [73.34152067283688, 30.51831896735875], [73.34152067283688, 30.518524859951484], [73.342493755, 30.519741241], [73.344409474, 30.520311918], [73.34522016139653, 30.520546260052814], [73.3469888774578, 30.520546260052814], [73.34795074178945, 30.520931678837233], [73.349213108, 30.521202129], [73.349734017, 30.521383176], [73.350669193, 30.521552118], [73.351610018, 30.522051294], [73.352287613, 30.522298991], [73.353351488, 30.52291541], [73.35433851963461, 30.523491259737824], [73.35455902552646, 30.523579616390624], [73.35680189300001, 30.523561653], [73.35905222800001, 30.522512134], [73.359577905, 30.521237866], [73.360217126, 30.519688788], [73.3606673612523, 30.518881958989972], [73.3606673612523, 30.518798984394557], [73.36075112176873, 30.5187318587608], [73.361316396, 30.517718878], [73.362688086, 30.516802849], [73.36379492200001, 30.516546837], [73.364232064, 30.516516771], [73.365894278, 30.5165289], [73.36666056526747, 30.51677310939386], [73.36724196370085, 30.51677310939386], [73.36763070126727, 30.517084643474874], [73.369330691, 30.517648354], [73.370784994, 30.518680598], [73.37165453983594, 30.519288543166496], [73.37385032704653, 30.519288543166496], [73.37394262394712, 30.519284008910525], [73.37401359595763, 30.519273481207257], [73.37476288482843, 30.518574479331036], [73.37477387410388, 30.518530607684188], [73.37478743320443, 30.51843919965321], [73.3747919674604, 30.518346902752622], [73.3747919674604, 30.51587085253662], [73.374363966, 30.515444064], [73.373883952, 30.51490396], [73.373439004, 30.513983606], [73.373331022, 30.513086344], [73.373455691, 30.512647331], [73.373898581, 30.512498404], [73.375566757, 30.512083008], [73.377566983, 30.512683428], [73.379055002, 30.513130777], [73.37992559700001, 30.513392712], [73.380717526, 30.513430677], [73.384351827, 30.512972807], [73.38612782700001, 30.511866014], [73.387027969, 30.511305509], [73.387552024, 30.511077785], [73.388874368, 30.510477961], [73.390318055, 30.51002847], [73.391362488, 30.510063732], [73.39236094, 30.510389359], [73.392775921, 30.510563715], [73.393351007, 30.510824949], [73.394215739, 30.511269945], [73.39465558, 30.511651396], [73.395222773, 30.512331416], [73.395361439, 30.513431691], [73.394468672, 30.515301432], [73.393173402, 30.516516762], [73.392042374, 30.51758162], [73.39174149491012, 30.51799879483613], [73.39174149491012, 30.524365828334325], [73.39153722757447, 30.524693227804768], [73.391540272, 30.524731255], [73.39133086400001, 30.525349893], [73.391189734, 30.525761302], [73.39043828, 30.526497485], [73.39020649237497, 30.526900088724936], [73.39018832502066, 30.526976841330825], [73.39017616070097, 30.527063503631513], [73.39017209422033, 30.52715092095685], [73.39017209422033, 30.53069514505001], [73.392061783, 30.531488903], [73.39373487, 30.53116457], [73.39571318, 30.530758774], [73.399141616, 30.530058698], [73.400160877, 30.530050158], [73.40096068000001, 30.530161973], [73.402662308, 30.530404281], [73.40317231, 30.530549984], [73.40348512471571, 30.530640909058366], [73.40354836371759, 30.530632462441233], [73.40379218432635, 30.53073016129496], [73.404900178, 30.531052219], [73.405620892, 30.531389668], [73.407271178, 30.532230206], [73.40756472000001, 30.532640526], [73.407842961, 30.533460972], [73.407863661, 30.534252888], [73.40738309800001, 30.535224383], [73.406843558, 30.536427625], [73.407418655, 30.540428085], [73.409097892, 30.542701835], [73.410511086, 30.543168537], [73.413395862, 30.544126326], [73.41423205800001, 30.544404175], [73.41436040570474, 30.54444288089286], [73.41447310711872, 30.54444288089286], [73.4147858150621, 30.54456818288343], [73.415218367, 30.544630771], [73.416203153, 30.544774314], [73.416754137, 30.545030021], [73.417462615, 30.545378886], [73.418072891, 30.545907115], [73.418467299, 30.546264274], [73.41889409800001, 30.547388474], [73.41903537600001, 30.547941403], [73.419088527, 30.549060298], [73.419046682, 30.549813586], [73.418382776, 30.550932232], [73.41835644299836, 30.550955552157607], [73.41538162282882, 30.55691560045077], [73.41534315717472, 30.557003641734465], [73.41531386307382, 30.557095144356463], [73.41529404549313, 30.55718915572639], [73.41528391074405, 30.557284697136478], [73.41528356433464, 30.557380773950435], [73.41529300987123, 30.557476385958147], [73.4153121490208, 30.55757053778837], [73.41534078253477, 30.557662249271065], [73.41537861232318, 30.55775056564151], [73.41542524455808, 30.557834567479876], [73.41685190594674, 30.56012121885101], [73.41685190594674, 30.56063912853953], [73.41729832, 30.561398711], [73.417437937, 30.56189254], [73.417675898, 30.562724757], [73.41763355, 30.563363943], [73.417320789, 30.564223604], [73.41718214, 30.566079554], [73.41712038300001, 30.567088249], [73.417677896, 30.567769659], [73.419143676, 30.568402915], [73.422971456, 30.569760487], [73.42339139500001, 30.569909424], [73.425079734, 30.570332972], [73.429341354, 30.571402071], [73.430343101, 30.571689103], [73.43060610057148, 30.571795178678933], [73.43148381397614, 30.57202964503236], [73.43161980098364, 30.572138624948558], [73.432028451, 30.572246556], [73.432843321, 30.572791497], [73.433661217, 30.573188458], [73.434019785, 30.573601024], [73.434796243, 30.574138262], [73.435192186, 30.574945124], [73.43529029852188, 30.575080159742726], [73.43553608754803, 30.575277134938847], [73.43550524620991, 30.575375999867358], [73.435608429, 30.575518014], [73.436139916, 30.57694932], [73.435318945, 30.578691652], [73.4344349122738, 30.578807060078322], [73.4343643077571, 30.579033389768338], [73.43270121342194, 30.579033389768338], [73.43202105200001, 30.579122183], [73.43157446572259, 30.579033389768338], [73.42877935118914, 30.579033389768338], [73.42868705428855, 30.57903792402431], [73.42859564625756, 30.57905148312485], [73.4285060074055, 30.57907393648842], [73.4284190010035, 30.57910506787685], [73.42833546497077, 30.579144577477848], [73.42825620380498, 30.57919208479236], [73.42818198083448, 30.579247132298978], [73.42811351086705, 30.579309189860123], [73.4280514533059, 30.579377659827554], [73.42799640579928, 30.579451882798054], [73.42794889848477, 30.579531143963848], [73.42790938888378, 30.579614679996578], [73.42787825749535, 30.57970168639858], [73.42785580413178, 30.579791325250646], [73.42784224503123, 30.579882733281625], [73.42783771077526, 30.57997503018221], [73.42783771077526, 30.58037267956539], [73.427979267, 30.58204232], [73.42861636500001, 30.583091196], [73.428840405, 30.583461279], [73.429192359, 30.584009029], [73.430046495, 30.585109289], [73.430562642, 30.585774166], [73.431024668, 30.586192373], [73.432179266, 30.587239971], [73.43436953, 30.589458637], [73.43517042, 30.590270541], [73.435977945, 30.590784926], [73.439067062, 30.59272562], [73.439754765, 30.59315766], [73.440268648, 30.593340173], [73.44082444515571, 30.593493839459267], [73.44248128767562, 30.593493839459267], [73.443329501, 30.592809741], [73.443124626, 30.59145368], [73.441999, 30.590095736], [73.440959472, 30.588843236], [73.440849662, 30.587648261], [73.442009434, 30.586628939], [73.442442576, 30.586385406], [73.442977078, 30.586084359], [73.44338995400001, 30.585852762], [73.44471981400001, 30.585582984], [73.445594143, 30.58561828], [73.44639626, 30.58568482], [73.447076522, 30.586036245], [73.447920885, 30.586598678], [73.44797601111047, 30.587761916903315], [73.44851847845956, 30.588196649951197], [73.45137183794293, 30.591626671132197], [73.452661395, 30.59128856], [73.454116271, 30.590488922], [73.454919701, 30.589949581], [73.45771335900001, 30.588992673], [73.458587381, 30.58905891], [73.459839383, 30.589512806], [73.461191234, 30.590296015], [73.461524741, 30.591822972], [73.461579123, 30.592436806], [73.461448202, 30.592951043], [73.461296484, 30.59354329], [73.461171955, 30.594031105], [73.460727073, 30.594873297], [73.460232808, 30.595808975], [73.459618817, 30.596782257], [73.458117318, 30.597591673], [73.45474291900001, 30.598575236], [73.452966537, 30.598994579], [73.45185978678242, 30.59926089295452], [73.45060584532877, 30.60026580097513], [73.450125611, 30.600665866], [73.450415881, 30.601711352], [73.451073998, 30.602301842], [73.451786779, 30.602732125], [73.4521677739958, 30.60293835656308], [73.4534915823733, 30.603468806231376], [73.45582530178365, 30.604715633902355], [73.458400447, 30.605829863], [73.460431232, 30.607403848], [73.460972777, 30.607835788], [73.461899207, 30.608514547], [73.463703271, 30.609840715], [73.46421470300001, 30.610216845], [73.464802391, 30.610406888], [73.466610809, 30.610929122], [73.46709279, 30.610985908], [73.468290608, 30.611127105], [73.470587076, 30.612493953], [73.47155862400001, 30.613385651], [73.472140702, 30.61391164], [73.472851233, 30.614244976], [73.47348848, 30.614543954], [73.47455877041834, 30.614875026526676], [73.47743077257259, 30.614875026526676], [73.47752345734786, 30.61487045398733], [73.47761524198167, 30.614856780777153], [73.47770523507464, 30.61483413968843], [73.47779256262656, 30.614802750608217], [73.47787637652459, 30.614762918382823], [73.47795586277996, 30.614715029857198], [73.47803024943343, 30.61465955011794], [73.4780988140523, 30.614597017976436], [73.47816089074668, 30.614528040736012], [73.47821587663648, 30.614453288293888], [73.47826323770651, 30.61437348663522], [73.47830251399276, 30.61428941078244], [73.47833332404947, 30.614201877268364], [73.47835536865372, 30.614111736206105], [73.47836843371145, 30.614019863032937], [73.47837239233664, 30.613927150008134], [73.47836720608368, 30.6138344975475], [73.47835292532073, 30.613742805478644], [73.47832968874057, 30.613652964301984], [73.47831620426153, 30.6136162155412], [73.477850943, 30.613199641], [73.477181859, 30.612850046], [73.4769235237752, 30.61271570899578], [73.47486345369678, 30.611890239457797], [73.47467091148067, 30.611658784611897], [73.474280662, 30.61148919], [73.472808133, 30.610398677], [73.471779442, 30.608762283], [73.472291341, 30.608030859], [73.473753428, 30.607584228], [73.47465509615144, 30.607302788418167], [73.47472630978558, 30.607245717849267], [73.47550060576472, 30.60703887771929], [73.476274556, 30.606797303], [73.477859271, 30.60611604], [73.478328894, 30.605902602], [73.47995078964753, 30.605162286407346], [73.480907131811, 30.599797401664134], [73.48062075700001, 30.598618444], [73.480768096, 30.596901445], [73.481767882, 30.595508358], [73.48255316800001, 30.594601354], [73.483017681, 30.594064262], [73.483621404, 30.593062422], [73.484061045, 30.59233049], [73.484420336, 30.590982131], [73.484403173, 30.58982347], [73.484061045, 30.588659602], [73.482425379, 30.587071945], [73.48149183000001, 30.586564383], [73.478345255, 30.58485046], [73.477715609, 30.5844369], [73.476305269, 30.583503535], [73.475518316, 30.582982734], [73.474265838, 30.582152263], [73.473793663, 30.581186738], [73.473442247, 30.580441075], [73.47346489692067, 30.580177486480217], [73.4720948102273, 30.573589565952915], [73.4720948102273, 30.570605996705357], [73.471895418, 30.569462135], [73.471029873, 30.567439806], [73.47037254, 30.566311355], [73.47002241700001, 30.564571834], [73.46992458727158, 30.56408559551779], [73.46889072405747, 30.56201425192946], [73.46740661468239, 30.557256794042928], [73.46757065293033, 30.556073652553263], [73.467410143, 30.555444907], [73.46688596300001, 30.553398575], [73.466623562, 30.551933611], [73.46643378, 30.550866382], [73.466593753, 30.549828935], [73.466681359, 30.549277668], [73.46693589, 30.547679183], [73.468010933, 30.546844359], [73.46878812300001, 30.546479989], [73.471134891, 30.545475447], [73.471921971, 30.545662193], [73.47247468494403, 30.54579983511166], [73.47250540120694, 30.54579162977935], [73.47253410405536, 30.545814632226957], [73.473183773, 30.545976419], [73.473722131, 30.546109081], [73.475292912, 30.547628367], [73.4755110126073, 30.548325632964655], [73.477766747147, 30.551037249672973], [73.4791569, 30.551778157], [73.480059107, 30.551766629], [73.480620873, 30.551737412], [73.482162713, 30.551439771], [73.483062712, 30.551270675], [73.483858108, 30.551122247], [73.48437981900001, 30.5507256], [73.484623831, 30.549710158], [73.484314147, 30.549133791], [73.483775174, 30.548133516], [73.48338153600001, 30.547401628], [73.483105171, 30.546502516], [73.48289547, 30.5459159], [73.482292143, 30.544621042], [73.482067536, 30.544071264], [73.482504026, 30.543080105], [73.48298654300001, 30.542044192], [73.484182141, 30.541102656], [73.485238165, 30.540590324], [73.487462464, 30.539523013], [73.48900736236683, 30.538803103642817], [73.48917226774783, 30.538715000252495], [73.489586628, 30.53841034], [73.490240951, 30.537880947], [73.49047271, 30.536887577], [73.491714918, 30.534586408], [73.49304389400001, 30.533494167], [73.493726095, 30.533195609], [73.49506303565973, 30.53316572250508], [73.4951026166588, 30.533123428915996], [73.49695499452065, 30.533123428915996], [73.498354671, 30.53309214], [73.499029769, 30.533005414], [73.500488938, 30.532809563], [73.501217354, 30.532709558], [73.501973768, 30.532292392], [73.502792659, 30.53184003], [73.50315328108455, 30.53164024879513], [73.50388299561894, 30.531055455951552], [73.504950745, 30.529511222], [73.504584238, 30.526906889], [73.504259442, 30.526139149], [73.503877876, 30.52538241], [73.503649875, 30.523052972], [73.505098408, 30.521561316], [73.505799957, 30.521584961], [73.506575436, 30.521611462], [73.5070528764351, 30.52162896684142], [73.51400034089151, 30.52070101778197], [73.515367823, 30.519371062], [73.516297252, 30.517799446], [73.516576571, 30.517468649], [73.517492, 30.516493156], [73.518043549, 30.515904835], [73.51901999, 30.515228138], [73.52080479700001, 30.514958322], [73.522260301, 30.514745495], [73.524130142, 30.514859817], [73.525256056, 30.514929099], [73.52769235800001, 30.515081679], [73.528921463, 30.51466092], [73.529930293, 30.513741412], [73.531200446, 30.512590299], [73.532976724, 30.512441021], [73.534114218, 30.512511891], [73.54200857275364, 30.512999958734905], [73.54636079834887, 30.512999958734905], [73.54767167304014, 30.513350136830656], [73.54955860000001, 30.513467044], [73.551853485, 30.513608467], [73.552617503, 30.513656399], [73.55474680200001, 30.514354759], [73.555453456, 30.515160892], [73.555634639, 30.516169416], [73.55568034159654, 30.516495624211615], [73.55660077678606, 30.518708533040076], [73.5566363249133, 30.518783408519628], [73.557802588, 30.519042056], [73.5582757640992, 30.519145862878336], [73.56362817767396, 30.518073507523308], [73.564340985, 30.516532563], [73.56444551300001, 30.516048758], [73.564665526, 30.515296879], [73.565105461, 30.514821675], [73.567053145, 30.514180163], [73.567496922, 30.514032408], [73.56821712700001, 30.513923666], [73.568862644, 30.513824802], [73.574784737, 30.512917849], [73.576480402, 30.512658162], [73.578250402, 30.512387082], [73.579875558, 30.512138185], [73.581559192, 30.511879384], [73.582057711, 30.511796403], [73.586543859, 30.511048588], [73.58923609300001, 30.510588852], [73.590231421, 30.510495936], [73.591338377, 30.510330189], [73.592559924, 30.509839915], [73.592815336, 30.509252797], [73.59293866334104, 30.508967496314238], [73.59293866334104, 30.50757224313158], [73.59290436900001, 30.507305574], [73.59235186100001, 30.505958285], [73.591730631, 30.505353408], [73.591369821, 30.505002398], [73.59041676068009, 30.503296600783106], [73.58994848863765, 30.502921327814896], [73.59124089696348, 30.49877838640805], [73.59197332358988, 30.49819142009536], [73.592226463, 30.497817276], [73.592757597, 30.497409026], [73.59389275800001, 30.496532038], [73.594357137, 30.496179433], [73.595048527, 30.495902172], [73.596596428, 30.4953542], [73.597015978, 30.495205427], [73.597898828, 30.495101269], [73.600185648, 30.494915282], [73.60084373, 30.494870625], [73.604168773, 30.494835754], [73.60481132000001, 30.494830626], [73.605818911, 30.494802345], [73.60771589, 30.494749229], [73.60840604, 30.494729087], [73.609372993, 30.494700032], [73.611661859, 30.494631257], [73.61253151788577, 30.49472522363607], [73.62656352019513, 30.494133368938115], [73.62665452617175, 30.494125092397226], [73.62674430136147, 30.494108033551388], [73.62683200028442, 30.49408235305646], [73.62691679701456, 30.49404829276479], [73.62699789295787, 30.494006173447527], [73.62707452437347, 30.493956391773654], [73.6271459695662, 30.49389941657428], [73.62721155568349, 30.493835784427304], [73.62727066505198, 30.49376609460405], [73.62732274099474, 30.493691003425507], [73.62736729307382, 30.493611218081245], [73.62740390170909, 30.493527489969278], [73.62743222212976, 30.493440607619622], [73.62745198762133, 30.493351389268078], [73.62746301203745, 30.49326067515033], [73.62746519155299, 30.49316931958881], [73.6274585056418, 30.49307818294689], [73.62745116833916, 30.493035519118973], [73.62739752269076, 30.49284403100818], [73.62738629813293, 30.492814610842533], [73.62734560153382, 30.492732791677724], [73.6272971657763, 30.49265530254105], [73.62724144701598, 30.49258287320544], [73.62717896999793, 30.4925161857919], [73.62715849315886, 30.492498193559967], [73.62681131739969, 30.492293335247464], [73.62418178524472, 30.491239682405347], [73.623845093, 30.491136272], [73.621647764, 30.490414407], [73.61987147500001, 30.489547934], [73.618986817, 30.488905826], [73.61854868279926, 30.488110001765012], [73.61804907437767, 30.48770961583905], [73.61804907437767, 30.487139598845644], [73.617980425, 30.486998766], [73.61786109900001, 30.486173128], [73.617729714, 30.485261377], [73.617876552, 30.484055434], [73.61804907437767, 30.48362340173512], [73.61804907437767, 30.48358291157765], [73.61807285280553, 30.483563855558085], [73.618138903, 30.483398452], [73.618987477, 30.481918513], [73.619858964, 30.4810437], [73.620257276, 30.480673489], [73.62101165300001, 30.480301112], [73.622393426, 30.479701192], [73.622825577, 30.479518426], [73.6244038892177, 30.479334989564702], [73.62513607527505, 30.479041602804315], [73.6269630484142, 30.479041602804315], [73.627593939, 30.47898222], [73.631886768, 30.478571498], [73.632472828, 30.478515171], [73.633105582, 30.47844045], [73.633873205, 30.478182949], [73.634903703, 30.477835922], [73.635985848, 30.477470499], [73.63643912500001, 30.477005874], [73.63674082700001, 30.47668129], [73.63688188265513, 30.47599598290902], [73.63688188265513, 30.47415560499423], [73.63641866, 30.473367308], [73.636025796, 30.472836294], [73.63560451100001, 30.472391314], [73.634436768, 30.471318604], [73.63283166100001, 30.470032743], [73.630147498, 30.468010861], [73.62915014, 30.467261157], [73.62844318, 30.466182672], [73.62798910019659, 30.46549034202408], [73.6272378482295, 30.464888289093278], [73.62579421301861, 30.46257443209776], [73.62432667713682, 30.45904618464927], [73.62432667713682, 30.457896778810422], [73.624202356, 30.457286449], [73.62432667713682, 30.455888585494357], [73.62432667713682, 30.455730717286603], [73.6243430515127, 30.455704472454205], [73.624382794, 30.455257609], [73.625030509, 30.454098253], [73.625667148, 30.45302317], [73.625897998, 30.452631132], [73.62659452, 30.452183425], [73.62746946, 30.451620162], [73.62837704301764, 30.451409462108458], [73.62842399937884, 30.451371831305316], [73.6285391364939, 30.451371831305316], [73.629146732, 30.451230775], [73.629746237, 30.451181296], [73.631560321, 30.450942539], [73.63217368058577, 30.45040490211724], [73.63217368058577, 30.448186941862733], [73.632114059, 30.448078081], [73.631521147, 30.447767298], [73.630457171, 30.447202404], [73.628721517, 30.446277872], [73.62573966100001, 30.444359692], [73.625163177, 30.442538437], [73.625146144, 30.441942619], [73.62511922600001, 30.441286704], [73.624847122, 30.440248826], [73.623371237, 30.438824986], [73.622529645, 30.438420916], [73.62169250800001, 30.438026403], [73.621184762, 30.437924284], [73.620369485, 30.437760676], [73.618179671, 30.436791209], [73.6172404, 30.435881245], [73.61690874300001, 30.43542251], [73.61632938625351, 30.434692775318158], [73.61598176133539, 30.43450705103395], [73.61589825091704, 30.43446757106115], [73.6158112740949, 30.43443646333485], [73.61572166785402, 30.434414027207257], [73.61563029448259, 30.43440047858305], [73.615538033274, 30.43439594784175], [73.61174572309466, 30.43439594784175], [73.611670691, 30.434428714], [73.611121015, 30.43466875], [73.609331397, 30.43503104], [73.608453004, 30.435224827], [73.607413675, 30.435550838], [73.606654555, 30.435780378], [73.606164301, 30.435866033], [73.60410474000001, 30.436221875], [73.60290104100001, 30.436432612], [73.600282735, 30.435724713], [73.59920189600001, 30.434809669], [73.598685666, 30.434312655], [73.5982932898515, 30.433588584046433], [73.59764686541041, 30.4325524956331], [73.59764686541041, 30.43193011441376], [73.59763589900001, 30.431829217], [73.597396153, 30.429493185], [73.597374371, 30.428669778], [73.597514159, 30.428106107], [73.59764686541041, 30.427570939769065], [73.59764686541041, 30.419478045536998], [73.597292155, 30.418862351], [73.595313217, 30.41543764], [73.594650144, 30.414289698], [73.593574199, 30.413241466], [73.591171892, 30.410912293], [73.590527023, 30.410330258], [73.586970347, 30.407120133], [73.586000959, 30.406245199], [73.584664884, 30.405027084], [73.583717754, 30.403927145], [73.58297742900001, 30.403066971], [73.581328811, 30.401113371], [73.580867661, 30.399442221], [73.5808553107538, 30.399350425083448], [73.58055170029034, 30.398863798552398], [73.58088089636328, 30.398336163433406], [73.58107665700001, 30.397498625], [73.581488363, 30.396967686], [73.582016002, 30.396296471], [73.582464508, 30.395826137], [73.58324502900001, 30.395388163], [73.583595572, 30.395072305], [73.58419346, 30.394860134], [73.58445010923033, 30.39479915101155], [73.58448078006475, 30.394774571421], [73.58455355337364, 30.394774571421], [73.587379155, 30.394103174], [73.588725475, 30.394266654], [73.591859903, 30.394648904], [73.592380307, 30.394726243], [73.59260710770896, 30.394774571421], [73.59344281904254, 30.394774571421], [73.59784028709376, 30.395949280947818], [73.5978796502235, 30.39598082653926], [73.598343017, 30.396090022], [73.599260019, 30.396319285], [73.599705019, 30.396580549], [73.600652312, 30.397178395], [73.601242611, 30.397759892], [73.601581103, 30.398104762], [73.60169490646199, 30.39903837087959], [73.6021298327318, 30.399386920563177], [73.60360019252758, 30.406456993959242], [73.60396393, 30.406721905], [73.6047966, 30.406929738], [73.606031584, 30.407212303], [73.60664323192191, 30.40735174028418], [73.60674507849107, 30.40735174028418], [73.607380086, 30.407272985], [73.60933978, 30.407029645], [73.609949642, 30.406953917], [73.610536925, 30.406705759], [73.61361499, 30.405407385], [73.614319433, 30.405088276], [73.615414101, 30.404820867], [73.616179025, 30.404642074], [73.61747103200001, 30.404713097], [73.61835549700001, 30.404762092], [73.61878436, 30.404785849], [73.619214463, 30.404809675], [73.61935738824009, 30.404836306511545], [73.62017125085758, 30.404836306511545], [73.62483963498894, 30.405584554628426], [73.626861646, 30.405499384], [73.628298864, 30.405310805], [73.628961808, 30.405187445], [73.629920431, 30.405009178], [73.63117254, 30.404494806], [73.631742201, 30.403709664], [73.631690387, 30.402421437], [73.631210111, 30.400582552], [73.629859463, 30.398917803], [73.629026101, 30.397943525], [73.627979994, 30.396838744], [73.626967675, 30.395768272], [73.626592342, 30.394879152], [73.626580523, 30.393751641], [73.627159567, 30.392450126], [73.628109576, 30.391696652], [73.62982083700001, 30.390339405], [73.63167634700001, 30.389061569], [73.632522073, 30.388481657], [73.636091909, 30.386704042], [73.636539534, 30.386480053], [73.637304074, 30.386066355], [73.6386023296782, 30.385359945992878], [73.63863770528955, 30.385331595996583], [73.639368194, 30.384482132], [73.639875806, 30.383138989], [73.63998656000001, 30.382702032], [73.64060025900001, 30.380200969], [73.641031206, 30.377411981], [73.6411767064397, 30.376017083371586], [73.6400094343691, 30.368533473590276], [73.6399930768997, 30.36845492184706], [73.639793061, 30.368364189], [73.638201639, 30.36800992], [73.636113956, 30.368308064], [73.635528596, 30.368444345], [73.63478112, 30.368619016], [73.633749348, 30.368860519], [73.632861388, 30.369068222], [73.631522761, 30.368950869], [73.63092396200001, 30.368722524], [73.62983079, 30.368305151], [73.629107253, 30.368031183], [73.628576275, 30.367578546], [73.62756996200001, 30.366727041], [73.626766142, 30.366052289], [73.626444415, 30.365269649], [73.62623102911647, 30.364721790767177], [73.62589607782661, 30.364453360979873], [73.62589607782661, 30.35234924540586], [73.62725831865176, 30.32178167116915], [73.627037492, 30.319490195], [73.62691161100001, 30.318192069], [73.62630168000001, 30.315597366], [73.625691773, 30.31300455], [73.625126717, 30.310591408], [73.62507550930628, 30.310245743917474], [73.62433554659255, 30.308170223865574], [73.6244526693313, 30.306011395538825], [73.624102615, 30.303626359], [73.62390764, 30.302297929], [73.623836248, 30.301756574], [73.623976092, 30.299993746], [73.624047921, 30.299072127], [73.624492912, 30.293445405], [73.624519305, 30.291769084], [73.624547618, 30.28971188], [73.624560726, 30.288854567], [73.624560981, 30.288376936], [73.62454876400001, 30.284833832], [73.62454113000001, 30.282619758], [73.62484731500001, 30.281018115], [73.62541573454139, 30.27856092520823], [73.62538754587821, 30.278544570123263], [73.62530576692097, 30.278507050119273], [73.625220780286, 30.278477506584927], [73.62513336191077, 30.278456209256003], [73.62504430993485, 30.278443352579494], [73.62495443741274, 30.2784390539383], [73.62189062051895, 30.2784390539383], [73.61436333719591, 30.277232581760085], [73.61388659669355, 30.27685052217255], [73.613703423, 30.276758], [73.613308872, 30.276558753], [73.610627727, 30.275204785], [73.609448447, 30.274603638], [73.608408768, 30.273215632], [73.60722913, 30.27163589], [73.606069211, 30.270068977], [73.60593770246383, 30.269850013377393], [73.60174831784533, 30.26601301837504], [73.601707215, 30.26599278], [73.60092957900001, 30.265607984], [73.600100589, 30.26553095], [73.598460476, 30.265374534], [73.59762301100001, 30.265294665], [73.59660877600001, 30.26552635], [73.595602262, 30.265756272], [73.594360186, 30.266039469], [73.593526479, 30.26660207], [73.593087221, 30.26689842], [73.59129167600001, 30.268110158], [73.589099809, 30.269293783], [73.58865057383099, 30.26953637314496], [73.58837833823686, 30.269754542606723], [73.58786756482534, 30.269959209378225], [73.586857295, 30.270504806], [73.58596020600001, 30.270989192], [73.58518788100001, 30.271293689], [73.583990499, 30.271765767], [73.58287348, 30.272206162], [73.58201227500001, 30.272318794], [73.58030768200001, 30.272544854], [73.579442435, 30.272659609], [73.57856773, 30.272546751], [73.57712739, 30.272360919], [73.576474109, 30.272276501], [73.57338858, 30.27134062], [73.572728562, 30.270713643], [73.572276887, 30.270214293], [73.57131977001076, 30.26914954429821], [73.5707394233971, 30.268684454827646], [73.57037139630897, 30.268094581398415], [73.570269569, 30.26798132], [73.569809488, 30.267469785], [73.569579517, 30.266939143], [73.56941719930258, 30.266565195441576], [73.56929578818621, 30.26637059783213], [73.56782825230442, 30.26284235038364], [73.56782825230442, 30.256577968695773], [73.567544528, 30.256096424], [73.567224396, 30.255554921], [73.566999913, 30.255175178], [73.56593555100001, 30.254693781], [73.564661669, 30.254893108], [73.562978262, 30.255184703], [73.56249120000001, 30.25526907], [73.56173602, 30.255603646], [73.55902432766932, 30.2568050415139], [73.55860526984904, 30.25714087423039], [73.55775258190185, 30.257368655454336], [73.556739657, 30.25785947], [73.552698037, 30.259826058], [73.5512187721939, 30.2605449757887], [73.55071272168193, 30.260950524402496], [73.547756099175, 30.262135242262513], [73.5432219969693, 30.263346451302482], [73.54202284663496, 30.263346451302482], [73.541051898, 30.263551769], [73.539834861, 30.263361912], [73.53973493189307, 30.263346451302482], [73.53876100404878, 30.263346451302482], [73.53436353599756, 30.262171741775663], [73.53387533503769, 30.26178049778353], [73.53013351, 30.259725255], [73.52756489, 30.25762602], [73.526954637, 30.257129022], [73.526513194, 30.256749029], [73.525134152, 30.255554416], [73.522345481, 30.253139092], [73.5219559, 30.252801668], [73.52139743500001, 30.252300356], [73.520559774, 30.251548421], [73.518950907, 30.250013457], [73.51768416563603, 30.248804903151637], [73.51729535929351, 30.2484933139535], [73.51605055557121, 30.247246332644107], [73.514767739, 30.246022442], [73.513480721, 30.244794543], [73.512663395, 30.244004516], [73.51160890700001, 30.242906509], [73.510067055, 30.241297008], [73.50883361400001, 30.24000945], [73.508183254, 30.239329279], [73.50773985500001, 30.23883068], [73.50655821, 30.237493675], [73.50569761382619, 30.23651680595136], [73.50167809954071, 30.23222182377586], [73.49877462195371, 30.228731555662087], [73.49877462195371, 30.228000529420044], [73.49849524000001, 30.227422585], [73.497911768, 30.226215479], [73.49671798777769, 30.223743843571043], [73.49550901008321, 30.22229053243953], [73.49409490076532, 30.218890733051555], [73.493521333, 30.218329258], [73.493044966, 30.218137562], [73.49287370810518, 30.21806864339503], [73.49134568005088, 30.21806864339503], [73.490236929, 30.218293629], [73.489522435, 30.218438617], [73.488446529, 30.218811668], [73.486411038, 30.219517442], [73.483817458, 30.219582612], [73.482689339, 30.219332415], [73.481828339, 30.219141483], [73.480898009, 30.217182059], [73.481042075, 30.215596134], [73.481117061, 30.214883156], [73.481340525, 30.213989206], [73.48151121436604, 30.21330642114063], [73.48151121436604, 30.20879006592085], [73.481210232, 30.207687913], [73.479681471, 30.207291299], [73.478161708, 30.20817262], [73.477456064, 30.208581875], [73.47648913215872, 30.210359353926663], [73.47648913215872, 30.211194323641106], [73.47509643332569, 30.21342653986384], [73.47302844488121, 30.21591246713938], [73.471537387, 30.217859419], [73.470826443, 30.218787765], [73.470121719, 30.21970972], [73.469128036, 30.220322834], [73.467130686, 30.221555221], [73.466568754, 30.221849482], [73.464747519, 30.222481706], [73.46434430100001, 30.222621626], [73.46414172704333, 30.2226919197527], [73.46324662547687, 30.22305058671469], [73.46189556573654, 30.22268967385989], [73.46028075800001, 30.222533538], [73.45964026, 30.222471532], [73.458861209, 30.222159063], [73.457905237, 30.221775632], [73.457320592, 30.221541137], [73.456643415, 30.221068631], [73.455269445, 30.220109931], [73.45433147700001, 30.218354428], [73.454139018, 30.217859419], [73.45390058857448, 30.217248717155783], [73.45326200194984, 30.21622519118638], [73.45326200194984, 30.215612046385978], [73.45296081500001, 30.214839643], [73.45171547400001, 30.212363325], [73.45097821086294, 30.210893609564742], [73.45012320057026, 30.209865802367315], [73.45012320057026, 30.208896604925748], [73.449824249, 30.208190704], [73.44940656700001, 30.20720443], [73.449262274, 30.204141784], [73.45002077, 30.20282551], [73.45041579711246, 30.202144528588676], [73.45156579076912, 30.19937971565614], [73.45221730392369, 30.19859653220769], [73.45280991700001, 30.197676448], [73.453501242, 30.196603257], [73.454650243, 30.194819581], [73.45483140263963, 30.193954712078636], [73.45483140263963, 30.189165541774628], [73.45528750248462, 30.18861726451124], [73.455269744, 30.188100815], [73.457400911, 30.184473221], [73.45768393073801, 30.18399078579297], [73.45635807938488, 30.179740639488255], [73.45632648674466, 30.179654405121035], [73.45631894789622, 30.179638748279178], [73.454600549, 30.179635137], [73.451690675, 30.179627372], [73.449961656, 30.179622758], [73.44941502, 30.179621299], [73.44897963800001, 30.179616018], [73.446658055, 30.17915269], [73.44596227000001, 30.178306865], [73.445462551, 30.177699029], [73.44543962922005, 30.177073283963825], [73.4454149985009, 30.17705354491847], [73.4454149985009, 30.176400886345743], [73.44537171600001, 30.175219311], [73.445840934, 30.174611486], [73.446865269, 30.173320696], [73.44824175853532, 30.1719326100207], [73.44827524116343, 30.17189236057989], [73.44830656456723, 30.171867258020583], [73.448773716, 30.171396171], [73.449772857, 30.170388658], [73.45008219, 30.170020033], [73.450503524, 30.169519093], [73.453040959, 30.166497898], [73.453611651, 30.16581865], [73.454184606, 30.164309713], [73.454659268, 30.16305964], [73.454138905, 30.161710758], [73.453711239, 30.16060226], [73.453300991, 30.159838037], [73.45279202, 30.158889916], [73.45083483271173, 30.157698232851757], [73.44346649832578, 30.157698232851757], [73.442283145, 30.158350861], [73.44032076500001, 30.159401436], [73.439709648, 30.159809666], [73.439096981, 30.160155826], [73.438670644, 30.160399914], [73.43795938400001, 30.160929882], [73.437111709, 30.161561494], [73.436614347, 30.161907842], [73.433717519, 30.164080736], [73.432283772, 30.165156747], [73.431925276, 30.165425795], [73.43140386200001, 30.165815701], [73.428351256, 30.168327869], [73.427682388, 30.168878654], [73.426640712, 30.169736864], [73.42540446800001, 30.170453168], [73.424094859, 30.171201373], [73.422938519, 30.171856647], [73.421778954, 30.172217486], [73.42175676619304, 30.17222441071399], [73.42069657438034, 30.172790835487575], [73.41994185751199, 30.172790835487575], [73.419359957, 30.172972444], [73.418058454, 30.173359296], [73.41674028300001, 30.17375094], [73.41501816, 30.173549787], [73.414380953, 30.17294318], [73.413944789, 30.172527959], [73.413365602, 30.171976585], [73.413015301, 30.171564382], [73.412372847, 30.170730723], [73.41230499057382, 30.170642672183206], [73.41222995372843, 30.17058253769483], [73.41210795381173, 30.170386996356825], [73.41174770900001, 30.169919541], [73.4116689832258, 30.169683414764044], [73.41088818332554, 30.16843194950629], [73.41088818332554, 30.16729362160219], [73.410797261, 30.166930804], [73.40983599, 30.163197897], [73.408414764, 30.160494392], [73.407731267, 30.15923904], [73.407337682, 30.158516161], [73.406730335, 30.157398115], [73.40643320400001, 30.156113335], [73.407161644, 30.155045809], [73.40896044, 30.152314942], [73.40903108886009, 30.1516744055458], [73.4089717110911, 30.151621100824826], [73.40889870968648, 30.15156729007836], [73.40882087028326, 30.151520751612367], [73.4041126682139, 30.14900531783973], [73.40402915779555, 30.14896583786693], [73.4039421809734, 30.14893473014063], [73.40385257473253, 30.148912294013037], [73.40376120136109, 30.14889874538883], [73.40366894015251, 30.14889421464753], [73.40295920089433, 30.14889421464753], [73.40172240000001, 30.149143498], [73.40057213, 30.149635627], [73.399527688, 30.150088887], [73.398031515, 30.150737887], [73.396251313, 30.151242828], [73.39549962813328, 30.15145588126822], [73.3954739945583, 30.151469576423878], [73.39507956057099, 30.15157494282045], [73.394509516, 30.151736513], [73.393980274, 30.151886637], [73.393221928, 30.152101893], [73.39295633272987, 30.15214212737836], [73.39099013005978, 30.152667365306485], [73.38949889006963, 30.152667365306485], [73.387973935, 30.152899073], [73.38725802, 30.153007581], [73.38632063700001, 30.153032118], [73.384970815, 30.153067326], [73.384163557, 30.152947297], [73.38231595600593, 30.152667365306485], [73.38187896835778, 30.152667365306485], [73.38161327269387, 30.152560901123913], [73.381574905, 30.152555088], [73.380603819, 30.152406165], [73.379720133, 30.151927513], [73.378664921, 30.151355071], [73.378042078, 30.151017185], [73.377499201, 30.150510635], [73.376959156, 30.150006967], [73.37597322500001, 30.149087068], [73.37587600890063, 30.148788262917535], [73.37474545208656, 30.146976207646688], [73.37322256677061, 30.138433131215137], [73.37322256677061, 30.133540156395277], [73.372665588, 30.126993523], [73.372604621, 30.126162517], [73.37257164200001, 30.125215951], [73.37251594700001, 30.12361681], [73.372447084, 30.121639583], [73.372951672, 30.120046458], [73.37322256677061, 30.11919079926325], [73.37322256677061, 30.109704639528672], [73.37474685910972, 30.103596804139453], [73.37781765731646, 30.096213995942268], [73.38128095994162, 30.09135689036733], [73.382545562, 30.08909752], [73.383590494, 30.087230748], [73.383907664, 30.086607594], [73.38420837159913, 30.086008020417346], [73.38420837159913, 30.083537185363802], [73.38355858700001, 30.083005517], [73.382170825, 30.081868632], [73.381820346, 30.080139604], [73.382423619, 30.077135381], [73.382680647, 30.075805917], [73.382789678, 30.075151647], [73.382142351, 30.073176813], [73.381175294, 30.072652178], [73.379505052, 30.071747664], [73.378659537, 30.071290546], [73.377067153, 30.071565641], [73.375247367, 30.071881937], [73.374688158, 30.072307675], [73.373405137, 30.073284165], [73.372156517, 30.074742166], [73.37189721700001, 30.075271129], [73.370416645, 30.078055332], [73.369798387, 30.079218021], [73.36976988525308, 30.0793561047479], [73.36976988525308, 30.081803418370775]], [[73.35146610476423, 30.18426575677638], [73.35184347849443, 30.181690342932917], [73.35240647619493, 30.1837081055564], [73.35146610476423, 30.18426575677638]], [[73.35210392327147, 30.179912919040955], [73.35157753375802, 30.179637096331316], [73.35114304009008, 30.17917999798639], [73.35210392327147, 30.179912919040955]], [[73.29869333287816, 30.193742449976163], [73.29860701552172, 30.193295716267897], [73.29875565127409, 30.193611590479907], [73.29869333287816, 30.193742449976163]], [[73.27494841154004, 30.161399676853648], [73.29742793105424, 30.172140092091638], [73.28796286959084, 30.168048643530142], [73.27494841154004, 30.161399676853648]], [[73.2607258682325, 30.465073579987912], [73.26008023964359, 30.46274207820874], [73.2611022155626, 30.463482666125653], [73.2607258682325, 30.465073579987912]], [[73.25639803125753, 30.460073718820297], [73.25188737154265, 30.45856086774446], [73.25496056755708, 30.459032042370048], [73.25639803125753, 30.460073718820297]], [[73.21205955126062, 30.479347296258336], [73.21630769602362, 30.480122690535975], [73.2147628003765, 30.480675425290542], [73.21205955126062, 30.479347296258336]]]}}, {"type": "Feature", "properties": {"na": "NA-140", "src": "tehsil-composition (final delim 2023): https://en.wikipedia.org/wiki/NA-140_Pakpattan-II", "approx": true, "tehsils": "Arifwala; Pakpattan (part: Kalyana patwar circles)"}, "geometry": {"type": "MultiPolygon", "coordinates": [[[[73.620786519, 30.278158419], [73.620011951, 30.27802361], [73.61886314600001, 30.277823667], [73.615415379, 30.277216431], [73.61418039, 30.276998919], [73.61388659669355, 30.27685052217255], [73.61436333719591, 30.277232581760085], [73.62189062051895, 30.2784390539383], [73.62495443741274, 30.2784390539383], [73.62504430993485, 30.278443352579494], [73.62513336191077, 30.278456209256003], [73.625220780286, 30.278477506584927], [73.62530576692097, 30.278507050119273], [73.62538754587821, 30.278544570123263], [73.62541573454139, 30.27856092520823], [73.625501272, 30.27819116], [73.621700234, 30.278172666], [73.620786519, 30.278158419]]], [[[73.605569658, 30.269237214], [73.60528666200001, 30.268766068], [73.60446636200001, 30.267399444], [73.60318413200001, 30.26671999], [73.60174831784533, 30.26601301837504], [73.60593770246383, 30.269850013377393], [73.605569658, 30.269237214]]], [[[73.588002964, 30.269886087], [73.58786756482534, 30.269959209378225], [73.58837833823686, 30.269754542606723], [73.58865057383099, 30.26953637314496], [73.588002964, 30.269886087]]], [[[73.570730647, 30.268494172], [73.57037139630897, 30.268094581398415], [73.5707394233971, 30.268684454827646], [73.57131977001076, 30.26914954429821], [73.570730647, 30.268494172]]], [[[73.569386637, 30.266494786], [73.56919177, 30.266046042], [73.56875111100001, 30.26495299], [73.568199531, 30.262551088], [73.56817478500001, 30.261884443], [73.568116548, 30.260320615], [73.568020845, 30.257742941], [73.567980238, 30.256835923], [73.56782825230442, 30.256577968695773], [73.56782825230442, 30.26284235038364], [73.56929578818621, 30.26637059783213], [73.56941719930258, 30.266565195441576], [73.569386637, 30.266494786]]], [[[73.557756828, 30.257366598], [73.55775258190185, 30.257368655454336], [73.55860526984904, 30.25714087423039], [73.55902432766932, 30.2568050415139], [73.557756828, 30.257366598]]], [[[73.5510756, 30.260614557], [73.550164087, 30.260969088], [73.54770287, 30.261926058], [73.54644888700001, 30.262410515], [73.545557087, 30.262599096], [73.54229897, 30.263288062], [73.54202284663496, 30.263346451302482], [73.5432219969693, 30.263346451302482], [73.547756099175, 30.262135242262513], [73.55071272168193, 30.260950524402496], [73.5512187721939, 30.2605449757887], [73.5510756, 30.260614557]]], [[[73.53781101300001, 30.263048789], [73.535654081, 30.262486237], [73.534718704, 30.262237814], [73.533911402, 30.261800308], [73.53387533503769, 30.26178049778353], [73.53436353599756, 30.262171741775663], [73.53876100404878, 30.263346451302482], [73.53973493189307, 30.263346451302482], [73.53781101300001, 30.263048789]]], [[[73.51605055557121, 30.247246332644107], [73.51729535929351, 30.2484933139535], [73.51768416563603, 30.248804903151637], [73.51605055557121, 30.247246332644107]]], [[[73.500718417, 30.230864883], [73.499473779, 30.229446843], [73.49877462195371, 30.228000529420044], [73.49877462195371, 30.228731555662087], [73.50167809954071, 30.23222182377586], [73.50569761382619, 30.23651680595136], [73.500718417, 30.230864883]]], [[[73.49576294900001, 30.221766505], [73.495379315, 30.220767015], [73.495001318, 30.21977804], [73.49409490076532, 30.218890733051555], [73.49550901008321, 30.22229053243953], [73.49671798777769, 30.223743843571043], [73.49576294900001, 30.221766505]]], [[[73.492361496, 30.217862516], [73.49134568005088, 30.21806864339503], [73.49287370810518, 30.21806864339503], [73.492361496, 30.217862516]]], [[[73.482100662, 30.210948536], [73.48151121436604, 30.20879006592085], [73.48151121436604, 30.21330642114063], [73.482100662, 30.210948536]]], [[[73.474964661, 30.213161739], [73.474553573, 30.213921194], [73.4741683, 30.214424099], [73.47302844488121, 30.21591246713938], [73.47509643332569, 30.21342653986384], [73.47648913215872, 30.211194323641106], [73.47648913215872, 30.210359353926663], [73.474964661, 30.213161739]]], [[[73.463657301, 30.222860017], [73.46262654200001, 30.222760352], [73.46189556573654, 30.22268967385989], [73.46324662547687, 30.22305058671469], [73.46414172704333, 30.2226919197527], [73.463657301, 30.222860017]]], [[[73.453584527, 30.216439172], [73.45326200194984, 30.215612046385978], [73.45326200194984, 30.21622519118638], [73.45390058857448, 30.217248717155783], [73.453584527, 30.216439172]]], [[[73.450918725, 30.210775026], [73.450210029, 30.209101629], [73.45012320057026, 30.208896604925748], [73.45012320057026, 30.209865802367315], [73.45097821086294, 30.210893609564742], [73.450918725, 30.210775026]]], [[[73.45095160400001, 30.201220859], [73.451769478, 30.199522507], [73.452209747, 30.198608265], [73.45221730392369, 30.19859653220769], [73.45156579076912, 30.19937971565614], [73.45041579711246, 30.202144528588676], [73.45095160400001, 30.201220859]]], [[[73.45538160000001, 30.191328031], [73.45533943800001, 30.190120098], [73.45529904300001, 30.188952884], [73.45528750248462, 30.18861726451124], [73.45483140263963, 30.189165541774628], [73.45483140263963, 30.193954712078636], [73.45538160000001, 30.191328031]]], [[[73.458229541, 30.183060739], [73.458437989, 30.181415242], [73.45632500100001, 30.179638761], [73.45631894789622, 30.179638748279178], [73.45632648674466, 30.179654405121035], [73.45635807938488, 30.179740639488255], [73.45768393073801, 30.18399078579297], [73.458229541, 30.183060739]]], [[[73.4454149985009, 30.176400886345743], [73.4454149985009, 30.17705354491847], [73.44543962922005, 30.177073283963825], [73.4454149985009, 30.176400886345743]]], [[[73.44830656456723, 30.171867258020583], [73.44827524116343, 30.17189236057989], [73.44824175853532, 30.1719326100207], [73.44830656456723, 30.171867258020583]]], [[[73.450546076, 30.157522416], [73.449234006, 30.157368761], [73.448223731, 30.157292465], [73.445369604, 30.157501767], [73.444649378, 30.157560834], [73.444185289, 30.157598614], [73.443557369, 30.157648117], [73.44346649832578, 30.157698232851757], [73.45083483271173, 30.157698232851757], [73.450546076, 30.157522416]]], [[[73.41994185751199, 30.172790835487575], [73.42069657438034, 30.172790835487575], [73.42175676619304, 30.17222441071399], [73.41994185751199, 30.172790835487575]]], [[[73.41210795381173, 30.170386996356825], [73.41222995372843, 30.17058253769483], [73.41230499057382, 30.170642672183206], [73.41210795381173, 30.170386996356825]]], [[[73.411214515, 30.168320305], [73.41107541800001, 30.167904781], [73.410935256, 30.167481461], [73.41088818332554, 30.16729362160219], [73.41088818332554, 30.16843194950629], [73.4116689832258, 30.169683414764044], [73.411214515, 30.168320305]]], [[[73.409167225, 30.15044013], [73.408831244, 30.1497664], [73.408478524, 30.149158604], [73.407717053, 30.148370162], [73.406723607, 30.148271886], [73.405951232, 30.148291291], [73.403567723, 30.148771564], [73.40295920089433, 30.14889421464753], [73.40366894015251, 30.14889421464753], [73.40376120136109, 30.14889874538883], [73.40385257473253, 30.148912294013037], [73.4039421809734, 30.14893473014063], [73.40402915779555, 30.14896583786693], [73.4041126682139, 30.14900531783973], [73.40882087028326, 30.151520751612367], [73.40889870968648, 30.15156729007836], [73.4089717110911, 30.151621100824826], [73.40903108886009, 30.1516744055458], [73.409167225, 30.15044013]]], [[[73.39507956057099, 30.15157494282045], [73.3954739945583, 30.151469576423878], [73.39549962813328, 30.15145588126822], [73.39507956057099, 30.15157494282045]]], [[[73.392486191, 30.152213348], [73.390553531, 30.152507119], [73.38949889006963, 30.152667365306485], [73.39099013005978, 30.152667365306485], [73.39295633272987, 30.15214212737836], [73.392486191, 30.152213348]]], [[[73.38161327269387, 30.152560901123913], [73.38187896835778, 30.152667365306485], [73.38231595600593, 30.152667365306485], [73.38161327269387, 30.152560901123913]]], [[[73.37533285900001, 30.147118828], [73.375291572, 30.145934702], [73.37525725, 30.144950334], [73.37523613, 30.144346221], [73.375211758, 30.14364814], [73.375082126, 30.143075972], [73.374541066, 30.14068899], [73.374101901, 30.139339808], [73.373574192, 30.137668851], [73.373384126, 30.135439096], [73.37322256677061, 30.133540156395277], [73.37322256677061, 30.138433131215137], [73.37474545208656, 30.146976207646688], [73.37587600890063, 30.148788262917535], [73.37533285900001, 30.147118828]]], [[[73.373476802, 30.118387762], [73.37354082, 30.116352529], [73.373556232, 30.11586168], [73.373583816, 30.114981465], [73.373666658, 30.112337968], [73.373749401, 30.109697611], [73.374060755, 30.108215032], [73.374930364, 30.104074189], [73.37521676, 30.102710448], [73.375697298, 30.101541271], [73.376497431, 30.099594494], [73.377069255, 30.098203132], [73.377588191, 30.096940454], [73.378700478, 30.09529983], [73.379343754, 30.094474088], [73.380529353, 30.092603988], [73.380770114, 30.092247139], [73.381014082, 30.0918337], [73.381237903, 30.091433817], [73.38128095994162, 30.09135689036733], [73.37781765731646, 30.096213995942268], [73.37474685910972, 30.103596804139453], [73.37322256677061, 30.109704639528672], [73.37322256677061, 30.11919079926325], [73.373476802, 30.118387762]]], [[[73.384511654, 30.085403313], [73.384810711, 30.084030033], [73.38420837159913, 30.083537185363802], [73.38420837159913, 30.086008020417346], [73.384511654, 30.085403313]]], [[[73.369353913, 30.081371385], [73.369175891, 30.082233852], [73.368820044, 30.083957839], [73.368573479, 30.086043146], [73.36844510140664, 30.087111823755198], [73.36976988525308, 30.081803418370775], [73.36976988525308, 30.0793561047479], [73.369353913, 30.081371385]]], [[[73.364279669, 30.09208889], [73.36283938400001, 30.092548254], [73.361993513, 30.09306897], [73.361160153, 30.093581987], [73.36069540386524, 30.094168353793556], [73.36391318786794, 30.092449200190078], [73.36441979594495, 30.092043204743945], [73.364279669, 30.09208889]]], [[[73.35462710049218, 30.103616406740077], [73.35468675818254, 30.103616406740077], [73.35474731155794, 30.103567879296914], [73.35462710049218, 30.103616406740077]]], [[[73.324138773, 30.108303297], [73.31801529149502, 30.109753368396596], [73.32335962995883, 30.108682630888982], [73.3245485083699, 30.108206247622707], [73.324138773, 30.108303297]]], [[[73.31403443900001, 30.11069352], [73.31235812867894, 30.111205974785143], [73.31610755941306, 30.110204377513213], [73.31403443900001, 30.11069352]]], [[[73.299753671, 30.108632339], [73.29992639791104, 30.107854491598456], [73.29957495536301, 30.10841778334428], [73.29975577591098, 30.10885251182003], [73.299753671, 30.108632339]]], [[[73.30663872, 30.102508206], [73.30575716, 30.102632147], [73.30549950669038, 30.102675021350983], [73.30551704326358, 30.10269387541247], [73.30557339444492, 30.10276795138416], [73.30562215748508, 30.102847228563324], [73.3056628559814, 30.102930932431914], [73.30568062654913, 30.102979064383703], [73.30663872, 30.102508206]]], [[[73.27506129000001, 30.110859478], [73.27386909815239, 30.110833442395855], [73.27491854270221, 30.111113783832376], [73.27589815901666, 30.11072125183312], [73.27506129000001, 30.110859478]]], [[[73.2706816173975, 30.10996988472684], [73.27070422011303, 30.109987998531167], [73.27073578814847, 30.109996431400162], [73.2706816173975, 30.10996988472684]]], [[[73.25888648, 30.101966785], [73.256265759, 30.097935298], [73.255392371, 30.096691661], [73.254930776, 30.096123261], [73.253702551, 30.094599848], [73.253370233, 30.094152136], [73.252667881, 30.093172992], [73.252221837, 30.092801246], [73.251718718, 30.092503665], [73.25015130700001, 30.091579741], [73.247892248, 30.091599245], [73.246867169, 30.091608094], [73.246026122, 30.091699789], [73.243075215, 30.092025955], [73.240838328, 30.092271909], [73.237022042, 30.092735112], [73.236504925, 30.092780424], [73.235166858, 30.092770846], [73.233641291, 30.092760063], [73.231179264, 30.091088771], [73.2305595, 30.089926579], [73.227830744, 30.08481016], [73.227150553, 30.083532076], [73.226606728, 30.081175146], [73.22612357, 30.079102795], [73.224993905, 30.077426284], [73.221281486, 30.071917292], [73.218894608, 30.068087013], [73.218049058, 30.066728302], [73.216326526, 30.066233362], [73.215170912, 30.065901315], [73.214496631, 30.065928925], [73.212141192, 30.066025374], [73.210986481, 30.066087278], [73.20979643000001, 30.066670402], [73.204656836, 30.069192159], [73.202006097, 30.070492752], [73.200848825, 30.071062862], [73.20016369000001, 30.071261802], [73.19694767, 30.072183858], [73.195948869, 30.072469371], [73.193625657, 30.072157716], [73.192742125, 30.071501684], [73.191869484, 30.070854095], [73.190958797, 30.070178087], [73.190536038, 30.069069896], [73.189792137, 30.067122285], [73.189555421, 30.066504584], [73.18947172300001, 30.065667878], [73.189204357, 30.063018443], [73.189036768, 30.061389026], [73.18943021, 30.059985221], [73.189876381, 30.058388837], [73.189736838, 30.056437272], [73.18928643800001, 30.050294892], [73.18918806, 30.04898133], [73.188675523, 30.048097605], [73.18794191, 30.046832697], [73.187261759, 30.045659969], [73.186669698, 30.045441986], [73.185310193, 30.044941446], [73.18270938500001, 30.045371977], [73.180932038, 30.047002714], [73.180522377, 30.047607668], [73.174518235, 30.056492581], [73.173042396, 30.058676685], [73.171804079, 30.060416694], [73.17049560000001, 30.062271445], [73.169510142, 30.064295435], [73.16567406300001, 30.072179322], [73.164523836, 30.074541666], [73.163207232, 30.076497935], [73.162147425, 30.07792958], [73.16059057400001, 30.078427246], [73.15975237, 30.078217307], [73.15933114900001, 30.078111802], [73.158934704, 30.077709588], [73.157790585, 30.076548828], [73.157292628, 30.074288793], [73.15730699400001, 30.07304773], [73.157326966, 30.071326584], [73.15735119300001, 30.06924365], [73.157024674, 30.067573305], [73.15646525000001, 30.065008637], [73.156202124, 30.063802337], [73.155442066, 30.062268262], [73.154950053, 30.061231996], [73.15406025300001, 30.059478446], [73.152883046, 30.058264289], [73.152450644, 30.057818314], [73.150294477, 30.055690749], [73.149800165, 30.055271066], [73.149452171, 30.054995327], [73.148408499, 30.054168354], [73.147325479, 30.053655795], [73.146059852, 30.053056815], [73.144738637, 30.052431528], [73.141268919, 30.051723856], [73.139031895, 30.051228714], [73.13763740200001, 30.050160969], [73.1362935, 30.049133666], [73.13396444300001, 30.047562344], [73.13265986200001, 30.046682167], [73.131662355, 30.046004387], [73.13030946900001, 30.045076952], [73.129632725, 30.044613028], [73.128951809, 30.044132568], [73.127545503, 30.043142151], [73.12643552, 30.042363682], [73.12579427, 30.041929172], [73.123957405, 30.040458165], [73.122530763, 30.039315675], [73.120736078, 30.038231829], [73.118709783, 30.037030562], [73.11759093900001, 30.036367712], [73.116037446, 30.035735236], [73.112735491, 30.034390194], [73.11210624, 30.03413388], [73.110846508, 30.033686961], [73.10791081, 30.032645707], [73.105108666, 30.031651823], [73.10353289800001, 30.031092918], [73.103081266, 30.030935104], [73.101142898, 30.030167611], [73.09842886, 30.029093667], [73.09721351200001, 30.028612726], [73.09580209100001, 30.028054649], [73.094740787, 30.027634984], [73.09371100300001, 30.027227765], [73.091642151, 30.026409597], [73.088250743, 30.025790694], [73.087759173, 30.025684539], [73.087220403, 30.025522095], [73.08463484100001, 30.024744322], [73.083422719, 30.024379697], [73.08189804700001, 30.022637978], [73.081725637, 30.020423772], [73.08274443900001, 30.01850993], [73.083705701, 30.017916062], [73.085618, 30.016732025], [73.086171338, 30.016389414], [73.087001705, 30.016111012], [73.087727583, 30.015867813], [73.089240524, 30.015360914], [73.090515386, 30.015151599], [73.09097061300001, 30.015076986], [73.092438457, 30.0148299], [73.09362934100001, 30.014236985], [73.097998075, 30.012058841], [73.099418565, 30.01135015], [73.099778478, 30.010076133], [73.10009873700001, 30.008890443], [73.10053066600001, 30.00729195], [73.10076071200001, 30.006440585], [73.100630269, 30.005615137], [73.100448314, 30.004458235], [73.100327658, 30.003700605], [73.09955785400001, 30.002270216], [73.09701270500001, 30.001598248], [73.09620188800001, 30.001730838], [73.095281764, 30.001881296], [73.094684588, 30.002150834], [73.091099192, 30.003769118], [73.090016066, 30.004257992], [73.08858156, 30.005665634], [73.087671873, 30.00655994], [73.085323707, 30.008969199], [73.084700776, 30.009608618], [73.083285708, 30.010694529], [73.0818713, 30.01178323], [73.07315621, 30.018491425], [73.071260402, 30.019951646], [73.069584081, 30.021248281], [73.067930677, 30.022470711], [73.06328890600001, 30.025904754], [73.061970859, 30.026878377], [73.061071726, 30.02754108], [73.059796137, 30.028384168], [73.05726300900001, 30.030059501], [73.056854807, 30.030331897], [73.056491871, 30.030574758], [73.054319037, 30.032039295], [73.053594646, 30.032527045], [73.048714258, 30.035948346], [73.048019079, 30.036439812], [73.047521757, 30.036791398], [73.04598144500001, 30.037537191], [73.041362605, 30.039773557], [73.04020846600001, 30.040332372], [73.039588938, 30.040469165], [73.038584876, 30.04068957], [73.035369184, 30.041390694], [73.032253749, 30.041902944], [73.030940256, 30.042118146], [73.03044065600001, 30.042200001], [73.028716172, 30.041994687], [73.026751303, 30.041760694], [73.020199, 30.03826288], [73.019310008, 30.037788259], [73.01873285900001, 30.037024257], [73.017597957, 30.035521927], [73.01721097100001, 30.035009654], [73.016974882, 30.034266715], [73.016552339, 30.032936759], [73.016267944, 30.032041686], [73.016340905, 30.030828034], [73.016391514, 30.029962799], [73.016391005, 30.028978417], [73.016388981, 30.027081243], [73.017312406, 30.025022885], [73.018842381, 30.021616392], [73.019158226, 30.020913306], [73.019957353, 30.01913546], [73.020556237, 30.017946698], [73.02134397200001, 30.016384309], [73.021980971, 30.015122608], [73.023235594, 30.012724171], [73.023839181, 30.011571106], [73.024468822, 30.010340737], [73.024932735, 30.009018141], [73.027654618, 30.001274267], [73.027989331, 30.000322373], [73.028151244, 29.999927823], [73.027740076, 29.998389477], [73.02718904000001, 29.997274882], [73.026966735, 29.996825223], [73.026708968, 29.996374347], [73.02512601, 29.994278948], [73.024710811, 29.99372934], [73.024071, 29.993205519], [73.022525466, 29.991940172], [73.021802417, 29.991348203], [73.021153223, 29.991027503], [73.020609666, 29.990759806], [73.018169667, 29.989555785], [73.01744921800001, 29.989200317], [73.017018626, 29.989029673], [73.016260223, 29.988707857], [73.014222211, 29.987846542], [73.008498065, 29.985427373], [73.007155581, 29.984755325], [73.005548296, 29.982572252], [73.00545752, 29.980769064], [73.006007729, 29.979780066], [73.007967692, 29.976237875], [73.00846433800001, 29.975340706], [73.00954643, 29.974416771], [73.01059514, 29.973525575], [73.01149876, 29.972757675], [73.014576319, 29.970926907], [73.015306314, 29.970492446], [73.01573091600001, 29.970239839], [73.016460295, 29.969568215], [73.01726172, 29.968830296], [73.018479207, 29.967709253], [73.01851525, 29.966674937], [73.018544407, 29.965334361], [73.017711939, 29.96419163], [73.015581874, 29.96402202], [73.014845577, 29.964118637], [73.008614836, 29.964936237], [73.007731854, 29.965052102], [73.005589776, 29.965501107], [72.997863349, 29.967129458], [72.996581026, 29.967401666], [72.995298113, 29.967298926], [72.993607814, 29.967163561], [72.99232149, 29.967060548], [72.991274612, 29.9665367], [72.989868908, 29.965833298], [72.988680453, 29.965238555], [72.98745952, 29.964660418], [72.984091307, 29.963058303], [72.98360197, 29.9629358], [72.983109896, 29.962814268], [72.982472668, 29.962655453], [72.981479043, 29.962436039], [72.980382635, 29.962507201], [72.979628319, 29.962556253], [72.970986321, 29.963128518], [72.96855775600001, 29.969266887], [72.965327316, 29.97752762], [72.964997317, 29.97837148], [72.963699681, 29.981689746], [72.96299101800001, 29.983279965], [72.962461005, 29.984473222], [72.962305248, 29.985315704], [72.961928477, 29.987329177], [72.961747598, 29.988729184], [72.962319219, 29.990900997], [72.962859807, 29.991957593], [72.964729293, 29.995617017], [72.965259537, 29.996942228], [72.965585741, 29.99776999], [72.966239909, 29.99942886], [72.966524243, 30.001133018], [72.966951406, 30.003691431], [72.967237993, 30.005409484], [72.96731517100001, 30.006171524], [72.967538908, 30.008397646], [72.967679997, 30.009752551], [72.967874753, 30.010467752], [72.968622068, 30.013197106], [72.969018909, 30.014647715], [72.971151638, 30.016457374], [72.9722718, 30.017057349], [72.973028634, 30.017460329], [72.975687073, 30.018875827], [72.977162559, 30.01965954], [72.977788761, 30.020514595], [72.978914773, 30.022044717], [72.979637972, 30.023027732], [72.979471963, 30.024664601], [72.97817967600001, 30.025557238], [72.977539303, 30.02599908], [72.976482129, 30.026729001], [72.97503209300001, 30.026948845], [72.972658074, 30.027308777], [72.97103448700001, 30.028270778], [72.970206427, 30.028761071], [72.967701609, 30.02973513], [72.966031333, 30.030384409], [72.963887752, 30.031217673], [72.961037286, 30.032165972], [72.958250923, 30.03308746], [72.957310598, 30.034280542], [72.956870591, 30.03483882], [72.955178599, 30.036020165], [72.95278579500001, 30.036263085], [72.951518187, 30.03590827], [72.947391982, 30.034749714], [72.942189866, 30.034271153], [72.940721742, 30.034075168], [72.939348228, 30.033891815], [72.938265563, 30.033074038], [72.937599071, 30.031877744], [72.937506206, 30.030241851], [72.937342062, 30.027319651], [72.936290469, 30.025139626], [72.935540627, 30.024113973], [72.93382132100001, 30.023158581], [72.931912589, 30.022788572], [72.930806829, 30.022967975], [72.930130446, 30.023384311], [72.929642553, 30.023812818], [72.928955415, 30.024440143], [72.928597741, 30.026442317], [72.928148867, 30.028960427], [72.92800850200001, 30.029739939], [72.927987587, 30.030445765], [72.927833468, 30.0353216], [72.927843288, 30.036773262], [72.928491336, 30.038013849], [72.929079293, 30.039115103], [72.929696873, 30.040256861], [72.930643351, 30.041177194], [72.934080965, 30.044519674], [72.934842654, 30.045505727], [72.935802761, 30.046746593], [72.93661006100001, 30.047790281], [72.93694606400001, 30.048571481], [72.9374399, 30.049720038], [72.938135628, 30.051333745], [72.93865977, 30.052549498], [72.93859099, 30.054268866], [72.938573895, 30.0546962], [72.938500445, 30.055767322], [72.937670208, 30.060142855], [72.937516195, 30.060955246], [72.937257501, 30.062301735], [72.936524335, 30.063970418], [72.936324099, 30.06441213], [72.935227905, 30.066830307], [72.934171735, 30.069160189], [72.932504555, 30.072867117], [72.932285712, 30.073353868], [72.931558296, 30.074971098], [72.931257075, 30.076196719], [72.930956824, 30.07741839], [72.930408866, 30.079657866], [72.930169152, 30.080637561], [72.930096266, 30.081677705], [72.929927366, 30.084088044], [72.929818549, 30.085640955], [72.930102063, 30.087527169], [72.93259375, 30.090981442], [72.936465469, 30.094486259], [72.937093075, 30.095058532], [72.937470919, 30.095506688], [72.939677657, 30.098164383], [72.940333173, 30.098949509], [72.94081056, 30.099954352], [72.941264117, 30.100902228], [72.942219964, 30.102899661], [72.942522872, 30.10506956], [72.94312818600001, 30.109407873], [72.943249255, 30.110275578], [72.94332119900001, 30.11076499], [72.943536121, 30.113001045], [72.94394020700001, 30.117362066], [72.94423358, 30.120369801], [72.944459736, 30.122698165], [72.94451145100001, 30.124943452], [72.94468731500001, 30.132550818], [72.944760208, 30.135757645], [72.944783176, 30.136807217], [72.944786773, 30.137244696], [72.944747191, 30.138758923], [72.944709008, 30.140068532], [72.944659352, 30.141522591], [72.944457865, 30.143827621], [72.94407605100001, 30.148181249], [72.943923365, 30.149922246], [72.943804352, 30.1512793], [72.94357801800001, 30.152498966], [72.943390988, 30.153506605], [72.943131518, 30.154894779], [72.942020689, 30.161671545], [72.941788869, 30.163077139], [72.94179012, 30.163948127], [72.941791633, 30.164540078], [72.94180055400001, 30.167830038], [72.941807837, 30.170258445], [72.94181024800001, 30.171062146], [72.941907, 30.171741155], [72.942157152, 30.173496739], [72.942329712, 30.174707775], [72.942562827, 30.175231438], [72.94296927900001, 30.176143865], [72.943537432, 30.177420744], [72.944032959, 30.178014598], [72.946081151, 30.180487652], [72.946557125, 30.181059695], [72.947033478, 30.181628422], [72.949198759, 30.182933756], [72.95066391600001, 30.183813685], [72.951421345, 30.184259716], [72.951835321, 30.184503233], [72.953356888, 30.185400029], [72.954227239, 30.186775689], [72.95453904, 30.187317059], [72.954691093, 30.187954353], [72.955219888, 30.190129929], [72.955686165, 30.19204412], [72.956118624, 30.194985981], [72.956211018, 30.19564193], [72.95631735100001, 30.196360422], [72.956776053, 30.199427975], [72.956907057, 30.20030406], [72.957040944, 30.201205526], [72.957141541, 30.202499631], [72.957437854, 30.20634615], [72.957574608, 30.208176622], [72.957535773, 30.210081871], [72.95725332900001, 30.222192132], [72.957198739, 30.22363341], [72.956322688, 30.225424852], [72.955449849, 30.227167101], [72.95323252300001, 30.229378229], [72.951992873, 30.230609967], [72.951678957, 30.231197467], [72.95126672100001, 30.231968985], [72.951002271, 30.233542252], [72.950800015, 30.23472992], [72.950859824, 30.235472342], [72.951163202, 30.23923822], [72.951257909, 30.240442112], [72.951758236, 30.241687928], [72.953416438, 30.245841238], [72.953597525, 30.246301111], [72.953832071, 30.2468288], [72.95570218200001, 30.251088959], [72.956212152, 30.252935177], [72.957233368, 30.256706105], [72.957906582, 30.258277373], [72.961888938, 30.267538792], [72.962167928, 30.268160779], [72.96257055, 30.26846362], [72.963590695, 30.26923749], [72.96500310200001, 30.270308925], [72.965690222, 30.270830012], [72.966895745, 30.271106934], [72.967670714, 30.271284964], [72.969260535, 30.271651132], [72.969659653, 30.271496944], [72.970888377, 30.271024573], [72.971400774, 30.270828943], [72.97302118, 30.270209201], [72.975838804, 30.269887075], [72.977614431, 30.27051136], [72.978204087, 30.270717817], [72.979022458, 30.271007426], [72.979755527, 30.27146201], [72.983059845, 30.273510348], [72.985900652, 30.274852685], [72.987915828, 30.275179206], [72.989141743, 30.275364077], [72.990521368, 30.275566913], [72.992110618, 30.276880095], [72.992400402, 30.277706283], [72.992891436, 30.279103356], [72.99306245000001, 30.281298864], [72.99244868400001, 30.282557099], [72.992059216, 30.283357942], [72.99182062300001, 30.283847666], [72.991408789, 30.284487147], [72.98950753000001, 30.287460202], [72.989362256, 30.289158001], [72.989554115, 30.290232169], [72.989946727, 30.291984106], [72.990009787, 30.292917861], [72.989877906, 30.29451181], [72.989638412, 30.295810144], [72.98899418, 30.296463926], [72.98763432, 30.297840999], [72.987265898, 30.298213239], [72.98584627000001, 30.298977852], [72.984268338, 30.298834108], [72.983472307, 30.298764106], [72.981306648, 30.298352117], [72.98088412, 30.298272121], [72.979992705, 30.29798185], [72.977854307, 30.297266452], [72.974929912, 30.296287832], [72.97406444100001, 30.296081901], [72.973618703, 30.295975842], [72.971472514, 30.295465177], [72.970178356, 30.295157244], [72.969122606, 30.295058588], [72.96571132000001, 30.294731701], [72.963921967, 30.294558122], [72.962001752, 30.294793045], [72.959640202, 30.29508196], [72.957549729, 30.294990442], [72.95617987700001, 30.294930463], [72.955301939, 30.294835626], [72.953983699, 30.294693861], [72.950467634, 30.294315739], [72.94818006, 30.294068238], [72.9476623, 30.294030929], [72.946382711, 30.293952777], [72.945065686, 30.293872339], [72.942541526, 30.293718174], [72.941168578, 30.293883016], [72.93972976900001, 30.294083508], [72.939171696, 30.294280471], [72.938097557, 30.294659287], [72.936790243, 30.295747943], [72.93624666800001, 30.296512454], [72.935816675, 30.297116823], [72.935296159, 30.29784867], [72.93431428, 30.299230249], [72.933716825, 30.300403114], [72.933020716, 30.301769653], [72.932050757, 30.302748252], [72.930354395, 30.304459776], [72.929839987, 30.304978671], [72.92919312100001, 30.305467056], [72.92582804300001, 30.308008146], [72.92426002, 30.30873747], [72.923286174, 30.309190279], [72.922007648, 30.309781051], [72.92042989, 30.310059917], [72.91914851300001, 30.310104507], [72.91497330300001, 30.310249178], [72.912425718, 30.310308446], [72.911150097, 30.310338124], [72.909712547, 30.310360498], [72.907852739, 30.310262349], [72.902744358, 30.309989634], [72.901783304, 30.309746922], [72.899909915, 30.30984172], [72.89777544200001, 30.309500106], [72.89307784, 30.308756012], [72.892528808, 30.308667081], [72.89137135300001, 30.308480631], [72.89037562700001, 30.308430318], [72.88748218500001, 30.308284113], [72.886629229, 30.308241828], [72.885825155, 30.308325065], [72.883865014, 30.308529944], [72.883378579, 30.308582574], [72.882323113, 30.308868247], [72.880578676, 30.309370803], [72.879904929, 30.309818213], [72.878319405, 30.310938011], [72.87769353600001, 30.311964882], [72.877189823, 30.312788011], [72.876138397, 30.313777967], [72.875204971, 30.313885772], [72.87443690900001, 30.313946088], [72.873518783, 30.313826901], [72.871449895, 30.313560039], [72.867157403, 30.312997391], [72.866686927, 30.312937856], [72.864445539, 30.31274472], [72.86223522, 30.312554895], [72.86084455800001, 30.31243632], [72.859528381, 30.312392288], [72.85827905900001, 30.312353048], [72.85748857, 30.312328219], [72.855901825, 30.312278382], [72.853681675, 30.312731572], [72.852650972, 30.312941955], [72.852171435, 30.31303985], [72.851649606, 30.313219459], [72.848975428, 30.314139886], [72.848393097, 30.314340319], [72.84818884900001, 30.314760208], [72.84772001200001, 30.315740035], [72.846986391, 30.317272042], [72.846250021, 30.318810038], [72.84260036900001, 30.326451044], [72.842247797, 30.327189198], [72.841659662, 30.32843366], [72.84164176, 30.329688045], [72.841559926, 30.334990532], [72.841539909, 30.336285318], [72.84152296, 30.337580294], [72.841416943, 30.33884594], [72.841169692, 30.341797678], [72.840992903, 30.34390822], [72.841025238, 30.345206977], [72.841046803, 30.346073161], [72.841100751, 30.34824002], [72.84113072800001, 30.349469867], [72.841154998, 30.350465555], [72.841191548, 30.351948762], [72.841271624, 30.353159859], [72.841324418, 30.353954395], [72.841362698, 30.354489837], [72.841427454, 30.355332681], [72.841621613, 30.357859788], [72.841740601, 30.359391438], [72.841779762, 30.359908691], [72.841932109, 30.36192061], [72.842592087, 30.36437416], [72.843801651, 30.368870866], [72.843942993, 30.370343783], [72.844254932, 30.373567723], [72.845014213, 30.377126787], [72.84519512700001, 30.379142452], [72.84529057600001, 30.380190925], [72.844475853, 30.381227017], [72.843888004, 30.381316545], [72.84342091100001, 30.381387862], [72.841147218, 30.380833618], [72.838530755, 30.380197771], [72.836438205, 30.380317759], [72.83523737, 30.380850547], [72.834289821, 30.382019578], [72.834404882, 30.383731009], [72.834617135, 30.386911702], [72.83448017900001, 30.38870072], [72.834341486, 30.390458599], [72.833518201, 30.392294664], [72.832591414, 30.393295424], [72.830459746, 30.395598752], [72.829140682, 30.397513], [72.828058177, 30.399078251], [72.82769888700001, 30.400862797], [72.828479375, 30.402019549], [72.82912605700001, 30.402842847], [72.831029995, 30.40357467], [72.832251202, 30.404041619], [72.833043972, 30.404075549], [72.834259463, 30.404127568], [72.837021855, 30.403531825], [72.83901026, 30.401747663], [72.839431325, 30.401276326], [72.840080078, 30.400548535], [72.841737866, 30.399469709], [72.842992935, 30.399253913], [72.843480935, 30.399170007], [72.843990125, 30.399329699], [72.846121319, 30.399999834], [72.847281079, 30.401158851], [72.848133431, 30.402510598], [72.84857043400001, 30.403199091], [72.849104701, 30.404045605], [72.849589895, 30.404680044], [72.850820083, 30.406289647], [72.852545265, 30.407007316], [72.85339916400001, 30.406984272], [72.854604937, 30.406947685], [72.855491408, 30.406919741], [72.857605145, 30.405491867], [72.857973165, 30.404839788], [72.859209629, 30.402644134], [72.859387055, 30.402181364], [72.860309316, 30.399444531], [72.861128367, 30.399018693], [72.862784718, 30.398292726], [72.86344960800001, 30.398005696], [72.86462430600001, 30.397766034], [72.865600302, 30.39756794], [72.867679249, 30.398329459], [72.869564652, 30.399987368], [72.870490142, 30.400802095], [72.871349328, 30.401201149], [72.872055306, 30.401502948], [72.874299889, 30.401120045], [72.876024996, 30.400380437], [72.876477113, 30.400046804], [72.876846213, 30.399773158], [72.878393138, 30.39786233], [72.879613463, 30.395162797], [72.87994045, 30.394439171], [72.880344758, 30.393551164], [72.881768723, 30.392250987], [72.883412553, 30.392050818], [72.884917068, 30.392598945], [72.885794749, 30.39369172], [72.8864685, 30.394619455], [72.886968107, 30.395028936], [72.887809824, 30.395718771], [72.88840599800001, 30.395773294], [72.889720436, 30.395887653], [72.891061135, 30.395314401], [72.891660544, 30.393780617], [72.891868136, 30.393250418], [72.892349572, 30.392017688], [72.893578101, 30.391702533], [72.89440072, 30.391491507], [72.895459746, 30.391602408], [72.896371873, 30.39169806], [72.896939691, 30.391800476], [72.897829965, 30.392106557], [72.89841886100001, 30.392309023], [72.899178727, 30.392570268], [72.899692991, 30.393007336], [72.900263542, 30.393492583], [72.900959651, 30.394084332], [72.901620205, 30.395970836], [72.901332381, 30.398049682], [72.90030216400001, 30.399782437], [72.898171344, 30.400609669], [72.897596189, 30.400728597], [72.891639042, 30.401959409], [72.88954214600001, 30.402391643], [72.88485161, 30.403395857], [72.884179093, 30.403541755], [72.881956773, 30.404934819], [72.881361469, 30.406171812], [72.881409766, 30.407299023], [72.88144078900001, 30.408023137], [72.881814188, 30.410597662], [72.881978558, 30.411727829], [72.882708834, 30.412404974], [72.883217426, 30.412804508], [72.884364612, 30.413288081], [72.886701751, 30.413312432], [72.88763208600001, 30.412669134], [72.887879942, 30.410572379], [72.88809103, 30.408808896], [72.889632427, 30.407035159], [72.890971547, 30.406917014], [72.893916136, 30.406660883], [72.89610334800001, 30.406847925], [72.896940152, 30.406919397], [72.89824101500001, 30.407590533], [72.89921559000001, 30.408103633], [72.899983587, 30.409347633], [72.900073954, 30.411922958], [72.899201166, 30.414540294], [72.898100436, 30.41651936], [72.897296591, 30.417669451], [72.897356317, 30.41907952], [72.897675894, 30.420053642], [72.898023689, 30.420960251], [72.898295307, 30.421644639], [72.898641757, 30.422360648], [72.899239301, 30.42271809], [72.90035829700001, 30.422738468], [72.901661394, 30.422760222], [72.904603105, 30.423235491], [72.905739636, 30.423452194], [72.906838676, 30.423122116], [72.907815209, 30.421375717], [72.908070974, 30.420920462], [72.908525544, 30.419961598], [72.90903089000001, 30.419761044], [72.909971581, 30.419390837], [72.911650812, 30.419481614], [72.91293353600001, 30.420402291], [72.914571733, 30.421577904], [72.916004041, 30.422208786], [72.916977324, 30.422605312], [72.91827095900001, 30.422966613], [72.919887829, 30.423419418], [72.921960076, 30.423999511], [72.92442431500001, 30.424850901], [72.925871414, 30.425348211], [72.926700014, 30.425339215], [72.927652125, 30.425328301], [72.929597388, 30.423889048], [72.930701113, 30.422872185], [72.93142010400001, 30.422768811], [72.93198688000001, 30.422741743], [72.93290772, 30.423323149], [72.93335634200001, 30.424243326], [72.934330486, 30.426249788], [72.934847026, 30.427764614], [72.935313299, 30.429131745], [72.935107504, 30.430347911], [72.934291432, 30.430882706], [72.93315362300001, 30.430956228], [72.932307202, 30.431011514], [72.931818232, 30.431239179], [72.930830661, 30.431699277], [72.930453422, 30.432308819], [72.930655587, 30.433265173], [72.931097678, 30.433850893], [72.931462325, 30.434301345], [72.932542059, 30.434821935], [72.935528035, 30.436261236], [72.936106161, 30.436456243], [72.93942569500001, 30.437346699], [72.941413158, 30.437584779], [72.94253813600001, 30.437700021], [72.943718985, 30.437329127], [72.943828451, 30.436406298], [72.943405495, 30.435038119], [72.9431035, 30.434063804], [72.94201670400001, 30.430580829], [72.941679827, 30.42890135], [72.940937825, 30.425219793], [72.940632453, 30.422440404], [72.94055271, 30.421185143], [72.940463362, 30.419779208], [72.941321173, 30.418542343], [72.942077389, 30.418014595], [72.94255909, 30.417678426], [72.94348260000001, 30.417605453], [72.945779883, 30.417418256], [72.947177767, 30.417412643], [72.948080995, 30.417409017], [72.948942842, 30.417846991], [72.949617745, 30.418189962], [72.950224508, 30.419647763], [72.949890364, 30.421657099], [72.949210506, 30.423328207], [72.948727918, 30.423891132], [72.94822847200001, 30.424471422], [72.94797758700001, 30.426159412], [72.948039156, 30.426687825], [72.948102373, 30.427230379], [72.948851124, 30.428410899], [72.950365882, 30.429617687], [72.951208081, 30.43003241], [72.951798753, 30.430320391], [72.952745679, 30.430529784], [72.954191503, 30.430849497], [72.956010554, 30.431999202], [72.956440019, 30.432400046], [72.958699457, 30.434492369], [72.96033398, 30.436002139], [72.961388571, 30.436241113], [72.96309570800001, 30.436305849], [72.964099685, 30.436353776], [72.96524032500001, 30.43657058], [72.966192025, 30.436752072], [72.966816921, 30.437212545], [72.967412372, 30.437651317], [72.967330413, 30.438832591], [72.966971236, 30.439401404], [72.966487044, 30.440168264], [72.965728216, 30.440389611], [72.964790789, 30.440663064], [72.963696726, 30.440772142], [72.962841581, 30.440859798], [72.962218102, 30.440927836], [72.961792283, 30.440973232], [72.961166894, 30.441027544], [72.958600146, 30.441240295], [72.957600768, 30.44132319], [72.956151422, 30.441443873], [72.955146079, 30.442220818], [72.954777082, 30.443938196], [72.95480246400001, 30.444364433], [72.954920419, 30.446389772], [72.95498262800001, 30.447670231], [72.955078224, 30.448745495], [72.955625863, 30.449616042], [72.956916022, 30.45166439], [72.957385234, 30.452344601], [72.957761784, 30.452890217], [72.958766326, 30.453729018], [72.959398098, 30.45425592], [72.960657393, 30.454684334], [72.96192085700001, 30.455059546], [72.963258431, 30.455068364], [72.963767242, 30.45464177], [72.963760017, 30.452781607], [72.962644968, 30.450542559], [72.962297711, 30.44985006], [72.962379735, 30.44866974], [72.96356101500001, 30.447418115], [72.965431892, 30.446868633], [72.96664989, 30.446509918], [72.96786744100001, 30.446148919], [72.97057294400001, 30.444269375], [72.97130589000001, 30.443493437], [72.972519409, 30.442208628], [72.973122799, 30.440726688], [72.975279359, 30.435419675], [72.97549926500001, 30.435009797], [72.97632451, 30.433465904], [72.977562395, 30.431150035], [72.978297894, 30.429774042], [72.978855672, 30.428732097], [72.97917868600001, 30.428134472], [72.979435073, 30.427738523], [72.981290293, 30.424892978], [72.981989005, 30.423820801], [72.983102082, 30.42309759], [72.983834985, 30.422621394], [72.984589322, 30.422131271], [72.985261218, 30.421921415], [72.98699199, 30.421380834], [72.987471276, 30.421231137], [72.98851393800001, 30.421046437], [72.989710601, 30.420836147], [72.991729878, 30.420481276], [72.993761636, 30.420411049], [72.994532121, 30.420308197], [72.995799722, 30.420130304], [72.996632731, 30.419309832], [72.996939996, 30.417292433], [72.99645999, 30.41691106], [72.995250138, 30.416434578], [72.994112282, 30.415600013], [72.993607517, 30.414671022], [72.993738144, 30.413600483], [72.994087785, 30.41307888], [72.994486156, 30.411537585], [72.99463654600001, 30.410924808], [72.99628012, 30.407118864], [72.996826318, 30.405900847], [72.998020259, 30.405135295], [72.999118281, 30.40446319], [73.00027949000001, 30.403753219], [73.001629171, 30.403645468], [73.002538006, 30.403580569], [73.003908073, 30.403409046], [73.007902437, 30.402095142], [73.008841181, 30.401787534], [73.010817117, 30.401725888], [73.011621491, 30.402207701], [73.012303115, 30.402660268], [73.013320407, 30.404230082], [73.012796534, 30.406668553], [73.011092583, 30.408096836], [73.009810583, 30.409172955], [73.008258206, 30.410503409], [73.007716666, 30.411659641], [73.00769940900001, 30.412679816], [73.007691844, 30.413127011], [73.007672533, 30.414268313], [73.007327956, 30.415918783], [73.007136623, 30.4168363], [73.006998085, 30.417498839], [73.007045214, 30.418177975], [73.007122936, 30.419298089], [73.007494957, 30.419592725], [73.007848064, 30.419871321], [73.010727697, 30.419967905], [73.012219416, 30.419138771], [73.012601332, 30.418922842], [73.013544079, 30.418351975], [73.01407974, 30.417875652], [73.018177212, 30.414275426], [73.01897284, 30.41366423], [73.02141043600001, 30.411821751], [73.022542598, 30.410967731], [73.02376129400001, 30.410429936], [73.027128751, 30.409023839], [73.028054859, 30.408680439], [73.028655807, 30.408629768], [73.031456544, 30.40839984], [73.032558738, 30.408369742], [73.033829314, 30.408868463], [73.03414457400001, 30.409197374], [73.034569403, 30.409640592], [73.035174649, 30.411864211], [73.034893437, 30.414241867], [73.034239681, 30.415310134], [73.032439406, 30.418280405], [73.032168821, 30.418716113], [73.031720282, 30.4194216], [73.031457129, 30.419834466], [73.029404647, 30.423037723], [73.02867466500001, 30.424175392], [73.02894803400001, 30.426091986], [73.030066109, 30.426814103], [73.030695861, 30.427222769], [73.031570227, 30.427792725], [73.032546056, 30.427827635], [73.034300889, 30.427890411], [73.035659196, 30.427751912], [73.036242083, 30.427692479], [73.037450985, 30.427569213], [73.039130595, 30.425700527], [73.039411762, 30.424346166], [73.039633783, 30.42327671], [73.040280666, 30.42016055], [73.040402006, 30.419576032], [73.04057968500001, 30.418723511], [73.041068608, 30.416733432], [73.041347759, 30.415590751], [73.042790233, 30.413530235], [73.043898497, 30.413207321], [73.045160019, 30.412840046], [73.046493159, 30.412455645], [73.04692409, 30.412364028], [73.048973106, 30.412281432], [73.049501711, 30.412260125], [73.050614682, 30.41155705], [73.052164836, 30.408157538], [73.052354214, 30.407742772], [73.05270203900001, 30.407488295], [73.05351429000001, 30.406913923], [73.05387059, 30.406661969], [73.054413265, 30.406720194], [73.05505296, 30.406789063], [73.056346687, 30.40755878], [73.056899932, 30.408019005], [73.057497563, 30.409802345], [73.057542601, 30.410399257], [73.05759715900001, 30.411129517], [73.05728550900001, 30.412623544], [73.057284858, 30.413102629], [73.05738936600001, 30.414548797], [73.057467258, 30.415618311], [73.057558355, 30.416757081], [73.058469801, 30.417545299], [73.05917315100001, 30.418153425], [73.060179063, 30.419022019], [73.061281073, 30.419002572], [73.062021688, 30.418971038], [73.063094899, 30.418334645], [73.064163461, 30.417701426], [73.064730471, 30.417656507], [73.066009707, 30.417601288], [73.066973882, 30.41784098], [73.068091121, 30.418118722], [73.06864531100001, 30.418630195], [73.07068055900001, 30.42046707], [73.071250553, 30.420982302], [73.072328338, 30.423151424], [73.07240633100001, 30.424219849], [73.072459725, 30.424951305], [73.072576368, 30.426503097], [73.072663848, 30.427667605], [73.072537744, 30.428456604], [73.072180796, 30.430370182], [73.07197515, 30.430973031], [73.071627882, 30.431991034], [73.071724833, 30.433303338], [73.071778726, 30.433812178], [73.07285547100001, 30.435120241], [73.074450246, 30.437056752], [73.074978582, 30.437701269], [73.076490497, 30.439230596], [73.07786314, 30.44062148], [73.078930066, 30.441700111], [73.078920967, 30.44307538], [73.078503458, 30.444227739], [73.076980305, 30.444681496], [73.076104685, 30.444816385], [73.07518003700001, 30.444958827], [73.074065986, 30.445409185], [73.07297752800001, 30.445849196], [73.072320929, 30.446053973], [73.071581576, 30.44628456], [73.070761327, 30.446540378], [73.070562081, 30.44694857], [73.070640262, 30.447940955], [73.070939854, 30.448869069], [73.071848016, 30.451682496], [73.073125947, 30.455508771], [73.073401646, 30.456083], [73.07450797700001, 30.458085649], [73.075301017, 30.459348986], [73.077538777, 30.460220189], [73.079351613, 30.460142044], [73.08045099200001, 30.459699777], [73.081731861, 30.458649428], [73.081621583, 30.457253262], [73.081559119, 30.456462405], [73.081276113, 30.455800945], [73.080792183, 30.454310784], [73.081091423, 30.453491646], [73.0828223, 30.452420614], [73.084234488, 30.45235942], [73.085014265, 30.452326188], [73.08686928600001, 30.451850337], [73.08839071700001, 30.450299372], [73.088967829, 30.449058654], [73.090400777, 30.445960625], [73.091647089, 30.443258212], [73.092508086, 30.442619682], [73.094186119, 30.442447657], [73.095339884, 30.442307377], [73.095922295, 30.442294373], [73.097514961, 30.443113099], [73.09873982, 30.443748246], [73.09963852, 30.44434906], [73.100431416, 30.444890843], [73.101344778, 30.446453454], [73.101773007, 30.447609432], [73.101847279, 30.449029649], [73.10048942, 30.450227858], [73.099353321, 30.451509917], [73.098592278, 30.453339336], [73.098655416, 30.454135377], [73.0999211, 30.45567163], [73.10155855, 30.456199823], [73.102419098, 30.456230522], [73.104068077, 30.456289348], [73.104379946, 30.456624958], [73.105313027, 30.457629081], [73.105620678, 30.458611186], [73.105282767, 30.460020943], [73.104280123, 30.46095871], [73.102711275, 30.461929781], [73.10219147, 30.461981884], [73.101394761, 30.462061682], [73.097074119, 30.462494738], [73.096210163, 30.462581426], [73.091371099, 30.46281787], [73.09046712, 30.462859841], [73.089162666, 30.463198968], [73.087232782, 30.464376079], [73.086731872, 30.465255466], [73.086419085, 30.465820179], [73.086458629, 30.466297759], [73.086596788, 30.46690756], [73.08724982800001, 30.467572558], [73.087956296, 30.467841961], [73.088660609, 30.46811054], [73.08992667000001, 30.468872916], [73.09082016100001, 30.469410944], [73.092531514, 30.469314378], [73.093479525, 30.469121073], [73.097329109, 30.468338075], [73.098968659, 30.468482951], [73.100502074, 30.468640829], [73.101099296, 30.468764419], [73.104692967, 30.469516235], [73.10561052, 30.46970843], [73.106392389, 30.469934984], [73.10793924100001, 30.470383955], [73.109127506, 30.470729244], [73.10954204100001, 30.470861026], [73.111475696, 30.47147761], [73.113020011, 30.471970045], [73.11630111800001, 30.473018268], [73.11670779, 30.473149336], [73.11798819, 30.473563607], [73.119429006, 30.473497067], [73.121926568, 30.473347888], [73.123229894, 30.473270041], [73.12561767000001, 30.472521103], [73.127630015, 30.471889921], [73.12855897700001, 30.471724951], [73.129737745, 30.47151562], [73.130236518, 30.471427045], [73.1316468, 30.471179961], [73.132871336, 30.471432608], [73.13504635800001, 30.471949882], [73.13599398, 30.472207655], [73.136595048, 30.472598777], [73.138369163, 30.473769211], [73.139311381, 30.474389975], [73.140151, 30.476139493], [73.140256909, 30.4775369], [73.139431879, 30.478358709], [73.13785815, 30.478432052], [73.137161274, 30.478464529], [73.135036563, 30.478562822], [73.134516452, 30.478542646], [73.132798264, 30.478420105], [73.129842347, 30.478209287], [73.128801464, 30.477903383], [73.1281721, 30.477718213], [73.127501229, 30.477520967], [73.125722346, 30.478000282], [73.124464356, 30.479210552], [73.12458895, 30.48063141], [73.12555254, 30.481369527], [73.125935594, 30.481663163], [73.126839183, 30.482339627], [73.129156003, 30.483584441], [73.130826146, 30.484211506], [73.131543021, 30.484478957], [73.132193355, 30.484576893], [73.13308982, 30.48471184], [73.13455095, 30.484931944], [73.135960755, 30.484675054], [73.137469286, 30.48440038], [73.13984725600001, 30.4835353], [73.141220054, 30.48303798], [73.142707544, 30.482832968], [73.146352325, 30.482325888], [73.14782884, 30.482130867], [73.14874996, 30.482083409], [73.149539542, 30.48204], [73.151120019, 30.481960037], [73.151580018, 30.481942218], [73.155117712, 30.481754166], [73.155560053, 30.481730653], [73.160406864, 30.481471556], [73.16248393, 30.481332752], [73.163936815, 30.482345918], [73.165649716, 30.483521228], [73.166403884, 30.483647151], [73.167310135, 30.483798468], [73.169352265, 30.48413584], [73.17041873, 30.484316407], [73.171280013, 30.484641639], [73.172523397, 30.485110169], [73.173816566, 30.48561835], [73.17552311300001, 30.486964906], [73.177919797, 30.490188477], [73.178760014, 30.491320041], [73.179229874, 30.491960286], [73.180995048, 30.49228934], [73.184555121, 30.492952879], [73.187216243, 30.493525177], [73.190257255, 30.494179574], [73.191560014, 30.494459916], [73.194143162, 30.494723214], [73.198148029, 30.494618484], [73.19871891648991, 30.494603072891728], [73.19871019676376, 30.49454706251467], [73.1987052100661, 30.494450281912577], [73.1987052100661, 30.48564626370835], [73.19870802669503, 30.48557348617139], [73.1987164597317, 30.485501144017864], [73.20185526111128, 30.465377673836773], [73.20185862508583, 30.46535754211315], [73.20342802577562, 30.456553523908923], [73.2034476517294, 30.456467159701425], [73.20657187254373, 30.44520028958247], [73.20970226456022, 30.425130733474592], [73.20971996308282, 30.425044164645193], [73.20974569798791, 30.424959635865562], [73.21288449936749, 30.416155617661335], [73.21291734965155, 30.416075365744877], [73.21295744315658, 30.415998476069937], [73.21300443987121, 30.41592560069637], [73.21305794124163, 30.415857357640892], [73.21311749355161, 30.41579432563605], [73.21318259177012, 30.41573703922226], [73.21624717637081, 30.41328108273714], [73.21928412089011, 30.40963037412947], [73.22073071888889, 30.407311768380648], [73.22226594638654, 30.399929785331807], [73.22228925985895, 30.399840085217125], [73.2223212783777, 30.39975311141057], [73.22236169176875, 30.39966970645632], [73.22241010853416, 30.3995906783259], [73.22246605964462, 30.399516792591086], [73.22252900308311, 30.39944876500756], [73.22259832909562, 30.399387254581136], [73.22267336609802, 30.399332857183765], [73.22275338718192, 30.399286099781126], [73.22283761715647, 30.39924743532772], [73.22597641853605, 30.3979897184414], [73.22606116115638, 30.397960362964493], [73.22614831211307, 30.39793920247126], [73.22623708086755, 30.397926428906647], [73.22632666220638, 30.397922158138524], [73.22946546358595, 30.397922158138524], [73.22956163917785, 30.39792708252042], [73.22965680885424, 30.39794180416123], [73.22974997722066, 30.397966169085024], [73.22984016981466, 30.39799992245526], [73.22992644329783, 30.398042711240187], [73.23000789532237, 30.398094087905232], [73.23008367396888, 30.398153515093856], [73.23015298665668, 30.398220371247827], [73.23481512988992, 30.40320202342375], [73.2389589264609, 30.406522859813517], [73.24440896447442, 30.403247116618065], [73.24735663144955, 30.396160340333363], [73.24735663144955, 30.393832931007125], [73.24736125388283, 30.393739743169444], [73.2473750758004, 30.393647470234217], [73.24739796150104, 30.39355701812154], [73.24742968629677, 30.393469274874978], [73.24746993871891, 30.39338510194291], [73.24751832357599, 30.393305325720974], [73.24757436583364, 30.39323072943864], [73.25049543282913, 30.38971931711081], [73.25049543282913, 30.387544346575535], [73.25050000111136, 30.387451704850882], [73.25051366163285, 30.387359962011917], [73.25053628184808, 30.387270008222604], [73.25056764227723, 30.38718271628808], [73.25370644365681, 30.37963641497017], [73.25374684648861, 30.379551504081316], [73.25379551658382, 30.379471046206024], [73.2538519685928, 30.37939584368914], [73.25677303558828, 30.37588443136131], [73.25677303558828, 30.373709460826035], [73.25677768989156, 30.373615953085125], [73.25679160679121, 30.373523369717002], [73.25681464871141, 30.373432625956543], [73.25684658787077, 30.373344618853142], [73.25688710853402, 30.373260218402915], [73.25693581013329, 30.37318025894833], [73.25699221122787, 30.3731055309303], [73.25705575426352, 30.373036773074247], [73.25712581108421, 30.372974665087444], [73.26007658451532, 30.370609916813695], [73.26155344710575, 30.36705924610699], [73.26159384993755, 30.366974335218135], [73.26164252003277, 30.366893877342843], [73.26169897204174, 30.366818674825957], [73.26483777342132, 30.363045524167003], [73.26490955276036, 30.3629684485842], [73.26498949054904, 30.362899871117662], [73.26507658672338, 30.362840649707742], [73.27108877620083, 30.35922702559693], [73.2724275415529, 30.35600836805255], [73.27093555241471, 30.348834292194763], [73.2694301059146, 30.34521490009758], [73.26633217902814, 30.340249546146836], [73.26629268586542, 30.3401798025837], [73.2662592667081, 30.34010695318821], [73.26623216367155, 30.34003152574023], [73.26466276298176, 30.335000658194957], [73.26463976501084, 30.33491196745708], [73.26307036432105, 30.327365666139173], [73.26305558282235, 30.327270307122237], [73.26305063834744, 30.327173936032263], [73.26305063834744, 30.317381859791606], [73.26005457626898, 30.312579774647837], [73.2600117534626, 30.312503456024373], [73.25997620063737, 30.31242349152193], [73.2599482248635, 30.312340571795016], [73.25992806776819, 30.31225541302247], [73.2599159034485, 30.31216875072178], [73.25991183696786, 30.312081333396446], [73.25991183696786, 30.28082643568489], [73.25850718382553, 30.27744937081924], [73.25555641039442, 30.275084622545492], [73.25547766728654, 30.275013894719763], [73.25540735911717, 30.27493477668331], [73.25534637419962, 30.274848268058292], [73.25377697350983, 30.272332834285656], [73.25373415070345, 30.272256515662193], [73.25369859787821, 30.27217655115975], [73.25367062210435, 30.272093631432835], [73.25365046500903, 30.27200847266029], [73.25363830068935, 30.2719218103596], [73.2536342342087, 30.271834393034265], [73.2536342342087, 30.26840170561267], [73.25077399154617, 30.264963410167432], [73.24770940694548, 30.26250745368231], [73.24763854677387, 30.262444557843448], [73.24757436583364, 30.262374859512207], [73.24443556445407, 30.258601708853252], [73.2443605693711, 30.258497948536156], [73.24279116868131, 30.25598251476352], [73.24274834587493, 30.255906196140057], [73.24271279304969, 30.255826231637613], [73.24268481727583, 30.2557433119107], [73.24266466018051, 30.255658153138153], [73.24265249586082, 30.255571490837465], [73.24264842938018, 30.25548407351213], [73.24264842938018, 30.25323829858938], [73.2413066589773, 30.25108771040084], [73.23829300280674, 30.24867256793281], [73.23822294598605, 30.248610459946008], [73.2381594029504, 30.248541702089955], [73.23810300185582, 30.248466974071924], [73.23805430025655, 30.24838701461734], [73.2380137795933, 30.248302614167113], [73.23798184043395, 30.248214607063712], [73.23795879851374, 30.248123863303253], [73.2379448816141, 30.24803127993513], [73.23794022731082, 30.24793777219422], [73.23794022731082, 30.239133753989993], [73.23794304393975, 30.239060976453032], [73.23795147697642, 30.238988634299506], [73.24736788111515, 30.178618223756235], [73.24739087104349, 30.178511727825114], [73.25051782644789, 30.167234995960488], [73.25207765607244, 30.158484669482696], [73.25991183696786, 30.108258201931147], [73.25991183696786, 30.10455804715395], [73.25991632467472, 30.10446622410251], [73.25992974501992, 30.104375276278876], [73.25995197008504, 30.10428607056847], [73.25998278802791, 30.104199457251447], [73.2600219051018, 30.104116261898096], [73.26006894845534, 30.104037277499785], [73.2601234696864, 30.10396325691041], [73.26018494911615, 30.10389490567043], [73.26025280074242, 30.103832875281892], [73.26032637782531, 30.103777756998518], [73.26040497905173, 30.10373007619007], [73.26046241197922, 30.10370250263675], [73.25888648, 30.101966785]], [[73.25585620658906, 30.31786891140859], [73.25533110763558, 30.316193348375855], [73.2561908978611, 30.316814060978036], [73.25585620658906, 30.31786891140859]], [[73.2519398050972, 30.100254624746057], [73.25193575226238, 30.10025271346719], [73.25193236375861, 30.100248969935432], [73.2519398050972, 30.100254624746057]], [[73.24906279937596, 30.313006520485096], [73.24603093660781, 30.312965670112995], [73.24439671934212, 30.31188365175354], [73.24906279937596, 30.313006520485096]], [[73.2262459656666, 30.20389343762768], [73.22792732537364, 30.203884102230152], [73.22749624909558, 30.204154009721172], [73.2262459656666, 30.20389343762768]], [[73.20506808075733, 30.229059590450657], [73.20731370888377, 30.22673425908905], [73.20707772084612, 30.227363469267257], [73.20506808075733, 30.229059590450657]], [[73.20301050749258, 30.276765731209856], [73.2041309302252, 30.27190247107068], [73.20661169169085, 30.269730901650306], [73.20301050749258, 30.276765731209856]], [[73.19442104974236, 30.311616087850137], [73.19285614189194, 30.30885156244958], [73.19317964740324, 30.307917362726066], [73.19442104974236, 30.311616087850137]], [[73.1119197207267, 30.444758925337496], [73.11431499845638, 30.444937431135948], [73.11457114204059, 30.445101023512912], [73.1119197207267, 30.444758925337496]]], [[[73.205657103, 30.499839392], [73.20641211200001, 30.502215828], [73.20655221351504, 30.50278227292445], [73.20655221351504, 30.501008525194056], [73.20548682491633, 30.499300921470176], [73.205657103, 30.499839392]]], [[[73.197299295, 30.503716091], [73.196492475, 30.503460879], [73.19605467800001, 30.503417047], [73.19484535, 30.503295971], [73.193929032, 30.503204231], [73.193280085, 30.503139259], [73.191067622, 30.50359354], [73.189967373, 30.5046776], [73.188872136, 30.50592336], [73.188696495, 30.506714766], [73.18845001400001, 30.508440049], [73.188488656, 30.509268052], [73.188549176, 30.510564824], [73.188589796, 30.511439947], [73.188852743, 30.513504923], [73.18893185200001, 30.514116219], [73.188990927, 30.514853341], [73.188947933, 30.515714552], [73.18887146, 30.517350101], [73.188082463, 30.518824739], [73.186751105, 30.519912274], [73.18562664400001, 30.520299398], [73.184337581, 30.520497338], [73.18360069500001, 30.520600659], [73.181329027, 30.520801668], [73.180810022, 30.522120298], [73.18109066400001, 30.523158522], [73.18237401, 30.524248862], [73.18439779500001, 30.525591415], [73.185559936, 30.526083525], [73.18631301900001, 30.526373974], [73.187173408, 30.52658817], [73.188170704, 30.52683131], [73.189062021, 30.526832263], [73.18977796300001, 30.52634718], [73.190240753, 30.5260311], [73.191557362, 30.524346306], [73.191955322, 30.523729166], [73.192215602, 30.52332534], [73.192489756, 30.522899772], [73.193528621, 30.522278936], [73.19486833311288, 30.52184858386145], [73.19458840474027, 30.521736416636255], [73.19450360966123, 30.52169745804671], [73.19442308701304, 30.52165029789131], [73.19434762759295, 30.52159539932076], [73.19427797247323, 30.521533301483228], [73.19421480572325, 30.52146461422949], [73.19415874769136, 30.52139001212369], [73.19411034891259, 30.52131022781858], [73.1940700847019, 30.52122604486029], [73.19403835048628, 30.521138289993257], [73.19401545792127, 30.52104782504095], [73.1940016318303, 30.520955538442042], [73.19399700799673, 30.52086233652526], [73.19399700799673, 30.515831468979986], [73.19400083308547, 30.51574668050795], [73.19401227727549, 30.515662580883642], [73.19403124759067, 30.51557985335838], [73.19717004897025, 30.504260401381515], [73.19719932951706, 30.50417202956957], [73.19723719325911, 30.504086980968136], [73.19728327009689, 30.50400608688561], [73.19733710965188, 30.503930138021992], [73.19739818566886, 30.5038598767402], [73.19746590115966, 30.50379598980982], [73.1974908930994, 30.50377669702987], [73.197299295, 30.503716091]]], [[[73.20891173385083, 30.520932760076235], [73.20827074679532, 30.521446446764962], [73.20772686357084, 30.52275404995402], [73.20891173385083, 30.520932760076235]]], [[[73.216677808, 30.524312186], [73.216242746, 30.524775207], [73.215919755, 30.525118957], [73.214920027, 30.526568687], [73.213727416, 30.529057189], [73.21370977852366, 30.529244010199275], [73.21700214948942, 30.52396700148304], [73.216677808, 30.524312186]]], [[[73.22228782508958, 30.531670279913033], [73.22209834344774, 30.531746205157027], [73.2214452069185, 30.532269628427606], [73.22228782508958, 30.531670279913033]]], [[[73.22556082903972, 30.53060799514336], [73.2249388993789, 30.53060799514336], [73.22439308068962, 30.53082670454843], [73.22556082903972, 30.53060799514336]]], [[[73.227531955, 30.530678151], [73.228471987, 30.530847492], [73.229391514, 30.530850704], [73.23016557383092, 30.53060799514336], [73.22714357622645, 30.53060799514336], [73.227531955, 30.530678151]]], [[[73.235754033, 30.532581946], [73.23575270426632, 30.532584369659077], [73.23637082662103, 30.53184132526476], [73.23637082662103, 30.53143680239044], [73.235754033, 30.532581946]]], [[[73.234299358, 30.534209107], [73.23402418, 30.534599802], [73.2336717926293, 30.53508583189417], [73.23489767382394, 30.53361220107846], [73.234299358, 30.534209107]]], [[[73.230239913, 30.537912728], [73.23006590300001, 30.538339486], [73.22979863, 30.539018381], [73.23009322386187, 30.540272727618657], [73.23009322386187, 30.538470372933713], [73.23009787816515, 30.538376865192802], [73.2301117950648, 30.53828428182468], [73.230134836985, 30.53819353806422], [73.23016677614436, 30.53810553096082], [73.2302072968076, 30.538021130510593], [73.23025599840688, 30.53794117105601], [73.23031239950146, 30.537866443037977], [73.23034143948313, 30.537835019816548], [73.230239913, 30.537912728]]], [[[73.242352556, 30.53959925], [73.242649686, 30.538957244], [73.24342942573108, 30.53729039100227], [73.24279756197068, 30.537796766287098], [73.24179711399741, 30.54020204172386], [73.242352556, 30.53959925]]], [[[73.249993072, 30.534391835], [73.25058124600001, 30.534629297], [73.25144666300001, 30.53497879], [73.251880607, 30.535124802], [73.252988647, 30.535472594], [73.25370926, 30.535609919], [73.254801317, 30.535818027], [73.255349114, 30.535922418], [73.255862252, 30.535940761], [73.256378768, 30.535959807], [73.257161475, 30.535986559], [73.25997358, 30.535432655], [73.263783269, 30.53462684], [73.26439593100001, 30.534498107], [73.265257231, 30.534488309], [73.26621698400001, 30.534484674], [73.267221518, 30.53448081], [73.268107537, 30.534762501], [73.27228237, 30.536091338], [73.276131746, 30.53560671], [73.27717263467706, 30.53539177076197], [73.2670840334915, 30.534381145802314], [73.24996673845914, 30.534381145802314], [73.249993072, 30.534391835]]], [[[73.28493217, 30.531409506], [73.28491974646113, 30.530855443356238], [73.28440784532911, 30.53208615524912], [73.28493217, 30.531409506]]], [[[73.28102503546005, 30.523511608686235], [73.28092812612552, 30.52358927177589], [73.28101234261398, 30.523724253874896], [73.28102503546005, 30.523511608686235]]], [[[73.288607505, 30.518591902], [73.289296015, 30.518245609], [73.2895969453953, 30.518195877218943], [73.28921867051302, 30.518094827455126], [73.28491522276842, 30.52039401462595], [73.28467507576379, 30.52058646830899], [73.288607505, 30.518591902]]], [[[73.292352727, 30.523264528], [73.291188691, 30.525282359], [73.29104847062169, 30.52602645704739], [73.29286925145342, 30.523108111448007], [73.29286925145342, 30.5223617764556], [73.292352727, 30.523264528]]], [[[73.298993196, 30.538185161], [73.30027886500001, 30.539321866], [73.30158047, 30.539836577], [73.30186127940964, 30.539948139456563], [73.29828110372577, 30.537557180366854], [73.298993196, 30.538185161]]], [[[73.304584028, 30.540921957], [73.3041689364199, 30.538005889833073], [73.3041689364199, 30.53972808982003], [73.30416440316682, 30.53982037653746], [73.30415084705567, 30.539911774679933], [73.30412839861029, 30.540001404228065], [73.30409727397368, 30.540088402191223], [73.30405777282682, 30.540171930916785], [73.30401027550319, 30.540251186155384], [73.30395523932681, 30.540325404804573], [73.30389319420892, 30.54039387225628], [73.30382473754575, 30.54045592927736], [73.30375052846658, 30.540510978356966], [73.30367128148733, 30.540558489459627], [73.30359601355588, 30.540594100050615], [73.304584028, 30.540921957]]], [[[73.305544174, 30.53039019], [73.30602817026632, 30.529886164232327], [73.30551070682279, 30.530300859163468], [73.30528951220992, 30.530655389655994], [73.305544174, 30.53039019]]], [[[73.30955806, 30.527431535], [73.311169389, 30.526617416], [73.311712295, 30.526316582], [73.313606644, 30.525388044], [73.31459336200001, 30.524903039], [73.31497945169588, 30.524713974810183], [73.31304187999721, 30.52549035927965], [73.30845623311525, 30.52794031594386], [73.30777525937314, 30.528486047942174], [73.30955806, 30.527431535]]], [[[73.31917228079179, 30.52306169382545], [73.31910294076623, 30.52306169382545], [73.31887300874526, 30.52315382752571], [73.31917228079179, 30.52306169382545]]], [[[73.324842355, 30.511381587], [73.324515514, 30.510749451], [73.323615096, 30.509013784], [73.32300174469736, 30.507820489095277], [73.32300174469736, 30.50804919486809], [73.32496599569437, 30.51172221086879], [73.324842355, 30.511381587]]], [[[73.32179392421892, 30.50341661156779], [73.32173254406003, 30.5034658015948], [73.32176489800584, 30.503517658465064], [73.32179392421892, 30.50341661156779]]], [[[73.331904656, 30.50298793], [73.332100132, 30.504760074], [73.33356650764095, 30.50682739836358], [73.33218300208635, 30.502392435872068], [73.33176575322562, 30.50172366983757], [73.331904656, 30.50298793]]], [[[73.33921301235738, 30.508145608297315], [73.33899275128465, 30.507969091189633], [73.33835029835726, 30.507969091189633], [73.33921301235738, 30.508145608297315]]], [[[73.34145526, 30.518443092], [73.34152067283688, 30.518524859951484], [73.34152067283688, 30.51831896735875], [73.34145526, 30.518443092]]], [[[73.345250144, 30.520554927], [73.345709197, 30.520593903], [73.34680521300001, 30.52068626], [73.34795074178945, 30.520931678837233], [73.3469888774578, 30.520546260052814], [73.34522016139653, 30.520546260052814], [73.345250144, 30.520554927]]], [[[73.354490902, 30.523580162], [73.35455902552646, 30.523579616390624], [73.35433851963461, 30.523491259737824], [73.354490902, 30.523580162]]], [[[73.36075112176873, 30.5187318587608], [73.3606673612523, 30.518798984394557], [73.3606673612523, 30.518881958989972], [73.36075112176873, 30.5187318587608]]], [[[73.367447839, 30.517024007], [73.36763070126727, 30.517084643474874], [73.36724196370085, 30.51677310939386], [73.36666056526747, 30.51677310939386], [73.367447839, 30.517024007]]], [[[73.371741482, 30.519349329], [73.373883261, 30.519395069], [73.37401359595763, 30.519273481207257], [73.37394262394712, 30.519284008910525], [73.37385032704653, 30.519288543166496], [73.37165453983594, 30.519288543166496], [73.371741482, 30.519349329]]], [[[73.375292795, 30.518080133], [73.374939493, 30.51601796], [73.3747919674604, 30.51587085253662], [73.3747919674604, 30.518346902752622], [73.37478743320443, 30.51843919965321], [73.37477387410388, 30.518530607684188], [73.37476288482843, 30.518574479331036], [73.375292795, 30.518080133]]], [[[73.390585771, 30.519601229], [73.391040105, 30.521696416], [73.391188234, 30.522340457], [73.39136877300001, 30.523125405], [73.39145897600001, 30.523715806], [73.39153722757447, 30.524693227804768], [73.39174149491012, 30.524365828334325], [73.39174149491012, 30.51799879483613], [73.390585771, 30.519601229]]], [[[73.389910025, 30.527415038], [73.389228215, 30.528636652], [73.3893307, 30.53034172], [73.39017209422033, 30.53069514505001], [73.39017209422033, 30.52715092095685], [73.39017616070097, 30.527063503631513], [73.39018832502066, 30.526976841330825], [73.39020649237497, 30.526900088724936], [73.389910025, 30.527415038]]], [[[73.40379218432635, 30.53073016129496], [73.40354836371759, 30.530632462441233], [73.40348512471571, 30.530640909058366], [73.40379218432635, 30.53073016129496]]], [[[73.414766762, 30.544565426], [73.4147858150621, 30.54456818288343], [73.41447310711872, 30.54444288089286], [73.41436040570474, 30.54444288089286], [73.414766762, 30.544565426]]], [[[73.417641638, 30.551588574], [73.415764283, 30.553033321], [73.41508733, 30.55355044], [73.41431064400001, 30.555788232], [73.41566613900001, 30.559116667], [73.416165768, 30.559715584], [73.416648866, 30.560293652], [73.41685190594674, 30.56063912853953], [73.41685190594674, 30.56012121885101], [73.41542524455808, 30.557834567479876], [73.41537861232318, 30.55775056564151], [73.41534078253477, 30.557662249271065], [73.4153121490208, 30.55757053778837], [73.41529300987123, 30.557476385958147], [73.41528356433464, 30.557380773950435], [73.41528391074405, 30.557284697136478], [73.41529404549313, 30.55718915572639], [73.41531386307382, 30.557095144356463], [73.41534315717472, 30.557003641734465], [73.41538162282882, 30.55691560045077], [73.41835644299836, 30.550955552157607], [73.417641638, 30.551588574]]], [[[73.431149951, 30.57201453], [73.43161980098364, 30.572138624948558], [73.43148381397614, 30.57202964503236], [73.43060610057148, 30.571795178678933], [73.431149951, 30.57201453]]], [[[73.43550524620991, 30.575375999867358], [73.43553608754803, 30.575277134938847], [73.43529029852188, 30.575080159742726], [73.43550524620991, 30.575375999867358]]], [[[73.43270121342194, 30.579033389768338], [73.4343643077571, 30.579033389768338], [73.4344349122738, 30.578807060078322], [73.43270121342194, 30.579033389768338]]], [[[73.430887763, 30.578896855], [73.429939644, 30.578708391], [73.427721261, 30.578999167], [73.42783771077526, 30.58037267956539], [73.42783771077526, 30.57997503018221], [73.42784224503123, 30.579882733281625], [73.42785580413178, 30.579791325250646], [73.42787825749535, 30.57970168639858], [73.42790938888378, 30.579614679996578], [73.42794889848477, 30.579531143963848], [73.42799640579928, 30.579451882798054], [73.4280514533059, 30.579377659827554], [73.42811351086705, 30.579309189860123], [73.42818198083448, 30.579247132298978], [73.42825620380498, 30.57919208479236], [73.42833546497077, 30.579144577477848], [73.4284190010035, 30.57910506787685], [73.4285060074055, 30.57907393648842], [73.42859564625756, 30.57905148312485], [73.42868705428855, 30.57903792402431], [73.42877935118914, 30.579033389768338], [73.43157446572259, 30.579033389768338], [73.430887763, 30.578896855]]], [[[73.441182774, 30.59359291], [73.442238599, 30.593689572], [73.44248128767562, 30.593493839459267], [73.44082444515571, 30.593493839459267], [73.441182774, 30.59359291]]], [[[73.44799618, 30.588187509], [73.447821307, 30.589152533], [73.448771269, 30.590889295], [73.451043632, 30.591712724], [73.45137183794293, 30.591626671132197], [73.44851847845956, 30.588196649951197], [73.44797601111047, 30.587761916903315], [73.44799618, 30.588187509]]], [[[73.45179277000001, 30.599277019], [73.45060584532877, 30.60026580097513], [73.45185978678242, 30.59926089295452], [73.45179277000001, 30.599277019]]], [[[73.453616269, 30.603722423], [73.45527304, 30.604476678], [73.45582530178365, 30.604715633902355], [73.4534915823733, 30.603468806231376], [73.4521677739958, 30.60293835656308], [73.453616269, 30.603722423]]], [[[73.474929868, 30.614989818], [73.476180465, 30.615191103], [73.47739205900001, 30.615159953], [73.478249306, 30.614922712], [73.47877252, 30.614539182], [73.47869025300001, 30.613951125], [73.47837264600001, 30.613666751], [73.47831620426153, 30.6136162155412], [73.47832968874057, 30.613652964301984], [73.47835292532073, 30.613742805478644], [73.47836720608368, 30.6138344975475], [73.47837239233664, 30.613927150008134], [73.47836843371145, 30.614019863032937], [73.47835536865372, 30.614111736206105], [73.47833332404947, 30.614201877268364], [73.47830251399276, 30.61428941078244], [73.47826323770651, 30.61437348663522], [73.47821587663648, 30.614453288293888], [73.47816089074668, 30.614528040736012], [73.4780988140523, 30.614597017976436], [73.47803024943343, 30.61465955011794], [73.47795586277996, 30.614715029857198], [73.47787637652459, 30.614762918382823], [73.47779256262656, 30.614802750608217], [73.47770523507464, 30.61483413968843], [73.47761524198167, 30.614856780777153], [73.47752345734786, 30.61487045398733], [73.47743077257259, 30.614875026526676], [73.47455877041834, 30.614875026526676], [73.474929868, 30.614989818]]], [[[73.476032132, 30.612252176], [73.47536747, 30.611961495], [73.47467091148067, 30.611658784611897], [73.47486345369678, 30.611890239457797], [73.4769235237752, 30.61271570899578], [73.476032132, 30.612252176]]], [[[73.47550060576472, 30.60703887771929], [73.47472630978558, 30.607245717849267], [73.47465509615144, 30.607302788418167], [73.47550060576472, 30.60703887771929]]], [[[73.480702578, 30.604819132], [73.481680921, 30.604109362], [73.482183733, 30.603264633], [73.482076581, 30.602493424], [73.481922397, 30.602075039], [73.481736439, 30.601576481], [73.481374228, 30.600946807], [73.48104701, 30.600373257], [73.480907131811, 30.599797401664134], [73.47995078964753, 30.605162286407346], [73.480702578, 30.604819132]]], [[[73.47355475, 30.579131821], [73.473714505, 30.577296478], [73.47297284400001, 30.575060972], [73.472450139, 30.573548702], [73.472372885, 30.572816979], [73.47226590800001, 30.571803735], [73.472207317, 30.571251419], [73.4720948102273, 30.570605996705357], [73.4720948102273, 30.573589565952915], [73.47346489692067, 30.580177486480217], [73.47355475, 30.579131821]]], [[[73.46987958000001, 30.563861898], [73.468946725, 30.56100326], [73.468512079, 30.559674761], [73.468147242, 30.558304786], [73.467912518, 30.557412798], [73.46757065293033, 30.556073652553263], [73.46740661468239, 30.557256794042928], [73.46889072405747, 30.56201425192946], [73.46992458727158, 30.56408559551779], [73.46987958000001, 30.563861898]]], [[[73.47253410405536, 30.545814632226957], [73.47250540120694, 30.54579162977935], [73.47247468494403, 30.54579983511166], [73.47253410405536, 30.545814632226957]]], [[[73.475682846, 30.548874983], [73.475883642, 30.549358867], [73.47676011300001, 30.550501139], [73.477534642, 30.550913545], [73.477766747147, 30.551037249672973], [73.4755110126073, 30.548325632964655], [73.475682846, 30.548874983]]], [[[73.489130454, 30.538745744], [73.48917226774783, 30.538715000252495], [73.48900736236683, 30.538803103642817], [73.489130454, 30.538745744]]], [[[73.49695499452065, 30.533123428915996], [73.4951026166588, 30.533123428915996], [73.49506303565973, 30.53316572250508], [73.49695499452065, 30.533123428915996]]], [[[73.503680658, 30.531348087], [73.50388299561894, 30.531055455951552], [73.50315328108455, 30.53164024879513], [73.503680658, 30.531348087]]], [[[73.508199921, 30.521671022], [73.511649992, 30.522112876], [73.512932459, 30.521579369], [73.513311516, 30.52137094], [73.51400034089151, 30.52070101778197], [73.5070528764351, 30.52162896684142], [73.508199921, 30.521671022]]], [[[73.543231272, 30.513075552], [73.547232399, 30.513322921], [73.54767167304014, 30.513350136830656], [73.54636079834887, 30.512999958734905], [73.54200857275364, 30.512999958734905], [73.543231272, 30.513075552]]], [[[73.555703534, 30.516661163], [73.555619153, 30.517612201], [73.55654073, 30.518762208], [73.5566363249133, 30.518783408519628], [73.55660077678606, 30.518708533040076], [73.55568034159654, 30.516495624211615], [73.555703534, 30.516661163]]], [[[73.558334771, 30.519158808], [73.55875896900001, 30.519168711], [73.560422418, 30.519207565], [73.56095254, 30.519160403], [73.56143783, 30.519117335], [73.562170917, 30.519052166], [73.563404155, 30.518557799], [73.56362817767396, 30.518073507523308], [73.5582757640992, 30.519145862878336], [73.558334771, 30.519158808]]], [[[73.59307848600001, 30.508644036], [73.593004772, 30.508086297], [73.59293866334104, 30.50757224313158], [73.59293866334104, 30.508967496314238], [73.59307848600001, 30.508644036]]], [[[73.590341445, 30.5031618], [73.590615352, 30.500830242], [73.590814523, 30.500243668], [73.591047018, 30.49955779], [73.59162564, 30.498705302], [73.59197332358988, 30.49819142009536], [73.59124089696348, 30.49877838640805], [73.58994848863765, 30.502921327814896], [73.59041676068009, 30.503296600783106], [73.590341445, 30.5031618]]], [[[73.618067542, 30.495323391], [73.619330691, 30.495462187], [73.620225046, 30.49538172], [73.621909618, 30.495230155], [73.62264055, 30.49516244], [73.62408347600001, 30.495024471], [73.62616606200001, 30.494566248], [73.627362504, 30.493942171], [73.627583451, 30.493507702], [73.62745116833916, 30.493035519118973], [73.6274585056418, 30.49307818294689], [73.62746519155299, 30.49316931958881], [73.62746301203745, 30.49326067515033], [73.62745198762133, 30.493351389268078], [73.62743222212976, 30.493440607619622], [73.62740390170909, 30.493527489969278], [73.62736729307382, 30.493611218081245], [73.62732274099474, 30.493691003425507], [73.62727066505198, 30.49376609460405], [73.62721155568349, 30.493835784427304], [73.6271459695662, 30.49389941657428], [73.62707452437347, 30.493956391773654], [73.62699789295787, 30.494006173447527], [73.62691679701456, 30.49404829276479], [73.62683200028442, 30.49408235305646], [73.62674430136147, 30.494108033551388], [73.62665452617175, 30.494125092397226], [73.62656352019513, 30.494133368938115], [73.61253151788577, 30.49472522363607], [73.618067542, 30.495323391]]], [[[73.62732878700001, 30.492598679], [73.62715849315886, 30.492498193559967], [73.62717896999793, 30.4925161857919], [73.62724144701598, 30.49258287320544], [73.6272971657763, 30.49265530254105], [73.62734560153382, 30.492732791677724], [73.62738629813293, 30.492814610842533], [73.62739752269076, 30.49284403100818], [73.62732878700001, 30.492598679]]], [[[73.625939215, 30.491778733], [73.625305881, 30.491584933], [73.62418178524472, 30.491239682405347], [73.62681131739969, 30.492293335247464], [73.625939215, 30.491778733]]], [[[73.618316709, 30.487688646], [73.61804907437767, 30.487139598845644], [73.61804907437767, 30.48770961583905], [73.61854868279926, 30.488110001765012], [73.618316709, 30.487688646]]], [[[73.61807285280553, 30.483563855558085], [73.61804907437767, 30.48358291157765], [73.61804907437767, 30.48362340173512], [73.61807285280553, 30.483563855558085]]], [[[73.624987745, 30.479267132], [73.62606086400001, 30.479142511], [73.626808529, 30.479056147], [73.6269630484142, 30.479041602804315], [73.62513607527505, 30.479041602804315], [73.6244038892177, 30.479334989564702], [73.624987745, 30.479267132]]], [[[73.637013097, 30.475358489], [73.636969843, 30.474305293], [73.63688188265513, 30.47415560499423], [73.63688188265513, 30.47599598290902], [73.637013097, 30.475358489]]], [[[73.62726772500001, 30.46439047], [73.62701938100001, 30.46399269], [73.626044631, 30.46245413], [73.625782861, 30.462040946], [73.625607251, 30.461625866], [73.624681169, 30.459436933], [73.624436657, 30.458436703], [73.62432667713682, 30.457896778810422], [73.62432667713682, 30.45904618464927], [73.62579421301861, 30.46257443209776], [73.6272378482295, 30.464888289093278], [73.62798910019659, 30.46549034202408], [73.62726772500001, 30.46439047]]], [[[73.6243430515127, 30.455704472454205], [73.62432667713682, 30.455730717286603], [73.62432667713682, 30.455888585494357], [73.6243430515127, 30.455704472454205]]], [[[73.6285391364939, 30.451371831305316], [73.62842399937884, 30.451371831305316], [73.62837704301764, 30.451409462108458], [73.6285391364939, 30.451371831305316]]], [[[73.632508694, 30.450111248], [73.63272532, 30.44919416], [73.63217368058577, 30.448186941862733], [73.63217368058577, 30.45040490211724], [73.632508694, 30.450111248]]], [[[73.616294188, 30.434648441], [73.615297436, 30.434158937], [73.612609941, 30.434018548], [73.61174572309466, 30.43439594784175], [73.615538033274, 30.43439594784175], [73.61563029448259, 30.43440047858305], [73.61572166785402, 30.434414027207257], [73.6158112740949, 30.43443646333485], [73.61589825091704, 30.43446757106115], [73.61598176133539, 30.43450705103395], [73.61632938625351, 30.434692775318158], [73.616294188, 30.434648441]]], [[[73.597710166, 30.432512517], [73.59764686541041, 30.43193011441376], [73.59764686541041, 30.4325524956331], [73.5982932898515, 30.433588584046433], [73.597710166, 30.432512517]]], [[[73.598103172, 30.425730785], [73.59808203, 30.424788248], [73.598190439, 30.423050528], [73.598211549, 30.422401628], [73.598138305, 30.42164132], [73.597971638, 30.420041775], [73.59764686541041, 30.419478045536998], [73.59764686541041, 30.427570939769065], [73.598103172, 30.425730785]]], [[[73.58077805100001, 30.398776175], [73.58088089636328, 30.398336163433406], [73.58055170029034, 30.398863798552398], [73.5808553107538, 30.399350425083448], [73.58077805100001, 30.398776175]]], [[[73.58455355337364, 30.394774571421], [73.58448078006475, 30.394774571421], [73.58445010923033, 30.39479915101155], [73.58455355337364, 30.394774571421]]], [[[73.592848964, 30.394826108], [73.595694142, 30.395465797], [73.5978796502235, 30.39598082653926], [73.59784028709376, 30.395949280947818], [73.59344281904254, 30.394774571421], [73.59260710770896, 30.394774571421], [73.592848964, 30.394826108]]], [[[73.601845847, 30.400276641], [73.601639153, 30.401280758], [73.601530996, 30.401791349], [73.601544881, 30.403215429], [73.601552446, 30.404068954], [73.60183368, 30.404762935], [73.602067966, 30.405341069], [73.60360019252758, 30.406456993959242], [73.6021298327318, 30.399386920563177], [73.60169490646199, 30.39903837087959], [73.601845847, 30.400276641]]], [[[73.606679117, 30.407359921], [73.60674507849107, 30.40735174028418], [73.60664323192191, 30.40735174028418], [73.606679117, 30.407359921]]], [[[73.619850302, 30.404928152], [73.622816015, 30.40548079], [73.62367649, 30.405632587], [73.62420204, 30.405613452], [73.624639492, 30.405592985], [73.62483963498894, 30.405584554628426], [73.62017125085758, 30.404836306511545], [73.61935738824009, 30.404836306511545], [73.619850302, 30.404928152]]], [[[73.638622996, 30.385348701], [73.63863770528955, 30.385331595996583], [73.6386023296782, 30.385359945992878], [73.638622996, 30.385348701]]], [[[73.641330511, 30.374542575], [73.641596875, 30.373914295], [73.641812601, 30.373407747], [73.642099639, 30.37169883], [73.642217845, 30.371017525], [73.642102113, 30.370017399], [73.641340137, 30.369065134], [73.640907024, 30.368869514], [73.6399930768997, 30.36845492184706], [73.6400094343691, 30.368533473590276], [73.6411767064397, 30.376017083371586], [73.641330511, 30.374542575]]], [[[73.62609165100001, 30.364363944], [73.626079559, 30.363319609], [73.626053029, 30.360529291], [73.626040384, 30.359398723], [73.626169966, 30.357287442], [73.626463181, 30.352451159], [73.626889768, 30.345415045], [73.626942798, 30.344539808], [73.627075364, 30.342351849], [73.627154605, 30.341042207], [73.627211202, 30.338923901], [73.627256412, 30.337231809], [73.627542712, 30.326516349], [73.627578939, 30.325149159], [73.627454936, 30.323821932], [73.62725831865176, 30.32178167116915], [73.62589607782661, 30.35234924540586], [73.62589607782661, 30.364453360979873], [73.62623102911647, 30.364721790767177], [73.62609165100001, 30.364363944]]], [[[73.62492862900001, 30.309254267], [73.6244526693313, 30.306011395538825], [73.62433554659255, 30.308170223865574], [73.62507550930628, 30.310245743917474], [73.62492862900001, 30.309254267]]]]}}]}