{"type": "FeatureCollection", "features": [{"type": "Feature", "properties": {"na": "NA-141", "src": "sheet-split: sahiwal_na141_142.jpg, outline-fit", "approx": false, "rms_km": 0.726}, "geometry": {"type": "MultiPolygon", "coordinates": [[[[73.23402418, 30.534599802], [73.234299358, 30.534209107], [73.234949488, 30.533560509], [73.235541159, 30.532970236], [73.235754033, 30.532581946], [73.23645999, 30.531271261], [73.236933167, 30.529370363], [73.236768099, 30.528005881], [73.23506076800001, 30.526227985], [73.233107126, 30.525953841], [73.23234824100001, 30.526362705], [73.231548129, 30.528288584], [73.231049243, 30.529679195], [73.230609701, 30.530188927], [73.23027901600001, 30.530572425], [73.229391514, 30.530850704], [73.22907888988127, 30.53084961197261], [73.22907888988127, 30.534825177601306], [73.2290838809982, 30.534931428301523], [73.22909881039159, 30.535036743237587], [73.22912354657626, 30.535140194886743], [73.22915787169732, 30.535240872136455], [73.22920148344882, 30.535337888308696], [73.22925399773624, 30.535430388969033], [73.23063210537921, 30.537612544674285], [73.231554583, 30.536906482], [73.23334173900001, 30.535541058], [73.23402418, 30.534599802]]], [[[73.24230219218951, 30.552631391666683], [73.24230219218951, 30.55426793414274], [73.24230781217543, 30.554380664312184], [73.24232461640086, 30.554492276557713], [73.24235243822145, 30.55460166404166], [73.24239100173342, 30.55470774198889], [73.24428004492032, 30.55919453195999], [73.24431978509749, 30.559279012335114], [73.24436634323138, 30.559359935481567], [73.24560126704979, 30.56131536767849], [73.24456904401377, 30.55968090073491], [73.24456904401377, 30.561860189993016], [73.24101750978907, 30.56373474135343], [73.24092356146417, 30.563790269393753], [73.24083538891318, 30.56385457532089], [73.2407538095578, 30.56392706297356], [73.24067957969616, 30.564007060340113], [73.23729294345192, 30.568028970914174], [73.23705989231935, 30.568090474800936], [73.21698901348515, 30.568090474800936], [73.21687729868006, 30.568095993757414], [73.21676667181403, 30.568112496880264], [73.21665821023112, 30.56813982345318], [73.21655297018874, 30.568177707355247], [73.21645197657121, 30.568225779652597], [73.21635621290885, 30.568283572191262], [73.21626661179985, 30.56835052215633], [73.21618404582817, 30.568425977552916], [73.21610931906575, 30.568509203555674], [73.21604315924215, 30.568599389664886], [73.21598621065739, 30.568695657599577], [73.21593902790754, 30.56879706985066], [73.21590207048364, 30.568902638810936], [73.21587569829703, 30.569011336392915], [73.21586016817429, 30.56912210404091], [73.21585563135615, 30.569233863039816], [73.21586213202455, 30.569345525020207], [73.21587960687253, 30.569456002557487], [73.21590788572055, 30.569564219761798], [73.21594669317396, 30.56966912275563], [73.21599565130482, 30.56976968993704], [73.21605428333247, 30.569864941928568], [73.21612201826656, 30.569953951114933], [73.21985017414994, 30.574381444500023], [73.22169782498867, 30.577307095365967], [73.22177190574314, 30.577410952888286], [73.22185718825148, 30.57750582773688], [73.22195259213215, 30.577590518011863], [73.22718984669437, 30.58173696657886], [73.22718984669437, 30.584179867283407], [73.22719552323699, 30.584293161845697], [73.22721249600511, 30.58440532158055], [73.22724059498915, 30.584515223027655], [73.22727953873256, 30.584621765347087], [73.22732893715103, 30.584723881345997], [73.22738829543988, 30.584820548168253], [73.2274570190303, 30.584910797540005], [73.22753441954487, 30.5849937254685], [73.22761972169283, 30.58506850129703], [73.23096793306816, 30.587719353206992], [73.23096793306816, 30.59004424742507], [73.22910319883344, 30.598902351804195], [73.22908498349982, 30.599018461803603], [73.22907888988127, 30.59913583385374], [73.22907888988127, 30.602295605123224], [73.22094436296223, 30.60100754867739], [73.22083018043102, 30.600995357984818], [73.22071535041273, 30.600994783248364], [73.22060105157381, 30.60100583036737], [73.22048845712837, 30.6010283859493], [73.22037872279591, 30.601062218473615], [73.22027297493848, 30.601106980668234], [73.22017229899913, 30.60116221307407], [73.2200777283605, 30.601227348761128], [73.21999023373772, 30.60130171914773], [73.21991071321452, 30.601384560863135], [73.21983998302495, 30.601475023583102], [73.21977876917518, 30.601572178758023], [73.21972769999135, 30.60167502914394], [73.21968729967034, 30.601782519038725], [73.21965798289898, 30.601893545118262], [73.21799961880374, 30.60977132307753], [73.21154195405153, 30.60849315460014], [73.2114324567529, 30.608476990972683], [73.21132190499237, 30.608471584541036], [73.21121135303093, 30.60847698686285], [73.21110185513149, 30.60849314641967], [73.21099445550504, 30.60851990910819], [73.2108901783527, 30.608557019709885], [73.21079001809855, 30.608604124324824], [73.2106949299065, 30.608660773746614], [73.2106058205714, 30.608726427746173], [73.21052353987166, 30.608800460223566], [73.21044887246535, 30.608882165178702], [73.21038253040746, 30.608970763444002], [73.21032514635952, 30.60906541011484], [73.21027726755625, 30.609165202606825], [73.20649918118247, 30.618138782549025], [73.20646174739018, 30.618241215605888], [73.20643433163139, 30.618346772207353], [73.20641718773163, 30.618454475070102], [73.2064104744157, 30.618563327039915], [73.20641425383803, 30.6186723203237], [73.20642849100729, 30.618780445820022], [73.20645305411031, 30.618886702461758], [73.20648771573252, 30.61899010648435], [73.2065321549634, 30.619089700533884], [73.21029251821703, 30.626532604367938], [73.21198114138583, 30.63054336365144], [73.21027726755625, 30.63459034577639], [73.21023986055684, 30.63469269291343], [73.2102124548345, 30.634798159241935], [73.21019530370376, 30.634905769923467], [73.21018856569464, 30.635014530299056], [73.21019230308741, 30.635123435082974], [73.2102064813369, 30.63523147765471], [73.21023096939174, 30.63533765936328], [73.21026554090582, 30.635440998757897], [73.2103098763303, 30.635540540659633], [73.21036356586731, 30.635635364990268], [73.2122526090542, 30.638626558304335], [73.21232138512852, 30.638723749498578], [73.21239997737926, 30.63881318961688], [73.2124875185338, 30.63889389167942], [73.21258304256757, 30.638964965131628], [73.21268549536421, 30.63902562567151], [73.2127937463478, 30.63907520390452], [73.22000618321952, 30.64193032562679], [73.2215227171337, 30.644331671523016], [73.2215227171337, 30.649605160520114], [73.21608568435066, 30.656779522750078], [73.21602760712719, 30.65686381012211], [73.21597737089786, 30.65695299333933], [73.21282557954143, 30.66319134809088], [73.21013639165125, 30.661062259435518], [73.21004878705851, 30.660999439599486], [73.20995561065675, 30.660945226551053], [73.20985770531342, 30.66090011069781], [73.20975595667369, 30.660864500154734], [73.20965128514891, 30.660838717052403], [73.20954463759065, 30.66082299462303], [73.20943697872558, 30.660817475090653], [73.20932928242854, 30.660822208384594], [73.20922252291301, 30.660837151687794], [73.2091176659184, 30.66086216982413], [73.20901565997401, 30.660897036481227], [73.20643756682644, 30.66191760274456], [73.20486461661278, 30.655690907935384], [73.2048304288458, 30.65557988028582], [73.20478505568182, 30.655472935354336], [73.20472897378889, 30.655371196651455], [73.2046627723356, 30.655275732993655], [73.20458714680166, 30.65518754727488], [73.20450289167151, 30.65510756593066], [73.20441089208786, 30.65503662920542], [73.20431211455282, 30.654975482325295], [73.20420759677428, 30.654924767669144], [73.20409843676431, 30.654885018020057], [73.20398578130396, 30.654856650968174], [73.20190399933217, 30.65444460292988], [73.2013041232217, 30.653969667940736], [73.19777731680962, 30.652573543194485], [73.19575483412564, 30.65217323229079], [73.19329844727413, 30.649256069791015], [73.19322385351514, 30.649175716450813], [73.19314184502258, 30.64910294629681], [73.19305318917407, 30.64903844026075], [73.19295871554844, 30.648982801944584], [73.19285930816322, 30.648936551972405], [73.19275589720255, 30.648900123118803], [73.19264945031318, 30.648873856259282], [73.19254096355, 30.648857997180574], [73.19243145205554, 30.648852694280738], [73.17794383865986, 30.648852694280738], [73.17664809400088, 30.646800955714053], [73.17841801199629, 30.639794542479265], [73.17843714645662, 30.63970306476059], [73.17844867941938, 30.639610321613368], [73.17845253247253, 30.63951694359364], [73.17845253247253, 30.636525750279574], [73.1784475413556, 30.636419499579358], [73.17843261196221, 30.636314184643293], [73.17840787577754, 30.636210732994137], [73.17837355065647, 30.636110055744425], [73.17832993890498, 30.636013039572184], [73.17827742461756, 30.635920538911847], [73.17449933824378, 30.629938152283714], [73.17443851886222, 30.629851156727465], [73.17436982785432, 30.629770232260118], [73.17429386768333, 30.62969608864001], [73.17421130456758, 30.629629376153197], [73.17412286263738, 30.62957067991003], [73.17402931758392, 30.62952051471338], [73.17393148985602, 30.62947932054349], [73.17383023746419, 30.62944745869906], [73.16870217067961, 30.628094124624386], [73.16721463316458, 30.624560977023307], [73.16891850699416, 30.620513994898356], [73.1689574165081, 30.620406791864212], [73.16898535589938, 30.620296221383427], [73.16900204229651, 30.62018340292325], [73.16900730675862, 30.620069478710526], [73.16900109598583, 30.619955602167256], [73.16898347285891, 30.61984292623281], [73.16895461580263, 30.619732591691037], [73.16891481697932, 30.619625715620423], [73.16886447933089, 30.619523380084285], [73.16880411249923, 30.619426621175442], [73.16873432766636, 30.61933641852633], [73.16865583136656, 30.61925368539075], [73.16856941833308, 30.61917925939764], [73.16847596345187, 30.61911389407057], [73.16837641290384, 30.619058251198663], [73.1682717745853, 30.61901289413638], [73.16816310790351, 30.618978282099828], [73.16249597834283, 30.617482685442795], [73.1623859419036, 30.61745941725152], [73.16227414114933, 30.61744716906668], [73.16216167693297, 30.617446061490767], [73.16204965664025, 30.6174561054296], [73.16193918328581, 30.61747720198492], [73.16183134465226, 30.61750914342821], [73.16172720257926, 30.61755161524611], [73.16162778250805, 30.61760419923728], [73.16153406338441, 30.617666377630254], [73.16144696801942, 30.617737538181704], [73.16136735400286, 30.61781698020493], [73.161296005259, 30.617903921469217], [73.16123362432758, 30.617997505902117], [73.16118082544624, 30.618096812018827], [73.16113812850237, 30.61820086199562], [73.16110595391403, 30.618308631298078], [73.16108461849026, 30.618419058769202], [73.16107433231161, 30.618531057078187], [73.16107519666157, 30.61864352342687], [73.16108720302925, 30.618755350408502], [73.16283469719424, 30.629823584102557], [73.16050856613447, 30.63074440842805], [73.1607978803657, 30.63062988023725], [73.15774576258686, 30.627005238001495], [73.15767305741672, 30.6269764568677], [73.15767305741672, 30.62605657368034], [73.1576674374308, 30.625943843510896], [73.15765063320536, 30.625832231265367], [73.15762281138478, 30.62572284378142], [73.1575842478728, 30.62561676583419], [73.15569520468591, 30.62112997586309], [73.15565546450874, 30.621045495487966], [73.15560890637485, 30.620964572341514], [73.15371986318796, 30.617973379027447], [73.15365523719437, 30.617881475774887], [73.15358182998169, 30.617796422215246], [73.15350036283286, 30.617719054065855], [73.15341163622593, 30.617650131528908], [73.15331652196873, 30.617590331821894], [73.1532159546328, 30.61754024252341], [73.15311092237036, 30.617500355799745], [73.153002457205, 30.61747106356895], [73.1528916248913, 30.617452653649966], [73.15277951444284, 30.61744530693455], [73.15266722743193, 30.617449095609892], [73.15255586716572, 30.617463982449312], [73.15244652784536, 30.61748982117804], [73.15234028381465, 30.617526357910492], [73.15223817900377, 30.617573233644872], [73.15214121667184, 30.61762998779066], [73.1520503495491, 30.617696062694264], [73.15196647047568, 30.617770809118408], [73.15189040362867, 30.61785349262138], [73.15182289642394, 30.617943300773504], [73.15176461217224, 30.618039351139895], [73.15171612356166, 30.61814069995105], [73.15167790703045, 30.618246351376133], [73.15165033808576, 30.618355267307788], [73.1516336876139, 30.618466377562335], [73.15162811921867, 30.618578590395174], [73.15162811921867, 30.621931954454137], [73.14542155086284, 30.621931954454137], [73.14218820264885, 30.620651998333123], [73.13860751769282, 30.61498218571338], [73.13854178532601, 30.614888866420586], [73.13846700016714, 30.614802631772864], [73.13838392070303, 30.614724356380183], [73.13829338954314, 30.614654834128054], [73.13819632487352, 30.6145947701258], [73.1380937111445, 30.61454477355519], [73.13798658908615, 30.61450535149196], [73.13787604515294, 30.614476903762988], [73.13776320050471, 30.614459718891126], [73.13764919963566, 30.61445397116897], [73.13628068879028, 30.61445397116897], [73.13379520598389, 30.612486160267594], [73.13462370025267, 30.61445397116897], [73.1330266864432, 30.610660799263858], [73.13297727545554, 30.610558186103045], [73.13291781607127, 30.61046104966244], [73.13284890864028, 30.610370370709926], [73.13277124890764, 30.610287064813388], [73.13268562098865, 30.610211973096384], [73.12890753461487, 30.607220779782317], [73.12881658481201, 30.607155802671144], [73.1287196771636, 30.607100099894755], [73.12861775414396, 30.607054213189897], [73.12851180700432, 30.60701858882723], [73.12840286613242, 30.60699357327111], [73.12829199103157, 30.606979409810062], [73.12818026001638, 30.606976236190672], [73.12806875972562, 30.606984083277947], [73.1279585745542, 30.607002874755114], [73.12785077610681, 30.60703242786587], [73.12774641277609, 30.607072455191755], [73.1276464995465, 30.607122567447433], [73.12755200812309, 30.607182277266705], [73.12746385748117, 30.60725100394236], [73.12738290492888, 30.60732807907385], [73.1273099377694, 30.607412753067806], [73.12724566564404, 30.607504202428213], [73.12535662245715, 30.61049539574228], [73.12530410816973, 30.610587896402617], [73.12526049641824, 30.610684912574857], [73.12522617129717, 30.61078558982457], [73.1252014351125, 30.610889041473726], [73.12518650571911, 30.61099435640979], [73.12518151460218, 30.611100607110007], [73.12518151460218, 30.61520313742721], [73.1211768760793, 30.61308943103553], [73.1210746416707, 30.61304181478738], [73.12096818127124, 30.61300459429923], [73.12085854893036, 30.6129781380859], [73.12074683010242, 30.61296270808663], [73.12063413089984, 30.612958457071674], [73.12052156714154, 30.61296542712973], [73.12041025330545, 30.612983549251236], [73.12030129149421, 30.613012644011615], [73.12019576052336, 30.613052423347746], [73.12009470524019, 30.61310249341001], [73.11999912617885, 30.613162358461782], [73.11990996965416, 30.6132314257876], [73.1198281183923, 30.613309011561594], [73.11975438279114, 30.613394347617938], [73.11968949289647, 30.613486589056347], [73.11780044970958, 30.616477782370414], [73.11774625709738, 30.61657360543561], [73.11770161609343, 30.61667423386006], [73.11766694782254, 30.616778718356677], [73.11764257933089, 30.616886073261806], [73.11762874050079, 30.61699528583353], [73.11762556188205, 30.617105325805465], [73.11763307346047, 30.61721515510588], [73.11765120437488, 30.61732373765044], [73.11767978358573, 30.61743004911618], [73.11771854148851, 30.61753308660456], [73.11776711245717, 30.61763187810239], [73.1178250382932, 30.617725491651413], [73.11789177254815, 30.61781304414], [73.12122308642383, 30.621769254826887], [73.11963951418014, 30.62553050079032], [73.11780044970958, 30.62844255562668], [73.11774633921746, 30.628538215494647], [73.11770174792215, 30.628638666338748], [73.11766709508616, 30.62874296368605], [73.11764270652719, 30.628850126897504], [73.11762881155478, 30.628959148388223], [73.11762554081415, 30.62906900310115], [73.11763292505792, 30.629178658144998], [73.11765089485692, 30.629287082505822], [73.11767928125302, 30.629393256740993], [73.11771781734767, 30.629496182564314], [73.11776614081143, 30.629594892232266], [73.11782379729071, 30.629688457643045], [73.1178902446797, 30.62977599906291], [73.11796485821753, 30.62985669339772], [73.11804693636238, 30.629929781931956], [73.11813570738765, 30.62999457746241], [73.11823033663808, 30.630050470759517], [73.11832993437731, 30.630096936295526], [73.1184335641536, 30.630133537185703], [73.11854025160464, 30.630159929296052], [73.11864899361879, 30.630175864479], [73.11875876776674, 30.630181192906544], [73.1255623535235, 30.630181192906544], [73.12707055778907, 30.63376342745791], [73.12707055778907, 30.635594675346457], [73.12053671880102, 30.63688792102447], [73.1174944566793, 30.63688792102447], [73.11593899945011, 30.634424942254814], [73.11587472732475, 30.634333492894406], [73.11580176016527, 30.63424881890045], [73.11572080761297, 30.63417174376896], [73.11563265697106, 30.634103017093306], [73.11553816554765, 30.634043307274034], [73.11543825231806, 30.633993195018355], [73.11533388898734, 30.63395316769247], [73.11522609053995, 30.633923614581715], [73.11511590536853, 30.633904823104547], [73.11500440507777, 30.633896976017272], [73.11489267406257, 30.633900149636663], [73.11478179896173, 30.633914313097712], [73.11467285808983, 30.63393932865383], [73.11456691095019, 30.633974953016498], [73.11446498793055, 30.634020839721355], [73.11436808028213, 30.634076542497745], [73.11427713047928, 30.634141519608917], [73.11080823339522, 30.63688792102447], [73.10742450864538, 30.63688792102447], [73.10731459181815, 30.636893263345115], [73.10720571116087, 30.63690923994577], [73.10709889307566, 30.63693570021734], [73.1069951445211, 30.63697239472269], [73.1068954435197, 30.637018977548063], [73.10122831395903, 30.64001017086213], [73.10113333480386, 30.640066377984542], [73.10104427244235, 30.640131556019863], [73.10096197130756, 30.640205086991134], [73.10088721172681, 30.640286273724133], [73.10082070252328, 30.640374346457545], [73.10076307429519, 30.64046847014135], [73.100714873437, 30.640567752354237], [73.1006765569588, 30.640671251764978], [73.09883168623317, 30.646513749192362], [73.09702097465376, 30.649380908825147], [73.09696846036634, 30.649473409485484], [73.09692484861485, 30.649570425657725], [73.09689052349378, 30.649671102907437], [73.09686578730911, 30.649774554556593], [73.09685085791573, 30.649879869492658], [73.09684586679879, 30.649986120192874], [73.09684586679879, 30.654472910163975], [73.0968514867847, 30.65458564033342], [73.09686829101014, 30.65469725257895], [73.09689611283072, 30.654806640062894], [73.0969346763427, 30.654912718010124], [73.09859425238187, 30.65885448555707], [73.09532933288462, 30.66402430138709], [73.08831789829685, 30.666799854165138], [73.08483044752677, 30.666799854165138], [73.07357000565865, 30.665313997962773], [73.07345524172135, 30.66530475299488], [73.07334013199285, 30.665307198632895], [73.07322586427999, 30.6653213096405], [73.07311361770088, 30.665346940407495], [73.07300455051775, 30.665383826452327], [73.0699452011189, 30.666594903246487], [73.07080550383833, 30.669271716244968], [73.06975521476244, 30.668692068023073], [73.06975521476244, 30.66667011141578], [73.06544837777018, 30.668375019766394], [73.06534576681116, 30.66842166729063], [73.06524829649898, 30.66847827593548], [73.06515693079751, 30.66854428585161], [73.06507257329719, 30.668619044212793], [73.06499605827851, 30.66870181167226], [73.0649281424613, 30.668791769674687], [73.06486949752077, 30.668888028551585], [73.06482070344491, 30.66898963631993], [73.06478224279832, 30.669095588097136], [73.0647544959499, 30.669204836039142], [73.06473773731102, 30.66931629970341], [73.06473213262161, 30.669428876734308], [73.06473213262161, 30.672420070048375], [73.06473759037718, 30.67253116521506], [73.06475391108269, 30.672641190474554], [73.06478093756085, 30.672749086223472], [73.06481840953191, 30.672853813366764], [73.06486596612027, 30.672954363324788], [73.06492314933001, 30.67304976774649], [73.06498940845555, 30.67313910783513], [73.0650641053853, 30.67322152319682], [73.06514652074699, 30.673296220126566], [73.06523586083563, 30.673362479252113], [73.06533126525733, 30.67341966246185], [73.06543181521536, 30.673467219050213], [73.06553654235864, 30.67350469102126], [73.06564443810757, 30.673531717499426], [73.06575446336706, 30.673548038204945], [73.06586555853374, 30.673553495960512], [73.06924928328358, 30.673553495960512], [73.07271818036764, 30.676299897376065], [73.07280628127839, 30.676363038331747], [73.0729000106649, 30.67641747501846], [73.0729985113437, 30.676462709596308], [73.07310088249639, 30.676498328381435], [73.07320618790793, 30.676524005629318], [73.07331346452858, 30.676539506513784], [73.07342173128131, 30.67654468927458], [73.0769836391755, 30.67654468927458], [73.08016040958944, 30.67780224845698], [73.08362256449054, 30.68465490716291], [73.08362256449054, 30.68737603661871], [73.08362824103315, 30.687489331181], [73.08364521380128, 30.687601490915853], [73.08367331278532, 30.687711392362957], [73.08371225652873, 30.68781793468239], [73.0837616549472, 30.6879200506813], [73.08382101323605, 30.688016717503555], [73.08388973682646, 30.688106966875306], [73.08396713734103, 30.688189894803802], [73.084052439489, 30.688264670632332], [73.08740065086432, 30.690915522542294], [73.08740065086432, 30.69634961656091], [73.08740610861989, 30.696460711727592], [73.0874224293254, 30.696570736987088], [73.08744945580357, 30.696678632736006], [73.08748692777462, 30.696783359879298], [73.08753448436298, 30.69688390983732], [73.08759166757272, 30.696979314259025], [73.08765792669826, 30.697068654347664], [73.08773262362801, 30.697151069709353], [73.0878150389897, 30.6972257666391], [73.08790437907834, 30.697292025764646], [73.08799978350004, 30.697349208974384], [73.08810033345807, 30.697396765562747], [73.08820506060135, 30.697434237533795], [73.08831295635028, 30.69746126401196], [73.08842298160977, 30.69747758471748], [73.08853407677645, 30.697483042473046], [73.09148147226819, 30.697483042473046], [73.09301261640404, 30.702332003189042], [73.09123134102434, 30.70797310133148], [73.09120346947076, 30.70807890601013], [73.09118592962655, 30.708186905118403], [73.09117888494225, 30.70829609223278], [73.09118240106595, 30.70840544985893], [73.09119644523156, 30.708513958913553], [73.0912208865641, 30.708620608221032], [73.09125549729939, 30.708724403936387], [73.09129995490643, 30.708824378806728], [73.09135384509308, 30.708919601184903], [73.09513193146687, 30.714901987813036], [73.09520601222134, 30.715005845335355], [73.09529129472968, 30.715100720183948], [73.09538669861035, 30.715185410458933], [73.09856497309177, 30.717701719626724], [73.09735878721146, 30.72152157421311], [73.09906455310315, 30.72354731225576], [73.09878751377191, 30.724424664558846], [73.09875912688308, 30.724532908714096], [73.09874155239321, 30.72464342454965], [73.0987349616157, 30.72475513477414], [73.09873941879647, 30.72486695045346], [73.09875488048759, 30.72497778162557], [73.09878119597086, 30.725086547925233], [73.098818108727, 30.72519218911529], [73.09886525893616, 30.725293675421657], [73.09892218698532, 30.72539001757142], [73.09898833794864, 30.725480276436116], [73.09906306699666, 30.725563572186207], [73.09914564568214, 30.725639092867528], [73.09923526904075, 30.72570610231609], [73.09933106343775, 30.72576394733408], [73.09943209508408, 30.72581206405717], [73.09953737913881, 30.72584998345093], [73.09964588930914, 30.72587733588294], [73.09975656785463, 30.725893854725907], [73.09986833589781, 30.72589937895668], [73.1036464222716, 30.72589937895668], [73.10376133147305, 30.72589353903848], [73.1038750565471, 30.725876079463635], [73.10398642556868, 30.72584718015125], [73.10409429089155, 30.725807138905736], [73.1041975409748, 30.72575636834798], [73.10429511183699, 30.725695391663308], [73.10438599802053, 30.725624837210127], [73.10446926295273, 30.725545432044754], [73.10996391818657, 30.719745114327445], [73.11330781668566, 30.718421395671513], [73.11665354610024, 30.718421395671513], [73.12007526618532, 30.719775920850203], [73.12077399253661, 30.720329117729136], [73.12396581274068, 30.720348947334134], [73.12108492166097, 30.720575287092647], [73.12561138960064, 30.724158990401133], [73.12569949051138, 30.724222131356814], [73.12579321989789, 30.72427656804353], [73.12589172057669, 30.724321802621375], [73.12599409172938, 30.724357421406502], [73.12609939714092, 30.724383098654386], [73.12620667376157, 30.72439859953885], [73.1263149405143, 30.724403782299646], [73.13009302688809, 30.724403782299646], [73.13020294371532, 30.724398439979], [73.1303118243726, 30.724382463378348], [73.13041864245781, 30.724356003106777], [73.13052239101238, 30.724319308601427], [73.13062209201377, 30.724272725776054], [73.13617464354424, 30.72134200841092], [73.14157432849731, 30.719916992328546], [73.14511619212584, 30.719916992328546], [73.1544733252144, 30.72139864156386], [73.15458975105427, 30.721410955070976], [73.15470682599636, 30.721411192941336], [73.15482330091143, 30.721399352636983], [73.15493793307222, 30.72137556048786], [73.15504949941271, 30.721340070343928], [73.1551568095776, 30.72129326086671], [73.1552587186228, 30.72123563148918], [73.15535413923136, 30.721167797087066], [73.15882303631543, 30.718421395671513], [73.16220676106526, 30.718421395671513], [73.162315027818, 30.718416212910718], [73.16242230443865, 30.718400712026252], [73.16252760985019, 30.71837503477837], [73.16262998100288, 30.718339415993242], [73.16272848168168, 30.718294181415395], [73.16282221106819, 30.71823974472868], [73.16291031197893, 30.718176603773], [73.16976293381283, 30.712751233734977], [73.17216219143545, 30.71465077827935], [73.17060736063151, 30.71834375857026], [73.1705699536321, 30.718446105707297], [73.17054254790976, 30.718551572035803], [73.17052539677901, 30.718659182717335], [73.1705186587699, 30.718767943092924], [73.17052239616267, 30.718876847876842], [73.17053657441215, 30.718984890448578], [73.170561062467, 30.71909107215715], [73.17059563398108, 30.719194411551765], [73.17063996940556, 30.7192939534535], [73.17069365894257, 30.719388777784136], [73.17419082668427, 30.72492634560669], [73.17247601763084, 30.730356952393375], [73.17060736063151, 30.734795321797627], [73.17094868898074, 30.733984610520697], [73.16891054029058, 30.737211903987255], [73.16754860556358, 30.741524997597676], [73.16878679984475, 30.740544692202583], [73.16541230267075, 30.74321635515218], [73.16199058258566, 30.744570880330873], [73.1546505883177, 30.744570880330873], [73.15453629030344, 30.74457665813201], [73.15442315759022, 30.744593932629083], [73.1543123435985, 30.74462252770364], [73.15420497810872, 30.74466215182069], [73.15410215574283, 30.744712401001], [73.15400492480435, 30.744772762939757], [73.15391427659058, 30.744842622229687], [73.15383113528607, 30.744921266635288], [73.15375634854026, 30.74500789435429], [73.15369067882547, 30.74510162219225], [73.1536347956633, 30.745201494566977], [73.15358926879858, 30.74530649325096], [73.15355456239078, 30.745415547752504], [73.15353103028168, 30.74552754622968], [73.15164198709479, 30.757492319485948], [73.15163159150643, 30.757580427905523], [73.15162811921867, 30.757669079499276], [73.15162811921867, 30.767909385606107], [73.14982788557569, 30.77218523822346], [73.14978897606174, 30.772292441257605], [73.14976103667047, 30.77240301173839], [73.14974435027334, 30.772515830198568], [73.14973908581123, 30.77262975441129], [73.14974529658402, 30.77274363095456], [73.14976291971094, 30.772856306889008], [73.14979177676722, 30.77296664143078], [73.14983157559053, 30.773073517501395], [73.14988191323896, 30.773175853037532], [73.14994228007062, 30.773272611946375], [73.15001206490349, 30.773362814595487], [73.15009056120329, 30.773445547731068], [73.15017697423677, 30.773519973724177], [73.15027042911798, 30.773585339051248], [73.15036997966601, 30.773640981923155], [73.15047461798454, 30.77368633898544], [73.15058328466634, 30.77372095102199], [73.15590364249162, 30.775125032099105], [73.15918429196624, 30.779021074620413], [73.15918429196624, 30.78159862601181], [73.15918928308318, 30.781704876712027], [73.15920421247657, 30.78181019164809], [73.15922894866124, 30.781913643297248], [73.1592632737823, 30.78201432054696], [73.1593068855338, 30.7821113367192], [73.15935939982121, 30.782203837379537], [73.16485142152692, 30.790900143912285], [73.16485142152692, 30.796554592582144], [73.16485709806953, 30.796667887144434], [73.16487407083766, 30.796780046879288], [73.1649021698217, 30.796889948326392], [73.1649411135651, 30.796996490645824], [73.16499051198358, 30.797098606644735], [73.16504987027243, 30.79719527346699], [73.16511859386284, 30.79728552283874], [73.16519599437741, 30.797368450767237], [73.16528129652538, 30.797443226595767], [73.17405123462234, 30.80438657770135], [73.17278843319582, 30.807385939926274], [73.16598484743905, 30.807385939926274], [73.16587429732533, 30.80739134413177], [73.1657648014235, 30.807407505213448], [73.16565740389241, 30.807434269058366], [73.16555312888075, 30.80747138044504], [73.16545297076067, 30.80751848547728], [73.16535788464545, 30.80757513495894], [73.16526877728144, 30.80764078867749], [73.16518649840131, 30.807714820555507], [73.16511183262091, 30.807796524620986], [73.16504549195717, 30.80788512173953], [73.16498810903826, 30.80797976704421], [73.16494023107083, 30.80807955799226], [73.16316410457793, 30.81229815214143], [73.15803431306753, 30.816359519868474], [73.15087250194391, 30.816359519868474], [73.15076299044945, 30.81636482276831], [73.15065450368627, 30.81638068184702], [73.15054805679691, 30.81640694870654], [73.15044464583623, 30.81644337756014], [73.15034523845101, 30.81648962753232], [73.15025076482539, 30.816545265848486], [73.15016210897687, 30.816609771884547], [73.15008010048432, 30.81668254203855], [73.15000550672532, 30.81676289537875], [73.14622742035154, 30.82124968534985], [73.146158502614, 30.821340422654036], [73.146099043356, 30.821437620954214], [73.14604964348193, 30.82154029794949], [73.14601080223444, 30.82164741597044], [73.14598291214914, 30.82175789246595], [73.1459662550875, 30.82187061094365], [73.14596099938832, 30.821984432253366], [73.14596719816652, 30.82209820609951], [73.14598478877629, 30.822210782666197], [73.14601359344422, 30.822321024237407], [73.14766739524492, 30.82755842793825], [73.14523270372541, 30.829486026270974], [73.14354593186091, 30.829819889781774], [73.13953824282255, 30.829819889781774], [73.13946573814431, 30.829823009701553], [73.140178562, 30.831209071], [73.140285026, 30.831951638], [73.140358993, 30.833239386], [73.139459583, 30.834780009], [73.138420065, 30.836558716], [73.13817554, 30.839227566], [73.13805262000001, 30.840568725], [73.13782847600001, 30.843014325], [73.13769538800001, 30.844466414], [73.137590195, 30.845476832], [73.137159407, 30.848185624], [73.137029894, 30.848999888], [73.136699041, 30.849801322], [73.136054399, 30.851362585], [73.135562428, 30.852553557], [73.135079665, 30.852943577], [73.133990114, 30.853814353], [73.133525012, 30.854186123], [73.132561644, 30.854948694], [73.128068145, 30.856944403], [73.126483187, 30.857649808], [73.126017215, 30.859275916], [73.126171741, 30.860207492], [73.12639604600001, 30.861549413], [73.126602395, 30.862647636], [73.127378082, 30.863593493], [73.129120903, 30.865664934], [73.129495765, 30.866110479], [73.130439505, 30.867159193], [73.13218753800001, 30.869103015], [73.133108727, 30.870107987], [73.135499099, 30.870354221], [73.13619340000001, 30.869499976], [73.137680034, 30.867670049], [73.139322085, 30.867310227], [73.140112325, 30.867259116], [73.140858947, 30.867211049], [73.14163321, 30.867161055], [73.14251995100001, 30.867197129], [73.14807049, 30.867420165], [73.149096121, 30.867461365], [73.15164128500001, 30.867579475], [73.154200345, 30.867698772], [73.155549836, 30.867771175], [73.157427318, 30.867873359], [73.158524282, 30.867687323], [73.15941832, 30.867510622], [73.159770799, 30.867044158], [73.160165886, 30.866382575], [73.160143284, 30.865104338], [73.160122746, 30.863880885], [73.159928143, 30.862089948], [73.15978762600001, 30.860800101], [73.159486948, 30.858052474], [73.159396476, 30.857225533], [73.159306092, 30.8563994], [73.15892015, 30.852408792], [73.15864964, 30.849640217], [73.158508502, 30.848209186], [73.159179851, 30.846929734], [73.161267244, 30.846329972], [73.16258165900001, 30.847120061], [73.163555547, 30.847705366], [73.165448454, 30.848221242], [73.16675987500001, 30.847200054], [73.167016644, 30.844712788], [73.16700675, 30.844098152], [73.166979616, 30.842458095], [73.167406383, 30.841658255], [73.169184071, 30.84077215], [73.169778479, 30.840776321], [73.170898727, 30.840820364], [73.173530237, 30.841418677], [73.175117066, 30.841976692], [73.17592311700001, 30.842260144], [73.17683318, 30.843022635], [73.177261049, 30.843380937], [73.178169696, 30.844142435], [73.178585895, 30.844970692], [73.17954406, 30.846876419], [73.18022263600001, 30.849588212], [73.179472554, 30.852566927], [73.178907896, 30.854431664], [73.178770649, 30.854887932], [73.178349647, 30.856290341], [73.178590478, 30.859019625], [73.17967208200001, 30.859999389], [73.18117371800001, 30.86043872], [73.184509647, 30.861322117], [73.18590642800001, 30.862001801], [73.187085382, 30.862578962], [73.18803109800001, 30.863042969], [73.189592528, 30.863809], [73.190243365, 30.866470128], [73.189732718, 30.867891628], [73.188040849, 30.868035642], [73.186315139, 30.868184397], [73.18533594, 30.868267981], [73.183255501, 30.867669418], [73.18071102, 30.866928998], [73.17892613100001, 30.866410501], [73.177482318, 30.866358934], [73.175816116, 30.866344802], [73.17404969600001, 30.867738428], [73.17422712, 30.869007032], [73.174595145, 30.871639838], [73.174785614, 30.872510841], [73.175560128, 30.873763012], [73.176469022, 30.875222553], [73.17848613800001, 30.876259278], [73.18058139300001, 30.876145645], [73.18143283900001, 30.876103598], [73.184232778, 30.876751964], [73.185394636, 30.87794564], [73.185799692, 30.878798614], [73.18633136400001, 30.879938131], [73.186123132, 30.881931507], [73.18479747500001, 30.883306952], [73.18441503800001, 30.8837], [73.183175771, 30.884021897], [73.18129566, 30.884508411], [73.18013251100001, 30.88480926], [73.178521775, 30.884871383], [73.17776034, 30.884901272], [73.175026408, 30.885467254], [73.173043905, 30.88701836], [73.17280048, 30.887605118], [73.172560706, 30.888187773], [73.17254939, 30.889513656], [73.172539381, 30.89067333], [73.17323116, 30.89711857], [73.173399373, 30.898682366], [73.174588672, 30.899478425], [73.176589981, 30.9008058], [73.17731959800001, 30.901290745], [73.178247041, 30.901445853], [73.180320836, 30.901794636], [73.18177200800001, 30.902038591], [73.183111398, 30.901423252], [73.184500835, 30.900777976], [73.186770097, 30.900372516], [73.190806297, 30.899647931], [73.192027935, 30.899432723], [73.192894648, 30.899558933], [73.19384104, 30.899698364], [73.19520811000001, 30.899900198], [73.196921163, 30.901701461], [73.196802643, 30.902185256], [73.196559353, 30.903187567], [73.195195084, 30.908666937], [73.194303952, 30.910846321], [73.193781853, 30.91212584], [73.193274116, 30.912710873], [73.191982084, 30.912916019], [73.191313125, 30.912902787], [73.18944775700001, 30.912869268], [73.187348656, 30.914821787], [73.187541331, 30.91621242], [73.187685261, 30.917259294], [73.187859189, 30.918523896], [73.188130024, 30.919478432], [73.188391329, 30.920399381], [73.188992978, 30.92118526], [73.189651725, 30.922045719], [73.190230733, 30.922802026], [73.190901502, 30.92321533], [73.19175281400001, 30.923739879], [73.192816031, 30.924394692], [73.193538591, 30.924839703], [73.194560556, 30.92499301], [73.195873803, 30.925190012], [73.19640600400001, 30.925269834], [73.197235724, 30.925181496], [73.198986046, 30.924906922], [73.199907708, 30.924762338], [73.20065703, 30.924287756], [73.202733593, 30.922974875], [73.203446329, 30.922525017], [73.203938502, 30.921873711], [73.20522326400001, 30.920176328], [73.2058907, 30.919297287], [73.206427392, 30.916614146], [73.206366893, 30.915949034], [73.20597561400001, 30.911533095], [73.205901415, 30.910685506], [73.206067915, 30.90893736], [73.207347301, 30.90824657], [73.209162144, 30.907269431], [73.210993808, 30.906710932], [73.21156156500001, 30.90653807], [73.212601008, 30.906557746], [73.21449766, 30.90659035], [73.21589444700001, 30.907606005], [73.217465633, 30.909572761], [73.217833338, 30.910033077], [73.219640217, 30.912189071], [73.222097339, 30.911840041], [73.222908146, 30.91074738], [73.22367857200001, 30.909706046], [73.225522464, 30.909307746], [73.22709329, 30.910111212], [73.22778915, 30.91166843], [73.228881297, 30.914102029], [73.229578128, 30.916082166], [73.23130008400001, 30.917236302], [73.232571417, 30.918091796], [73.233779964, 30.920677661], [73.233916009, 30.923163517], [73.234003727, 30.924879344], [73.234733913, 30.926964287], [73.235456482, 30.927730245], [73.236901631, 30.929262393], [73.237722009, 30.930130812], [73.238226334, 30.930294534], [73.239687536, 30.93076855], [73.240560779, 30.930922523], [73.245616358, 30.931808075], [73.247179281, 30.932494244], [73.25030501, 30.933867317], [73.252333694, 30.934759637], [73.253983548, 30.93567669], [73.254967264, 30.936226039], [73.25563476500001, 30.936578092], [73.257452334, 30.936781865], [73.258333919, 30.936880703], [73.25877586700001, 30.936930251], [73.259221862, 30.936979893], [73.259658734, 30.936997026], [73.26142243800001, 30.937066192], [73.263768447, 30.9371591], [73.264543339, 30.937463938], [73.265704309, 30.9379205], [73.267524735, 30.938636275], [73.268151657, 30.93771898], [73.269308894, 30.936090533], [73.269565232, 30.93432833], [73.2700561, 30.930876609], [73.27018115300001, 30.930010208], [73.270195904, 30.929122861], [73.270243965, 30.926459507], [73.270262, 30.925569785], [73.27015452, 30.924257986], [73.269767262, 30.919442168], [73.26951956, 30.916362185], [73.26885282500001, 30.90807185], [73.26863763300001, 30.905376891], [73.268579807, 30.90397784], [73.268550921, 30.90328285], [73.268492611, 30.901809934], [73.268251449, 30.897484933], [73.268180015, 30.896189916], [73.268243201, 30.895566604], [73.268287317, 30.89513141], [73.268452834, 30.893498634], [73.268556407, 30.89251668], [73.268767402, 30.891670259], [73.269277262, 30.889630509], [73.26944878, 30.889038022], [73.27013169700001, 30.887273584], [73.270392033, 30.886599759], [73.27059989, 30.885739919], [73.27153889, 30.884825716], [73.272164375, 30.884216749], [73.273259111, 30.883149067], [73.27424927700001, 30.882219974], [73.27528306, 30.881249955], [73.276031297, 30.880579431], [73.276893922, 30.880043315], [73.278120982, 30.87928102], [73.28001196800001, 30.878960801], [73.281962062, 30.879250539], [73.283136606, 30.879835098], [73.288251515, 30.882380743], [73.289289141, 30.882897213], [73.290320685, 30.883410726], [73.290712245, 30.883574297], [73.295859409, 30.885725726], [73.29699854200001, 30.886201845], [73.298310797, 30.88611055], [73.299720393, 30.886012488], [73.30077295000001, 30.884589168], [73.300818931, 30.883538324], [73.300781399, 30.880101436], [73.295854175, 30.875192229], [73.294317918, 30.873667539], [73.286185836, 30.86530879], [73.285682264, 30.864791168], [73.285298742, 30.864297776], [73.284521469, 30.862250872], [73.284773247, 30.860673918], [73.286403228, 30.859447339], [73.288749854, 30.859312002], [73.28991684, 30.859669614], [73.293230055, 30.860684915], [73.295561321, 30.861399308], [73.29677328800001, 30.861466939], [73.29846988300001, 30.86155788], [73.299414092, 30.861561718], [73.30073972000001, 30.86132891], [73.301720398, 30.861156769], [73.302780021, 30.860970684], [73.303712715, 30.859972717], [73.30466035100001, 30.858960187], [73.30507767200001, 30.857966993], [73.304985717, 30.857304126], [73.304739387, 30.854891365], [73.304320479, 30.853439371], [73.302892241, 30.851890241], [73.301208122, 30.851167481], [73.29321724, 30.847734837], [73.291323125, 30.84693344], [73.28991433, 30.846484632], [73.288225001, 30.845951987], [73.27804912900001, 30.842743532], [73.277196122, 30.842475092], [73.276540427, 30.842007644], [73.275563055, 30.841279057], [73.274611111, 30.839850311], [73.27463961, 30.838344214], [73.27465956, 30.83731152], [73.275081305, 30.836552524], [73.27612060700001, 30.834682138], [73.27658922900001, 30.833838778], [73.277598404, 30.833018522], [73.280689887, 30.830499916], [73.28106943600001, 30.830191152], [73.281709498, 30.829669339], [73.28640742200001, 30.826314729], [73.286950569, 30.825926764], [73.287312756, 30.825672944], [73.28803223, 30.824888463], [73.288735266, 30.824123316], [73.289563032, 30.823221579], [73.289947025, 30.822273796], [73.290223489, 30.821591417], [73.290532499, 30.820828705], [73.290578386, 30.820390452], [73.290741008, 30.81884517], [73.290846744, 30.817839332], [73.29013913300001, 30.816132663], [73.289516292, 30.815756629], [73.288823002, 30.815338073], [73.287669399, 30.815160821], [73.287230288, 30.815093117], [73.28603394000001, 30.814909486], [73.28538202, 30.814829724], [73.284314853, 30.814771377], [73.280856287, 30.814583993], [73.279158116, 30.814491352], [73.277571263, 30.813260533], [73.277210402, 30.812672789], [73.276670844, 30.811794045], [73.276837404, 30.810503599], [73.27696160906673, 30.810303641903477], [73.27633746367854, 30.809360403833118], [73.27705084819397, 30.81015997629263], [73.277263343, 30.809817882], [73.280314034, 30.80504297], [73.28100958600001, 30.803940605], [73.282180486, 30.801154228], [73.28284579000001, 30.799569404], [73.28334044200001, 30.798391092], [73.284024072, 30.796771248], [73.284255399, 30.796126913], [73.284645909, 30.795002148], [73.28516630300001, 30.793502911], [73.286113549, 30.790766828], [73.28651928500001, 30.789595081], [73.286789933, 30.788813515], [73.287109695, 30.787888746], [73.287784144, 30.786650498], [73.289957742, 30.7826545], [73.290477334, 30.782160668], [73.291939342, 30.78077851], [73.29335463800001, 30.780086028], [73.296045735, 30.778766012], [73.296592161, 30.778536399], [73.29989363700001, 30.777223549], [73.300880165, 30.776831251], [73.303909662, 30.776712185], [73.305144915, 30.77722568], [73.308045346, 30.778431387], [73.310730543, 30.779547851], [73.31227057000001, 30.78018781], [73.313925287, 30.781497093], [73.314919832, 30.782284019], [73.317606978, 30.784410201], [73.319135058, 30.785221017], [73.324485934, 30.788060254], [73.325477738, 30.788586575], [73.326841338, 30.789310058], [73.328303659, 30.789324625], [73.329909012, 30.789340795], [73.330941974, 30.789351146], [73.332026509, 30.789046662], [73.33638548200001, 30.787830021], [73.337210194, 30.787600631], [73.338495162, 30.787048093], [73.345368115, 30.784092713], [73.347000008, 30.783390996], [73.348500523, 30.782293972], [73.352822243, 30.779134367], [73.35510723, 30.777463817], [73.356162432, 30.77669236], [73.35766716, 30.775578675], [73.358863474, 30.775172424], [73.36023988800001, 30.774770044], [73.363068651, 30.772859511], [73.363126367, 30.77174933], [73.363074368, 30.770119608], [73.364175836, 30.768198226], [73.364648693, 30.76729147], [73.365664369, 30.765262394], [73.366439311, 30.763643883], [73.36649601, 30.763153665], [73.36662145400001, 30.762039932], [73.367240025, 30.756548042], [73.368047289, 30.749768447], [73.368259018, 30.73923029], [73.36815316900001, 30.738505258], [73.368306507, 30.737887171], [73.36834106, 30.735190351], [73.368251657, 30.731399222], [73.368101462, 30.726439227], [73.368146505, 30.725010683], [73.36818842400001, 30.723681224], [73.367800752, 30.722319243], [73.367268249, 30.720448442], [73.366462843, 30.7176191], [73.366059121, 30.716200848], [73.365288794, 30.715167803], [73.363347325, 30.712562867], [73.36235415, 30.711282268], [73.360544804, 30.709827956], [73.359828792, 30.709252136], [73.354278528, 30.704791626], [73.350546427, 30.701748774], [73.349705573, 30.701061223], [73.349148612, 30.700438651], [73.347863998, 30.698948908], [73.346952183, 30.697891467], [73.34652564800001, 30.696735056], [73.34590461, 30.695050371], [73.345674988, 30.694397347], [73.345351254, 30.693044944], [73.344983053, 30.691481235], [73.345163021, 30.689705185], [73.345212563, 30.689243704], [73.345408047, 30.687301586], [73.345541467, 30.68598965], [73.345696814, 30.685203895], [73.34631089, 30.682097875], [73.346480673, 30.681239107], [73.346770841, 30.680434045], [73.347489235, 30.678440882], [73.34792165, 30.677241162], [73.348656867, 30.676196465], [73.349634088, 30.674807895], [73.349878559, 30.674460517], [73.350371101, 30.673760645], [73.351606621, 30.67245681], [73.353153444, 30.670824459], [73.354584238, 30.669310933], [73.355100074, 30.668763765], [73.355668567, 30.66816066], [73.356120861, 30.667473647], [73.357243208, 30.665768858], [73.357706312, 30.66462292], [73.35842864700001, 30.662835522], [73.358632422, 30.662331286], [73.358904712, 30.661492024], [73.36150065800001, 30.653489774], [73.36269182800001, 30.649820266], [73.363353352, 30.647779923], [73.362774916, 30.646938049], [73.36241076, 30.646408044], [73.361930477, 30.644229151], [73.362537546, 30.643541129], [73.363352343, 30.64261086], [73.364141109, 30.642148471], [73.36673801900001, 30.640641336], [73.370040714, 30.638726136], [73.370849754, 30.638251092], [73.371168845, 30.637626111], [73.37174590100001, 30.636495875], [73.3719882, 30.636021306], [73.37201493, 30.635556702], [73.372083673, 30.634352284], [73.372192592, 30.632716343], [73.37225943, 30.632039481], [73.372802569, 30.628541874], [73.37349303500001, 30.624775763], [73.37363564, 30.624000726], [73.373779598, 30.623218336], [73.373777227, 30.622556313], [73.373766624, 30.619594971], [73.373762028, 30.61831144], [73.373203405, 30.616952294], [73.372488208, 30.615211965], [73.372286288, 30.614770389], [73.371159895, 30.612773921], [73.369993604, 30.610705621], [73.369248509, 30.60942156], [73.368060152, 30.608705278], [73.366537882, 30.607788423], [73.36576050100001, 30.607318649], [73.364761373, 30.60697131], [73.358236591, 30.604693621], [73.35447326500001, 30.60337991], [73.352039428, 30.6025303], [73.351554293, 30.602291589], [73.348022903, 30.60051799], [73.345504839, 30.59873199], [73.344667773, 30.598142223], [73.34416297300001, 30.597022166], [73.34380039700001, 30.59622289], [73.343349202, 30.595230215], [73.343422715, 30.594319908], [73.343560827, 30.592590957], [73.343619525, 30.591849801], [73.3439608, 30.591185963], [73.344765182, 30.589618755], [73.345357458, 30.588458802], [73.346818757, 30.587798865], [73.351208445, 30.585809374], [73.355612645, 30.583813306], [73.356983495, 30.583192344], [73.357650705, 30.581985631], [73.358162563, 30.581031574], [73.358780783, 30.579373711], [73.35856488, 30.578393431], [73.358014205, 30.575931568], [73.357761437, 30.57483193], [73.356823976, 30.573918299], [73.354477312, 30.571632233], [73.35414931000001, 30.571353042], [73.352346395, 30.570153746], [73.35124196000001, 30.569426086], [73.349894839, 30.56928024], [73.346654145, 30.568943523], [73.345223169, 30.568818958], [73.343861096, 30.56909694], [73.340898981, 30.56971245], [73.336662245, 30.570592818], [73.33533937, 30.570868522], [73.333467581, 30.570469831], [73.332035959, 30.570145226], [73.330946626, 30.569474512], [73.329272966, 30.568430885], [73.32878933100001, 30.568129311], [73.328144346, 30.567611283], [73.327162017, 30.566822313], [73.323340451, 30.563753282], [73.321552909, 30.562434915], [73.315505533, 30.557975803], [73.314441291, 30.557188086], [73.313541268, 30.556742392], [73.310402205, 30.555178673], [73.309040232, 30.554498936], [73.307235244, 30.554277037], [73.30120922600001, 30.553532401], [73.30032044, 30.553423254], [73.299872988, 30.553346206], [73.29902989700001, 30.553200416], [73.296084784, 30.552691285], [73.294401549, 30.55240222], [73.293032286, 30.551470256], [73.288560019, 30.548430033], [73.28741126300001, 30.547645915], [73.286921965, 30.547311887], [73.285629646, 30.54643216], [73.285135524, 30.543863175], [73.286682341, 30.543403284], [73.28857983600001, 30.542839545], [73.29402314500001, 30.541221701], [73.295509675, 30.540779518], [73.2968511, 30.540820985], [73.304584028, 30.540921957], [73.302935557, 30.540374938], [73.30158047, 30.539836577], [73.30027886500001, 30.539321866], [73.298993196, 30.538185161], [73.293662615, 30.533484223], [73.293219141, 30.533023842], [73.292798769, 30.532554909], [73.292102631, 30.531773093], [73.291758953, 30.531108015], [73.291236939, 30.530093867], [73.290537495, 30.528738017], [73.291188691, 30.525282359], [73.292352727, 30.523264528], [73.293448114, 30.521350074], [73.293419149, 30.519028749], [73.29212970600001, 30.517777313], [73.289296015, 30.518245609], [73.288607505, 30.518591902], [73.283900661, 30.520979259], [73.283330664, 30.521270059], [73.281531154, 30.522590278], [73.28102817300001, 30.523459045], [73.28096878, 30.524454065], [73.28100787400001, 30.525279956], [73.282886182, 30.527348282], [73.28336142, 30.52787217], [73.28489068200001, 30.529559232], [73.28493217, 30.531409506], [73.283623315, 30.533098604], [73.282700266, 30.533494188], [73.279402212, 30.534892678], [73.278824216, 30.535050726], [73.276131746, 30.53560671], [73.27228237, 30.536091338], [73.268107537, 30.534762501], [73.267221518, 30.53448081], [73.26621698400001, 30.534484674], [73.265257231, 30.534488309], [73.26439593100001, 30.534498107], [73.263783269, 30.53462684], [73.25997358, 30.535432655], [73.257161475, 30.535986559], [73.256378768, 30.535959807], [73.255862252, 30.535940761], [73.255349114, 30.535922418], [73.254801317, 30.535818027], [73.25370926, 30.535609919], [73.252988647, 30.535472594], [73.251880607, 30.535124802], [73.25144666300001, 30.53497879], [73.25058124600001, 30.534629297], [73.249993072, 30.534391835], [73.24926879600001, 30.53409784], [73.248594061, 30.534144553], [73.247022043, 30.534288126], [73.246022554, 30.534658285], [73.244122645, 30.535898267], [73.243466327, 30.537211507], [73.242649686, 30.538957244], [73.242352556, 30.53959925], [73.240961714, 30.541108657], [73.239700167, 30.541929648], [73.23871763000001, 30.542235276], [73.238119804, 30.542420877], [73.23752621, 30.542516145], [73.236115553, 30.542641865], [73.235562539, 30.542691116], [73.23543253056019, 30.542667012160088], [73.23672387217275, 30.54573416204669], [73.23677196659865, 30.545834352642], [73.23682964202305, 30.545929351455737], [73.23689634392916, 30.54601824512769], [73.23697143101563, 30.546100178995154], [73.23705418136232, 30.546174365310037], [73.23714379937114, 30.546240090812603], [73.23723942341529, 30.546296723589084], [73.24230219218951, 30.548968926499917], [73.24123466534128, 30.548405470320414], [73.24230219218951, 30.552631391666683]], [[73.24290918231299, 30.56455419472036], [73.30797919925573, 30.568463115037392], [73.30797702182218, 30.5684660945347], [73.24290918231299, 30.56455419472036]], [[73.14444413106628, 30.63378257229152], [73.14479759590304, 30.63359423633432], [73.14655504288443, 30.635756396308835], [73.14444413106628, 30.63378257229152]]], [[[73.17346511290863, 30.803922532367864], [73.17385586071777, 30.804850623034845], [73.17405123462234, 30.80438657770135], [73.17346511290863, 30.803922532367864]]]]}}, {"type": "Feature", "properties": {"na": "NA-142", "src": "sheet-split: sahiwal_na141_142.jpg, outline-fit", "approx": false, "rms_km": 0.726}, "geometry": {"type": "MultiPolygon", "coordinates": [[[[72.77399458969514, 30.357739560703642], [72.77394016167787, 30.35783585195285], [72.77389537855456, 30.357936989906182], [72.7738606668176, 30.358042011375673], [72.77383635704442, 30.35814991618866], [72.7738226807493, 30.358259676712933], [72.77381976817857, 30.358370247643425], [72.77382764707009, 30.35848057595713], [72.77384624238918, 30.358589610941635], [72.77387537704321, 30.35869631420153], [72.7739147735681, 30.358799669547615], [72.77396405677077, 30.358898692674565], [72.77402275730233, 30.358992440534973], [72.77409031612788, 30.35908002032047], [72.7741660898505, 30.359160597964387], [72.77424935683862, 30.359233406084993], [72.777754860158, 30.362008789454762], [72.77953921518707, 30.367659640499266], [72.77957654427952, 30.367760818495277], [72.77962332049833, 30.367857990679436], [72.77967912036117, 30.367950277316208], [72.77974343869137, 30.36803684290071], [72.77981569319141, 30.36811690372286], [72.77989522971473, 30.36818973496258], [72.7799813281879, 30.36825467725186], [72.78007320912978, 30.368311142644256], [72.78017004070841, 30.368358619937798], [72.78027094627186, 30.368396679303082], [72.78037501228494, 30.368424976174673], [72.78048129659975, 30.368443254370572], [72.78058883698527, 30.368451348411558], [72.78069665983885, 30.36844918501929], [72.78080378900052, 30.36843678377976], [72.78090925459054, 30.36841425696595], [72.78657638415122, 30.366918660308915], [72.78668743687824, 30.36688315067043], [72.78679425412541, 30.36683642039855], [72.78689570559996, 30.366778963972312], [72.78699071778732, 30.36671138937016], [72.78978021905577, 30.364502880427196], [72.79099597837717, 30.366427966724263], [72.79105872118062, 30.366517449003588], [72.79112979036101, 30.366600472550232], [72.7912085251712, 30.36667626547446], [72.79129419359487, 30.366744123111364], [72.79138599915221, 30.36680341457229], [72.79148308830506, 30.366853588610372], [72.79158455839239, 30.366894178745603], [72.79168946602255, 30.3669248076018], [72.79179683584427, 30.366945190415183], [72.79190566961469, 30.366955137681863], [72.79201495548027, 30.36695455691973], [72.79212367738421, 30.366943453528265], [72.79223082451301, 30.366921930738354], [72.79233540069427, 30.36689018865251], [72.79243643365824, 30.366848522384483], [72.79253298407733, 30.366797319315516], [72.79768868154355, 30.363735910787906], [72.79768868162733, 30.363735910738153], [72.79961068736914, 30.3625946403656], [72.80080458603588, 30.363067258161532], [72.800677023, 30.362768926], [72.799845423, 30.359478114], [72.79972033, 30.357371103], [72.800229267, 30.356124935], [72.80171891900001, 30.355323359], [72.804277765, 30.355440028], [72.804935737, 30.355706576], [72.805779257, 30.356048296], [72.806341512, 30.357049007], [72.806508922, 30.357545819], [72.806951726, 30.358840428], [72.808102137, 30.359269779], [72.808640311, 30.359139253], [72.809301894, 30.357810688], [72.809487477, 30.357141497], [72.81000263700001, 30.355312246], [72.810343719, 30.352764243], [72.810309184, 30.351963364], [72.810098271, 30.349912487], [72.810005013, 30.349005173], [72.809916982, 30.348148723], [72.809580948, 30.347554483], [72.809102467, 30.346710064], [72.807032911, 30.345921268], [72.805844741, 30.345994954], [72.80462043700001, 30.34607169], [72.804172018, 30.34610015], [72.80333592, 30.3462503], [72.800715784, 30.346722682], [72.799423595, 30.346955366], [72.798553446, 30.346948441], [72.797668334, 30.346936435], [72.796505507, 30.34692005], [72.79443680700001, 30.346051109], [72.793977923, 30.344797635], [72.794059882, 30.343409316], [72.794641602, 30.342181249], [72.794877998, 30.341682195], [72.795046059, 30.341279778], [72.795764377, 30.339559737], [72.796090011, 30.338390048], [72.796253253, 30.337850299], [72.795933238, 30.335798197], [72.795355946, 30.334812079], [72.794907163, 30.334044213], [72.79303865300001, 30.332301005], [72.791463963, 30.331840981], [72.790840898, 30.331881069], [72.789481068, 30.332101888], [72.78846201673188, 30.333102086617654], [72.78898443112153, 30.334756514044532], [72.78902330721976, 30.33486132282818], [72.78907231865125, 30.334961792284865], [72.78913098866656, 30.335056945116914], [72.78919874656418, 30.335145855743118], [72.78927493324198, 30.33522765930215], [72.78935880760841, 30.33530156006533], [72.78944955379141, 30.335366839176938], [72.78954628907464, 30.335422861646745], [72.78964807248387, 30.33546908252675], [72.79076396873329, 30.33591082221587], [72.78964807248387, 30.336352561904988], [72.78953982150028, 30.336402140138], [72.78943736870364, 30.336462800677882], [72.78934184466988, 30.33653387413009], [72.78925430351534, 30.33661457619263], [72.78917571126459, 30.336704016310932], [72.78910693519028, 30.336801207505175], [72.78721789200338, 30.339792400819242], [72.7871654515, 30.339884756036966], [72.78712188563608, 30.33998161422267], [72.78708757692766, 30.340082124944296], [72.78706282661126, 30.34018540569988], [72.78704785199906, 30.340290549666065], [72.7870427845708, 30.340396633660177], [72.78704766881943, 30.34050272624593], [72.78706246186034, 30.340607895911596], [72.78708703380804, 30.340711219248856], [72.78712116891644, 30.340811789060478], [72.78716456747325, 30.34090872232568], [72.7907222836503, 30.34795052589319], [72.78789687515541, 30.355779807061356], [72.7872454849308, 30.354748367389575], [72.78715416209224, 30.354623528355443], [72.78337607571845, 30.350136738384343], [72.7832983466013, 30.350053331153973], [72.78321263141353, 30.34997815477258], [72.7821431913858, 30.34913145579742], [72.77887043044446, 30.34891329648024], [72.77907666930102, 30.347667637945694], [72.78175280616969, 30.348822379314566], [72.77943454503975, 30.346986961458512], [72.77934478315052, 30.346922748510774], [72.77924920159691, 30.346867570018354], [72.77914870663913, 30.34682194915826], [72.77904425112399, 30.346786318486444], [72.77893682545053, 30.3467610158365], [72.77882744817938, 30.346746281116474], [72.77871715637541, 30.346742254034194], [72.77860699577461, 30.34674897277259], [72.77849801086896, 30.346766373627684], [72.77839123500308, 30.3467942916126], [72.77828768057648, 30.346832462021883], [72.77818832944443, 30.346880522941316], [72.77809412360855, 30.346938018679438], [72.77800595628511, 30.34700440408818], [72.77792466343601, 30.347079049731725], [72.77785101584254, 30.34716124785452], [72.7777857117972, 30.347250219091872], [72.7777293704828, 30.347345119859565], [72.77768252610173, 30.3474450503523], [72.77764562281078, 30.347549063075235], [72.77761901050994, 30.34765617182772], [72.77760294152475, 30.347765361053977], [72.77759756821395, 30.347875595472136], [72.77759756821395, 30.35113685264445], [72.77598227345973, 30.354334012787866], [72.77565619577128, 30.355108501223345], [72.77399458969514, 30.357739560703642]]], [[[72.81960517186579, 30.36809971617798], [72.82383726028242, 30.36894236982614], [72.823813844, 30.368887936], [72.823449771, 30.368150905], [72.822782161, 30.367409335], [72.821153504, 30.367572657], [72.820482352, 30.367640616], [72.81960517186579, 30.36809971617798]]], [[[73.16485709806953, 30.796667887144434], [73.16485142152692, 30.796554592582144], [73.16485142152692, 30.790900143912285], [73.15935939982121, 30.782203837379537], [73.1593068855338, 30.7821113367192], [73.1592632737823, 30.78201432054696], [73.15922894866124, 30.781913643297248], [73.15920421247657, 30.78181019164809], [73.15918928308318, 30.781704876712027], [73.15918429196624, 30.78159862601181], [73.15918429196624, 30.779021074620413], [73.15590364249162, 30.775125032099105], [73.15058328466634, 30.77372095102199], [73.15047461798454, 30.77368633898544], [73.15036997966601, 30.773640981923155], [73.15027042911798, 30.773585339051248], [73.15017697423677, 30.773519973724177], [73.15009056120329, 30.773445547731068], [73.15001206490349, 30.773362814595487], [73.14994228007062, 30.773272611946375], [73.14988191323896, 30.773175853037532], [73.14983157559053, 30.773073517501395], [73.14979177676722, 30.77296664143078], [73.14976291971094, 30.772856306889008], [73.14974529658402, 30.77274363095456], [73.14973908581123, 30.77262975441129], [73.14974435027334, 30.772515830198568], [73.14976103667047, 30.77240301173839], [73.14978897606174, 30.772292441257605], [73.14982788557569, 30.77218523822346], [73.15055766141276, 30.770451899923074], [73.15162811921867, 30.767909385606107], [73.15162811921867, 30.76627329127104], [73.15162811921867, 30.757669079499276], [73.15163159150643, 30.757580427905523], [73.15164198709479, 30.757492319485948], [73.15179266100576, 30.756537984935587], [73.15334821129062, 30.74668548046341], [73.15353103028168, 30.74552754622968], [73.15355456239078, 30.745415547752504], [73.15358926879858, 30.74530649325096], [73.1536347956633, 30.745201494566977], [73.15369067882547, 30.74510162219225], [73.15375634854026, 30.74500789435429], [73.15383113528607, 30.744921266635288], [73.15391427659058, 30.744842622229687], [73.15400492480435, 30.744772762939757], [73.15410215574283, 30.744712401001], [73.15420497810872, 30.74466215182069], [73.1543123435985, 30.74462252770364], [73.15442315759022, 30.744593932629083], [73.15453629030344, 30.74457665813201], [73.1546505883177, 30.744570880330873], [73.16199058258566, 30.744570880330873], [73.16541230267075, 30.74321635515218], [73.16754860556358, 30.741524997597683], [73.16891054029058, 30.737211903987255], [73.17094868898074, 30.733984610520697], [73.17247601763084, 30.730356952393375], [73.17419082668427, 30.72492634560669], [73.17069365894257, 30.719388777784136], [73.17063996940556, 30.7192939534535], [73.17059563398108, 30.719194411551765], [73.170561062467, 30.71909107215715], [73.17053657441215, 30.718984890448578], [73.17052239616267, 30.718876847876842], [73.1705186587699, 30.718767943092924], [73.17052539677901, 30.718659182717335], [73.17054254790976, 30.718551572035803], [73.1705699536321, 30.718446105707297], [73.17060736063151, 30.71834375857026], [73.17216219143545, 30.71465077827935], [73.16976293381283, 30.712751233734977], [73.16291031197893, 30.718176603773], [73.16282221106819, 30.71823974472868], [73.16272848168168, 30.718294181415395], [73.16262998100288, 30.718339415993242], [73.16252760985019, 30.71837503477837], [73.16242230443865, 30.718400712026252], [73.162315027818, 30.718416212910718], [73.16220676106526, 30.718421395671513], [73.15882303631543, 30.718421395671513], [73.15535413923136, 30.721167797087066], [73.1552587186228, 30.72123563148918], [73.1551568095776, 30.72129326086671], [73.15504949941271, 30.721340070343928], [73.15493793307222, 30.72137556048786], [73.15482330091143, 30.721399352636983], [73.15470682599636, 30.721411192941336], [73.15458975105427, 30.721410955070976], [73.1544733252144, 30.72139864156386], [73.14511619212584, 30.719916992328546], [73.14157432849731, 30.719916992328546], [73.13617464354424, 30.72134200841092], [73.13062209201377, 30.724272725776054], [73.13052239101238, 30.724319308601427], [73.13041864245781, 30.724356003106777], [73.1303118243726, 30.724382463378348], [73.13020294371532, 30.724398439979], [73.13009302688809, 30.724403782299646], [73.1263149405143, 30.724403782299646], [73.12620667376157, 30.72439859953885], [73.12609939714092, 30.724383098654386], [73.12599409172938, 30.724357421406502], [73.12589172057669, 30.724321802621375], [73.12579321989789, 30.72427656804353], [73.12569949051138, 30.724222131356814], [73.12561138960064, 30.724158990401133], [73.12108492166097, 30.720575287092647], [73.11795397221172, 30.720821272908367], [73.11747057695439, 30.7203085948231], [73.12077399253661, 30.720329117729136], [73.12007526618532, 30.719775920850203], [73.11665354610024, 30.718421395671513], [73.11330781668566, 30.718421395671513], [73.10996391818657, 30.719745114327445], [73.10446926295273, 30.725545432044754], [73.10438599802053, 30.725624837210127], [73.10429511183699, 30.725695391663308], [73.1041975409748, 30.72575636834798], [73.10409429089155, 30.725807138905736], [73.10398642556868, 30.72584718015125], [73.1038750565471, 30.725876079463635], [73.10376133147305, 30.72589353903848], [73.1036464222716, 30.72589937895668], [73.09986833589781, 30.72589937895668], [73.09975656785463, 30.725893854725907], [73.09964588930914, 30.72587733588294], [73.09953737913881, 30.72584998345093], [73.09943209508408, 30.72581206405717], [73.09933106343775, 30.72576394733408], [73.09923526904075, 30.72570610231609], [73.09914564568214, 30.725639092867528], [73.09906306699666, 30.725563572186207], [73.09898833794864, 30.725480276436116], [73.09892218698532, 30.72539001757142], [73.09886525893616, 30.725293675421657], [73.098818108727, 30.72519218911529], [73.09878119597086, 30.725086547925233], [73.09875488048759, 30.72497778162557], [73.09873941879647, 30.72486695045346], [73.0987349616157, 30.72475513477414], [73.09874155239321, 30.72464342454965], [73.09875912688308, 30.724532908714096], [73.09878751377191, 30.724424664558846], [73.09906455310315, 30.723547312255768], [73.09735878721146, 30.72152157421311], [73.09856497309177, 30.71770171962672], [73.09538669861035, 30.715185410458933], [73.09529129472968, 30.715100720183948], [73.09520601222134, 30.715005845335355], [73.09513193146687, 30.714901987813036], [73.09135384509308, 30.708919601184903], [73.09129995490643, 30.708824378806728], [73.09125549729939, 30.708724403936387], [73.0912208865641, 30.708620608221032], [73.09119644523156, 30.708513958913553], [73.09118240106595, 30.70840544985893], [73.09117888494225, 30.70829609223278], [73.09118592962655, 30.708186905118403], [73.09120346947076, 30.70807890601013], [73.09123134102434, 30.70797310133148], [73.09301261640404, 30.702332003189042], [73.09148147226819, 30.697483042473046], [73.08853407677645, 30.697483042473046], [73.08842298160977, 30.69747758471748], [73.08831295635028, 30.69746126401196], [73.08820506060135, 30.697434237533795], [73.08810033345807, 30.697396765562747], [73.08799978350004, 30.697349208974384], [73.08790437907834, 30.697292025764646], [73.0878150389897, 30.6972257666391], [73.08773262362801, 30.697151069709353], [73.08765792669826, 30.697068654347664], [73.08759166757272, 30.696979314259025], [73.08753448436298, 30.69688390983732], [73.08748692777462, 30.696783359879298], [73.08744945580357, 30.696678632736006], [73.0874224293254, 30.696570736987088], [73.08740610861989, 30.696460711727592], [73.08740065086432, 30.69634961656091], [73.08740065086432, 30.690915522542294], [73.084052439489, 30.688264670632332], [73.08396713734103, 30.688189894803802], [73.08388973682646, 30.688106966875306], [73.08382101323605, 30.688016717503555], [73.0837616549472, 30.6879200506813], [73.08371225652873, 30.68781793468239], [73.08367331278532, 30.687711392362957], [73.08364521380128, 30.687601490915853], [73.08362824103315, 30.687489331181], [73.08362256449054, 30.68737603661871], [73.08362256449054, 30.68465490716291], [73.08016040958944, 30.67780224845698], [73.0769836391755, 30.67654468927458], [73.07342173128131, 30.67654468927458], [73.07331346452858, 30.676539506513784], [73.07320618790793, 30.676524005629318], [73.07310088249639, 30.676498328381435], [73.0729985113437, 30.676462709596308], [73.0729000106649, 30.67641747501846], [73.07280628127839, 30.676363038331747], [73.07271818036764, 30.676299897376065], [73.06924928328358, 30.673553495960512], [73.06586555853374, 30.673553495960512], [73.06575446336706, 30.673548038204945], [73.06564443810757, 30.673531717499426], [73.06553654235864, 30.67350469102126], [73.06543181521536, 30.673467219050213], [73.06533126525733, 30.67341966246185], [73.06523586083563, 30.673362479252113], [73.06514652074699, 30.673296220126566], [73.0650641053853, 30.67322152319682], [73.06498940845555, 30.67313910783513], [73.06492314933001, 30.67304976774649], [73.06486596612027, 30.672954363324788], [73.06481840953191, 30.672853813366764], [73.06478093756085, 30.672749086223472], [73.06475391108269, 30.672641190474554], [73.06473759037718, 30.67253116521506], [73.06473213262161, 30.672420070048375], [73.06473213262161, 30.669428876734308], [73.06473773731102, 30.66931629970341], [73.0647544959499, 30.669204836039142], [73.06478224279832, 30.669095588097136], [73.06482070344491, 30.66898963631993], [73.06486949752077, 30.668888028551585], [73.0649281424613, 30.668791769674687], [73.06499605827851, 30.66870181167226], [73.06507257329719, 30.668619044212793], [73.06515693079751, 30.66854428585161], [73.06524829649898, 30.66847827593548], [73.06534576681116, 30.66842166729063], [73.06544837777018, 30.668375019766394], [73.06975521476244, 30.66667011141578], [73.06975521476244, 30.66600376487507], [73.0699452011189, 30.666594903246487], [73.07300455051775, 30.665383826452327], [73.07311361770088, 30.665346940407495], [73.07322586427999, 30.6653213096405], [73.07334013199285, 30.665307198632895], [73.07345524172135, 30.66530475299488], [73.07357000565865, 30.665313997962773], [73.08483044752677, 30.666799854165138], [73.08831789829685, 30.666799854165138], [73.09532933288462, 30.66402430138709], [73.09859425238187, 30.65885448555707], [73.0969346763427, 30.654912718010124], [73.09689611283072, 30.654806640062894], [73.09686829101014, 30.65469725257895], [73.0968514867847, 30.65458564033342], [73.09684586679879, 30.654472910163975], [73.09684586679879, 30.649986120192874], [73.09685085791573, 30.649879869492658], [73.09686578730911, 30.649774554556593], [73.09689052349378, 30.649671102907437], [73.09692484861485, 30.649570425657725], [73.09696846036634, 30.649473409485484], [73.09702097465376, 30.649380908825147], [73.09722367543615, 30.649059943571803], [73.09883168623317, 30.646513749192362], [73.10019362096017, 30.64220065558193], [73.1006765569588, 30.640671251764978], [73.100714873437, 30.640567752354237], [73.10076307429519, 30.64046847014135], [73.10082070252328, 30.640374346457545], [73.10088721172681, 30.640286273724133], [73.10096197130756, 30.640205086991134], [73.10104427244235, 30.640131556019863], [73.10113333480386, 30.640066377984542], [73.10122831395903, 30.64001017086213], [73.1068954435197, 30.637018977548063], [73.1069951445211, 30.63697239472269], [73.10709889307566, 30.63693570021734], [73.10720571116087, 30.63690923994577], [73.10731459181815, 30.636893263345115], [73.10742450864538, 30.63688792102447], [73.11080823339522, 30.63688792102447], [73.11427713047928, 30.634141519608917], [73.11436808028213, 30.634076542497745], [73.11446498793055, 30.634020839721355], [73.11456691095019, 30.633974953016498], [73.11467285808983, 30.63393932865383], [73.11478179896173, 30.633914313097712], [73.11489267406257, 30.633900149636663], [73.11500440507777, 30.633896976017272], [73.11511590536853, 30.633904823104547], [73.11522609053995, 30.633923614581715], [73.11533388898734, 30.63395316769247], [73.11543825231806, 30.633993195018355], [73.11553816554765, 30.634043307274034], [73.11563265697106, 30.634103017093306], [73.11572080761297, 30.63417174376896], [73.11580176016527, 30.63424881890045], [73.11587472732475, 30.634333492894406], [73.11593899945011, 30.634424942254814], [73.1174944566793, 30.63688792102447], [73.12053671880102, 30.63688792102447], [73.12707055778907, 30.635594675346457], [73.12707055778907, 30.63376342745791], [73.1255623535235, 30.630181192906544], [73.11875876776674, 30.630181192906544], [73.11864899361879, 30.630175864479], [73.11854025160464, 30.630159929296052], [73.1184335641536, 30.630133537185703], [73.11832993437731, 30.630096936295526], [73.11823033663808, 30.630050470759517], [73.11813570738765, 30.62999457746241], [73.11804693636238, 30.629929781931956], [73.11796485821753, 30.62985669339772], [73.1178902446797, 30.62977599906291], [73.11782379729071, 30.629688457643045], [73.11776614081143, 30.629594892232266], [73.11771781734767, 30.629496182564314], [73.11767928125302, 30.629393256740993], [73.11765089485692, 30.629287082505822], [73.11763292505792, 30.629178658144998], [73.11762554081415, 30.62906900310115], [73.11762881155478, 30.628959148388223], [73.11764270652719, 30.628850126897504], [73.11766709508616, 30.62874296368605], [73.11770174792215, 30.628638666338748], [73.11774633921746, 30.628538215494647], [73.11780044970958, 30.62844255562668], [73.11963951418014, 30.62553050079032], [73.12122308642383, 30.621769254826887], [73.11789177254815, 30.61781304414], [73.1178250382932, 30.617725491651413], [73.11776711245717, 30.61763187810239], [73.11771854148851, 30.61753308660456], [73.11767978358573, 30.61743004911618], [73.11765120437488, 30.61732373765044], [73.11763307346047, 30.61721515510588], [73.11762556188205, 30.617105325805465], [73.11762874050079, 30.61699528583353], [73.11764257933089, 30.616886073261806], [73.11766694782254, 30.616778718356677], [73.11770161609343, 30.61667423386006], [73.11774625709738, 30.61657360543561], [73.11780044970958, 30.616477782370414], [73.11968949289647, 30.613486589056347], [73.11975438279114, 30.613394347617938], [73.1198281183923, 30.613309011561594], [73.11990996965416, 30.6132314257876], [73.11999912617885, 30.613162358461782], [73.12009470524019, 30.61310249341001], [73.12019576052336, 30.613052423347746], [73.12030129149421, 30.613012644011615], [73.12041025330545, 30.612983549251236], [73.12052156714154, 30.61296542712973], [73.12063413089984, 30.612958457071674], [73.12074683010242, 30.61296270808663], [73.12085854893036, 30.6129781380859], [73.12096818127124, 30.61300459429923], [73.1210746416707, 30.61304181478738], [73.1211768760793, 30.61308943103553], [73.12518151460218, 30.61520313742721], [73.12518151460218, 30.611100607110007], [73.12518650571911, 30.61099435640979], [73.1252014351125, 30.610889041473726], [73.12522617129717, 30.61078558982457], [73.12526049641824, 30.610684912574857], [73.12530410816973, 30.610587896402617], [73.12535662245715, 30.61049539574228], [73.12724566564404, 30.607504202428213], [73.1273099377694, 30.607412753067806], [73.12738290492888, 30.60732807907385], [73.12746385748117, 30.60725100394236], [73.12755200812309, 30.607182277266705], [73.1276464995465, 30.607122567447433], [73.12774641277609, 30.607072455191755], [73.12785077610681, 30.60703242786587], [73.1279585745542, 30.607002874755114], [73.12806875972562, 30.606984083277947], [73.12818026001638, 30.606976236190672], [73.12829199103157, 30.606979409810062], [73.12840286613242, 30.60699357327111], [73.12851180700432, 30.60701858882723], [73.12861775414396, 30.607054213189897], [73.1287196771636, 30.607100099894755], [73.12881658481201, 30.607155802671144], [73.12890753461487, 30.607220779782317], [73.13268562098865, 30.610211973096384], [73.13277124890764, 30.610287064813388], [73.13284890864028, 30.610370370709926], [73.13291781607127, 30.61046104966244], [73.13297727545554, 30.610558186103045], [73.1330266864432, 30.610660799263858], [73.13379520598387, 30.612486160267586], [73.13628068879028, 30.61445397116897], [73.13764919963566, 30.61445397116897], [73.13776320050471, 30.614459718891126], [73.13787604515294, 30.614476903762988], [73.13798658908615, 30.61450535149196], [73.1380937111445, 30.61454477355519], [73.13819632487352, 30.6145947701258], [73.13829338954314, 30.614654834128054], [73.13838392070303, 30.614724356380183], [73.13846700016714, 30.614802631772864], [73.13854178532601, 30.614888866420586], [73.13860751769282, 30.61498218571338], [73.14218820264885, 30.620651998333123], [73.14542155086284, 30.621931954454137], [73.1482748625354, 30.621931954454137], [73.15095509702459, 30.621931954454137], [73.15162811921867, 30.621931954454137], [73.15162811921867, 30.618578590395174], [73.1516336876139, 30.618466377562335], [73.15165033808576, 30.618355267307788], [73.15167790703045, 30.618246351376133], [73.15171612356166, 30.61814069995105], [73.15176461217224, 30.618039351139895], [73.15182289642394, 30.617943300773504], [73.15189040362867, 30.61785349262138], [73.15196647047568, 30.617770809118408], [73.1520503495491, 30.617696062694264], [73.15214121667184, 30.61762998779066], [73.15223817900377, 30.617573233644872], [73.15234028381465, 30.617526357910492], [73.15244652784536, 30.61748982117804], [73.15255586716572, 30.617463982449312], [73.15266722743193, 30.617449095609892], [73.15277951444284, 30.61744530693455], [73.1528916248913, 30.617452653649966], [73.153002457205, 30.61747106356895], [73.15311092237036, 30.617500355799745], [73.1532159546328, 30.61754024252341], [73.15331652196873, 30.617590331821894], [73.15341163622593, 30.617650131528908], [73.15350036283286, 30.617719054065855], [73.15358182998169, 30.617796422215246], [73.15365523719437, 30.617881475774887], [73.15371986318796, 30.617973379027447], [73.15560890637485, 30.620964572341514], [73.15565546450874, 30.621045495487966], [73.15569520468591, 30.62112997586309], [73.1575842478728, 30.62561676583419], [73.15762281138478, 30.62572284378142], [73.15765063320536, 30.625832231265367], [73.1576674374308, 30.625943843510896], [73.15767305741672, 30.62605657368034], [73.15767305741672, 30.6269764568677], [73.15774576258686, 30.627005238001495], [73.1607978803657, 30.63062988023725], [73.16283469719424, 30.629823584102557], [73.16108720302925, 30.618755350408502], [73.16107519666157, 30.61864352342687], [73.16107433231161, 30.618531057078187], [73.16108461849026, 30.618419058769202], [73.16110595391403, 30.618308631298078], [73.16113812850237, 30.61820086199562], [73.16118082544624, 30.618096812018827], [73.16123362432758, 30.617997505902117], [73.161296005259, 30.617903921469217], [73.16136735400286, 30.61781698020493], [73.16144696801942, 30.617737538181704], [73.16153406338441, 30.617666377630254], [73.16162778250805, 30.61760419923728], [73.16172720257926, 30.61755161524611], [73.16183134465226, 30.61750914342821], [73.16193918328581, 30.61747720198492], [73.16204965664025, 30.6174561054296], [73.16216167693297, 30.617446061490767], [73.16227414114933, 30.61744716906668], [73.1623859419036, 30.61745941725152], [73.16249597834283, 30.617482685442795], [73.16816310790351, 30.618978282099828], [73.1682717745853, 30.61901289413638], [73.16837641290384, 30.619058251198663], [73.16847596345187, 30.61911389407057], [73.16856941833308, 30.61917925939764], [73.16865583136656, 30.61925368539075], [73.16873432766636, 30.61933641852633], [73.16880411249923, 30.619426621175442], [73.16886447933089, 30.619523380084285], [73.16891481697932, 30.619625715620423], [73.16895461580263, 30.619732591691037], [73.16898347285891, 30.61984292623281], [73.16900109598583, 30.619955602167256], [73.16900730675862, 30.620069478710526], [73.16900204229651, 30.62018340292325], [73.16898535589938, 30.620296221383427], [73.1689574165081, 30.620406791864212], [73.16891850699416, 30.620513994898356], [73.16721463316458, 30.624560977023307], [73.16870217067961, 30.628094124624386], [73.17383023746419, 30.62944745869906], [73.17393148985602, 30.62947932054349], [73.17402931758392, 30.62952051471338], [73.17412286263738, 30.62957067991003], [73.17421130456758, 30.629629376153197], [73.17429386768333, 30.62969608864001], [73.17436982785432, 30.629770232260118], [73.17443851886222, 30.629851156727465], [73.17449933824378, 30.629938152283714], [73.17827742461756, 30.635920538911847], [73.17832993890498, 30.636013039572184], [73.17837355065647, 30.636110055744425], [73.17840787577754, 30.636210732994137], [73.17843261196221, 30.636314184643293], [73.1784475413556, 30.636419499579358], [73.17845253247253, 30.636525750279574], [73.17845253247253, 30.63951694359364], [73.17844867941938, 30.639610321613368], [73.17843714645662, 30.63970306476059], [73.17841801199629, 30.639794542479265], [73.17664809400088, 30.646800955714053], [73.17794383865986, 30.648852694280738], [73.19243145205554, 30.648852694280738], [73.19254096355, 30.648857997180574], [73.19264945031318, 30.648873856259282], [73.19275589720255, 30.648900123118803], [73.19285930816322, 30.648936551972405], [73.19295871554844, 30.648982801944584], [73.19305318917407, 30.64903844026075], [73.19314184502258, 30.64910294629681], [73.19322385351514, 30.649175716450813], [73.19329844727413, 30.649256069791015], [73.19575483412564, 30.65217323229079], [73.19777731680962, 30.652573543194485], [73.2013041232217, 30.653969667940736], [73.20190399933217, 30.65444460292988], [73.20398578130396, 30.654856650968174], [73.20409843676431, 30.654885018020057], [73.20420759677428, 30.654924767669144], [73.20431211455282, 30.654975482325295], [73.20441089208786, 30.65503662920542], [73.20450289167151, 30.65510756593066], [73.20458714680166, 30.65518754727488], [73.2046627723356, 30.655275732993655], [73.20472897378889, 30.655371196651455], [73.20478505568182, 30.655472935354336], [73.2048304288458, 30.65557988028582], [73.20486461661278, 30.655690907935384], [73.20643756682644, 30.66191760274456], [73.20901565997401, 30.660897036481227], [73.2091176659184, 30.66086216982413], [73.20922252291301, 30.660837151687794], [73.20932928242854, 30.660822208384594], [73.20943697872558, 30.660817475090653], [73.20954463759065, 30.66082299462303], [73.20965128514891, 30.660838717052403], [73.20975595667369, 30.660864500154734], [73.20985770531342, 30.66090011069781], [73.20995561065675, 30.660945226551053], [73.21004878705851, 30.660999439599486], [73.21013639165125, 30.661062259435518], [73.21282557954143, 30.66319134809088], [73.21597737089786, 30.65695299333933], [73.21602760712719, 30.65686381012211], [73.21608568435066, 30.656779522750078], [73.2215227171337, 30.649605160520114], [73.2215227171337, 30.644331671523016], [73.22000618321952, 30.64193032562679], [73.2127937463478, 30.63907520390452], [73.21268549536421, 30.63902562567151], [73.21258304256757, 30.638964965131628], [73.2124875185338, 30.63889389167942], [73.21239997737926, 30.63881318961688], [73.21232138512852, 30.638723749498578], [73.2122526090542, 30.638626558304335], [73.21036356586731, 30.635635364990268], [73.2103098763303, 30.635540540659633], [73.21026554090582, 30.635440998757897], [73.21023096939174, 30.63533765936328], [73.2102064813369, 30.63523147765471], [73.21019230308741, 30.635123435082974], [73.21018856569464, 30.635014530299056], [73.21019530370376, 30.634905769923467], [73.2102124548345, 30.634798159241935], [73.21023986055684, 30.63469269291343], [73.21027726755625, 30.63459034577639], [73.21198114138583, 30.63054336365144], [73.21029251821703, 30.626532604367938], [73.2065321549634, 30.619089700533884], [73.20648771573252, 30.61899010648435], [73.20645305411031, 30.618886702461758], [73.20642849100729, 30.618780445820022], [73.20641425383803, 30.6186723203237], [73.2064104744157, 30.618563327039915], [73.20641718773163, 30.618454475070102], [73.20643433163139, 30.618346772207353], [73.20646174739018, 30.618241215605888], [73.20649918118247, 30.618138782549025], [73.207588445166, 30.61555160045012], [73.20950874801557, 30.610990563610553], [73.21027726755625, 30.609165202606825], [73.21032514635952, 30.60906541011484], [73.21038253040746, 30.608970763444002], [73.21044887246535, 30.608882165178702], [73.21052353987166, 30.608800460223566], [73.2106058205714, 30.608726427746173], [73.2106949299065, 30.608660773746614], [73.21079001809855, 30.608604124324824], [73.2108901783527, 30.608557019709885], [73.21099445550504, 30.60851990910819], [73.21110185513149, 30.60849314641967], [73.21121135303093, 30.60847698686285], [73.21132190499237, 30.608471584541036], [73.2114324567529, 30.608476990972683], [73.21154195405153, 30.60849315460014], [73.21799961880374, 30.60977132307753], [73.21965798289898, 30.601893545118262], [73.21968729967034, 30.601782519038725], [73.21972769999135, 30.60167502914394], [73.21977876917518, 30.601572178758023], [73.21983998302495, 30.601475023583102], [73.21991071321452, 30.601384560863135], [73.21999023373772, 30.60130171914773], [73.2200777283605, 30.601227348761128], [73.22017229899913, 30.60116221307407], [73.22027297493848, 30.601106980668234], [73.22037872279591, 30.601062218473615], [73.22048845712837, 30.6010283859493], [73.22060105157381, 30.60100583036737], [73.22071535041273, 30.600994783248364], [73.22083018043102, 30.600995357984818], [73.22094436296223, 30.60100754867739], [73.22907888988127, 30.602295605123224], [73.22907888988127, 30.59913583385374], [73.22908498349982, 30.599018461803603], [73.22910319883344, 30.598902351804195], [73.23096793306816, 30.59004424742507], [73.23096793306816, 30.587719353206992], [73.22761972169283, 30.58506850129703], [73.22753441954487, 30.5849937254685], [73.2274570190303, 30.584910797540005], [73.22738829543988, 30.584820548168253], [73.22732893715103, 30.584723881345997], [73.22727953873256, 30.584621765347087], [73.22724059498915, 30.584515223027655], [73.22721249600511, 30.58440532158055], [73.22719552323699, 30.584293161845697], [73.22718984669437, 30.584179867283407], [73.22718984669437, 30.58173696657886], [73.22195259213215, 30.577590518011863], [73.22185718825148, 30.57750582773688], [73.22177190574314, 30.577410952888286], [73.22169782498867, 30.577307095365967], [73.21985017414994, 30.574381444500023], [73.21612201826656, 30.569953951114933], [73.21605428333247, 30.569864941928568], [73.21599565130482, 30.56976968993704], [73.21594669317396, 30.56966912275563], [73.21590788572055, 30.569564219761798], [73.21587960687253, 30.569456002557487], [73.21586213202455, 30.569345525020207], [73.21585563135615, 30.569233863039816], [73.21586016817429, 30.56912210404091], [73.21587569829703, 30.569011336392915], [73.21590207048364, 30.568902638810936], [73.21593902790754, 30.56879706985066], [73.21598621065739, 30.568695657599577], [73.21604315924215, 30.568599389664886], [73.21610931906575, 30.568509203555674], [73.21618404582817, 30.568425977552916], [73.21626661179985, 30.56835052215633], [73.21635621290885, 30.568283572191262], [73.21645197657121, 30.568225779652597], [73.21655297018874, 30.568177707355247], [73.21665821023112, 30.56813982345318], [73.21676667181403, 30.568112496880264], [73.21687729868006, 30.568095993757414], [73.21698901348515, 30.568090474800936], [73.23705989231935, 30.568090474800936], [73.23729294345192, 30.568028970914174], [73.24067957969616, 30.564007060340113], [73.2407538095578, 30.56392706297356], [73.24083538891318, 30.56385457532089], [73.24092356146417, 30.563790269393753], [73.24101750978907, 30.56373474135343], [73.24456904401377, 30.561860189993016], [73.24456904401377, 30.55968090073491], [73.24436634323138, 30.559359935481567], [73.24431978509749, 30.559279012335114], [73.24428004492032, 30.55919453195999], [73.24239100173342, 30.55470774198889], [73.24235243822145, 30.55460166404166], [73.24232461640086, 30.554492276557713], [73.24230781217543, 30.554380664312184], [73.24230219218951, 30.55426793414274], [73.24230219218951, 30.552631391666683], [73.24123466534128, 30.548405470320414], [73.23723942341529, 30.546296723589084], [73.23714379937114, 30.546240090812603], [73.23705418136232, 30.546174365310037], [73.23697143101563, 30.546100178995154], [73.23689634392916, 30.54601824512769], [73.23682964202305, 30.545929351455737], [73.23677196659865, 30.545834352642], [73.23672387217275, 30.54573416204669], [73.23576343903544, 30.543452974513094], [73.23543253056019, 30.542667012160088], [73.235126832, 30.542610335], [73.23512382807931, 30.542609782072642], [73.232928575, 30.542205705], [73.231915267, 30.542013412], [73.230118913, 30.540382109], [73.22979863, 30.539018381], [73.23006590300001, 30.538339486], [73.230239913, 30.537912728], [73.23063210537921, 30.537612544674285], [73.22925399773624, 30.535430388969033], [73.22920148344882, 30.535337888308696], [73.22915787169732, 30.535240872136455], [73.22912354657626, 30.535140194886743], [73.22909881039159, 30.535036743237587], [73.2290838809982, 30.534931428301523], [73.22907888988127, 30.534825177601306], [73.22907888988127, 30.53084961197261], [73.228471987, 30.530847492], [73.227531955, 30.530678151], [73.226337891, 30.530462458], [73.223962557, 30.530907338], [73.22255263000001, 30.531481926], [73.220649021, 30.53283595], [73.219588273, 30.533592116], [73.219123471, 30.533818743], [73.218664602, 30.534030697], [73.21706690100001, 30.53413882], [73.21498936, 30.533382056], [73.21463972, 30.533070233], [73.214295141, 30.53275499], [73.213560051, 30.530829967], [73.213727416, 30.529057189], [73.214920027, 30.526568687], [73.215919755, 30.525118957], [73.216242746, 30.524775207], [73.216677808, 30.524312186], [73.217092217, 30.523871146], [73.21817008900001, 30.522351195], [73.218277228, 30.52105], [73.217649894, 30.520350044], [73.216945705, 30.519947622], [73.215106356, 30.518896489], [73.21450214100001, 30.518548136], [73.213300913, 30.518481398], [73.21201377700001, 30.518420467], [73.210600851, 30.518827791], [73.209725287, 30.519667345], [73.209034313, 30.520744341], [73.206622452, 30.524451665], [73.204946735, 30.525236693], [73.20243918300001, 30.524841632], [73.20141625, 30.524281192], [73.200873386, 30.523980907], [73.199780165, 30.523399481], [73.19777416, 30.522426319], [73.19722633100001, 30.522163437], [73.19545873700001, 30.52165893], [73.193528621, 30.522278936], [73.192489756, 30.522899772], [73.192215602, 30.52332534], [73.191955322, 30.523729166], [73.191557362, 30.524346306], [73.190240753, 30.5260311], [73.18977796300001, 30.52634718], [73.189062021, 30.526832263], [73.188170704, 30.52683131], [73.187173408, 30.52658817], [73.18631301900001, 30.526373974], [73.185559936, 30.526083525], [73.18439779500001, 30.525591415], [73.18237401, 30.524248862], [73.18109066400001, 30.523158522], [73.180810022, 30.522120298], [73.181329027, 30.520801668], [73.18360069500001, 30.520600659], [73.184337581, 30.520497338], [73.18562664400001, 30.520299398], [73.186751105, 30.519912274], [73.188082463, 30.518824739], [73.18887146, 30.517350101], [73.188947933, 30.515714552], [73.188990927, 30.514853341], [73.18893185200001, 30.514116219], [73.188852743, 30.513504923], [73.188589796, 30.511439947], [73.188549176, 30.510564824], [73.188488656, 30.509268052], [73.18845001400001, 30.508440049], [73.188696495, 30.506714766], [73.188872136, 30.50592336], [73.189967373, 30.5046776], [73.191067622, 30.50359354], [73.193280085, 30.503139259], [73.193929032, 30.503204231], [73.19484535, 30.503295971], [73.19605467800001, 30.503417047], [73.196492475, 30.503460879], [73.197299295, 30.503716091], [73.197711446, 30.503846462], [73.19937216400001, 30.504371779], [73.200849414, 30.505404468], [73.202947817, 30.50687206], [73.204680706, 30.507232307], [73.206351061, 30.505911414], [73.206778895, 30.505052132], [73.207024429, 30.504691489], [73.20641211200001, 30.502215828], [73.205657103, 30.499839392], [73.205394227, 30.499008099], [73.20489009900001, 30.49838079], [73.203532005, 30.496671232], [73.203109881, 30.49613883], [73.2016991, 30.49515858], [73.200469039, 30.494881013], [73.199710902, 30.494713574], [73.199081387, 30.494593288], [73.198148029, 30.494618484], [73.194143162, 30.494723214], [73.191560014, 30.494459916], [73.190257255, 30.494179574], [73.187216243, 30.493525177], [73.184555121, 30.492952879], [73.180995048, 30.49228934], [73.179229874, 30.491960286], [73.178760014, 30.491320041], [73.177919797, 30.490188477], [73.17552311300001, 30.486964906], [73.173816566, 30.48561835], [73.172523397, 30.485110169], [73.171280013, 30.484641639], [73.17041873, 30.484316407], [73.169352265, 30.48413584], [73.167310135, 30.483798468], [73.166403884, 30.483647151], [73.165649716, 30.483521228], [73.163936815, 30.482345918], [73.16248393, 30.481332752], [73.160406864, 30.481471556], [73.155560053, 30.481730653], [73.155117712, 30.481754166], [73.151580018, 30.481942218], [73.151120019, 30.481960037], [73.149539542, 30.48204], [73.14874996, 30.482083409], [73.14782884, 30.482130867], [73.146352325, 30.482325888], [73.142707544, 30.482832968], [73.141220054, 30.48303798], [73.13984725600001, 30.4835353], [73.137469286, 30.48440038], [73.135960755, 30.484675054], [73.13455095, 30.484931944], [73.13308982, 30.48471184], [73.132193355, 30.484576893], [73.131543021, 30.484478957], [73.130826146, 30.484211506], [73.129156003, 30.483584441], [73.126839183, 30.482339627], [73.125935594, 30.481663163], [73.12555254, 30.481369527], [73.12458895, 30.48063141], [73.124464356, 30.479210552], [73.125722346, 30.478000282], [73.127501229, 30.477520967], [73.1281721, 30.477718213], [73.128801464, 30.477903383], [73.129842347, 30.478209287], [73.132798264, 30.478420105], [73.134516452, 30.478542646], [73.135036563, 30.478562822], [73.137161274, 30.478464529], [73.13785815, 30.478432052], [73.139431879, 30.478358709], [73.140256909, 30.4775369], [73.140151, 30.476139493], [73.139311381, 30.474389975], [73.138369163, 30.473769211], [73.136595048, 30.472598777], [73.13599398, 30.472207655], [73.13504635800001, 30.471949882], [73.132871336, 30.471432608], [73.1316468, 30.471179961], [73.130236518, 30.471427045], [73.129737745, 30.47151562], [73.12855897700001, 30.471724951], [73.127630015, 30.471889921], [73.12561767000001, 30.472521103], [73.123229894, 30.473270041], [73.121926568, 30.473347888], [73.119429006, 30.473497067], [73.11798819, 30.473563607], [73.11670779, 30.473149336], [73.11630111800001, 30.473018268], [73.113020011, 30.471970045], [73.111475696, 30.47147761], [73.10954204100001, 30.470861026], [73.109127506, 30.470729244], [73.10793924100001, 30.470383955], [73.106392389, 30.469934984], [73.10561052, 30.46970843], [73.104692967, 30.469516235], [73.101099296, 30.468764419], [73.100502074, 30.468640829], [73.098968659, 30.468482951], [73.097329109, 30.468338075], [73.093479525, 30.469121073], [73.092531514, 30.469314378], [73.09082016100001, 30.469410944], [73.08992667000001, 30.468872916], [73.088660609, 30.46811054], [73.087956296, 30.467841961], [73.08724982800001, 30.467572558], [73.086596788, 30.46690756], [73.086458629, 30.466297759], [73.086419085, 30.465820179], [73.086731872, 30.465255466], [73.087232782, 30.464376079], [73.089162666, 30.463198968], [73.09046712, 30.462859841], [73.091371099, 30.46281787], [73.096210163, 30.462581426], [73.097074119, 30.462494738], [73.101394761, 30.462061682], [73.10219147, 30.461981884], [73.102711275, 30.461929781], [73.104280123, 30.46095871], [73.105282767, 30.460020943], [73.105620678, 30.458611186], [73.105313027, 30.457629081], [73.104379946, 30.456624958], [73.104068077, 30.456289348], [73.102419098, 30.456230522], [73.10155855, 30.456199823], [73.0999211, 30.45567163], [73.098655416, 30.454135377], [73.098592278, 30.453339336], [73.099353321, 30.451509917], [73.10048942, 30.450227858], [73.101847279, 30.449029649], [73.101773007, 30.447609432], [73.101344778, 30.446453454], [73.100431416, 30.444890843], [73.09963852, 30.44434906], [73.09873982, 30.443748246], [73.097514961, 30.443113099], [73.095922295, 30.442294373], [73.095339884, 30.442307377], [73.094186119, 30.442447657], [73.092508086, 30.442619682], [73.091647089, 30.443258212], [73.090400777, 30.445960625], [73.088967829, 30.449058654], [73.08839071700001, 30.450299372], [73.08686928600001, 30.451850337], [73.085014265, 30.452326188], [73.084234488, 30.45235942], [73.0828223, 30.452420614], [73.081091423, 30.453491646], [73.080792183, 30.454310784], [73.081276113, 30.455800945], [73.081559119, 30.456462405], [73.081621583, 30.457253262], [73.081731861, 30.458649428], [73.08045099200001, 30.459699777], [73.079351613, 30.460142044], [73.077538777, 30.460220189], [73.075301017, 30.459348986], [73.07450797700001, 30.458085649], [73.073401646, 30.456083], [73.073125947, 30.455508771], [73.071848016, 30.451682496], [73.070939854, 30.448869069], [73.070640262, 30.447940955], [73.070562081, 30.44694857], [73.070761327, 30.446540378], [73.071581576, 30.44628456], [73.072320929, 30.446053973], [73.07297752800001, 30.445849196], [73.074065986, 30.445409185], [73.07518003700001, 30.444958827], [73.076104685, 30.444816385], [73.076980305, 30.444681496], [73.078503458, 30.444227739], [73.078920967, 30.44307538], [73.078930066, 30.441700111], [73.07786314, 30.44062148], [73.076490497, 30.439230596], [73.074978582, 30.437701269], [73.074450246, 30.437056752], [73.07285547100001, 30.435120241], [73.071778726, 30.433812178], [73.071724833, 30.433303338], [73.071627882, 30.431991034], [73.07197515, 30.430973031], [73.072180796, 30.430370182], [73.072537744, 30.428456604], [73.072663848, 30.427667605], [73.072576368, 30.426503097], [73.072459725, 30.424951305], [73.07240633100001, 30.424219849], [73.072328338, 30.423151424], [73.071250553, 30.420982302], [73.07068055900001, 30.42046707], [73.06864531100001, 30.418630195], [73.068091121, 30.418118722], [73.066973882, 30.41784098], [73.066009707, 30.417601288], [73.064730471, 30.417656507], [73.064163461, 30.417701426], [73.063094899, 30.418334645], [73.062021688, 30.418971038], [73.061281073, 30.419002572], [73.060179063, 30.419022019], [73.05917315100001, 30.418153425], [73.058469801, 30.417545299], [73.057558355, 30.416757081], [73.057467258, 30.415618311], [73.05738936600001, 30.414548797], [73.057284858, 30.413102629], [73.05728550900001, 30.412623544], [73.05759715900001, 30.411129517], [73.057542601, 30.410399257], [73.057497563, 30.409802345], [73.056899932, 30.408019005], [73.056346687, 30.40755878], [73.05505296, 30.406789063], [73.054413265, 30.406720194], [73.05387059, 30.406661969], [73.05351429000001, 30.406913923], [73.05270203900001, 30.407488295], [73.052354214, 30.407742772], [73.052164836, 30.408157538], [73.050614682, 30.41155705], [73.049501711, 30.412260125], [73.048973106, 30.412281432], [73.04692409, 30.412364028], [73.046493159, 30.412455645], [73.045160019, 30.412840046], [73.043898497, 30.413207321], [73.042790233, 30.413530235], [73.041347759, 30.415590751], [73.041068608, 30.416733432], [73.04057968500001, 30.418723511], [73.040402006, 30.419576032], [73.040280666, 30.42016055], [73.039633783, 30.42327671], [73.039411762, 30.424346166], [73.039130595, 30.425700527], [73.037450985, 30.427569213], [73.036242083, 30.427692479], [73.035659196, 30.427751912], [73.034300889, 30.427890411], [73.032546056, 30.427827635], [73.031570227, 30.427792725], [73.030695861, 30.427222769], [73.030066109, 30.426814103], [73.02894803400001, 30.426091986], [73.02867466500001, 30.424175392], [73.029404647, 30.423037723], [73.031457129, 30.419834466], [73.031720282, 30.4194216], [73.032168821, 30.418716113], [73.032439406, 30.418280405], [73.034239681, 30.415310134], [73.034893437, 30.414241867], [73.035174649, 30.411864211], [73.034569403, 30.409640592], [73.03414457400001, 30.409197374], [73.033829314, 30.408868463], [73.032558738, 30.408369742], [73.031456544, 30.40839984], [73.028655807, 30.408629768], [73.028054859, 30.408680439], [73.027128751, 30.409023839], [73.02376129400001, 30.410429936], [73.022542598, 30.410967731], [73.02141043600001, 30.411821751], [73.01897284, 30.41366423], [73.018177212, 30.414275426], [73.01407974, 30.417875652], [73.013544079, 30.418351975], [73.012601332, 30.418922842], [73.012219416, 30.419138771], [73.010727697, 30.419967905], [73.007848064, 30.419871321], [73.007494957, 30.419592725], [73.007122936, 30.419298089], [73.007045214, 30.418177975], [73.006998085, 30.417498839], [73.007136623, 30.4168363], [73.007327956, 30.415918783], [73.007672533, 30.414268313], [73.007691844, 30.413127011], [73.00769940900001, 30.412679816], [73.007716666, 30.411659641], [73.008258206, 30.410503409], [73.009810583, 30.409172955], [73.011092583, 30.408096836], [73.012796534, 30.406668553], [73.013320407, 30.404230082], [73.012303115, 30.402660268], [73.011621491, 30.402207701], [73.010817117, 30.401725888], [73.008841181, 30.401787534], [73.007902437, 30.402095142], [73.003908073, 30.403409046], [73.002538006, 30.403580569], [73.001629171, 30.403645468], [73.00027949000001, 30.403753219], [72.999118281, 30.40446319], [72.998020259, 30.405135295], [72.996826318, 30.405900847], [72.99628012, 30.407118864], [72.99463654600001, 30.410924808], [72.994486156, 30.411537585], [72.994087785, 30.41307888], [72.993738144, 30.413600483], [72.993607517, 30.414671022], [72.994112282, 30.415600013], [72.995250138, 30.416434578], [72.99645999, 30.41691106], [72.996939996, 30.417292433], [72.996632731, 30.419309832], [72.995799722, 30.420130304], [72.994532121, 30.420308197], [72.993761636, 30.420411049], [72.991729878, 30.420481276], [72.989710601, 30.420836147], [72.98851393800001, 30.421046437], [72.987471276, 30.421231137], [72.98699199, 30.421380834], [72.985261218, 30.421921415], [72.984589322, 30.422131271], [72.983834985, 30.422621394], [72.983102082, 30.42309759], [72.981989005, 30.423820801], [72.981290293, 30.424892978], [72.979435073, 30.427738523], [72.97917868600001, 30.428134472], [72.978855672, 30.428732097], [72.978297894, 30.429774042], [72.977562395, 30.431150035], [72.97632451, 30.433465904], [72.97549926500001, 30.435009797], [72.975279359, 30.435419675], [72.973122799, 30.440726688], [72.972519409, 30.442208628], [72.97130589000001, 30.443493437], [72.97057294400001, 30.444269375], [72.96786744100001, 30.446148919], [72.96664989, 30.446509918], [72.965431892, 30.446868633], [72.96356101500001, 30.447418115], [72.962379735, 30.44866974], [72.962297711, 30.44985006], [72.962644968, 30.450542559], [72.963760017, 30.452781607], [72.963767242, 30.45464177], [72.963258431, 30.455068364], [72.96192085700001, 30.455059546], [72.960657393, 30.454684334], [72.959398098, 30.45425592], [72.958766326, 30.453729018], [72.957761784, 30.452890217], [72.957385234, 30.452344601], [72.956916022, 30.45166439], [72.955625863, 30.449616042], [72.955078224, 30.448745495], [72.95498262800001, 30.447670231], [72.954920419, 30.446389772], [72.95480246400001, 30.444364433], [72.954777082, 30.443938196], [72.955146079, 30.442220818], [72.956151422, 30.441443873], [72.957600768, 30.44132319], [72.958600146, 30.441240295], [72.961166894, 30.441027544], [72.961792283, 30.440973232], [72.962218102, 30.440927836], [72.962841581, 30.440859798], [72.963696726, 30.440772142], [72.964790789, 30.440663064], [72.965728216, 30.440389611], [72.966487044, 30.440168264], [72.966971236, 30.439401404], [72.967330413, 30.438832591], [72.967412372, 30.437651317], [72.966816921, 30.437212545], [72.966192025, 30.436752072], [72.96524032500001, 30.43657058], [72.964099685, 30.436353776], [72.96309570800001, 30.436305849], [72.961388571, 30.436241113], [72.96033398, 30.436002139], [72.958699457, 30.434492369], [72.956440019, 30.432400046], [72.956010554, 30.431999202], [72.954191503, 30.430849497], [72.952745679, 30.430529784], [72.951798753, 30.430320391], [72.951208081, 30.43003241], [72.950365882, 30.429617687], [72.948851124, 30.428410899], [72.948102373, 30.427230379], [72.948039156, 30.426687825], [72.94797758700001, 30.426159412], [72.94822847200001, 30.424471422], [72.948727918, 30.423891132], [72.949210506, 30.423328207], [72.949890364, 30.421657099], [72.950224508, 30.419647763], [72.949617745, 30.418189962], [72.948942842, 30.417846991], [72.948080995, 30.417409017], [72.947177767, 30.417412643], [72.945779883, 30.417418256], [72.94348260000001, 30.417605453], [72.94255909, 30.417678426], [72.942077389, 30.418014595], [72.941321173, 30.418542343], [72.940463362, 30.419779208], [72.94055271, 30.421185143], [72.940632453, 30.422440404], [72.940937825, 30.425219793], [72.941679827, 30.42890135], [72.94201670400001, 30.430580829], [72.9431035, 30.434063804], [72.943405495, 30.435038119], [72.943828451, 30.436406298], [72.943718985, 30.437329127], [72.94253813600001, 30.437700021], [72.941413158, 30.437584779], [72.93942569500001, 30.437346699], [72.936106161, 30.436456243], [72.935528035, 30.436261236], [72.932542059, 30.434821935], [72.931462325, 30.434301345], [72.931097678, 30.433850893], [72.930655587, 30.433265173], [72.930453422, 30.432308819], [72.930830661, 30.431699277], [72.931818232, 30.431239179], [72.932307202, 30.431011514], [72.93315362300001, 30.430956228], [72.934291432, 30.430882706], [72.935107504, 30.430347911], [72.935313299, 30.429131745], [72.934847026, 30.427764614], [72.934330486, 30.426249788], [72.93335634200001, 30.424243326], [72.93290772, 30.423323149], [72.93198688000001, 30.422741743], [72.93142010400001, 30.422768811], [72.930701113, 30.422872185], [72.929597388, 30.423889048], [72.927652125, 30.425328301], [72.926700014, 30.425339215], [72.925871414, 30.425348211], [72.92442431500001, 30.424850901], [72.921960076, 30.423999511], [72.919887829, 30.423419418], [72.91827095900001, 30.422966613], [72.916977324, 30.422605312], [72.916004041, 30.422208786], [72.914571733, 30.421577904], [72.91293353600001, 30.420402291], [72.911650812, 30.419481614], [72.909971581, 30.419390837], [72.90903089000001, 30.419761044], [72.908525544, 30.419961598], [72.908070974, 30.420920462], [72.907815209, 30.421375717], [72.906838676, 30.423122116], [72.905739636, 30.423452194], [72.904603105, 30.423235491], [72.901661394, 30.422760222], [72.90035829700001, 30.422738468], [72.899239301, 30.42271809], [72.898641757, 30.422360648], [72.898295307, 30.421644639], [72.898023689, 30.420960251], [72.897675894, 30.420053642], [72.897356317, 30.41907952], [72.897296591, 30.417669451], [72.898100436, 30.41651936], [72.899201166, 30.414540294], [72.900073954, 30.411922958], [72.899983587, 30.409347633], [72.89921559000001, 30.408103633], [72.89824101500001, 30.407590533], [72.896940152, 30.406919397], [72.89610334800001, 30.406847925], [72.893916136, 30.406660883], [72.890971547, 30.406917014], [72.889632427, 30.407035159], [72.88809103, 30.408808896], [72.887879942, 30.410572379], [72.88763208600001, 30.412669134], [72.886701751, 30.413312432], [72.884364612, 30.413288081], [72.883217426, 30.412804508], [72.882708834, 30.412404974], [72.881978558, 30.411727829], [72.881814188, 30.410597662], [72.88144078900001, 30.408023137], [72.881409766, 30.407299023], [72.881361469, 30.406171812], [72.881956773, 30.404934819], [72.884179093, 30.403541755], [72.88485161, 30.403395857], [72.88954214600001, 30.402391643], [72.891639042, 30.401959409], [72.897596189, 30.400728597], [72.898171344, 30.400609669], [72.90030216400001, 30.399782437], [72.901332381, 30.398049682], [72.901620205, 30.395970836], [72.900959651, 30.394084332], [72.900263542, 30.393492583], [72.899692991, 30.393007336], [72.899178727, 30.392570268], [72.89841886100001, 30.392309023], [72.897829965, 30.392106557], [72.896939691, 30.391800476], [72.896371873, 30.39169806], [72.895459746, 30.391602408], [72.89440072, 30.391491507], [72.893578101, 30.391702533], [72.892349572, 30.392017688], [72.891868136, 30.393250418], [72.891660544, 30.393780617], [72.891061135, 30.395314401], [72.889720436, 30.395887653], [72.88840599800001, 30.395773294], [72.887809824, 30.395718771], [72.886968107, 30.395028936], [72.8864685, 30.394619455], [72.885794749, 30.39369172], [72.884917068, 30.392598945], [72.883412553, 30.392050818], [72.881768723, 30.392250987], [72.880344758, 30.393551164], [72.87994045, 30.394439171], [72.879613463, 30.395162797], [72.878393138, 30.39786233], [72.876846213, 30.399773158], [72.876477113, 30.400046804], [72.876024996, 30.400380437], [72.874299889, 30.401120045], [72.872055306, 30.401502948], [72.871349328, 30.401201149], [72.870490142, 30.400802095], [72.869564652, 30.399987368], [72.867679249, 30.398329459], [72.865600302, 30.39756794], [72.86462430600001, 30.397766034], [72.86344960800001, 30.398005696], [72.862784718, 30.398292726], [72.861128367, 30.399018693], [72.860309316, 30.399444531], [72.859387055, 30.402181364], [72.859209629, 30.402644134], [72.857973165, 30.404839788], [72.857605145, 30.405491867], [72.855491408, 30.406919741], [72.854604937, 30.406947685], [72.85339916400001, 30.406984272], [72.852545265, 30.407007316], [72.850820083, 30.406289647], [72.849589895, 30.404680044], [72.849104701, 30.404045605], [72.84857043400001, 30.403199091], [72.848133431, 30.402510598], [72.847281079, 30.401158851], [72.846121319, 30.399999834], [72.843990125, 30.399329699], [72.843480935, 30.399170007], [72.842992935, 30.399253913], [72.841737866, 30.399469709], [72.840080078, 30.400548535], [72.839431325, 30.401276326], [72.83901026, 30.401747663], [72.837021855, 30.403531825], [72.834259463, 30.404127568], [72.833043972, 30.404075549], [72.832251202, 30.404041619], [72.831029995, 30.40357467], [72.82912605700001, 30.402842847], [72.828479375, 30.402019549], [72.82769888700001, 30.400862797], [72.828058177, 30.399078251], [72.829140682, 30.397513], [72.830459746, 30.395598752], [72.832591414, 30.393295424], [72.833518201, 30.392294664], [72.834341486, 30.390458599], [72.83448017900001, 30.38870072], [72.834617135, 30.386911702], [72.834404882, 30.383731009], [72.834289821, 30.382019578], [72.83523737, 30.380850547], [72.836438205, 30.380317759], [72.838530755, 30.380197771], [72.841147218, 30.380833618], [72.84342091100001, 30.381387862], [72.843888004, 30.381316545], [72.844475853, 30.381227017], [72.84529057600001, 30.380190925], [72.84519512700001, 30.379142452], [72.845014213, 30.377126787], [72.844254932, 30.373567723], [72.843666651, 30.37286525], [72.842732526, 30.371769496], [72.84199442100001, 30.371386896], [72.840158158, 30.37044068], [72.838366577, 30.370243462], [72.837241075, 30.370119566], [72.835967273, 30.370267753], [72.83341344, 30.370564152], [72.829462034, 30.371020328], [72.828711182, 30.371109529], [72.82679823, 30.371058634], [72.825104306, 30.370434639], [72.824066664, 30.369475645], [72.82383726042139, 30.368942370149178], [72.81960517150824, 30.368099716365105], [72.81831995, 30.368772378], [72.817012689, 30.36981455], [72.814767825, 30.370086202], [72.81354001400001, 30.370240029], [72.813099299, 30.3702354], [72.812645387, 30.370230781], [72.81216473500001, 30.370225614], [72.811549118, 30.370193956], [72.809744425, 30.369952213], [72.808531369, 30.369792444], [72.807581368, 30.369272959], [72.80570329888984, 30.368251923285417], [72.8056449, 30.368220174], [72.80446445113435, 30.36757904165085], [72.8032076048299, 30.369569186867643], [72.80087044724311, 30.370802772596125], [72.80077405076742, 30.370859916041567], [72.80068376825587, 30.370926299186948], [72.8006004822311, 30.371001273128844], [72.80052500682429, 30.371084104987748], [72.8004580798168, 30.371173985072044], [72.80040035542838, 30.371270034792843], [72.80035239792204, 30.371371315252308], [72.80031467608829, 30.371476836421476], [72.80028755866272, 30.37158556681793], [72.80027131072147, 30.371696443588668], [72.8002660910902, 30.371808382899605], [72.80027195079141, 30.3719202905302], [72.80028883254585, 30.372031072569587], [72.80031657133225, 30.3721396461097], [72.80035489600057, 30.37224494983082], [72.80158157109544, 30.375158506043633], [72.79573238280811, 30.375158506043633], [72.79562065253313, 30.37516402653245], [72.79551001064995, 30.375180534222473], [72.79540153494808, 30.375207868308276], [72.79529628211573, 30.37524576252188], [72.79519527744634, 30.375293847726528], [72.795099504851, 30.37535165551254], [72.79500989727384, 30.3754186227602], [72.79492732760409, 30.375494097125255], [72.794852600173, 30.37557734339355], [72.79478644291865, 30.37566755064293], [72.79472950029496, 30.37576384014262], [72.79468232699388, 30.375865273913178], [72.79464538254203, 30.375970863863554], [72.7946190268243, 30.37607958141635], [72.79460351657814, 30.376190367527425], [72.79459900289262, 30.376302143002313], [72.79460552973669, 30.37641381900891], [72.79462303353074, 30.37652430768406], [72.79465134376606, 30.376632532730696], [72.79469018466578, 30.376737439902296], [72.79473917787121, 30.376838007272575], [72.79479784612764, 30.376933255190302], [72.79486561793328, 30.377022255822332], [72.79494183310652, 30.377104142191858], [72.79502574921676, 30.377178116623814], [72.7951165488168, 30.377243458515267], [72.79521334740559, 30.37729953135495], [72.79531520204455, 30.377345788923684], [72.79966420058278, 30.379067387381664], [72.79733220871744, 30.37968281697449], [72.79722320292457, 30.37971755620726], [72.79711825454427, 30.37976310743826], [72.79701843287391, 30.379819006555408], [72.79692475497585, 30.379884684014154], [72.79683817531485, 30.379959470640436], [72.79675957603315, 30.38004260444878], [72.79668975796261, 30.38013323840599], [72.79662943246514, 30.380230449061404], [72.79657921418475, 30.380333245955743], [72.7965396147851, 30.380440581712694], [72.79651103773634, 30.380551362710413], [72.79649377420407, 30.380664460224203], [72.79648800008287, 30.38077872192687], [72.79648800008287, 30.38344197728266], [72.79477406475095, 30.386155897187276], [72.79471987213876, 30.386251720252474], [72.7946752311348, 30.386352348676922], [72.79464056286392, 30.38645683317354], [72.79461619437227, 30.38656418807867], [72.79460235554217, 30.38667340065039], [72.79459917692343, 30.386783440622327], [72.79460668850184, 30.386893269922744], [72.79462481941626, 30.387001852467304], [72.7946533986271, 30.387108163933043], [72.79469215652989, 30.387211201421422], [72.79474072749855, 30.387309992919253], [72.79479865333458, 30.387403606468276], [72.79486538758952, 30.387491158956863], [72.79799132037444, 30.391203462615934], [72.79302049894008, 30.396450806154025], [72.79294850784112, 30.396534634104057], [72.79288502156406, 30.39662507378651], [72.79099597837717, 30.399616267100576], [72.79094186788505, 30.399711926968543], [72.79089727658975, 30.399812377812644], [72.79086262375375, 30.399916675159947], [72.79083823519478, 30.4000238383714], [72.79082434022237, 30.40013285986212], [72.79082106948174, 30.400242714575047], [72.79082845372551, 30.400352369618894], [72.79084642352451, 30.40046079397972], [72.79087480992061, 30.40056696821489], [72.79091334601526, 30.40066989403821], [72.79096166947902, 30.40076860370616], [72.7910193259583, 30.40086216911694], [72.79108577334729, 30.400949710536807], [72.79116038688512, 30.401030404871616], [72.79124246502997, 30.401103493405852], [72.79133123605524, 30.401168288936304], [72.79142586530567, 30.401224182233413], [72.7915254630449, 30.401270647769422], [72.7916290928212, 30.4013072486596], [72.79173578027223, 30.40133364076995], [72.79184452228638, 30.401349575952896], [72.79195429643433, 30.40135490438044], [72.79648800008287, 30.40135490438044], [72.79648800008287, 30.402884733824095], [72.79288502156406, 30.408589847042776], [72.7928305935468, 30.408686138291984], [72.79278581042348, 30.408787276245317], [72.79275109868652, 30.408892297714807], [72.79272678891334, 30.409000202527793], [72.79271311261823, 30.409109963052067], [72.7927102000475, 30.40922053398256], [72.79271807893902, 30.409330862296265], [72.79273667425811, 30.40943989728077], [72.79276580891214, 30.409546600540665], [72.79280520543702, 30.40964995588675], [72.79285448863969, 30.4097489790137], [72.79291318917126, 30.409842726874107], [72.79298074799681, 30.409930306659604], [72.79305652171942, 30.41001088430352], [72.79313978870755, 30.410083692424127], [72.79648800008287, 30.41273454433409], [72.79648800008287, 30.414629152429118], [72.79313978870755, 30.41728000433908], [72.7930547824982, 30.417354493425773], [72.79297761774836, 30.417437078418622], [72.79290906178892, 30.417526938087487], [72.79284979634448, 30.41762317886241], [72.79280041075418, 30.417724843719338], [72.79276139611132, 30.417830921696808], [72.79273314037982, 30.417940357949032], [72.79271592453641, 30.41805206423533], [72.79270991977646, 30.418164929741668], [72.79271518581166, 30.418277832126655], [72.79273167027624, 30.418389648682183], [72.7927592092477, 30.418499267497694], [72.79279752887685, 30.418605598517086], [72.79284624811098, 30.418707584378303], [72.7929048824831, 30.418804210927807], [72.7929728489295, 30.418894517305368], [72.79304947158771, 30.418977605498934], [72.79313398851744, 30.41905264927451], [72.79322555927723, 30.419118902392267], [72.79332327328196, 30.419175706027225], [72.79342615885766, 30.419222495320618], [72.79640415153214, 30.420401366168974], [72.79467702977352, 30.436810165373227], [72.79153711567076, 30.438053134583257], [72.79143638836116, 30.43809881223872], [72.79134059255645, 30.4381540897469], [72.7912506404214, 30.438218440757034], [72.79116738847745, 30.438291252520777], [72.79109162944711, 30.438371831726727], [72.79102408470557, 30.438459411102137], [72.79096539741177, 30.438553156718864], [72.79091612638435, 30.438652175933996], [72.79087674078053, 30.43875552588959], [72.79084761562883, 30.438862222490506], [72.79082902825807, 30.43897124977497], [72.79082115565662, 30.439081569588488], [72.79082407278713, 30.439192131469163], [72.79083775187281, 30.43930188265013], [72.7908620626618, 30.439409778083988], [72.79089677366751, 30.4395147903937], [72.79094155437281, 30.439615919655253], [72.79099597837717, 30.439712202918898], [72.79234100021083, 30.44184196911165], [72.78936170233376, 30.44420074416568], [72.7892764001858, 30.44427551999421], [72.78919899967123, 30.444358447922706], [72.78913027608081, 30.444448697294458], [72.78907091779196, 30.444545364116713], [72.78902151937349, 30.444647480115623], [72.78898257563009, 30.444754022435056], [72.78895447664604, 30.44486392388216], [72.78893750387792, 30.444976083617014], [72.7889318273353, 30.445089378179304], [72.7889318273353, 30.447310247971714], [72.78586998611009, 30.44852231118249], [72.78576737515107, 30.448568958706726], [72.78566990483888, 30.448625567351577], [72.78557853913742, 30.448691577267706], [72.78549418163709, 30.44876633562889], [72.78541766661841, 30.448849103088357], [72.7853497508012, 30.448939061090783], [72.78529110586068, 30.44903531996768], [72.78524231178481, 30.449136927736028], [72.78520385113822, 30.449242879513232], [72.7851761042898, 30.44935212745524], [72.78515934565092, 30.449463591119507], [72.78515374096152, 30.449576168150404], [72.78515374096152, 30.454062958121504], [72.78515941750413, 30.454176252683794], [72.78517639027226, 30.45428841241865], [72.7852044892563, 30.454398313865752], [72.7852434329997, 30.454504856185185], [72.78529283141818, 30.454606972184095], [72.78535218970703, 30.45470363900635], [72.78542091329744, 30.454793888378102], [72.78549831381201, 30.454876816306598], [72.78558361595998, 30.454951592135128], [72.78936170233376, 30.457942785449195], [72.78944980324451, 30.458005926404876], [72.78954353263101, 30.45806036309159], [72.78964203330982, 30.458105597669437], [72.78974440446251, 30.458141216454564], [72.78984970987405, 30.458166893702447], [72.7899569864947, 30.458182394586913], [72.79006525324743, 30.458187577347708], [72.79362716114161, 30.458187577347708], [72.79648800008287, 30.45932007161426], [72.79648800008287, 30.463036538063704], [72.79649409370143, 30.463153910113842], [72.79651230903505, 30.46327002011325], [72.79820442435681, 30.471308127561795], [72.79531520204455, 30.472451857695024], [72.79521231646885, 30.472498646988416], [72.79511460246412, 30.472555450623375], [72.79502303170433, 30.472621703741133], [72.7949385147746, 30.472696747516707], [72.79486189211639, 30.472779835710273], [72.79479392566999, 30.472870142087835], [72.79473529129787, 30.472966768637338], [72.79468657206374, 30.473068754498556], [72.7946482524346, 30.473175085517948], [72.79462071346313, 30.47328470433346], [72.79460422899855, 30.473396520888986], [72.79459896296335, 30.473509423273974], [72.7946049677233, 30.473622288780312], [72.79462218356672, 30.47373399506661], [72.79465043929821, 30.473843431318834], [72.79468945394107, 30.473949509296304], [72.79473883953138, 30.47405117415323], [72.79479810497581, 30.474147414928154], [72.79486666093526, 30.47423727459702], [72.7949438256851, 30.47431985958987], [72.79502883189444, 30.47439434867656], [72.79625291514962, 30.475363482064868], [72.79573238280811, 30.475363482064868], [72.79562128764142, 30.475368939820434], [72.79551126238194, 30.475385260525954], [72.79540336663301, 30.47541228700412], [72.79529863948973, 30.475449758975167], [72.7951980895317, 30.47549731556353], [72.79510268511, 30.475554498773267], [72.79501334502136, 30.475620757898813], [72.79493092965967, 30.47569545482856], [72.79485623272991, 30.47577787019025], [72.79478997360438, 30.47586721027889], [72.79473279039463, 30.47596261470059], [72.79468523380628, 30.476063164658616], [72.79464776183522, 30.476167891801907], [72.79462073535706, 30.476275787550826], [72.79460441465154, 30.47638581281032], [72.79459895689598, 30.476496907977005], [72.79459895689598, 30.479160163332796], [72.79288502156406, 30.48187408323741], [72.7928305935468, 30.481970374486618], [72.79278581042348, 30.48207151243995], [72.79275109868652, 30.482176533909442], [72.79272678891334, 30.482284438722427], [72.79271311261823, 30.482394199246702], [72.7927102000475, 30.482504770177194], [72.79271807893902, 30.4826150984909], [72.79273667425811, 30.482724133475404], [72.79276580891214, 30.4828308367353], [72.79280520543702, 30.482934192081384], [72.79285448863969, 30.483033215208334], [72.79291318917126, 30.48312696306874], [72.79298074799681, 30.48321454285424], [72.79305652171942, 30.483295120498155], [72.79313978870755, 30.48336792861876], [72.79664529202692, 30.48614331198853], [72.80026608645666, 30.497609959405576], [72.80026608645666, 30.50321939141256], [72.79655529816618, 30.5135020832549], [72.796526021419, 30.513595717698728], [72.7965049513636, 30.51369153309291], [72.7964922458553, 30.513788811595447], [72.79648800008287, 30.51388682440284], [72.79648800008287, 30.519869211030972], [72.79649409370143, 30.51998658308111], [72.79651230903505, 30.520102693080517], [72.79840135222194, 30.529076273022717], [72.7984297363113, 30.529184361991735], [72.798468626842, 30.529289130347525], [72.79851764573625, 30.529389559575137], [72.79857631645251, 30.52948467334284], [72.79864406861815, 30.52957354699363], [72.79872024357441, 30.529655316534352], [72.79880410077965, 30.529729187035105], [72.79889482500855, 30.5297944403572], [72.79899153427738, 30.529850442134624], [72.79909328841833, 30.529896647941086], [72.80179454337839, 30.530965969149854], [72.80035489600057, 30.534385369755157], [72.80031633248859, 30.534491447702386], [72.80028851066801, 30.534600835186332], [72.80027170644257, 30.53471244743186], [72.80026608645666, 30.534825177601306], [72.80026608645666, 30.555763530799773], [72.80027169114607, 30.55587610783067], [72.80028844978494, 30.55598757149494], [72.80031619663336, 30.556096819436945], [72.80035465727995, 30.55620277121415], [72.80040345135582, 30.556304378982496], [72.80046209629634, 30.556400637859394], [72.80053001211355, 30.55649059586182], [72.80060652713223, 30.556573363321288], [72.80069088463256, 30.55664812168247], [72.80078225033402, 30.5567141315986], [72.80087972064621, 30.55677074024345], [72.80098233160523, 30.556817387767687], [72.80348930040375, 30.557809798682477], [72.80233023749852, 30.559645109403146], [72.80227654796151, 30.55973993373378], [72.80223221253704, 30.559839475635517], [72.80219764102296, 30.559942815030134], [72.80217315296811, 30.560048996738704], [72.80215897471862, 30.56015703931044], [72.80215523732585, 30.560265944094358], [72.80216197533497, 30.560374704469947], [72.80217912646572, 30.56048231515148], [72.80220653218805, 30.560587781479985], [72.80224393918746, 30.560690128617022], [72.8041125961868, 30.565128498021274], [72.80572813176944, 30.570244716927206], [72.79510819676776, 30.57725141190231], [72.79501795770103, 30.57731756528168], [72.7949346809309, 30.577392293712144], [72.79485917801556, 30.57747486894172], [72.7947921847546, 30.577564486248924], [72.79473435401835, 30.577660272285005], [72.79468624938544, 30.577761293585024], [72.7946483396506, 30.57786656566475], [72.79462099425609, 30.57797506261477], [72.79460447969134, 30.5780857270983], [72.79459895689598, 30.578197480655273], [72.79459895689598, 30.582270628703704], [72.7912713843297, 30.58622239627632], [72.78775902929698, 30.587612800286593], [72.78765711108788, 30.587659090604163], [72.78756025600725, 30.587715208410618], [72.78746940874915, 30.58778060635049], [72.78738545540921, 30.5878546465528], [72.78730921484195, 30.587936606852647], [72.78448071876744, 30.591295679823677], [72.78278451423544, 30.591295679823677], [72.78103721807653, 30.59060399360066], [72.78093277208228, 30.590568423534595], [72.78082536241588, 30.59054317756701], [72.78071600695915, 30.59052849494464], [72.78060574203346, 30.590524514809285], [72.78049561257886, 30.590531274879222], [72.78038666225162, 30.590548711091756], [72.7802799235338, 30.59057665821033], [72.78017640794893, 30.590614851390406], [72.78007709647603, 30.590662928689284], [72.77998293025335, 30.590720434496127], [72.77989480165945, 30.590786823849594], [72.77981354585656, 30.590861467602256], [72.77973993287596, 30.590943658382777], [72.77967466032074, 30.59103261729942], [72.77961834675484, 30.59112750132132], [72.77957152584119, 30.591227411267575], [72.77953464128431, 30.59133140032844], [72.77950804262558, 30.591438483037916], [72.77949198193065, 30.591547644612632], [72.77948661140084, 30.591657850568573], [72.77948661140084, 30.601443648182496], [72.77477901303634, 30.60392838699117], [72.76885878888112, 30.60275659437191], [72.77036660031752, 30.597981525682403], [72.77039512360967, 30.597872631348366], [72.77041270455682, 30.597761444728313], [72.77041916974424, 30.59764906254319], [72.77041445540073, 30.597536593306746], [72.77039860802756, 30.597425146391377], [72.77037178393981, 30.597315821085534], [72.77033424772453, 30.597209695750557], [72.77028636963088, 30.59710781718397], [72.77022862191811, 30.597011190294076], [72.77016157419725, 30.596920768187772], [72.77008588781263, 30.5968374427693], [72.77000230931847, 30.5967620359427], [72.76991166311514, 30.59669529150472], [72.76981484331729, 30.596637867808163], [72.76414771375661, 30.593646674494096], [72.76404890755956, 30.59360045838177], [72.76394611626228, 30.59356395437079], [72.7638402919278, 30.59353750056488], [72.76373241471146, 30.59352134198177], [72.76362348378255, 30.59351562828384], [72.76351450807002, 30.59352041239191], [72.76340649691751, 30.593535649995108], [72.76330045073492, 30.593561199961268], [72.76319735173232, 30.593596825644102], [72.76309815482274, 30.59364219707506], [72.76300377877769, 30.593696894019512], [72.76291509771727, 30.593760409869017], [72.75823655326192, 30.597464515469014], [72.75702079394053, 30.595539429171946], [72.75695685828958, 30.595448411834614], [72.75688430924716, 30.59536409956031], [72.75680384550017, 30.595287304322323], [72.7567162419585, 30.59521876570078], [72.75662234229215, 30.595159143760064], [72.75652305080622, 30.595109012692067], [72.75641932373202, 30.595068855286375], [72.75631216001794, 30.595039058280754], [72.75620259170917, 30.595019908636658], [72.7560916740084, 30.59501159077563], [72.75598047511373, 30.595014184803222], [72.75587006593129, 30.595027665737522], [72.75576150976188, 30.595051903749766], [72.75565585206073, 30.59508666541465], [72.75555411036929, 30.595131615958337], [72.75545726451564, 30.595186322482515], [72.75536624717832, 30.595250258133454], [72.755281934904, 30.595322807175886], [72.75520513966602, 30.59540327092287], [72.75513660104447, 30.595490874464538], [72.75507697910376, 30.595584774130895], [72.75502684803575, 30.59568406561682], [72.75498669063006, 30.59578779269103], [72.75495689362445, 30.595894956405093], [72.75493774398035, 30.596004524713866], [72.75492942611933, 30.596115442414636], [72.75493202014691, 30.59622664130931], [72.75494550108121, 30.596337050491748], [72.75496973909347, 30.596445606661167], [72.75500450075835, 30.596551264362308], [72.75504945130203, 30.596653006053756], [72.75510415782621, 30.5967498519074], [72.75626322073144, 30.59858516262807], [72.75451488874879, 30.599277258893203], [72.75126234154128, 30.595414590137814], [72.75118838030089, 30.59533485574868], [72.75110711758076, 30.595262577064354], [72.75101930156838, 30.595198419556137], [72.75092574078752, 30.595142973923494], [72.75082729665421, 30.595096750655475], [72.75072487554553, 30.59506017533064], [72.75061942045467, 30.595033584698736], [72.7505119023088, 30.595017223580246], [72.75040331102961, 30.595011242612312], [72.75029464641922, 30.595015696861832], [72.75018690895486, 30.595030545318433], [72.75008109057752, 30.595055651272084], [72.74997816555913, 30.59509078357176], [72.74620007918534, 30.596586380228793], [72.74609746822632, 30.59663302775303], [72.74599999791414, 30.59668963639788], [72.74590863221268, 30.59675564631401], [72.74582427471235, 30.59683040467519], [72.74574775969367, 30.59691317213466], [72.74567984387646, 30.597003130137086], [72.74562119893594, 30.597099389013984], [72.74557240486007, 30.59720099678233], [72.74553394421348, 30.597306948559535], [72.74550619736506, 30.59741619650154], [72.74548943872618, 30.59752766016581], [72.74548383403678, 30.597640237196707], [72.74548383403678, 30.600778052967573], [72.74177297106937, 30.596860758196495], [72.7416946487455, 30.59678563394725], [72.74160950048687, 30.59671834491921], [72.74151830695452, 30.59665950803541], [72.74142190423404, 30.596609662727438], [72.74132117617026, 30.596569265989842], [72.74121704626384, 30.59653868819024], [72.74111046920439, 30.59651820967372], [72.74100242211765, 30.596508018192566], [72.74089389560696, 30.59650820718488], [72.74078588467113, 30.596518774917932], [72.74067937958205, 30.596539624504043], [72.74057535680562, 30.596570564788873], [72.74047477004927, 30.596611312103978], [72.74037854151811, 30.596661492867547], [72.74028755345995, 30.5967206470095], [72.74020264007655, 30.59678823218954], [72.74012457987554, 30.596863628769437], [72.74005408853283, 30.596946145494062], [72.73999181233107, 30.59703502582898], [72.73854660861436, 30.5993234243817], [72.73368317491823, 30.59803992890136], [72.73356872848319, 30.598015963570674], [72.73345242199639, 30.59800391679962], [72.73333549328493, 30.59800391679962], [72.73321918679812, 30.598015963570674], [72.73310474036309, 30.59803992890136], [72.73032446748849, 30.598773663108844], [72.72720629573847, 30.598773663108844], [72.72577082399548, 30.597637168848152], [72.725557723, 30.597997835], [72.725566754, 30.598905652], [72.725577392, 30.599974897], [72.725587977, 30.60103901], [72.72640115, 30.602412561], [72.728568763, 30.60326142], [72.729148643, 30.603322426], [72.73009543, 30.603214357], [72.735879825, 30.602554109], [72.736585886, 30.602473014], [72.73743407900001, 30.602326361], [72.738688105, 30.602108754], [72.743699425, 30.601238893], [72.744958491, 30.601020369], [72.745537636, 30.600928653], [72.747253215, 30.600656971], [72.74863211600001, 30.600438604], [72.749457682, 30.600431813], [72.75231319400001, 30.600408548], [72.755247962, 30.600666081], [72.7566388, 30.60078813], [72.757607875, 30.601553385], [72.757952937, 30.601825872], [72.758986225, 30.602641834], [72.75962808300001, 30.603625243], [72.76038634000001, 30.604862079], [72.76073895200001, 30.605437146], [72.761507572, 30.606691594], [72.762102495, 30.608116351], [72.762781956, 30.609743567], [72.764552585, 30.61398378], [72.76498078600001, 30.615124359], [72.765079756, 30.615926278], [72.765259113, 30.617380107], [72.765353543, 30.618145365], [72.76548884200001, 30.619241835], [72.765197614, 30.620154974], [72.76486985400001, 30.62118267], [72.762800956, 30.622309348], [72.762370793, 30.622485442], [72.760728475, 30.623157756], [72.759916706, 30.624487821], [72.759755912, 30.625538028], [72.759698114, 30.626080613], [72.759965275, 30.626552853], [72.760268572, 30.62708728], [72.7614685, 30.628108557], [72.761913582, 30.628277916], [72.76323850700001, 30.628782051], [72.764514642, 30.628863752], [72.766339985, 30.628980616], [72.769001519, 30.629150096], [72.770715593, 30.629505038], [72.771572679, 30.629682519], [72.77285884, 30.629948851], [72.773791189, 30.63032884], [72.77744869, 30.631819495], [72.777842025, 30.631979803], [72.778235788, 30.632229841], [72.779776512, 30.63320819], [72.780423022, 30.633618719], [72.78177049, 30.635137424], [72.781856491, 30.63659356], [72.78182103200001, 30.638509074], [72.78167281200001, 30.642026346], [72.781651126, 30.642782411], [72.78136762, 30.643519178], [72.781182461, 30.643942621], [72.78045495, 30.645448484], [72.780000175, 30.645790396], [72.779440864, 30.646210835], [72.778922018, 30.646365772], [72.778008705, 30.646638505], [72.777403358, 30.646447188], [72.776721999, 30.646231149], [72.775627791, 30.645105979], [72.77493264200001, 30.644358541], [72.77451184600001, 30.643920985], [72.772188154, 30.641847871], [72.77042149200001, 30.641170259], [72.769495795, 30.641266258], [72.768980861, 30.641319796], [72.768749453, 30.641937295], [72.76851321800001, 30.642569255], [72.76931935600001, 30.645207862], [72.770123186, 30.647838913], [72.770625651, 30.649476619], [72.77089226800001, 30.650288106], [72.771647407, 30.651834288], [72.771914326, 30.652376277], [72.772341886, 30.65301699], [72.772638215, 30.653459796], [72.77408817300001, 30.654139376], [72.775147282, 30.654182949], [72.776809854, 30.654251525], [72.77851989700001, 30.654390045], [72.77902233600001, 30.654449108], [72.779470872, 30.65450103], [72.780504299, 30.65467416], [72.781271036, 30.654806062], [72.782587519, 30.655032535], [72.784182698, 30.655610409], [72.785001479, 30.655970602], [72.785510226, 30.656352454], [72.78679674700001, 30.657318277], [72.787746444, 30.65803039], [72.788186476, 30.658998852], [72.788688065, 30.660100811], [72.788990619, 30.660771984], [72.789130882, 30.661286179], [72.789274299, 30.662022458], [72.78952692300001, 30.663629155], [72.789255993, 30.664109252], [72.788340562, 30.664378218], [72.78605151, 30.664130914], [72.78541748100001, 30.663892469], [72.783920194, 30.663329372], [72.780248412, 30.662270673], [72.77901515, 30.661914785], [72.777372147, 30.66143997], [72.77641183, 30.661260214], [72.77384093900001, 30.660778984], [72.77227464500001, 30.660474944], [72.771110282, 30.660248925], [72.770028956, 30.660392735], [72.76806057600001, 30.660652538], [72.766637939, 30.660839246], [72.765208781, 30.661878343], [72.762835634, 30.663599975], [72.761961228, 30.664234987], [72.760709755, 30.66525326], [72.760122114, 30.665731687], [72.75880055, 30.66658068], [72.758372284, 30.666851864], [72.75736679100001, 30.667249849], [72.75693757, 30.667419735], [72.756299894, 30.667424535], [72.755629285, 30.667406755], [72.754478331, 30.666518854], [72.754059172, 30.666194711], [72.752600668, 30.665379851], [72.751951511, 30.665382167], [72.751190056, 30.666430186], [72.751181284, 30.668158812], [72.751482376, 30.669512105], [72.752903409, 30.670844871], [72.753719068, 30.671498115], [72.754892196, 30.672119634], [72.75521749900001, 30.672532966], [72.755544047, 30.672947536], [72.756089981, 30.674749976], [72.756379033, 30.675702499], [72.75664866000001, 30.676713083], [72.75677133, 30.67717284], [72.757029882, 30.677887207], [72.757380587, 30.678747721], [72.757899314, 30.680090474], [72.758613062, 30.680997505], [72.75900116000001, 30.681490698], [72.760195032, 30.682010456], [72.763032229, 30.683246033], [72.763729338, 30.683551539], [72.764541111, 30.68366853], [72.767828285, 30.684149247], [72.768402992, 30.684229237], [72.76884629, 30.684199017], [72.77005559700001, 30.684118697], [72.77168876600001, 30.684011273], [72.773014251, 30.682997822], [72.774671033, 30.681731406], [72.775342437, 30.681218617], [72.77584619800001, 30.680706526], [72.776702878, 30.679835796], [72.77740466, 30.679075882], [72.779946867, 30.677254721], [72.782338365, 30.676458729], [72.782980122, 30.676659613], [72.783621381, 30.676860422], [72.784083918, 30.678270628], [72.78368648700001, 30.679540959], [72.783427609, 30.680160773], [72.784836225, 30.680312956], [72.786635061, 30.680678405], [72.788345569, 30.681172523], [72.78918747, 30.68141627], [72.792597376, 30.682410412], [72.795036511, 30.683511751], [72.79603117500001, 30.683962129], [72.798450502, 30.684269592], [72.799882668, 30.68340804], [72.800982557, 30.682750456], [72.803839045, 30.681414798], [72.80560731, 30.681058435], [72.806454574, 30.680917559], [72.80706876900001, 30.680851797], [72.808725015, 30.680669582], [72.809593144, 30.680583099], [72.810371735, 30.680644105], [72.811260515, 30.680719955], [72.813278084, 30.68229971], [72.812941257, 30.682681992], [72.812461137, 30.682853168], [72.811528452, 30.683190944], [72.81028632, 30.683491394], [72.809870017, 30.683592291], [72.808148818, 30.684005111], [72.80694075800001, 30.684575317], [72.806929338, 30.685033685], [72.807458494, 30.685302283], [72.808401456, 30.685341355], [72.80893615, 30.685186801], [72.809790878, 30.684944436], [72.810881959, 30.684693342], [72.812756025, 30.684648634], [72.813476766, 30.684644171], [72.81396437100001, 30.684639239], [72.81459789, 30.684558786], [72.818021115, 30.684075078], [72.81911616, 30.683898859], [72.818397911, 30.684572319], [72.817970149, 30.684858296], [72.81772960500001, 30.686056174], [72.817299452, 30.688159933], [72.817395855, 30.689470762], [72.81749455, 30.690812738], [72.817559155, 30.691691194], [72.817805726, 30.692409278], [72.81798217500001, 30.692923144], [72.81842902800001, 30.694220768], [72.820207858, 30.695760385], [72.8210765, 30.695914628], [72.82452656000001, 30.696530143], [72.825309886, 30.696671179], [72.826200969, 30.696438268], [72.82681367900001, 30.696268829], [72.82778132300001, 30.69404044], [72.82778166300001, 30.693610455], [72.827789503, 30.693167201], [72.82781449, 30.691047389], [72.827822737, 30.690563096], [72.828257987, 30.686783974], [72.828644451, 30.686097723], [72.829141555, 30.685237389], [72.829378118, 30.68482797], [72.831337887, 30.683533848], [72.83221961400001, 30.682949254], [72.832812882, 30.68269644], [72.833668597, 30.682332325], [72.83471526400001, 30.682238479], [72.835394309, 30.682177883], [72.836029861, 30.682110812], [72.83786881600001, 30.681902894], [72.838590941, 30.68182826], [72.84049786300001, 30.681638421], [72.842088646, 30.68147962], [72.843180499, 30.683375759], [72.84363779200001, 30.684169904], [72.843881491, 30.68492154], [72.84421968800001, 30.685964637], [72.844892213, 30.688038901], [72.846483864, 30.689411617], [72.848339175, 30.689343976], [72.849617644, 30.689119597], [72.849295267, 30.689676719], [72.84907653, 30.690265411], [72.848558273, 30.69165802], [72.847583944, 30.692799483], [72.847179255, 30.693287602], [72.847087247, 30.694355299], [72.847010018, 30.695260041], [72.846923574, 30.6962224], [72.84685759300001, 30.696930876], [72.847124952, 30.697724711], [72.84737475300001, 30.698474119], [72.84774891, 30.69960293], [72.848588198, 30.700347133], [72.849127776, 30.700828043], [72.849957113, 30.701557893], [72.85077657, 30.701796585], [72.852146152, 30.702188546], [72.852708464, 30.702352175], [72.853168536, 30.70232357], [72.85532623600001, 30.702199574], [72.85670185, 30.702104864], [72.857842614, 30.699740646], [72.857990695, 30.699050352], [72.858240269, 30.697907041], [72.858580288, 30.696354233], [72.858840273, 30.695165351], [72.858919109, 30.694551441], [72.859096522, 30.693163734], [72.859242599, 30.692021125], [72.859922167, 30.690422004], [72.861021547, 30.689051308], [72.862748608, 30.689091346], [72.864406344, 30.689919793], [72.86696508300001, 30.691892816], [72.870265343, 30.693659562], [72.871270878, 30.694193499], [72.871744977, 30.694145453], [72.873018125, 30.693999125], [72.87436839, 30.693138069], [72.874797978, 30.692154626], [72.875232679, 30.691159494], [72.875677661, 30.68735503], [72.875747425, 30.686915339], [72.875947892, 30.686029556], [72.876181284, 30.684999752], [72.877034619, 30.683450627], [72.878324458, 30.68334214], [72.878998966, 30.683291699], [72.884080167, 30.683052683], [72.885349249, 30.682987324], [72.89040006, 30.682736072], [72.891388562, 30.682686375], [72.893286633, 30.682119922], [72.891722669, 30.68099024], [72.890133366, 30.679599837], [72.889910333, 30.67887331], [72.890468675, 30.677723327], [72.892166844, 30.677312676], [72.895267097, 30.676597979], [72.895747333, 30.676515632], [72.902874526, 30.675405921], [72.90508977600001, 30.675059285], [72.906301713, 30.674868772], [72.907163424, 30.674892637], [72.90927898800001, 30.674948315], [72.910101365, 30.674969319], [72.910690767, 30.675137598], [72.912538161, 30.675661846], [72.91375487, 30.676028466], [72.914579984, 30.676965069], [72.915090003, 30.677543902], [72.915425448, 30.677926325], [72.91586060600001, 30.678431131], [72.916183755, 30.680360659], [72.916315613, 30.681227587], [72.915765848, 30.682863449], [72.914527386, 30.68641939], [72.914437248, 30.68779339], [72.914187693, 30.691493121], [72.914139406, 30.692197909], [72.914767505, 30.694705383], [72.917622395, 30.69512416], [72.91874205, 30.694858443], [72.920769903, 30.694376727], [72.922357388, 30.694315969], [72.925274264, 30.694220095], [72.925760679, 30.694224642], [72.926538226, 30.694232388], [72.928471173, 30.694870623], [72.929380943, 30.697333839], [72.929317647, 30.698408301], [72.92922989600001, 30.699740038], [72.928852628, 30.705367273], [72.928435018, 30.711609373], [72.928478256, 30.712289579], [72.928531847, 30.712726013], [72.928584977, 30.713158693], [72.928809332, 30.714926682], [72.931391366, 30.716894095], [72.932812762, 30.717344692], [72.934696773, 30.717943614], [72.935639042, 30.719004828], [72.936898154, 30.720450146], [72.937928177, 30.721645363], [72.937721222, 30.723102101], [72.937581542, 30.724079595], [72.937512645, 30.724580404], [72.937310113, 30.724962759], [72.93672394, 30.72608492], [72.935989703, 30.727490653], [72.934348349, 30.727755822], [72.93035901200001, 30.728401959], [72.929341531, 30.728495979], [72.928094576, 30.728589619], [72.92599535, 30.728746801], [72.922866856, 30.729017345], [72.921591363, 30.729128009], [72.919881241, 30.730158835], [72.91886049700001, 30.73155733], [72.91856832500001, 30.733193232], [72.918544983, 30.734858195], [72.918632886, 30.735783295], [72.91870001, 30.736450039], [72.918755649, 30.737051796], [72.918809002, 30.737639255], [72.91904263100001, 30.738242553], [72.919364052, 30.739072559], [72.920383841, 30.741373945], [72.920667726, 30.742013968], [72.921132774, 30.742552478], [72.921600186, 30.743090815], [72.922859605, 30.743392445], [72.923415472, 30.743226012], [72.923971552, 30.743059601], [72.924879968, 30.742003095], [72.925360831, 30.741440821], [72.926756743, 30.740353975], [72.9278964, 30.739466599], [72.928305581, 30.739147812], [72.92949089400001, 30.738224263], [72.930494826, 30.738218994], [72.931112047, 30.738717001], [72.932032238, 30.73951088], [72.933748624, 30.741189079], [72.934341692, 30.74123175], [72.935652701, 30.741325937], [72.936344833, 30.741374772], [72.937814732, 30.741540171], [72.938358184, 30.741781647], [72.938768307, 30.742898479], [72.93885778100001, 30.744123691], [72.938907193, 30.744800318], [72.93896698600001, 30.745546218], [72.939073484, 30.746763945], [72.93911868500001, 30.747272377], [72.939185619, 30.748003767], [72.939378991, 30.750126585], [72.939833289, 30.751496941], [72.940279288, 30.75284888], [72.941817611, 30.754887905], [72.942216123, 30.755223364], [72.942644036, 30.755431195], [72.943339897, 30.755769925], [72.943812384, 30.756199466], [72.944189765, 30.756542546], [72.945182854, 30.756862257], [72.947215431, 30.757507368], [72.95133164900001, 30.758295749], [72.951813529, 30.758371682], [72.953019941, 30.75856036], [72.954027361, 30.758718729], [72.955501958, 30.7589505], [72.956109472, 30.759122845], [72.95812358, 30.759694227], [72.959129672, 30.759979645], [72.9597034, 30.760338623], [72.96021889500001, 30.76066101], [72.961776018, 30.761635684], [72.962210814, 30.761907853], [72.96257437700001, 30.762221993], [72.964686274, 30.764030167], [72.965212098, 30.764457247], [72.965848012, 30.764974558], [72.96613787000001, 30.765353835], [72.966476551, 30.765817699], [72.96766106, 30.767490965], [72.968460047, 30.76866774], [72.968548694, 30.769191628], [72.968632724, 30.769688788], [72.967856278, 30.771909848], [72.967360732, 30.772740681], [72.96729543100001, 30.774481898], [72.968233822, 30.776771105], [72.970088031, 30.778296423], [72.972658717, 30.777750513], [72.973810127, 30.77572964], [72.973964221, 30.771892965], [72.974033598, 30.770251133], [72.974550608, 30.76849232], [72.97535260100001, 30.76791165], [72.976877662, 30.768052502], [72.977859245, 30.768462708], [72.978279567, 30.768638368], [72.979690284, 30.769948549], [72.980701674, 30.771720209], [72.981181761, 30.773901657], [72.981223942, 30.775115214], [72.981321128, 30.777384585], [72.981671808, 30.778637926], [72.982413975, 30.781288407], [72.982740269, 30.782451628], [72.983508252, 30.783316033], [72.984805853, 30.784645065], [72.985688591, 30.785514593], [72.987983452, 30.785657865], [72.989160587, 30.784835877], [72.990383492, 30.783971865], [72.99061601400001, 30.782561213], [72.99070870700001, 30.781998862], [72.990663667, 30.781514451], [72.990511263, 30.77987983], [72.99040427700001, 30.779265874], [72.988649847, 30.774601005], [72.986408025, 30.764603611], [72.986087, 30.763171093], [72.988205521, 30.760929757], [72.989474595, 30.760780308], [72.993619218, 30.760308634], [72.994335242, 30.760250062], [72.994924827, 30.760298646], [72.999504309, 30.760691954], [73.000478759, 30.760777689], [73.003033191, 30.762279717], [73.00334740000001, 30.764159688], [73.003535346, 30.765279085], [73.00340666000001, 30.766095491], [73.002116732, 30.773769416], [73.002318201, 30.775159218], [73.002662525, 30.778588109], [73.002831295, 30.780081663], [73.003360475, 30.782207904], [73.00378056000001, 30.783893013], [73.004516623, 30.786845621], [73.00545752, 30.790630133], [73.005889787, 30.791758942], [73.006139148, 30.792410614], [73.006577906, 30.793700619], [73.00664260900001, 30.79492185], [73.005569868, 30.796094392], [73.004853671, 30.796879798], [73.001845031, 30.799565264], [73.002536381, 30.801237543], [73.00273949000001, 30.80173058], [73.00330272100001, 30.802032712], [73.0038836, 30.802344313], [73.004479459, 30.802495918], [73.004938071, 30.802578944], [73.006512794, 30.802868657], [73.009627562, 30.803471164], [73.014838177, 30.803832634], [73.016387866, 30.803625841], [73.017613949, 30.803454461], [73.018761514, 30.801494463], [73.018557351, 30.800060154], [73.018111572, 30.79902998], [73.017929071, 30.798608212], [73.017718489, 30.798149928], [73.014226784, 30.792129068], [73.013561865, 30.790982548], [73.013119189, 30.790219242], [73.012231524, 30.788683774], [73.011791742, 30.787469909], [73.009763085, 30.781858167], [73.009330127, 30.780659634], [73.009235688, 30.779751803], [73.008843749, 30.775978125], [73.00877582800001, 30.775324664], [73.008629432, 30.774358442], [73.010120189, 30.773441546], [73.01230055900001, 30.772068321], [73.014724188, 30.771934839], [73.015238194, 30.771910001], [73.01584205200001, 30.772226055], [73.01705918, 30.77286325], [73.017470667, 30.773078463], [73.017844436, 30.773406401], [73.01871264, 30.774186548], [73.019938819, 30.775268356], [73.022370378, 30.777443806], [73.02474313, 30.779349728], [73.025833182, 30.780160005], [73.027373713, 30.78031905], [73.027920928, 30.78019821], [73.02945519, 30.779859022], [73.03123553200001, 30.779465045], [73.03325277200001, 30.779513722], [73.034229889, 30.77954004], [73.035564158, 30.780208116], [73.036109671, 30.780914678], [73.038562698, 30.784079369], [73.039035008, 30.784688008], [73.039559001, 30.786878853], [73.037907146, 30.788713696], [73.037550887, 30.789112023], [73.036218951, 30.790502602], [73.035838994, 30.792043814], [73.0356873, 30.792658435], [73.03527689, 30.794321295], [73.036158556, 30.795501543], [73.03743149600001, 30.795999551], [73.038218819, 30.796295675], [73.039477259, 30.796771974], [73.041856595, 30.796866266], [73.043783525, 30.796954253], [73.045549073, 30.797508893], [73.045752694, 30.798113184], [73.04606154400001, 30.799030632], [73.046923717, 30.801581897], [73.048506325, 30.804278853], [73.048931401, 30.805002675], [73.054529474, 30.80870108], [73.056366909, 30.809187142], [73.05767058900001, 30.809531764], [73.059634321, 30.809436585], [73.060947816, 30.808522199], [73.062345382, 30.807455314], [73.064321723, 30.807711298], [73.065160819, 30.808204109], [73.066599003, 30.808851702], [73.067099133, 30.808527364], [73.067027122, 30.807060078], [73.066533668, 30.805819985], [73.06610051, 30.804731421], [73.065902667, 30.803489602], [73.065732446, 30.80240216], [73.065960744, 30.801078791], [73.066035835, 30.800643515], [73.066182777, 30.799791741], [73.066559432, 30.798692331], [73.067409479, 30.797554116], [73.06789912900001, 30.797196485], [73.069233388, 30.79636092], [73.070939558, 30.796282452], [73.07186835, 30.796244349], [73.072419729, 30.796323843], [73.075022133, 30.796700046], [73.08107489800001, 30.797593411], [73.08262298000001, 30.797820174], [73.08381420100001, 30.79799488], [73.084702578, 30.798265135], [73.089240372, 30.799673224], [73.089807916, 30.799849364], [73.09020769700001, 30.800083416], [73.091482047, 30.800829492], [73.09225038800001, 30.803589901], [73.092110981, 30.804423171], [73.091981395, 30.805241023], [73.092119888, 30.806539925], [73.092330207, 30.808090355], [73.092553686, 30.808505164], [73.09355041500001, 30.811708928], [73.09431935500001, 30.813449338], [73.09472823, 30.814382186], [73.095135491, 30.814905294], [73.095548374, 30.815443096], [73.096841615, 30.815750161], [73.09724523, 30.815411445], [73.097635936, 30.815057753], [73.098207638, 30.812528235], [73.098286341, 30.811800195], [73.098398157, 30.810759318], [73.098815797, 30.809356091], [73.099471589, 30.807146778], [73.10099016, 30.806820929], [73.101589074, 30.806772431], [73.102499627, 30.806699799], [73.104231925, 30.807330761], [73.105439913, 30.809459989], [73.105768097, 30.810142232], [73.106163947, 30.810730707], [73.106559238, 30.811320488], [73.108211237, 30.813291382], [73.10875988, 30.813366118], [73.109283172, 30.813436068], [73.10988665100001, 30.813289075], [73.110800857, 30.813048731], [73.111469439, 30.812581031], [73.112445739, 30.811897488], [73.115678763, 30.811728844], [73.116797297, 30.812408954], [73.117586807, 30.812923076], [73.11933956700001, 30.814612647], [73.120011882, 30.816573997], [73.12027188200001, 30.817332499], [73.12053549, 30.818093936], [73.120741408, 30.818688742], [73.121461988, 30.819230081], [73.122015845, 30.819641014], [73.122508205, 30.819646289], [73.12296808500001, 30.819650666], [73.123469671, 30.819476824], [73.12517060200001, 30.819185394], [73.126848254, 30.820688365], [73.127774314, 30.822522883], [73.128065236, 30.823193811], [73.128369975, 30.824603989], [73.12855265200001, 30.825449022], [73.129007812, 30.827546105], [73.129499789, 30.829352431], [73.129959627, 30.831040626], [73.130399794, 30.831255374], [73.130844276, 30.831468846], [73.132538992, 30.831278944], [73.133122947, 30.83103253], [73.134001355, 30.830661864], [73.134780971, 30.830092395], [73.136254252, 30.829023199], [73.139273001, 30.829448239], [73.13946573814431, 30.829823009701553], [73.13953824282255, 30.829819889781774], [73.14354593186091, 30.829819889781774], [73.14523270372541, 30.829486026270974], [73.14766739524492, 30.82755842793825], [73.14601359344422, 30.822321024237407], [73.14598478877629, 30.822210782666197], [73.14596719816652, 30.82209820609951], [73.14596099938832, 30.821984432253366], [73.1459662550875, 30.82187061094365], [73.14598291214914, 30.82175789246595], [73.14601080223444, 30.82164741597044], [73.14604964348193, 30.82154029794949], [73.146099043356, 30.821437620954214], [73.146158502614, 30.821340422654036], [73.14622742035154, 30.82124968534985], [73.15000550672532, 30.81676289537875], [73.15008010048432, 30.81668254203855], [73.15016210897687, 30.816609771884547], [73.15025076482539, 30.816545265848486], [73.15034523845101, 30.81648962753232], [73.15044464583623, 30.81644337756014], [73.15054805679691, 30.81640694870654], [73.15065450368627, 30.81638068184702], [73.15076299044945, 30.81636482276831], [73.15087250194391, 30.816359519868474], [73.15803431306753, 30.816359519868474], [73.16316410457793, 30.81229815214143], [73.16494023107083, 30.80807955799226], [73.16498810903826, 30.80797976704421], [73.16504549195717, 30.80788512173953], [73.16511183262091, 30.807796524620986], [73.16518649840131, 30.807714820555507], [73.16526877728144, 30.80764078867749], [73.16535788464545, 30.80757513495894], [73.16545297076067, 30.80751848547728], [73.16555312888075, 30.80747138044504], [73.16565740389241, 30.807434269058366], [73.1657648014235, 30.807407505213448], [73.16587429732533, 30.80739134413177], [73.16598484743905, 30.807385939926274], [73.17278843319582, 30.807385939926274], [73.17385586071777, 30.804850623034845], [73.17346511290863, 30.803922532367856], [73.16698491488023, 30.7987920183725], [73.16671377929646, 30.798577354422253], [73.16528129652538, 30.797443226595767], [73.16519599437741, 30.797368450767237], [73.16511859386284, 30.79728552283874], [73.16504987027243, 30.79719527346699], [73.16499051198358, 30.797098606644735], [73.1649411135651, 30.796996490645824], [73.1649021698217, 30.796889948326392], [73.16487407083766, 30.796780046879288], [73.16485709806953, 30.796667887144434]], [[73.15628380918824, 30.613942815459396], [73.15658355656373, 30.613763597042325], [73.15641950757305, 30.61403602395303], [73.15628380918824, 30.613942815459396]], [[73.13929674978527, 30.739041788541982], [73.13980050337064, 30.74462352381705], [73.13857678724341, 30.74579684178964], [73.13929674978527, 30.739041788541982]], [[73.10897512451758, 30.79200698940405], [73.11116904159337, 30.787174764265355], [73.10940029139995, 30.793246678573606], [73.10897512451758, 30.79200698940405]]]]}}, {"type": "Feature", "properties": {"na": "NA-143", "src": "sheet-split: sahiwal_na141_142.jpg, outline-fit", "approx": false, "rms_km": 0.726}, "geometry": {"type": "MultiPolygon", "coordinates": [[[[72.73310474036309, 30.59803992890136], [72.73321918679812, 30.598015963570674], [72.73333549328493, 30.59800391679962], [72.73345242199639, 30.59800391679962], [72.73356872848319, 30.598015963570674], [72.73368317491823, 30.59803992890136], [72.73854660861436, 30.5993234243817], [72.73999181233107, 30.59703502582898], [72.74005408853283, 30.596946145494062], [72.74012457987554, 30.596863628769437], [72.74020264007655, 30.59678823218954], [72.74028755345995, 30.5967206470095], [72.74037854151811, 30.596661492867547], [72.74047477004927, 30.596611312103978], [72.74057535680562, 30.596570564788873], [72.74067937958205, 30.596539624504043], [72.74078588467113, 30.596518774917932], [72.74089389560696, 30.59650820718488], [72.74100242211765, 30.596508018192566], [72.74111046920439, 30.59651820967372], [72.74121704626384, 30.59653868819024], [72.74132117617026, 30.596569265989842], [72.74142190423404, 30.596609662727438], [72.74151830695452, 30.59665950803541], [72.74160950048687, 30.59671834491921], [72.7416946487455, 30.59678563394725], [72.74177297106937, 30.596860758196495], [72.74548383403678, 30.600778052967573], [72.74548383403678, 30.597640237196707], [72.74548943872618, 30.59752766016581], [72.74550619736506, 30.59741619650154], [72.74553394421348, 30.597306948559535], [72.74557240486007, 30.59720099678233], [72.74562119893594, 30.597099389013984], [72.74567984387646, 30.597003130137086], [72.74574775969367, 30.59691317213466], [72.74582427471235, 30.59683040467519], [72.74590863221268, 30.59675564631401], [72.74599999791414, 30.59668963639788], [72.74609746822632, 30.59663302775303], [72.74620007918534, 30.596586380228793], [72.74997816555913, 30.59509078357176], [72.75008109057752, 30.595055651272084], [72.75018690895486, 30.595030545318433], [72.75029464641922, 30.595015696861832], [72.75040331102961, 30.595011242612312], [72.7505119023088, 30.595017223580246], [72.75061942045467, 30.595033584698736], [72.75072487554553, 30.59506017533064], [72.75082729665421, 30.595096750655475], [72.75092574078752, 30.595142973923494], [72.75101930156838, 30.595198419556137], [72.75110711758076, 30.595262577064354], [72.75118838030089, 30.59533485574868], [72.75126234154128, 30.595414590137814], [72.75451488874879, 30.599277258893203], [72.75626322073144, 30.59858516262807], [72.75510415782621, 30.5967498519074], [72.75504945130203, 30.596653006053756], [72.75500450075835, 30.596551264362308], [72.75496973909347, 30.596445606661167], [72.75494550108121, 30.596337050491748], [72.75493202014691, 30.59622664130931], [72.75492942611933, 30.596115442414636], [72.75493774398035, 30.596004524713866], [72.75495689362445, 30.595894956405093], [72.75498669063006, 30.59578779269103], [72.75502684803575, 30.59568406561682], [72.75507697910376, 30.595584774130895], [72.75513660104447, 30.595490874464538], [72.75520513966602, 30.59540327092287], [72.755281934904, 30.595322807175886], [72.75536624717832, 30.595250258133454], [72.75545726451564, 30.595186322482515], [72.75555411036929, 30.595131615958337], [72.75565585206073, 30.59508666541465], [72.75576150976188, 30.595051903749766], [72.75587006593129, 30.595027665737522], [72.75598047511373, 30.595014184803222], [72.7560916740084, 30.59501159077563], [72.75620259170917, 30.595019908636658], [72.75631216001794, 30.595039058280754], [72.75641932373202, 30.595068855286375], [72.75652305080622, 30.595109012692067], [72.75662234229215, 30.595159143760064], [72.7567162419585, 30.59521876570078], [72.75680384550017, 30.595287304322323], [72.75688430924716, 30.59536409956031], [72.75695685828958, 30.595448411834614], [72.75702079394053, 30.595539429171946], [72.75823655326192, 30.597464515469014], [72.76291509771727, 30.593760409869017], [72.76300377877769, 30.593696894019512], [72.76309815482274, 30.59364219707506], [72.76319735173232, 30.593596825644102], [72.76330045073492, 30.593561199961268], [72.76340649691751, 30.593535649995108], [72.76351450807002, 30.59352041239191], [72.76362348378255, 30.59351562828384], [72.76373241471146, 30.59352134198177], [72.7638402919278, 30.59353750056488], [72.76394611626228, 30.59356395437079], [72.76404890755956, 30.59360045838177], [72.76414771375661, 30.593646674494096], [72.76981484331729, 30.596637867808163], [72.76991166311514, 30.59669529150472], [72.77000230931847, 30.5967620359427], [72.77008588781263, 30.5968374427693], [72.77016157419725, 30.596920768187772], [72.77022862191811, 30.597011190294076], [72.77028636963088, 30.59710781718397], [72.77033424772453, 30.597209695750557], [72.77037178393981, 30.597315821085534], [72.77039860802756, 30.597425146391377], [72.77041445540073, 30.597536593306746], [72.77041916974424, 30.59764906254319], [72.77041270455682, 30.597761444728313], [72.77039512360967, 30.597872631348366], [72.77036660031752, 30.597981525682403], [72.76885878888112, 30.60275659437191], [72.77477901303634, 30.60392838699117], [72.77948661140084, 30.601443648182496], [72.77948661140084, 30.591657850568573], [72.77949198193065, 30.591547644612632], [72.77950804262558, 30.591438483037916], [72.77953464128431, 30.59133140032844], [72.77957152584119, 30.591227411267575], [72.77961834675484, 30.59112750132132], [72.77967466032074, 30.59103261729942], [72.77973993287596, 30.590943658382777], [72.77981354585656, 30.590861467602256], [72.77989480165945, 30.590786823849594], [72.77998293025335, 30.590720434496127], [72.78007709647603, 30.590662928689284], [72.78017640794893, 30.590614851390406], [72.7802799235338, 30.59057665821033], [72.78038666225162, 30.590548711091756], [72.78049561257886, 30.590531274879222], [72.78060574203346, 30.590524514809285], [72.78071600695915, 30.59052849494464], [72.78082536241588, 30.59054317756701], [72.78093277208228, 30.590568423534595], [72.78103721807653, 30.59060399360066], [72.78278451423544, 30.591295679823677], [72.78448071876744, 30.591295679823677], [72.78730921484195, 30.587936606852647], [72.78738545540921, 30.5878546465528], [72.78746940874915, 30.58778060635049], [72.78756025600725, 30.587715208410618], [72.78765711108788, 30.587659090604163], [72.78775902929698, 30.587612800286593], [72.7912713843297, 30.58622239627632], [72.79459895689598, 30.582270628703704], [72.79459895689598, 30.578197480655273], [72.79460447969134, 30.5780857270983], [72.79462099425609, 30.57797506261477], [72.7946483396506, 30.57786656566475], [72.79468624938544, 30.577761293585024], [72.79473435401835, 30.577660272285005], [72.7947921847546, 30.577564486248924], [72.79485917801556, 30.57747486894172], [72.7949346809309, 30.577392293712144], [72.79501795770103, 30.57731756528168], [72.79510819676776, 30.57725141190231], [72.80572813176944, 30.570244716927206], [72.8041125961868, 30.565128498021274], [72.80224393918746, 30.560690128617022], [72.80220653218805, 30.560587781479985], [72.80217912646572, 30.56048231515148], [72.80216197533497, 30.560374704469947], [72.80215523732585, 30.560265944094358], [72.80215897471862, 30.56015703931044], [72.80217315296811, 30.560048996738704], [72.80219764102296, 30.559942815030134], [72.80223221253704, 30.559839475635517], [72.80227654796151, 30.55973993373378], [72.80233023749852, 30.559645109403146], [72.80348930040375, 30.557809798682477], [72.80098233160523, 30.556817387767687], [72.80087972064621, 30.55677074024345], [72.80078225033402, 30.5567141315986], [72.80069088463256, 30.55664812168247], [72.80060652713223, 30.556573363321288], [72.80053001211355, 30.55649059586182], [72.80046209629634, 30.556400637859394], [72.80040345135582, 30.556304378982496], [72.80035465727995, 30.55620277121415], [72.80031619663336, 30.556096819436945], [72.80028844978494, 30.55598757149494], [72.80027169114607, 30.55587610783067], [72.80026608645666, 30.555763530799773], [72.80026608645666, 30.534825177601306], [72.80027170644257, 30.53471244743186], [72.80028851066801, 30.534600835186332], [72.80031633248859, 30.534491447702386], [72.80035489600057, 30.534385369755157], [72.80179454337839, 30.530965969149854], [72.79909328841833, 30.529896647941086], [72.79899153427738, 30.529850442134624], [72.79889482500855, 30.5297944403572], [72.79880410077965, 30.529729187035105], [72.79872024357441, 30.529655316534352], [72.79864406861815, 30.52957354699363], [72.79857631645251, 30.52948467334284], [72.79851764573625, 30.529389559575137], [72.798468626842, 30.529289130347525], [72.7984297363113, 30.529184361991735], [72.79840135222194, 30.529076273022717], [72.79651230903505, 30.520102693080517], [72.79649409370143, 30.51998658308111], [72.79648800008287, 30.519869211030972], [72.79648800008287, 30.51388682440284], [72.7964922458553, 30.513788811595447], [72.7965049513636, 30.51369153309291], [72.796526021419, 30.513595717698728], [72.79655529816618, 30.5135020832549], [72.79686580872024, 30.512641650351902], [72.799596294794, 30.505075401706478], [72.80026608645666, 30.50321939141256], [72.80026608645666, 30.497609959405576], [72.79664529202692, 30.48614331198853], [72.79313978870755, 30.48336792861876], [72.79305652171942, 30.483295120498155], [72.79298074799681, 30.48321454285424], [72.79291318917126, 30.48312696306874], [72.79285448863969, 30.483033215208334], [72.79280520543702, 30.482934192081384], [72.79276580891214, 30.4828308367353], [72.79273667425811, 30.482724133475404], [72.79271807893902, 30.4826150984909], [72.7927102000475, 30.482504770177194], [72.79271311261823, 30.482394199246702], [72.79272678891334, 30.482284438722427], [72.79275109868652, 30.482176533909442], [72.79278581042348, 30.48207151243995], [72.7928305935468, 30.481970374486618], [72.79288502156406, 30.48187408323741], [72.79459895689598, 30.479160163332796], [72.79459895689598, 30.476496907977005], [72.79460441465154, 30.47638581281032], [72.79462073535706, 30.476275787550826], [72.79464776183522, 30.476167891801907], [72.79468523380628, 30.476063164658616], [72.79473279039463, 30.47596261470059], [72.79478997360438, 30.47586721027889], [72.79485623272991, 30.47577787019025], [72.79493092965967, 30.47569545482856], [72.79501334502136, 30.475620757898813], [72.79510268511, 30.475554498773267], [72.7951980895317, 30.47549731556353], [72.79529863948973, 30.475449758975167], [72.79540336663301, 30.47541228700412], [72.79551126238194, 30.475385260525954], [72.79562128764142, 30.475368939820434], [72.79573238280811, 30.475363482064868], [72.79625291514962, 30.475363482064868], [72.79502883189444, 30.47439434867656], [72.7949438256851, 30.47431985958987], [72.79486666093526, 30.47423727459702], [72.79479810497581, 30.474147414928154], [72.79473883953138, 30.47405117415323], [72.79468945394107, 30.473949509296304], [72.79465043929821, 30.473843431318834], [72.79462218356672, 30.47373399506661], [72.7946049677233, 30.473622288780312], [72.79459896296335, 30.473509423273974], [72.79460422899855, 30.473396520888986], [72.79462071346313, 30.47328470433346], [72.7946482524346, 30.473175085517948], [72.79468657206374, 30.473068754498556], [72.79473529129787, 30.472966768637338], [72.79479392566999, 30.472870142087835], [72.79486189211639, 30.472779835710273], [72.7949385147746, 30.472696747516707], [72.79502303170433, 30.472621703741133], [72.79511460246412, 30.472555450623375], [72.79521231646885, 30.472498646988416], [72.79531520204455, 30.472451857695024], [72.79820442435681, 30.471308127561795], [72.79651230903505, 30.46327002011325], [72.79649409370143, 30.463153910113842], [72.79648800008287, 30.463036538063704], [72.79648800008287, 30.45932007161426], [72.79362716114161, 30.458187577347708], [72.79006525324743, 30.458187577347708], [72.7899569864947, 30.458182394586913], [72.78984970987405, 30.458166893702447], [72.78974440446251, 30.458141216454564], [72.78964203330982, 30.458105597669437], [72.78954353263101, 30.45806036309159], [72.78944980324451, 30.458005926404876], [72.78936170233376, 30.457942785449195], [72.78558361595998, 30.454951592135128], [72.78549831381201, 30.454876816306598], [72.78542091329744, 30.454793888378102], [72.78535218970703, 30.45470363900635], [72.78529283141818, 30.454606972184095], [72.7852434329997, 30.454504856185185], [72.7852044892563, 30.454398313865752], [72.78517639027226, 30.45428841241865], [72.78515941750413, 30.454176252683794], [72.78515374096152, 30.454062958121504], [72.78515374096152, 30.449576168150404], [72.78515934565092, 30.449463591119507], [72.7851761042898, 30.44935212745524], [72.78520385113822, 30.449242879513232], [72.78524231178481, 30.449136927736028], [72.78529110586068, 30.44903531996768], [72.7853497508012, 30.448939061090783], [72.78541766661841, 30.448849103088357], [72.78549418163709, 30.44876633562889], [72.78557853913742, 30.448691577267706], [72.78566990483888, 30.448625567351577], [72.78576737515107, 30.448568958706726], [72.78586998611009, 30.44852231118249], [72.7889318273353, 30.447310247971714], [72.7889318273353, 30.445089378179304], [72.78893750387792, 30.444976083617014], [72.78895447664604, 30.44486392388216], [72.78898257563009, 30.444754022435056], [72.78902151937349, 30.444647480115623], [72.78907091779196, 30.444545364116713], [72.78913027608081, 30.444448697294458], [72.78919899967123, 30.444358447922706], [72.7892764001858, 30.44427551999421], [72.78936170233376, 30.44420074416568], [72.79234100021083, 30.44184196911165], [72.79099597837717, 30.439712202918898], [72.79094155437281, 30.439615919655253], [72.79089677366751, 30.4395147903937], [72.7908620626618, 30.439409778083988], [72.79083775187281, 30.43930188265013], [72.79082407278713, 30.439192131469163], [72.79082115565662, 30.439081569588488], [72.79082902825807, 30.43897124977497], [72.79084761562883, 30.438862222490506], [72.79087674078053, 30.43875552588959], [72.79091612638435, 30.438652175933996], [72.79096539741177, 30.438553156718864], [72.79102408470557, 30.438459411102137], [72.79109162944711, 30.438371831726727], [72.79116738847745, 30.438291252520777], [72.7912506404214, 30.438218440757034], [72.79134059255645, 30.4381540897469], [72.79143638836116, 30.43809881223872], [72.79153711567076, 30.438053134583257], [72.79467702977352, 30.436810165373227], [72.79640415153214, 30.420401366168974], [72.79342615885766, 30.419222495320618], [72.79332327328196, 30.419175706027225], [72.79322555927723, 30.419118902392267], [72.79313398851744, 30.41905264927451], [72.79304947158771, 30.418977605498934], [72.7929728489295, 30.418894517305368], [72.7929048824831, 30.418804210927807], [72.79284624811098, 30.418707584378303], [72.79279752887685, 30.418605598517086], [72.7927592092477, 30.418499267497694], [72.79273167027624, 30.418389648682183], [72.79271518581166, 30.418277832126655], [72.79270991977646, 30.418164929741668], [72.79271592453641, 30.41805206423533], [72.79273314037982, 30.417940357949032], [72.79276139611132, 30.417830921696808], [72.79280041075418, 30.417724843719338], [72.79284979634448, 30.41762317886241], [72.79290906178892, 30.417526938087487], [72.79297761774836, 30.417437078418622], [72.7930547824982, 30.417354493425773], [72.79313978870755, 30.41728000433908], [72.79648800008287, 30.414629152429118], [72.79648800008287, 30.41273454433409], [72.79313978870755, 30.410083692424127], [72.79305652171942, 30.41001088430352], [72.79298074799681, 30.409930306659604], [72.79291318917126, 30.409842726874107], [72.79285448863969, 30.4097489790137], [72.79280520543702, 30.40964995588675], [72.79276580891214, 30.409546600540665], [72.79273667425811, 30.40943989728077], [72.79271807893902, 30.409330862296265], [72.7927102000475, 30.40922053398256], [72.79271311261823, 30.409109963052067], [72.79272678891334, 30.409000202527793], [72.79275109868652, 30.408892297714807], [72.79278581042348, 30.408787276245317], [72.7928305935468, 30.408686138291984], [72.79288502156406, 30.408589847042776], [72.79648800008287, 30.402884733824095], [72.79648800008287, 30.40135490438044], [72.79195429643433, 30.40135490438044], [72.79184452228638, 30.401349575952896], [72.79173578027223, 30.40133364076995], [72.7916290928212, 30.4013072486596], [72.7915254630449, 30.401270647769422], [72.79142586530567, 30.401224182233413], [72.79133123605524, 30.401168288936304], [72.79124246502997, 30.401103493405852], [72.79116038688512, 30.401030404871616], [72.79108577334729, 30.400949710536807], [72.7910193259583, 30.40086216911694], [72.79096166947902, 30.40076860370616], [72.79091334601526, 30.40066989403821], [72.79087480992061, 30.40056696821489], [72.79084642352451, 30.40046079397972], [72.79082845372551, 30.400352369618894], [72.79082106948174, 30.400242714575047], [72.79082434022237, 30.40013285986212], [72.79083823519478, 30.4000238383714], [72.79086262375375, 30.399916675159947], [72.79089727658975, 30.399812377812644], [72.79094186788505, 30.399711926968543], [72.79099597837717, 30.399616267100576], [72.79288502156406, 30.39662507378651], [72.79294850784112, 30.396534634104057], [72.79302049894008, 30.396450806154025], [72.79799132037444, 30.391203462615934], [72.79486538758952, 30.387491158956863], [72.79479865333458, 30.387403606468276], [72.79474072749855, 30.387309992919253], [72.79469215652989, 30.387211201421422], [72.7946533986271, 30.387108163933043], [72.79462481941626, 30.387001852467304], [72.79460668850184, 30.386893269922744], [72.79459917692343, 30.386783440622327], [72.79460235554217, 30.38667340065039], [72.79461619437227, 30.38656418807867], [72.79464056286392, 30.38645683317354], [72.7946752311348, 30.386352348676922], [72.79471987213876, 30.386251720252474], [72.79477406475095, 30.386155897187276], [72.79648800008287, 30.38344197728266], [72.79648800008287, 30.38077872192687], [72.79649377420407, 30.380664460224203], [72.79651103773634, 30.380551362710413], [72.7965396147851, 30.380440581712694], [72.79657921418475, 30.380333245955743], [72.79662943246514, 30.380230449061404], [72.79668975796261, 30.38013323840599], [72.79675957603315, 30.38004260444878], [72.79683817531485, 30.379959470640436], [72.79692475497585, 30.379884684014154], [72.79701843287391, 30.379819006555408], [72.79711825454427, 30.37976310743826], [72.79722320292457, 30.37971755620726], [72.79733220871744, 30.37968281697449], [72.79966420058278, 30.379067387381664], [72.79531520204455, 30.377345788923684], [72.79521334740559, 30.37729953135495], [72.7951165488168, 30.377243458515267], [72.79502574921676, 30.377178116623814], [72.79494183310652, 30.377104142191858], [72.79486561793328, 30.377022255822332], [72.79479784612764, 30.376933255190302], [72.79473917787121, 30.376838007272575], [72.79469018466578, 30.376737439902296], [72.79465134376606, 30.376632532730696], [72.79462303353074, 30.37652430768406], [72.79460552973669, 30.37641381900891], [72.79459900289262, 30.376302143002313], [72.79460351657814, 30.376190367527425], [72.7946190268243, 30.37607958141635], [72.79464538254203, 30.375970863863554], [72.79468232699388, 30.375865273913178], [72.79472950029496, 30.37576384014262], [72.79478644291865, 30.37566755064293], [72.794852600173, 30.37557734339355], [72.79492732760409, 30.375494097125255], [72.79500989727384, 30.3754186227602], [72.795099504851, 30.37535165551254], [72.79519527744634, 30.375293847726528], [72.79529628211573, 30.37524576252188], [72.79540153494808, 30.375207868308276], [72.79551001064995, 30.375180534222473], [72.79562065253313, 30.37516402653245], [72.79573238280811, 30.375158506043633], [72.80158157109544, 30.375158506043633], [72.80035489600057, 30.37224494983082], [72.80031657133225, 30.3721396461097], [72.80028883254585, 30.372031072569587], [72.80027195079141, 30.3719202905302], [72.8002660910902, 30.371808382899605], [72.80027131072147, 30.371696443588668], [72.80028755866272, 30.37158556681793], [72.80031467608829, 30.371476836421476], [72.80035239792204, 30.371371315252308], [72.80040035542838, 30.371270034792843], [72.8004580798168, 30.371173985072044], [72.80052500682429, 30.371084104987748], [72.8006004822311, 30.371001273128844], [72.80068376825587, 30.370926299186948], [72.80077405076742, 30.370859916041567], [72.80087044724311, 30.370802772596125], [72.8032076048299, 30.36956918686765], [72.80446445113435, 30.36757904165085], [72.803957538, 30.367303724], [72.803296403, 30.366943087], [72.801912762, 30.365641665], [72.80145311400001, 30.364583973], [72.801407066094, 30.364476280585514], [72.79624995297327, 30.36344944467179], [72.79768868154355, 30.363735910787906], [72.79253298407733, 30.366797319315516], [72.79243643365824, 30.366848522384483], [72.79233540069427, 30.36689018865251], [72.79223082451301, 30.366921930738354], [72.79212367738421, 30.366943453528265], [72.79201495548027, 30.36695455691973], [72.79190566961469, 30.366955137681863], [72.79179683584427, 30.366945190415183], [72.79168946602255, 30.3669248076018], [72.79158455839239, 30.366894178745603], [72.79148308830506, 30.366853588610372], [72.79138599915221, 30.36680341457229], [72.79129419359487, 30.366744123111364], [72.7912085251712, 30.36667626547446], [72.79112979036101, 30.366600472550232], [72.79105872118062, 30.366517449003588], [72.79099597837717, 30.366427966724263], [72.78978021905577, 30.364502880427196], [72.78699071778732, 30.36671138937016], [72.78689570559996, 30.366778963972312], [72.78679425412541, 30.36683642039855], [72.78668743687824, 30.36688315067043], [72.78657638415122, 30.366918660308915], [72.78090925459054, 30.36841425696595], [72.78080378900052, 30.36843678377976], [72.78069665983885, 30.36844918501929], [72.78058883698527, 30.368451348411558], [72.78048129659975, 30.368443254370572], [72.78037501228494, 30.368424976174673], [72.78027094627186, 30.368396679303082], [72.78017004070841, 30.368358619937798], [72.78007320912978, 30.368311142644256], [72.7799813281879, 30.36825467725186], [72.77989522971473, 30.36818973496258], [72.77981569319141, 30.36811690372286], [72.77974343869137, 30.36803684290071], [72.77967912036117, 30.367950277316208], [72.77962332049833, 30.367857990679436], [72.77957654427952, 30.367760818495277], [72.77953921518707, 30.367659640499266], [72.777754860158, 30.362008789454762], [72.77424935683862, 30.359233406084993], [72.7741660898505, 30.359160597964387], [72.77409031612788, 30.35908002032047], [72.77402275730233, 30.358992440534973], [72.77396405677077, 30.358898692674565], [72.7739147735681, 30.358799669547615], [72.77387537704321, 30.35869631420153], [72.77384624238918, 30.358589610941635], [72.77382764707009, 30.35848057595713], [72.77381976817857, 30.358370247643425], [72.7738226807493, 30.358259676712933], [72.77383635704442, 30.35814991618866], [72.7738606668176, 30.358042011375673], [72.77389537855456, 30.357936989906182], [72.77394016167787, 30.35783585195285], [72.77399458969514, 30.357739560703642], [72.77565619577128, 30.355108501223345], [72.77598227345973, 30.354334012787866], [72.77759756821395, 30.35113685264445], [72.77759756821395, 30.347875595472136], [72.77760294152475, 30.347765361053977], [72.77761901050994, 30.34765617182772], [72.77764562281078, 30.347549063075235], [72.77768252610173, 30.3474450503523], [72.7777293704828, 30.347345119859565], [72.7777857117972, 30.347250219091872], [72.77785101584254, 30.34716124785452], [72.77792466343601, 30.347079049731725], [72.77800595628511, 30.34700440408818], [72.77809412360855, 30.346938018679438], [72.77818832944443, 30.346880522941316], [72.77828768057648, 30.346832462021883], [72.77839123500308, 30.3467942916126], [72.77849801086896, 30.346766373627684], [72.77860699577461, 30.34674897277259], [72.77871715637541, 30.346742254034194], [72.77882744817938, 30.346746281116474], [72.77893682545053, 30.3467610158365], [72.77904425112399, 30.346786318486444], [72.77914870663913, 30.34682194915826], [72.77924920159691, 30.346867570018354], [72.77934478315052, 30.346922748510774], [72.77943454503975, 30.346986961458512], [72.78175280616969, 30.348822379314562], [72.78252864338225, 30.349157149682753], [72.7821431913858, 30.34913145579742], [72.78321263141353, 30.34997815477258], [72.7832983466013, 30.350053331153973], [72.78337607571845, 30.350136738384343], [72.78715416209224, 30.354623528355443], [72.7872454849308, 30.354748367389575], [72.78789687515541, 30.355779807061356], [72.7907222836503, 30.34795052589319], [72.78716456747325, 30.34090872232568], [72.78712116891644, 30.340811789060478], [72.78708703380804, 30.340711219248856], [72.78706246186034, 30.340607895911596], [72.78704766881943, 30.34050272624593], [72.7870427845708, 30.340396633660177], [72.78704785199906, 30.340290549666065], [72.78706282661126, 30.34018540569988], [72.78708757692766, 30.340082124944296], [72.78712188563608, 30.33998161422267], [72.7871654515, 30.339884756036966], [72.78721789200338, 30.339792400819242], [72.78910693519028, 30.336801207505175], [72.78917571126459, 30.336704016310932], [72.78925430351534, 30.33661457619263], [72.78934184466988, 30.33653387413009], [72.78943736870364, 30.336462800677882], [72.78953982150028, 30.336402140138], [72.78964807248387, 30.336352561904988], [72.79076396873329, 30.33591082221587], [72.78964807248387, 30.33546908252675], [72.78954628907464, 30.335422861646745], [72.78944955379141, 30.335366839176938], [72.78935880760841, 30.33530156006533], [72.78927493324198, 30.33522765930215], [72.78919874656418, 30.335145855743118], [72.78913098866656, 30.335056945116914], [72.78907231865125, 30.334961792284865], [72.78902330721976, 30.33486132282818], [72.78898443112153, 30.334756514044532], [72.78846201673188, 30.333102086617657], [72.788371188, 30.333191235], [72.787707688, 30.333904215], [72.78683001200001, 30.335629914], [72.786279367, 30.337579888], [72.786217891, 30.338251742], [72.786118786, 30.339306944], [72.785530048, 30.339992771], [72.785231278, 30.340340806], [72.78395197200001, 30.340471368], [72.783383909, 30.340409195], [72.78176005, 30.340231466], [72.780938602, 30.34014156], [72.780286137, 30.33971947], [72.777781057, 30.338108678], [72.777314062, 30.337807835], [72.776130281, 30.336358582], [72.775870584, 30.334889252], [72.775952613, 30.333500927], [72.77679216700001, 30.331972034], [72.777420508, 30.331494627], [72.77833279100001, 30.330801484], [72.77865300900001, 30.329599714], [72.778499843, 30.32867861], [72.778377083, 30.327938724], [72.776740215, 30.326371433], [72.776098976, 30.326123865], [72.773324646, 30.32504814], [72.77287140700001, 30.324872399], [72.772101331, 30.324785215], [72.770313144, 30.324582764], [72.769659879, 30.324540305], [72.767581078, 30.324639866], [72.76570001600001, 30.324729917], [72.764436027, 30.325172752], [72.762272443, 30.326039831], [72.760532503, 30.327334085], [72.759702302, 30.327951628], [72.758053938, 30.327934224], [72.756736851, 30.327917194], [72.755657502, 30.327529495], [72.753074804, 30.326600726], [72.751310423, 30.326197741], [72.749658283, 30.32581762], [72.748319991, 30.325878931], [72.74533984700001, 30.326009426], [72.743879941, 30.326698043], [72.74219930400001, 30.327491831], [72.741192726, 30.329379683], [72.73992654700001, 30.331755453], [72.739348627, 30.332797675], [72.738476751, 30.334734651], [72.738025585, 30.335796226], [72.73749974200001, 30.336527985], [72.73654616, 30.337843841], [72.735731525, 30.338971069], [72.734920403, 30.33925117], [72.733381596, 30.339781316], [72.732310262, 30.339796629], [72.730523657, 30.339681708], [72.729794818, 30.339300926], [72.728508292, 30.338642636], [72.727098886, 30.337614094], [72.725690022, 30.336589921], [72.723328161, 30.334865238], [72.722902437, 30.334535141], [72.719768672, 30.331712332], [72.718797836, 30.330842399], [72.718609053, 30.330150303], [72.71828124400001, 30.328941621], [72.718268707, 30.328485572], [72.718262538, 30.326324219], [72.71826132800001, 30.325445423], [72.71850032600001, 30.324880171], [72.71866915000001, 30.32447981], [72.718942714, 30.323831063], [72.71957471600001, 30.322325223], [72.719690692, 30.321851508], [72.720070824, 30.320840276], [72.720285654, 30.319429635], [72.720453229, 30.318329913], [72.720609826, 30.317260463], [72.720427942, 30.316217166], [72.720167789, 30.314728133], [72.719989991, 30.31371154], [72.7195221, 30.312735496], [72.718272455, 30.310132468], [72.717722938, 30.309065792], [72.71700968600001, 30.308144625], [72.714850022, 30.305340041], [72.713539081, 30.303651606], [72.712927096, 30.302863335], [72.71201553, 30.301763604], [72.70847500500001, 30.297483497], [72.707623184, 30.29644979], [72.706700624, 30.295736834], [72.70594423700001, 30.295150182], [72.70547989500001, 30.294785043], [72.704637815, 30.294127326], [72.70198030600001, 30.294058946], [72.701536364, 30.294432424], [72.700859483, 30.295001967], [72.699949662, 30.2965586], [72.69941932, 30.297201481], [72.69859362000001, 30.298150215], [72.698002786, 30.298829084], [72.69691135100001, 30.299538084], [72.69655056500001, 30.299772452], [72.696189908, 30.300006737], [72.695823927, 30.300244478], [72.695159462, 30.300661599], [72.693050526, 30.301295963], [72.692221423, 30.30154511], [72.687373183, 30.303004834], [72.686825404, 30.303231213], [72.684840472, 30.3041245], [72.68474093600001, 30.306265913], [72.684700843, 30.307162764], [72.684862498, 30.307956965], [72.684947455, 30.308373342], [72.685032723, 30.308791242], [72.685118121, 30.309209779], [72.685209439, 30.309660325], [72.685422893, 30.310290859], [72.686266972, 30.313009269], [72.686181771, 30.313561408], [72.686040016, 30.314480036], [72.686904327, 30.316988272], [72.687470387, 30.318630221], [72.686400692, 30.319930474], [72.685179258, 30.320588407], [72.681916638, 30.322407309], [72.678111629, 30.326635146], [72.677435744, 30.327555548], [72.675713389, 30.328348798], [72.674530413, 30.328257555], [72.6739075, 30.328151123], [72.672729892, 30.327949916], [72.670913193, 30.326036214], [72.67044832900001, 30.325444922], [72.670144094, 30.324123413], [72.669964486, 30.32166666], [72.66990831800001, 30.320877603], [72.670088674, 30.320009631], [72.670504249, 30.317956482], [72.670249177, 30.316406902], [72.668611933, 30.313286009], [72.668383082, 30.312867001], [72.668150584, 30.312442149], [72.667512508, 30.311732853], [72.66613989800001, 30.310209913], [72.665419621, 30.3093863], [72.66510194300001, 30.309058389], [72.664544136, 30.309000643], [72.663569108, 30.308899229], [72.663100612, 30.308850582], [72.66256799700001, 30.309022532], [72.660694871, 30.309703742], [72.65836168300001, 30.311139035], [72.657541182, 30.312032418], [72.657077676, 30.312537199], [72.656551449, 30.313110091], [72.65552066500001, 30.313565925], [72.654196113, 30.314020545], [72.651733652, 30.314332171], [72.65097038600001, 30.314428395], [72.650444226, 30.314300143], [72.649496296, 30.313975246], [72.648871135, 30.313338684], [72.648692861, 30.312712087], [72.648538349, 30.312169023], [72.64949155500001, 30.310199823], [72.650125402, 30.30887625], [72.65056027, 30.30781592], [72.651251383, 30.306128736], [72.65107732, 30.304337879], [72.649795916, 30.302539101], [72.646997778, 30.300988578], [72.64467021, 30.300851885], [72.64314469300001, 30.300762044], [72.64259001500001, 30.300577544], [72.64163698, 30.300238799], [72.64167327, 30.299341671], [72.641739455, 30.297960164], [72.64236816600001, 30.296894912], [72.64274866, 30.296251888], [72.643733843, 30.293939752], [72.64250299000001, 30.291438438], [72.641219562, 30.290986188], [72.639707607, 30.290731495], [72.638810018, 30.29057811], [72.637540947, 30.290360346], [72.636450871, 30.289420559], [72.636351278, 30.288339832], [72.636977603, 30.286722431], [72.637514873, 30.285913921], [72.63812642, 30.285101706], [72.638037713, 30.284192335], [72.636070008, 30.283217243], [72.63490763, 30.283372834], [72.63388147500001, 30.283509641], [72.631355852, 30.283517924], [72.630755736, 30.283318609], [72.629404, 30.282962393], [72.628470698, 30.283349063], [72.627747365, 30.283914824], [72.626728307, 30.284709084], [72.624380045, 30.284318896], [72.624089769, 30.283251424], [72.62368888200001, 30.281778173], [72.624188075, 30.27911718], [72.625814387, 30.278257061], [72.626977919, 30.277606901], [72.627445891, 30.277086672], [72.627817524, 30.276655578], [72.627782506, 30.274357534], [72.62652964, 30.273128054], [72.625634677, 30.27267456], [72.625253097, 30.27248087], [72.624190717, 30.271942043], [72.623922017, 30.271376788], [72.623499884, 30.270489918], [72.623156727, 30.269778605], [72.623840748, 30.269070544], [72.624350762, 30.268542596], [72.625994565, 30.268472043], [72.62697301300001, 30.268430376], [72.628881628, 30.267758725], [72.628800498, 30.265266011], [72.628279415, 30.264652062], [72.62731961300001, 30.263547954], [72.626587734, 30.263264724], [72.625621941, 30.26288846], [72.624238478, 30.262351018], [72.622695094, 30.262060947], [72.621048937, 30.26175156], [72.61947983, 30.260760018], [72.618248749, 30.259441753], [72.618117322, 30.258696818], [72.618067447, 30.258190991], [72.61975002, 30.257230042], [72.62030042500001, 30.257052659], [72.62183667, 30.256557643], [72.62235693400001, 30.255029957], [72.621687291, 30.253924345], [72.620347978, 30.252927894], [72.619196066, 30.252699213], [72.618501898, 30.252561837], [72.617458607, 30.252607259], [72.614570608, 30.252732996], [72.614110294, 30.252752995], [72.611252984, 30.252877291], [72.61030790400001, 30.252918188], [72.60845022, 30.252708107], [72.607453118, 30.252580055], [72.606395723, 30.251801033], [72.605022514, 30.250788604], [72.602461063, 30.248653236], [72.601658091, 30.247761331], [72.600841168, 30.246833597], [72.60051911500001, 30.245284218], [72.60030891400001, 30.244209719], [72.60043894, 30.243481742], [72.60057685000001, 30.242709626], [72.60079090900001, 30.241511167], [72.60129405, 30.240841122], [72.602392002, 30.23937895], [72.602408423, 30.238626954], [72.602396998, 30.237751476], [72.601115029, 30.236639757], [72.600778218, 30.236347669], [72.59925922, 30.235968837], [72.598748652, 30.236179711], [72.596882787, 30.236951825], [72.595415424, 30.238665706], [72.594839519, 30.239338363], [72.59316136000001, 30.240790019], [72.591389571, 30.241281924], [72.589551615, 30.240863686], [72.588231922, 30.239381811], [72.588461422, 30.236718633], [72.588827224, 30.236193407], [72.589301739, 30.235512088], [72.59007511, 30.234295889], [72.590473259, 30.232059218], [72.590312487, 30.230438867], [72.588968299, 30.229859726], [72.587398847, 30.229183529], [72.586877906, 30.228959083], [72.58632320400001, 30.228940785], [72.584315812, 30.228874563], [72.583778334, 30.228856855], [72.582909262, 30.228828223], [72.581489793, 30.229478425], [72.58025742, 30.230878968], [72.579999462, 30.231291566], [72.579860715, 30.233063233], [72.580045813, 30.235222895], [72.580255428, 30.237850928], [72.579412129, 30.2391915], [72.57785272800001, 30.240018354], [72.575494585, 30.241275956], [72.574222083, 30.242673943], [72.573290145, 30.243698909], [72.572724488, 30.244766402], [72.57216823, 30.245830225], [72.57234801300001, 30.246779651], [72.572501015, 30.247587671], [72.573230883, 30.247998382], [72.57363561400001, 30.24822411], [72.57547057100001, 30.247819436], [72.577094398, 30.247402656], [72.578121187, 30.247800836], [72.578299953, 30.24956791], [72.577688913, 30.25086771], [72.576995355, 30.25233522], [72.576296411, 30.253710136], [72.575436988, 30.255394998], [72.574528665, 30.256439952], [72.573938178, 30.257110259], [72.57309862400001, 30.258618726], [72.573864766, 30.261616249], [72.57443982, 30.263869363], [72.573960009, 30.264930039], [72.573349035, 30.266271641], [72.571775846, 30.266566429], [72.569940206, 30.266910683], [72.561478836, 30.267611248], [72.559607213, 30.268015569], [72.556388752, 30.26873196], [72.555612909, 30.268701534], [72.554560122, 30.268689247], [72.553743433, 30.268149053], [72.551994085, 30.266975579], [72.551221138, 30.266372756], [72.550509733, 30.265385703], [72.549988903, 30.264660855], [72.549446865, 30.264188823], [72.549090633, 30.263878599], [72.548370129, 30.263251151], [72.547052225, 30.262919008], [72.54634041300001, 30.262739615], [72.54555255400001, 30.26287942], [72.544302893, 30.263099107], [72.54365783, 30.263565775], [72.542860915, 30.264191252], [72.54196084, 30.26672773], [72.541984114, 30.268452148], [72.54199990100001, 30.269580043], [72.541340015, 30.270750042], [72.539719258, 30.27063181], [72.539098672, 30.27004354], [72.538700426, 30.269666406], [72.538079099, 30.269077659], [72.536213488, 30.268853698], [72.535248913, 30.268737904], [72.533963043, 30.267459002], [72.533086244, 30.26604348], [72.532980015, 30.263858244], [72.532980015, 30.26302617], [72.532980015, 30.262496631], [72.532890142, 30.261612309], [72.531981158, 30.260762499], [72.530754622, 30.260540338], [72.529334731, 30.261039155], [72.528268827, 30.261991027], [72.526799235, 30.263300278], [72.525024609, 30.263624347], [72.524146844, 30.263784756], [72.52278961, 30.264031865], [72.521668777, 30.263818776], [72.52059224700001, 30.263597218], [72.519906133, 30.263348363], [72.518722415, 30.262918705], [72.518269994, 30.262752083], [72.517410092, 30.262374341], [72.516787342, 30.261189839], [72.516219328, 30.26010945], [72.515817872, 30.259348921], [72.51557956, 30.257001912], [72.515676409, 30.256181963], [72.515849153, 30.254714536], [72.516290826, 30.250780012], [72.516377425, 30.249874573], [72.516593727, 30.247619649], [72.516998152, 30.245052595], [72.517204604, 30.243746661], [72.517008909, 30.242433981], [72.516746773, 30.240781051], [72.516675011, 30.240334837], [72.516607451, 30.23991449], [72.516504361, 30.239300035], [72.516139709, 30.23853426], [72.515082743, 30.236297909], [72.51390778800001, 30.234472959], [72.513212061, 30.233400191], [72.510970399, 30.231909349], [72.508564039, 30.231220099], [72.505763576, 30.230295287], [72.50538030700001, 30.22940984], [72.504545769, 30.228086067], [72.50502037400001, 30.227217561], [72.50757688600001, 30.226935103], [72.510788144, 30.226579247], [72.512939615, 30.225757806], [72.514734914, 30.223921537], [72.51475324422276, 30.223235486300283], [72.5053916739866, 30.21838210215236], [72.50577958577044, 30.218361247085912], [72.51475674189672, 30.22310457781667], [72.51476945200001, 30.222628873], [72.51360037500001, 30.220870171], [72.511643348, 30.220421236], [72.509720614, 30.219980259], [72.508647062, 30.219138557], [72.508160332, 30.21773925], [72.507993181, 30.217259365], [72.507482228, 30.215790932], [72.505994137, 30.21231699], [72.505680607, 30.211163775], [72.505242067, 30.21118643], [72.50383880000001, 30.210842038], [72.50326682500001, 30.210297765], [72.502393533, 30.209488874], [72.500190211, 30.207693856], [72.49915074, 30.206848567], [72.498021742, 30.206073346], [72.497290018, 30.205570049], [72.496907293, 30.205307455], [72.492106249, 30.202025634], [72.490892532, 30.201195751], [72.48985191700001, 30.200084147], [72.48699708, 30.196855266], [72.48601901900001, 30.195745107], [72.485670022, 30.194399923], [72.485045516, 30.191987185], [72.484860544, 30.191261766], [72.484789886, 30.190373541], [72.484557859, 30.187402366], [72.484444923, 30.185664435], [72.484874302, 30.182231703], [72.485056115, 30.180485002], [72.484806713, 30.179473245], [72.48446976000001, 30.178090044], [72.484164596, 30.176836398], [72.483912755, 30.175789406], [72.483310218, 30.175098466], [72.482174762, 30.173788994], [72.481300124, 30.172777659], [72.478357654, 30.172358741], [72.475078252, 30.173106389], [72.473041291, 30.173569753], [72.472561177, 30.173472178], [72.471997124, 30.173355886], [72.47101797, 30.173151483], [72.469408072, 30.171780792], [72.468754407, 30.170742813], [72.467171366, 30.168238297], [72.466733231, 30.167544301], [72.46567787100001, 30.165821909], [72.464880011, 30.164520241], [72.463816486, 30.163808757], [72.463013713, 30.163271903], [72.461733264, 30.16242161], [72.46022104, 30.162621389], [72.458546223, 30.162843415], [72.457995067, 30.162934629], [72.45099007200001, 30.164967436], [72.449745602, 30.165328603], [72.448913142, 30.165700203], [72.444469889, 30.16768992], [72.443689127, 30.168037453], [72.442649867, 30.168497608], [72.441678881, 30.169717446], [72.441353234, 30.170135781], [72.442407056, 30.172719569], [72.443853755, 30.17376543], [72.445297873, 30.174803694], [72.445630012, 30.175559923], [72.44610559600001, 30.176937227], [72.445380588, 30.179290409], [72.442970085, 30.180370189], [72.442168397, 30.180441452], [72.436910013, 30.180909928], [72.435154518, 30.181064946], [72.434703391, 30.181099561], [72.43121423, 30.181339885], [72.426516479, 30.181665309], [72.42608963, 30.18169614], [72.420287348, 30.182094179], [72.419635052, 30.182138926], [72.418949947, 30.182185924], [72.41757209900001, 30.182287471], [72.415573921, 30.182741981], [72.414789889, 30.182919918], [72.411807616, 30.183600629], [72.411230018, 30.183669922], [72.405950014, 30.184330042], [72.404325462, 30.184534966], [72.402700321, 30.184743798], [72.401738483, 30.185289343], [72.398953022, 30.186881053], [72.397942784, 30.18745857], [72.396681381, 30.18989968], [72.39662228200001, 30.19066581], [72.396503068, 30.192211568], [72.396408987, 30.193430889], [72.396972203, 30.194478962], [72.397750016, 30.19593004], [72.39913834, 30.19853738], [72.39981878, 30.199797065], [72.400919578, 30.201037235], [72.401416491, 30.201596327], [72.402400954, 30.202704525], [72.405803417, 30.206534632], [72.406524797, 30.207383774], [72.406749808, 30.208203546], [72.407380391, 30.210497055], [72.407669491, 30.211548761], [72.407117845, 30.212918037], [72.40687943600001, 30.213509807], [72.406579039, 30.214258166], [72.405927604, 30.214813662], [72.404772457, 30.215798685], [72.40419606, 30.216283237], [72.40353038900001, 30.216500031], [72.39924947, 30.217886719], [72.398821815, 30.217998082], [72.399157785, 30.224380131], [72.399219247, 30.22592007], [72.399274823, 30.227301806], [72.39937492700001, 30.229801246], [72.399442038, 30.231468789], [72.398863588, 30.234278007], [72.398145298, 30.237767246], [72.397966066, 30.238840699], [72.397933795, 30.239601861], [72.397739389, 30.24069804], [72.39794000900001, 30.241524985], [72.39793264100001, 30.242188205], [72.398742991, 30.244170662], [72.400360014, 30.248130044], [72.400449896, 30.248560034], [72.400660017, 30.249630039], [72.40067358200001, 30.250938271], [72.40071429000001, 30.254442084], [72.400931624, 30.256490605], [72.401055103, 30.257632526], [72.401230009, 30.259250038], [72.40244980700001, 30.262590129], [72.402339133, 30.269595571], [72.402302642, 30.271903607], [72.40225150900001, 30.275239988], [72.402150835, 30.27745851], [72.402082185, 30.278971333], [72.40038118000001, 30.281501014], [72.399381421, 30.282311535], [72.399045952, 30.282584226], [72.39837248900001, 30.283131659], [72.39601459900001, 30.285048301], [72.39497440400001, 30.285892172], [72.39379936200001, 30.287597835], [72.39370060600001, 30.288843042], [72.393414026, 30.292508861], [72.393366184, 30.293221152], [72.393593834, 30.29409365], [72.39424177, 30.296569956], [72.394478055, 30.297480863], [72.395269454, 30.298485499], [72.395534896, 30.298823525], [72.396427391, 30.299961387], [72.397354559, 30.300422279], [72.399495126, 30.301461376], [72.401356313, 30.303426397], [72.401942777, 30.304087879], [72.402253086, 30.304924604], [72.403269034, 30.308535437], [72.402929885, 30.313690048], [72.402588426, 30.318965626], [72.402556512, 30.319483715], [72.402616298, 30.320048559], [72.402923351, 30.32221953], [72.403126861, 30.323594053], [72.40407324200001, 30.324462918], [72.40566727, 30.325889992], [72.406066074, 30.326145564], [72.40773350500001, 30.327046635], [72.408297348, 30.327351281], [72.40944455, 30.327736472], [72.410531214, 30.328101478], [72.411599214, 30.328461594], [72.413300136, 30.329522424], [72.416666907, 30.331749668], [72.41764917200001, 30.332397797], [72.418471748, 30.333548592], [72.419079334, 30.334395889], [72.419700917, 30.335273483], [72.420049516, 30.336082192], [72.420900544, 30.338052693], [72.422102307, 30.340840783], [72.422794247, 30.342448947], [72.423262338, 30.34706471], [72.42341326200001, 30.348398058], [72.424305225, 30.351600113], [72.42515844, 30.352368383], [72.425643279, 30.352789653], [72.428472016, 30.356751065], [72.428952124, 30.357501155], [72.429434565, 30.358255135], [72.431846117, 30.362024011], [72.432816933, 30.363546741], [72.433258205, 30.364468103], [72.433457628, 30.364885514], [72.433840662, 30.36568726], [72.438248184, 30.374912838], [72.438822517, 30.37611492], [72.439033819, 30.376560986], [72.438909853, 30.377948728], [72.43873139, 30.379840981], [72.438389909, 30.383504104], [72.43844726600001, 30.384257221], [72.438200318, 30.388750028], [72.438175512, 30.38967918], [72.438250983, 30.390266855], [72.438477887, 30.392036628], [72.438528595, 30.392632897], [72.439315569, 30.398563086], [72.439421099, 30.399371333], [72.439563528, 30.400498748], [72.439621467, 30.400958021], [72.439691767, 30.401650039], [72.440196248, 30.406719626], [72.440364277, 30.408408172], [72.440014388, 30.41007628], [72.43992727700001, 30.410491587], [72.43975273400001, 30.411323729], [72.439489772, 30.412577409], [72.43880232, 30.414756494], [72.438006012, 30.417278242], [72.43788850300001, 30.418504001], [72.437732184, 30.419879249], [72.437646609, 30.420514551], [72.437523706, 30.422190559], [72.437492563, 30.42261526], [72.437430616, 30.423460022], [72.437707861, 30.424644478], [72.438690049, 30.428840061], [72.438536631, 30.429868759], [72.43775868, 30.435083572], [72.438020933, 30.436656281], [72.438750162, 30.440106058], [72.438877483, 30.440708378], [72.439005142, 30.441312293], [72.439356704, 30.442079141], [72.44067614100001, 30.444957173], [72.441176467, 30.445786428], [72.441940145, 30.447052172], [72.443024132, 30.448446659], [72.44385298600001, 30.449512933], [72.44767879, 30.454434613], [72.450026448, 30.4574532], [72.451143684, 30.458892261], [72.452143679, 30.45984387], [72.455531225, 30.462997635], [72.455986768, 30.463444666], [72.460764662, 30.467909175], [72.461293898, 30.468512293], [72.467189896, 30.475216913], [72.467919275, 30.476051588], [72.468376035, 30.476586586], [72.46938372000001, 30.478148984], [72.469863397, 30.478893416], [72.472998061, 30.483757686], [72.473964593, 30.48525265], [72.47444471300001, 30.486002553], [72.474744047, 30.486471661], [72.475675748, 30.48826717], [72.476043809, 30.488977063], [72.47766114, 30.492096956], [72.478266964, 30.49326558], [72.479075087, 30.494824574], [72.480028383, 30.496134446], [72.481985289, 30.498822489], [72.482341645, 30.499866159], [72.482826266, 30.501294183], [72.48323392600001, 30.502512003], [72.48323451600001, 30.503198176], [72.483074515, 30.504442298], [72.48228138200001, 30.50607019], [72.481800025, 30.507058168], [72.481586401, 30.507493986], [72.481187904, 30.509691595], [72.481390747, 30.511311932], [72.481569147, 30.513977233], [72.480977568, 30.515363376], [72.480143158, 30.516274652], [72.479309551, 30.517128], [72.47922827500001, 30.51759854], [72.478777519, 30.518157982], [72.478928764, 30.519313671], [72.478833965, 30.519866062], [72.479032956, 30.521129231], [72.47937579900001, 30.523245398], [72.47935047300001, 30.525066289], [72.479332086, 30.526314363], [72.479325693, 30.526748279], [72.47930066900001, 30.528498868], [72.478708971, 30.529869894], [72.478484179, 30.530390833], [72.477539479, 30.532579731], [72.47730739900001, 30.533841201], [72.477190975, 30.534369958], [72.476908731, 30.535171621], [72.476947115, 30.53576034], [72.476693786, 30.537173836], [72.47721727400001, 30.538394172], [72.477285038, 30.539026756], [72.477741326, 30.539633582], [72.478171157, 30.540572473], [72.47933394200001, 30.541429401], [72.480109845, 30.541683968], [72.481207361, 30.541949076], [72.482041899, 30.542150663], [72.48335685900001, 30.542398624], [72.484817888, 30.542674535], [72.48601124000001, 30.542929981], [72.487221184, 30.543188979], [72.489278439, 30.543629256], [72.490509279, 30.54389267], [72.492737893, 30.544529304], [72.493888945, 30.545072325], [72.495684498, 30.54592128], [72.497527, 30.546791677], [72.499145611, 30.547585412], [72.499958663, 30.548437175], [72.500541912, 30.549048268], [72.500938281, 30.549463739], [72.501298247, 30.550751724], [72.501463074, 30.551555136], [72.501700685, 30.552708858], [72.500782024, 30.554581922], [72.50044518300001, 30.555268316], [72.499568298, 30.556319698], [72.499278569, 30.556664231], [72.498692946, 30.557350833], [72.498108656, 30.55804128], [72.497088496, 30.559103031], [72.496468088, 30.559748701], [72.496169382, 30.56005957], [72.49562824, 30.56060879], [72.494555898, 30.562718293], [72.494317996, 30.565309785], [72.49467509, 30.566405416], [72.496255512, 30.571279164], [72.496409306, 30.572376818], [72.496488076, 30.572938949], [72.497224372, 30.578091091], [72.502548239, 30.578717705], [72.504750258, 30.578976608], [72.505630256, 30.579082221], [72.509398841, 30.579370412], [72.510235925, 30.579434425], [72.511489944, 30.579530322], [72.51248193500001, 30.579719888], [72.516944357, 30.580572638], [72.518267588, 30.580858261], [72.519221176, 30.581420587], [72.520638427, 30.582244239], [72.521250643, 30.582600036], [72.52163542400001, 30.582972429], [72.522521807, 30.583815365], [72.523475286, 30.584723884], [72.52440089800001, 30.58571432], [72.524692056, 30.586665217], [72.525220406, 30.588313698], [72.525350642, 30.588720043], [72.52537416, 30.589154519], [72.525520887, 30.591844776], [72.525474011, 30.592749393], [72.525400633, 30.594150043], [72.524959594, 30.59482325], [72.523511776, 30.595328126], [72.52235606500001, 30.59561904], [72.52047735900001, 30.596808265], [72.517772326, 30.598521019], [72.51640068600001, 30.599390028], [72.515730824, 30.60239882], [72.51673872100001, 30.604338543], [72.51762935500001, 30.604810373], [72.518834982, 30.605447119], [72.52009882, 30.60610782], [72.521405251, 30.605805705], [72.524049943, 30.605194003], [72.52483939400001, 30.604997336], [72.525706298, 30.604558798], [72.53051029, 30.602073697], [72.53091027500001, 30.601866785], [72.532032708, 30.601278609], [72.53331775800001, 30.600710468], [72.537570645, 30.598890047], [72.53951544, 30.598260849], [72.540703244, 30.597911591], [72.542170647, 30.598139914], [72.543946137, 30.598978414], [72.544584092, 30.600292575], [72.544990637, 30.60113004], [72.547206509, 30.60634104], [72.547760968, 30.60764495], [72.54826065, 30.608820043], [72.547995641, 30.61063492], [72.546338863, 30.611486939], [72.545021895, 30.611304334], [72.543848075, 30.611141577], [72.543082847, 30.610869237], [72.539729578, 30.609676448], [72.538716834, 30.609316306], [72.538125108, 30.609128038], [72.537610697, 30.608973295], [72.537010967, 30.608792895], [72.536585063, 30.608713407], [72.53558768900001, 30.608527279], [72.53390901, 30.608215332], [72.533290636, 30.608376655], [72.53280320600001, 30.608561253], [72.532145406, 30.609893174], [72.532385171, 30.611197623], [72.532894524, 30.611638929], [72.533900044, 30.612259053], [72.537551312, 30.614510862], [72.537978337, 30.614773581], [72.538673163, 30.61508128], [72.541106412, 30.616135136], [72.542272247, 30.616640067], [72.543590764, 30.616890414], [72.547753952, 30.617680876], [72.548421892, 30.617807697], [72.548845525, 30.617857107], [72.54968400300001, 30.617954905], [72.550522868, 30.618052747], [72.551351736, 30.618149424], [72.551983062, 30.618145393], [72.556681373, 30.618115394], [72.557769901, 30.618108444], [72.558666961, 30.617712531], [72.559440315, 30.617371216], [72.559715733, 30.616825276], [72.559989902, 30.616280887], [72.559871392, 30.615017672], [72.55978426, 30.614371368], [72.559441447, 30.613470495], [72.559021345, 30.61239557], [72.555257682, 30.608070868], [72.55449561200001, 30.607421548], [72.553767183, 30.606801017], [72.553412624, 30.60620153], [72.553091007, 30.605365882], [72.55262650600001, 30.604170496], [72.552322247, 30.603333087], [72.552300243, 30.60272204], [72.552238976, 30.600732689], [72.55234783, 30.600049607], [72.55253586500001, 30.59929898], [72.552929219, 30.597763681], [72.555217708, 30.597150444], [72.556825867, 30.597191456], [72.557757374, 30.597810987], [72.558189702, 30.598098447], [72.55935045400001, 30.59883876], [72.56011982400001, 30.599329454], [72.56158231, 30.601670571], [72.561948513, 30.602894139], [72.56257315500001, 30.604981207], [72.56322964, 30.606852712], [72.56349104600001, 30.607597927], [72.563890567, 30.608736884], [72.564218316, 30.609671234], [72.564488729, 30.610176452], [72.565239913, 30.611579904], [72.565840846, 30.612702638], [72.56664901100001, 30.613347448], [72.568477887, 30.614778642], [72.569818098, 30.615470875], [72.570839566, 30.615989865], [72.571804807, 30.615983263], [72.57227673, 30.61597999], [72.574349232, 30.614998896], [72.574850225, 30.614027942], [72.575137145, 30.613470887], [72.575876174, 30.61262665], [72.576720609, 30.611661995], [72.578964063, 30.610401792], [72.579715256, 30.609980549], [72.580844706, 30.609347192], [72.584207823, 30.607461938], [72.585062227, 30.607192838], [72.585591019, 30.60702647], [72.586484826, 30.606582618], [72.587210815, 30.603710046], [72.586718743, 30.601827836], [72.586368231, 30.600424293], [72.586112238, 30.597219983], [72.586349753, 30.596800898], [72.587554143, 30.596071503], [72.587982314, 30.596062948], [72.588924724, 30.595994309], [72.589539294, 30.595949549], [72.59044811400001, 30.596138676], [72.593359367, 30.596742498], [72.594579468, 30.596895848], [72.595379389, 30.59699593], [72.596597897, 30.597147563], [72.597673517, 30.596938174], [72.598830597, 30.596712924], [72.59957965400001, 30.59633677], [72.602213457, 30.594996344], [72.60333181, 30.594221748], [72.60398232300001, 30.593764702], [72.604560377, 30.593358564], [72.604925647, 30.59293032], [72.605515381, 30.592238676], [72.606150856, 30.591493487], [72.606460292, 30.591130627], [72.606972287, 30.590229517], [72.607407811, 30.5894588], [72.606477357, 30.58789894], [72.605780644, 30.587744042], [72.604945412, 30.587659228], [72.603416165, 30.587503939], [72.60262092, 30.587424136], [72.599713651, 30.588131229], [72.598653552, 30.588784618], [72.59812083300001, 30.589112536], [72.59741002, 30.589462438], [72.596688667, 30.589817526], [72.59502849, 30.590420535], [72.593979389, 30.590801591], [72.592900574, 30.590872186], [72.591743859, 30.590948035], [72.590131847, 30.590829886], [72.588690864, 30.590288089], [72.587561224, 30.589600781], [72.587236079, 30.589119132], [72.586911981, 30.588639107], [72.586624103, 30.58732501], [72.586703591, 30.586598455], [72.587041888, 30.585180104], [72.58775126, 30.584086391], [72.58830099500001, 30.583238804], [72.588721236, 30.582842528], [72.590055877, 30.581583998], [72.59037009500001, 30.581287697], [72.590991232, 30.580878161], [72.591629122, 30.580457579], [72.592278709, 30.580029285], [72.592751722, 30.579806694], [72.594456749, 30.57900434], [72.595938182, 30.578307405], [72.597057995, 30.577780593], [72.598375832, 30.577507994], [72.599405878, 30.577294926], [72.60048553, 30.57707168], [72.60121084500001, 30.576921703], [72.602045138, 30.57685241], [72.60560400700001, 30.576556823], [72.606641844, 30.576470624], [72.60740212200001, 30.57646552], [72.60802399500001, 30.576461299], [72.608920231, 30.576455327], [72.61112231700001, 30.576440541], [72.612887269, 30.576428691], [72.614851313, 30.576505503], [72.619225064, 30.576676576], [72.620974433, 30.576745], [72.621849542, 30.576779229], [72.623136734, 30.576898894], [72.62385470800001, 30.576965641], [72.626593341, 30.577220199], [72.628739212, 30.57741966], [72.63059980700001, 30.578062661], [72.63102035, 30.578207996], [72.631658565, 30.578411421], [72.634286849, 30.57900984], [72.63499226, 30.579171031], [72.63671938600001, 30.579121229], [72.637925952, 30.578455362], [72.638517354, 30.577686747], [72.639090822, 30.576891449], [72.639478327, 30.576362255], [72.640667844, 30.57487567], [72.642903107, 30.573820973], [72.644085536, 30.573872628], [72.645238501, 30.573922996], [72.645906104, 30.574023683], [72.64702595, 30.574362475], [72.64787140700001, 30.574617828], [72.648896077, 30.575351693], [72.649604572, 30.575859116], [72.649970456, 30.576121163], [72.650240471, 30.576611519], [72.650605581, 30.577274702], [72.651174266, 30.5783606], [72.652079529, 30.580738108], [72.652250663, 30.581187444], [72.652419908, 30.581632285], [72.65266861900001, 30.582707172], [72.652766817, 30.583131566], [72.652981908, 30.583881759], [72.653409877, 30.585374052], [72.653830671, 30.586484511], [72.654241683, 30.587569163], [72.65465452, 30.588209968], [72.655241458, 30.589121014], [72.655736719, 30.589889775], [72.656189487, 30.59059258], [72.656844883, 30.591106641], [72.65730293, 30.591468063], [72.658364416, 30.592304725], [72.660690658, 30.59263459], [72.66180722, 30.592215133], [72.662872645, 30.591809916], [72.664511329, 30.59025884], [72.66456598500001, 30.588976853], [72.664634237, 30.587375949], [72.664582875, 30.586698416], [72.664435321, 30.585629196], [72.663857297, 30.584575329], [72.661423221, 30.580147135], [72.66120469900001, 30.579769562], [72.66083244100001, 30.579139521], [72.660391285, 30.578392629], [72.660314201, 30.577838069], [72.660218652, 30.577151087], [72.66020875000001, 30.576069379], [72.660386314, 30.575013358], [72.660832643, 30.574520012], [72.661314856, 30.574277702], [72.661949587, 30.573958743], [72.664641904, 30.574104177], [72.665363788, 30.57414319], [72.665904858, 30.574172435], [72.666428755, 30.574200812], [72.667567313, 30.574519716], [72.669154928, 30.574964396], [72.669680693, 30.575111643], [72.670280235, 30.575279637], [72.671485215, 30.575768002], [72.67430051800001, 30.576909013], [72.676658362, 30.577866483], [72.679811787, 30.579147028], [72.680993917, 30.579627068], [72.681778025, 30.579945479], [72.682599034, 30.580184787], [72.685497471, 30.581028736], [72.687149534, 30.581511183], [72.68853678900001, 30.581446804], [72.693654147, 30.581213915], [72.69613536700001, 30.581031156], [72.69787779, 30.580522626], [72.698582253, 30.580339404], [72.700937001, 30.579640205], [72.702010566, 30.579321429], [72.703248783, 30.579162484], [72.705781963, 30.578837309], [72.707869759, 30.578569328], [72.708879408, 30.578439865], [72.709978416, 30.578533051], [72.71353834300001, 30.578834899], [72.71480781400001, 30.578942537], [72.715844278, 30.579381208], [72.717804389, 30.580210856], [72.718983268, 30.580709748], [72.720909629, 30.582268836], [72.722692209, 30.584602154], [72.72326089100001, 30.585323858], [72.724321478, 30.586669827], [72.726890295, 30.587750657], [72.728246985, 30.586917545], [72.729593713, 30.586091441], [72.72996461000001, 30.585863927], [72.730368247, 30.58555032], [72.731499369, 30.584671488], [72.73221866, 30.583526168], [72.733070201, 30.582170267], [72.73362944, 30.582054357], [72.73514844200001, 30.581739871], [72.735815129, 30.581926868], [72.737069093, 30.582278613], [72.73765637000001, 30.582714011], [72.740515996, 30.584834096], [72.740941964, 30.585149902], [72.741244541, 30.585576302], [72.742181509, 30.586896707], [72.74289352400001, 30.587900101], [72.742860618, 30.589631964], [72.741861764, 30.591075585], [72.741491554, 30.591642169], [72.740379613, 30.592343057], [72.73919354200001, 30.592550171], [72.738323878, 30.592702033], [72.737046796, 30.592925052], [72.73630539700001, 30.592988146], [72.735547229, 30.59305111], [72.734802986, 30.593112917], [72.730918123, 30.593435446], [72.729668841, 30.593539163], [72.728581325, 30.594055397], [72.727599135, 30.5945221], [72.727053972, 30.595451412], [72.72600525700001, 30.597240399], [72.725557723, 30.597997835], [72.72577082399548, 30.597637168848152], [72.72720629573847, 30.598773663108844], [72.73032446748849, 30.598773663108844], [72.73310474036309, 30.59803992890136]], [[72.7876174880221, 30.484335153980417], [72.7876174880221, 30.48919055863941], [72.78632577894466, 30.482835966866613], [72.7876174880221, 30.484335153980417]], [[72.77668742005567, 30.579497306823885], [72.77756658243631, 30.584765779219747], [72.7763233036249, 30.580824406882705], [72.77668742005567, 30.579497306823885]], [[72.77159663283683, 30.361485062912486], [72.77229230734642, 30.361637019986823], [72.77168567556133, 30.361564022760334], [72.77159663283683, 30.361485062912486]]], [[[72.800677023, 30.362768926], [72.80080458603588, 30.363067258161532], [72.79961068736914, 30.3625946403656], [72.79768868162733, 30.363735910738153], [72.80140706604774, 30.364476280477312], [72.800677023, 30.362768926]]]]}}]}