{"type": "FeatureCollection", "features": [{"type": "Feature", "properties": {"na": "NA-144", "src": "sheet-split: khanewal_na.jpg, outline-fit", "approx": false, "rms_km": 1.174}, "geometry": {"type": "Polygon", "coordinates": [[[72.11358230162323, 30.572656248069467], [72.11347074432769, 30.572673086569345], [72.11336142185762, 30.572700964209194], [72.11325542375663, 30.572739603151316], [72.11315380643651, 30.57278861830734], [72.11305758264886, 30.572847521176143], [72.11296771139148, 30.572915724712416], [72.1128850883508, 30.572992549177346], [72.11281053697512, 30.57307722891312], [72.11274480026793, 30.573168919973714], [72.11268853338282, 30.57326670853595], [72.11264229709401, 30.57336962000694], [72.11086198409649, 30.57792827217709], [72.10739230150381, 30.58088975069293], [72.10280488145263, 30.583500084743534], [72.10148544093731, 30.58124772036458], [72.10142732641542, 30.581158447461956], [72.10136106473459, 30.58107504279512], [72.10128724459918, 30.580998247375955], [72.10120652186694, 30.580928743496223], [72.101119613722, 30.580867148665746], [72.09358552240025, 30.576044218399847], [72.09349258764503, 30.575990764578034], [72.09339500577231, 30.575946357845297], [72.09329365500116, 30.57591139785413], [72.09318944747004, 30.57588619923808], [72.0930833210277, 30.57587098878009], [72.09297623079279, 30.57586590337151], [72.08774237883725, 30.57586590337151], [72.0833092271537, 30.57208207499022], [72.08273818873535, 30.571350977276307], [72.07918920334977, 30.56832181144005], [72.07861816493141, 30.56807811220208], [72.07675820176145, 30.566490577659376], [72.07666785395881, 30.56642102509841], [72.07657095766186, 30.566360930241576], [72.07646849918588, 30.56631090479928], [72.07636152146395, 30.56627145798455], [72.076251113431, 30.5662429913297], [72.07613839893932, 30.566225794599116], [72.07602452531883, 30.566220042839713], [72.07079067336329, 30.566220042839713], [72.06734058760925, 30.563275290815444], [72.06727418919961, 30.563222785817583], [72.06510385961522, 30.561634978716317], [72.0640119905686, 30.5602370640783], [72.06204662628463, 30.559398315295475], [72.05412371248299, 30.553601933544297], [72.04850535930485, 30.548806500017747], [72.04841489616811, 30.54873686761029], [72.04831786961152, 30.54867671697778], [72.0482152697048, 30.548626661903942], [72.04460700483129, 30.547086780572307], [72.0409712679831, 30.54398356975185], [72.04088678737294, 30.54391810714916], [72.04079650064303, 30.543860917707455], [72.03531077150495, 30.54073942776284], [72.02980696831534, 30.53447587887768], [72.02610643441078, 30.5297381032904], [72.02242258652792, 30.52344955321743], [72.0206489541039, 30.518908007258897], [72.0206489541039, 30.515905567035055], [72.02064261310753, 30.515786018360828], [72.02062366127623, 30.515667811246676], [72.02059231128509, 30.515552272197866], [72.02054891493971, 30.515440697778963], [72.0204939592284, 30.515334340063962], [72.01672691356752, 30.508903766376097], [72.01665733413786, 30.50879886068377], [72.01657651910325, 30.50870234420074], [72.01648547118738, 30.50861541446859], [72.0112313399517, 30.504130855331493], [72.0112313399517, 30.50143677623736], [72.01122499895533, 30.50131722756313], [72.01120604712403, 30.50119902044898], [72.01117469713289, 30.50108348140017], [72.01113130078751, 30.500971906981267], [72.0110763450762, 30.500865549266265], [72.00919282224577, 30.497650262422333], [72.0091232428161, 30.497545356730004], [72.0090424277815, 30.497448840246975], [72.00895137986562, 30.497361910514826], [72.0033008113743, 30.492538980248927], [72.00321046357166, 30.49246942768796], [72.00311356727471, 30.492409332831127], [72.00301110879873, 30.49235930738883], [72.0029041310768, 30.4923198605741], [72.00279372304385, 30.49229139391925], [72.00268100855217, 30.492274197188667], [72.00256713493168, 30.492268445429264], [71.9988000892708, 30.492268445429264], [71.99868621565031, 30.492274197188667], [71.99857350115863, 30.49229139391925], [71.99846309312568, 30.4923198605741], [71.99835611540375, 30.49235930738883], [71.99825365692777, 30.492409332831127], [71.99815676063082, 30.49246942768796], [71.99806641282818, 30.492538980248927], [71.99084928141326, 30.49869901911713], [71.98775985906205, 30.49869901911713], [71.9748097008061, 30.492382819221564], [71.97471560296306, 30.492342099538497], [71.974618201865, 30.49231007575433], [71.97451829923696, 30.49228701146228], [71.9744167173945, 30.492273096508473], [71.97431429247509, 30.492268445429264], [71.97096396334999, 30.492268445429264], [71.96765892786286, 30.489447498173213], [71.96602679202115, 30.48666134405045], [71.96602679202115, 30.464673824152225], [71.96961319898446, 30.455490505314987], [71.97280562291508, 30.452765675411555], [71.97349221945981, 30.452374988201807], [71.97372108497474, 30.45198430099204], [71.9750479689177, 30.450851765613038], [71.9751270059872, 30.450777459755898], [71.97519855439975, 30.450695918089128], [71.97526195488062, 30.45060789196922], [71.97531662323321, 30.45051419250292], [71.97536205572216, 30.450415683073384], [71.97539783371492, 30.45031327138463], [71.97542362753923, 30.45020790109761], [71.97543919952079, 30.450100543134933], [71.97544440617335, 30.449992186734438], [71.97544440617335, 30.441953969624606], [71.97543915696096, 30.441845172292705], [71.97542345808742, 30.441737385656104], [71.97353993525698, 30.432091525124306], [71.97350865764479, 30.43196852930815], [71.97346378675896, 30.4318498159415], [71.97340588846741, 30.431736882121715], [71.96963884280653, 30.42530630843385], [71.96957316306201, 30.425206657223764], [71.96949734030014, 30.42511448834998], [71.9694122201758, 30.42503082977633], [71.96931875203778, 30.42495661455088], [71.95821516804499, 30.417058911959682], [71.95457066016301, 30.410837517636153], [71.95451232574214, 30.410747939544134], [71.95444578855276, 30.41066427389015], [71.95437164392474, 30.410587269258052], [71.95429055525423, 30.410517614633353], [71.95420324806796, 30.41045593323866], [71.95411050353172, 30.41040277695749], [71.95401315146111, 30.4103586213964], [71.95391206289678, 30.41032386162957], [71.95380814231103, 30.41029880866395], [71.95370231951519, 30.41028368665658], [71.95359554134025, 30.410278630908984], [71.94859269447159, 30.410278630908984], [71.94703656884126, 30.40762223079222], [71.94697823442038, 30.4075326527002], [71.946911697231, 30.407448987046216], [71.94683755260299, 30.40737198241412], [71.94675646393247, 30.40730232778942], [71.9466691567462, 30.407240646394726], [71.94657641220996, 30.407187490113557], [71.94647906013935, 30.40714333455247], [71.94637797157502, 30.40710857478564], [71.94627405098927, 30.407083521820017], [71.94616822819343, 30.407068399812648], [71.94606145001849, 30.40706334406505], [71.93852735869673, 30.40706334406505], [71.93841348507624, 30.407069095824454], [71.93830077058456, 30.407086292555036], [71.93819036255161, 30.407114759209886], [71.93808338482968, 30.407154206024618], [71.9379809263537, 30.407204231466913], [71.93788403005675, 30.407264326323748], [71.93779368225411, 30.407333878884714], [71.93402663659323, 30.410549165728646], [71.93394759952373, 30.410623471585787], [71.93387605111118, 30.410705013252556], [71.93381265063032, 30.410793039372464], [71.93375798227773, 30.410886738838766], [71.93371254978878, 30.4109852482683], [71.93367677179602, 30.411087659957055], [71.93365097797171, 30.411193030244075], [71.93363540599015, 30.41130038820675], [71.93363019933759, 30.411408744607247], [71.93363019933759, 30.4175326769059], [71.93199806349588, 30.420318831028663], [71.92649254527147, 30.425017956526343], [71.92641165821722, 30.425094181538192], [71.92633864981612, 30.425177983336177], [71.92627422622289, 30.425268551369246], [71.92621901055797, 30.425365009641702], [71.92617353688048, 30.42546642518604], [71.92429001405004, 30.43028935545194], [71.92425635999739, 30.430388977637083], [71.92423211108401, 30.43049129657587], [71.92421747724849, 30.430595426426976], [71.92421258518539, 30.430700465670842], [71.92421258518539, 30.443561613046572], [71.92421783439778, 30.443670410378473], [71.92423353327132, 30.443778197015074], [71.92601058952489, 30.452878822981507], [71.92078026824366, 30.458831138480697], [71.91720623993196, 30.461881679208094], [71.91366363837966, 30.46339353772931], [71.90823335700794, 30.464938507255837], [71.90478158415057, 30.464938507255837], [71.89935130277885, 30.46339353772931], [71.89573641852758, 30.4618508314786], [71.88844407765465, 30.45718265717553], [71.88479583156618, 30.45251182542525], [71.88471794958512, 30.45242224139685], [71.88463110048257, 30.452341320852472], [71.88453624246657, 30.452269956590285], [71.8844344221077, 30.452208935973772], [71.88432676279227, 30.45215893224474], [71.88421445232785, 30.452120497095443], [71.87975951973803, 30.450853024082004], [71.88119083578671, 30.447188010109407], [71.88122669473597, 30.44708059283375], [71.8812516232743, 30.44697012608161], [71.88126537108639, 30.446857719084434], [71.88126780012614, 30.44674450055628], [71.88125888600278, 30.446631607360043], [71.88123871822586, 30.446520173091862], [71.88120749930634, 30.446411316698313], [71.88116554272327, 30.446306131240732], [71.88111326977587, 30.44620567291941], [71.87922974694543, 30.44299038607548], [71.87916016751576, 30.44288548038315], [71.87907935248116, 30.44278896390012], [71.87898830456528, 30.442702034167972], [71.87373417332961, 30.438217475030875], [71.87373417332961, 30.43230810909281], [71.8737292812665, 30.432203069848942], [71.87371464743099, 30.432098939997836], [71.87369039851761, 30.43199662105905], [71.87365674446495, 30.431896998873906], [71.87177322163451, 30.427074068608007], [71.8717284970172, 30.42697412777921], [71.87167431084453, 30.426878984101833], [71.8716111717531, 30.42678953067379], [71.86808360483829, 30.422273203883513], [71.86808360483829, 30.417839318295112], [71.86807726384191, 30.417719769620884], [71.86805831201062, 30.417601562506732], [71.86802696201947, 30.417486023457922], [71.8679835656741, 30.41737444903902], [71.86792860996279, 30.41726809132402], [71.86582337744176, 30.41367433269317], [71.86582337744176, 30.41353759577901], [71.86566317580994, 30.413400858864854], [71.86416156430191, 30.410837517636153], [71.8641026768903, 30.410747173014585], [71.86403544621339, 30.410662852708754], [71.8639604844783, 30.410585324545075], [71.86387847429164, 30.41051529450026], [71.86379016244373, 30.41045340027264], [71.86369635310827, 30.41040020547525], [71.86359790051938, 30.41035619450351], [71.86349570119302, 30.41032176812432], [71.8578451327017, 30.408714124702353], [71.85774352490131, 30.40869022796343], [71.85764014569347, 30.408675807886613], [71.85753587698782, 30.408670987487017], [71.85036270409903, 30.408670987487017], [71.83939635573329, 30.4008708971774], [71.83606371672082, 30.398026389481718], [71.83606371672082, 30.393724666965618], [71.83605851006826, 30.393616310565122], [71.83604293808669, 30.393508952602446], [71.83601714426239, 30.393403582315425], [71.83598136626962, 30.39330117062667], [71.83593593378068, 30.393202661197137], [71.83588126542809, 30.393108961730835], [71.83581786494722, 30.393020935610927], [71.83574631653467, 30.392939393944157], [71.83566727946517, 30.392865088087017], [71.82664610256862, 30.385165242105987], [71.82664610256862, 30.382471163011854], [71.82664103595552, 30.382364270415483], [71.82662588154629, 30.382258336277417], [71.82660077522378, 30.382154310461885], [71.82656594210518, 30.38205312572205], [71.82652169452356, 30.3819556893364], [71.82646842922729, 30.381862874973613], [71.82640662382255, 30.381775514858735], [71.82287905690774, 30.377259188068457], [71.82287905690774, 30.374432945902022], [71.82287399029464, 30.37432605330565], [71.82285883588541, 30.374220119167585], [71.8228337295629, 30.374116093352054], [71.8227988964443, 30.374014908612217], [71.82275464886268, 30.37391747222657], [71.82270138356641, 30.373824657863782], [71.82263957816167, 30.373737297748903], [71.81887253250079, 30.368914367483004], [71.81879817887113, 30.368828451964067], [71.81871557399121, 30.368750436757523], [71.81118148266945, 30.362319863069658], [71.81109113486681, 30.362250310508692], [71.81099423856986, 30.362190215651857], [71.81089178009388, 30.362140190209562], [71.81078480237196, 30.36210074339483], [71.810674394339, 30.36207227673998], [71.81056167984732, 30.362055080009398], [71.81044780622683, 30.362049328249995], [71.80126125751626, 30.362049328249995], [71.79770673325632, 30.360532381533886], [71.79759984128364, 30.36049300589766], [71.79748952838044, 30.360464591149075], [71.79737691536205, 30.360447425991318], [71.79726314641375, 30.36044168482803], [71.78417425254788, 30.36044168482803], [71.77485103878045, 30.358850156119953], [71.77475098667593, 30.358837639948185], [71.77465021719803, 30.358834091638567], [71.77454953254352, 30.35883953943817], [71.77444973423385, 30.358853939978626], [71.7743516167346, 30.3588771786214], [71.77220952439761, 30.359486625380622], [71.77144511377986, 30.359486625380622], [71.77122671074622, 30.359766245723975], [71.76870104824329, 30.360484822043365], [71.76858637758748, 30.360524209196402], [71.76847658653344, 30.36057565461971], [71.76837293883038, 30.36063856615106], [71.76827662751454, 30.36071221964769], [71.76335973546584, 30.36490893498921], [71.75498879991274, 30.35776408956437], [71.75318871218147, 30.347009086187946], [71.75318871218147, 30.344018356336598], [71.75692595448007, 30.328069112450255], [71.7569482822768, 30.32794105797919], [71.75695575784235, 30.327811286665], [71.75695575784235, 30.326318813487617], [71.75378604223442, 30.326732220233083], [71.75180082915585, 30.325380815075032], [71.75695575784235, 30.326270387716924], [71.75695575784235, 30.3229883563991], [71.75695050862996, 30.3228795590672], [71.75693480975642, 30.3227717724306], [71.75505128692598, 30.3131259118988], [71.75502544655163, 30.313020683189276], [71.7549896472513, 30.312918412879064], [71.75494421812525, 30.312820041131292], [71.75488957679991, 30.31272647226991], [71.75482622558883, 30.312638566466298], [71.75475474687484, 30.312557131831774], [71.75467579775626, 30.312482916988703], [71.75105380236229, 30.30939143491299], [71.74952952473981, 30.3067894012626], [71.748994292, 30.306634277], [71.748141898, 30.306387425], [71.74201047000001, 30.304611773], [71.740867663, 30.304281303], [71.74030263, 30.304269918], [71.739828144, 30.304269117], [71.738570771, 30.304855128], [71.738016392, 30.305427381], [71.737380715, 30.306075658], [71.735937887, 30.30704654], [71.73508876400001, 30.30761666], [71.732388896, 30.308844018], [71.730460507, 30.309717659], [71.72927412300001, 30.313049027], [71.728850942, 30.314237476], [71.728663778, 30.314621929], [71.72827074700001, 30.315427897], [71.726851154, 30.315899407], [71.725310589, 30.315538209], [71.72425975, 30.314797867], [71.723896144, 30.314541557], [71.723476884, 30.314245955], [71.722928949, 30.313858734], [71.722273283, 30.313016134], [71.720778742, 30.311096623], [71.720063706, 30.310401982], [71.718741197, 30.309117189], [71.717964816, 30.307730197], [71.717387398, 30.306698324], [71.715707944, 30.305858309], [71.71430097800001, 30.305617253], [71.713042885, 30.30638824], [71.711658223, 30.307235609], [71.710533283, 30.307334686], [71.70962257, 30.30738822], [71.70835933100001, 30.306907892], [71.707975652, 30.306652064], [71.70710187600001, 30.306069453], [71.704940403, 30.306495139], [71.704421999, 30.307420289], [71.704169453, 30.307871036], [71.701784535, 30.309812021], [71.701270538, 30.31021943], [71.69923992000001, 30.311067834], [71.692307014, 30.313963072], [71.6851225, 30.316963384], [71.68451336000001, 30.317219014], [71.68213816, 30.317951063], [71.68056228200001, 30.31795693], [71.673156816, 30.317988102], [71.665543206, 30.318036316], [71.657654456, 30.322657842], [71.656721028, 30.323224888], [71.656261484, 30.323503965], [71.655245214, 30.324257089], [71.651451253, 30.327059264], [71.650865867, 30.327610541], [71.650078523, 30.328547144], [71.650020098, 30.329163913], [71.64985883, 30.332031591], [71.64984441300001, 30.333370124], [71.65025939600001, 30.334988426], [71.650644907, 30.336491799], [71.650757806, 30.336932067], [71.650883072, 30.337420566], [71.651039566, 30.338030845], [71.651717839, 30.339161519], [71.65419506100001, 30.343297089], [71.654871492, 30.344427855], [71.656005751, 30.345718288], [71.65643625300001, 30.346208586], [71.660371275, 30.350691575], [71.660369779, 30.351367454], [71.660361724, 30.351930225], [71.659932439, 30.352619788], [71.65891710000001, 30.354040495], [71.659250133, 30.35542333], [71.660462152, 30.356781108], [71.661053632, 30.357440091], [71.662316607, 30.358856454], [71.662877211, 30.359755185], [71.665046507, 30.363252342], [71.665445644, 30.363895798], [71.665792193, 30.364459066], [71.66577075, 30.365531935], [71.66530326, 30.366181264], [71.664909688, 30.366727924], [71.662918992, 30.367439654], [71.661097986, 30.367078597], [71.660202826, 30.366110582], [71.659683487, 30.365176306], [71.659374983, 30.364620953], [71.657275877, 30.360848435], [71.656306768, 30.35910634], [71.655551263, 30.357751278], [71.654090388, 30.356301089], [71.653307842, 30.356299917], [71.652818396, 30.356299182], [71.651579494, 30.356744074], [71.65083825, 30.357010257], [71.648462636, 30.358548962], [71.646247957, 30.359983707], [71.645140806, 30.360701218], [71.64349984, 30.361387789], [71.635706938, 30.364656048], [71.633928043, 30.365401386], [71.631294023, 30.366081108], [71.629214606, 30.366599677], [71.627138063, 30.367117529], [71.624017849, 30.368540818], [71.623041908, 30.369826711], [71.622814514, 30.371385538], [71.622731949, 30.372137207], [71.622649388, 30.372666611], [71.62240885, 30.37335285], [71.62193697100001, 30.374638165], [71.621437134, 30.375985161], [71.62112044700001, 30.376838068], [71.621095275, 30.377534601], [71.621163495, 30.378277501], [71.621719689, 30.37894817], [71.622918547, 30.379685842], [71.623671255, 30.380148992], [71.62455830200001, 30.38112281], [71.625433939, 30.382081726], [71.62636508, 30.383198519], [71.62697304800001, 30.384708713], [71.626958656, 30.385453138], [71.626947693, 30.386020352], [71.626637255, 30.38718339], [71.626341331, 30.388292072], [71.62541006, 30.389174298], [71.622388362, 30.39204828], [71.621822337, 30.392568066], [71.621018711, 30.393140629], [71.615747944, 30.39688338], [71.61429849000001, 30.397911696], [71.609325327, 30.399862503], [71.608160974, 30.400318139], [71.607777701, 30.400637403], [71.607161311, 30.401150847], [71.607140877, 30.40205989], [71.60729705700001, 30.402529125], [71.60768058100001, 30.40354956], [71.608417205, 30.404405034], [71.60933288400001, 30.40546845], [71.610152086, 30.407086871], [71.6103582, 30.407494071], [71.61055466900001, 30.407882201], [71.610827013, 30.408420363], [71.61097786, 30.408877645], [71.61117576, 30.409479279], [71.611631602, 30.410860944], [71.611559643, 30.411439515], [71.611467672, 30.412178977], [71.61016107600001, 30.412898698], [71.609501593, 30.41309501], [71.60585176500001, 30.414182541], [71.599324386, 30.416661543], [71.598836644, 30.416867672], [71.597790837, 30.417309615], [71.59504715700001, 30.418469363], [71.591446422, 30.4211271], [71.590914602, 30.421432352], [71.590061802, 30.421869066], [71.58862103700001, 30.422532822], [71.586491729, 30.422331747], [71.585726142, 30.42176251], [71.585401667, 30.421097467], [71.585583469, 30.420247645], [71.585799319, 30.419486555], [71.586219073, 30.418680649], [71.586582948, 30.417982028], [71.587171739, 30.41642972], [71.586630896, 30.415229857], [71.586071122, 30.414744364], [71.584531853, 30.414627604], [71.58349480400001, 30.414958323], [71.5827867, 30.415587855], [71.581109889, 30.417249903], [71.579850289, 30.417607212], [71.578574519, 30.417744269], [71.5775784, 30.417840442], [71.576019653, 30.418437986], [71.57564244000001, 30.418938179], [71.575301072, 30.419390837], [71.57508952500001, 30.419970313], [71.57455722600001, 30.421428405], [71.57448267800001, 30.422196445], [71.574349632, 30.423285937], [71.572830406, 30.426398838], [71.572587248, 30.426794409], [71.570531081, 30.430100798], [71.569772676, 30.431320339], [71.568675795, 30.432096857], [71.564154382, 30.435306713], [71.563218591, 30.435971127], [71.560249675, 30.436681786], [71.558840063, 30.436467538], [71.55786067400001, 30.43631868], [71.556964227, 30.436045499], [71.555796741, 30.435689389], [71.552598841, 30.434732035], [71.550740092, 30.434549066], [71.549856552, 30.434462579], [71.548972406, 30.434376032], [71.546562737, 30.434154402], [71.545507145, 30.434183485], [71.544991053, 30.434199606], [71.543813407, 30.434183414], [71.543132637, 30.434117731], [71.541947876, 30.433281459], [71.540899863, 30.43254631], [71.53819291100001, 30.431577634], [71.537139518, 30.431519583], [71.535243904, 30.431417512], [71.534413265, 30.431372785], [71.53179985, 30.431916733], [71.531156848, 30.432636767], [71.530855785, 30.432981285], [71.529855485, 30.433827083], [71.53021993, 30.434872507], [71.530051096, 30.43699135], [71.529451558, 30.438000411], [71.528697087, 30.439270032], [71.52731106200001, 30.440897116], [71.526958472, 30.44131103], [71.526545497, 30.441911466], [71.52543321, 30.443529522], [71.525109891, 30.444771566], [71.52434696600001, 30.447702384], [71.524152336, 30.448450063], [71.524161428, 30.449068927], [71.524192263, 30.451168002], [71.524198619, 30.45159475], [71.524209043, 30.452310301], [71.524706999, 30.453720064], [71.525087669, 30.454560636], [71.52677959600001, 30.455201073], [71.528323841, 30.454792222], [71.530319616, 30.454362473], [71.531312158, 30.454391653], [71.53279057600001, 30.454862272], [71.535067292, 30.456380381], [71.535753836, 30.456816982], [71.537429853, 30.457882828], [71.538332458, 30.457997238], [71.539722214, 30.457545091], [71.54196425, 30.456673839], [71.543702411, 30.455687869], [71.54493988, 30.454979951], [71.545960316, 30.453837199], [71.54634048, 30.453411465], [71.547781457, 30.451951964], [71.549252414, 30.450983226], [71.550050579, 30.450457681], [71.552185294, 30.449253915], [71.552694762, 30.448966627], [71.553290666, 30.448630597], [71.554454648, 30.448237237], [71.555600984, 30.44784984], [71.556316593, 30.447817474], [71.558345536, 30.44772616], [71.558899533, 30.447701227], [71.559483827, 30.44781879], [71.560638722, 30.448051193], [71.56182050000001, 30.448288941], [71.56291852800001, 30.448994587], [71.563798506, 30.449560103], [71.564559122, 30.450591738], [71.567899886, 30.455132148], [71.569206781, 30.456908111], [71.570273363, 30.457870424], [71.570684223, 30.458237035], [71.572280451, 30.459661723], [71.57397443900001, 30.461419967], [71.574500403, 30.46195284], [71.577547064, 30.464849477], [71.578819584, 30.466060281], [71.58027057400001, 30.466728965], [71.581867933, 30.4674652], [71.583069432, 30.46801881], [71.587994987, 30.469236687], [71.588545002, 30.469372682], [71.58906153400001, 30.469500399], [71.58964369, 30.469864717], [71.590820164, 30.470601931], [71.59143902800001, 30.471970779], [71.591442833, 30.472439715], [71.591427685, 30.473720758], [71.591280685, 30.474824631], [71.59108862, 30.47863976], [71.591848896, 30.479490171], [71.592283831, 30.479977364], [71.593977746, 30.481866526], [71.59543758, 30.482246047], [71.596079713, 30.482398695], [71.596655519, 30.482584628], [71.598154593, 30.48306866], [71.599194751, 30.483451716], [71.599886888, 30.483862563], [71.601624308, 30.484893883], [71.602660577, 30.485509004], [71.603135989, 30.485919308], [71.604272793, 30.486899854], [71.604730916, 30.487910241], [71.605129121, 30.489278685], [71.605282916, 30.489846465], [71.60564206, 30.491170464], [71.60570714, 30.493552419], [71.605750465, 30.49513809], [71.605862942, 30.497996355], [71.605966781, 30.499362759], [71.606460207, 30.500720435], [71.607307129, 30.501669352], [71.607797556, 30.50221881], [71.60868949200001, 30.502771771], [71.610564533, 30.503855724], [71.612602934, 30.504738128], [71.613703164, 30.505220107], [71.614490836, 30.505548406], [71.615578732, 30.505999264], [71.61681706600001, 30.506404519], [71.618127313, 30.506833308], [71.619826903, 30.507389513], [71.620678722, 30.507668278], [71.622363226, 30.508120741], [71.623628005, 30.508460464], [71.625133655, 30.50886498], [71.62626186700001, 30.509168091], [71.628292664, 30.509630063], [71.633983399, 30.510924609], [71.63439971400001, 30.511019398], [71.63567707700001, 30.511324463], [71.639128436, 30.512148637], [71.640853494, 30.512560455], [71.642579011, 30.512972807], [71.643842139, 30.513442353], [71.645104069, 30.513911454], [71.647208505, 30.514693743], [71.649313043, 30.515476069], [71.649767648, 30.51564539], [71.650585522, 30.51597429], [71.650998658, 30.516140599], [71.65760911000001, 30.518801649], [71.658847152, 30.519299189], [71.659664426, 30.519771965], [71.66241485, 30.521361317], [71.663779988, 30.522150041], [71.664823936, 30.523528693], [71.66744606, 30.52699213], [71.670028496, 30.530406184], [71.670564331, 30.531189941], [71.671278397, 30.532244239], [71.674062325, 30.533702398], [71.675381063, 30.533655111], [71.676901871, 30.533600726], [71.678070041, 30.533558905], [71.680182648, 30.533829539], [71.681030244, 30.53393812], [71.684418086, 30.534372117], [71.68611073000001, 30.534588952], [71.68735142300001, 30.535025876], [71.691479227, 30.536475059], [71.692742273, 30.536920702], [71.694272069, 30.537831229], [71.70068066200001, 30.541655385], [71.70223125400001, 30.542591823], [71.70338126, 30.543987059], [71.70945087, 30.551405789], [71.71083134, 30.553091495], [71.711336595, 30.553827255], [71.712095475, 30.55492996], [71.716726104, 30.561652896], [71.71736872000001, 30.562701865], [71.718624015, 30.564783203], [71.719819407, 30.566765217], [71.720418131, 30.567754015], [71.72134425, 30.569437206], [71.724127996, 30.574483997], [71.724500704, 30.575159697], [71.725241321, 30.576500949], [71.72634754500001, 30.577772873], [71.726694697, 30.57820427], [71.72744198800001, 30.578946067], [71.727982134, 30.579504213], [71.728829289, 30.580379764], [71.730878497, 30.582852703], [71.732551906, 30.584872805], [71.733247, 30.585844398], [71.733848695, 30.586686187], [71.734832983, 30.588062976], [71.736481263, 30.58870666], [71.74238868, 30.591015647], [71.74306329, 30.591278396], [71.743889433, 30.591600165], [71.74514326500001, 30.591950933], [71.748072061, 30.592770283], [71.753658153, 30.594333029], [71.755206223, 30.594766184], [71.76001009, 30.596109937], [71.762316984, 30.596708722], [71.762921608, 30.596707308], [71.763925211, 30.596704794], [71.76511186, 30.596702199], [71.768215991, 30.597623102], [71.76886060800001, 30.598009612], [71.76966696, 30.59855161], [71.77151395300001, 30.599791593], [71.772980195, 30.600675318], [71.77430511700001, 30.601471295], [71.77524016000001, 30.60203532], [71.775990309, 30.602486745], [71.779887177, 30.604831823], [71.781694626, 30.606032374], [71.783169047, 30.60698084], [71.784837841, 30.608260583], [71.784497211, 30.609305231], [71.78289987, 30.610694817], [71.782239515, 30.611254421], [71.781597966, 30.61181767], [71.78090047500001, 30.612430032], [71.779545207, 30.613652043], [71.77908157600001, 30.614090893], [71.77905886100001, 30.615376791], [71.78007822500001, 30.617523437], [71.78268039000001, 30.621275791], [71.783954847, 30.623113597], [71.784213383, 30.623486414], [71.78474941200001, 30.62419795], [71.786094621, 30.625983609], [71.78690115, 30.627054213], [71.787708138, 30.628125426], [71.788543302, 30.629063022], [71.789479272, 30.630113786], [71.790998863, 30.632137913], [71.793024263, 30.634835788], [71.79446283300001, 30.636747751], [71.795253208, 30.637804727], [71.795579011, 30.638240426], [71.797030967, 30.639426778], [71.803885023, 30.645032765], [71.80492296300001, 30.645881704], [71.80595699700001, 30.646732078], [71.806849018, 30.647607209], [71.807790517, 30.648530881], [71.808628716, 30.649353209], [71.809518791, 30.650226431], [71.80990063, 30.650601099], [71.810228166, 30.650922429], [71.811602378, 30.651838257], [71.813264525, 30.652943523], [71.814096753, 30.653257969], [71.81479137800001, 30.653540605], [71.815927986, 30.653329987], [71.816547446, 30.653210619], [71.818016907, 30.652426682], [71.818809764, 30.651980635], [71.820845985, 30.650895313], [71.821542639, 30.650528992], [71.822270141, 30.650430295], [71.82379451300001, 30.650225383], [71.825107001, 30.650840194], [71.82608937900001, 30.651300898], [71.826715721, 30.651598245], [71.827161709, 30.65193634], [71.828876041, 30.653238964], [71.83002578700001, 30.654112583], [71.83165220100001, 30.655348366], [71.832515664, 30.656007344], [71.832941621, 30.656417023], [71.833804798, 30.657270934], [71.83559005100001, 30.659037625], [71.835951663, 30.65939546], [71.837178596, 30.660608531], [71.838257098, 30.661380759], [71.83991527100001, 30.6625665], [71.840954619, 30.663307638], [71.842071226, 30.663748557], [71.842604864, 30.663958461], [71.84459844300001, 30.664742625], [71.847736206, 30.665629753], [71.848692513, 30.665900318], [71.849642145, 30.666168611], [71.850652611, 30.666678722], [71.85197675900001, 30.667347187], [71.85266458000001, 30.667694417], [71.85349290100001, 30.668268715], [71.85421706000001, 30.668768281], [71.85487889800001, 30.66922479], [71.855653625, 30.669929247], [71.856689641, 30.670871293], [71.858310635, 30.672312738], [71.859678588, 30.673186538], [71.860426942, 30.673664223], [71.861248466, 30.674178982], [71.863358513, 30.675202422], [71.86490895700001, 30.675952195], [71.868118283, 30.676681955], [71.869908286, 30.677039291], [71.87176977300001, 30.677419423], [71.873234514, 30.678802549], [71.873694387, 30.679620739], [71.874111625, 30.680307469], [71.874626765, 30.680800291], [71.875803582, 30.68192667], [71.87654114300001, 30.681966673], [71.877701888, 30.681939793], [71.87862556, 30.681760049], [71.878885897, 30.681110042], [71.879165055, 30.680400911], [71.879326745, 30.678976855], [71.879596037, 30.677046002], [71.880699526, 30.675781597], [71.882297525, 30.6754194], [71.88272061900001, 30.675323503], [71.883399992, 30.675169519], [71.883918592, 30.675186643], [71.886294104, 30.675265023], [71.887382207, 30.675501422], [71.88830505, 30.675743655], [71.889672149, 30.676805922], [71.890632304, 30.67807083], [71.891710255, 30.679476164], [71.892109995, 30.679959324], [71.892507041, 30.68044062], [71.893460841, 30.681554916], [71.89408726500001, 30.682034913], [71.895498173, 30.682964488], [71.897691989, 30.681889074], [71.89802581900001, 30.68160954], [71.90108746, 30.679048275], [71.903867822, 30.677688025], [71.904647947, 30.677306361], [71.90580041, 30.676742712], [71.909983429, 30.674146686], [71.91069010000001, 30.673708046], [71.911981424, 30.672524133], [71.913589754, 30.671049584], [71.913972627, 30.670447213], [71.914534276, 30.669563354], [71.915074922, 30.668712739], [71.915891228, 30.667428419], [71.916505711, 30.666837144], [71.917386901, 30.665989234], [71.918268671, 30.665140766], [71.919838981, 30.664531765], [71.920977715, 30.664627229], [71.92474307, 30.664942891], [71.925379114, 30.665031937], [71.927014302, 30.665489739], [71.92858948700001, 30.665930881], [71.929235174, 30.666111489], [71.930074085, 30.66661243], [71.930561846, 30.666941442], [71.93204244, 30.667940159], [71.932718604, 30.669571323], [71.932886452, 30.669976235], [71.93323259600001, 30.670811265], [71.93334381400001, 30.671576608], [71.933571805, 30.67314554], [71.933674111, 30.673848579], [71.93377785700001, 30.674605311], [71.933930388, 30.675724925], [71.93386255300001, 30.678114387], [71.933869199, 30.678596864], [71.934089837, 30.6807723], [71.935375143, 30.681657545], [71.93686188800001, 30.681366587], [71.93856503, 30.681024913], [71.94002767500001, 30.680732339], [71.942082328, 30.680738325], [71.942680187, 30.680740203], [71.944418507, 30.6804357], [71.945385521, 30.68026641], [71.946348579, 30.679959897], [71.948100139, 30.679402427], [71.948689177, 30.678790704], [71.949915294, 30.677515278], [71.95143491200001, 30.676721481], [71.951966555, 30.676588013], [71.952483098, 30.676712855], [71.95397837, 30.676701197], [71.959491814, 30.677153369], [71.96198302, 30.67736249], [71.963862515, 30.677386295], [71.964785536, 30.677398658], [71.96544856, 30.677407712], [71.96608299200001, 30.677248941], [71.967231929, 30.676955995], [71.967802546, 30.676186343], [71.968118393, 30.675759206], [71.968438542, 30.674318222], [71.968383163, 30.672514321], [71.968358333, 30.671706909], [71.968295571, 30.669504502], [71.968487025, 30.668894548], [71.96876237500001, 30.667521964], [71.969066601, 30.667061032], [71.969362788, 30.666640369], [71.971533084, 30.666419223], [71.97205661000001, 30.666393614], [71.972584472, 30.666445679], [71.973564646, 30.666559165], [71.974140819, 30.666599283], [71.97682358, 30.666946795], [71.980719405, 30.667391056], [71.98564308, 30.667794524], [71.986987629, 30.667904705], [71.987434402, 30.667941318], [71.987885055, 30.668003469], [71.991556826, 30.668509858], [71.992367389, 30.668621646], [71.992921046, 30.668816334], [71.994436457, 30.669348487], [71.995025661, 30.669555872], [71.995812991, 30.669981247], [71.996551707, 30.670380902], [71.997779932, 30.67180819], [71.998085824, 30.672482227], [71.998823127, 30.674106876], [71.99905334, 30.674614192], [71.999423326, 30.675429496], [71.99967789, 30.676323473], [71.99988457100001, 30.677190988], [72.000138671, 30.678257623], [72.000009975, 30.679170094], [71.999765554, 30.68086074], [71.99944523900001, 30.68238302], [71.999282447, 30.683918787], [72.000240942, 30.685298498], [72.00100299, 30.686479891], [72.00086613500001, 30.687176427], [72.000700964, 30.68784264], [71.999800766, 30.689532531], [71.999237584, 30.690100552], [71.99834416600001, 30.691001645], [71.99696939, 30.692365548], [71.994176366, 30.694868158], [71.992385658, 30.697038738], [71.992491213, 30.697771638], [71.993521861, 30.698318792], [71.99399501900001, 30.69807103], [71.994579394, 30.698182549], [71.996238602, 30.697668479], [71.996866579, 30.697473638], [71.997306208, 30.697337291], [71.997782224, 30.697211126], [72.001660419, 30.696204201], [72.002086144, 30.696093667], [72.002545899, 30.696013852], [72.006007453, 30.695412973], [72.006650619, 30.695301402], [72.007208777, 30.695204542], [72.00932981000001, 30.695174029], [72.0114322, 30.695751127], [72.01273516, 30.696804088], [72.01336015000001, 30.697306294], [72.015570022, 30.698967171], [72.017079217, 30.699576021], [72.017830148, 30.699878967], [72.01934051900001, 30.700488292], [72.02102697, 30.700745448], [72.024709262, 30.701306937], [72.025252647, 30.701389794], [72.026869769, 30.701639549], [72.02993244000001, 30.70211261], [72.031024515, 30.702281292], [72.032320584, 30.70282792], [72.03325489, 30.70322204], [72.035365305, 30.704806238], [72.036162211, 30.706692229], [72.036621271, 30.708343241], [72.038122883, 30.7101448], [72.039492634, 30.711455413], [72.041432647, 30.712756172], [72.044005642, 30.713456784], [72.04443934800001, 30.713547608], [72.04489172800001, 30.71364099], [72.047001451, 30.714089174], [72.048712207, 30.71454383], [72.049319396, 30.714709173], [72.05014671100001, 30.714947355], [72.051774771, 30.716359422], [72.052817138, 30.718605238], [72.052929898, 30.719361652], [72.05338745, 30.722778757], [72.053517145, 30.725230674], [72.053702265, 30.729048179], [72.053737077, 30.729888265], [72.053807033, 30.731545616], [72.05503627, 30.732754417], [72.056125241, 30.732937429], [72.05826420000001, 30.732536837], [72.059396747, 30.732171121], [72.061202275, 30.731600412], [72.062597138, 30.731126762], [72.066199944, 30.730023152], [72.067964024, 30.729466413], [72.068600142, 30.729292285], [72.069404856, 30.729046575], [72.069903236, 30.728897301], [72.070846652, 30.728639135], [72.072973185, 30.72805725], [72.07467375600001, 30.72759192], [72.07595026, 30.727242628], [72.077632597, 30.72697663], [72.078477274, 30.726843077], [72.080034748, 30.726596821], [72.080535755, 30.726517606], [72.081681539, 30.726347745], [72.082173397, 30.726296534], [72.082795954, 30.726206734], [72.084846608, 30.72601802], [72.088137778, 30.725676089], [72.088582199, 30.725684487], [72.089398146, 30.725620044], [72.09134997800001, 30.725856502], [72.092197397, 30.725959164], [72.093254044, 30.726087257], [72.09452751900001, 30.726241424], [72.095364997, 30.726434878], [72.096201968, 30.726628215], [72.098714266, 30.727208547], [72.103500268, 30.728313911], [72.108369518, 30.729193795], [72.111092896, 30.729686046], [72.114683522, 30.730448662], [72.11586621900001, 30.730699821], [72.117835023, 30.731117919], [72.119364204, 30.731161606], [72.119794893, 30.73117391], [72.122777022, 30.731259166], [72.125863666, 30.731184581], [72.12630526800001, 30.73117391], [72.126889011, 30.731159795], [72.12815886700001, 30.730958555], [72.130417431, 30.730600631], [72.131301391, 30.730460546], [72.132870599, 30.730038087], [72.13527401200001, 30.729391045], [72.136137199, 30.729150606], [72.143593411, 30.727073696], [72.14646571, 30.726258105], [72.15066672200001, 30.724669341], [72.152286575, 30.724055992], [72.153226091, 30.723704901], [72.153822085, 30.723497365], [72.15591739300001, 30.722783167], [72.158633939, 30.722088754], [72.16042451700001, 30.721631041], [72.161245992, 30.7213954], [72.162106358, 30.721148602], [72.162966273, 30.720901934], [72.164687028, 30.720410643], [72.165920434, 30.719922089], [72.171268056, 30.717814264], [72.173326187, 30.717006357], [72.174550534, 30.716448231], [72.178224491, 30.714775436], [72.179040365, 30.714402679], [72.179851975, 30.714032767], [72.180610602, 30.713796282], [72.183685744, 30.712837675], [72.184118526, 30.71270376], [72.184558766, 30.712639668], [72.185087022, 30.712475286], [72.185669579, 30.712480418], [72.186432608, 30.712371906], [72.186983298, 30.712504445], [72.187931563, 30.712746202], [72.19079326, 30.713552197], [72.19161315, 30.713817151], [72.194043911, 30.714604666], [72.195258517, 30.714998173], [72.19656062300001, 30.715387286], [72.19832401500001, 30.715609081], [72.202954642, 30.716151061], [72.204247894, 30.716302426], [72.206005574, 30.716507645], [72.206461612, 30.716547614], [72.208613409, 30.716733883], [72.214005415, 30.717205221], [72.214620658, 30.717257449], [72.21590874, 30.717368709], [72.217216077, 30.717286713], [72.227282773, 30.71668745], [72.226796526, 30.715711556], [72.226105676, 30.714353535], [72.225383441, 30.712765695], [72.220486542, 30.702021984], [72.216358822, 30.692961199], [72.21567030700001, 30.691731095], [72.21230487000001, 30.685794811], [72.21131476, 30.684146139], [72.21039035000001, 30.682612113], [72.209372148, 30.68108099], [72.19638144000001, 30.661565016], [72.190283284, 30.65240374], [72.18589162500001, 30.64580783], [72.184813147, 30.644185405], [72.184292839, 30.643401075], [72.183400258, 30.642255047], [72.182250497, 30.640778811], [72.180658151, 30.639494991], [72.179988087, 30.638978002], [72.179511157, 30.63871175], [72.177537564, 30.637610522], [72.175980394, 30.636737307], [72.175408397, 30.636271691], [72.174859055, 30.635919805], [72.174489746, 30.63539104], [72.174092517, 30.634821121], [72.174088204, 30.634142526], [72.174181348, 30.632821401], [72.17547798400001, 30.632298779], [72.176875448, 30.632345949], [72.178522662, 30.6323983], [72.179532466, 30.63107938], [72.179462184, 30.630328858], [72.179226376, 30.629295093], [72.178303409, 30.625239287], [72.178127564, 30.624469549], [72.17759801400001, 30.623236227], [72.175355046, 30.61816732], [72.174941015, 30.617231596], [72.174327399, 30.615632057], [72.172484271, 30.6108275], [72.172023443, 30.609626239], [72.171284573, 30.607988275], [72.169581295, 30.604191988], [72.169209244, 30.603371361], [72.166055723, 30.596090386], [72.165450601, 30.594692155], [72.163209013, 30.592410482], [72.161672394, 30.5914953], [72.161204752, 30.591214611], [72.158591121, 30.589652479], [72.157496649, 30.58832975], [72.15474785100001, 30.585010469], [72.153870997, 30.583949256], [72.15356851300001, 30.583250303], [72.153326348, 30.582637711], [72.153129572, 30.582139763], [72.15223841000001, 30.579868574], [72.151443138, 30.575663419], [72.151223387, 30.57450283], [72.15117711960065, 30.574258259949545], [72.14210546078597, 30.574258259949545], [72.13660651160677, 30.572693753742914], [72.13650490380638, 30.57266985700399], [72.13640152459854, 30.572655436927175], [72.1362972558929, 30.57265061652758], [72.11369498192762, 30.57265061652758], [72.11358230162323, 30.572656248069467]], [[72.13652130904535, 30.69841583645818], [72.13652130890267, 30.69841583645247], [72.14041894467863, 30.680540080960043], [72.13652130904535, 30.69841583645818]], [[72.13619055439122, 30.699932778289707], [72.13627485049858, 30.69954617043544], [72.13652130260606, 30.69841586599072], [72.13619055455052, 30.699932778275127], [72.13619055439122, 30.699932778289707]], [[72.12144724798246, 30.697812221778133], [72.12127291914582, 30.697805241081657], [72.12173128973124, 30.69468853007145], [72.12194521435345, 30.69483415617124], [72.12144724798246, 30.697812221778133]], [[72.11884019196657, 30.692720456984585], [72.1176981732809, 30.692588178634033], [72.11864587517714, 30.692588178634033], [72.11884019196657, 30.692720456984585]], [[72.08229516100639, 30.66687296676115], [72.08313310909325, 30.665444985951584], [72.08299917505576, 30.666517439209915], [72.08229516100639, 30.66687296676115]], [[71.96794788128378, 30.50938493175494], [71.96682334042652, 30.50848500503762], [71.96665153480268, 30.50481800442083], [71.96794788128378, 30.50938493175494]], [[71.94578844219289, 30.503845503045156], [71.9424754974073, 30.5041857620321], [71.94068155506497, 30.502959110495937], [71.94578844219289, 30.503845503045156]], [[71.74873981145595, 30.323297071444085], [71.74857498072824, 30.32318486530458], [71.74896797027938, 30.322527957703468], [71.74873981145595, 30.323297071444085]]]}}, {"type": "Feature", "properties": {"na": "NA-145", "src": "sheet-split: khanewal_na.jpg, outline-fit", "approx": false, "rms_km": 1.174}, "geometry": {"type": "MultiPolygon", "coordinates": [[[[71.77122671074622, 30.359766245723975], [71.77144511377986, 30.359486625380622], [71.77220952439761, 30.359486625380622], [71.7743516167346, 30.3588771786214], [71.77444973423385, 30.358853939978626], [71.77454953254352, 30.35883953943817], [71.77465021719803, 30.358834091638567], [71.77475098667593, 30.358837639948185], [71.77485103878045, 30.358850156119953], [71.78417425254788, 30.36044168482803], [71.79726314641375, 30.36044168482803], [71.79737691536205, 30.360447425991318], [71.79748952838044, 30.360464591149075], [71.79759984128364, 30.36049300589766], [71.79770673325632, 30.360532381533886], [71.80126125751626, 30.362049328249995], [71.81044780622683, 30.362049328249995], [71.81056167984732, 30.362055080009398], [71.810674394339, 30.36207227673998], [71.81078480237196, 30.36210074339483], [71.81089178009388, 30.362140190209562], [71.81099423856986, 30.362190215651857], [71.81109113486681, 30.362250310508692], [71.81118148266945, 30.362319863069658], [71.81871557399121, 30.368750436757523], [71.81879817887113, 30.368828451964067], [71.81887253250079, 30.368914367483004], [71.82263957816167, 30.373737297748903], [71.82270138356641, 30.373824657863782], [71.82275464886268, 30.37391747222657], [71.8227988964443, 30.374014908612217], [71.8228337295629, 30.374116093352054], [71.82285883588541, 30.374220119167585], [71.82287399029464, 30.37432605330565], [71.82287905690774, 30.374432945902022], [71.82287905690774, 30.377259188068457], [71.82640662382255, 30.381775514858735], [71.82646842922729, 30.381862874973613], [71.82652169452356, 30.3819556893364], [71.82656594210518, 30.38205312572205], [71.82660077522378, 30.382154310461885], [71.82662588154629, 30.382258336277417], [71.82664103595552, 30.382364270415483], [71.82664610256862, 30.382471163011854], [71.82664610256862, 30.385165242105987], [71.83566727946517, 30.392865088087017], [71.83574631653467, 30.392939393944157], [71.83581786494722, 30.393020935610927], [71.83588126542809, 30.393108961730835], [71.83593593378068, 30.393202661197137], [71.83598136626962, 30.39330117062667], [71.83601714426239, 30.393403582315425], [71.83604293808669, 30.393508952602446], [71.83605851006826, 30.393616310565122], [71.83606371672082, 30.393724666965618], [71.83606371672082, 30.395172882370684], [71.83606371672082, 30.398026389481718], [71.83717811097786, 30.398977558518723], [71.83939635573329, 30.4008708971774], [71.85036270409903, 30.408670987487017], [71.85753587698782, 30.408670987487017], [71.85764014569347, 30.408675807886613], [71.85774352490131, 30.40869022796343], [71.8578451327017, 30.408714124702353], [71.86349570119302, 30.41032176812432], [71.86359790051938, 30.41035619450351], [71.86369635310827, 30.41040020547525], [71.86379016244373, 30.41045340027264], [71.86387847429164, 30.41051529450026], [71.8639604844783, 30.410585324545075], [71.86403544621339, 30.410662852708754], [71.8641026768903, 30.410747173014585], [71.86416156430191, 30.410837517636153], [71.86566317580994, 30.413400858864854], [71.86582337744176, 30.41353759577901], [71.86582337744176, 30.41367433269317], [71.86792860996279, 30.41726809132402], [71.8679835656741, 30.41737444903902], [71.86802696201947, 30.417486023457922], [71.86805831201062, 30.417601562506732], [71.86807726384191, 30.417719769620884], [71.86808360483829, 30.417839318295112], [71.86808360483829, 30.422273203883513], [71.8716111717531, 30.42678953067379], [71.87167431084453, 30.426878984101833], [71.8717284970172, 30.42697412777921], [71.87177322163451, 30.427074068608007], [71.87365674446495, 30.431896998873906], [71.87369039851761, 30.43199662105905], [71.87371464743099, 30.432098939997836], [71.8737292812665, 30.432203069848942], [71.87373417332961, 30.43230810909281], [71.87373417332961, 30.438217475030875], [71.87898830456528, 30.442702034167972], [71.87907935248116, 30.44278896390012], [71.87916016751576, 30.44288548038315], [71.87922974694543, 30.44299038607548], [71.88111326977587, 30.44620567291941], [71.88116554272327, 30.446306131240732], [71.88120749930634, 30.446411316698313], [71.88123871822586, 30.446520173091862], [71.88125888600278, 30.446631607360043], [71.88126780012614, 30.44674450055628], [71.88126537108639, 30.446857719084434], [71.8812516232743, 30.44697012608161], [71.88122669473597, 30.44708059283375], [71.88119083578671, 30.447188010109407], [71.87975951973803, 30.450853024082004], [71.88421445232785, 30.452120497095443], [71.88432676279227, 30.45215893224474], [71.8844344221077, 30.452208935973772], [71.88453624246657, 30.452269956590285], [71.88463110048257, 30.452341320852472], [71.88471794958512, 30.45242224139685], [71.88479583156618, 30.45251182542525], [71.88792163176171, 30.45651377223593], [71.88792163176174, 30.45651377223595], [71.88844407765465, 30.45718265717553], [71.88948896944049, 30.457851542115105], [71.88948896944052, 30.457851542115126], [71.89573641852758, 30.4618508314786], [71.89935130277885, 30.46339353772931], [71.90478158415057, 30.464938507255837], [71.90823335700794, 30.464938507255837], [71.91366363837966, 30.46339353772931], [71.9166352015136, 30.462125378446068], [71.91663520151361, 30.46212537844606], [71.91720623993196, 30.461881679208094], [71.92078026824366, 30.458831138480697], [71.92163682587119, 30.457856341528828], [71.9183024096328, 30.460702366140318], [71.92163682587119, 30.45785634152882], [71.92601058952489, 30.452878822981507], [71.92423353327132, 30.443778197015074], [71.92421783439778, 30.443670410378473], [71.92421258518539, 30.443561613046572], [71.92421258518539, 30.430700465670842], [71.92421747724849, 30.430595426426976], [71.92423211108401, 30.43049129657587], [71.92425635999739, 30.430388977637083], [71.92429001405004, 30.43028935545194], [71.92617353688048, 30.42546642518604], [71.92621901055797, 30.425365009641702], [71.92627422622289, 30.425268551369246], [71.92633864981612, 30.425177983336177], [71.92641165821722, 30.425094181538192], [71.92649254527147, 30.425017956526343], [71.93199806349588, 30.420318831028663], [71.93363019933759, 30.4175326769059], [71.93363019933759, 30.411408744607247], [71.93363540599015, 30.41130038820675], [71.93365097797171, 30.411193030244075], [71.93367677179602, 30.411087659957055], [71.93371254978878, 30.4109852482683], [71.93375798227773, 30.410886738838766], [71.93381265063032, 30.410793039372464], [71.93387605111118, 30.410705013252556], [71.93394759952373, 30.410623471585787], [71.93402663659323, 30.410549165728646], [71.93779368225411, 30.407333878884714], [71.93788403005675, 30.407264326323748], [71.9379809263537, 30.407204231466913], [71.93808338482968, 30.407154206024618], [71.93819036255161, 30.407114759209886], [71.93830077058456, 30.407086292555036], [71.93841348507624, 30.407069095824454], [71.93852735869673, 30.40706334406505], [71.94606145001849, 30.40706334406505], [71.94616822819343, 30.407068399812648], [71.94627405098927, 30.407083521820017], [71.94637797157502, 30.40710857478564], [71.94647906013935, 30.40714333455247], [71.94657641220996, 30.407187490113557], [71.9466691567462, 30.407240646394726], [71.94675646393247, 30.40730232778942], [71.94683755260299, 30.40737198241412], [71.946911697231, 30.407448987046216], [71.94697823442038, 30.4075326527002], [71.94703656884126, 30.40762223079222], [71.94859269447159, 30.410278630908984], [71.95359554134025, 30.410278630908984], [71.95370231951519, 30.41028368665658], [71.95380814231103, 30.41029880866395], [71.95391206289678, 30.41032386162957], [71.95401315146111, 30.4103586213964], [71.95411050353172, 30.41040277695749], [71.95420324806796, 30.41045593323866], [71.95429055525423, 30.410517614633353], [71.95437164392474, 30.410587269258052], [71.95444578855276, 30.41066427389015], [71.95451232574214, 30.410747939544134], [71.95457066016301, 30.410837517636153], [71.95821516804499, 30.417058911959682], [71.96931875203778, 30.42495661455088], [71.9694122201758, 30.42503082977633], [71.96949734030014, 30.42511448834998], [71.96957316306201, 30.425206657223764], [71.96963884280653, 30.42530630843385], [71.97340588846741, 30.431736882121715], [71.97346378675896, 30.4318498159415], [71.97350865764479, 30.43196852930815], [71.97353993525698, 30.432091525124306], [71.97542345808742, 30.441737385656104], [71.97543915696096, 30.441845172292705], [71.97544440617335, 30.441953969624606], [71.97544440617335, 30.449992186734438], [71.97543919952079, 30.450100543134933], [71.97542362753923, 30.45020790109761], [71.97539783371492, 30.45031327138463], [71.97536205572216, 30.450415683073384], [71.97531662323321, 30.45051419250292], [71.97526195488062, 30.45060789196922], [71.97519855439975, 30.450695918089128], [71.9751270059872, 30.450777459755898], [71.9750479689177, 30.450851765613038], [71.97372108497474, 30.45198430099204], [71.97349221945981, 30.452374988201807], [71.97280562291505, 30.452765675411573], [71.96961319898446, 30.455490505314987], [71.9675336102855, 30.460815479939527], [71.96602679202115, 30.464673824152225], [71.96602679202115, 30.482100987392947], [71.96602679202115, 30.48666134405045], [71.96765892786286, 30.489447498173213], [71.97051447281287, 30.491884791728044], [71.97096396334999, 30.492268445429264], [71.97186294442422, 30.492268445429264], [71.97431429247509, 30.492268445429264], [71.9744167173945, 30.492273096508473], [71.97451829923696, 30.49228701146228], [71.974618201865, 30.49231007575433], [71.97471560296306, 30.492342099538497], [71.9748097008061, 30.492382819221564], [71.98775985906205, 30.49869901911713], [71.99084928141326, 30.49869901911713], [71.99806641282818, 30.492538980248927], [71.99815676063082, 30.49246942768796], [71.99825365692777, 30.492409332831127], [71.99835611540375, 30.49235930738883], [71.99846309312568, 30.4923198605741], [71.99857350115863, 30.49229139391925], [71.99868621565031, 30.492274197188667], [71.9988000892708, 30.492268445429264], [72.00256713493168, 30.492268445429264], [72.00268100855217, 30.492274197188667], [72.00279372304385, 30.49229139391925], [72.0029041310768, 30.4923198605741], [72.00301110879873, 30.49235930738883], [72.00311356727471, 30.492409332831127], [72.00321046357166, 30.49246942768796], [72.0033008113743, 30.492538980248927], [72.00895137986562, 30.497361910514826], [72.0090424277815, 30.497448840246975], [72.0091232428161, 30.497545356730004], [72.00919282224577, 30.497650262422333], [72.0110763450762, 30.500865549266265], [72.01113130078751, 30.500971906981267], [72.01117469713289, 30.50108348140017], [72.01120604712403, 30.50119902044898], [72.01122499895533, 30.50131722756313], [72.0112313399517, 30.50143677623736], [72.0112313399517, 30.504130855331493], [72.01648547118738, 30.50861541446859], [72.01657651910325, 30.50870234420074], [72.01665733413786, 30.50879886068377], [72.01672691356752, 30.508903766376097], [72.0204939592284, 30.515334340063962], [72.02054891493971, 30.515440697778963], [72.02059231128509, 30.515552272197866], [72.02062366127623, 30.515667811246676], [72.02064261310753, 30.515786018360828], [72.0206489541039, 30.515905567035055], [72.0206489541039, 30.518908007258897], [72.02242258652792, 30.52344955321743], [72.02610643441078, 30.5297381032904], [72.02980696831534, 30.53447587887768], [72.0345258504007, 30.539846156049062], [72.03452585040071, 30.53984615604908], [72.03531077150495, 30.54073942776284], [72.03571778752985, 30.540971028047327], [72.03571778752985, 30.54097102804733], [72.04079650064303, 30.543860917707455], [72.04088678737294, 30.54391810714916], [72.0409712679831, 30.54398356975185], [72.04460700483129, 30.547086780572307], [72.0482152697048, 30.548626661903942], [72.04831786961152, 30.54867671697778], [72.04841489616811, 30.54873686761029], [72.04850535930485, 30.548806500017747], [72.05412371248299, 30.553601933544297], [72.06204662628463, 30.559398315295475], [72.0640119905686, 30.5602370640783], [72.06510385961525, 30.561634978716338], [72.06727418919961, 30.563222785817583], [72.06734058760925, 30.563275290815444], [72.0701052271619, 30.565634993877758], [72.07079067336329, 30.566220042839713], [72.07284701196744, 30.566220042839713], [72.07602452531883, 30.566220042839713], [72.07613839893932, 30.566225794599116], [72.076251113431, 30.5662429913297], [72.07636152146395, 30.56627145798455], [72.07646849918588, 30.56631090479928], [72.07657095766186, 30.566360930241576], [72.07666785395881, 30.56642102509841], [72.07675820176145, 30.566490577659376], [72.07861816493141, 30.56807811220208], [72.07918920334977, 30.56832181144005], [72.08273818873535, 30.571350977276307], [72.0833092271537, 30.57208207499022], [72.08774237883725, 30.57586590337151], [72.09297623079279, 30.57586590337151], [72.0930833210277, 30.57587098878009], [72.09318944747004, 30.57588619923808], [72.09329365500116, 30.57591139785413], [72.09339500577231, 30.575946357845297], [72.09349258764503, 30.575990764578034], [72.09358552240025, 30.576044218399847], [72.101119613722, 30.580867148665746], [72.10120652186694, 30.580928743496223], [72.10128724459918, 30.580998247375955], [72.10136106473459, 30.58107504279512], [72.10142732641542, 30.581158447461956], [72.10148544093731, 30.58124772036458], [72.10280488145263, 30.583500084743534], [72.10653574387626, 30.581377149168876], [72.10739230150381, 30.58088975069293], [72.11086198409649, 30.57792827217709], [72.1118144373243, 30.57548942969268], [72.1070098278076, 30.58095726812096], [72.1118144373243, 30.575489429692677], [72.11264229709401, 30.57336962000694], [72.11268853338282, 30.57326670853595], [72.11274480026793, 30.573168919973714], [72.11281053697512, 30.57307722891312], [72.1128850883508, 30.572992549177346], [72.11296771139148, 30.572915724712416], [72.11305758264886, 30.572847521176143], [72.11315380643651, 30.57278861830734], [72.11325542375663, 30.572739603151316], [72.11336142185762, 30.572700964209194], [72.11347074432769, 30.572673086569345], [72.11358230162323, 30.572656248069467], [72.11369498192762, 30.57265061652758], [72.1362972558929, 30.57265061652758], [72.13640152459854, 30.572655436927175], [72.13650490380638, 30.57266985700399], [72.13660651160677, 30.572693753742914], [72.14210546078597, 30.574258259949545], [72.15117711960065, 30.574258259949545], [72.151130447, 30.574011548], [72.151557644, 30.573512356], [72.152072331, 30.573019719], [72.153314894, 30.572861889], [72.15384465400001, 30.57279106], [72.154384193, 30.572682717], [72.156531573, 30.572124807], [72.15987828053193, 30.571522686157255], [72.15796548202843, 30.56989005506726], [72.1561851690309, 30.565331402897108], [72.15613969535342, 30.56522998735277], [72.1560844796885, 30.565133529080313], [72.15602005609527, 30.565042961047244], [72.15594704769417, 30.56495915924926], [72.15586616063992, 30.56488293423741], [72.15043139070667, 30.56024419453546], [72.14865107770915, 30.55568554236531], [72.14861129924896, 30.55559547631811], [72.14856383235562, 30.55550921443318], [72.1485090373251, 30.555427411478565], [72.14844733007727, 30.555350688376958], [72.14279676158596, 30.548920114689093], [72.14268150082684, 30.548806500017747], [72.13352008006383, 30.540986951675947], [72.13177680109985, 30.535035187431166], [72.13177680109985, 30.53198200125472], [72.13177190903674, 30.531876962010852], [72.13175727520122, 30.531772832159746], [72.13173302628785, 30.53167051322096], [72.13169937223519, 30.531570891035816], [72.12981584940475, 30.526747960769917], [72.12976497569257, 30.52663606864849], [72.129702251171, 30.526530363323065], [72.12235918694765, 30.51556219228012], [72.12235918694765, 30.512690280191123], [72.12235284595127, 30.512570731516895], [72.12233389411998, 30.512452524402743], [72.12230254412883, 30.512336985353933], [72.12225914778345, 30.51222541093503], [72.12220419207215, 30.51211905322003], [72.11843714641127, 30.505688479532164], [72.11837210125859, 30.505589689424347], [72.11829708688826, 30.505498238882875], [72.11821292503002, 30.50541512968418], [72.11812053761788, 30.505341272231142], [72.11802093669105, 30.505277475580264], [72.11294157279545, 30.50238721561188], [72.11294157279545, 30.499829132815393], [72.11293636614289, 30.499720776414897], [72.11292079416133, 30.49961341845222], [72.11289500033702, 30.4995080481652], [72.11285922234426, 30.499405636476446], [72.11281378985531, 30.49930712704691], [72.11275912150272, 30.49921342758061], [72.11269572102185, 30.499125401460702], [72.1126241726093, 30.499043859793932], [72.1125451355398, 30.498969553936792], [72.10917452713457, 30.49609263822166], [72.10917452713457, 30.493398559127527], [72.10916946052147, 30.493291666531157], [72.10915430611225, 30.49318573239309], [72.10912919978973, 30.49308170657756], [72.10909436667113, 30.492980521837723], [72.10905011908952, 30.492883085452075], [72.10899685379324, 30.492790271089287], [72.1089350483885, 30.49270291097441], [72.10556418786558, 30.488387214616658], [72.10636493526424, 30.48633682860493], [72.10706929461354, 30.487539212410756], [72.10712740913543, 30.48762848531338], [72.10719367081626, 30.487711889980215], [72.10726749095167, 30.48778868539938], [72.1073482136839, 30.487858189279113], [72.10743512182884, 30.48791978410959], [72.1149692131506, 30.49274271437549], [72.11506214790582, 30.4927961681973], [72.11515972977854, 30.49284057493004], [72.11526108054969, 30.492875534921204], [72.11536528808081, 30.492900733537255], [72.11547141452314, 30.492915943995246], [72.11557850475806, 30.492921029403824], [72.1268796417407, 30.492921029403824], [72.12699041225365, 30.492915587597476], [72.12710011598601, 30.492899314586], [72.12720769643086, 30.492872367087394], [72.12731211752971, 30.492835004620797], [72.1274123736503, 30.492787587007193], [72.12750749927139, 30.492730570904115], [72.12759657828121, 30.492664505407806], [72.12767875280025, 30.492590026765114], [72.12775323144295, 30.49250785224608], [72.12781929693925, 30.492418773236245], [72.12787631304234, 30.492323647615166], [72.12792373065594, 30.492223391494576], [72.12796109312254, 30.492118970395722], [72.12798804062113, 30.49201138995087], [72.12800431363262, 30.49190168621851], [72.12800975543897, 30.49179091570556], [72.12800975543897, 30.48923357352559], [72.12958531017324, 30.48654400675893], [72.13063382705386, 30.482069303190954], [72.12800975543897, 30.48878847548172], [72.13169937223519, 30.479340878548733], [72.13173327917976, 30.479240373028126], [72.13175761385682, 30.479137131253374], [72.13177216189145, 30.479032062726922], [72.13177679512356, 30.47892609304389], [72.13177147273699, 30.478820155738074], [72.13175624161896, 30.478715184058053], [72.13173123594716, 30.47861210274578], [72.1298932782694, 30.47233709397448], [72.1298932782694, 30.469496754418124], [72.13163917810076, 30.465026220267042], [72.13505143122266, 30.460657529165818], [72.14206705553678, 30.459160517542532], [72.15701600702774, 30.459160517542532], [72.15712027573338, 30.459155697142936], [72.15722365494122, 30.45914127706612], [72.15732526274161, 30.459117380327196], [72.16862639972425, 30.455902093483264], [72.16873585557465, 30.455864801522917], [72.16884092769855, 30.455816519825873], [72.16894051603693, 30.45575775388033], [72.1690335779435, 30.45568911893997], [72.16911913910091, 30.45561133358252], [72.16919630372139, 30.455525212186576], [72.16926426392519, 30.455431656405384], [72.16932230819874, 30.455331645726954], [72.16936982884398, 30.45522622721924], [72.17125335167442, 30.45040329695334], [72.17128725861899, 30.450302791432733], [72.17131159329605, 30.45019954965798], [72.17132614133068, 30.45009448113153], [72.17133077456279, 30.449988511448495], [72.17132545217622, 30.44988257414268], [72.17131022105819, 30.44977760246266], [72.17128521538639, 30.44967452115039], [72.1696073711998, 30.443946159112915], [72.17639749193492, 30.438150586711156], [72.1816594402252, 30.436653509635004], [72.18692130687315, 30.436653509635004], [72.19047583113309, 30.438170456351113], [72.19058278701601, 30.43820985193187], [72.19069316719656, 30.43823827355072], [72.19080584885883, 30.43825543209557], [72.19091968577568, 30.43826115302524], [72.19103351996841, 30.43825537814495], [72.191146193486, 30.438238166198282], [72.19125656018416, 30.43820969226963], [72.19136349738415, 30.4381702460032], [72.19146591729296, 30.43812022865666], [72.19156277806866, 30.43806014901947], [72.19165309441827, 30.437990618237308], [72.19684311476837, 30.433560779670525], [72.20191129924441, 30.435002728997702], [72.2020182707477, 30.43502761494743], [72.20212715274067, 30.435041999821873], [72.2022369168785, 30.43504574776192], [72.20234652648485, 30.43503882336984], [72.20245494634284, 30.435021292043626], [72.20256115247233, 30.434993319359307], [72.20266414180085, 30.43495516950718], [72.20643118746173, 30.433347526085214], [72.20653359908067, 30.433297574934073], [72.20663046021632, 30.43323756512155], [72.20672078620264, 30.433168106692335], [72.20680365880835, 30.433089905743387], [72.20687823557137, 30.433003757245928], [72.21030593327231, 30.428615292525173], [72.22252258955734, 30.428615292525173], [72.22597267531138, 30.431560044549443], [72.22606302311402, 30.43162959711041], [72.22615991941097, 30.431689691967243], [72.22626237788695, 30.43173971740954], [72.22636935560888, 30.43177916422427], [72.22647976364183, 30.43180763087912], [72.22659247813351, 30.431824827609702], [72.226706351754, 30.431830579369105], [72.23047339741488, 30.431830579369105], [72.23058718317736, 30.431824836504358], [72.23069981249647, 30.4318076662768], [72.23081014068217, 30.43177924319329], [72.23091704643163, 30.431739856127283], [72.2310194432254, 30.43168990538291], [72.23111629037007, 30.43162989862656], [72.23120660357519, 30.43156044572729], [72.23128946495699, 30.431482252558506], [72.23136403236708, 30.43139611382396], [72.23513107802796, 30.426573183558062], [72.23519332839383, 30.42648512617314], [72.23524690221896, 30.426391536342752], [72.23529131168442, 30.426293266253364], [72.23532615241781, 30.426191210707763], [72.23535110717522, 30.426086298977374], [72.23536594872999, 30.425979486340747], [72.23537054194165, 30.425871745385223], [72.2353648449865, 30.425764057150985], [72.23534890973845, 30.42565740219817], [72.2353228812966, 30.425552751678314], [72.23528699666413, 30.425451058491507], [72.23524158259019, 30.4253532486097], [72.23518705259471, 30.425260212645235], [72.23512390320305, 30.425172797741336], [72.23505270942488, 30.425091799858397], [72.23497411951838, 30.425017956526343], [72.22971998828271, 30.420533397389246], [72.22971998828271, 30.417839318295112], [72.22971478163015, 30.417730961894616], [72.22969920964859, 30.41762360393194], [72.22967341582428, 30.41751823364492], [72.22963763783152, 30.417415821956165], [72.22959220534257, 30.41731731252663], [72.22953753698998, 30.41722361306033], [72.22947413650911, 30.41713558694042], [72.22940258809656, 30.41705404527365], [72.22932355102706, 30.41697973941651], [72.22577230392426, 30.41394864313653], [72.2242126026741, 30.409954887264007], [72.2295144110464, 30.402412798917208], [72.22957584771976, 30.402315164753592], [72.2296270113875, 30.402211776292727], [72.22966736896754, 30.402103710754872], [72.22969649996801, 30.40199209409147], [72.22971410086856, 30.401878089253685], [72.22971998828271, 30.40176288407545], [72.22971998828271, 30.395332310387584], [72.22971364728633, 30.395212761713356], [72.22969469545504, 30.395094554599204], [72.22966334546389, 30.394979015550394], [72.22961994911851, 30.394867441131492], [72.22956499340721, 30.39476108341649], [72.22595294262183, 30.388595095310507], [72.22595294262183, 30.38429165305391], [72.22775903658761, 30.379666986386823], [72.22779269064027, 30.37956736420168], [72.22781693955365, 30.379465045262894], [72.22783157338917, 30.379360915411787], [72.22783646545227, 30.37925587616792], [72.22783646545227, 30.369610015636123], [72.22783112203945, 30.369500248719426], [72.2278151423305, 30.369391519804392], [72.22778867743622, 30.369284857076916], [72.22775197761966, 30.369181269184157], [72.22770538992957, 30.369081735696355], [72.22764935491854, 30.368987197843612], [72.22758440247698, 30.368898549615224], [72.2275111468222, 30.36881662930575], [72.22743028069017, 30.36874221158774], [72.22734256878472, 30.368676000186127], [72.22724884054614, 30.368618621223483], [72.22714998230767, 30.36857061729917], [72.22704692891398, 30.368532442358287], [72.22694065488086, 30.368504457398966], [72.22683216517984, 30.368486927058637], [72.22672248573467, 30.36848001711149], [72.22661265371987, 30.36848379290087], [72.22650370775267, 30.368498218721335], [72.22639667807154, 30.368523158156325], [72.22629257679368, 30.368558375368156], [72.22619238834412, 30.368603537328212], [72.22609706014654, 30.368658216966196], [72.21895401426684, 30.373230820441872], [72.21276828280875, 30.37191089345082], [72.21276828280875, 30.368002372214157], [72.21276295027144, 30.367892716794916], [72.21274700298356, 30.367784096212468], [72.21272059144239, 30.36767753553766], [72.2126839648981, 30.367574040401657], [72.21263746900162, 30.367474587505605], [72.2125815425426, 30.367380115403353], [72.21251671330852, 30.36729151564415], [72.21244359310384, 30.367209624358953], [72.21236287197635, 30.3671352143697], [72.21227531170503, 30.367068987896086], [72.21218173861098, 30.367011569928568], [72.21208303575939, 30.366963502330243], [72.21198013462578, 30.366925238723194], [72.2118740063056, 30.366897140207563], [72.20433991498385, 30.365289496785596], [72.20422265084763, 30.365270852731093], [72.20410407778873, 30.365264615093928], [72.19533418525918, 30.365264615093928], [72.19377805962885, 30.362608214977165], [72.19371972520798, 30.362518636885145], [72.1936531880186, 30.36243497123116], [72.19357904339059, 30.362357966599063], [72.19349795472007, 30.362288311974364], [72.1934106475338, 30.36222663057967], [72.19331790299756, 30.3621734742985], [72.19322055092695, 30.362129318737413], [72.19311946236262, 30.362094558970583], [72.19301554177687, 30.36206950600496], [72.19290971898103, 30.36205438399759], [72.19280294080609, 30.362049328249995], [72.1873834377564, 30.362049328249995], [72.18417193367023, 30.36067877055478], [72.18225521295562, 30.357406812924346], [72.18225521295562, 30.35727007601019], [72.18209501132381, 30.357133339096038], [72.18059339981578, 30.354569997867333], [72.1805350653949, 30.354480419775314], [72.18046852820552, 30.35439675412133], [72.18039438357751, 30.354319749489232], [72.180313294907, 30.354250094864533], [72.18022598772072, 30.35418841346984], [72.18013324318449, 30.35413525718867], [72.18003589111387, 30.35409110162758], [72.17993480254954, 30.35405634186075], [72.1798308819638, 30.35403128889513], [72.17972505916795, 30.35401616688776], [72.17961828099301, 30.354011111140164], [72.16478116379112, 30.354011111140164], [72.16138542031855, 30.352561926514387], [72.15774968347036, 30.349458715693928], [72.15765933566772, 30.34938916313296], [72.15756243937076, 30.349329068276127], [72.15745998089479, 30.34927904283383], [72.15735300317286, 30.3492395960191], [72.1572425951399, 30.34921112936425], [72.15712988064823, 30.349193932633668], [72.15701600702774, 30.349188180874265], [72.14960114685854, 30.349188180874265], [72.14229072411489, 30.347628264418024], [72.13878314635328, 30.34613135282652], [72.13514740950508, 30.343028142006062], [72.13505706170244, 30.342958589445097], [72.13496016540549, 30.342898494588262], [72.13485770692951, 30.342848469145967], [72.13475072920758, 30.342809022331235], [72.13464032117463, 30.342780555676384], [72.13452760668295, 30.342763358945803], [72.13441373306246, 30.3427576071864], [72.1308777528432, 30.3427576071864], [72.12748200937064, 30.341308422560623], [72.121962749692, 30.336597568318197], [72.12187243334239, 30.336528037536034], [72.12177557256669, 30.336467957898844], [72.12167315265788, 30.336417940552305], [72.12156621545789, 30.336378494285874], [72.12145584875974, 30.336350020357223], [72.12134317524215, 30.336332808410553], [72.12122934104941, 30.336327033530264], [72.12111550413256, 30.336332754459935], [72.12100282247029, 30.336349913004785], [72.12089244228974, 30.336378334623635], [72.12078548640682, 30.336417730204392], [72.11766281679849, 30.337750376449417], [72.11442865837024, 30.33498992489623], [72.1143381952335, 30.334920292488775], [72.11424116867691, 30.334860141856264], [72.11413856877019, 30.334810086782426], [72.11037152310931, 30.33320244336046], [72.11026463113663, 30.333163067724232], [72.11015431823343, 30.333134652975648], [72.11004170521504, 30.33311748781789], [72.10992793626674, 30.333111746654602], [72.10457638661285, 30.333111746654602], [72.09918570838666, 30.33004434258594], [72.09908127344883, 30.329991870554167], [72.09897197763348, 30.329950465299632], [72.09885898992582, 30.329920569676702], [72.09874351879805, 30.329902503437243], [72.0986267992841, 30.32989645981067], [72.0912503443641, 30.32989645981067], [72.08023197225279, 30.326761622409315], [72.07469991159094, 30.323613768898074], [72.07459547665312, 30.323561296866302], [72.07448618083777, 30.323519891611767], [72.0743731931301, 30.323489995988837], [72.07425772200233, 30.323471929749378], [72.07414100248839, 30.323465886122804], [72.06111397907706, 30.323465886122804], [72.05585203078678, 30.321968809046652], [72.05235915642835, 30.31898753566077], [72.04866231781443, 30.31425449113615], [72.04858940221678, 30.314170080299068], [72.04850852051847, 30.31409326868097], [72.04842046065697, 30.31402480456926], [72.04832608049843, 30.313965354931156], [72.04822629948033, 30.313915498916217], [72.04812208965457, 30.313875722214345], [72.04801446621781, 30.313846412324274], [72.0479044776216, 30.313827854778598], [72.04779319535854, 30.313820230362186], [72.04768170352392, 30.313823613350962], [72.04757108825468, 30.313837970788356], [72.04746242714836, 30.313863162806342], [72.04532033481136, 30.314472609565566], [72.04455592419362, 30.314472609565566], [72.04433752115997, 30.31475222990892], [72.04181185865704, 30.31547080622831], [72.04169718800124, 30.315510193381346], [72.0415873969472, 30.315561638804652], [72.04148374924414, 30.315624550336004], [72.0413874379283, 30.315698203832635], [72.03793735217425, 30.318642955856905], [72.02893645455784, 30.318642955856905], [72.0288321858522, 30.3186477762565], [72.02872880664435, 30.318662196333317], [72.02862719884396, 30.31868609307224], [72.02346635543849, 30.32015440479439], [72.01642644507368, 30.31564782326815], [72.01083490269606, 30.310875273566737], [72.01074458634645, 30.310805742784574], [72.01064772557075, 30.310745663147383], [72.01054530566194, 30.310695645800845], [72.01043836846195, 30.310656199534414], [72.0103280017638, 30.310627725605762], [72.0102153282462, 30.310610513659093], [72.01010149405347, 30.310604738778803], [72.00998765713662, 30.310610459708474], [72.00987497547435, 30.310627618253324], [72.0097645952938, 30.310656039872175], [72.00965763941088, 30.31069543545293], [72.00633418059256, 30.312113771514777], [72.00327853269927, 30.31080972779518], [71.999690724223, 30.30621627402632], [71.99962279376143, 30.306137122662086], [71.99954785507595, 30.306064571442345], [71.99946654653316, 30.305999238396055], [71.99937956076144, 30.30594168006402], [71.99928763875076, 30.305892386757986], [71.9991915635405, 30.30585177838393], [71.99909215354921, 30.305820200865053], [71.99899025560278, 30.305797923195065], [71.99729953892715, 30.30550930768183], [71.99649984990458, 30.30482674903377], [71.99330109381434, 30.30482674903377], [71.98957264145058, 30.3041902797731], [71.98947789906452, 30.304178200944197], [71.9893824751186, 30.30417416505921], [71.98038157750219, 30.30417416505921], [71.97693149174815, 30.30122941303494], [71.9768410286114, 30.301159780627483], [71.97674400205482, 30.301099629994972], [71.97664140214809, 30.301049574921134], [71.97287435648721, 30.299441931499167], [71.97277207179783, 30.29940400462296], [71.97266660683977, 30.29937611648498], [71.96516953047218, 30.29777637140736], [71.95955536554544, 30.296179085164713], [71.95945375774505, 30.29615518842579], [71.95935037853721, 30.296140768348973], [71.95924610983157, 30.296135947949377], [71.95194308395143, 30.296135947949377], [71.94854734047887, 30.2946867633236], [71.94512740218875, 30.29176774306709], [71.94334708919122, 30.28720909089694], [71.94329956854598, 30.287103672389225], [71.94324152427242, 30.287003661710795], [71.94317356406863, 30.286910105929604], [71.94309639944815, 30.286823984533658], [71.94301083829073, 30.28674619917621], [71.94291777638416, 30.28667756423585], [71.94281818804579, 30.286618798290306], [71.94271311592189, 30.28657051659326], [71.94260366007148, 30.286533224632915], [71.93702175938765, 30.284945117891052], [71.93332037704798, 30.283365497279505], [71.9332134850753, 30.283326121643277], [71.9331031721721, 30.283297706894693], [71.93299055915371, 30.283280541736936], [71.93287679020541, 30.283274800573647], [71.92934080998616, 30.283274800573647], [71.92225522779238, 30.28025092174921], [71.9167740219332, 30.274013089532858], [71.91665876117408, 30.273899474861512], [71.9128917155132, 30.27068418801758], [71.91280136771056, 30.270614635456614], [71.9127044714136, 30.27055454059978], [71.91260201293763, 30.270504515157484], [71.9124950352157, 30.27046506834275], [71.91238462718275, 30.2704366016879], [71.91227191269107, 30.27041940495732], [71.91215803907058, 30.270413653197917], [71.89520633359662, 30.270413653197917], [71.8950992433617, 30.270418738606494], [71.89499311691937, 30.270433949064486], [71.89488890938824, 30.270459147680537], [71.8947875586171, 30.270494107671702], [71.89468997674437, 30.27053851440444], [71.89459704198916, 30.270591968226253], [71.87256967746998, 30.284692732137984], [71.86751240024257, 30.28181503992695], [71.86739072156577, 30.281755164077197], [71.8672627468539, 30.281710294367016], [71.8618491792515, 30.28017008007553], [71.85826955343045, 30.277114761705445], [71.8581732421146, 30.277041108208813], [71.85806959441155, 30.27697819667746], [71.8579598033575, 30.276926751254155], [71.8578451327017, 30.276887364101118], [71.85219456421038, 30.27527972067915], [71.85209295640999, 30.275255823940228], [71.85198957720215, 30.27524140386341], [71.8518853084965, 30.275236583463816], [71.84653375884261, 30.275236583463816], [71.84114308061642, 30.272169179395153], [71.8410386456786, 30.27211670736338], [71.84092934986325, 30.272075302108846], [71.84081636215558, 30.272045406485915], [71.84070089102781, 30.272027340246456], [71.84058417151387, 30.272021296619883], [71.83723384238877, 30.272021296619883], [71.83211603236236, 30.267653091737596], [71.83033571936484, 30.263094439567446], [71.83028948307603, 30.262991528096457], [71.83023321619092, 30.26289373953422], [71.83016747948373, 30.262802048473628], [71.83009292810806, 30.262717368737853], [71.83001030506738, 30.262640544272923], [71.82992043380999, 30.26257234073665], [71.82982421002234, 30.262513437867845], [71.82972259270223, 30.262464422711822], [71.82961659460123, 30.2624257837697], [71.82950727213117, 30.262397906129852], [71.82939571483563, 30.262381067629974], [71.82928303453123, 30.262375436088085], [71.82386353148154, 30.262375436088085], [71.82188488403499, 30.261531018515754], [71.821045132, 30.262894351], [71.82031927300001, 30.263989885], [71.81654569, 30.26963232], [71.808197141, 30.26696618], [71.806135385, 30.266258948], [71.803926613, 30.265561547], [71.797181264, 30.263437548], [71.794438069, 30.262573703], [71.792871978, 30.262078335], [71.792420656, 30.261996092], [71.791804067, 30.261883553], [71.786874936, 30.260884646], [71.786210307, 30.260749906], [71.784272287, 30.260622763], [71.782338298, 30.261705623], [71.780410036, 30.262794072], [71.77826261300001, 30.263536506], [71.777172962, 30.263820342], [71.775848263, 30.263751818], [71.775373638, 30.263727417], [71.774010564, 30.263657005], [71.773277941, 30.263591507], [71.771878209, 30.263327089], [71.769554198, 30.262887509], [71.767013866, 30.262844985], [71.765776378, 30.26340132], [71.765751423, 30.264075928], [71.765742377, 30.264958268], [71.76629031200001, 30.266622226], [71.766427069, 30.267035305], [71.767942718, 30.271613368], [71.768077004, 30.272018983], [71.76821213800001, 30.272427159], [71.768814406, 30.274245147], [71.769322704, 30.275466872], [71.76981712300001, 30.276648904], [71.771792669, 30.281378396], [71.772615485, 30.283343614], [71.773438698, 30.285309441], [71.77482423, 30.287333851], [71.775277959, 30.287996798], [71.775801317, 30.288761481], [71.776563041, 30.290314828], [71.776752363, 30.290700904], [71.777320439, 30.291859356], [71.77755764, 30.292862721], [71.77816903, 30.295442549], [71.778288317, 30.296051806], [71.778547879, 30.299552312], [71.778631568, 30.300659613], [71.777471672, 30.303151062], [71.776242101, 30.303651817], [71.772895622, 30.305019464], [71.772276523, 30.305247598], [71.76740151, 30.306570058], [71.765326894, 30.307100162], [71.758734489, 30.307566959], [71.757439337, 30.307658642], [71.75618663600001, 30.307564677], [71.75304529600001, 30.307328624], [71.752376422, 30.307278388], [71.750754501, 30.307144431], [71.74952952473981, 30.306789401262602], [71.75105380236229, 30.30939143491299], [71.75467579775626, 30.312482916988703], [71.75475474687484, 30.312557131831774], [71.75482622558883, 30.312638566466298], [71.75488957679991, 30.31272647226991], [71.75494421812525, 30.312820041131292], [71.7549896472513, 30.312918412879064], [71.75502544655163, 30.313020683189276], [71.75505128692598, 30.3131259118988], [71.75693480975642, 30.3227717724306], [71.75695050862996, 30.3228795590672], [71.75695575784235, 30.3229883563991], [71.75695575784235, 30.326270387716924], [71.75711558344435, 30.326297968405555], [71.75695575784235, 30.326318813487617], [71.75695575784235, 30.327811286665], [71.7569482822768, 30.32794105797919], [71.75692595448007, 30.328069112450255], [71.75318871218147, 30.344018356336598], [71.75318871218147, 30.347009086187946], [71.75498879991274, 30.35776408956437], [71.75841928375667, 30.36069211076843], [71.76335973546584, 30.36490893498921], [71.76500655270223, 30.363503326915616], [71.76827662751454, 30.36071221964769], [71.76837293883038, 30.36063856615106], [71.76847658653344, 30.36057565461971], [71.76858637758748, 30.360524209196402], [71.76870104824329, 30.360484822043365], [71.77122671074622, 30.359766245723975]], [[72.22709655282327, 30.416180345791215], [72.22691547506506, 30.417072304191933], [72.22617353584765, 30.415542576280433], [72.22709655282327, 30.416180345791215]], [[72.21092445049662, 30.392457727064997], [72.21183017955875, 30.39289112063531], [72.21094335415806, 30.393090512164044], [72.21092445049662, 30.392457727064997]], [[72.12386957195193, 30.526363848464044], [72.1212418978267, 30.52519311987237], [72.12522125797284, 30.52575042129412], [72.12386957195193, 30.526363848464044]], [[72.11732979669291, 30.491106779502115], [72.11620715685285, 30.488814116885365], [72.11667145574118, 30.488498052116633], [72.11732979669291, 30.491106779502115]], [[71.80020052378858, 30.343993474852244], [71.80480746965468, 30.344256357771002], [71.80051264614498, 30.34427775581756], [71.80020052378858, 30.343993474852244]], [[71.78477177325814, 30.303661708950468], [71.78477177325814, 30.30629205468113], [71.78337847738588, 30.302713242889677], [71.78477177325814, 30.303661708950468]]], [[[72.16328802607572, 30.457420914340535], [72.16593666699701, 30.45696877539266], [72.16646639518127, 30.456516636444785], [72.16328802607572, 30.457420914340535]]]]}}, {"type": "Feature", "properties": {"na": "NA-146", "src": "sheet-split: khanewal_na.jpg, outline-fit", "approx": false, "rms_km": 1.174}, "geometry": {"type": "MultiPolygon", "coordinates": [[[[72.15176837401417, 30.213728268745662], [72.15200144320326, 30.21342987139471], [72.15061202940424, 30.208686245422605], [72.15061202940424, 30.211754318894215], [72.15176837401417, 30.213728268745662]]], [[[72.18626322408376, 30.162921561616127], [72.18633678384683, 30.163006300864744], [72.18641838468079, 30.16308332737249], [72.18650722206459, 30.16315188171764], [72.1866024201304, 30.163211288007407], [72.186703040299, 30.16326096054178], [72.1868080905334, 30.163300409588018], [72.18691653511965, 30.163329246209067], [72.19355634993826, 30.164746066653674], [72.19355634993826, 30.16704694446837], [72.19356201136233, 30.1671599225815], [72.19357893891151, 30.167271768743028], [72.19360696298511, 30.1673813623426], [72.19364580280403, 30.167487605338774], [72.19369506922389, 30.167589433260503], [72.19375426863401, 30.1676858258723], [72.193822807903, 30.167775817396215], [72.1939000003214, 30.16785850618813], [72.19398507248209, 30.167933063771557], [72.19407717202907, 30.1679987431383], [72.20161126335083, 30.172821673404197], [72.20170676615503, 30.172876442186876], [72.2018071448896, 30.172921658498222], [72.20191144694579, 30.17295689322887], [72.20201868248189, 30.172981811996113], [72.20212783381713, 30.17299617831723], [72.20223786508947, 30.172999855853742], [72.20234773208615, 30.172992809705296], [72.20245639215341, 30.172975106740864], [72.20971566740158, 30.171426104266306], [72.21485895816858, 30.17288942208672], [72.22959467070535, 30.185466796220382], [72.23073329250681, 30.187410492171026], [72.22814628774188, 30.188514535383494], [72.22804846675578, 30.188561967227795], [72.2279556559215, 30.188618578836298], [72.22786871410432, 30.188683846328967], [72.22778844585797, 30.18875716572479], [72.22771559397944, 30.18883785853098], [72.22765083263516, 30.188925178021712], [72.22759476112225, 30.189018316148253], [72.22754789832275, 30.189116411016617], [72.22751067790189, 30.189218554863448], [72.22748344429492, 30.189323802456425], [72.22746644951985, 30.18943117984136], [72.22745985084516, 30.18953969335512], [72.22746370933457, 30.189648338820902], [72.22747798928188, 30.189756110840836], [72.22750255854139, 30.18986201209986], [72.22753718975083, 30.1899650625948], [72.23085202862995, 30.198453006833297], [72.22723902223032, 30.19948094339947], [72.22579794774633, 30.197020942514637], [72.22573961332546, 30.196931364422618], [72.22567307613608, 30.196847698768632], [72.22559893150806, 30.196770694136536], [72.22551784283755, 30.196701039511836], [72.22543053565127, 30.196639358117142], [72.22533779111504, 30.196586201835974], [72.22524043904443, 30.196542046274885], [72.22513935048009, 30.196507286508055], [72.22503542989435, 30.196482233542433], [72.2249296070985, 30.196467111535064], [72.22482282892356, 30.196462055787467], [72.21540521477137, 30.196462055787467], [72.21529134115087, 30.19646780754687], [72.2151786266592, 30.196485004277452], [72.21506821862624, 30.196513470932302], [72.21496124090432, 30.196552917747034], [72.21485878242834, 30.19660294318933], [72.21476188613138, 30.196663038046164], [72.21467153832874, 30.19673259060713], [72.2112214525747, 30.1996773426314], [72.2022740231184, 30.1996773426314], [72.18537554696817, 30.198074747301632], [72.18525603934418, 30.198069771814943], [72.18513667522052, 30.198077455150568], [72.18501879172491, 30.198097711239086], [72.18490370939888, 30.19813031316997], [72.17566363427206, 30.201284986053366], [72.1645500983495, 30.201284986053366], [72.16444332017456, 30.201290041800963], [72.16433749737871, 30.201305163808332], [72.16423357679297, 30.201330216773954], [72.16413248822863, 30.201364976540784], [72.16403513615802, 30.201409132101873], [72.16394239162179, 30.20146228838304], [72.16385508443551, 30.201523969777735], [72.163773995765, 30.201593624402435], [72.16369985113698, 30.20167062903453], [72.1636333139476, 30.201754294688516], [72.16357497952673, 30.201843872780536], [72.1620188538964, 30.2045002728973], [72.1551324841973, 30.2045002728973], [72.155018715249, 30.204506014060588], [72.15490610223061, 30.204523179218345], [72.15479578932741, 30.20455159396693], [72.15468889735473, 30.204590969603156], [72.15092185169385, 30.206198613025123], [72.15082344581711, 30.20624636431618], [72.15073011711424, 30.20630340514009], [72.15064273985166, 30.206369201160932], [72.15056213254509, 30.20644313602755], [72.15048905029197, 30.206524517147294], [72.15042417769797, 30.206612582173967], [72.15036812246397, 30.206706506149153], [72.15032140969328, 30.20680540923013], [72.15028447697266, 30.20690836493188], [72.1502576702733, 30.20701440880602], [72.15024124070976, 30.207122547475404], [72.1502353421877, 30.207231767939653], [72.15024002996215, 30.207341047064578], [72.1502552601199, 30.20744936116647], [72.15028088999084, 30.207555695601577], [72.15200144320326, 30.21342987139471], [72.14893062871371, 30.21736142027303], [72.14194782438422, 30.21736142027303], [72.14183705387127, 30.217366862079377], [72.14172735013891, 30.217383135090852], [72.14161976969406, 30.21741008258946], [72.1415153485952, 30.217447445056056], [72.14141509247462, 30.21749486266966], [72.14131996685353, 30.21755187877274], [72.1412308878437, 30.217617944269048], [72.14114871332467, 30.21769242291174], [72.14107423468197, 30.217774597430772], [72.14100816918567, 30.217863676440608], [72.14095115308258, 30.217958802061688], [72.14090373546898, 30.218059058182277], [72.14086637300238, 30.21816347928113], [72.14083942550378, 30.218271059725982], [72.1408231524923, 30.21838076345834], [72.14081771068595, 30.218491533971292], [72.14081771068595, 30.222657260189745], [72.13573834679035, 30.22554752015813], [72.13564698362487, 30.225605465979854], [72.13556158010422, 30.22567188273169], [72.1354829189385, 30.225746161714365], [72.1354117210451, 30.225827622172492], [72.13534863894174, 30.225915517533554], [72.13529425076611, 30.226009042250155], [72.13524905497748, 30.226107339182718], [72.13521346578824, 30.22620950745505], [72.1351878093678, 30.22631461071072], [72.13517232085333, 30.22642168569464], [72.13516714219463, 30.226529751081124], [72.13516714219463, 30.231352681347023], [72.13517348319101, 30.23147223002125], [72.1351924350223, 30.231590437135402], [72.13522378501345, 30.231705976184212], [72.13526718135883, 30.231817550603115], [72.13532213707013, 30.231923908318116], [72.13720565990057, 30.23513919516205], [72.13726399432144, 30.235228773254068], [72.13733053151083, 30.235312438908053], [72.13740467613884, 30.23538944354015], [72.13748576480936, 30.23545909816485], [72.13757307199563, 30.235520779559543], [72.13766581653186, 30.235573935840712], [72.13776316860248, 30.2356180914018], [72.13786425716681, 30.23565285116863], [72.13796817775255, 30.235677904134253], [72.1380740005484, 30.23569302614162], [72.13818077872334, 30.23569808188922], [72.14153110784844, 30.23569808188922], [72.14498119360248, 30.238642833913488], [72.14507165673922, 30.238712466320944], [72.14516868329581, 30.238772616953455], [72.14527128320253, 30.238822672027293], [72.15280537452429, 30.242037958871226], [72.15293970565298, 30.242085518361748], [72.1585902741443, 30.243693161783714], [72.15869724564759, 30.24371804773344], [72.15880612764056, 30.243732432607885], [72.15891589177839, 30.24373618054793], [72.15902550138473, 30.243729256155852], [72.15913392124273, 30.243711724829637], [72.15924012737221, 30.24368375214532], [72.15934311670074, 30.243645602293192], [72.16259473565836, 30.242257924972936], [72.16775823490782, 30.245196059645746], [72.1678529577038, 30.24524421119727], [72.16795178423834, 30.24528325343164], [72.16805384081427, 30.245312841187616], [72.16815822517854, 30.245332712888292], [72.16826401449882, 30.24534269285364], [72.16837027352193, 30.24534269285364], [72.1684760628422, 30.245332712888292], [72.16858044720648, 30.245312841187616], [72.1686825037824, 30.24528325343164], [72.16878133031695, 30.24524421119727], [72.16887605311292, 30.245196059645746], [72.17426673133912, 30.242128655577083], [72.18861917860943, 30.242128655577083], [72.19395278719391, 30.24668105102332], [72.19404075696552, 30.246748952530506], [72.19413497030986, 30.246807885892412], [72.1942345162438, 30.246857281260922], [72.19433843222151, 30.24689666101425], [72.1944457134416, 30.246925644375235], [72.19455532256289, 30.24694395109321], [72.19466619973495, 30.246951404153865], [72.19477727284604, 30.246947931490844], [72.19488746788984, 30.246933566682586], [72.1949957193504, 30.246908448627646], [72.20006390382645, 30.24546649930047], [72.2033704013461, 30.248288694445286], [72.20346074914875, 30.24835824700625], [72.2035576454457, 30.248418341863086], [72.20366010392168, 30.24846836730538], [72.2037670816436, 30.248507814120114], [72.20387748967656, 30.248536280774964], [72.20399020416824, 30.248553477505546], [72.20410407778873, 30.24855922926495], [72.20745440691383, 30.24855922926495], [72.21090449266786, 30.25150398128922], [72.21099495580461, 30.251573613696674], [72.2110919823612, 30.251633764329185], [72.21119458226792, 30.251683819403024], [72.21461860775503, 30.253145073804095], [72.21603689696929, 30.255566178862008], [72.21435252993776, 30.259879152723514], [72.21431854996915, 30.259979913818654], [72.21429419089569, 30.260083422620703], [72.21427966838287, 30.26018876270416], [72.21427511100723, 30.260295001430094], [72.2142805591179, 30.260401198203354], [72.21429596447952, 30.260506412800225], [72.21432119069917, 30.26060971369278], [72.21435601443402, 30.260710186296272], [72.21440012736865, 30.260806941066487], [72.21445313894479, 30.260899121375427], [72.21451457981917, 30.260985911095535], [72.21828162548005, 30.265808841361434], [72.21835620224306, 30.265894989858893], [72.21843907484877, 30.26597319080784], [72.2185294008351, 30.266042649237058], [72.21862626197074, 30.26610265904958], [72.21872867358968, 30.26615261020072], [72.22180919239486, 30.267467267956217], [72.22180919239486, 30.26980548802228], [72.2199554729267, 30.27771651479879], [72.21993534044293, 30.277826811405053], [72.21992623612883, 30.27793856009507], [72.21992824959533, 30.278050660961295], [72.21994136102451, 30.27816201062982], [72.21996544136468, 30.27827151312054], [72.22000025360052, 30.278378090634547], [72.22004545508604, 30.278480694162567], [72.2201006009171, 30.278578313810034], [72.22016514831049, 30.278669988737164], [72.2236927152253, 30.28318631552744], [72.2236927152253, 30.285903252656137], [72.22186699245148, 30.295253108660724], [72.22020893472148, 30.29808351300709], [72.21100089372806, 30.30437098509632], [72.2109133552156, 30.304437213714476], [72.21083265489376, 30.304511622578747], [72.21075955412239, 30.304593509685482], [72.21069474256403, 30.30468210247824], [72.21063883167741, 30.30477656513639], [72.21059234894874, 30.304876006460596], [72.21055573291503, 30.304979488280747], [72.21052932902695, 30.305086034307045], [72.21051338638956, 30.305194639340716], [72.21050805541222, 30.305304278757472], [72.21050805541222, 30.308771241669834], [72.20897222831007, 30.312048428304017], [72.20762629938719, 30.323536336729298], [72.21050805541222, 30.310008176500162], [72.2067658095192, 30.327575833726495], [72.20674722679408, 30.327692908969954], [72.20674100975134, 30.327811286665], [72.20674100975134, 30.331026573508932], [72.20674607636444, 30.331133466105303], [72.20676123077367, 30.33123940024337], [72.20678633709618, 30.3313434260589], [72.20682117021478, 30.331444610798737], [72.2068654177964, 30.331542047184385], [72.20691868309267, 30.331634861547172], [72.20698048849741, 30.33172222166205], [72.21064567841131, 30.33641474650974], [72.21232882251971, 30.340724588966147], [72.21055362056491, 30.346785342144546], [72.21052838292546, 30.346889626392677], [72.21051314876826, 30.3469958340351], [72.21050805541222, 30.347103007728595], [72.21050805541222, 30.351536893316997], [72.20698048849741, 30.356053220107274], [72.20691868309267, 30.356140580222153], [72.2068654177964, 30.35623339458494], [72.20682117021478, 30.356330830970588], [72.20678633709618, 30.356432015710425], [72.20676123077367, 30.356536041525956], [72.20674607636444, 30.356641975664022], [72.20674100975134, 30.356748868260393], [72.20674100975134, 30.358487147134323], [72.20520438812471, 30.36504491115548], [72.20517469569842, 30.365148933767266], [72.20513519340594, 30.365249640831717], [72.20508624319916, 30.365346109589343], [72.20502889222935, 30.365436512489193], [72.21002337594565, 30.366502248030443], [72.2118740063056, 30.366897140207563], [72.21198013462578, 30.366925238723194], [72.21208303575939, 30.366963502330243], [72.21218173861098, 30.367011569928568], [72.21227531170503, 30.367068987896086], [72.21236287197635, 30.3671352143697], [72.21244359310384, 30.367209624358953], [72.21251671330852, 30.36729151564415], [72.2125815425426, 30.367380115403353], [72.21263746900162, 30.367474587505605], [72.2126839648981, 30.367574040401657], [72.21272059144239, 30.36767753553766], [72.21274700298356, 30.367784096212468], [72.21276295027144, 30.367892716794916], [72.21276828280875, 30.368002372214157], [72.21276828280875, 30.37191089345082], [72.21895401426684, 30.373230820441872], [72.22609706014654, 30.368658216966196], [72.22619238834412, 30.368603537328212], [72.22629257679368, 30.368558375368156], [72.22639667807154, 30.368523158156325], [72.22650370775267, 30.368498218721335], [72.22661265371987, 30.36848379290087], [72.22672248573467, 30.36848001711149], [72.22683216517984, 30.368486927058637], [72.22694065488086, 30.368504457398966], [72.22704692891398, 30.368532442358287], [72.22714998230767, 30.36857061729917], [72.22724884054614, 30.368618621223483], [72.22734256878472, 30.368676000186127], [72.22743028069017, 30.36874221158774], [72.2275111468222, 30.36881662930575], [72.22758440247698, 30.368898549615224], [72.22764935491854, 30.368987197843612], [72.22770538992957, 30.369081735696355], [72.22775197761966, 30.369181269184157], [72.22778867743622, 30.369284857076916], [72.2278151423305, 30.369391519804392], [72.22783112203945, 30.369500248719426], [72.22783646545227, 30.369610015636123], [72.22783646545227, 30.37925587616792], [72.22783157338917, 30.379360915411787], [72.22781693955365, 30.379465045262894], [72.22779269064027, 30.37956736420168], [72.22775903658761, 30.379666986386823], [72.22595294262183, 30.38429165305391], [72.22595294262183, 30.388595095310507], [72.22956499340721, 30.39476108341649], [72.22961994911851, 30.394867441131492], [72.22966334546389, 30.394979015550394], [72.22969469545504, 30.395094554599204], [72.22971364728633, 30.395212761713356], [72.22971998828271, 30.395332310387584], [72.22971998828271, 30.40176288407545], [72.22971410086856, 30.401878089253685], [72.22969649996801, 30.40199209409147], [72.22966736896754, 30.402103710754872], [72.2296270113875, 30.402211776292727], [72.22957584771976, 30.402315164753592], [72.2295144110464, 30.402412798917208], [72.2242126026741, 30.409954887264007], [72.22577230392426, 30.41394864313653], [72.22932355102706, 30.41697973941651], [72.22940258809656, 30.41705404527365], [72.22947413650911, 30.41713558694042], [72.22953753698998, 30.41722361306033], [72.22959220534257, 30.41731731252663], [72.22963763783152, 30.417415821956165], [72.22967341582428, 30.41751823364492], [72.22969920964859, 30.41762360393194], [72.22971478163015, 30.417730961894616], [72.22971998828271, 30.417839318295112], [72.22971998828271, 30.420533397389246], [72.23497411951838, 30.425017956526343], [72.23505270942488, 30.425091799858397], [72.23512390320305, 30.425172797741336], [72.23518705259471, 30.425260212645235], [72.23524158259019, 30.4253532486097], [72.23528699666413, 30.425451058491507], [72.2353228812966, 30.425552751678314], [72.23534890973845, 30.42565740219817], [72.2353648449865, 30.425764057150985], [72.23537054194165, 30.425871745385223], [72.23536594872999, 30.425979486340747], [72.23535110717522, 30.426086298977374], [72.23532615241781, 30.426191210707763], [72.23529131168442, 30.426293266253364], [72.23524690221896, 30.426391536342752], [72.23519332839383, 30.42648512617314], [72.23513107802796, 30.426573183558062], [72.23136403236708, 30.43139611382396], [72.23128946495699, 30.431482252558506], [72.23120660357519, 30.43156044572729], [72.23111629037007, 30.43162989862656], [72.2310194432254, 30.43168990538291], [72.23091704643163, 30.431739856127283], [72.23081014068217, 30.43177924319329], [72.23069981249647, 30.4318076662768], [72.23058718317736, 30.431824836504358], [72.23047339741488, 30.431830579369105], [72.226706351754, 30.431830579369105], [72.22659247813351, 30.431824827609702], [72.22647976364183, 30.43180763087912], [72.22636935560888, 30.43177916422427], [72.22626237788695, 30.43173971740954], [72.22615991941097, 30.431689691967243], [72.22606302311402, 30.43162959711041], [72.22597267531138, 30.431560044549443], [72.22252258955734, 30.428615292525173], [72.21676262565866, 30.428615292525173], [72.21030593327231, 30.428615292525173], [72.20971896123719, 30.429366789971258], [72.20687823557137, 30.433003757245928], [72.20680365880835, 30.433089905743387], [72.20672078620264, 30.433168106692335], [72.20663046021632, 30.43323756512155], [72.20653359908067, 30.433297574934073], [72.20643118746173, 30.433347526085214], [72.20266414180085, 30.43495516950718], [72.20256115247233, 30.434993319359307], [72.20245494634284, 30.435021292043626], [72.20234652648485, 30.43503882336984], [72.2022369168785, 30.43504574776192], [72.20212715274067, 30.435041999821873], [72.2020182707477, 30.43502761494743], [72.20191129924441, 30.435002728997702], [72.19684311476837, 30.433560779670525], [72.19165309441827, 30.437990618237308], [72.19156277806866, 30.43806014901947], [72.19146591729296, 30.43812022865666], [72.19136349738415, 30.4381702460032], [72.19125656018416, 30.43820969226963], [72.191146193486, 30.438238166198282], [72.19103351996841, 30.43825537814495], [72.19091968577568, 30.43826115302524], [72.19080584885883, 30.43825543209557], [72.19069316719656, 30.43823827355072], [72.19058278701601, 30.43820985193187], [72.19047583113309, 30.438170456351113], [72.18692130687315, 30.436653509635004], [72.1816594402252, 30.436653509635004], [72.17639749193492, 30.438150586711156], [72.1696073711998, 30.443946159112915], [72.17128521538639, 30.44967452115039], [72.17131022105819, 30.44977760246266], [72.17132545217622, 30.44988257414268], [72.17133077456279, 30.449988511448495], [72.17132614133068, 30.45009448113153], [72.17131159329605, 30.45019954965798], [72.17128725861899, 30.450302791432733], [72.17125335167442, 30.45040329695334], [72.16936982884398, 30.45522622721924], [72.16932230819874, 30.455331645726954], [72.16926426392519, 30.455431656405384], [72.16919630372139, 30.455525212186576], [72.16911913910091, 30.45561133358252], [72.1690335779435, 30.45568911893997], [72.16894051603693, 30.45575775388033], [72.16884092769855, 30.455816519825873], [72.16873585557465, 30.455864801522917], [72.16862639972425, 30.455902093483264], [72.16646639518127, 30.456516636444785], [72.16925119184012, 30.454139728685686], [72.16593666699701, 30.45696877539266], [72.16328802607572, 30.457420914340535], [72.15732526274161, 30.459117380327196], [72.15722365494122, 30.45914127706612], [72.15712027573338, 30.459155697142936], [72.15701600702774, 30.459160517542532], [72.14206705553678, 30.459160517542532], [72.13505143122266, 30.460657529165818], [72.13163917810076, 30.465026220267042], [72.1298932782694, 30.469496754418124], [72.1298932782694, 30.47233709397448], [72.13173123594716, 30.47861210274578], [72.13175624161896, 30.478715184058053], [72.13177147273699, 30.478820155738074], [72.13177679512356, 30.47892609304389], [72.13177216189145, 30.479032062726922], [72.13175761385682, 30.479137131253374], [72.13173327917976, 30.479240373028126], [72.13169937223519, 30.479340878548733], [72.13063382705386, 30.482069303190954], [72.13136198863849, 30.478961764055352], [72.12958531017324, 30.48654400675893], [72.12800975543897, 30.48923357352559], [72.12800975543897, 30.49179091570556], [72.12800431363262, 30.49190168621851], [72.12798804062113, 30.49201138995087], [72.12796109312254, 30.492118970395722], [72.12792373065594, 30.492223391494576], [72.12787631304234, 30.492323647615166], [72.12781929693925, 30.492418773236245], [72.12775323144295, 30.49250785224608], [72.12767875280025, 30.492590026765114], [72.12759657828121, 30.492664505407806], [72.12750749927139, 30.492730570904115], [72.1274123736503, 30.492787587007193], [72.12731211752971, 30.492835004620797], [72.12720769643086, 30.492872367087394], [72.12710011598601, 30.492899314586], [72.12699041225365, 30.492915587597476], [72.1268796417407, 30.492921029403824], [72.11557850475806, 30.492921029403824], [72.11547141452314, 30.492915943995246], [72.11536528808081, 30.492900733537255], [72.11526108054969, 30.492875534921204], [72.11515972977854, 30.49284057493004], [72.11506214790582, 30.4927961681973], [72.1149692131506, 30.49274271437549], [72.10743512182884, 30.48791978410959], [72.1073482136839, 30.487858189279113], [72.10726749095167, 30.48778868539938], [72.10719367081626, 30.487711889980215], [72.10712740913543, 30.48762848531338], [72.10706929461354, 30.487539212410756], [72.10636493526424, 30.48633682860493], [72.10556418786558, 30.488387214616658], [72.1089350483885, 30.49270291097441], [72.10899685379324, 30.492790271089287], [72.10905011908952, 30.492883085452075], [72.10909436667113, 30.492980521837723], [72.10912919978973, 30.49308170657756], [72.10915430611225, 30.49318573239309], [72.10916946052147, 30.493291666531157], [72.10917452713457, 30.493398559127527], [72.10917452713457, 30.49609263822166], [72.1125451355398, 30.498969553936792], [72.1126241726093, 30.499043859793932], [72.11269572102185, 30.499125401460702], [72.11275912150272, 30.49921342758061], [72.11281378985531, 30.49930712704691], [72.11285922234426, 30.499405636476446], [72.11289500033702, 30.4995080481652], [72.11292079416133, 30.49961341845222], [72.11293636614289, 30.499720776414897], [72.11294157279545, 30.499829132815393], [72.11294157279545, 30.501006565488687], [72.11274550692693, 30.500504521130043], [72.11294157279545, 30.50100656548869], [72.11294157279545, 30.50238721561188], [72.11363481981573, 30.50278168707565], [72.11802093669105, 30.505277475580264], [72.11812053761788, 30.505341272231142], [72.11821292503002, 30.50541512968418], [72.11829708688826, 30.505498238882875], [72.11837210125859, 30.505589689424347], [72.11843714641127, 30.505688479532164], [72.12220419207215, 30.51211905322003], [72.12225914778345, 30.51222541093503], [72.12230254412883, 30.512336985353933], [72.12233389411998, 30.512452524402743], [72.12235284595127, 30.512570731516895], [72.12235918694765, 30.512690280191123], [72.12235918694765, 30.51556219228012], [72.129702251171, 30.526530363323065], [72.12976497569257, 30.52663606864849], [72.12981584940475, 30.526747960769917], [72.13169937223519, 30.531570891035816], [72.13173302628785, 30.53167051322096], [72.13175727520122, 30.531772832159746], [72.13177190903674, 30.531876962010852], [72.13177680109985, 30.53198200125472], [72.13177680109985, 30.535035187431166], [72.13352008006383, 30.540986951675947], [72.14268150082684, 30.548806500017747], [72.14279676158596, 30.548920114689093], [72.14844733007727, 30.555350688376958], [72.1485090373251, 30.555427411478565], [72.14856383235562, 30.55550921443318], [72.14861129924896, 30.55559547631811], [72.14865107770915, 30.55568554236531], [72.15043139070667, 30.56024419453546], [72.15586616063992, 30.56488293423741], [72.15594704769417, 30.56495915924926], [72.15602005609527, 30.565042961047244], [72.1560844796885, 30.565133529080313], [72.15613969535342, 30.56522998735277], [72.1561851690309, 30.565331402897108], [72.15796548202843, 30.56989005506726], [72.15987828053193, 30.571522686157255], [72.16343564, 30.570882666], [72.173413157, 30.568898359], [72.174696458, 30.568644052], [72.175110455, 30.568549729], [72.17602246, 30.568341943], [72.178028876, 30.567884835], [72.17952184, 30.567599013], [72.180284392, 30.567453427], [72.182871133, 30.566919883], [72.183473733, 30.566798149], [72.184094769, 30.566674292], [72.190203123, 30.565455974], [72.191126362, 30.565271823], [72.192541527, 30.564989573], [72.193767345, 30.564828263], [72.195643783, 30.564581335], [72.199187432, 30.564115012], [72.200071842, 30.564000385], [72.200518282, 30.563950406], [72.202297634, 30.563758189], [72.208525709, 30.563085391], [72.211679163, 30.562748038], [72.213464469, 30.562681098], [72.224379426, 30.562268617], [72.225684646, 30.562219292], [72.228089134, 30.562562383], [72.229233664, 30.562904666], [72.230882424, 30.563397739], [72.23237855900001, 30.564249496], [72.233127495, 30.564675868], [72.234242659, 30.565310739], [72.236570596, 30.566671117], [72.23751519800001, 30.567175006], [72.23871807, 30.567581499], [72.239571567, 30.567632372], [72.240669571, 30.567697826], [72.242617322, 30.567087597], [72.24343463400001, 30.566018289], [72.243815679, 30.565481738], [72.244728241, 30.563886376], [72.245100217, 30.56323608], [72.246539471, 30.559741795], [72.246897426, 30.55887113], [72.247756359, 30.558010354], [72.249213665, 30.556549944], [72.250537093, 30.555223768], [72.250869165, 30.554915883], [72.251326937, 30.554506939], [72.251784404, 30.554098266], [72.252700413, 30.553279962], [72.253603868, 30.552743976], [72.255488641, 30.551552621], [72.256061262, 30.551287231], [72.25769691900001, 30.550638176], [72.260029718, 30.549713896], [72.26072448100001, 30.54943696], [72.261544666, 30.549231539], [72.26358007200001, 30.548717821], [72.264800522, 30.548409213], [72.265896728, 30.548378531], [72.268563711, 30.548303884], [72.269820592, 30.548268704], [72.271148698, 30.548541689], [72.274017381, 30.54913133], [72.27498314200001, 30.549329837], [72.275982571, 30.549654688], [72.280960882, 30.551272823], [72.28266954300001, 30.551828202], [72.28636634, 30.554137568], [72.287840911, 30.555058722], [72.288409132, 30.555298765], [72.288961669, 30.555532204], [72.290100252, 30.555702527], [72.291337973, 30.55588768], [72.29384425500001, 30.556007878], [72.295938307, 30.556108305], [72.297552182, 30.55669022], [72.297953661, 30.556834982], [72.298757162, 30.557124701], [72.299569097, 30.557417462], [72.300304063, 30.557850355], [72.300672281, 30.558067234], [72.302517189, 30.559153878], [72.303628388, 30.55980837], [72.306768719, 30.562186403], [72.307463302, 30.56271238], [72.308531306, 30.563521131], [72.311050213, 30.564351932], [72.311958356, 30.564415178], [72.31272057400001, 30.564468259], [72.314538487, 30.56481964], [72.314946552, 30.565122013], [72.316641393, 30.566377886], [72.31705529700001, 30.566704388], [72.317658789, 30.567180443], [72.31857389000001, 30.567848333], [72.319904906, 30.568270771], [72.321392942, 30.568281498], [72.321984127, 30.56787177], [72.322081275, 30.566831768], [72.32137144, 30.56514974], [72.319692203, 30.563830683], [72.31835006300001, 30.56314477], [72.31759210300001, 30.56275741], [72.316923881, 30.562500393], [72.316186893, 30.562216924], [72.314798232, 30.561682803], [72.312967151, 30.5608398], [72.311578495, 30.559891282], [72.311183363, 30.559578636], [72.310787919, 30.559265552], [72.310447138, 30.558995792], [72.309760534, 30.558452283], [72.309200137, 30.557803251], [72.30835918400001, 30.55682929], [72.307757685, 30.556121378], [72.307509517, 30.555750382], [72.307228994, 30.55533111], [72.306942031, 30.554699504], [72.306519283, 30.553769037], [72.30538959, 30.551601679], [72.30404372800001, 30.549777853], [72.30370666200001, 30.549321084], [72.302842304, 30.548381047], [72.302100851, 30.547588777], [72.301216241, 30.546754964], [72.299398398, 30.545050372], [72.298502012, 30.544209461], [72.297811504, 30.543561592], [72.297445496, 30.542840898], [72.296345202, 30.540674349], [72.295981194, 30.539957593], [72.29570059800001, 30.538774139], [72.295549218, 30.538139361], [72.295368248, 30.537373391], [72.294981402, 30.535740931], [72.295028629, 30.535236992], [72.295251104, 30.532945848], [72.29562104700001, 30.532106996], [72.297566201, 30.52770115], [72.29790622, 30.526932445], [72.298821748, 30.526027045], [72.299167746, 30.525691614], [72.300692394, 30.525082301], [72.301463766, 30.525080042], [72.302369087, 30.525077977], [72.302750642, 30.525546048], [72.304333285, 30.527478592], [72.304421397, 30.529072412], [72.304632606, 30.532753337], [72.304683644, 30.533642826], [72.30473451600001, 30.534529412], [72.30480098000001, 30.535670579], [72.305930556, 30.538439484], [72.30800815100001, 30.539974003], [72.30915677, 30.540399747], [72.309775449, 30.540624322], [72.311917621, 30.541401557], [72.31362077300001, 30.542019342], [72.314758667, 30.542845412], [72.315352773, 30.543276586], [72.315756523, 30.543569676], [72.31650929, 30.544119782], [72.32247068800001, 30.548682754], [72.32298259, 30.549074573], [72.323774905, 30.549844401], [72.32408077, 30.550158514], [72.324698604, 30.550793009], [72.325251818, 30.55136114], [72.325741699, 30.553010139], [72.325863301, 30.553419467], [72.325985356, 30.55383032], [72.326148985, 30.554430185], [72.326841576, 30.557641901], [72.327222119, 30.55893702], [72.327602271, 30.560230808], [72.328109818, 30.561958163], [72.32881235500001, 30.563383154], [72.329233396, 30.564237171], [72.329804938, 30.565396458], [72.331275817, 30.568379766], [72.33182763500001, 30.569498989], [72.332606002, 30.570467898], [72.333121446, 30.571109522], [72.334422669, 30.572729605], [72.335202484, 30.573699994], [72.336275209, 30.574489716], [72.338555208, 30.576167625], [72.339267898, 30.576692569], [72.34017303, 30.57704851], [72.34208982, 30.577802286], [72.342901577, 30.578121507], [72.343830963, 30.578278127], [72.345199443, 30.578508742], [72.346187767, 30.578675326], [72.346896655, 30.578732664], [72.351514297, 30.579004919], [72.352756217, 30.578770582], [72.354478354, 30.57842814], [72.354761506, 30.577994718], [72.355031947, 30.577580664], [72.354759645, 30.575556782], [72.354448217, 30.57324207], [72.354262519, 30.571873675], [72.354041853, 30.570251], [72.353864759, 30.568947485], [72.353711942, 30.567822684], [72.353843342, 30.564904223], [72.354214027, 30.564075247], [72.35506568400001, 30.562179415], [72.355755001, 30.560644741], [72.357722597, 30.562980663], [72.35806312000001, 30.564646951], [72.35873207600001, 30.56792037], [72.358837135, 30.568344709], [72.35998059900001, 30.572963246], [72.360311655, 30.574300405], [72.360730625, 30.574719188], [72.361176642, 30.57514164], [72.36282778, 30.575250532], [72.36470857, 30.573972599], [72.365259971, 30.573503295], [72.369763125, 30.569670777], [72.370535239, 30.569099607], [72.374334143, 30.566289373], [72.375172752, 30.565669011], [72.377401637, 30.564930959], [72.378855041, 30.564990443], [72.380050341, 30.565039363], [72.380975745, 30.565512645], [72.382753555, 30.566421874], [72.38355128900001, 30.56682986], [72.384352856, 30.567624742], [72.38517216000001, 30.568437214], [72.387180316, 30.570428417], [72.387900666, 30.571142968], [72.388790921, 30.572360581], [72.391014009, 30.575401128], [72.391737667, 30.576381118], [72.393468884, 30.578714841], [72.39518125, 30.581027029], [72.395537265, 30.581347972], [72.39595889200001, 30.581724204], [72.397455625, 30.583060137], [72.400314625, 30.584349915], [72.405218312, 30.586562606], [72.41176737900001, 30.589517743], [72.41257039, 30.589880047], [72.413402561, 30.590089156], [72.41420946, 30.590291949], [72.416324673, 30.590817031], [72.41794606900001, 30.589865005], [72.418981738, 30.589242379], [72.42143210200001, 30.588643917], [72.422743751, 30.588950233], [72.423319891, 30.589097786], [72.424702517, 30.589452286], [72.425498012, 30.590219751], [72.428031253, 30.592682519], [72.42858327, 30.593218172], [72.429437361, 30.594471994], [72.430050384, 30.595371923], [72.431614916, 30.595719635], [72.432723738, 30.595966067], [72.434401215, 30.596348498], [72.440584315, 30.598365566], [72.44179262, 30.598759368], [72.442966305, 30.598921154], [72.443742448, 30.599028142], [72.444683474, 30.599157788], [72.44529766, 30.599230457], [72.447562863, 30.599367515], [72.448773196, 30.59944072], [72.450204916, 30.59921759], [72.451753549, 30.59897624], [72.452837912, 30.59874738], [72.45547754600001, 30.598447574], [72.457581828, 30.598208794], [72.460986771, 30.598383532], [72.463422875, 30.598515994], [72.465028843, 30.598830816], [72.465789908, 30.598980893], [72.466400887, 30.598997562], [72.468241497, 30.599048177], [72.469420704, 30.59908054], [72.470270165, 30.598558576], [72.47083734, 30.598210209], [72.471755188, 30.597646316], [72.472190439, 30.597378912], [72.472839632, 30.596679415], [72.473990568, 30.595439229], [72.474573737, 30.594927767], [72.475790974, 30.5938604], [72.476061075, 30.593386509], [72.476615834, 30.592414468], [72.476766511, 30.58919596], [72.476803947, 30.588553543], [72.477002827, 30.586565999], [72.47705795200001, 30.586011733], [72.47718146400001, 30.585394345], [72.477304707, 30.584844596], [72.477500767, 30.583970034], [72.477871128, 30.583147628], [72.478049818, 30.582750838], [72.478590642, 30.581549912], [72.48013395800001, 30.580336476], [72.480928808, 30.58003287], [72.482702097, 30.579352994], [72.483336526, 30.579110576], [72.484197777, 30.578986382], [72.490441484, 30.578090317], [72.492045446, 30.577860688], [72.493471467, 30.577923055], [72.497224372, 30.578091091], [72.496488076, 30.572938949], [72.496409306, 30.572376818], [72.496255512, 30.571279164], [72.49467509, 30.566405416], [72.494317996, 30.565309785], [72.494555898, 30.562718293], [72.49562824, 30.56060879], [72.496169382, 30.56005957], [72.496468088, 30.559748701], [72.497088496, 30.559103031], [72.498108656, 30.55804128], [72.498692946, 30.557350833], [72.499278569, 30.556664231], [72.499568298, 30.556319698], [72.50044518300001, 30.555268316], [72.500782024, 30.554581922], [72.501700685, 30.552708858], [72.501463074, 30.551555136], [72.501298247, 30.550751724], [72.500938281, 30.549463739], [72.500541912, 30.549048268], [72.499958663, 30.548437175], [72.499145611, 30.547585412], [72.497527, 30.546791677], [72.495684498, 30.54592128], [72.493888945, 30.545072325], [72.492737893, 30.544529304], [72.490509279, 30.54389267], [72.489278439, 30.543629256], [72.487221184, 30.543188979], [72.48601124000001, 30.542929981], [72.484817888, 30.542674535], [72.48335685900001, 30.542398624], [72.482041899, 30.542150663], [72.481207361, 30.541949076], [72.480109845, 30.541683968], [72.47933394200001, 30.541429401], [72.478171157, 30.540572473], [72.477741326, 30.539633582], [72.477285038, 30.539026756], [72.47721727400001, 30.538394172], [72.476693786, 30.537173836], [72.476947115, 30.53576034], [72.476908731, 30.535171621], [72.477190975, 30.534369958], [72.47730739900001, 30.533841201], [72.477539479, 30.532579731], [72.478484179, 30.530390833], [72.478708971, 30.529869894], [72.47930066900001, 30.528498868], [72.479325693, 30.526748279], [72.479332086, 30.526314363], [72.47935047300001, 30.525066289], [72.47937579900001, 30.523245398], [72.479032956, 30.521129231], [72.478833965, 30.519866062], [72.478928764, 30.519313671], [72.478777519, 30.518157982], [72.47922827500001, 30.51759854], [72.479309551, 30.517128], [72.480143158, 30.516274652], [72.480977568, 30.515363376], [72.481569147, 30.513977233], [72.481390747, 30.511311932], [72.481187904, 30.509691595], [72.481586401, 30.507493986], [72.481800025, 30.507058168], [72.48228138200001, 30.50607019], [72.483074515, 30.504442298], [72.48323451600001, 30.503198176], [72.48323392600001, 30.502512003], [72.482826266, 30.501294183], [72.482341645, 30.499866159], [72.481985289, 30.498822489], [72.480028383, 30.496134446], [72.479075087, 30.494824574], [72.478266964, 30.49326558], [72.47766114, 30.492096956], [72.476043809, 30.488977063], [72.475675748, 30.48826717], [72.474744047, 30.486471661], [72.47444471300001, 30.486002553], [72.473964593, 30.48525265], [72.472998061, 30.483757686], [72.469863397, 30.478893416], [72.46938372000001, 30.478148984], [72.468376035, 30.476586586], [72.467919275, 30.476051588], [72.467189896, 30.475216913], [72.461293898, 30.468512293], [72.460764662, 30.467909175], [72.455986768, 30.463444666], [72.455531225, 30.462997635], [72.452143679, 30.45984387], [72.451143684, 30.458892261], [72.450026448, 30.4574532], [72.44767879, 30.454434613], [72.44385298600001, 30.449512933], [72.443024132, 30.448446659], [72.441940145, 30.447052172], [72.441176467, 30.445786428], [72.44067614100001, 30.444957173], [72.439356704, 30.442079141], [72.439005142, 30.441312293], [72.438877483, 30.440708378], [72.438750162, 30.440106058], [72.438020933, 30.436656281], [72.43775868, 30.435083572], [72.438536631, 30.429868759], [72.438690049, 30.428840061], [72.437707861, 30.424644478], [72.437430616, 30.423460022], [72.437492563, 30.42261526], [72.437523706, 30.422190559], [72.437646609, 30.420514551], [72.437732184, 30.419879249], [72.43788850300001, 30.418504001], [72.438006012, 30.417278242], [72.43880232, 30.414756494], [72.439489772, 30.412577409], [72.43975273400001, 30.411323729], [72.43992727700001, 30.410491587], [72.440014388, 30.41007628], [72.440364277, 30.408408172], [72.440196248, 30.406719626], [72.439691767, 30.401650039], [72.439621467, 30.400958021], [72.439563528, 30.400498748], [72.439421099, 30.399371333], [72.439315569, 30.398563086], [72.438528595, 30.392632897], [72.438477887, 30.392036628], [72.438250983, 30.390266855], [72.438175512, 30.38967918], [72.438200318, 30.388750028], [72.43844726600001, 30.384257221], [72.438389909, 30.383504104], [72.43873139, 30.379840981], [72.438909853, 30.377948728], [72.439033819, 30.376560986], [72.438822517, 30.37611492], [72.438248184, 30.374912838], [72.433840662, 30.36568726], [72.433457628, 30.364885514], [72.433258205, 30.364468103], [72.432816933, 30.363546741], [72.431846117, 30.362024011], [72.429434565, 30.358255135], [72.428952124, 30.357501155], [72.428472016, 30.356751065], [72.425643279, 30.352789653], [72.42515844, 30.352368383], [72.424305225, 30.351600113], [72.42341326200001, 30.348398058], [72.423262338, 30.34706471], [72.422794247, 30.342448947], [72.422102307, 30.340840783], [72.420900544, 30.338052693], [72.420049516, 30.336082192], [72.419700917, 30.335273483], [72.419079334, 30.334395889], [72.418471748, 30.333548592], [72.41764917200001, 30.332397797], [72.416666907, 30.331749668], [72.413300136, 30.329522424], [72.411599214, 30.328461594], [72.410531214, 30.328101478], [72.40944455, 30.327736472], [72.408297348, 30.327351281], [72.40773350500001, 30.327046635], [72.406066074, 30.326145564], [72.40566727, 30.325889992], [72.40407324200001, 30.324462918], [72.403126861, 30.323594053], [72.402923351, 30.32221953], [72.402616298, 30.320048559], [72.402556512, 30.319483715], [72.402588426, 30.318965626], [72.402929885, 30.313690048], [72.403269034, 30.308535437], [72.402253086, 30.304924604], [72.401942777, 30.304087879], [72.401356313, 30.303426397], [72.399495126, 30.301461376], [72.397354559, 30.300422279], [72.396427391, 30.299961387], [72.395534896, 30.298823525], [72.395269454, 30.298485499], [72.394478055, 30.297480863], [72.39424177, 30.296569956], [72.393593834, 30.29409365], [72.393366184, 30.293221152], [72.393414026, 30.292508861], [72.39370060600001, 30.288843042], [72.39379936200001, 30.287597835], [72.39497440400001, 30.285892172], [72.39601459900001, 30.285048301], [72.39837248900001, 30.283131659], [72.399045952, 30.282584226], [72.399381421, 30.282311535], [72.40038118000001, 30.281501014], [72.402082185, 30.278971333], [72.402150835, 30.27745851], [72.40225150900001, 30.275239988], [72.402302642, 30.271903607], [72.402339133, 30.269595571], [72.40244980700001, 30.262590129], [72.401230009, 30.259250038], [72.401055103, 30.257632526], [72.400931624, 30.256490605], [72.40071429000001, 30.254442084], [72.40067358200001, 30.250938271], [72.400660017, 30.249630039], [72.400449896, 30.248560034], [72.400360014, 30.248130044], [72.398742991, 30.244170662], [72.39793264100001, 30.242188205], [72.39794000900001, 30.241524985], [72.397739389, 30.24069804], [72.397933795, 30.239601861], [72.397966066, 30.238840699], [72.398145298, 30.237767246], [72.398863588, 30.234278007], [72.399442038, 30.231468789], [72.39937492700001, 30.229801246], [72.399274823, 30.227301806], [72.399219247, 30.22592007], [72.399157785, 30.224380131], [72.398821815, 30.217998082], [72.39250233700001, 30.218060428], [72.390547855, 30.217755897], [72.388960904, 30.217501254], [72.387864354, 30.216371478], [72.38731184800001, 30.215802444], [72.383622347, 30.211997565], [72.38252302100001, 30.211205704], [72.381631823, 30.210560309], [72.380222669, 30.209539815], [72.37916131300001, 30.208797558], [72.372732963, 30.205918028], [72.371542147, 30.20538793], [72.370734929, 30.205025303], [72.369111343, 30.204436439], [72.367100402, 30.203707917], [72.3642, 30.202657233], [72.362858156, 30.202174591], [72.36145123, 30.201833147], [72.355539925, 30.200444183], [72.354214729, 30.200133066], [72.35294654, 30.20022778], [72.351757716, 30.200333457], [72.35055977600001, 30.200438423], [72.349412349, 30.200884449], [72.348841116, 30.201105705], [72.34666686300001, 30.201948726], [72.346080921, 30.202599271], [72.345589352, 30.203182082], [72.342977922, 30.204386152], [72.340052699, 30.20490767], [72.337897437, 30.205305691], [72.33642275000001, 30.206072751], [72.334116766, 30.207286332], [72.333352305, 30.207690781], [72.332646367, 30.208221111], [72.331285112, 30.209248919], [72.329888996, 30.210305779], [72.326307983, 30.214225706], [72.32561875600001, 30.21498069], [72.323831904, 30.215999747], [72.322428488, 30.215989105], [72.321064999, 30.214666212], [72.31777033, 30.21148356], [72.315695206, 30.210708939], [72.313511036, 30.210625567], [72.310967265, 30.21055935], [72.309736021, 30.210439223], [72.307699588, 30.210241335], [72.3066179, 30.209581443], [72.304351119, 30.20820181], [72.30304859600001, 30.20740941], [72.302415374, 30.206261666], [72.302000985, 30.205510567], [72.299325484, 30.202505183], [72.29745834500001, 30.202293581], [72.296755077, 30.202215632], [72.29611932, 30.202149679], [72.294377735, 30.201919298], [72.293559674, 30.201811082], [72.29301349500001, 30.201626902], [72.29174397700001, 30.201199151], [72.29110881000001, 30.200984849], [72.290249587, 30.200688673], [72.289668831, 30.200142708], [72.287693055, 30.198280069], [72.286940217, 30.197570134], [72.28673441, 30.196578705], [72.286276031, 30.194367322], [72.28608735200001, 30.193470071], [72.28639940500001, 30.192583992], [72.287211843, 30.1902576], [72.287493029, 30.189463583], [72.287950422, 30.188659762], [72.28817412100001, 30.188288257], [72.28840231, 30.187856156], [72.28910891400001, 30.186582468], [72.288408808, 30.18459372], [72.285656137, 30.182965712], [72.283827984, 30.183081719], [72.282072997, 30.183198975], [72.278304733, 30.180704628], [72.27685055900001, 30.179689555], [72.275061227, 30.179118622], [72.274379515, 30.179087793], [72.27376652800001, 30.179058684], [72.271886972, 30.178978966], [72.270464806, 30.180027287], [72.267964208, 30.18186902], [72.266764548, 30.182432373], [72.265296079, 30.183116637], [72.26415085900001, 30.183649409], [72.263336174, 30.183654787], [72.261758394, 30.183647644], [72.259511874, 30.18295926], [72.258411118, 30.182114067], [72.256860085, 30.180919574], [72.255052803, 30.180264452], [72.252938391, 30.179497513], [72.251760103, 30.179067505], [72.25032118300001, 30.178993736], [72.24885652, 30.178916047], [72.247609898, 30.17884863], [72.243416998, 30.179369858], [72.241979986, 30.17953252], [72.24084991, 30.179660855], [72.23913426300001, 30.17926461], [72.237579683, 30.176830169], [72.237459541, 30.174948194], [72.23747186700001, 30.17440552], [72.23751035, 30.172639946], [72.236369479, 30.170800034], [72.235067793, 30.170133562], [72.233569446, 30.169366843], [72.232969896, 30.169060047], [72.231804194, 30.168713532], [72.23101242300001, 30.168478171], [72.22989362, 30.168145597], [72.228641277, 30.167773327], [72.22752079700001, 30.167440255], [72.226039565, 30.166999503], [72.22350166800001, 30.165283636], [72.222250094, 30.16324916], [72.221240395, 30.161599759], [72.219560012, 30.159770044], [72.218899745, 30.159060133], [72.217205416, 30.15873072], [72.210410542, 30.157408904], [72.206016682, 30.155811164], [72.204420947, 30.155229804], [72.203084175, 30.155175743], [72.201313602, 30.15510377], [72.20075923, 30.155084486], [72.200087596, 30.155147001], [72.19683957, 30.155485597], [72.195551358, 30.155618151], [72.194343149, 30.156098277], [72.188487771, 30.15841878], [72.187434847, 30.158839651], [72.18651226979809, 30.158386611459548], [72.18603171428131, 30.162078128826103], [72.18602277106538, 30.16218998497429], [72.18602496484326, 30.162302176624326], [72.18603827398601, 30.16241359765339], [72.18606256727578, 30.162523149536398], [72.18609760519955, 30.162629752176596], [72.1861430423105, 30.16273235455448], [72.1861984306339, 30.16282994509003], [72.18626322408376, 30.162921561616127]], [[72.28154335164174, 30.25809381701565], [72.27877871127771, 30.256064492490264], [72.27559905994941, 30.251183488265063], [72.28154335164174, 30.25809381701565]], [[72.22573503233501, 30.47426589196362], [72.22469802932314, 30.474208577200848], [72.22604032282301, 30.473991926450314], [72.22573503233501, 30.47426589196362]]]]}}, {"type": "Feature", "properties": {"na": "NA-147", "src": "sheet-split: khanewal_na.jpg, outline-fit", "approx": false, "rms_km": 1.174}, "geometry": {"type": "MultiPolygon", "coordinates": [[[[71.97266660683977, 30.29937611648498], [71.97277207179783, 30.29940400462296], [71.97287435648721, 30.299441931499167], [71.97664140214809, 30.301049574921134], [71.97674400205482, 30.301099629994972], [71.9768410286114, 30.301159780627483], [71.97693149174815, 30.30122941303494], [71.98038157750219, 30.30417416505921], [71.9893824751186, 30.30417416505921], [71.98947789906452, 30.304178200944197], [71.98957264145058, 30.3041902797731], [71.99330109381434, 30.30482674903377], [71.99649984990458, 30.30482674903377], [71.99729953892715, 30.30550930768183], [71.99899025560278, 30.305797923195065], [71.99909215354921, 30.305820200865053], [71.9991915635405, 30.30585177838393], [71.99928763875076, 30.305892386757986], [71.99937956076144, 30.30594168006402], [71.99946654653316, 30.305999238396055], [71.99954785507595, 30.306064571442345], [71.99962279376143, 30.306137122662086], [71.999690724223, 30.30621627402632], [72.00327853269927, 30.31080972779518], [72.00633418059256, 30.312113771514777], [72.00965763941088, 30.31069543545293], [72.0097645952938, 30.310656039872175], [72.00987497547435, 30.310627618253324], [72.00998765713662, 30.310610459708474], [72.01010149405347, 30.310604738778803], [72.0102153282462, 30.310610513659093], [72.0103280017638, 30.310627725605762], [72.01043836846195, 30.310656199534414], [72.01054530566194, 30.310695645800845], [72.01064772557075, 30.310745663147383], [72.01074458634645, 30.310805742784574], [72.01083490269606, 30.310875273566737], [72.01642644507368, 30.31564782326815], [72.02346635543849, 30.32015440479439], [72.02862719884396, 30.31868609307224], [72.02872880664435, 30.318662196333317], [72.0288321858522, 30.3186477762565], [72.02893645455784, 30.318642955856905], [72.03793735217425, 30.318642955856905], [72.0413874379283, 30.315698203832635], [72.04148374924414, 30.315624550336004], [72.0415873969472, 30.315561638804652], [72.04169718800124, 30.315510193381346], [72.04181185865704, 30.31547080622831], [72.04433752115997, 30.31475222990892], [72.04455592419362, 30.314472609565566], [72.04532033481136, 30.314472609565566], [72.04746242714836, 30.313863162806342], [72.04757108825468, 30.313837970788356], [72.04768170352392, 30.313823613350962], [72.04779319535854, 30.313820230362186], [72.0479044776216, 30.313827854778598], [72.04801446621781, 30.313846412324274], [72.04812208965457, 30.313875722214345], [72.04822629948033, 30.313915498916217], [72.04832608049843, 30.313965354931156], [72.04842046065697, 30.31402480456926], [72.04850852051847, 30.31409326868097], [72.04858940221678, 30.314170080299068], [72.04866231781443, 30.31425449113615], [72.05235915642835, 30.31898753566077], [72.05585203078678, 30.321968809046652], [72.06111397907706, 30.323465886122804], [72.07414100248839, 30.323465886122804], [72.07425772200233, 30.323471929749378], [72.0743731931301, 30.323489995988837], [72.07448618083777, 30.323519891611767], [72.07459547665312, 30.323561296866302], [72.07469991159094, 30.323613768898074], [72.08023197225279, 30.326761622409315], [72.0912503443641, 30.32989645981067], [72.0986267992841, 30.32989645981067], [72.09874351879805, 30.329902503437243], [72.09885898992582, 30.329920569676702], [72.09897197763348, 30.329950465299632], [72.09908127344883, 30.329991870554167], [72.09918570838666, 30.33004434258594], [72.10457638661285, 30.333111746654602], [72.10992793626674, 30.333111746654602], [72.11004170521504, 30.33311748781789], [72.11015431823343, 30.333134652975648], [72.11026463113663, 30.333163067724232], [72.11037152310931, 30.33320244336046], [72.11413856877019, 30.334810086782426], [72.11424116867691, 30.334860141856264], [72.1143381952335, 30.334920292488775], [72.11442865837024, 30.33498992489623], [72.11766281679849, 30.337750376449417], [72.12078548640682, 30.336417730204392], [72.12089244228974, 30.336378334623635], [72.12100282247029, 30.336349913004785], [72.12111550413256, 30.336332754459935], [72.12122934104941, 30.336327033530264], [72.12134317524215, 30.336332808410553], [72.12145584875974, 30.336350020357223], [72.12156621545789, 30.336378494285874], [72.12167315265788, 30.336417940552305], [72.12177557256669, 30.336467957898844], [72.12187243334239, 30.336528037536034], [72.121962749692, 30.336597568318197], [72.12748200937064, 30.341308422560623], [72.1308777528432, 30.3427576071864], [72.13441373306246, 30.3427576071864], [72.13452760668295, 30.342763358945803], [72.13464032117463, 30.342780555676384], [72.13475072920758, 30.342809022331235], [72.13485770692951, 30.342848469145967], [72.13496016540549, 30.342898494588262], [72.13505706170244, 30.342958589445097], [72.13514740950508, 30.343028142006062], [72.13878314635328, 30.34613135282652], [72.14229072411489, 30.347628264418024], [72.14960114685854, 30.349188180874265], [72.15701600702774, 30.349188180874265], [72.15712988064823, 30.349193932633668], [72.1572425951399, 30.34921112936425], [72.15735300317286, 30.3492395960191], [72.15745998089479, 30.34927904283383], [72.15756243937076, 30.349329068276127], [72.15765933566772, 30.34938916313296], [72.15774968347036, 30.349458715693928], [72.16138542031855, 30.352561926514387], [72.16478116379112, 30.354011111140164], [72.17961828099301, 30.354011111140164], [72.17972505916795, 30.35401616688776], [72.1798308819638, 30.35403128889513], [72.17993480254954, 30.35405634186075], [72.18003589111387, 30.35409110162758], [72.18013324318449, 30.35413525718867], [72.18022598772072, 30.35418841346984], [72.180313294907, 30.354250094864533], [72.18039438357751, 30.354319749489232], [72.18046852820552, 30.35439675412133], [72.1805350653949, 30.354480419775314], [72.18059339981578, 30.354569997867333], [72.18209501132381, 30.357133339096038], [72.18225521295562, 30.35727007601019], [72.18225521295562, 30.357406812924346], [72.18417193367023, 30.36067877055478], [72.1873834377564, 30.362049328249995], [72.19280294080609, 30.362049328249995], [72.19290971898103, 30.36205438399759], [72.19301554177687, 30.36206950600496], [72.19311946236262, 30.362094558970583], [72.19322055092695, 30.362129318737413], [72.19331790299756, 30.3621734742985], [72.1934106475338, 30.36222663057967], [72.19349795472007, 30.362288311974364], [72.19357904339059, 30.362357966599063], [72.1936531880186, 30.36243497123116], [72.19371972520798, 30.362518636885145], [72.19377805962885, 30.362608214977165], [72.19533418525918, 30.365264615093928], [72.20410407778873, 30.365264615093928], [72.20422265084763, 30.365270852731093], [72.20433991498385, 30.365289496785596], [72.20502889222935, 30.365436512489193], [72.20502829359943, 30.36543745611546], [72.20508624319916, 30.365346109589343], [72.20513519340594, 30.365249640831717], [72.20517469569842, 30.365148933767266], [72.20520438812471, 30.36504491115548], [72.20674100975134, 30.358487147134323], [72.20674100975134, 30.356748868260393], [72.20674607636444, 30.356641975664022], [72.20676123077367, 30.356536041525956], [72.20678633709618, 30.356432015710425], [72.20682117021478, 30.356330830970588], [72.2068654177964, 30.35623339458494], [72.20691868309267, 30.356140580222153], [72.20698048849741, 30.356053220107274], [72.21050805541222, 30.351536893316997], [72.21050805541222, 30.347103007728595], [72.21051314876826, 30.3469958340351], [72.21052838292546, 30.346889626392677], [72.21055362056491, 30.346785342144546], [72.21232882251971, 30.340724588966147], [72.21064567841131, 30.33641474650974], [72.20698048849741, 30.33172222166205], [72.20691868309267, 30.331634861547172], [72.2068654177964, 30.331542047184385], [72.20682117021478, 30.331444610798737], [72.20678633709618, 30.3313434260589], [72.20676123077367, 30.33123940024337], [72.20674607636444, 30.331133466105303], [72.20674100975134, 30.331026573508932], [72.20674100975134, 30.327811286665], [72.20674722679408, 30.327692908969954], [72.2067658095192, 30.327575833726495], [72.20762629938719, 30.323536336729298], [72.20897222831007, 30.312048428304017], [72.21050805541222, 30.308771241669834], [72.21050805541222, 30.305304278757472], [72.21051338638956, 30.305194639340716], [72.21052932902695, 30.305086034307045], [72.21055573291503, 30.304979488280747], [72.21059234894874, 30.304876006460596], [72.21063883167741, 30.30477656513639], [72.21069474256403, 30.30468210247824], [72.21075955412239, 30.304593509685482], [72.21083265489376, 30.304511622578747], [72.2109133552156, 30.304437213714476], [72.21100089372806, 30.30437098509632], [72.22020893472148, 30.29808351300709], [72.22186699245148, 30.295253108660724], [72.2236927152253, 30.285903252656137], [72.2236927152253, 30.28318631552744], [72.22016514831049, 30.278669988737164], [72.2201006009171, 30.278578313810034], [72.22004545508604, 30.278480694162567], [72.22000025360052, 30.278378090634547], [72.21996544136468, 30.27827151312054], [72.21994136102451, 30.27816201062982], [72.21992824959533, 30.278050660961295], [72.21992623612883, 30.27793856009507], [72.21993534044293, 30.277826811405053], [72.2199554729267, 30.27771651479879], [72.22180919239486, 30.26980548802228], [72.22180919239486, 30.267467267956217], [72.21872867358968, 30.26615261020072], [72.21862626197074, 30.26610265904958], [72.2185294008351, 30.266042649237058], [72.21843907484877, 30.26597319080784], [72.21835620224306, 30.265894989858893], [72.21828162548005, 30.265808841361434], [72.21451457981917, 30.260985911095535], [72.21445313894479, 30.260899121375427], [72.21440012736865, 30.260806941066487], [72.21435601443402, 30.260710186296272], [72.21432119069917, 30.26060971369278], [72.21429596447952, 30.260506412800225], [72.2142805591179, 30.260401198203354], [72.21427511100723, 30.260295001430094], [72.21427966838287, 30.26018876270416], [72.21429419089569, 30.260083422620703], [72.21431854996915, 30.259979913818654], [72.21435252993776, 30.259879152723514], [72.21603689696929, 30.255566178862008], [72.21461860775503, 30.253145073804095], [72.21119458226792, 30.251683819403024], [72.2110919823612, 30.251633764329185], [72.21099495580461, 30.251573613696674], [72.21090449266786, 30.25150398128922], [72.20745440691383, 30.24855922926495], [72.20410407778873, 30.24855922926495], [72.20399020416824, 30.248553477505546], [72.20387748967656, 30.248536280774964], [72.2037670816436, 30.248507814120114], [72.20366010392168, 30.24846836730538], [72.2035576454457, 30.248418341863086], [72.20346074914875, 30.24835824700625], [72.2033704013461, 30.248288694445286], [72.20006390382645, 30.24546649930047], [72.1949957193504, 30.246908448627646], [72.19488746788984, 30.246933566682586], [72.19477727284604, 30.246947931490844], [72.19466619973495, 30.246951404153865], [72.19455532256289, 30.24694395109321], [72.1944457134416, 30.246925644375235], [72.19433843222151, 30.24689666101425], [72.1942345162438, 30.246857281260922], [72.19413497030986, 30.246807885892412], [72.19404075696552, 30.246748952530506], [72.19395278719391, 30.24668105102332], [72.18861917860943, 30.242128655577083], [72.17426673133912, 30.242128655577083], [72.16887605311292, 30.245196059645746], [72.16878133031695, 30.24524421119727], [72.1686825037824, 30.24528325343164], [72.16858044720648, 30.245312841187616], [72.1684760628422, 30.245332712888292], [72.16837027352193, 30.24534269285364], [72.16826401449882, 30.24534269285364], [72.16815822517854, 30.245332712888292], [72.16805384081427, 30.245312841187616], [72.16795178423834, 30.24528325343164], [72.1678529577038, 30.24524421119727], [72.16775823490782, 30.245196059645746], [72.16259473565836, 30.242257924972936], [72.15934311670074, 30.243645602293192], [72.15924012737221, 30.24368375214532], [72.15913392124273, 30.243711724829637], [72.15902550138473, 30.243729256155852], [72.15891589177839, 30.24373618054793], [72.15880612764056, 30.243732432607885], [72.15869724564759, 30.24371804773344], [72.1585902741443, 30.243693161783714], [72.15293970565298, 30.242085518361748], [72.15280537452429, 30.242037958871226], [72.14527128320253, 30.238822672027293], [72.14516868329581, 30.238772616953455], [72.14507165673922, 30.238712466320944], [72.14498119360248, 30.238642833913488], [72.14153110784844, 30.23569808188922], [72.13818077872334, 30.23569808188922], [72.1380740005484, 30.23569302614162], [72.13796817775255, 30.235677904134253], [72.13786425716681, 30.23565285116863], [72.13776316860248, 30.2356180914018], [72.13766581653186, 30.235573935840712], [72.13757307199563, 30.235520779559543], [72.13748576480936, 30.23545909816485], [72.13740467613884, 30.23538944354015], [72.13733053151083, 30.235312438908053], [72.13726399432144, 30.235228773254068], [72.13720565990057, 30.23513919516205], [72.13532213707013, 30.231923908318116], [72.13526718135883, 30.231817550603115], [72.13522378501345, 30.231705976184212], [72.1351924350223, 30.231590437135402], [72.13517348319101, 30.23147223002125], [72.13516714219463, 30.231352681347023], [72.13516714219463, 30.226529751081124], [72.13517232085333, 30.22642168569464], [72.1351878093678, 30.22631461071072], [72.13521346578824, 30.22620950745505], [72.13524905497748, 30.226107339182718], [72.13529425076611, 30.226009042250155], [72.13534863894174, 30.225915517533554], [72.1354117210451, 30.225827622172492], [72.1354829189385, 30.225746161714365], [72.13556158010422, 30.22567188273169], [72.13564698362487, 30.225605465979854], [72.13573834679035, 30.22554752015813], [72.13823946312816, 30.2241243347798], [72.14081771068595, 30.222657260189745], [72.14081771068595, 30.220456648304665], [72.14081771068595, 30.218491533971292], [72.1408231524923, 30.21838076345834], [72.14083942550378, 30.218271059725982], [72.14086637300238, 30.21816347928113], [72.14090373546898, 30.218059058182277], [72.14095115308258, 30.217958802061688], [72.14100816918567, 30.217863676440608], [72.14107423468197, 30.217774597430772], [72.14114871332467, 30.21769242291174], [72.1412308878437, 30.217617944269048], [72.14131996685353, 30.21755187877274], [72.14141509247462, 30.21749486266966], [72.1415153485952, 30.217447445056056], [72.14161976969406, 30.21741008258946], [72.14172735013891, 30.217383135090852], [72.14183705387127, 30.217366862079377], [72.14194782438422, 30.21736142027303], [72.14586644307995, 30.21736142027303], [72.14893062871371, 30.21736142027303], [72.14940204188814, 30.216757872275114], [72.15176837401417, 30.213728268745662], [72.15234055735918, 30.214705020156266], [72.15061202940424, 30.211754318894215], [72.15061202940424, 30.208686245422605], [72.15028088999084, 30.207555695601577], [72.1502552601199, 30.20744936116647], [72.15024002996215, 30.207341047064578], [72.1502353421877, 30.207231767939653], [72.15024124070976, 30.207122547475404], [72.1502576702733, 30.20701440880602], [72.15028447697266, 30.20690836493188], [72.15032140969328, 30.20680540923013], [72.15036812246397, 30.206706506149153], [72.15042417769797, 30.206612582173967], [72.15048905029197, 30.206524517147294], [72.15056213254509, 30.20644313602755], [72.15064273985166, 30.206369201160932], [72.15073011711424, 30.20630340514009], [72.15082344581711, 30.20624636431618], [72.15092185169385, 30.206198613025123], [72.15468889735473, 30.204590969603156], [72.15479578932741, 30.20455159396693], [72.15490610223061, 30.204523179218345], [72.155018715249, 30.204506014060588], [72.1551324841973, 30.2045002728973], [72.1620188538964, 30.2045002728973], [72.16357497952673, 30.201843872780536], [72.1636333139476, 30.201754294688516], [72.16369985113698, 30.20167062903453], [72.163773995765, 30.201593624402435], [72.16385508443551, 30.201523969777735], [72.16394239162179, 30.20146228838304], [72.16403513615802, 30.201409132101873], [72.16413248822863, 30.201364976540784], [72.16423357679297, 30.201330216773954], [72.16433749737871, 30.201305163808332], [72.16444332017456, 30.201290041800963], [72.1645500983495, 30.201284986053366], [72.17566363427206, 30.201284986053366], [72.18490370939888, 30.19813031316997], [72.18501879172491, 30.198097711239086], [72.18513667522052, 30.198077455150568], [72.18525603934418, 30.198069771814943], [72.18537554696817, 30.198074747301632], [72.2022740231184, 30.1996773426314], [72.2112214525747, 30.1996773426314], [72.21467153832874, 30.19673259060713], [72.21476188613138, 30.196663038046164], [72.21485878242834, 30.19660294318933], [72.21496124090432, 30.196552917747034], [72.21506821862624, 30.196513470932302], [72.2151786266592, 30.196485004277452], [72.21529134115087, 30.19646780754687], [72.21540521477137, 30.196462055787467], [72.22482282892356, 30.196462055787467], [72.2249296070985, 30.196467111535064], [72.22503542989435, 30.196482233542433], [72.22513935048009, 30.196507286508055], [72.22524043904443, 30.196542046274885], [72.22533779111504, 30.196586201835974], [72.22543053565127, 30.196639358117142], [72.22551784283755, 30.196701039511836], [72.22559893150806, 30.196770694136536], [72.22567307613608, 30.196847698768632], [72.22573961332546, 30.196931364422618], [72.22579794774633, 30.197020942514637], [72.22723902223032, 30.19948094339947], [72.23085202862995, 30.198453006833297], [72.22753718975083, 30.1899650625948], [72.22750255854139, 30.18986201209986], [72.22747798928188, 30.189756110840836], [72.22746370933457, 30.189648338820902], [72.22745985084516, 30.18953969335512], [72.22746644951985, 30.18943117984136], [72.22748344429492, 30.189323802456425], [72.22751067790189, 30.189218554863448], [72.22754789832275, 30.189116411016617], [72.22759476112225, 30.189018316148253], [72.22765083263516, 30.188925178021712], [72.22771559397944, 30.18883785853098], [72.22778844585797, 30.18875716572479], [72.22786871410432, 30.188683846328967], [72.2279556559215, 30.188618578836298], [72.22804846675578, 30.188561967227795], [72.22814628774188, 30.188514535383494], [72.23073329250681, 30.187410492171026], [72.22959467070535, 30.185466796220382], [72.21485895816858, 30.17288942208672], [72.20971566740158, 30.171426104266306], [72.20245639215341, 30.172975106740864], [72.20234773208615, 30.172992809705296], [72.20223786508947, 30.172999855853742], [72.20212783381713, 30.17299617831723], [72.20201868248189, 30.172981811996113], [72.20191144694579, 30.17295689322887], [72.2018071448896, 30.172921658498222], [72.20170676615503, 30.172876442186876], [72.20161126335083, 30.172821673404197], [72.19407717202907, 30.1679987431383], [72.19398507248209, 30.167933063771557], [72.1939000003214, 30.16785850618813], [72.193822807903, 30.167775817396215], [72.19375426863401, 30.1676858258723], [72.19369506922389, 30.167589433260503], [72.19364580280403, 30.167487605338774], [72.19360696298511, 30.1673813623426], [72.19357893891151, 30.167271768743028], [72.19356201136233, 30.1671599225815], [72.19355634993826, 30.16704694446837], [72.19355634993826, 30.164746066653674], [72.18691653511965, 30.163329246209067], [72.1868080905334, 30.163300409588018], [72.186703040299, 30.16326096054178], [72.1866024201304, 30.163211288007407], [72.18650722206459, 30.16315188171764], [72.18641838468079, 30.16308332737249], [72.18633678384683, 30.163006300864744], [72.18626322408376, 30.162921561616127], [72.1861984306339, 30.16282994509003], [72.1861430423105, 30.16273235455448], [72.18609760519955, 30.162629752176596], [72.18606256727578, 30.162523149536398], [72.18603827398601, 30.16241359765339], [72.18602496484326, 30.162302176624326], [72.18602277106538, 30.16218998497429], [72.18603171428131, 30.162078128826103], [72.18651226979809, 30.158386611459548], [72.187434847, 30.158839651], [72.185098951, 30.157692589], [72.184550017, 30.157420041], [72.184225998, 30.157056506], [72.182599893, 30.155200035], [72.18128329000001, 30.153257348], [72.180646, 30.153161142], [72.176960285, 30.153653016], [72.176165261, 30.152501962], [72.17512180300001, 30.150956197], [72.174869862, 30.149899454], [72.174180342, 30.146920885], [72.17392253300001, 30.145801511], [72.174173014, 30.144405729], [72.174711083, 30.141818066], [72.174837284, 30.1412697], [72.175009765, 30.14074181], [72.177605217, 30.132846116], [72.17810959, 30.131320191], [72.178919156, 30.130026773], [72.180152715, 30.128092223], [72.180903428, 30.126948005], [72.181663514, 30.126090413], [72.183678255, 30.123819206], [72.184857428, 30.12248993], [72.185776247, 30.121451945], [72.186089292, 30.120699424], [72.186026382, 30.119416121], [72.185994193, 30.118805972], [72.185844202, 30.118053227], [72.18565881500001, 30.117270146], [72.185379522, 30.116090408], [72.18492816, 30.115779711], [72.184391818, 30.115410939], [72.183186495, 30.115499988], [72.18232931, 30.115563317], [72.18150403700001, 30.115624369], [72.180757815, 30.115679419], [72.179984264, 30.116032806], [72.178345339, 30.116781526], [72.177422901, 30.117224835], [72.17647801400001, 30.117914966], [72.174363428, 30.1194567], [72.171928025, 30.12123234], [72.170467678, 30.122295978], [72.16874241500001, 30.122615656], [72.168320177, 30.122691664], [72.167416172, 30.122845932], [72.166588704, 30.122767085], [72.163420297, 30.122461885], [72.160288035, 30.12216775], [72.158820334, 30.122030008], [72.156824361, 30.121369039], [72.147899844, 30.118413595], [72.146584824, 30.117979059], [72.145045768, 30.1171068], [72.140863538, 30.114697481], [72.139480246, 30.113900588], [72.138209396, 30.112661101], [72.132813681, 30.107379824], [72.13208977500001, 30.106670286], [72.13130997600001, 30.105565705], [72.13062376900001, 30.104557006], [72.129877512, 30.103454911], [72.129402599, 30.102266339], [72.127585955, 30.097488935], [72.126943372, 30.095794142], [72.126869938, 30.095061991], [72.126739842, 30.09371083], [72.126489945, 30.093334609], [72.12603881000001, 30.092833255], [72.125278817, 30.0918818], [72.124744975, 30.091205567], [72.12381405, 30.088440153], [72.123403497, 30.087229476], [72.122412126, 30.085201144], [72.120644368, 30.081592137], [72.119529896, 30.079369917], [72.118969253, 30.078261946], [72.118225263, 30.076791637], [72.11744514, 30.0752589], [72.116553544, 30.074291921], [72.114272055, 30.071852401], [72.113684379, 30.071227425], [72.112959985, 30.070691331], [72.109710545, 30.068293641], [72.10874445600001, 30.067582409], [72.10779736100001, 30.067297495], [72.107204768, 30.067124302], [72.104495536, 30.066342108], [72.103381317, 30.066017984], [72.100968713, 30.066828849], [72.10014256800001, 30.068363248], [72.09951392900001, 30.06952816], [72.09886687, 30.070728899], [72.098311461, 30.072409605], [72.097770355, 30.074052317], [72.096503644, 30.075155786], [72.09481322900001, 30.075212007], [72.092669981, 30.075278978], [72.090899981, 30.075428146], [72.090013798, 30.075502296], [72.088186009, 30.075656325], [72.086561562, 30.076611198], [72.085294754, 30.07824396], [72.083601398, 30.080309414], [72.080161598, 30.081108099], [72.079587015, 30.080739939], [72.078490789, 30.079267854], [72.077776705, 30.078261126], [72.07676227600001, 30.0768305], [72.07594392, 30.075898037], [72.074998791, 30.074821122], [72.074636272, 30.074412471], [72.073290406, 30.073900655], [72.072879221, 30.073755281], [72.07162232600001, 30.073308542], [72.07002124, 30.073358275], [72.069351556, 30.073981554], [72.069021512, 30.074288728], [72.068371451, 30.075056047], [72.067311328, 30.076308941], [72.066177081, 30.076808434], [72.064399891, 30.076570043], [72.063850015, 30.076190033], [72.063045371, 30.074781843], [72.062490011, 30.07380992], [72.060609889, 30.071549917], [72.058238203, 30.070701673], [72.056519284, 30.070419678], [72.054450502, 30.070567155], [72.053647298, 30.070810405], [72.048596155, 30.072346146], [72.047899729, 30.072559111], [72.047481839, 30.072703967], [72.045800264, 30.073282707], [72.039497517, 30.075451894], [72.03777131000001, 30.076047424], [72.03618818800001, 30.076805205], [72.035513986, 30.077128589], [72.027230196, 30.081111705], [72.012650015, 30.086870044], [72.010011158, 30.087608774], [72.005907952, 30.088706368], [72.003681492, 30.08930255], [72.000393951, 30.090285914], [71.999586442, 30.09052813], [71.998687916, 30.090784674], [71.998161582, 30.090868741], [71.995289893, 30.091319921], [71.994704241, 30.0914117], [71.993641092, 30.091570598], [71.992707545, 30.091353708], [71.991438364, 30.091042481], [71.990007377, 30.090695368], [71.989164219, 30.089407177], [71.98833407, 30.088138234], [71.987908714, 30.08749006], [71.987477987, 30.086275151], [71.986919968, 30.084705978], [71.985779893, 30.081500041], [71.98482970900001, 30.080068936], [71.983986156, 30.078841285], [71.981707684, 30.076139698], [71.979270286, 30.073453408], [71.978454123, 30.072547337], [71.97560060500001, 30.072218039], [71.974638357, 30.073006326], [71.97235240900001, 30.074875394], [71.971927995, 30.07522241], [71.971409891, 30.075924977], [71.970330027, 30.077460049], [71.969276549, 30.078948926], [71.968249973, 30.079096664], [71.967733498, 30.079169304], [71.966932282, 30.079277529], [71.966082578, 30.078513042], [71.964609201, 30.077179046], [71.963497023, 30.075682369], [71.961079892, 30.072430035], [71.958946215, 30.069440955], [71.958560012, 30.068899922], [71.958209558, 30.068168635], [71.957952724, 30.067632702], [71.957179892, 30.066020041], [71.957196707, 30.064812262], [71.957230933, 30.062353349], [71.957247099, 30.06118242], [71.958171658, 30.059098102], [71.959649887, 30.05608004], [71.959894957, 30.055271273], [71.960249894, 30.054099925], [71.960700011, 30.052640044], [71.960082747, 30.049993558], [71.959351208, 30.049270797], [71.957044068, 30.046836688], [71.95620576200001, 30.046548791], [71.953928774, 30.045458053], [71.95284906, 30.04495396], [71.951620708, 30.044640725], [71.948126859, 30.043748326], [71.946940288, 30.043444051], [71.946307183, 30.042808435], [71.943672743, 30.040092766], [71.941112484, 30.038285685], [71.940409896, 30.037790649], [71.939004314, 30.037907282], [71.93727374, 30.038044872], [71.935846052, 30.037885984], [71.933335719, 30.037604871], [71.93220617300001, 30.037480822], [71.931334116, 30.037468363], [71.929930512, 30.037448817], [71.92768043, 30.0376789], [71.927086814, 30.037876083], [71.92605915300001, 30.038217447], [71.92380262200001, 30.039232508], [71.922244889, 30.039931225], [71.920230355, 30.040836698], [71.914502771, 30.043411746], [71.913741893, 30.04375368], [71.912601159, 30.044266318], [71.91107988600001, 30.044949683], [71.90991658, 30.045601189], [71.907977926, 30.046686428], [71.907591901, 30.046902521], [71.901975198, 30.050046694], [71.901558939, 30.050264722], [71.900033858, 30.050863277], [71.898910663, 30.051300584], [71.896256189, 30.051139834], [71.895171066, 30.050021083], [71.894796245, 30.04943185], [71.893128819, 30.046810553], [71.89180184300001, 30.044624038], [71.886922154, 30.036594021], [71.882261939, 30.031783942], [71.87785911600001, 30.02724121], [71.87685085400001, 30.026201171], [71.875772764, 30.025908426], [71.87371002, 30.025350033], [71.87263248, 30.02507908], [71.871951468, 30.025326462], [71.870248392, 30.026228045], [71.869611183, 30.027943604], [71.86796017, 30.032372985], [71.867352514, 30.034057174], [71.867530017, 30.036780047], [71.86770989, 30.039516731], [71.867803101, 30.040961748], [71.866761914, 30.043361869], [71.866012511, 30.043384384], [71.864410206, 30.043431136], [71.863435329, 30.043103852], [71.861930371, 30.042602248], [71.861192633, 30.041558023], [71.859454517, 30.039101414], [71.858637422, 30.037949327], [71.858568286, 30.036176111], [71.858526212, 30.035155864], [71.858119734, 30.033451981], [71.858020167, 30.033034921], [71.85752053600001, 30.030938556], [71.85621933, 30.029965224], [71.854357135, 30.028569753], [71.853390984, 30.027851613], [71.849936191, 30.026471791], [71.848091171, 30.025732745], [71.847272399, 30.024272436], [71.847142082, 30.023513109], [71.846783136, 30.02142201], [71.84610635300001, 30.017496486], [71.845880232, 30.016207679], [71.844330602, 30.014381984], [71.841734965, 30.011516865], [71.840844374, 30.010537933], [71.839221043, 30.009751002], [71.834368779, 30.007400044], [71.831546857, 30.006033407], [71.829815458, 30.005255585], [71.82839812200001, 30.005134885], [71.827139896, 30.005030036], [71.822279287, 30.004630014], [71.820821845, 30.004509445], [71.819572324, 30.004748929], [71.81493524400001, 30.005637215], [71.81324885100001, 30.005957391], [71.81180517300001, 30.007647491], [71.81030891, 30.009394992], [71.809191763, 30.01069972], [71.807983869, 30.012086608], [71.80599054400001, 30.013035204], [71.80489321600001, 30.013031423], [71.800196216, 30.012985007], [71.799659875, 30.012978758], [71.798302952, 30.013619708], [71.797103147, 30.015303719], [71.796941328, 30.015825013], [71.796705026, 30.017013811], [71.796468281, 30.017664361], [71.796082862, 30.018287925], [71.795292868, 30.019571567], [71.794043435, 30.020542859], [71.793635632, 30.020854278], [71.79255070500001, 30.021210371], [71.791029635, 30.021709116], [71.78999455, 30.022046549], [71.788725582, 30.022107938], [71.785179782, 30.022271179], [71.784534383, 30.022267795], [71.779250701, 30.022120688], [71.778414647, 30.022097411], [71.777789837, 30.022080696], [71.776713387, 30.021783448], [71.771958866, 30.020473507], [71.770953007, 30.020195365], [71.76979780100001, 30.019263684], [71.769279744, 30.018841366], [71.769013317, 30.017814566], [71.768469708, 30.015724298], [71.768180391, 30.014611958], [71.769050307, 30.012622388], [71.770153174, 30.011290763], [71.770521595, 30.010848291], [71.771123911, 30.01015346], [71.771847025, 30.009321919], [71.772840846, 30.008177822], [71.773202294, 30.006844358], [71.773316566, 30.006423083], [71.77366178, 30.005108299], [71.773109663, 30.002846948], [71.77169604800001, 30.001928987], [71.770683515, 30.001269144], [71.767778257, 29.999471974], [71.76743478, 29.998342485], [71.767144334, 29.997383129], [71.765282383, 29.995624425], [71.763923225, 29.994924461], [71.762871838, 29.994295062], [71.762149363, 29.992292666], [71.762060953, 29.990064038], [71.761959625, 29.988848859], [71.761104402, 29.987768094], [71.759812475, 29.986142693], [71.75898866700001, 29.985108421], [71.756311405, 29.983686342], [71.75405936700001, 29.982509829], [71.753285594, 29.981451679], [71.752279738, 29.98007681], [71.751769955, 29.979380739], [71.751364642, 29.978136846], [71.750821621, 29.976433316], [71.751022843, 29.974321977], [71.751341331, 29.970980759], [71.751224981, 29.970060299], [71.751161676, 29.969561912], [71.750939609, 29.967866185], [71.750260548, 29.966851788], [71.749918269, 29.966341235], [71.749181773, 29.965238535], [71.748149591, 29.964803382], [71.74715608400001, 29.96438237], [71.745897641, 29.963848125], [71.743579382, 29.964779164], [71.742845198, 29.965557669], [71.742037334, 29.966410851], [71.739527429, 29.967220178], [71.737707373, 29.966213274], [71.73730908200001, 29.965800125], [71.735608629, 29.964025801], [71.734979437, 29.963369277], [71.734676976, 29.962499365], [71.734073894, 29.960762752], [71.73366273900001, 29.959578805], [71.733780142, 29.958286], [71.733909055, 29.956872504], [71.734048475, 29.955340688], [71.732873319, 29.953459795], [71.73216081000001, 29.952319667], [71.730306743, 29.950597005], [71.729651214, 29.949987709], [71.728755645, 29.949818949], [71.726611564, 29.949414918], [71.72603229100001, 29.949310477], [71.724935695, 29.94936183], [71.72304001900001, 29.949449914], [71.720819416, 29.949548777], [71.719350972, 29.949274931], [71.71838482000001, 29.949191485], [71.71786443500001, 29.948995158], [71.71717837700001, 29.948862494], [71.71657165, 29.948572584], [71.71551843200001, 29.948066031], [71.714630072, 29.94764166], [71.714320359, 29.947305091], [71.713976945, 29.946931896], [71.713289989, 29.946794319], [71.712430955, 29.94662228], [71.71166112600001, 29.94666527], [71.71111469, 29.946729736], [71.710600913, 29.946791323], [71.709380561, 29.948061408], [71.709134489, 29.950003146], [71.709033612, 29.950772647], [71.708728465, 29.951417944], [71.708060011, 29.952830043], [71.707632669, 29.95372812], [71.707040109, 29.954918945], [71.706029957, 29.955239978], [71.70528992, 29.955472322], [71.703919236, 29.955490013], [71.703475089, 29.955186444], [71.70262976100001, 29.954608671], [71.702611078, 29.954013555], [71.702590478, 29.953349991], [71.70312617, 29.951994014], [71.703372858, 29.951369587], [71.70361909200001, 29.949875615], [71.703728872, 29.949208677], [71.701910049, 29.947039966], [71.700481957, 29.946370506], [71.69962464800001, 29.946380676], [71.697959896, 29.946400818], [71.695714945, 29.945263271], [71.69474897, 29.944821175], [71.693803236, 29.944717616], [71.693268856, 29.944659099], [71.6927209, 29.944983225], [71.692030875, 29.94539139], [71.69106927700001, 29.946323333], [71.68978054, 29.947572327], [71.687870872, 29.947760698], [71.686391877, 29.947077466], [71.68565043400001, 29.945818685], [71.684596167, 29.944021815], [71.683338003, 29.942179877], [71.682832837, 29.941441409], [71.681316851, 29.939230792], [71.679719605, 29.938503249], [71.678091011, 29.937553956], [71.676975782, 29.936890337], [71.675120265, 29.935785458], [71.67444932100001, 29.934996359], [71.67258173, 29.932780716], [71.67205025, 29.932150856], [71.671349291, 29.929821423], [71.671985297, 29.928730405], [71.672656167, 29.92757986], [71.67335074600001, 29.926389866], [71.674521657, 29.926138007], [71.676908163, 29.92562817], [71.677757761, 29.925513292], [71.678940084, 29.925352908], [71.67984005400001, 29.92523099], [71.681263338, 29.923599578], [71.681211698, 29.921980928], [71.679330679, 29.920128809], [71.678379785, 29.919521753], [71.676690992, 29.918440821], [71.676640657, 29.91689922], [71.676611377, 29.915928025], [71.677316271, 29.914980021], [71.678450893, 29.913851966], [71.68007526800001, 29.912294264], [71.68000892100001, 29.910137804], [71.679704064, 29.909483636], [71.678063245, 29.905963489], [71.677758575, 29.905309862], [71.67721545, 29.904675986], [71.675523845, 29.902701733], [71.67470775800001, 29.901749287], [71.673899426, 29.901141141], [71.67033246000001, 29.8990275], [71.669561346, 29.898570493], [71.668828722, 29.898636687], [71.66725961600001, 29.898778464], [71.666220725, 29.899329329], [71.66547759, 29.901339406], [71.665022296, 29.902571735], [71.664054151, 29.905192375], [71.66388378, 29.905659097], [71.663525055, 29.906663828], [71.663228723, 29.907275365], [71.66100264500001, 29.907421186], [71.65997103, 29.907488218], [71.659142314, 29.907376943], [71.654031859, 29.906659563], [71.651316897, 29.907229195], [71.650038276, 29.907759143], [71.649239258, 29.908090312], [71.648200504, 29.908520846], [71.646001611, 29.90845805], [71.638080969, 29.908234711], [71.636759986, 29.908197463], [71.635880891, 29.908172675], [71.634741053, 29.90814019], [71.632550714, 29.908676678], [71.631824406, 29.909134487], [71.628539654, 29.911514463], [71.627327152, 29.912276045], [71.62637338200001, 29.912942955], [71.625630622, 29.91346232], [71.625198088, 29.913768629], [71.624625301, 29.914165013], [71.623939269, 29.914781435], [71.62329036, 29.915371276], [71.617163237, 29.920906428], [71.61076469000001, 29.924500299], [71.609699936, 29.925089927], [71.608051378, 29.927082088], [71.607778014, 29.92753142], [71.605429312, 29.931432685], [71.604812684, 29.932451206], [71.604592444, 29.933510947], [71.603950394, 29.936612181], [71.603694274, 29.937880841], [71.60407356, 29.939095086], [71.605005689, 29.942072635], [71.605318271, 29.943067793], [71.606805266, 29.945020799], [71.607392726, 29.945596942], [71.609518267, 29.947681536], [71.610067459, 29.948220148], [71.610627268, 29.948769172], [71.61129285, 29.949421961], [71.611977335, 29.950093265], [71.612604519, 29.950708292], [71.612913518, 29.951011302], [71.613332341, 29.951418921], [71.613655465, 29.952328978], [71.613902427, 29.953018812], [71.614272641, 29.954053051], [71.614575571, 29.954899424], [71.61471137, 29.955345653], [71.614936743, 29.956146647], [71.615215268, 29.957136546], [71.61604727400001, 29.960093427], [71.616610272, 29.960867249], [71.617418058, 29.961977504], [71.617615114, 29.962586767], [71.617834778, 29.963266338], [71.61767843, 29.964100865], [71.61730085, 29.965391551], [71.616491621, 29.966660747], [71.615128142, 29.967383537], [71.612332613, 29.968870102], [71.61163802, 29.969588354], [71.611102111, 29.970142518], [71.609428371, 29.970595941], [71.609006339, 29.970708914], [71.608309903, 29.970652938], [71.607830025, 29.970613801], [71.60706463800001, 29.970551292], [71.60635117400001, 29.970493065], [71.605225509, 29.970400715], [71.603911184, 29.969337798], [71.602975987, 29.96753501], [71.601927391, 29.965561918], [71.601476775, 29.964918041], [71.599987553, 29.96296143], [71.59820736600001, 29.962942472], [71.59740227200001, 29.963124541], [71.594966325, 29.963678141], [71.593358416, 29.963711539], [71.592378364, 29.963727088], [71.591209495, 29.963292745], [71.59003892, 29.962857769], [71.586936435, 29.962087563], [71.58487959, 29.964319786], [71.583657542, 29.966590181], [71.58319921600001, 29.967437942], [71.582705938, 29.96787127], [71.580507487, 29.968006823], [71.579430902, 29.967579747], [71.57793069, 29.966965219], [71.577193596, 29.967179996], [71.575409477, 29.967717181], [71.574870106, 29.968288706], [71.57437943, 29.968808632], [71.572920882, 29.969547703], [71.572170884, 29.9697566], [71.57074583900001, 29.970151524], [71.567476739, 29.971055419], [71.566129246, 29.972737066], [71.565027676, 29.974108889], [71.566119395, 29.976075455], [71.567000575, 29.977662896], [71.567481615, 29.978529105], [71.567885907, 29.979452775], [71.567775755, 29.980665684], [71.56773689500001, 29.981089341], [71.56785598, 29.981785817], [71.567981617, 29.982526939], [71.56863202000001, 29.983238181], [71.5699405, 29.984000274], [71.570360812, 29.984179331], [71.576567861, 29.986820801], [71.577583325, 29.987252812], [71.579094605, 29.987347153], [71.580333081, 29.987372624], [71.582493406, 29.986995088], [71.583489238, 29.986821088], [71.58533047200001, 29.985605397], [71.586141412, 29.983826567], [71.58698899800001, 29.981946334], [71.58740658100001, 29.981169109], [71.587779661, 29.980472233], [71.58877290800001, 29.978675903], [71.590811549, 29.977915797], [71.59141533200001, 29.977909118], [71.59191066800001, 29.977901702], [71.593621381, 29.978781567], [71.594080832, 29.979259296], [71.596115269, 29.981375109], [71.596870216, 29.982157442], [71.597277143, 29.983378218], [71.598219655, 29.986213088], [71.599192894, 29.989932664], [71.599582384, 29.991462793], [71.599774243, 29.992204382], [71.600005526, 29.993020274], [71.600237254, 29.993837682], [71.600582977, 29.995057209], [71.600993019, 29.995932181], [71.601893134, 29.997853321], [71.603443315, 29.998933282], [71.603897152, 29.999247728], [71.607790722, 30.000841157], [71.608276272, 30.001040973], [71.608761424, 30.00124062], [71.609206749, 30.001535434], [71.609650017, 30.001828925], [71.61157244600001, 30.003105953], [71.612031296, 30.003416502], [71.61426422000001, 30.006879085], [71.61461017900001, 30.007439873], [71.615187307, 30.008002709], [71.616168161, 30.008958726], [71.616584257, 30.009365712], [71.616955125, 30.009601046], [71.618049494, 30.010293569], [71.619178906, 30.010996486], [71.620313754, 30.011209974], [71.622278683, 30.011581503], [71.62317002200001, 30.011750038], [71.624262153, 30.011735205], [71.630566719, 30.011649577], [71.632746929, 30.011620257], [71.63393455500001, 30.011666436], [71.636549113, 30.011769019], [71.639742255, 30.01196514], [71.641769897, 30.012089922], [71.644826161, 30.012234688], [71.645475637, 30.012264525], [71.64731284, 30.012739258], [71.64850014000001, 30.013540043], [71.64907989000001, 30.013980038], [71.650051224, 30.014706655], [71.65065950600001, 30.015441522], [71.651136991, 30.01602488], [71.651818668, 30.016857708], [71.65331826, 30.017557714], [71.654655929, 30.018131134], [71.656393652, 30.01887416], [71.657719146, 30.020018017], [71.658047229, 30.020301142], [71.65938181700001, 30.021452848], [71.660382212, 30.023249069], [71.661396965, 30.025071071], [71.662371454, 30.026089933], [71.664327883, 30.028143928], [71.665208398, 30.029070862], [71.666617165, 30.029727936], [71.667496659, 30.030138148], [71.668549302, 30.03062912], [71.669260645, 30.030837869], [71.67005191, 30.031067634], [71.672162469, 30.031680494], [71.67298416, 30.031965653], [71.673390968, 30.032106692], [71.675870626, 30.032967422], [71.676730106, 30.03397983], [71.678100301, 30.035651992], [71.680149651, 30.036907045], [71.684315747, 30.034973076], [71.684950835, 30.034661147], [71.686539295, 30.034640651], [71.687633643, 30.034891539], [71.68840899700001, 30.035069564], [71.689249358, 30.036791639], [71.690361701, 30.039069953], [71.691317686, 30.039475237], [71.692091436, 30.039790316], [71.692511261, 30.039961403], [71.692871364, 30.040196935], [71.693862068, 30.040845256], [71.695211604, 30.041728555], [71.69582741100001, 30.042718137], [71.69631973700001, 30.043511135], [71.696481027, 30.045017291], [71.696679157, 30.046880386], [71.699068721, 30.047299273], [71.700093639, 30.046782569], [71.702757902, 30.045450013], [71.70532919, 30.04542776], [71.70612936, 30.04541798], [71.706894946, 30.045479748], [71.708341294, 30.045622545], [71.70939928300001, 30.045726995], [71.710159664, 30.045801554], [71.711302631, 30.046423601], [71.715451858, 30.048687991], [71.716509893, 30.049263503], [71.717258524, 30.050478147], [71.717728778, 30.051322382], [71.717994359, 30.052494138], [71.718479898, 30.054649918], [71.718636773, 30.05534176], [71.719745839, 30.056707951], [71.721381018, 30.058697383], [71.721601481, 30.059568016], [71.72179689100001, 30.060350312], [71.721914384, 30.06113384], [71.722209282, 30.063683331], [71.722158152, 30.064684759], [71.722108475, 30.065652337], [71.722694816, 30.067126316], [71.722984243, 30.067853892], [71.723525, 30.069206911], [71.72409256200001, 30.070130982], [71.724497045, 30.070781326], [71.72519778600001, 30.071906453], [71.725759545, 30.072806989], [71.726310311, 30.073689212], [71.72633963, 30.074777884], [71.726375701, 30.075944955], [71.728081891, 30.077770121], [71.728655457, 30.078317124], [71.731243162, 30.080783846], [71.732586835, 30.082729458], [71.73631821100001, 30.088209855], [71.736832203, 30.088964733], [71.737705948, 30.089992957], [71.738386234, 30.091553235], [71.740470486, 30.095371739], [71.742400832, 30.098849553], [71.742863748, 30.099683877], [71.744106263, 30.101922911], [71.745243716, 30.102737161], [71.746272, 30.103469862], [71.747442075, 30.106549602], [71.747568845, 30.107266631], [71.748057434, 30.108699059], [71.748281703, 30.109060099], [71.748510617, 30.110152035], [71.74889188, 30.111970472], [71.74890884700001, 30.112565979], [71.748930952, 30.113319784], [71.749233267, 30.114660121], [71.75032292600001, 30.1160896], [71.751445375, 30.117587639], [71.752059887, 30.120910236], [71.751920583, 30.121319863], [71.75165178200001, 30.12210934], [71.750827029, 30.124528932], [71.751116021, 30.126826764], [71.751178604, 30.127329289], [71.751326152, 30.128513837], [71.751497693, 30.129884788], [71.753547196, 30.131292637], [71.753918341, 30.131543295], [71.75763442200001, 30.134053009], [71.758028087, 30.134324861], [71.758705773, 30.134875605], [71.760960014, 30.136384401], [71.761683273, 30.13686989], [71.762888036, 30.13827253], [71.763548814, 30.140006032], [71.76374028, 30.140508332], [71.763757988, 30.141120944], [71.763721771, 30.141625288], [71.76359935900001, 30.142748139], [71.763347311, 30.145087082], [71.763450669, 30.146540662], [71.763543145, 30.147592804], [71.76370995500001, 30.149491094], [71.76434239000001, 30.150665299], [71.764550549, 30.151051777], [71.766234562, 30.154177113], [71.76665723500001, 30.154961547], [71.767307183, 30.155671655], [71.768360906, 30.156830297], [71.768951867, 30.157478257], [71.769648965, 30.157974273], [71.77201524, 30.159636969], [71.773040335, 30.160357266], [71.774151493, 30.160660393], [71.777579416, 30.161611017], [71.77888214100001, 30.161977834], [71.780600762, 30.16244851], [71.781671677, 30.163243867], [71.783086544, 30.164294673], [71.7834413, 30.164558146], [71.783755892, 30.16486065], [71.785648577, 30.16666117], [71.78629948000001, 30.167280714], [71.786740558, 30.167881668], [71.787374283, 30.168755992], [71.78885742700001, 30.170802538], [71.789602107, 30.171829629], [71.78999636200001, 30.172913033], [71.791400453, 30.176770431], [71.791632115, 30.177407067], [71.792292473, 30.179949867], [71.792567137, 30.181010645], [71.792800015, 30.181910038], [71.79359851800001, 30.185606178], [71.79447727, 30.189673781], [71.794740028, 30.190890044], [71.795175731, 30.192128208], [71.796513605, 30.193859815], [71.798142819, 30.195965457], [71.79935256, 30.198298039], [71.799956965, 30.201040177], [71.800182519, 30.203721938], [71.800329723, 30.205453496], [71.80254110700001, 30.208339513], [71.804789344, 30.2090402], [71.80737147, 30.209837548], [71.808218849, 30.210794259], [71.808784091, 30.211454989], [71.809285164, 30.212288604], [71.811139767, 30.215379548], [71.81139015, 30.215794895], [71.815455962, 30.222574077], [71.812385939, 30.224164448], [71.811151678, 30.224804632], [71.81125723400001, 30.225716788], [71.811321437, 30.226216097], [71.81152756, 30.227822364], [71.81168897500001, 30.228471307], [71.812851187, 30.230576795], [71.813590523, 30.231880564], [71.816167875, 30.23199846], [71.81966311500001, 30.232156938], [71.820610031, 30.232487431], [71.820996969, 30.233309574], [71.821215637, 30.233773815], [71.821627323, 30.234648897], [71.822579226, 30.235890693], [71.824047655, 30.236545933], [71.8248129, 30.236886932], [71.826430582, 30.23792826], [71.827051196, 30.239612312], [71.827231271, 30.240100893], [71.827470992, 30.240549074], [71.828502447, 30.242435788], [71.830056225, 30.242758232], [71.831620153, 30.243581529], [71.832167906, 30.244743248], [71.83322243900001, 30.246986294], [71.833426169, 30.247486626], [71.833881522, 30.248605449], [71.83414881600001, 30.249260731], [71.834549459, 30.251297103], [71.834179892, 30.251729002], [71.833731435, 30.252251246], [71.83258162300001, 30.252634247], [71.831160759, 30.25310754], [71.829788197, 30.253167277], [71.82853850100001, 30.253221667], [71.826587515, 30.253894032], [71.825770026, 30.255223656], [71.822905828, 30.259873522], [71.82188488403499, 30.261531018515754], [71.82386353148154, 30.262375436088085], [71.82928303453123, 30.262375436088085], [71.82939571483563, 30.262381067629974], [71.82950727213117, 30.262397906129852], [71.82961659460123, 30.2624257837697], [71.82972259270223, 30.262464422711822], [71.82982421002234, 30.262513437867845], [71.82992043380999, 30.26257234073665], [71.83001030506738, 30.262640544272923], [71.83009292810806, 30.262717368737853], [71.83016747948373, 30.262802048473628], [71.83023321619092, 30.26289373953422], [71.83028948307603, 30.262991528096457], [71.83033571936484, 30.263094439567446], [71.83211603236236, 30.267653091737596], [71.83723384238877, 30.272021296619883], [71.84058417151387, 30.272021296619883], [71.84070089102781, 30.272027340246456], [71.84081636215558, 30.272045406485915], [71.84092934986325, 30.272075302108846], [71.8410386456786, 30.27211670736338], [71.84114308061642, 30.272169179395153], [71.84653375884261, 30.275236583463816], [71.8518853084965, 30.275236583463816], [71.85198957720215, 30.27524140386341], [71.85209295640999, 30.275255823940228], [71.85219456421038, 30.27527972067915], [71.8578451327017, 30.276887364101118], [71.8579598033575, 30.276926751254155], [71.85806959441155, 30.27697819667746], [71.8581732421146, 30.277041108208813], [71.85826955343045, 30.277114761705445], [71.8618491792515, 30.28017008007553], [71.8672627468539, 30.281710294367016], [71.86739072156577, 30.281755164077197], [71.86751240024257, 30.28181503992695], [71.87256967746998, 30.284692732137984], [71.89459704198916, 30.270591968226253], [71.89468997674437, 30.27053851440444], [71.8947875586171, 30.270494107671702], [71.89488890938824, 30.270459147680537], [71.89499311691937, 30.270433949064486], [71.8950992433617, 30.270418738606494], [71.89520633359662, 30.270413653197917], [71.91215803907058, 30.270413653197917], [71.91227191269107, 30.27041940495732], [71.91238462718275, 30.2704366016879], [71.9124950352157, 30.27046506834275], [71.91260201293763, 30.270504515157484], [71.9127044714136, 30.27055454059978], [71.91280136771056, 30.270614635456614], [71.9128917155132, 30.27068418801758], [71.91665876117408, 30.273899474861512], [71.9167740219332, 30.274013089532858], [71.92225522779238, 30.28025092174921], [71.92934080998616, 30.283274800573647], [71.93287679020541, 30.283274800573647], [71.93299055915371, 30.283280541736936], [71.9331031721721, 30.283297706894693], [71.9332134850753, 30.283326121643277], [71.93332037704798, 30.283365497279505], [71.93702175938765, 30.284945117891052], [71.94260366007148, 30.286533224632915], [71.94271311592189, 30.28657051659326], [71.94281818804579, 30.286618798290306], [71.94291777638416, 30.28667756423585], [71.94301083829073, 30.28674619917621], [71.94309639944815, 30.286823984533658], [71.94317356406863, 30.286910105929604], [71.94324152427242, 30.287003661710795], [71.94329956854598, 30.287103672389225], [71.94334708919122, 30.28720909089694], [71.94413523560027, 30.289227210937057], [71.943567505921, 30.288621492977615], [71.94413523560027, 30.289227210937067], [71.94512740218875, 30.29176774306709], [71.94854734047887, 30.2946867633236], [71.94972241642195, 30.295188244664754], [71.95194308395143, 30.296135947949377], [71.95924610983157, 30.296135947949377], [71.95935037853721, 30.296140768348973], [71.95945375774505, 30.29615518842579], [71.95955536554544, 30.296179085164713], [71.96516953047218, 30.29777637140736], [71.97266660683977, 30.29937611648498]], [[72.01459225256512, 30.301458754780626], [72.01435389981339, 30.301499318579747], [72.01340217046099, 30.301325578161283], [72.01459225256512, 30.301458754780626]], [[71.97802524062463, 30.23441496147074], [71.97861946557174, 30.234497127174233], [71.97869595712329, 30.23459339707052], [71.97802524062463, 30.23441496147074]], [[71.85602474682048, 30.220609299507796], [71.85657656471625, 30.220233657437586], [71.85698139224374, 30.220178603052815], [71.85602474682048, 30.220609299507796]], [[71.67689143775225, 29.949266715674256], [71.67485584730454, 29.951355533969185], [71.67726258933887, 29.947356256413574], [71.67689143775225, 29.949266715674256]], [[71.65833638167372, 29.91715535679577], [71.66099905462292, 29.91957835684398], [71.65500472978935, 29.915465576677953], [71.65833638167372, 29.91715535679577]], [[71.61652025615787, 29.996245608373044], [71.61644588821574, 29.99630457971625], [71.6132686882994, 29.99245235559181], [71.61652025615787, 29.996245608373044]]], [[[72.18829311135208, 30.158496588655403], [72.19353661724871, 30.162972078745838], [72.18829311135208, 30.1584965886554], [72.187434847, 30.158839651], [72.18829311135208, 30.158496588655403]]]]}}]}