{"type": "FeatureCollection", "features": [{"type": "Feature", "properties": {"na": "NA-160", "src": "sheet-split: bwn_na162.jpg, outline-fit", "approx": false, "rms_km": 1.096}, "geometry": {"type": "Polygon", "coordinates": [[[73.189736838, 30.056437272], [73.189876381, 30.058388837], [73.18943021, 30.059985221], [73.189036768, 30.061389026], [73.189204357, 30.063018443], [73.18947172300001, 30.065667878], [73.189555421, 30.066504584], [73.189792137, 30.067122285], [73.190536038, 30.069069896], [73.190958797, 30.070178087], [73.191869484, 30.070854095], [73.192742125, 30.071501684], [73.193625657, 30.072157716], [73.195948869, 30.072469371], [73.19694767, 30.072183858], [73.20016369000001, 30.071261802], [73.200848825, 30.071062862], [73.202006097, 30.070492752], [73.204656836, 30.069192159], [73.20979643000001, 30.066670402], [73.210986481, 30.066087278], [73.212141192, 30.066025374], [73.214496631, 30.065928925], [73.215170912, 30.065901315], [73.216326526, 30.066233362], [73.218049058, 30.066728302], [73.218894608, 30.068087013], [73.221281486, 30.071917292], [73.224993905, 30.077426284], [73.22612357, 30.079102795], [73.226606728, 30.081175146], [73.227150553, 30.083532076], [73.227830744, 30.08481016], [73.2305595, 30.089926579], [73.231179264, 30.091088771], [73.233641291, 30.092760063], [73.235166858, 30.092770846], [73.236504925, 30.092780424], [73.237022042, 30.092735112], [73.240838328, 30.092271909], [73.243075215, 30.092025955], [73.246026122, 30.091699789], [73.246867169, 30.091608094], [73.247892248, 30.091599245], [73.25015130700001, 30.091579741], [73.251718718, 30.092503665], [73.252221837, 30.092801246], [73.252667881, 30.093172992], [73.253370233, 30.094152136], [73.253702551, 30.094599848], [73.254930776, 30.096123261], [73.255392371, 30.096691661], [73.256265759, 30.097935298], [73.25888648, 30.101966785], [73.261995418, 30.105390942], [73.262640962, 30.106158609], [73.263696509, 30.106780677], [73.265051406, 30.107579161], [73.26597225, 30.107888974], [73.26743124, 30.108379844], [73.269748795, 30.10951275], [73.272194765, 30.110711411], [73.273563701, 30.110826773], [73.27506129000001, 30.110859478], [73.27693778000001, 30.110549537], [73.277372146, 30.110477791], [73.277969681, 30.110309298], [73.279031378, 30.110009478], [73.279631292, 30.109840156], [73.28077489600001, 30.108736797], [73.28115151, 30.108527467], [73.282064641, 30.106707419], [73.28295309900001, 30.104937286], [73.28384687, 30.103167667], [73.28544033, 30.102814201], [73.288560665, 30.102155206], [73.289574945, 30.101941994], [73.291209771, 30.102152427], [73.292458575, 30.10231382], [73.295742938, 30.102738737], [73.29733221, 30.102815377], [73.297768409, 30.102836411], [73.300825374, 30.102983823], [73.303009528, 30.103089146], [73.30495991, 30.102764812], [73.30575716, 30.102632147], [73.30663872, 30.102508206], [73.304212989, 30.10370034], [73.302461968, 30.104517934], [73.301858444, 30.104799597], [73.30020953200001, 30.106579434], [73.300044995, 30.107320409], [73.299753671, 30.108632339], [73.299772097, 30.110559691], [73.300616332, 30.111707235], [73.301823546, 30.112109528], [73.30368926700001, 30.112644779], [73.304183505, 30.112705951], [73.305398526, 30.112769144], [73.30586503, 30.112793254], [73.307165412, 30.112797429], [73.308159413, 30.112489539], [73.31403443900001, 30.11069352], [73.31698137100001, 30.109998206], [73.324138773, 30.108303297], [73.326080986, 30.107843267], [73.326983389, 30.107627002], [73.32774212000001, 30.107450889], [73.328514798, 30.107244206], [73.32895087300001, 30.107133158], [73.330838203, 30.106607805], [73.33167469700001, 30.10637552], [73.337248166, 30.104841089], [73.344109405, 30.103870103], [73.344712865, 30.103784515], [73.345520018, 30.103669126], [73.346306736, 30.103874126], [73.347499848, 30.104185023], [73.34881322400001, 30.104527257], [73.349428419, 30.104597125], [73.351857279, 30.104734214], [73.354249152, 30.103768979], [73.355133633, 30.103411927], [73.355780787, 30.10315068], [73.356301205, 30.102751194], [73.35735363, 30.101943015], [73.358831662, 30.100590851], [73.359601953, 30.098089631], [73.359567865, 30.097058638], [73.359521298, 30.095649705], [73.361160153, 30.093581987], [73.361993513, 30.09306897], [73.36283938400001, 30.092548254], [73.364279669, 30.09208889], [73.366239782, 30.091449839], [73.367104372, 30.08993272], [73.367726224, 30.088839448], [73.368374689, 30.087697971], [73.368573479, 30.086043146], [73.368820044, 30.083957839], [73.369175891, 30.082233852], [73.369353913, 30.081371385], [73.369798387, 30.079218021], [73.370416645, 30.078055332], [73.37189721700001, 30.075271129], [73.372156517, 30.074742166], [73.373405137, 30.073284165], [73.374688158, 30.072307675], [73.375247367, 30.071881937], [73.377067153, 30.071565641], [73.378659537, 30.071290546], [73.379505052, 30.071747664], [73.381175294, 30.072652178], [73.382142351, 30.073176813], [73.382789678, 30.075151647], [73.382680647, 30.075805917], [73.382423619, 30.077135381], [73.381820346, 30.080139604], [73.382170825, 30.081868632], [73.38355858700001, 30.083005517], [73.384810711, 30.084030033], [73.384511654, 30.085403313], [73.383907664, 30.086607594], [73.383590494, 30.087230748], [73.382545562, 30.08909752], [73.381237903, 30.091433817], [73.381014082, 30.0918337], [73.380770114, 30.092247139], [73.380529353, 30.092603988], [73.379343754, 30.094474088], [73.378700478, 30.09529983], [73.377588191, 30.096940454], [73.377069255, 30.098203132], [73.376497431, 30.099594494], [73.375697298, 30.101541271], [73.37521676, 30.102710448], [73.374930364, 30.104074189], [73.374060755, 30.108215032], [73.373749401, 30.109697611], [73.373666658, 30.112337968], [73.373583816, 30.114981465], [73.373556232, 30.11586168], [73.37354082, 30.116352529], [73.373476802, 30.118387762], [73.372951672, 30.120046458], [73.372447084, 30.121639583], [73.37251594700001, 30.12361681], [73.37257164200001, 30.125215951], [73.372604621, 30.126162517], [73.372665588, 30.126993523], [73.373384126, 30.135439096], [73.373574192, 30.137668851], [73.374101901, 30.139339808], [73.374541066, 30.14068899], [73.375082126, 30.143075972], [73.375211758, 30.14364814], [73.37523613, 30.144346221], [73.37525725, 30.144950334], [73.375291572, 30.145934702], [73.37533285900001, 30.147118828], [73.37597322500001, 30.149087068], [73.376959156, 30.150006967], [73.377499201, 30.150510635], [73.378042078, 30.151017185], [73.378664921, 30.151355071], [73.379720133, 30.151927513], [73.380603819, 30.152406165], [73.381574905, 30.152555088], [73.384163557, 30.152947297], [73.384970815, 30.153067326], [73.38632063700001, 30.153032118], [73.38725802, 30.153007581], [73.387973935, 30.152899073], [73.390553531, 30.152507119], [73.392486191, 30.152213348], [73.393221928, 30.152101893], [73.393980274, 30.151886637], [73.394509516, 30.151736513], [73.396251313, 30.151242828], [73.398031515, 30.150737887], [73.399527688, 30.150088887], [73.40057213, 30.149635627], [73.40172240000001, 30.149143498], [73.403567723, 30.148771564], [73.405951232, 30.148291291], [73.406723607, 30.148271886], [73.407717053, 30.148370162], [73.408478524, 30.149158604], [73.408831244, 30.1497664], [73.409167225, 30.15044013], [73.40896044, 30.152314942], [73.407161644, 30.155045809], [73.40643320400001, 30.156113335], [73.406730335, 30.157398115], [73.407337682, 30.158516161], [73.407731267, 30.15923904], [73.408414764, 30.160494392], [73.40983599, 30.163197897], [73.410797261, 30.166930804], [73.410935256, 30.167481461], [73.41107541800001, 30.167904781], [73.411214515, 30.168320305], [73.41174770900001, 30.169919541], [73.412372847, 30.170730723], [73.413015301, 30.171564382], [73.413365602, 30.171976585], [73.413944789, 30.172527959], [73.414380953, 30.17294318], [73.41501816, 30.173549787], [73.41674028300001, 30.17375094], [73.418058454, 30.173359296], [73.419359957, 30.172972444], [73.421778954, 30.172217486], [73.422938519, 30.171856647], [73.424094859, 30.171201373], [73.42540446800001, 30.170453168], [73.426640712, 30.169736864], [73.427682388, 30.168878654], [73.428351256, 30.168327869], [73.43140386200001, 30.165815701], [73.431925276, 30.165425795], [73.432283772, 30.165156747], [73.433717519, 30.164080736], [73.436614347, 30.161907842], [73.437111709, 30.161561494], [73.43795938400001, 30.160929882], [73.438670644, 30.160399914], [73.439096981, 30.160155826], [73.439709648, 30.159809666], [73.44032076500001, 30.159401436], [73.442283145, 30.158350861], [73.443557369, 30.157648117], [73.444185289, 30.157598614], [73.444649378, 30.157560834], [73.445369604, 30.157501767], [73.448223731, 30.157292465], [73.449234006, 30.157368761], [73.450546076, 30.157522416], [73.45279202, 30.158889916], [73.453300991, 30.159838037], [73.453711239, 30.16060226], [73.454138905, 30.161710758], [73.454659268, 30.16305964], [73.454184606, 30.164309713], [73.453611651, 30.16581865], [73.453040959, 30.166497898], [73.450503524, 30.169519093], [73.45008219, 30.170020033], [73.449772857, 30.170388658], [73.448773716, 30.171396171], [73.446865269, 30.173320696], [73.445840934, 30.174611486], [73.44537171600001, 30.175219311], [73.445462551, 30.177699029], [73.44596227000001, 30.178306865], [73.446658055, 30.17915269], [73.44897963800001, 30.179616018], [73.44941502, 30.179621299], [73.449961656, 30.179622758], [73.451690675, 30.179627372], [73.454600549, 30.179635137], [73.45632500100001, 30.179638761], [73.458437989, 30.181415242], [73.458229541, 30.183060739], [73.457400911, 30.184473221], [73.455269744, 30.188100815], [73.45529904300001, 30.188952884], [73.45533943800001, 30.190120098], [73.45538160000001, 30.191328031], [73.454650243, 30.194819581], [73.453501242, 30.196603257], [73.45280991700001, 30.197676448], [73.452209747, 30.198608265], [73.451769478, 30.199522507], [73.45095160400001, 30.201220859], [73.45002077, 30.20282551], [73.449262274, 30.204141784], [73.44940656700001, 30.20720443], [73.449824249, 30.208190704], [73.450210029, 30.209101629], [73.450918725, 30.210775026], [73.45171547400001, 30.212363325], [73.45296081500001, 30.214839643], [73.453584527, 30.216439172], [73.454139018, 30.217859419], [73.45433147700001, 30.218354428], [73.455269445, 30.220109931], [73.456643415, 30.221068631], [73.457320592, 30.221541137], [73.457905237, 30.221775632], [73.458861209, 30.222159063], [73.45964026, 30.222471532], [73.46028075800001, 30.222533538], [73.46262654200001, 30.222760352], [73.463657301, 30.222860017], [73.46434430100001, 30.222621626], [73.464747519, 30.222481706], [73.466568754, 30.221849482], [73.467130686, 30.221555221], [73.469128036, 30.220322834], [73.470121719, 30.21970972], [73.470826443, 30.218787765], [73.471537387, 30.217859419], [73.4741683, 30.214424099], [73.474553573, 30.213921194], [73.474964661, 30.213161739], [73.477456064, 30.208581875], [73.478161708, 30.20817262], [73.479681471, 30.207291299], [73.481210232, 30.207687913], [73.482100662, 30.210948536], [73.481340525, 30.213989206], [73.481117061, 30.214883156], [73.481042075, 30.215596134], [73.480898009, 30.217182059], [73.481828339, 30.219141483], [73.482689339, 30.219332415], [73.483817458, 30.219582612], [73.486411038, 30.219517442], [73.488446529, 30.218811668], [73.489522435, 30.218438617], [73.490236929, 30.218293629], [73.492361496, 30.217862516], [73.493044966, 30.218137562], [73.493521333, 30.218329258], [73.495001318, 30.21977804], [73.495379315, 30.220767015], [73.49576294900001, 30.221766505], [73.497911768, 30.226215479], [73.49849524000001, 30.227422585], [73.499473779, 30.229446843], [73.500718417, 30.230864883], [73.50655821, 30.237493675], [73.50773985500001, 30.23883068], [73.508183254, 30.239329279], [73.50883361400001, 30.24000945], [73.510067055, 30.241297008], [73.51160890700001, 30.242906509], [73.512663395, 30.244004516], [73.513480721, 30.244794543], [73.514767739, 30.246022442], [73.518950907, 30.250013457], [73.520559774, 30.251548421], [73.52139743500001, 30.252300356], [73.5219559, 30.252801668], [73.522345481, 30.253139092], [73.525134152, 30.255554416], [73.526513194, 30.256749029], [73.526954637, 30.257129022], [73.52756489, 30.25762602], [73.53013351, 30.259725255], [73.533911402, 30.261800308], [73.534718704, 30.262237814], [73.535654081, 30.262486237], [73.53781101300001, 30.263048789], [73.539834861, 30.263361912], [73.541051898, 30.263551769], [73.54229897, 30.263288062], [73.545557087, 30.262599096], [73.54644888700001, 30.262410515], [73.54770287, 30.261926058], [73.550164087, 30.260969088], [73.5510756, 30.260614557], [73.552698037, 30.259826058], [73.556739657, 30.25785947], [73.557756828, 30.257366598], [73.56173602, 30.255603646], [73.56249120000001, 30.25526907], [73.562978262, 30.255184703], [73.564661669, 30.254893108], [73.56593555100001, 30.254693781], [73.566999913, 30.255175178], [73.567224396, 30.255554921], [73.567544528, 30.256096424], [73.567980238, 30.256835923], [73.568020845, 30.257742941], [73.568116548, 30.260320615], [73.56817478500001, 30.261884443], [73.568199531, 30.262551088], [73.56875111100001, 30.26495299], [73.56919177, 30.266046042], [73.569386637, 30.266494786], [73.569579517, 30.266939143], [73.569809488, 30.267469785], [73.570269569, 30.26798132], [73.570730647, 30.268494172], [73.572276887, 30.270214293], [73.572728562, 30.270713643], [73.57338858, 30.27134062], [73.576474109, 30.272276501], [73.57712739, 30.272360919], [73.57856773, 30.272546751], [73.579442435, 30.272659609], [73.58030768200001, 30.272544854], [73.58201227500001, 30.272318794], [73.58287348, 30.272206162], [73.583990499, 30.271765767], [73.58518788100001, 30.271293689], [73.58596020600001, 30.270989192], [73.586857295, 30.270504806], [73.588002964, 30.269886087], [73.589099809, 30.269293783], [73.59129167600001, 30.268110158], [73.593087221, 30.26689842], [73.593526479, 30.26660207], [73.594360186, 30.266039469], [73.595602262, 30.265756272], [73.59660877600001, 30.26552635], [73.59762301100001, 30.265294665], [73.598460476, 30.265374534], [73.600100589, 30.26553095], [73.60092957900001, 30.265607984], [73.601707215, 30.26599278], [73.60318413200001, 30.26671999], [73.60446636200001, 30.267399444], [73.60528666200001, 30.268766068], [73.605569658, 30.269237214], [73.606069211, 30.270068977], [73.60722913, 30.27163589], [73.608408768, 30.273215632], [73.609448447, 30.274603638], [73.610627727, 30.275204785], [73.613308872, 30.276558753], [73.613703423, 30.276758], [73.61418039, 30.276998919], [73.615415379, 30.277216431], [73.61886314600001, 30.277823667], [73.620011951, 30.27802361], [73.620786519, 30.278158419], [73.621700234, 30.278172666], [73.625501272, 30.27819116], [73.62614459000001, 30.278001074], [73.631163663, 30.276488416], [73.631797147, 30.276297602], [73.63279382, 30.275216908], [73.633754149, 30.274175792], [73.634077814, 30.27289403], [73.63418172, 30.272477847], [73.634488478, 30.271105026], [73.634076609, 30.269789239], [73.63314355, 30.266815955], [73.633007027, 30.266380912], [73.63279661300001, 30.265705642], [73.63180245800001, 30.263682263], [73.631013013, 30.261917222], [73.63094915100001, 30.260311449], [73.6309114, 30.259361547], [73.63101563100001, 30.258904748], [73.63143215800001, 30.257079287], [73.631665413, 30.256102111], [73.63274844, 30.254847308], [73.634628035, 30.254790652], [73.63560244, 30.254761284], [73.636657756, 30.255359218], [73.637585084, 30.255884635], [73.638528488, 30.256419161], [73.639288678, 30.257410059], [73.639829667, 30.258115232], [73.641875683, 30.260782362], [73.642440412, 30.261518309], [73.643113014, 30.26264198], [73.644915403, 30.265653102], [73.645798814, 30.267128954], [73.646188298, 30.267670398], [73.646625435, 30.268278259], [73.648283589, 30.270583188], [73.649122077, 30.271748818], [73.649928904, 30.272620993], [73.651806616, 30.274650791], [73.652701234, 30.275617868], [73.65339037800001, 30.276138009], [73.653733052, 30.276396647], [73.656136089, 30.278210375], [73.656821046, 30.278727357], [73.657594361, 30.279122813], [73.659040419, 30.279862297], [73.660032101, 30.280369423], [73.661473619, 30.280710297], [73.662088452, 30.280855685], [73.66292582, 30.281052869], [73.663791529, 30.281079375], [73.66466001500001, 30.281105177], [73.665575269, 30.281108547], [73.66777281200001, 30.281116764], [73.668593497, 30.281118946], [73.66967479600001, 30.280960773], [73.672643241, 30.280485847], [73.675578296, 30.278932023], [73.676561046, 30.278406887], [73.67713662300001, 30.277102579], [73.67784880900001, 30.275487689], [73.678283178, 30.274507343], [73.678673193, 30.273228961], [73.679160547, 30.271631531], [73.67975362700001, 30.270731216], [73.680570466, 30.269491229], [73.681322496, 30.268349625], [73.682657438, 30.267837723], [73.684264647, 30.267318343], [73.686439672, 30.268129263], [73.688066283, 30.269317179], [73.688819887, 30.269867539], [73.68987590200001, 30.270449652], [73.691502232, 30.271346222], [73.693025921, 30.272186044], [73.69372727000001, 30.272560358], [73.695376401, 30.273336177], [73.69638367, 30.273864512], [73.697250839, 30.274318546], [73.697853173, 30.27450726], [73.698290326, 30.274638559], [73.699077989, 30.274875116], [73.69953614500001, 30.275012712], [73.701052246, 30.275468038], [73.702453977, 30.275469775], [73.70757961000001, 30.275476128], [73.708427053, 30.275476285], [73.709367021, 30.27541604], [73.710237455, 30.27535956], [73.71296841, 30.275181351], [73.71634735500001, 30.274905856], [73.717155556, 30.274839755], [73.71876764400001, 30.274707904], [73.721607008, 30.273870557], [73.722644696, 30.272661647], [73.72298095900001, 30.272354716], [73.723475475, 30.271939831], [73.724922024, 30.270726168], [73.725712774, 30.270061837], [73.726161554, 30.269447139], [73.727254926, 30.267916407], [73.727911458, 30.266997257], [73.729252595, 30.266662936], [73.73017948600001, 30.266431881], [73.73062323900001, 30.266482936], [73.73185501200001, 30.266624752], [73.732296919, 30.267066354], [73.73280399, 30.26762578], [73.733516451, 30.268411794], [73.735258641, 30.269825851], [73.736492655, 30.270827429], [73.737433065, 30.271590706], [73.73912906800001, 30.272967257], [73.740280813, 30.273601783], [73.742972169, 30.275084516], [73.74361859000001, 30.275440474], [73.744688022, 30.276029536], [73.745944322, 30.276529082], [73.749281374, 30.27785597], [73.750497965, 30.278339713], [73.751601928, 30.278647078], [73.75709290600001, 30.280176156], [73.757956003, 30.280416499], [73.76084554900001, 30.281221138], [73.76185163400001, 30.281430014], [73.76801201100001, 30.282636459], [73.768547765, 30.282739071], [73.769400194, 30.283208462], [73.770396769, 30.283834999], [73.771339722, 30.284427824], [73.7725727, 30.286621523], [73.772640433, 30.287923351], [73.773046038, 30.295431121], [73.773595268, 30.305566103], [73.773621514, 30.306091392], [73.773691074, 30.307856736], [73.773936756, 30.31412934], [73.773977051, 30.315178039], [73.77402243, 30.316359175], [73.77494435700001, 30.31764803], [73.775239027, 30.318059978], [73.77630422, 30.318594575], [73.777041201, 30.318964449], [73.777571391, 30.31923054], [73.78082350400001, 30.320718962], [73.78165219, 30.321098233], [73.78269632700001, 30.321309171], [73.78820965300001, 30.322409955], [73.789107498, 30.322586446], [73.789569263, 30.32267116], [73.791589322, 30.323062824], [73.79371806, 30.323469172], [73.797004135, 30.324365718], [73.797820531, 30.324588456], [73.798693194, 30.324687484], [73.799985929, 30.324834181], [73.800420326, 30.324883393], [73.801278592, 30.324980869], [73.801917903, 30.324962213], [73.802494198, 30.324945376], [73.804456512, 30.324877054], [73.806134493, 30.32429514], [73.81148190600001, 30.322442697], [73.814452279, 30.32209661], [73.816762884, 30.321826236], [73.817184396, 30.321776893], [73.81826088000001, 30.321650768], [73.820030118, 30.321441738], [73.82262664400001, 30.320403626], [73.823551928, 30.320033868], [73.825388034, 30.319299873], [73.827959018, 30.318840077], [73.830532446, 30.318379844], [73.831818885, 30.318149807], [73.83269029, 30.317925037], [73.837039444, 30.316803218], [73.838340394, 30.316467651], [73.83938092000001, 30.315799101], [73.84085578, 30.314851035], [73.84196861400001, 30.314135828], [73.842801986, 30.313600229], [73.84341142800001, 30.312843906], [73.84460475, 30.311362961], [73.84513764, 30.310701714], [73.846290302, 30.307789444], [73.846253665, 30.306851638], [73.846208879, 30.30570522], [73.846179519, 30.304953691], [73.846146261, 30.304101799], [73.846048234, 30.301590896], [73.846436693, 30.301229053], [73.847701024, 30.300051344], [73.848285761, 30.299863981], [73.849397884, 30.299507634], [73.85050996400001, 30.299471397], [73.851020749, 30.299454512], [73.851601493, 30.299713967], [73.852868571, 30.300392052], [73.853737206, 30.302103524], [73.854110308, 30.302838649], [73.854202019, 30.305090252], [73.854231404, 30.305811444], [73.854290171, 30.307303842], [73.85432108900001, 30.308085617], [73.854401314, 30.308982987], [73.854635967, 30.309850168], [73.855590363, 30.311229876], [73.857150376, 30.311487735], [73.85915416, 30.311816509], [73.862018326, 30.312677732], [73.862841743, 30.312924694], [73.864568789, 30.313451506], [73.865822139, 30.314152191], [73.87048442400001, 30.316782869], [73.871650653, 30.31744091], [73.872030264, 30.317664418], [73.873476937, 30.318720534], [73.881312233, 30.324440544], [73.88288288800001, 30.325587171], [73.883563642, 30.326133547], [73.88879994546333, 30.330336358560732], [73.89296215378045, 30.326444644604692], [73.89900990658197, 30.285979784039853], [73.90052184500718, 30.258558617586175], [73.90808153713328, 30.24027358465827], [73.89749796905608, 30.19977319187933], [73.88540246165434, 30.18147722679265], [73.75991158045514, 30.08994645206718], [73.72664893689898, 30.07163011553746], [73.6707072187632, 30.058544941995535], [73.60266999322567, 30.048075557241248], [73.57545510337036, 30.034987270246404], [73.51648950838415, 30.025824441244993], [73.48625074167842, 30.00880551076574], [73.43635677724353, 29.987855126512954], [73.40460607211259, 29.97999759241503], [73.37890312068254, 29.977378275587], [73.36282715187265, 29.970415315953648], [73.32447334007264, 29.94856123990934], [73.32144946412154, 29.943320880454337], [73.31641024662818, 29.915800014594435], [73.3165904162228, 29.916783981500405], [73.3090093444581, 29.919057985471767], [73.29812391905693, 29.928853500417617], [73.29812391905693, 29.93336055862213], [73.29811545037795, 29.933533230739396], [73.2980901256276, 29.93370424546281], [73.2980481878856, 29.933871961307023], [73.29799003969147, 29.93403476845099], [73.29791623918088, 29.934191104189832], [73.29782749472821, 29.934339467934482], [73.28936797693041, 29.94702697285799], [73.29222867541793, 29.97019539520408], [73.29224197481315, 29.970411633283046], [73.29224197481315, 29.98629066528058], [73.29223347786238, 29.986463624686888], [73.29220806884035, 29.986634918399563], [73.29216599244984, 29.986802896766513], [73.29210765390948, 29.986965942064238], [73.29203361505131, 29.987122484077396], [73.29194458891001, 29.98727101522082], [73.29184143285599, 29.987410105058405], [73.29172514033843, 29.987538414078983], [73.29159683131785, 29.987654706596544], [73.29145774148026, 29.98775786265057], [73.29130921033683, 29.98784688879187], [73.29115266832368, 29.98792092765004], [73.29098962302595, 29.9879792661904], [73.290821644659, 29.988021342580918], [73.29065035094632, 29.988046751602948], [73.29047739154002, 29.988055248553717], [73.28459544729624, 29.988055248553717], [73.28443101867461, 29.98804757090019], [73.28426802090185, 29.988024604750134], [73.28410787237563, 29.98798654995373], [73.2839519666997, 29.98793373766173], [73.28380166055669, 29.987866627443815], [73.28365826190243, 29.987785803289416], [73.28352301858418, 29.987691968525912], [73.28339710748187, 29.98758593969827], [73.28328162426703, 29.98746863946355], [73.28317757386827, 29.98734108856197], [73.2776447563414, 29.9798728278216], [73.27120139197342, 29.977940088412648], [73.26871419783802, 29.98913089925772], [73.26871419783802, 29.999523191945194], [73.26870570088725, 29.9996961513515], [73.26868029186522, 29.999867445064176], [73.26863821547471, 30.000035423431125], [73.26857987693435, 30.00019846872885], [73.26850583807618, 30.00035501074201], [73.26841681193488, 30.000503541885433], [73.26831365588086, 30.000642631723018], [73.2681973633633, 30.000770940743596], [73.26806905434272, 30.000887233261157], [73.26792996450513, 30.000990389315184], [73.2677814333617, 30.001079415456484], [73.26762489134855, 30.001153454314654], [73.26746184605082, 30.001211792855013], [73.26729386768388, 30.00125386924553], [73.26712257397119, 30.00127927826756], [73.2669496145649, 30.00128777521833], [73.2586664488078, 30.00128777521833], [73.24745181331286, 30.008856597213413], [73.23577927412911, 30.019360415651064], [73.23562766981517, 30.019482406528095], [73.23546355512812, 30.01958696278843], [73.2352889258286, 30.01967281294763], [73.23510590554305, 30.019738913001806], [73.22649445916284, 30.022321986197202], [73.21800687456178, 30.027413825897224], [73.19177455605603, 30.05101961607239], [73.18954549703032, 30.053827838284715], [73.18938049087025, 30.051577548458944], [73.189736838, 30.056437272]], [[73.35648815446521, 29.979082814447747], [73.3557549655907, 29.980574103102704], [73.35590426324794, 29.9798811861651], [73.35648815446521, 29.979082814447747]], [[73.34232674558969, 30.009428162295993], [73.34199227494618, 30.009775925550375], [73.34239581955443, 30.009237580867893], [73.34232674558969, 30.009428162295993]], [[73.23756020137311, 30.074062871285836], [73.23813022130382, 30.070791153188484], [73.23835148979833, 30.07099984948043], [73.23756020137311, 30.074062871285836]]]}}, {"type": "Feature", "properties": {"na": "NA-161", "src": "sheet-split: bwn_na162.jpg, outline-fit", "approx": false, "rms_km": 1.096}, "geometry": {"type": "MultiPolygon", "coordinates": [[[[73.00604050149235, 29.683562847689835], [73.00453805028788, 29.684914864968576], [73.00072052020779, 29.68835016231136], [72.99809481675871, 29.693075768602526], [72.99520379050215, 29.719091371908206], [72.99520379050215, 29.734556340370958], [72.99788381831159, 29.741791405100702], [73.0090301880252, 29.751821737136225], [73.0174739685231, 29.754354517590166], [73.01769102276559, 29.754435502046697], [73.02252378339544, 29.756609940676096], [73.02755051978669, 29.752086509607985], [73.02769403475662, 29.751970358028938], [73.02784890048075, 29.75186983766582], [73.02801342157089, 29.751786048962476], [73.02818579693705, 29.751719909193394], [73.02836413950472, 29.751672142421832], [73.02854649687367, 29.751643271573187], [73.02873087269171, 29.75163361271026], [73.03461281693549, 29.75163361271026], [73.03479132879046, 29.75164266539538], [73.03496800903835, 29.75166973056636], [73.03514104486513, 29.751714530523106], [73.03530866085008, 29.751776605599126], [73.03546913718235, 29.751855318877904], [73.03562082730693, 29.751949862727926], [73.03576217481904, 29.75205926708933], [73.03589172943344, 29.752182409427128], [73.03600816186506, 29.75231802624888], [73.03611027746791, 29.752464726068677], [73.03619702849275, 29.752621003684354], [73.0362675248374, 29.752785255621525], [73.03916169824376, 29.760598432731218], [73.04203723368178, 29.76577367381228], [73.04211608853608, 29.765934266095226], [73.04217827688612, 29.766102017633237], [73.04222315946409, 29.766275204017177], [73.04225027489761, 29.76645204497016], [73.0422593444524, 29.76663072264801], [73.0422593444524, 29.785156259978468], [73.04225084750163, 29.785329219384774], [73.0422254384796, 29.78550051309745], [73.04218336208909, 29.7856684914644], [73.04212502354873, 29.785831536762124], [73.04205098469056, 29.785988078775283], [73.04196195854927, 29.786136609918707], [73.04185880249524, 29.786275699756292], [73.04174250997768, 29.78640400877687], [73.0416142009571, 29.78652030129443], [73.04147511111951, 29.78662345734846], [73.04132657997609, 29.786712483489758], [73.04117003796293, 29.786786522347928], [73.0410069926652, 29.786844860888287], [73.04083901429826, 29.786886937278805], [73.04066772058557, 29.786912346300834], [73.04049476117927, 29.786920843251604], [73.03773467128913, 29.786920843251604], [73.02666875340945, 29.790904017449584], [73.0242668018759, 29.794146199258623], [73.02416275147714, 29.794273750160205], [73.0240472682623, 29.794391050394925], [73.02392135715999, 29.794497079222566], [73.02378611384174, 29.79459091398607], [73.02364271518748, 29.79467173814047], [73.02349240904447, 29.794738848358385], [73.02333650336854, 29.794791660650386], [73.02317635484232, 29.794829715446788], [73.02301335706956, 29.794852681596844], [73.02284892844793, 29.79486035925037], [73.01696698420415, 29.79486035925037], [73.0167958429938, 29.794852040425987], [73.01662631541508, 29.794827162388174], [73.01645999988519, 29.79478595970339], [73.00763708351951, 29.792139454370467], [73.00745406323396, 29.79207335431629], [73.00727943393444, 29.791987504157092], [73.00711531924739, 29.791882947896756], [73.00696371493345, 29.791760957019726], [72.99864408761606, 29.78427433791868], [72.99381789978504, 29.78427433791868], [72.98895526118527, 29.786462219757237], [72.98627099876525, 29.793708716339108], [72.98620384596424, 29.79386611546698], [72.98612176265283, 29.79401626976804], [72.98602552080153, 29.794157767083203], [72.98591602553796, 29.79428927666991], [72.98579430663438, 29.79440956171739], [72.98566150882289, 29.794517490978514], [72.9855188810297, 29.79461204940885], [72.98536776462917, 29.794692347712893], [72.98520958082868, 29.794757630707608], [72.98504581730248, 29.79480728442475], [72.9848780142006, 29.794840841885033], [72.98260045038975, 29.795182428755048], [72.97298727735954, 29.796624203369944], [72.96723218146926, 29.797487347217956], [72.96705937030808, 29.79750462314782], [72.96688569787695, 29.797504827714366], [72.96671284649715, 29.797487958936014], [72.96654249053663, 29.797454180216384], [72.96637628019086, 29.797403818761463], [72.96621582549777, 29.797337362410033], [72.9660626807417, 29.7972554549081], [72.95765883901574, 29.79221385391745], [72.95226559752254, 29.79221385391745], [72.9520812217045, 29.792204195054524], [72.95189886433555, 29.79217532420588], [72.95172052176788, 29.792127557434316], [72.95154814640172, 29.792061417665234], [72.95138362531158, 29.79197762896189], [72.95122875958745, 29.791877108598772], [72.95108524461752, 29.791760957019726], [72.94520330037373, 29.78646794635388], [72.9450744244371, 29.786339338153386], [72.94495948657165, 29.786198134883712], [72.94485971040775, 29.78604583979712], [72.94477615816406, 29.785884074229543], [72.94470971933909, 29.785714560339798], [72.94466110124164, 29.78553910277547], [72.94202722543801, 29.77368831658699], [72.94024111504537, 29.77368831658699], [72.93723614363205, 29.774589682137908], [72.93318243162999, 29.778237513530705], [72.93285518151806, 29.779120965461402], [72.93140895918395, 29.783025220545618], [72.93039252844932, 29.78576920034034], [72.93032339560624, 29.785930666758315], [72.93023855304932, 29.786084460433944], [72.93013884138986, 29.786229057595378], [72.93002524856068, 29.786363025588887], [72.92989890002778, 29.786485037073433], [72.92976104763937, 29.786593883171836], [72.92961305722268, 29.786688485448202], [72.92945639505145, 29.78676790659295], [72.9292926133183, 29.78683135970959], [72.9291233347557, 29.786878216111194], [72.92895023655817, 29.786908011549382], [72.92877503376474, 29.78692045081403], [72.9285994622666, 29.78691541065819], [72.92842526160803, 29.7868929410192], [72.91372040099857, 29.784246435686278], [72.91351075643819, 29.78419529836573], [72.91330892137651, 29.78411895391517], [72.90742697713273, 29.781472448582246], [72.90724323830388, 29.781376422910565], [72.8984203219382, 29.77608341224472], [72.89826721484225, 29.775980301849145], [72.89812571691157, 29.775861761256447], [72.89799737654552, 29.77572908764586], [72.89788359816139, 29.775583732852994], [72.89778562682599, 29.775427287482508], [72.89519305789092, 29.770761314988874], [72.88730525964418, 29.768395305921146], [72.88291038052319, 29.768395305921146], [72.88050587774839, 29.77488655692876], [72.88050587774839, 29.78701681285006], [72.89168553586785, 29.797077100267668], [72.89180238583354, 29.79719253464621], [72.89190799623181, 29.79731833390699], [72.89200145200513, 29.79745340806686], [72.89208194340937, 29.797596586780635], [72.89214877302963, 29.79774662948152], [72.89220136182308, 29.79790223612995], [72.89223925413604, 29.798062058477733], [72.89226212165192, 29.798224711749913], [72.89226976623596, 29.79838878664308], [72.89226976623596, 29.800622984313595], [72.89226976623596, 29.815398416568748], [72.89226976623596, 29.81956082930646], [72.89226169763657, 29.819729382944054], [72.89223756562613, 29.81989639515054], [72.89219759089303, 29.82006033859126], [72.89214213900813, 29.820219713995584], [72.89207171708158, 29.820373063867784], [72.89198696912527, 29.82051898581591], [72.89188867016335, 29.820656145376738], [72.89177771914453, 29.820783288219502], [72.89165513072122, 29.820899251616794], [72.89152202597043, 29.82100297507778], [72.89137962214149, 29.82109351004642], [72.89122922152427, 29.821170028576084], [72.88534727728049, 29.823816533909007], [72.8851734598728, 29.823883941572976], [72.8849935007975, 29.82393263464839], [72.8848094087902, 29.823962069614367], [72.88462323871904, 29.82397191791252], [72.87956135563769, 29.82397191791252], [72.87203017870085, 29.825327340480328], [72.86874198926083, 29.82828629776656], [72.86874198926083, 29.835439861303996], [72.8687343446768, 29.835603936197163], [72.86871147716091, 29.835766589469344], [72.86867358484795, 29.835926411817127], [72.8686209960545, 29.836082018465557], [72.86855416643424, 29.83623206116644], [72.86847367503, 29.836375239880216], [72.86838021925668, 29.836510314040087], [72.86827460885841, 29.836636113300866], [72.86815775889272, 29.83675154767941], [72.85955385835702, 29.84449397695379], [72.85682142668651, 29.849411667219556], [72.85403712865137, 29.85692822224936], [72.85403712865137, 29.866881607017085], [72.85671715646082, 29.87411667174683], [72.86227581464894, 29.879118765588267], [72.86239266461463, 29.87923419996681], [72.8624982750129, 29.87935999922759], [72.86259173078622, 29.87949507338746], [72.86267222219045, 29.879638252101234], [72.86273905181072, 29.87978829480212], [72.86279164060417, 29.87994390145055], [72.86282953291713, 29.88010372379833], [72.86285240043301, 29.880266377070512], [72.86286004501704, 29.88043045196368], [72.86286004501704, 29.888369967962447], [72.86285154806627, 29.888542927368754], [72.86282613904424, 29.88871422108143], [72.86278406265373, 29.88888219944838], [72.86272572411337, 29.889045244746104], [72.8626516852552, 29.889201786759262], [72.8625626591139, 29.889350317902686], [72.86245950305988, 29.88948940774027], [72.86234321054232, 29.88961771676085], [72.86221490152174, 29.88973400927841], [72.86207581168415, 29.889837165332438], [72.86192728054073, 29.889926191473737], [72.86177073852757, 29.890000230331907], [72.86160769322984, 29.890058568872266], [72.8614397148629, 29.890100645262784], [72.86126842115021, 29.890126054284814], [72.86109546174391, 29.890134551235583], [72.85521351750013, 29.890134551235583], [72.8550291416821, 29.890124892372658], [72.85484678431314, 29.890096021524013], [72.85466844174547, 29.89004825475245], [72.85449606637931, 29.88998211498337], [72.85433154528917, 29.889898326280026], [72.85417667956504, 29.889797805916906], [72.85403316459511, 29.88968165433786], [72.84571353727772, 29.882195035236816], [72.84050865689068, 29.882195035236816], [72.84034995387574, 29.88218788403374], [72.84019253719002, 29.88216648838688], [72.84003768273664, 29.882131021713512], [72.8398866456512, 29.882081771480244], [72.83974065012856, 29.882019136873023], [72.83960087950038, 29.88194362556162], [72.83144625575686, 29.877051534481815], [72.82517057494047, 29.87893397584926], [72.82715305554842, 29.884285926106394], [72.83513369696585, 29.886679784236293], [72.8353167172514, 29.88674588429047], [72.83549134655092, 29.886831734449668], [72.83565546123798, 29.886936290710004], [72.83580706555192, 29.887058281587034], [72.84148409204812, 29.892166892031014], [72.8428490927232, 29.892781056568506], [72.85123962529444, 29.896556269028114], [72.85887852818347, 29.899993295357437], [72.85903152648928, 29.90007129886514], [72.8591762176287, 29.900163805637664], [72.85931123110821, 29.900269939464238], [72.85943528809965, 29.9003886950606], [72.85954721355313, 29.900518947590914], [72.85964594732695, 29.900659463322057], [72.8597305542291, 29.90080891130934], [72.8598002328752, 29.900965876003042], [72.85985432327922, 29.901128870656287], [72.85989231310467, 29.901296351407282], [72.8599138425174, 29.901466731902588], [72.85991870759395, 29.90163839832278], [72.859906862253, 29.90180972466836], [72.85987841869192, 29.90197908816096], [72.859833646324, 29.902144884614067], [72.85977296922665, 29.90230554362766], [72.85969696212453, 29.90245954346279], [72.85675599000264, 29.907752554128635], [72.8566313909281, 29.907945928574293], [72.85119049972145, 29.915290106110216], [72.85330343801604, 29.92859975871182], [72.85426423, 29.928209812], [72.856671522, 29.92723531], [72.857080858, 29.927066596], [72.85750642500001, 29.926957037], [72.86442357, 29.925133835], [72.864840295, 29.925550193], [72.866507948, 29.927218575], [72.868104385, 29.928195888], [72.868977351, 29.928732962], [72.869314126, 29.929627532], [72.869902607, 29.931196827], [72.87035083100001, 29.932388287], [72.869763833, 29.933004312], [72.868889437, 29.933921946], [72.86723146700001, 29.934262331], [72.86284303500001, 29.935187238], [72.861738105, 29.935949016], [72.85962532500001, 29.937408781], [72.859273158, 29.937649818], [72.857520231, 29.939419206], [72.857112063, 29.940658229], [72.856702162, 29.941902508], [72.855773688, 29.944721066], [72.855641788, 29.945349304], [72.855157731, 29.948401749], [72.854950132, 29.949710862], [72.85529532400001, 29.950938212], [72.855899035, 29.953084733], [72.856216383, 29.954198696], [72.856969531, 29.955251248], [72.859218349, 29.958393372], [72.859719891, 29.959096404], [72.860249269, 29.959703364], [72.86138959, 29.961011919], [72.863721032, 29.964555798], [72.86492848600001, 29.966388053], [72.866240813, 29.967573503], [72.867840821, 29.9690046], [72.868174779, 29.969302393], [72.86923521, 29.970113872], [72.870637588, 29.971183975], [72.870988892, 29.971452042], [72.878099245, 29.976877765], [72.879241301, 29.977750557], [72.88009973, 29.978777497], [72.88083400500001, 29.979704785], [72.881865437, 29.981007783], [72.882642336, 29.981988457], [72.883075032, 29.983166369], [72.88373395, 29.984960121], [72.884083314, 29.985911183], [72.88451014600001, 29.987895674], [72.884851022, 29.989480533], [72.885109482, 29.990682215], [72.885456194, 29.9922871], [72.885707032, 29.993448194], [72.88670585, 29.995478884], [72.887748164, 29.996389941], [72.88969099900001, 29.997938513], [72.890199374, 29.998298114], [72.892967667, 29.999797487], [72.894080566, 30.000400228], [72.895337995, 30.000584742], [72.899105448, 30.001137573], [72.899949006, 30.001261355], [72.90113564100001, 30.001240676], [72.902266666, 30.001221218], [72.904276116, 30.00118642], [72.905895345, 30.001158328], [72.907098444, 30.001137456], [72.90826607800001, 30.000883368], [72.910116199, 30.000480762], [72.91066312, 30.000361746], [72.911951901, 30.000081296], [72.91313722800001, 29.999510595], [72.917087903, 29.997616034], [72.91804552, 29.997157061], [72.920248399, 29.995912497], [72.921651885, 29.995119567], [72.922519936, 29.994143027], [72.92512483, 29.991212575], [72.925979818, 29.990250731], [72.926833505, 29.988798852], [72.927902752, 29.986980365], [72.928576598, 29.985834363], [72.929701391, 29.98392144], [72.93128569000001, 29.981764945], [72.934722358, 29.977094396], [72.93578003, 29.975657819], [72.935980775, 29.975246157], [72.93654245, 29.974073607], [72.9372932, 29.972512371], [72.939922053, 29.967045492], [72.940671925, 29.965489237], [72.941704336, 29.964673815], [72.94214917, 29.96432263], [72.943634159, 29.963149979], [72.94399132, 29.962867939], [72.94642814, 29.961688567], [72.948130429, 29.961408697], [72.94902895300001, 29.961260897], [72.952490178, 29.961746332], [72.958147625, 29.962541395], [72.959015891, 29.962663416], [72.9601294, 29.962821893], [72.961328734, 29.962855747], [72.96430736100001, 29.962940904], [72.970986321, 29.963128518], [72.979628319, 29.962556253], [72.980382635, 29.962507201], [72.981479043, 29.962436039], [72.982472668, 29.962655453], [72.983109896, 29.962814268], [72.98360197, 29.9629358], [72.984091307, 29.963058303], [72.98745952, 29.964660418], [72.988680453, 29.965238555], [72.989868908, 29.965833298], [72.991274612, 29.9665367], [72.99232149, 29.967060548], [72.993607814, 29.967163561], [72.995298113, 29.967298926], [72.996581026, 29.967401666], [72.997863349, 29.967129458], [73.005589776, 29.965501107], [73.007731854, 29.965052102], [73.008614836, 29.964936237], [73.014845577, 29.964118637], [73.015581874, 29.96402202], [73.017711939, 29.96419163], [73.018544407, 29.965334361], [73.01851525, 29.966674937], [73.018479207, 29.967709253], [73.01726172, 29.968830296], [73.016460295, 29.969568215], [73.01573091600001, 29.970239839], [73.015306314, 29.970492446], [73.014576319, 29.970926907], [73.01149876, 29.972757675], [73.01059514, 29.973525575], [73.00954643, 29.974416771], [73.00846433800001, 29.975340706], [73.007967692, 29.976237875], [73.006007729, 29.979780066], [73.00545752, 29.980769064], [73.005548296, 29.982572252], [73.007155581, 29.984755325], [73.008498065, 29.985427373], [73.014222211, 29.987846542], [73.016260223, 29.988707857], [73.017018626, 29.989029673], [73.01744921800001, 29.989200317], [73.018169667, 29.989555785], [73.020609666, 29.990759806], [73.021153223, 29.991027503], [73.021802417, 29.991348203], [73.022525466, 29.991940172], [73.024071, 29.993205519], [73.024710811, 29.99372934], [73.02512601, 29.994278948], [73.026708968, 29.996374347], [73.026966735, 29.996825223], [73.02718904000001, 29.997274882], [73.027740076, 29.998389477], [73.028151244, 29.999927823], [73.027989331, 30.000322373], [73.027654618, 30.001274267], [73.024932735, 30.009018141], [73.024468822, 30.010340737], [73.023839181, 30.011571106], [73.023235594, 30.012724171], [73.021980971, 30.015122608], [73.02134397200001, 30.016384309], [73.020556237, 30.017946698], [73.019957353, 30.01913546], [73.019158226, 30.020913306], [73.018842381, 30.021616392], [73.017312406, 30.025022885], [73.016388981, 30.027081243], [73.016391005, 30.028978417], [73.016391514, 30.029962799], [73.016340905, 30.030828034], [73.016267944, 30.032041686], [73.016552339, 30.032936759], [73.016974882, 30.034266715], [73.01721097100001, 30.035009654], [73.017597957, 30.035521927], [73.01873285900001, 30.037024257], [73.019310008, 30.037788259], [73.020199, 30.03826288], [73.026751303, 30.041760694], [73.028716172, 30.041994687], [73.03044065600001, 30.042200001], [73.030940256, 30.042118146], [73.032253749, 30.041902944], [73.035369184, 30.041390694], [73.038584876, 30.04068957], [73.039588938, 30.040469165], [73.04020846600001, 30.040332372], [73.041362605, 30.039773557], [73.04598144500001, 30.037537191], [73.047521757, 30.036791398], [73.048019079, 30.036439812], [73.048714258, 30.035948346], [73.053594646, 30.032527045], [73.054319037, 30.032039295], [73.056491871, 30.030574758], [73.056854807, 30.030331897], [73.05726300900001, 30.030059501], [73.059796137, 30.028384168], [73.061071726, 30.02754108], [73.061970859, 30.026878377], [73.06328890600001, 30.025904754], [73.067930677, 30.022470711], [73.069584081, 30.021248281], [73.071260402, 30.019951646], [73.07315621, 30.018491425], [73.0818713, 30.01178323], [73.083285708, 30.010694529], [73.084700776, 30.009608618], [73.085323707, 30.008969199], [73.087671873, 30.00655994], [73.08858156, 30.005665634], [73.090016066, 30.004257992], [73.091099192, 30.003769118], [73.094684588, 30.002150834], [73.095281764, 30.001881296], [73.09620188800001, 30.001730838], [73.09701270500001, 30.001598248], [73.09955785400001, 30.002270216], [73.100327658, 30.003700605], [73.100448314, 30.004458235], [73.100630269, 30.005615137], [73.10076071200001, 30.006440585], [73.10053066600001, 30.00729195], [73.10009873700001, 30.008890443], [73.099778478, 30.010076133], [73.099418565, 30.01135015], [73.097998075, 30.012058841], [73.09362934100001, 30.014236985], [73.092438457, 30.0148299], [73.09097061300001, 30.015076986], [73.090515386, 30.015151599], [73.089240524, 30.015360914], [73.087727583, 30.015867813], [73.087001705, 30.016111012], [73.086171338, 30.016389414], [73.085618, 30.016732025], [73.083705701, 30.017916062], [73.08274443900001, 30.01850993], [73.081725637, 30.020423772], [73.08189804700001, 30.022637978], [73.083422719, 30.024379697], [73.08463484100001, 30.024744322], [73.087220403, 30.025522095], [73.087759173, 30.025684539], [73.088250743, 30.025790694], [73.091642151, 30.026409597], [73.09371100300001, 30.027227765], [73.094740787, 30.027634984], [73.09580209100001, 30.028054649], [73.09721351200001, 30.028612726], [73.09842886, 30.029093667], [73.101142898, 30.030167611], [73.103081266, 30.030935104], [73.10353289800001, 30.031092918], [73.105108666, 30.031651823], [73.10791081, 30.032645707], [73.110846508, 30.033686961], [73.11210624, 30.03413388], [73.112735491, 30.034390194], [73.116037446, 30.035735236], [73.11759093900001, 30.036367712], [73.118709783, 30.037030562], [73.120736078, 30.038231829], [73.122530763, 30.039315675], [73.123957405, 30.040458165], [73.12579427, 30.041929172], [73.12643552, 30.042363682], [73.127545503, 30.043142151], [73.128951809, 30.044132568], [73.129632725, 30.044613028], [73.13030946900001, 30.045076952], [73.131662355, 30.046004387], [73.13265986200001, 30.046682167], [73.13396444300001, 30.047562344], [73.1362935, 30.049133666], [73.13763740200001, 30.050160969], [73.139031895, 30.051228714], [73.141268919, 30.051723856], [73.144738637, 30.052431528], [73.146059852, 30.053056815], [73.147325479, 30.053655795], [73.148408499, 30.054168354], [73.149452171, 30.054995327], [73.149800165, 30.055271066], [73.150294477, 30.055690749], [73.152450644, 30.057818314], [73.152883046, 30.058264289], [73.15406025300001, 30.059478446], [73.154950053, 30.061231996], [73.155442066, 30.062268262], [73.156202124, 30.063802337], [73.15646525000001, 30.065008637], [73.157024674, 30.067573305], [73.15735119300001, 30.06924365], [73.157326966, 30.071326584], [73.15730699400001, 30.07304773], [73.157292628, 30.074288793], [73.157790585, 30.076548828], [73.158934704, 30.077709588], [73.15933114900001, 30.078111802], [73.15975237, 30.078217307], [73.16059057400001, 30.078427246], [73.162147425, 30.07792958], [73.163207232, 30.076497935], [73.164523836, 30.074541666], [73.16567406300001, 30.072179322], [73.169510142, 30.064295435], [73.17049560000001, 30.062271445], [73.171804079, 30.060416694], [73.173042396, 30.058676685], [73.174518235, 30.056492581], [73.180522377, 30.047607668], [73.180932038, 30.047002714], [73.18270938500001, 30.045371977], [73.185310193, 30.044941446], [73.186669698, 30.045441986], [73.187261759, 30.045659969], [73.18794191, 30.046832697], [73.188675523, 30.048097605], [73.18918806, 30.04898133], [73.18928643800001, 30.050294892], [73.18954549703032, 30.053827838284715], [73.19177455605603, 30.05101961607239], [73.21800687456178, 30.027413825897224], [73.22649445916284, 30.022321986197202], [73.23510590554305, 30.019738913001806], [73.2352889258286, 30.01967281294763], [73.23546355512812, 30.01958696278843], [73.23562766981517, 30.019482406528095], [73.23577927412911, 30.019360415651064], [73.24745181331286, 30.008856597213413], [73.2586664488078, 30.00128777521833], [73.2669496145649, 30.00128777521833], [73.26712257397119, 30.00127927826756], [73.26729386768388, 30.00125386924553], [73.26746184605082, 30.001211792855013], [73.26762489134855, 30.001153454314654], [73.2677814333617, 30.001079415456484], [73.26792996450513, 30.000990389315184], [73.26806905434272, 30.000887233261157], [73.2681973633633, 30.000770940743596], [73.26831365588086, 30.000642631723018], [73.26841681193488, 30.000503541885433], [73.26850583807618, 30.00035501074201], [73.26857987693435, 30.00019846872885], [73.26863821547471, 30.000035423431125], [73.26868029186522, 29.999867445064176], [73.26870570088725, 29.9996961513515], [73.26871419783802, 29.999523191945194], [73.26871419783802, 29.98913089925772], [73.27120139197342, 29.977940088412648], [73.2776447563414, 29.9798728278216], [73.28317757386827, 29.98734108856197], [73.28328162426703, 29.98746863946355], [73.28339710748187, 29.98758593969827], [73.28352301858418, 29.987691968525912], [73.28365826190243, 29.987785803289416], [73.28380166055669, 29.987866627443815], [73.2839519666997, 29.98793373766173], [73.28410787237563, 29.98798654995373], [73.28426802090185, 29.988024604750134], [73.28443101867461, 29.98804757090019], [73.28459544729624, 29.988055248553717], [73.29047739154002, 29.988055248553717], [73.29065035094632, 29.988046751602948], [73.290821644659, 29.988021342580918], [73.29098962302595, 29.9879792661904], [73.29115266832368, 29.98792092765004], [73.29130921033683, 29.98784688879187], [73.29145774148026, 29.98775786265057], [73.29159683131785, 29.987654706596544], [73.29172514033843, 29.987538414078983], [73.29184143285599, 29.987410105058405], [73.29194458891001, 29.98727101522082], [73.29203361505131, 29.987122484077396], [73.29210765390948, 29.986965942064238], [73.29216599244984, 29.986802896766513], [73.29220806884035, 29.986634918399563], [73.29223347786238, 29.986463624686888], [73.29224197481315, 29.98629066528058], [73.29224197481315, 29.970411633283046], [73.29222867541793, 29.97019539520408], [73.28936797693041, 29.94702697285799], [73.29782749472821, 29.934339467934482], [73.29791623918088, 29.934191104189832], [73.29799003969147, 29.93403476845099], [73.2980481878856, 29.933871961307023], [73.2980901256276, 29.93370424546281], [73.29811545037795, 29.933533230739396], [73.29812391905693, 29.93336055862213], [73.29812391905693, 29.928853500417617], [73.3090093444581, 29.919057985471767], [73.3165904162228, 29.916783981500405], [73.30633008076865, 29.860748829994577], [73.28818682056539, 29.825339870738503], [73.27760325248818, 29.761047118229953], [73.26399580666123, 29.737419002584943], [73.24887642330833, 29.682265085165625], [73.2352689783807, 29.657304554661494], [73.2261973487287, 29.629709394572956], [73.2246854103035, 29.60867943560754], [73.21246259434764, 29.594781361523214], [73.21176094630412, 29.59398354565778], [73.21166681952053, 29.593876517865127], [73.20503021167497, 29.586330297105576], [73.19444664359776, 29.53109355842105], [73.1827846754846, 29.513560527670755], [73.17204944918714, 29.518927391352566], [73.17191120759384, 29.5190044370534], [73.1717804251168, 29.519093559002652], [73.17165815375935, 29.5191940403108], [73.16586755881939, 29.524404848082607], [73.15420553219599, 29.532275616923403], [73.154012321028, 29.532426566975413], [73.14582629853801, 29.539792958521236], [73.13909631609827, 29.54786780981941], [73.1362605769817, 29.55552323637608], [73.136195519622, 29.555676302072584], [73.13611634032976, 29.555822562823224], [73.13602374250776, 29.555960719295594], [73.1242598540202, 29.57183975129313], [73.12414764502861, 29.571976338756173], [73.12402233349725, 29.572101014387155], [73.11814038925347, 29.577394025053], [73.11799687428353, 29.577510176632046], [73.1178420085594, 29.577610696995166], [73.11767748746927, 29.57769448569851], [73.1175051121031, 29.57776062546759], [73.11732676953544, 29.577808392239152], [73.11714441216648, 29.577837263087797], [73.11696003634844, 29.577846921950723], [73.1117551559614, 29.577846921950723], [73.1063765007659, 29.582687035718845], [73.10624347396461, 29.5827955120666], [73.10610053705888, 29.582890550421304], [73.1059490425593, 29.582971251502375], [73.10579042395095, 29.583036851692693], [73.10562618212926, 29.583086730264167], [73.10545787119814, 29.58312041525123], [73.0878120384668, 29.585766920584152], [73.08768154015841, 29.585781551843375], [73.08755031512953, 29.58578643794949], [73.06996264845223, 29.58578643794949], [73.0714469549007, 29.58845781650647], [73.07152580975499, 29.588618408789415], [73.07158799810503, 29.588786160327427], [73.071632880683, 29.588959346711366], [73.07165999611652, 29.589136187664348], [73.07166906567132, 29.5893148653422], [73.07166906567132, 29.59402544566377], [73.07720430006994, 29.601496968725424], [73.07730771919174, 29.60165328736761], [73.07739397428065, 29.601819693774594], [73.07746209216084, 29.60199431046065], [73.07751130429007, 29.602175167307315], [73.0775410554309, 29.60236022379131], [73.0775510099151, 29.602547392006812], [73.0775510099151, 29.607257972328384], [73.08308624431372, 29.614729495390037], [73.08318966343552, 29.614885814032224], [73.08327591852444, 29.615052220439207], [73.08334403640463, 29.615226837125263], [73.08339324853385, 29.615407693971928], [73.08342299967468, 29.615592750455924], [73.08343295415888, 29.615779918671425], [73.08343295415888, 29.62107292933727], [73.08342388460409, 29.62125160701512], [73.08339676917056, 29.621428447968103], [73.0833518865926, 29.621601634352043], [73.08328969824255, 29.621769385890055], [73.08321084338826, 29.621929978173], [73.07732889914448, 29.63251599950469], [73.0772251872302, 29.632680577850266], [73.07710398971699, 29.63283274011821], [73.07696677954699, 29.632970637044373], [73.06814386318132, 29.64091015304314], [73.06800034821138, 29.641026304622187], [73.06784548248726, 29.641126824985307], [73.06768096139712, 29.64121061368865], [73.06750858603095, 29.64127675345773], [73.06733024346329, 29.641324520229293], [73.06714788609433, 29.64135339107794], [73.0669635102763, 29.641363049940864], [73.06175862988925, 29.641363049940864], [73.0416751140843, 29.6594356903736], [73.04153354470381, 29.659550427118084], [73.04138089729011, 29.65964995187439], [73.04121879974072, 29.65973320326781], [73.02945491125315, 29.665026213933654], [73.02928109384547, 29.665093621597624], [73.02910113477017, 29.665142314673037], [73.02891704276287, 29.665171749639015], [73.02873087269171, 29.665181597937167], [73.02352599230467, 29.665181597937167], [73.016096824431, 29.6718669154383], [73.01862169210605, 29.678683106299694], [73.01867472884443, 29.678851791811958], [73.01871061675189, 29.679024938442776], [73.0187289954492, 29.679200807488236], [73.01872968038116, 29.67937763290647], [73.01871266466983, 29.67955363905191], [73.01867811918358, 29.679727058505968], [73.01862639082127, 29.67989614982508], [73.01855799902883, 29.680059215027963], [73.01847363058296, 29.68021461664639], [73.01837413269479, 29.680360794168305], [73.01826050450224, 29.68049627970821], [73.01813388703695, 29.68061971274734], [73.01799555176625, 29.680729853795746], [73.01784688782531, 29.680825596839], [73.01768938806778, 29.680905980444564], [73.01752463407479, 29.680970197416308], [73.01735428027307, 29.681017602900212], [73.01469105751096, 29.681616744353324], [73.00604050149235, 29.683562847689835]], [[73.1019881485246, 29.674483102143245], [73.10160669587302, 29.671750903698694], [73.10385912551355, 29.672326215064334], [73.1019881485246, 29.674483102143245]], [[73.02165606377687, 29.825695184706035], [73.02118017505279, 29.82788877643769], [73.02004194688534, 29.82456170495712], [73.02165606377687, 29.825695184706035]], [[73.00689414087427, 29.841678942254042], [72.9999896374121, 29.84062689615879], [73.00820924254377, 29.84136884744981], [73.00689414087427, 29.841678942254042]], [[72.91620583170668, 29.978064307937586], [72.91513374638141, 29.98109782022122], [72.91395410906884, 29.98221043199866], [72.91620583170668, 29.978064307937586]], [[72.8911975081983, 29.993667938791862], [72.8922523241948, 29.993649759232802], [72.89065405167933, 29.99429773721889], [72.8911975081983, 29.993667938791862]], [[72.87827761112543, 29.834465199459327], [72.87716747145997, 29.827021963375646], [72.87814591560534, 29.828562001494802], [72.87827761112543, 29.834465199459327]]], [[[72.85299385, 29.928725408], [72.85273170773243, 29.92898185691887], [72.85273170773243, 29.928981856918874], [72.85299385, 29.928725408]]]]}}, {"type": "Feature", "properties": {"na": "NA-162", "src": "sheet-split: bwn_na162.jpg, outline-fit", "approx": false, "rms_km": 1.096}, "geometry": {"type": "Polygon", "coordinates": [[[73.03566660300453, 29.572214908634546], [73.03468208467785, 29.573100851409222], [73.02991122559673, 29.577394025053], [73.02977891450071, 29.577501973311712], [73.02963678891547, 29.577596627264136], [73.02948617978984, 29.577677100514144], [73.0293284975176, 29.57774263946218], [73.01494917798047, 29.582918471705614], [73.0093244207435, 29.58798004638469], [73.00918090577356, 29.588096197963736], [73.00902604004943, 29.588196718326856], [73.00886151895929, 29.5882805070302], [73.00868914359313, 29.58834664679928], [73.00851080102547, 29.588394413570843], [73.00832844365651, 29.588423284419488], [73.00814406783847, 29.588432943282413], [73.00226212359469, 29.588432943282413], [73.00206728419242, 29.58842215353622], [73.00187482752577, 29.588389916247923], [72.9901109390382, 29.585743410915], [72.9899371686792, 29.58569486352011], [72.98976926403327, 29.585628825522797], [72.98960898047272, 29.58554598732249], [72.98945799369461, 29.58544721495766], [72.9893178822021, 29.585333541051767], [72.98373017067661, 29.58030530285768], [72.97553442330091, 29.577846921950723], [72.9640294860101, 29.577846921950723], [72.96385516970031, 29.577838290827266], [72.96368255866068, 29.577812481891904], [72.96351334147931, 29.577769747623623], [72.96334917354356, 29.577710506075523], [72.96319166084588, 29.577635336785125], [72.96304234427306, 29.57754497510501], [72.9512784557855, 29.569605459106242], [72.95115995277877, 29.569518069503356], [72.95104914796282, 29.569421104571244], [72.95094681283015, 29.569315239440453], [72.93970936808111, 29.556674879287343], [72.92579684842552, 29.556674879287343], [72.92562388901922, 29.556666382336573], [72.92545259530654, 29.556640973314543], [72.92528461693959, 29.556598896924026], [72.92512157164187, 29.556540558383666], [72.92496502962871, 29.556466519525497], [72.92481649848528, 29.556377493384197], [72.9246774086477, 29.55627433733017], [72.92454909962711, 29.55615804481261], [72.92443280710955, 29.55602973579203], [72.92432965105553, 29.555890645954445], [72.92424062491423, 29.55574211481102], [72.92416658605606, 29.555585572797863], [72.9241082475157, 29.555422527500138], [72.92406617112519, 29.55525454913319], [72.92404076210316, 29.555083255420513], [72.92403226515239, 29.554910296014206], [72.92403226515239, 29.54961728534836], [72.92403920028998, 29.549460993443756], [72.92405995119, 29.549305930051148], [72.92409435474276, 29.549153314025983], [72.92414214052361, 29.54900434498649], [72.9270831126455, 29.54106482898772], [72.92715191719272, 29.540904035107506], [72.92723630125572, 29.540750842197934], [72.9273354358667, 29.540606755187632], [72.92744834715216, 29.540473189551165], [72.92757392590005, 29.54035145740376], [72.9277109384563, 29.54024275461142], [72.92785803884401, 29.540148149043052], [72.92801378198597, 29.54006857007997], [72.93285518151806, 29.537890244487365], [72.93285518151806, 29.533738253350826], [72.9328628261021, 29.53357417845766], [72.93288569361798, 29.53341152518548], [72.93292358593094, 29.533251702837696], [72.93297617472439, 29.533096096189265], [72.93304300434465, 29.53294605348838], [72.93312349574889, 29.532802874774607], [72.93321695152221, 29.532667800614735], [72.93332256192048, 29.532542001353956], [72.93343941188617, 29.532426566975413], [72.94439092431938, 29.52257158200554], [72.94196399804201, 29.513835867324175], [72.93743710185817, 29.51179904847728], [72.92924480486637, 29.5142563944136], [72.92907848933648, 29.514297597098384], [72.92890896175776, 29.514322475136197], [72.92873782054741, 29.514330793960582], [72.92856667933707, 29.514322475136197], [72.92839715175835, 29.514297597098384], [72.92823083622845, 29.5142563944136], [72.91946721369362, 29.511627674746215], [72.90776371962525, 29.508994756260247], [72.90758994926625, 29.508946208865357], [72.90742204462032, 29.508880170868043], [72.90726176105977, 29.508797332667736], [72.90711077428166, 29.508698560302907], [72.90697066278915, 29.508584886397013], [72.90108871854537, 29.50329187573117], [72.90096533565524, 29.503169318072207], [72.900854615877, 29.503035210473428], [72.90075763462556, 29.502890855514337], [72.90067533387433, 29.502737655306465], [72.90060851300584, 29.502577097874752], [72.90055782104739, 29.502410742704427], [72.9005237503671, 29.502240205593836], [72.90050663189157, 29.50206714296026], [72.90050663189157, 29.50189323575125], [72.9005237503671, 29.501720173117675], [72.90055782104739, 29.501549636007084], [72.90060851300584, 29.50138328083676], [72.90067533387433, 29.501222723405046], [72.90075763462556, 29.501069523197174], [72.900854615877, 29.500925168238084], [72.90096533565524, 29.500791060639305], [72.90108871854537, 29.500668502980343], [72.90203099818743, 29.4998205697139], [72.9028409940104, 29.499091675261216], [72.9128565710892, 29.49007891449616], [72.9128565710892, 29.480395839029967], [72.90724323830388, 29.477028309624473], [72.90709384204334, 29.476927983505842], [72.90695544090816, 29.47681296307929], [72.90682947433815, 29.476684444613753], [72.90671725244754, 29.476543764764415], [72.90661994239909, 29.476392386670835], [72.90653855626516, 29.476231884739548], [72.90480517192083, 29.47233231452845], [72.90252868332848, 29.467210930382095], [72.90065661202138, 29.462999358074935], [72.90059060665129, 29.462827136722108], [72.90054293804522, 29.46264896655837], [72.90051412696954, 29.462466794043515], [72.90050448817726, 29.462282609361917], [72.90050448817726, 29.456989598696072], [72.90051355773205, 29.45681092101822], [72.90054067316558, 29.45663408006524], [72.90058555574355, 29.4564608936813], [72.90064774409359, 29.456293142143288], [72.90072659894788, 29.456132549860342], [72.90660854319167, 29.445546528528652], [72.90671225510594, 29.445381950183076], [72.90683345261915, 29.44522978791513], [72.90697066278915, 29.44509189098897], [72.91226837666483, 29.440324614237205], [72.91226837666483, 29.429190996752485], [72.90470305925332, 29.426921718427156], [72.90456471342699, 29.426873881537514], [72.904430808572, 29.426814742502323], [72.90430226618199, 29.426744708298944], [72.89547934981631, 29.4214516976331], [72.89533821285941, 29.421357514105615], [72.89520677430158, 29.42125021041057], [72.8839461748623, 29.411117085976603], [72.875996360453, 29.411117085976603], [72.86811335248026, 29.412890515116242], [72.86406396143191, 29.41434809234723], [72.85955385835702, 29.41840661835326], [72.85697810077326, 29.423042334639717], [72.85697810077326, 29.427878040033924], [72.85696960382249, 29.42805099944023], [72.85694419480046, 29.428222293152906], [72.85690211840995, 29.428390271519856], [72.85684377986959, 29.42855331681758], [72.85676974101142, 29.42870985883074], [72.85668071487012, 29.428858389974163], [72.8565775588161, 29.42899747981175], [72.85646126629854, 29.429125788832327], [72.85633295727796, 29.429242081349887], [72.85619386744037, 29.429345237403915], [72.85604533629694, 29.429434263545215], [72.85588879428379, 29.429508302403384], [72.85572574898606, 29.429566640943744], [72.85555777061911, 29.42960871733426], [72.85538647690643, 29.42963412635629], [72.85521351750013, 29.42964262330706], [72.83756768476879, 29.42964262330706], [72.83738330895075, 29.429632964444135], [72.83720095158179, 29.42960409359549], [72.83702260901413, 29.429556326823928], [72.83685023364797, 29.429490187054846], [72.83668571255782, 29.429406398351503], [72.8365308468337, 29.429305877988384], [72.83638733186376, 29.429189726409337], [72.8192447881807, 29.413763591309525], [72.81403990779366, 29.413763591309525], [72.81385553197562, 29.4137539324466], [72.81367317460666, 29.413725061597955], [72.813494832039, 29.413677294826392], [72.81332245667284, 29.41361115505731], [72.8131579355827, 29.413527366353968], [72.81300306985857, 29.41342684599085], [72.81285955488863, 29.413310694411802], [72.80748089969313, 29.40847058064368], [72.79639407506231, 29.40847058064368], [72.79620790499115, 29.408460732345528], [72.79602381298385, 29.40843129737955], [72.79584385390855, 29.408382604304137], [72.79567003650087, 29.408315196640167], [72.78978809225708, 29.405668691307245], [72.78962599470769, 29.405585439913825], [72.78947334729399, 29.40548591515752], [72.7893317779135, 29.405371178413034], [72.78344983366972, 29.40007816774719], [72.78332670819145, 29.399955892247856], [72.7832161878426, 29.399822114695098], [72.78311934139674, 29.399678128768493], [72.78303710539569, 29.399525326866453], [72.78297027509272, 29.39936518664122], [72.78291949676213, 29.399199256709387], [72.78288526144962, 29.399029141676213], [72.78286790022361, 29.398856486618463], [72.78286758097373, 29.398682961175908], [72.78288430678727, 29.398510243405266], [72.78291791591924, 29.398340003552754], [72.78296808335664, 29.3981738879022], [72.78303432396135, 29.398013502854823], [72.78311599716164, 29.397860399394748], [72.78321231314678, 29.39771605809039], [72.78420255293287, 29.396379421036645], [72.78452988337158, 29.39593758664529], [72.784132410696, 29.396295262104957], [72.78452988337158, 29.39593758664528], [72.78909425739056, 29.38977654209162], [72.78919830778932, 29.38964899119004], [72.78931379100416, 29.38953169095532], [72.78943970210646, 29.389425662127678], [72.78957494542472, 29.389331827364174], [72.78971834407898, 29.389251003209775], [72.78986865022199, 29.38918389299186], [72.79002455589792, 29.38913108069986], [72.79018470442414, 29.389093025903456], [72.7903477021969, 29.3890700597534], [72.79051213081853, 29.389062382099873], [72.79557401389987, 29.389062382099873], [72.80310519083672, 29.387706959532064], [72.80639338027675, 29.384748002245832], [72.80639338027675, 29.375733885836805], [72.79815469427918, 29.36832010375212], [72.79803617733083, 29.36820285918434], [72.79792925375538, 29.368074953341093], [72.79783487792476, 29.367937527876517], [72.79775389221295, 29.3677918094144], [72.79768701947725, 29.36763909859965], [72.79763485660625, 29.3674807584891], [72.79469388448436, 29.35689473715741], [72.79465615111893, 29.35672796845024], [72.79463473544013, 29.35655833066771], [72.7946298385237, 29.356387416570083], [72.79464150634769, 29.356216830901158], [72.79466962936075, 29.356048175321067], [72.79471394351077, 29.355883033367988], [72.79477403272406, 29.35572295559], [72.79484933281198, 29.355569444986717], [72.79493913676818, 29.35542394289735], [72.79504260140685, 29.3552878154677], [72.79515875527953, 29.35516234082317], [72.7952865077962, 29.35504869706821], [72.79542465946507, 29.354947951224872], [72.79557191315476, 29.35486104921436], [72.79572688627339, 29.354788806975584], [72.7958881237499, 29.354731902804183], [72.7960541116961, 29.354690870983845], [72.79622329162068, 29.354666096769865], [72.79639407506231, 29.35465781277188], [72.79982457133121, 29.35465781277188], [72.803559055933, 29.35465781277188], [72.80521699142798, 29.35465781277188], [72.80538142004961, 29.354665490425408], [72.80554441782238, 29.354688456575463], [72.8057045663486, 29.354726511371865], [72.80586047202452, 29.354779323663866], [72.80601077816753, 29.354846433881782], [72.80615417682179, 29.35492725803618], [72.80628942014005, 29.355021092799685], [72.80641533124235, 29.355127121627326], [72.80653081445719, 29.355244421862047], [72.80663486485595, 29.355371972763628], [72.81119923887492, 29.361533017317278], [72.81238197229867, 29.362597328770647], [72.82286282415933, 29.362597328770647], [72.82303396536967, 29.362605647595032], [72.8232034929484, 29.362630525632845], [72.82336980847829, 29.36267172831763], [72.83124268043164, 29.36503326012258], [72.8382835434878, 29.35869736816093], [72.83602521226628, 29.354632939547823], [72.83595032805667, 29.35448151908], [72.83589026601044, 29.354323631925595], [72.8358455765624, 29.354160725031452], [72.83581666926621, 29.35399429134751], [72.83580380904091, 29.35382585614475], [72.83580711374326, 29.353656963036936], [72.83582655308751, 29.353489159834286], [72.83586194892301, 29.353323984358646], [72.83591297686688, 29.35316295035022], [72.83882826148877, 29.345292780917415], [72.84174943843462, 29.33477801226924], [72.84181692696643, 29.334580996857518], [72.84190715651006, 29.334393304545905], [72.84484812863195, 29.32910029388006], [72.84494609996734, 29.328943848509574], [72.84505987835148, 29.328798493716707], [72.84518821871752, 29.32866582010612], [72.84532971664821, 29.328547279513423], [72.84548282374416, 29.328444169117848], [72.85430574010984, 29.323151158452003], [72.85443428249985, 29.323081124248624], [72.85456818735484, 29.323021985213433], [72.85470653318117, 29.32297414832379], [72.85853140006579, 29.321826848475496], [72.8608348677543, 29.321135904657236], [72.86352944954685, 29.32032764299087], [72.86370490621454, 29.320284666728945], [72.86388383727689, 29.320259853904695], [72.86406436754454, 29.320253464555385], [72.86424460506852, 29.3202655656411], [72.86442266096779, 29.320296030343023], [72.86459666922462, 29.320344539392455], [72.86476480624044, 29.320410584416777], [72.86492530994697, 29.320493473267142], [72.86507649827269, 29.320592337272174], [72.86521678677083, 29.32070614034161], [72.87353641408822, 29.328192759442654], [72.88168226659715, 29.328192759442654], [72.88186664241519, 29.32820241830558], [72.88204899978415, 29.328231289154225], [72.88222734235181, 29.328279055925787], [72.88239971771797, 29.32834519569487], [72.88256423880811, 29.32842898439821], [72.88271910453224, 29.32852950476133], [72.88286261950218, 29.328645656340377], [72.89168553586785, 29.336585172339145], [72.89180851425472, 29.33670728666066], [72.89191892057448, 29.33684087571601], [72.89201568983648, 29.336984650891495], [72.89209788859452, 29.337137225317047], [72.89216472395094, 29.337297127244135], [72.89221555120506, 29.337462814242397], [72.89224988007197, 29.337632688078084], [72.89226737941192, 29.337805110130777], [72.89226788042448, 29.337978417199707], [72.89225137827684, 29.338150937547137], [72.89221803215038, 29.33832100702413], [72.89216816370528, 29.3384869851231], [72.89210225397765, 29.338647270802305], [72.89202093873948, 29.33880031792967], [72.89192500236588, 29.33894465019694], [72.89181537026893, 29.339078875360276], [72.89169309997106, 29.339201698670017], [72.8915593709041, 29.339311935359934], [72.89141547303232, 29.33940852207563], [72.89126279440931, 29.33949052713176], [72.89110280778871, 29.33955715949915], [72.89042517154219, 29.339801074485877], [72.89096200672508, 29.340404929739986], [72.89042517154219, 29.33980107448588], [72.87856041224352, 29.34407179144019], [72.87672348825159, 29.344732991742585], [72.86837677472269, 29.352243985030196], [72.866644116759, 29.355362333896483], [72.87336633455044, 29.357378717651784], [72.87358338879292, 29.357459702108315], [72.88500193127507, 29.362597328770647], [72.90815101569417, 29.362597328770647], [72.90833718576533, 29.3626071770688], [72.90852127777264, 29.362636612034777], [72.90870123684793, 29.36268530511019], [72.90887505425562, 29.36275271277416], [72.91441165249398, 29.36524383410357], [72.93045067874327, 29.36524383410357], [72.9326832411652, 29.35921675722813], [72.93019230394282, 29.354733696274277], [72.92569654522237, 29.348665269439845], [72.92292514404596, 29.34617135664875], [72.91606615466955, 29.342056537645423], [72.91592446851938, 29.34196194799109], [72.91579256403655, 29.341854136232627], [72.91567167065467, 29.341734107244154], [72.91556291517693, 29.34160297977214], [72.9154673112735, 29.341461976007988], [72.91538575003355, 29.34131241019641], [72.91531899165967, 29.34115567638585], [72.91526765838236, 29.340993235435054], [72.91523222866039, 29.340826601396945], [72.91521303272127, 29.34065732740669], [72.91521024948338, 29.34048699120548], [72.91522390488826, 29.340317180434997], [72.91525387165886, 29.34014947783956], [72.91529987048582, 29.339985446513975], [72.91536147263083, 29.339826615334463], [72.91585530474535, 29.33871564822012], [72.9198394357306, 29.329752605166245], [72.9210912930305, 29.32693631952757], [72.9210912930305, 29.32315884624633], [72.9162498934984, 29.320980520653723], [72.91609949288119, 29.32090400212406], [72.91595708905224, 29.320813467155418], [72.91582398430145, 29.320709743694433], [72.91570139587814, 29.32059378029714], [72.91559044485932, 29.320466637454377], [72.9154921458974, 29.320329477893548], [72.9154073979411, 29.320183555945423], [72.91533697601454, 29.320030206073223], [72.91528152412964, 29.3198708306689], [72.91524154939654, 29.31970688722818], [72.9152174173861, 29.319539875021693], [72.91520934878672, 29.3193713213841], [72.91520934878672, 29.293692220516206], [72.90991163491104, 29.288924943764442], [72.90977442474104, 29.28878704683828], [72.90965322722784, 29.288634884570335], [72.90954951531356, 29.28847030622476], [72.90660854319167, 29.283177295558914], [72.90652968833737, 29.28301670327597], [72.90646749998733, 29.282848951737957], [72.90642261740936, 29.282675765354018], [72.90639550197584, 29.282498924401036], [72.90638643242104, 29.282320246723184], [72.90638643242104, 29.279480012746117], [72.90445287497272, 29.270780219129506], [72.90129363629295, 29.267937301322927], [72.89600843465058, 29.265559292665863], [72.89050518296283, 29.265559292665863], [72.8903464799479, 29.265552141462788], [72.89018906326217, 29.265530745815926], [72.89003420880879, 29.26549527914256], [72.88988317172335, 29.26544602890929], [72.88973717620071, 29.26538339430207], [72.88959740557253, 29.26530788299067], [72.88119356384657, 29.260266282000018], [72.87595784724348, 29.260266282000018], [72.86190241034231, 29.262795907387392], [72.85109615652948, 29.272520177852826], [72.85109615652948, 29.2765699307857], [72.85367191411324, 29.28120564707216], [72.85933484252705, 29.286301571013617], [72.85945403199669, 29.286419547313567], [72.85956148353645, 29.28654830562835], [72.85965622660574, 29.28668668296699], [72.85973740545136, 29.28683342945604], [72.85980428683706, 29.286987219628905], [72.85985626666633, 29.287146664397945], [72.8598928754388, 29.287310323601172], [72.85991378249103, 29.28747671901034], [72.85991879898306, 29.287644347682804], [72.85990787960414, 29.287811695536654], [72.85988112298199, 29.28797725102643], [72.85983877079197, 29.288139518795948], [72.85978120557414, 29.288297033184875], [72.85970894727805, 29.288448371467123], [72.85962264856643, 29.28859216670138], [72.85869484849499, 29.289983672488805], [72.85736038269641, 29.29198509169428], [72.85885184447129, 29.290195587463504], [72.8573603826964, 29.291985091694304], [72.85079973220076, 29.301824693365994], [72.85069660296683, 29.301964018383877], [72.85058030147145, 29.302092552665947], [72.85045195000058, 29.3022090558823], [72.85031278712003, 29.30231240380039], [72.85016415572353, 29.302401599133642], [72.85000749007412, 29.30247578116508], [72.8498443019637, 29.30253423405305], [72.84967616612462, 29.302576393738974], [72.84950470503387, 29.302601853390385], [72.84933157325635, 29.30261036732678], [72.84448784530844, 29.30261036732678], [72.84205112939318, 29.306995843555217], [72.841966318469, 29.307133267871905], [72.84186929932723, 29.307262363269984], [72.84176088452327, 29.307382048548764], [72.84164198205353, 29.307491321319247], [72.84151358775085, 29.307589266399347], [72.8413767769441, 29.30767506347874], [72.84123269545212, 29.30774799398911], [72.83535075120834, 29.310394499322033], [72.83517693380065, 29.310461906986003], [72.83499697472536, 29.310510600061416], [72.83481288271805, 29.310540035027394], [72.8346267126469, 29.310549883325546], [72.81698087991555, 29.310549883325546], [72.81680920969094, 29.310541512870326], [72.81663916813183, 29.310516480916643], [72.81647236845222, 29.310475024947028], [72.81631039310989, 29.310417538261515], [72.81615477879326, 29.31034456624636], [72.81600700184262, 29.31025680119984], [72.81586846424374, 29.31015507576432], [72.8157404803271, 29.310040355026818], [72.81562426429849, 29.30991372736305], [72.81552091871976, 29.309776394111832], [72.81543142404848, 29.309629658177762], [72.81535662933628, 29.309474911670335], [72.81529724417368, 29.309313622696763], [72.81525383195812, 29.309147321433766], [72.81522680454887, 29.30897758561055], [72.81521641835973, 29.308806025540576], [72.81522277192626, 29.30863426884427], [72.81524580497108, 29.308463945007475], [72.8180067739764, 29.293556794119002], [72.81532294442056, 29.29114168478174], [72.80099298267919, 29.29114168478174], [72.797897714023, 29.29392703760588], [72.79521768621355, 29.301162102335624], [72.79521768621355, 29.314078310718255], [72.79520956775785, 29.31424738310794], [72.79518528709316, 29.314414899768604], [72.79514506763938, 29.314579319286345], [72.79508927947805, 29.314739128745806], [72.79501843594706, 29.314892857651326], [72.79493318891708, 29.315039091457813], [72.79483432279345, 29.315176484586736], [72.79472274729831, 29.315303772807557], [72.79459948909978, 29.315419784870613], [72.79446568236507, 29.315523453284435], [72.79432255832432, 29.31561382413833], [72.79417143394134, 29.31569006587985], [72.79401369979561, 29.31575147696635], [72.79385080728665, 29.315797492320304], [72.79368425527895, 29.315827688528856], [72.79351557631013, 29.31584178773991], [72.7933463224891, 29.315839660218792], [72.79317805121435, 29.315821325542007], [72.79301231084341, 29.315786952417103], [72.79285062644553, 29.315736857130307], [72.79269448576872, 29.315671500636196], [72.79254532555012, 29.315591484316197], [72.79149350343067, 29.31496047916256], [72.78596596013726, 29.311644416265068], [72.78449035342675, 29.31422512812901], [72.78428963200001, 29.314576173], [72.784019749, 29.315048177], [72.783723202, 29.315384057], [72.782919027, 29.316294891], [72.782170589, 29.317142511], [72.780711967, 29.318419258], [72.77947754600001, 29.318402753], [72.777494839, 29.318375797], [72.777030479, 29.31836948], [72.775867689, 29.317943004], [72.774850177, 29.317456171], [72.774472558, 29.315869208], [72.774417143, 29.315233414], [72.774171331, 29.312401953], [72.774104615, 29.311650198], [72.77399651, 29.310810491], [72.77353680600001, 29.307248315], [72.773363469, 29.305912672], [72.772499579, 29.304649758], [72.771417927, 29.304447659], [72.770274958, 29.304430191], [72.769687604, 29.304421222], [72.768586072, 29.305178938], [72.767808611, 29.306846541], [72.767034765, 29.308508685], [72.76626798, 29.309011026], [72.76548003100001, 29.309489108], [72.763099906, 29.309457958], [72.761800345, 29.308577147], [72.761628603, 29.306779953], [72.761796597, 29.306291126], [72.762082491, 29.305458989], [72.761593096, 29.304450862], [72.761247915, 29.303739813], [72.759511938, 29.303718348], [72.758368293, 29.30452749], [72.756660238, 29.305578183], [72.755484667, 29.305747246], [72.754271243, 29.305921752], [72.753682335, 29.305914254], [72.752409846, 29.305979386], [72.751008549, 29.30682879], [72.750482573, 29.307856775], [72.749658354, 29.309467658], [72.747027279, 29.311328512], [72.745449655, 29.31198907], [72.744600681, 29.312051558], [72.743945925, 29.312043173], [72.742826223, 29.311996598], [72.740319156, 29.310857955], [72.73960430800001, 29.310427191], [72.73675127700001, 29.308707542], [72.735922977, 29.308208219], [72.735479841, 29.307867707], [72.734498016, 29.307057375], [72.733188502, 29.305976591], [72.73202228811392, 29.30501407720887], [72.73302152577683, 29.305838780158005], [72.72959006544271, 29.307691510010095], [72.72944388457644, 29.307761957418634], [72.7292918503396, 29.307818678436472], [72.72913524842053, 29.307861193398292], [72.72897540313448, 29.3078891427733], [72.72881366622448, 29.30790229020561], [72.7286514054302, 29.307900524513038], [72.72848999292155, 29.307883860627285], [72.7173220301636, 29.30620890011696], [72.71439831500001, 29.31091588], [72.713721625, 29.312209412], [72.713600088, 29.313907877], [72.713943913, 29.314468053], [72.714552102, 29.315458874], [72.715146135, 29.316611611], [72.715702946, 29.317729043], [72.715642365, 29.321141116], [72.71505881600001, 29.322220584], [72.713699996, 29.324734171], [72.713400906, 29.325287439], [72.71096020200001, 29.328478952], [72.70949004900001, 29.329612117], [72.708536534, 29.330406669], [72.70801273500001, 29.33084937], [72.707787057, 29.331944995], [72.708218559, 29.332648305], [72.70856372, 29.333172685], [72.709042711, 29.333899291], [72.709241075, 29.335045679], [72.709437324, 29.336179828], [72.708757692, 29.337689243], [72.707229817, 29.338428314], [72.706579728, 29.338551981], [72.705478424, 29.338761483], [72.704266703, 29.338991989], [72.703529688, 29.339132192], [72.70267862700001, 29.33904561], [72.699395807, 29.338711601], [72.69764862800001, 29.338467382], [72.695661301, 29.338180194], [72.694878817, 29.338067116], [72.693615017, 29.337570785], [72.69271487600001, 29.337216889], [72.691861451, 29.336881088], [72.690782713, 29.335566037], [72.686989425, 29.330937285], [72.685831171, 29.329933385], [72.682812024, 29.327316584], [72.681649137, 29.326308669], [72.680341339, 29.325668193], [72.674273995, 29.322692439], [72.673327256, 29.322229104], [72.670956874, 29.32226762], [72.66934984000001, 29.323289008], [72.668777364, 29.32438629], [72.667779014, 29.326299857], [72.667200183, 29.327336389], [72.66638694800001, 29.328792897], [72.665487905, 29.33040309], [72.665274398, 29.330785483], [72.664417452, 29.332320278], [72.663124218, 29.333361266], [72.660693702, 29.335317707], [72.660010654, 29.335867526], [72.658956755, 29.336481693], [72.65477898, 29.338916321], [72.653658018, 29.339569569], [72.651336411, 29.340586335], [72.65018473100001, 29.341090516], [72.649784249, 29.341265958], [72.648629125, 29.341772014], [72.647678028, 29.342427354], [72.64627264900001, 29.34339571], [72.64559619, 29.343861814], [72.645119425, 29.344190322], [72.644227248, 29.345558847], [72.642544418, 29.348153252], [72.639292645, 29.353531617], [72.638625446, 29.354687873], [72.637736736, 29.356228008], [72.637054047, 29.357880543], [72.635577072, 29.361455751], [72.635009894, 29.362828674], [72.634839439, 29.364253668], [72.634394272, 29.367975248], [72.634239603, 29.369268278], [72.63446465, 29.371040545], [72.635373754, 29.378199844], [72.63555127100001, 29.379581248], [72.636208013, 29.384571948], [72.6364685, 29.386550473], [72.636343608, 29.388518046], [72.636178955, 29.391112016], [72.636060453, 29.392978894], [72.635782364, 29.39736812], [72.635556269, 29.401796422], [72.635514229, 29.402633425], [72.635470194, 29.404961231], [72.635453213, 29.405889527], [72.635435106, 29.40688869], [72.635408257, 29.408357877], [72.636039877, 29.409311628], [72.637823972, 29.410566902], [72.638519404, 29.410934309], [72.641453446, 29.412347648], [72.64313908, 29.413548029], [72.644833282, 29.41475055], [72.645405837, 29.416430934], [72.646067798, 29.418372155], [72.650575808, 29.418959389], [72.652571323, 29.419219116], [72.653653758, 29.419548407], [72.654220299, 29.419720758], [72.656847377, 29.420367487], [72.66130901000001, 29.421094371], [72.66214379, 29.421227283], [72.662616281, 29.421377282], [72.663749796, 29.421770958], [72.664053726, 29.422092683], [72.664550401, 29.42261844], [72.665005203, 29.423965368], [72.665336225, 29.425304598], [72.66603474300001, 29.426049679], [72.667764273, 29.426835369], [72.66909986600001, 29.427440164], [72.670271423, 29.427967604], [72.671958904, 29.428261471], [72.674125834, 29.428636359], [72.675290296, 29.429196636], [72.676069868, 29.429640898], [72.676897202, 29.430114664], [72.678655932, 29.430991232], [72.679840503, 29.431375864], [72.68165380100001, 29.43196464], [72.683164423, 29.43357137], [72.684007877, 29.43446963], [72.685317189, 29.435353379], [72.685832769, 29.435520945], [72.687300826, 29.435798387], [72.688170314, 29.43583573], [72.688614739, 29.435854818], [72.690277234, 29.435925155], [72.692451424, 29.436014684], [72.694167096, 29.436084491], [72.694982166, 29.436117652], [72.696341243, 29.436487668], [72.696923884, 29.436726075], [72.698232186, 29.43727877], [72.699302394, 29.438285545], [72.699788487, 29.440049404], [72.699835016, 29.44069877], [72.700031959, 29.44362079], [72.700246828, 29.446567831], [72.70030826700001, 29.447410947], [72.700396785, 29.448671004], [72.70058116700001, 29.4495223], [72.701290143, 29.45285789], [72.701437911, 29.45354808], [72.70216185800001, 29.455228469], [72.702944685, 29.456131113], [72.70331400500001, 29.456556962], [72.70386713100001, 29.457065278], [72.704702872, 29.457781432], [72.705463332, 29.458276403], [72.706583445, 29.458915934], [72.70754122400001, 29.459280979], [72.70882037, 29.459378669], [72.710760338, 29.459510718], [72.715197359, 29.459501551], [72.715690569, 29.459524086], [72.718171086, 29.459631777], [72.720170578, 29.459730919], [72.720937184, 29.460462417], [72.721514084, 29.46175564], [72.72216185500001, 29.463142436], [72.722834979, 29.463443288], [72.724101702, 29.463707327], [72.7253849, 29.46383947], [72.725862836, 29.464328104], [72.726315948, 29.466010594], [72.726287393, 29.467710945], [72.726259401, 29.468410369], [72.726044039, 29.471123445], [72.726185995, 29.473318236], [72.72627085, 29.474628078], [72.72635567600001, 29.475937482], [72.726392871, 29.476506254], [72.726444614, 29.477095532], [72.726571069, 29.478400527], [72.727168152, 29.484492989], [72.72725476, 29.485377353], [72.728400012, 29.496500263], [72.728455329, 29.497056949], [72.728946445, 29.50313842], [72.729057288, 29.504514005], [72.728724633, 29.506522008], [72.727818468, 29.508388425], [72.727099089, 29.509862532], [72.725900106, 29.51284992], [72.725955014, 29.514597559], [72.726062563, 29.518091694], [72.726120004, 29.51984014], [72.72633878100001, 29.522402211], [72.726452634, 29.523843413], [72.72635256, 29.524531571], [72.725999688, 29.526933641], [72.72579103800001, 29.528362112], [72.72470928700001, 29.529411636], [72.723064995, 29.529993304], [72.72263738800001, 29.530144915], [72.72049895900001, 29.530902646], [72.719148375, 29.531599548], [72.718807256, 29.532055751], [72.718243179, 29.532810129], [72.717901696, 29.534323638], [72.71772884100001, 29.535089765], [72.716924469, 29.536562011], [72.716629525, 29.537101852], [72.715318396, 29.538211886], [72.714630678, 29.538444791], [72.7136692, 29.538770418], [72.711905891, 29.539201004], [72.711098803, 29.539388398], [72.709543779, 29.539426743], [72.706541497, 29.538948161], [72.705208037, 29.538718154], [72.703931872, 29.538498029], [72.702763161, 29.538635659], [72.70215304700001, 29.538990036], [72.701781456, 29.539937207], [72.701522893, 29.540601664], [72.701011018, 29.541748916], [72.69988934, 29.542289867], [72.699104902, 29.542984013], [72.698869656, 29.544086202], [72.698938911, 29.545759046], [72.699540017, 29.547421166], [72.700260017, 29.54840116], [72.701760023, 29.549161169], [72.70400002800001, 29.549601163], [72.706595884, 29.550007545], [72.70893039500001, 29.55038036], [72.70928002, 29.550691179], [72.709706363, 29.551850865], [72.709332107, 29.553061296], [72.708692854, 29.553822208], [72.707852337, 29.554810261], [72.707830777, 29.556098603], [72.708700023, 29.557161157], [72.71015002700001, 29.558461165], [72.71165001, 29.558901171], [72.71246302, 29.558901171], [72.714340026, 29.558901171], [72.715620024, 29.559401162], [72.71666075200001, 29.560099709], [72.719422945, 29.561749499], [72.719766934, 29.562686579], [72.719775036, 29.563583595], [72.71975716300001, 29.564124818], [72.719659445, 29.564801279], [72.719389133, 29.565407824], [72.719186656, 29.565843522], [72.718439216, 29.566476944], [72.717740464, 29.566669387], [72.717125113, 29.566839847], [72.716498571, 29.567012822], [72.715457063, 29.567300361], [72.714669148, 29.568160527], [72.71454244200001, 29.568584039], [72.714008233, 29.570370316], [72.713982691, 29.571168924], [72.713929059, 29.572850613], [72.713772132, 29.573281088], [72.71354268200001, 29.573910362], [72.713192914, 29.574869598], [72.71270787200001, 29.575920652], [72.712358292, 29.57667773], [72.711453032, 29.577716599], [72.71089086900001, 29.578361735], [72.709508278, 29.578934281], [72.708549822, 29.579331202], [72.707275041, 29.579583216], [72.705927506, 29.579849642], [72.705052678, 29.579810059], [72.703940683, 29.579759819], [72.703127511, 29.579879844], [72.702270264, 29.580547733], [72.701807849, 29.581951455], [72.701339869, 29.583368218], [72.700729693, 29.584389384], [72.700282204, 29.584718223], [72.699456129, 29.585307743], [72.698271424, 29.586030502], [72.69755271400001, 29.587087819], [72.697279701, 29.588805048], [72.697181524, 29.589435145], [72.696791375, 29.590710817], [72.696041979, 29.591348597], [72.695559568, 29.591546456], [72.694450199, 29.592001456], [72.69363425200001, 29.592100026], [72.693108591, 29.592163528], [72.69246138, 29.59224172], [72.691749797, 29.592327689], [72.689949529, 29.592078646], [72.688772122, 29.591439931], [72.688297119, 29.591118456], [72.687430674, 29.59053206], [72.685968254, 29.589871204], [72.68475427, 29.589877287], [72.684016694, 29.589880969], [72.68127696900001, 29.590224646], [72.680021248, 29.590669788], [72.67876437400001, 29.590510301], [72.677580135, 29.589579207], [72.677242292, 29.589242161], [72.676559734, 29.588537673], [72.675657098, 29.588180129], [72.674980516, 29.587975797], [72.673798817, 29.588019291], [72.672935988, 29.5884355], [72.672172125, 29.588932069], [72.671777919, 29.589859526], [72.672248586, 29.592494449], [72.67243014600001, 29.593040044], [72.672673114, 29.593668949], [72.672566493, 29.594591905], [72.671994641, 29.595030469], [72.67137214600001, 29.59514511], [72.670092987, 29.594903997], [72.668748821, 29.594650219], [72.668081669, 29.594837597], [72.667443552, 29.595264335], [72.66699997100001, 29.595560976], [72.667009074, 29.597085131], [72.667016218, 29.598063223], [72.66702136100001, 29.598650965], [72.666868574, 29.599246229], [72.666667067, 29.600030473], [72.667047807, 29.601419681], [72.6678925, 29.602473816], [72.668339437, 29.602868209], [72.669779328, 29.603264531], [72.670382648, 29.603337532], [72.671299697, 29.60345], [72.67235864, 29.60357916], [72.673517671, 29.604749866], [72.673850566, 29.605959151], [72.674658808, 29.608914761], [72.675358128, 29.611601073], [72.675604617, 29.612961465], [72.675689766, 29.613431419], [72.675141227, 29.614597073], [72.67429670300001, 29.615317262], [72.673651139, 29.615581098], [72.672916788, 29.615881228], [72.672041436, 29.616667463], [72.671509404, 29.617559739], [72.671383437, 29.6181033], [72.671271151, 29.618587814], [72.671345729, 29.61932048], [72.671461456, 29.620457415], [72.671331666, 29.621450232], [72.670645366, 29.622348716], [72.6698176, 29.624008154], [72.66990935, 29.624640566], [72.669981465, 29.62513773], [72.670220148, 29.625501782], [72.671035502, 29.626113929], [72.672102523, 29.626844176], [72.672712122, 29.627260065], [72.672915593, 29.627824015], [72.673066871, 29.628243055], [72.673667445, 29.629152466], [72.674369915, 29.629469479], [72.675810038, 29.629522906], [72.677234733, 29.629322755], [72.677949007, 29.629222408], [72.679844329, 29.629121339], [72.680666204, 29.629336651], [72.681298798, 29.629597081], [72.682051255, 29.630757257], [72.682800156, 29.632469609], [72.682822353, 29.633272167], [72.68289093300001, 29.63575184], [72.68268671300001, 29.63798239], [72.682422517, 29.638905532], [72.682013646, 29.640028556], [72.681367996, 29.640979902], [72.68060332, 29.641191613], [72.679921267, 29.64138014], [72.678377994, 29.641169376], [72.67693356, 29.640572609], [72.676458878, 29.640370039], [72.676044052, 29.640156018], [72.672598054, 29.638398672], [72.671200294, 29.63815708], [72.669967455, 29.638615952], [72.669385948, 29.63946095], [72.669251498, 29.639865443], [72.669059912, 29.640442158], [72.669015214, 29.641625837], [72.669011881, 29.642768756], [72.669129632, 29.644985821], [72.669066647, 29.645594981], [72.668205136, 29.647165862], [72.66797820100001, 29.647577713], [72.667618307, 29.647869041], [72.66692235, 29.648432057], [72.666181404, 29.649031061], [72.660780576, 29.651920312], [72.660088798, 29.652291144], [72.65915565, 29.65255051], [72.65763767300001, 29.652972278], [72.656861971, 29.653187533], [72.655407627, 29.653230471], [72.65378392, 29.653085122], [72.652870276, 29.652989167], [72.652143233, 29.652555748], [72.650355392, 29.651489947], [72.648979605, 29.650671475], [72.648170138, 29.650305737], [72.647627548, 29.650060582], [72.64619368400001, 29.649495299], [72.645162253, 29.649597652], [72.6437868, 29.650189246], [72.64302956, 29.651311903], [72.642818321, 29.652645568], [72.642759192, 29.653084581], [72.642692484, 29.653667187], [72.642750102, 29.657465064], [72.642760626, 29.658158701], [72.64291569400001, 29.658969862], [72.643058159, 29.659713691], [72.643303218, 29.660993183], [72.64365457000001, 29.662286414], [72.644476263, 29.66530869], [72.644710791, 29.666171308], [72.645101266, 29.667604945], [72.645244341, 29.669048403], [72.645486141, 29.672057698], [72.645660145, 29.674220544], [72.645338173, 29.674660041], [72.645029741, 29.675081227], [72.64467811, 29.675561039], [72.644249551, 29.67674821], [72.644258369, 29.67845181], [72.644648665, 29.679882345], [72.644966185, 29.681225787], [72.64458470400001, 29.68274732], [72.643414291, 29.684300579], [72.642285766, 29.684829155], [72.638365088, 29.686664364], [72.63523776000001, 29.687855847], [72.634070688, 29.688297705], [72.632354081, 29.688686531], [72.63106509, 29.688978499], [72.629778011, 29.689270034], [72.624440992, 29.690028474], [72.622671531, 29.690277619], [72.621871882, 29.690758929], [72.621313625, 29.691135826], [72.620460263, 29.692277068], [72.620299938, 29.693035958], [72.620188418, 29.69356413], [72.620112129, 29.694061977], [72.62026422000001, 29.695468134], [72.620577485, 29.698328079], [72.620520477, 29.700867018], [72.620498016, 29.701824039], [72.619798324, 29.702919519], [72.618520921, 29.703422036], [72.617986034, 29.703632455], [72.61647257300001, 29.704051601], [72.615971701, 29.704189604], [72.614129129, 29.704168225], [72.61353212600001, 29.704052312], [72.613103143, 29.703968762], [72.61162784400001, 29.703681953], [72.607760948, 29.70332733], [72.604880649, 29.703309071], [72.604282413, 29.703441932], [72.602842068, 29.703762005], [72.601491148, 29.704544327], [72.598649044, 29.707058997], [72.597855084, 29.708024557], [72.597290032, 29.708711787], [72.596414117, 29.709418809], [72.595680064, 29.710011303], [72.594064429, 29.710611861], [72.590425515, 29.711970633], [72.589193545, 29.712428275], [72.587339741, 29.713298231], [72.586912046, 29.713501461], [72.586026927, 29.714385907], [72.583679765, 29.716741416], [72.582159558, 29.718723496], [72.581182201, 29.719997771], [72.580672759, 29.721266714], [72.579907393, 29.723173894], [72.579447451, 29.724318796], [72.579080696, 29.726048042], [72.578980295, 29.726519374], [72.578891025, 29.726938228], [72.578335651, 29.729546818], [72.577702877, 29.732424602], [72.57744800200001, 29.73358168], [72.577012924, 29.734316152], [72.576690349, 29.734860711], [72.575687906, 29.735338497], [72.574461451, 29.735477791], [72.573294961, 29.73465846], [72.572958273, 29.734352994], [72.57224711, 29.733622124], [72.571371392, 29.732717699], [72.570937561, 29.732375087], [72.570350327, 29.731911325], [72.569320351, 29.731770693], [72.568752241, 29.731842773], [72.568143491, 29.732701005], [72.56791968, 29.733675797], [72.567402861, 29.735929766], [72.566471015, 29.743601925], [72.566233991, 29.745546205], [72.566051068, 29.746820157], [72.565152252, 29.75293741], [72.564981376, 29.753716075], [72.564774413, 29.754654717], [72.564490651, 29.75594167], [72.563421591, 29.758051432], [72.562547688, 29.759380519], [72.561889836, 29.760381022], [72.560418599, 29.762618573], [72.55979888200001, 29.76418219], [72.558401239, 29.767697235], [72.558090464, 29.768479038], [72.557911513, 29.769145178], [72.557314245, 29.771369209], [72.55709920400001, 29.772169579], [72.557002677, 29.77289328], [72.556698627, 29.775152319], [72.55655577600001, 29.776218257], [72.55670664, 29.778637356], [72.556888587, 29.779450656], [72.557420611, 29.781848426], [72.558229412, 29.784919159], [72.55954431, 29.789900534], [72.55987312, 29.791145856], [72.560201789, 29.792390435], [72.560588737, 29.794132474], [72.562135717, 29.801096963], [72.562322924, 29.801939573], [72.56278993, 29.804042228], [72.562702771, 29.805541593], [72.562616483, 29.807025977], [72.562520815, 29.80865881], [72.562657361, 29.811746847], [72.562703444, 29.812790404], [72.56270441800001, 29.813509851], [72.56270662300001, 29.814738922], [72.562709772, 29.81650317], [72.562607233, 29.817819289], [72.562436552, 29.82001004], [72.562265773, 29.822202042], [72.561875226, 29.823518826], [72.561591121, 29.824481], [72.561438406, 29.825978791], [72.561388009, 29.826473067], [72.561224196, 29.82808054], [72.56110192300001, 29.829280386], [72.561354125, 29.830655723], [72.561567265, 29.831815426], [72.562569741, 29.83520459], [72.562776815, 29.835885096], [72.56430364500001, 29.838211363], [72.56534777600001, 29.838745918], [72.567040304, 29.839611201], [72.56784029500001, 29.840021542], [72.568978812, 29.840133466], [72.570188519, 29.840252384], [72.57252884600001, 29.840482458], [72.573618188, 29.840557605], [72.574233018, 29.840515796], [72.574897516, 29.840475291], [72.58000971700001, 29.840161069], [72.580702735, 29.840116122], [72.581422275, 29.840074782], [72.582842707, 29.839931315], [72.585417268, 29.839661793], [72.586304787, 29.839580084], [72.587587596, 29.839438573], [72.588682047, 29.839317728], [72.590135669, 29.83929522], [72.590957249, 29.839282645], [72.59202457500001, 29.839266129], [72.593653828, 29.839259188], [72.594844171, 29.839280496], [72.595653077, 29.839345194], [72.59651395600001, 29.839413841], [72.597287088, 29.839475271], [72.598667745, 29.839582559], [72.599617942, 29.839961002], [72.601467615, 29.84069769], [72.60220169, 29.840990055], [72.603911188, 29.843049961], [72.60453659, 29.844701545], [72.605482014, 29.84719825], [72.60647625300001, 29.848476214], [72.608967038, 29.851667199], [72.610153225, 29.853172173], [72.611969602, 29.853455732], [72.613270856, 29.853657411], [72.615059459, 29.854348571], [72.615996166, 29.855585419], [72.616778134, 29.856617702], [72.619629462, 29.858239135], [72.620493302, 29.858531797], [72.62109872, 29.858736907], [72.623111168, 29.859418549], [72.624378841, 29.859831292], [72.62598822400001, 29.859849192], [72.630698392, 29.859903583], [72.635121771, 29.859954662], [72.636695657, 29.859973914], [72.637794929, 29.859998776], [72.638228298, 29.860008467], [72.639570497, 29.860544664], [72.641289388, 29.861228541], [72.64215083, 29.862197989], [72.64388506600001, 29.864149664], [72.64553885, 29.866280668], [72.646093533, 29.866991614], [72.647630359, 29.869197049], [72.648390872, 29.870288429], [72.648993888, 29.870847532], [72.650221036, 29.871985315], [72.651043623, 29.872749106], [72.652262348, 29.873266064], [72.652659238, 29.873434818], [72.65386982000001, 29.873949545], [72.654944672, 29.873877135], [72.65745200100001, 29.873708222], [72.658028892, 29.873669358], [72.658797403, 29.873404798], [72.659999631, 29.872990929], [72.661222259, 29.872570037], [72.662100167, 29.871837396], [72.66300983100001, 29.871078251], [72.663576337, 29.870350406], [72.664107563, 29.869667807], [72.66616093600001, 29.867809548], [72.66924408700001, 29.865760937], [72.670540413, 29.865807779], [72.671479079, 29.865851195], [72.672850788, 29.865409945], [72.674647301, 29.864122067], [72.675659191, 29.862126585], [72.676356733, 29.860751009], [72.677897992, 29.858847047], [72.679837618, 29.858014413], [72.68028549600001, 29.858003472], [72.68180037, 29.858147399], [72.682680611, 29.859113216], [72.68300319, 29.859467154], [72.683592947, 29.860113925], [72.684228507, 29.86081159], [72.684598713, 29.861862332], [72.686392428, 29.866953381], [72.686683404, 29.867779246], [72.686999112, 29.869370005], [72.687242136, 29.870597101], [72.687834648, 29.873580046], [72.688925566, 29.879070185], [72.688900673, 29.879550748], [72.68880355200001, 29.880984464], [72.687320577, 29.882956636], [72.687028497, 29.883308209], [72.686720265, 29.883621946], [72.684867072, 29.885508237], [72.683554985, 29.886843758], [72.681189648, 29.888694469], [72.679891756, 29.889699928], [72.679306189, 29.890394028], [72.67758908200001, 29.892429393], [72.677031245, 29.893090623], [72.675992445, 29.89582122], [72.676451097, 29.897068305], [72.677530195, 29.900002395], [72.677822974, 29.900798467], [72.6783527, 29.901466817], [72.68017244100001, 29.903762768], [72.681134122, 29.904976018], [72.681832584, 29.905615822], [72.682929946, 29.906547778], [72.684670764, 29.90642735], [72.685440036, 29.905877145], [72.685840946, 29.904344351], [72.68678753, 29.900714146], [72.68690444, 29.900270906], [72.687032312, 29.899791771], [72.687478939, 29.897447867], [72.687664463, 29.896475745], [72.687789965, 29.895817406], [72.68867623700001, 29.894772618], [72.689771792, 29.893481122], [72.690552057, 29.893140396], [72.691738383, 29.892622352], [72.692269191, 29.892390559], [72.69434132, 29.892141638], [72.694651391, 29.892811229], [72.695108264, 29.893799433], [72.695151435, 29.894810785], [72.695202703, 29.896011838], [72.695250367, 29.897138207], [72.69455203400001, 29.89871948], [72.692927263, 29.902398536], [72.692721234, 29.90336873], [72.692185069, 29.905893538], [72.691992801, 29.906798144], [72.691771235, 29.907842296], [72.69207383, 29.909508836], [72.69295213, 29.910527986], [72.69373006100001, 29.911430673], [72.694021575, 29.911768937], [72.696181134, 29.913607387], [72.697245212, 29.913845333], [72.697767831, 29.9139622], [72.698747878, 29.914181352], [72.699096295, 29.914692333], [72.69973378600001, 29.915627268], [72.699875061, 29.916572755], [72.700053998, 29.917707793], [72.70270270200001, 29.92015921], [72.703602804, 29.9205965], [72.706578569, 29.922042194], [72.70766219100001, 29.922568642], [72.708774668, 29.922712917], [72.709666013, 29.922828515], [72.71184770900001, 29.923111457], [72.712966397, 29.923879199], [72.713828317, 29.923938491], [72.714627024, 29.923955751], [72.71614038, 29.923988176], [72.718158837, 29.923029157], [72.718828097, 29.922711122], [72.720069466, 29.922679317], [72.721387128, 29.92292169], [72.72607123, 29.923784245], [72.726863835, 29.9239302], [72.728524644, 29.924236464], [72.731542257, 29.923742123], [72.73251383600001, 29.922994223], [72.732843908, 29.922570436], [72.73336461400001, 29.918517025], [72.733540473, 29.91732115], [72.734663047, 29.915275917], [72.735474015, 29.913884418], [72.736094653, 29.912792227], [72.737072432, 29.910653088], [72.73762636900001, 29.909436779], [72.738919124, 29.906598207], [72.740635541, 29.90283107], [72.740964702, 29.901980961], [72.741401799, 29.900815023], [72.741932874, 29.899398405], [72.74221730900001, 29.899062177], [72.743460813, 29.897592246], [72.74382431100001, 29.8973146], [72.744256738, 29.89698431], [72.745049272, 29.896388416], [72.74827839800001, 29.893947183], [72.74887043400001, 29.893496784], [72.749652929, 29.893090079], [72.751597895, 29.892079176], [72.752771848, 29.891469012], [72.754279782, 29.891237017], [72.756323304, 29.89088758], [72.756895039, 29.890864435], [72.757396344, 29.890904032], [72.759300066, 29.89108926], [72.759689021, 29.891320671], [72.76072576300001, 29.8919351], [72.763523859, 29.893593402], [72.764058495, 29.893942665], [72.76713601, 29.896389466], [72.767687539, 29.896828016], [72.76816761500001, 29.89762996], [72.768721862, 29.898555808], [72.769353423, 29.899693355], [72.769472787, 29.900638881], [72.769627361, 29.901863173], [72.76949877700001, 29.902878675], [72.769421142, 29.903488938], [72.769034829, 29.903770806], [72.768264426, 29.904332988], [72.76728281, 29.905049694], [72.765572172, 29.907029547], [72.764640418, 29.908107944], [72.76386921400001, 29.909201544], [72.763350148, 29.909933995], [72.76051789200001, 29.913970296], [72.759244259, 29.91578091], [72.75857695, 29.9167297], [72.758065161, 29.917457369], [72.757780518, 29.917875333], [72.757097679, 29.918879237], [72.757293027, 29.920171223], [72.757690541, 29.922830763], [72.757833405, 29.923780409], [72.75870751, 29.92499308], [72.759855846, 29.925802024], [72.763770539, 29.928311172], [72.76540525, 29.929716194], [72.76999593500001, 29.933661854], [72.770409885, 29.934017615], [72.771988967, 29.936181922], [72.772116066, 29.937025922], [72.772230976, 29.937788966], [72.7718973, 29.938563122], [72.769709851, 29.943649501], [72.767092626, 29.947903098], [72.764935745, 29.951383937], [72.76455402, 29.952099052], [72.76357319600001, 29.953948852], [72.763221883, 29.954611417], [72.762992044, 29.955070126], [72.76282097500001, 29.955954831], [72.762342426, 29.95842747], [72.762103759, 29.959690552], [72.76249438100001, 29.960951024], [72.763133557, 29.963011285], [72.763410085, 29.963883282], [72.763884503, 29.964619334], [72.766458522, 29.968599782], [72.767166889, 29.969694669], [72.767542229, 29.970035974], [72.768164806, 29.970597663], [72.77096074, 29.973120158], [72.771901604, 29.97396641], [72.773135733, 29.974667872], [72.77805154100001, 29.977461091], [72.779440929, 29.978251227], [72.780983235, 29.978595492], [72.784593352, 29.979401323], [72.78562083, 29.979630671], [72.786797976, 29.979737551], [72.789628449, 29.979991492], [72.79053751, 29.980075629], [72.79190033, 29.980198978], [72.792775377, 29.980216461], [72.794961463, 29.980266528], [72.80283269, 29.980437451], [72.81237692, 29.980642065], [72.813842241, 29.980670706], [72.814494914, 29.98067539], [72.816134767, 29.980543702], [72.816949021, 29.980470931], [72.820112079, 29.980188247], [72.820818537, 29.979896824], [72.822578355, 29.979170668], [72.823102815, 29.978927258], [72.823465618, 29.97866904], [72.825125216, 29.977432065], [72.826316401, 29.975979976], [72.827249492, 29.973813246], [72.827569038, 29.973028156], [72.829360495, 29.970668462], [72.830345055, 29.969834897], [72.831199829, 29.969111216], [72.832563319, 29.968420511], [72.833510685, 29.967940602], [72.834096718, 29.967415247], [72.83492676, 29.966670313], [72.835449008, 29.964961315], [72.835578165, 29.964538098], [72.835756315, 29.963954305], [72.835878918, 29.963270514], [72.836368137, 29.95991608], [72.836431712, 29.959480165], [72.837024821, 29.955133117], [72.837262519, 29.953390971], [72.83870588, 29.951797645], [72.839596447, 29.950814548], [72.840250812, 29.9500922], [72.841837524, 29.948340647], [72.842524427, 29.947120162], [72.843074648, 29.946141883], [72.843974674, 29.944542251], [72.844892213, 29.942911489], [72.844925622, 29.940672724], [72.844957732, 29.938521191], [72.845797176, 29.93670481], [72.84656256800001, 29.935048661], [72.847490398, 29.934129779], [72.848529833, 29.933119797], [72.850825319, 29.930879965], [72.851871261, 29.929823616], [72.85299385, 29.928725408], [72.85330343801604, 29.92859975871182], [72.85119049972145, 29.915290106110216], [72.8566313909281, 29.907945928574293], [72.85675599000264, 29.907752554128635], [72.85969696212453, 29.90245954346279], [72.85977296922665, 29.90230554362766], [72.859833646324, 29.902144884614067], [72.85987841869192, 29.90197908816096], [72.859906862253, 29.90180972466836], [72.85991870759395, 29.90163839832278], [72.8599138425174, 29.901466731902588], [72.85989231310467, 29.901296351407282], [72.85985432327922, 29.901128870656287], [72.8598002328752, 29.900965876003042], [72.8597305542291, 29.90080891130934], [72.85964594732695, 29.900659463322057], [72.85954721355313, 29.900518947590914], [72.85943528809965, 29.9003886950606], [72.85931123110821, 29.900269939464238], [72.8591762176287, 29.900163805637664], [72.85903152648928, 29.90007129886514], [72.85887852818347, 29.899993295357437], [72.84148409204812, 29.892166892031014], [72.83580706555192, 29.887058281587034], [72.83565546123798, 29.886936290710004], [72.83549134655092, 29.886831734449668], [72.8353167172514, 29.88674588429047], [72.83513369696585, 29.886679784236293], [72.82715305554842, 29.884285926106394], [72.82517057494047, 29.87893397584926], [72.83144625575686, 29.877051534481815], [72.83960087950038, 29.88194362556162], [72.83974065012856, 29.882019136873023], [72.8398866456512, 29.882081771480244], [72.84003768273664, 29.882131021713512], [72.84019253719002, 29.88216648838688], [72.84034995387574, 29.88218788403374], [72.84050865689068, 29.882195035236816], [72.84571353727772, 29.882195035236816], [72.85403316459511, 29.88968165433786], [72.85417667956504, 29.889797805916906], [72.85433154528917, 29.889898326280026], [72.85449606637931, 29.88998211498337], [72.85466844174547, 29.89004825475245], [72.85484678431314, 29.890096021524013], [72.8550291416821, 29.890124892372658], [72.85521351750013, 29.890134551235583], [72.86109546174391, 29.890134551235583], [72.86126842115021, 29.890126054284814], [72.8614397148629, 29.890100645262784], [72.86160769322984, 29.890058568872266], [72.86177073852757, 29.890000230331907], [72.86192728054073, 29.889926191473737], [72.86207581168415, 29.889837165332438], [72.86221490152174, 29.88973400927841], [72.86234321054232, 29.88961771676085], [72.86245950305988, 29.88948940774027], [72.8625626591139, 29.889350317902686], [72.8626516852552, 29.889201786759262], [72.86272572411337, 29.889045244746104], [72.86278406265373, 29.88888219944838], [72.86282613904424, 29.88871422108143], [72.86285154806627, 29.888542927368754], [72.86286004501704, 29.888369967962447], [72.86286004501704, 29.88043045196368], [72.86285240043301, 29.880266377070512], [72.86282953291713, 29.88010372379833], [72.86279164060417, 29.87994390145055], [72.86273905181072, 29.87978829480212], [72.86267222219045, 29.879638252101234], [72.86259173078622, 29.87949507338746], [72.8624982750129, 29.87935999922759], [72.86239266461463, 29.87923419996681], [72.86227581464894, 29.879118765588267], [72.85671715646082, 29.87411667174683], [72.85403712865137, 29.866881607017085], [72.85403712865137, 29.85692822224936], [72.85682142668651, 29.849411667219556], [72.85955385835702, 29.84449397695379], [72.86815775889272, 29.83675154767941], [72.86827460885841, 29.836636113300866], [72.86838021925668, 29.836510314040087], [72.86847367503, 29.836375239880216], [72.86855416643424, 29.83623206116644], [72.8686209960545, 29.836082018465557], [72.86867358484795, 29.835926411817127], [72.86871147716091, 29.835766589469344], [72.8687343446768, 29.835603936197163], [72.86874198926083, 29.835439861303996], [72.86874198926083, 29.82828629776656], [72.87353641408822, 29.82397191791252], [72.87203017870085, 29.825327340480328], [72.87956135563769, 29.82397191791252], [72.88462323871904, 29.82397191791252], [72.8848094087902, 29.823962069614367], [72.8849935007975, 29.82393263464839], [72.8851734598728, 29.823883941572976], [72.88534727728049, 29.823816533909007], [72.89122922152427, 29.821170028576084], [72.89137962214149, 29.82109351004642], [72.89152202597043, 29.82100297507778], [72.89165513072122, 29.820899251616794], [72.89177771914453, 29.820783288219502], [72.89188867016335, 29.820656145376738], [72.89198696912527, 29.82051898581591], [72.89207171708158, 29.820373063867784], [72.89214213900813, 29.820219713995584], [72.89219759089303, 29.82006033859126], [72.89223756562613, 29.81989639515054], [72.89226169763657, 29.819729382944054], [72.89226976623596, 29.81956082930646], [72.89226976623596, 29.79838878664308], [72.89226212165192, 29.798224711749913], [72.89223925413604, 29.798062058477733], [72.89220136182308, 29.79790223612995], [72.89214877302963, 29.79774662948152], [72.89208194340937, 29.797596586780635], [72.89200145200513, 29.79745340806686], [72.89190799623181, 29.79731833390699], [72.89180238583354, 29.79719253464621], [72.89168553586785, 29.797077100267668], [72.88050587774839, 29.78701681285006], [72.88050587774839, 29.77488655692876], [72.88291038052319, 29.768395305921146], [72.88730525964418, 29.768395305921146], [72.89519305789092, 29.770761314988874], [72.89778562682599, 29.775427287482508], [72.89788359816139, 29.775583732852994], [72.89799737654552, 29.77572908764586], [72.89812571691157, 29.775861761256447], [72.89826721484225, 29.775980301849145], [72.8984203219382, 29.77608341224472], [72.90724323830388, 29.781376422910565], [72.90742697713273, 29.781472448582246], [72.91330892137651, 29.78411895391517], [72.91351075643819, 29.78419529836573], [72.91372040099857, 29.784246435686278], [72.92842526160803, 29.7868929410192], [72.9285994622666, 29.78691541065819], [72.92877503376474, 29.78692045081403], [72.92895023655817, 29.786908011549382], [72.9291233347557, 29.786878216111194], [72.9292926133183, 29.78683135970959], [72.92945639505145, 29.78676790659295], [72.92961305722268, 29.786688485448202], [72.92976104763937, 29.786593883171836], [72.92989890002778, 29.786485037073433], [72.93002524856068, 29.786363025588887], [72.93013884138986, 29.786229057595378], [72.93023855304932, 29.786084460433944], [72.93032339560624, 29.785930666758315], [72.93039252844932, 29.78576920034034], [72.93318243162999, 29.778237513530705], [72.93723614363205, 29.774589682137908], [72.94024111504537, 29.77368831658699], [72.94202722543801, 29.77368831658699], [72.94466110124164, 29.78553910277547], [72.94470971933909, 29.785714560339798], [72.94477615816406, 29.785884074229543], [72.94485971040775, 29.78604583979712], [72.94495948657165, 29.786198134883712], [72.9450744244371, 29.786339338153386], [72.94520330037373, 29.78646794635388], [72.95108524461752, 29.791760957019726], [72.95122875958745, 29.791877108598772], [72.95138362531158, 29.79197762896189], [72.95154814640172, 29.792061417665234], [72.95172052176788, 29.792127557434316], [72.95189886433555, 29.79217532420588], [72.9520812217045, 29.792204195054524], [72.95226559752254, 29.79221385391745], [72.95765883901574, 29.79221385391745], [72.9660626807417, 29.7972554549081], [72.96621582549777, 29.797337362410033], [72.96637628019086, 29.797403818761463], [72.96654249053663, 29.797454180216384], [72.96671284649715, 29.797487958936014], [72.96688569787695, 29.797504827714366], [72.96705937030808, 29.79750462314782], [72.96723218146926, 29.797487347217956], [72.9848780142006, 29.794840841885033], [72.98504581730248, 29.79480728442475], [72.98520958082868, 29.794757630707608], [72.98536776462917, 29.794692347712893], [72.9855188810297, 29.79461204940885], [72.98566150882289, 29.794517490978514], [72.98579430663438, 29.79440956171739], [72.98591602553796, 29.79428927666991], [72.98602552080153, 29.794157767083203], [72.98612176265283, 29.79401626976804], [72.98620384596424, 29.79386611546698], [72.98627099876525, 29.793708716339108], [72.98895526118527, 29.786462219757237], [72.99381789978504, 29.78427433791868], [72.99864408761606, 29.78427433791868], [73.00696371493345, 29.791760957019726], [73.00711531924739, 29.791882947896756], [73.00727943393444, 29.791987504157092], [73.00745406323396, 29.79207335431629], [73.00763708351951, 29.792139454370467], [73.01645999988519, 29.79478595970339], [73.01662631541508, 29.794827162388174], [73.0167958429938, 29.794852040425987], [73.01696698420415, 29.79486035925037], [73.02284892844793, 29.79486035925037], [73.02301335706956, 29.794852681596844], [73.02317635484232, 29.794829715446788], [73.02333650336854, 29.794791660650386], [73.02349240904447, 29.794738848358385], [73.02364271518748, 29.79467173814047], [73.02378611384174, 29.79459091398607], [73.02392135715999, 29.794497079222566], [73.0240472682623, 29.794391050394925], [73.02416275147714, 29.794273750160205], [73.0242668018759, 29.794146199258623], [73.02666875340945, 29.790904017449584], [73.03773467128913, 29.786920843251604], [73.04049476117927, 29.786920843251604], [73.04066772058557, 29.786912346300834], [73.04083901429826, 29.786886937278805], [73.0410069926652, 29.786844860888287], [73.04117003796293, 29.786786522347928], [73.04132657997609, 29.786712483489758], [73.04147511111951, 29.78662345734846], [73.0416142009571, 29.78652030129443], [73.04174250997768, 29.78640400877687], [73.04185880249524, 29.786275699756292], [73.04196195854927, 29.786136609918707], [73.04205098469056, 29.785988078775283], [73.04212502354873, 29.785831536762124], [73.04218336208909, 29.7856684914644], [73.0422254384796, 29.78550051309745], [73.04225084750163, 29.785329219384774], [73.0422593444524, 29.785156259978468], [73.0422593444524, 29.76663072264801], [73.04225027489761, 29.76645204497016], [73.04222315946409, 29.766275204017177], [73.04217827688612, 29.766102017633237], [73.04211608853608, 29.765934266095226], [73.04203723368178, 29.76577367381228], [73.03916169824376, 29.760598432731218], [73.0362675248374, 29.752785255621525], [73.03619702849275, 29.752621003684354], [73.03611027746791, 29.752464726068677], [73.03600816186506, 29.75231802624888], [73.03589172943344, 29.752182409427128], [73.03576217481904, 29.75205926708933], [73.03562082730693, 29.751949862727926], [73.03546913718235, 29.751855318877904], [73.03530866085008, 29.751776605599126], [73.03514104486513, 29.751714530523106], [73.03496800903835, 29.75166973056636], [73.03479132879046, 29.75164266539538], [73.03461281693549, 29.75163361271026], [73.02873087269171, 29.75163361271026], [73.02854649687367, 29.751643271573187], [73.02836413950472, 29.751672142421832], [73.02818579693705, 29.751719909193394], [73.02801342157089, 29.751786048962476], [73.02784890048075, 29.75186983766582], [73.02769403475662, 29.751970358028938], [73.02755051978669, 29.752086509607985], [73.02252378339544, 29.756609940676096], [73.01769102276559, 29.754435502046697], [73.0174739685231, 29.754354517590166], [73.0090301880252, 29.751821737136225], [72.99788381831159, 29.741791405100702], [72.99520379050215, 29.734556340370958], [72.99520379050215, 29.719091371908206], [72.99809481675871, 29.693075768602526], [73.00072052020779, 29.68835016231136], [73.00604050149235, 29.683562847689835], [73.01735428027307, 29.681017602900212], [73.01752463407479, 29.680970197416308], [73.01768938806778, 29.680905980444564], [73.01784688782531, 29.680825596839], [73.01799555176625, 29.680729853795746], [73.01813388703695, 29.68061971274734], [73.01826050450224, 29.68049627970821], [73.01837413269479, 29.680360794168305], [73.01847363058296, 29.68021461664639], [73.01855799902883, 29.680059215027963], [73.01862639082127, 29.67989614982508], [73.01867811918358, 29.679727058505968], [73.01871266466983, 29.67955363905191], [73.01872968038116, 29.67937763290647], [73.0187289954492, 29.679200807488236], [73.01871061675189, 29.679024938442776], [73.01867472884443, 29.678851791811958], [73.01862169210605, 29.678683106299694], [73.016096824431, 29.6718669154383], [73.02352599230467, 29.665181597937167], [73.02873087269171, 29.665181597937167], [73.02891704276287, 29.665171749639015], [73.02910113477017, 29.665142314673037], [73.02928109384547, 29.665093621597624], [73.02945491125315, 29.665026213933654], [73.04121879974072, 29.65973320326781], [73.04138089729011, 29.65964995187439], [73.04153354470381, 29.659550427118084], [73.0416751140843, 29.6594356903736], [73.06175862988925, 29.641363049940864], [73.0669635102763, 29.641363049940864], [73.06714788609433, 29.64135339107794], [73.06733024346329, 29.641324520229293], [73.06750858603095, 29.64127675345773], [73.06768096139712, 29.64121061368865], [73.06784548248726, 29.641126824985307], [73.06800034821138, 29.641026304622187], [73.06814386318132, 29.64091015304314], [73.07696677954699, 29.632970637044373], [73.07710398971699, 29.63283274011821], [73.0772251872302, 29.632680577850266], [73.07732889914448, 29.63251599950469], [73.08321084338826, 29.621929978173], [73.08328969824255, 29.621769385890055], [73.0833518865926, 29.621601634352043], [73.08339676917056, 29.621428447968103], [73.08342388460409, 29.62125160701512], [73.08343295415888, 29.62107292933727], [73.08343295415888, 29.615779918671425], [73.08342299967468, 29.615592750455924], [73.08339324853385, 29.615407693971928], [73.08334403640463, 29.615226837125263], [73.08327591852444, 29.615052220439207], [73.08318966343552, 29.614885814032224], [73.08308624431372, 29.614729495390037], [73.0775510099151, 29.607257972328384], [73.0775510099151, 29.602547392006812], [73.0775410554309, 29.60236022379131], [73.07751130429007, 29.602175167307315], [73.07746209216084, 29.60199431046065], [73.07739397428065, 29.601819693774594], [73.07730771919174, 29.60165328736761], [73.07720430006994, 29.601496968725424], [73.07166906567132, 29.59402544566377], [73.07166906567132, 29.5893148653422], [73.07165999611652, 29.589136187664348], [73.071632880683, 29.588959346711366], [73.07158799810503, 29.588786160327427], [73.07152580975499, 29.588618408789415], [73.0714469549007, 29.58845781650647], [73.06996264845223, 29.58578643794949], [73.06990448239819, 29.58578643794949], [73.0697330027623, 29.585778086113923], [73.0695631463649, 29.585753109666296], [73.06939652107872, 29.585711745035447], [73.06923470419062, 29.585654383781915], [73.06907922747082, 29.585581568891424], [73.06893156267303, 29.585493989634916], [73.06879310760274, 29.585392475043886], [73.06866517288556, 29.58527798606269], [73.06854896956061, 29.58515160645219], [73.05980710675134, 29.574662835807395], [73.0515815858101, 29.567260900619033], [73.04392443605175, 29.567260900619033], [73.03748452131502, 29.571124309947187], [73.03566660300453, 29.572214908634546]], [[73.00702552219406, 29.64036816181492], [73.00109177744379, 29.640255452168734], [72.99964161884455, 29.63854632994061], [73.00702552219406, 29.64036816181492]], [[72.83779838329727, 29.8047989916267], [72.83978306240027, 29.804732478905812], [72.83456732397225, 29.808839847593443], [72.83779838329727, 29.8047989916267]], [[72.8252819825838, 29.81270071693583], [72.82393149398595, 29.81312530210373], [72.82297870206878, 29.811989568763973], [72.8252819825838, 29.81270071693583]], [[72.79341346276118, 29.379360347502086], [72.78803032513832, 29.382549965052345], [72.76738454665957, 29.39430832277094], [72.79341346276118, 29.379360347502086]]]}}, {"type": "Feature", "properties": {"na": "NA-163", "src": "sheet-split: bwn_na162.jpg, outline-fit", "approx": false, "rms_km": 1.096}, "geometry": {"type": "MultiPolygon", "coordinates": [[[[72.79401369979561, 29.31575147696635], [72.79417143394134, 29.31569006587985], [72.79432255832432, 29.31561382413833], [72.79446568236507, 29.315523453284435], [72.79459948909978, 29.315419784870613], [72.79472274729831, 29.315303772807557], [72.79483432279345, 29.315176484586736], [72.79493318891708, 29.315039091457813], [72.79501843594706, 29.314892857651326], [72.79508927947805, 29.314739128745806], [72.79514506763938, 29.314579319286345], [72.79518528709316, 29.314414899768604], [72.79520956775785, 29.31424738310794], [72.79521768621355, 29.314078310718255], [72.79521768621355, 29.301162102335624], [72.797897714023, 29.29392703760588], [72.80099298267919, 29.29114168478174], [72.81532294442056, 29.29114168478174], [72.8180067739764, 29.293556794119002], [72.81524580497108, 29.308463945007475], [72.81522277192626, 29.30863426884427], [72.81521641835973, 29.308806025540576], [72.81522680454887, 29.30897758561055], [72.81525383195812, 29.309147321433766], [72.81529724417368, 29.309313622696763], [72.81535662933628, 29.309474911670335], [72.81543142404848, 29.309629658177762], [72.81552091871976, 29.309776394111832], [72.81562426429849, 29.30991372736305], [72.8157404803271, 29.310040355026818], [72.81586846424374, 29.31015507576432], [72.81600700184262, 29.31025680119984], [72.81615477879326, 29.31034456624636], [72.81631039310989, 29.310417538261515], [72.81647236845222, 29.310475024947028], [72.81663916813183, 29.310516480916643], [72.81680920969094, 29.310541512870326], [72.81698087991555, 29.310549883325546], [72.8346267126469, 29.310549883325546], [72.83481288271805, 29.310540035027394], [72.83499697472536, 29.310510600061416], [72.83517693380065, 29.310461906986003], [72.83535075120834, 29.310394499322033], [72.84123269545212, 29.30774799398911], [72.8413767769441, 29.30767506347874], [72.84151358775085, 29.307589266399347], [72.84164198205353, 29.307491321319247], [72.84176088452327, 29.307382048548764], [72.84186929932723, 29.307262363269984], [72.841966318469, 29.307133267871905], [72.84205112939318, 29.306995843555217], [72.84448784530844, 29.30261036732678], [72.84933157325635, 29.30261036732678], [72.84950470503387, 29.302601853390385], [72.84967616612462, 29.302576393738974], [72.8498443019637, 29.30253423405305], [72.85000749007412, 29.30247578116508], [72.85016415572353, 29.302401599133642], [72.85031278712003, 29.30231240380039], [72.85045195000058, 29.3022090558823], [72.85058030147145, 29.302092552665947], [72.85069660296683, 29.301964018383877], [72.85079973220076, 29.301824693365994], [72.85962264856643, 29.28859216670138], [72.85970894727805, 29.288448371467123], [72.85978120557414, 29.288297033184875], [72.85983877079197, 29.288139518795948], [72.85988112298199, 29.28797725102643], [72.85990787960414, 29.287811695536654], [72.85991879898306, 29.287644347682804], [72.85991378249103, 29.28747671901034], [72.8598928754388, 29.287310323601172], [72.85985626666633, 29.287146664397945], [72.85980428683706, 29.286987219628905], [72.85973740545136, 29.28683342945604], [72.85965622660574, 29.28668668296699], [72.85956148353645, 29.28654830562835], [72.85945403199669, 29.286419547313567], [72.85933484252705, 29.286301571013617], [72.85367191411324, 29.28120564707216], [72.85109615652948, 29.2765699307857], [72.85109615652948, 29.272520177852826], [72.86190241034231, 29.262795907387392], [72.87595784724348, 29.260266282000018], [72.88119356384657, 29.260266282000018], [72.88959740557253, 29.26530788299067], [72.88973717620071, 29.26538339430207], [72.88988317172335, 29.26544602890929], [72.89003420880879, 29.26549527914256], [72.89018906326217, 29.265530745815926], [72.8903464799479, 29.265552141462788], [72.89050518296283, 29.265559292665863], [72.89600843465058, 29.265559292665863], [72.90129363629295, 29.267937301322927], [72.90445287497272, 29.270780219129513], [72.90638643242104, 29.279480012746117], [72.90638643242104, 29.282320246723184], [72.90639550197584, 29.282498924401036], [72.90642261740936, 29.282675765354018], [72.90646749998733, 29.282848951737957], [72.90652968833737, 29.28301670327597], [72.90660854319167, 29.283177295558914], [72.90954951531356, 29.28847030622476], [72.90965322722784, 29.288634884570335], [72.90977442474104, 29.28878704683828], [72.90991163491104, 29.288924943764442], [72.91520934878672, 29.293692220516206], [72.91520934878672, 29.3193713213841], [72.9152174173861, 29.319539875021693], [72.91524154939654, 29.31970688722818], [72.91528152412964, 29.3198708306689], [72.91533697601454, 29.320030206073223], [72.9154073979411, 29.320183555945423], [72.9154921458974, 29.320329477893548], [72.91559044485932, 29.320466637454377], [72.91570139587814, 29.32059378029714], [72.91582398430145, 29.320709743694433], [72.91595708905224, 29.320813467155418], [72.91609949288119, 29.32090400212406], [72.9162498934984, 29.320980520653723], [72.9210912930305, 29.32315884624633], [72.9210912930305, 29.32693631952757], [72.91536147263083, 29.339826615334463], [72.91529987048582, 29.339985446513975], [72.91525387165886, 29.34014947783956], [72.91522390488826, 29.340317180434997], [72.91521024948338, 29.34048699120548], [72.91521303272127, 29.34065732740669], [72.91523222866039, 29.340826601396945], [72.91526765838236, 29.340993235435054], [72.91531899165967, 29.34115567638585], [72.91538575003355, 29.34131241019641], [72.9154673112735, 29.341461976007988], [72.91556291517693, 29.34160297977214], [72.91567167065467, 29.341734107244154], [72.91579256403655, 29.341854136232627], [72.91592446851938, 29.34196194799109], [72.91606615466955, 29.342056537645423], [72.92292514404596, 29.346171356648753], [72.92569654522237, 29.348665269439845], [72.93019230394282, 29.354733696274277], [72.9326832411652, 29.35921675722813], [72.93045067874327, 29.36524383410357], [72.91441165249398, 29.36524383410357], [72.90887505425562, 29.36275271277416], [72.90870123684793, 29.36268530511019], [72.90852127777264, 29.362636612034777], [72.90833718576533, 29.3626071770688], [72.90815101569417, 29.362597328770647], [72.88500193127507, 29.362597328770647], [72.87358338879292, 29.357459702108315], [72.87336633455044, 29.357378717651784], [72.866644116759, 29.355362333896483], [72.86837677472269, 29.352243985030196], [72.87672348825159, 29.344732991742585], [72.89110280778871, 29.33955715949915], [72.89126279440931, 29.33949052713176], [72.89141547303232, 29.33940852207563], [72.8915593709041, 29.339311935359934], [72.89169309997106, 29.339201698670017], [72.89181537026893, 29.339078875360276], [72.89192500236588, 29.33894465019694], [72.89202093873948, 29.33880031792967], [72.89210225397765, 29.338647270802305], [72.89216816370528, 29.3384869851231], [72.89221803215038, 29.33832100702413], [72.89225137827684, 29.338150937547137], [72.89226788042448, 29.337978417199707], [72.89226737941192, 29.337805110130777], [72.89224988007197, 29.337632688078084], [72.89221555120506, 29.337462814242397], [72.89216472395094, 29.337297127244135], [72.89209788859452, 29.337137225317047], [72.89201568983648, 29.336984650891495], [72.89191892057448, 29.33684087571601], [72.89180851425472, 29.33670728666066], [72.89168553586785, 29.336585172339145], [72.88286261950218, 29.328645656340377], [72.88271910453224, 29.32852950476133], [72.88256423880811, 29.32842898439821], [72.88239971771797, 29.32834519569487], [72.88222734235181, 29.328279055925787], [72.88204899978415, 29.328231289154225], [72.88186664241519, 29.32820241830558], [72.88168226659715, 29.328192759442654], [72.87353641408822, 29.328192759442654], [72.86521678677083, 29.32070614034161], [72.86507649827269, 29.320592337272174], [72.86492530994697, 29.320493473267142], [72.86476480624044, 29.320410584416777], [72.86459666922462, 29.320344539392455], [72.86442266096779, 29.320296030343023], [72.86424460506852, 29.3202655656411], [72.86406436754454, 29.320253464555385], [72.86388383727689, 29.320259853904695], [72.86370490621454, 29.320284666728945], [72.86352944954685, 29.32032764299087], [72.85470653318117, 29.32297414832379], [72.85456818735484, 29.323021985213433], [72.85443428249985, 29.323081124248624], [72.85430574010984, 29.323151158452003], [72.84548282374416, 29.328444169117848], [72.84532971664821, 29.328547279513423], [72.84518821871752, 29.32866582010612], [72.84505987835148, 29.328798493716707], [72.84494609996734, 29.328943848509574], [72.84484812863195, 29.32910029388006], [72.84190715651006, 29.334393304545905], [72.84181692696643, 29.334580996857518], [72.84174943843462, 29.33477801226924], [72.83882826148877, 29.345292780917415], [72.83591297686688, 29.35316295035022], [72.83586194892301, 29.353323984358646], [72.83582655308751, 29.353489159834286], [72.83580711374326, 29.353656963036936], [72.83580380904091, 29.35382585614475], [72.83581666926621, 29.35399429134751], [72.8358455765624, 29.354160725031452], [72.83589026601044, 29.354323631925595], [72.83595032805667, 29.35448151908], [72.83602521226628, 29.354632939547823], [72.8382835434878, 29.35869736816093], [72.83124268043164, 29.36503326012258], [72.82336980847829, 29.36267172831763], [72.8232034929484, 29.362630525632845], [72.82303396536967, 29.362605647595032], [72.82286282415933, 29.362597328770647], [72.81238197229867, 29.362597328770647], [72.81119923887493, 29.361533017317292], [72.80663486485595, 29.355371972763628], [72.80653081445719, 29.355244421862047], [72.80641533124235, 29.355127121627326], [72.80628942014005, 29.355021092799685], [72.80615417682179, 29.35492725803618], [72.80601077816753, 29.354846433881782], [72.80586047202452, 29.354779323663866], [72.8057045663486, 29.354726511371865], [72.80554441782238, 29.354688456575463], [72.80538142004961, 29.354665490425408], [72.80521699142798, 29.35465781277188], [72.79639407506231, 29.35465781277188], [72.79622329162068, 29.354666096769865], [72.7960541116961, 29.354690870983845], [72.7958881237499, 29.354731902804183], [72.79572688627339, 29.354788806975584], [72.79557191315476, 29.35486104921436], [72.79542465946507, 29.354947951224872], [72.7952865077962, 29.35504869706821], [72.79515875527953, 29.35516234082317], [72.79504260140685, 29.3552878154677], [72.79493913676818, 29.35542394289735], [72.79484933281198, 29.355569444986717], [72.79477403272406, 29.35572295559], [72.79471394351077, 29.355883033367988], [72.79466962936075, 29.356048175321067], [72.79464150634769, 29.356216830901158], [72.7946298385237, 29.356387416570083], [72.79463473544013, 29.35655833066771], [72.79465615111893, 29.35672796845024], [72.79469388448436, 29.35689473715741], [72.79763485660625, 29.3674807584891], [72.79768701947725, 29.36763909859965], [72.79775389221295, 29.3677918094144], [72.79783487792476, 29.367937527876517], [72.79792925375538, 29.368074953341093], [72.79803617733083, 29.36820285918434], [72.79815469427918, 29.36832010375212], [72.80639338027675, 29.375733885836805], [72.80639338027675, 29.384748002245832], [72.80159895544935, 29.389062382099873], [72.80310519083672, 29.387706959532064], [72.79557401389987, 29.389062382099873], [72.79051213081853, 29.389062382099873], [72.7903477021969, 29.3890700597534], [72.79018470442414, 29.389093025903456], [72.79002455589792, 29.38913108069986], [72.78986865022199, 29.38918389299186], [72.78971834407898, 29.389251003209775], [72.78957494542472, 29.389331827364174], [72.78943970210646, 29.389425662127678], [72.78931379100416, 29.38953169095532], [72.78919830778932, 29.38964899119004], [72.78909425739056, 29.38977654209162], [72.78321231314678, 29.39771605809039], [72.78311599716164, 29.397860399394748], [72.78303432396135, 29.398013502854823], [72.78296808335664, 29.3981738879022], [72.78291791591924, 29.398340003552754], [72.78288430678727, 29.398510243405266], [72.78286758097373, 29.398682961175908], [72.78286790022361, 29.398856486618463], [72.78288526144962, 29.399029141676213], [72.78291949676213, 29.399199256709387], [72.78297027509272, 29.39936518664122], [72.78303710539569, 29.399525326866453], [72.78311934139674, 29.399678128768493], [72.7832161878426, 29.399822114695098], [72.78332670819145, 29.399955892247856], [72.78344983366972, 29.40007816774719], [72.7893317779135, 29.405371178413034], [72.78947334729399, 29.40548591515752], [72.78962599470769, 29.405585439913825], [72.78978809225708, 29.405668691307245], [72.79567003650087, 29.408315196640167], [72.79584385390855, 29.408382604304137], [72.79602381298385, 29.40843129737955], [72.79620790499115, 29.408460732345528], [72.79639407506231, 29.40847058064368], [72.80748089969313, 29.40847058064368], [72.81285955488863, 29.413310694411802], [72.81300306985857, 29.41342684599085], [72.8131579355827, 29.413527366353968], [72.81332245667284, 29.41361115505731], [72.813494832039, 29.413677294826392], [72.81367317460666, 29.413725061597955], [72.81385553197562, 29.4137539324466], [72.81403990779366, 29.413763591309525], [72.8192447881807, 29.413763591309525], [72.83638733186376, 29.429189726409337], [72.8365308468337, 29.429305877988384], [72.83668571255782, 29.429406398351503], [72.83685023364797, 29.429490187054846], [72.83702260901413, 29.429556326823928], [72.83720095158179, 29.42960409359549], [72.83738330895075, 29.429632964444135], [72.83756768476879, 29.42964262330706], [72.85521351750013, 29.42964262330706], [72.85538647690643, 29.42963412635629], [72.85555777061911, 29.42960871733426], [72.85572574898606, 29.429566640943744], [72.85588879428379, 29.429508302403384], [72.85604533629694, 29.429434263545215], [72.85619386744037, 29.429345237403915], [72.85633295727796, 29.429242081349887], [72.85646126629854, 29.429125788832327], [72.8565775588161, 29.42899747981175], [72.85668071487012, 29.428858389974163], [72.85676974101142, 29.42870985883074], [72.85684377986959, 29.42855331681758], [72.85690211840995, 29.428390271519856], [72.85694419480046, 29.428222293152906], [72.85696960382249, 29.42805099944023], [72.85697810077326, 29.427878040033924], [72.85697810077326, 29.423042334639717], [72.85955385835702, 29.41840661835326], [72.86487383964158, 29.413619303731735], [72.86406396143191, 29.41434809234723], [72.86811335248026, 29.412890515116242], [72.875996360453, 29.411117085976603], [72.8839461748623, 29.411117085976603], [72.89520677430158, 29.42125021041057], [72.89533821285941, 29.421357514105615], [72.89547934981631, 29.4214516976331], [72.90430226618199, 29.426744708298944], [72.904430808572, 29.426814742502323], [72.90456471342699, 29.426873881537514], [72.90470305925332, 29.426921718427156], [72.91226837666483, 29.429190996752485], [72.91226837666483, 29.440324614237205], [72.90697066278915, 29.44509189098897], [72.90683345261915, 29.44522978791513], [72.90671225510594, 29.445381950183076], [72.90660854319167, 29.445546528528652], [72.90072659894788, 29.456132549860342], [72.90064774409359, 29.456293142143288], [72.90058555574355, 29.4564608936813], [72.90054067316558, 29.45663408006524], [72.90051355773205, 29.45681092101822], [72.90050448817726, 29.456989598696072], [72.90050448817726, 29.462282609361917], [72.90051412696954, 29.462466794043515], [72.90054293804522, 29.46264896655837], [72.90059060665129, 29.462827136722108], [72.90065661202138, 29.462999358074935], [72.90653855626516, 29.476231884739548], [72.90661994239909, 29.476392386670835], [72.90671725244754, 29.476543764764415], [72.90682947433815, 29.476684444613753], [72.90695544090816, 29.47681296307929], [72.90709384204334, 29.476927983505842], [72.90724323830388, 29.477028309624473], [72.91520934878672, 29.481807308540866], [72.9128565710892, 29.480395839029967], [72.9128565710892, 29.49007891449616], [72.91520934878672, 29.48796171022981], [72.90108871854537, 29.500668502980343], [72.90096533565524, 29.500791060639305], [72.900854615877, 29.500925168238084], [72.90075763462556, 29.501069523197174], [72.90067533387433, 29.501222723405046], [72.90060851300584, 29.50138328083676], [72.90055782104739, 29.501549636007084], [72.9005237503671, 29.501720173117675], [72.90050663189157, 29.50189323575125], [72.90050663189157, 29.50206714296026], [72.9005237503671, 29.502240205593836], [72.90055782104739, 29.502410742704427], [72.90060851300584, 29.502577097874752], [72.90067533387433, 29.502737655306465], [72.90075763462556, 29.502890855514337], [72.900854615877, 29.503035210473428], [72.90096533565524, 29.503169318072207], [72.90108871854537, 29.50329187573117], [72.90697066278915, 29.508584886397013], [72.90711077428166, 29.508698560302907], [72.90726176105977, 29.508797332667736], [72.90742204462032, 29.508880170868043], [72.90758994926625, 29.508946208865357], [72.90776371962525, 29.508994756260247], [72.91946721369362, 29.511627674746215], [72.92823083622845, 29.5142563944136], [72.92839715175835, 29.514297597098384], [72.92856667933707, 29.514322475136197], [72.92873782054741, 29.514330793960582], [72.92890896175776, 29.514322475136197], [72.92907848933648, 29.514297597098384], [72.92924480486637, 29.5142563944136], [72.93743710185817, 29.51179904847728], [72.94196399804201, 29.513835867324175], [72.94439092431938, 29.52257158200554], [72.93343941188617, 29.532426566975413], [72.93332256192048, 29.532542001353956], [72.93321695152221, 29.532667800614735], [72.93312349574889, 29.532802874774607], [72.93304300434465, 29.53294605348838], [72.93297617472439, 29.533096096189265], [72.93292358593094, 29.533251702837696], [72.93288569361798, 29.53341152518548], [72.9328628261021, 29.53357417845766], [72.93285518151806, 29.533738253350826], [72.93285518151806, 29.537890244487365], [72.92801378198597, 29.54006857007997], [72.92785803884401, 29.540148149043052], [72.9277109384563, 29.54024275461142], [72.92757392590005, 29.54035145740376], [72.92744834715216, 29.540473189551165], [72.9273354358667, 29.540606755187632], [72.92723630125572, 29.540750842197934], [72.92715191719272, 29.540904035107506], [72.9270831126455, 29.54106482898772], [72.92414214052361, 29.54900434498649], [72.92409435474276, 29.549153314025983], [72.92405995119, 29.549305930051148], [72.92403920028998, 29.549460993443756], [72.92403226515239, 29.54961728534836], [72.92403226515239, 29.554910296014206], [72.92404076210316, 29.555083255420513], [72.92406617112519, 29.55525454913319], [72.9241082475157, 29.555422527500138], [72.92416658605606, 29.555585572797863], [72.92424062491423, 29.55574211481102], [72.92432965105553, 29.555890645954445], [72.92443280710955, 29.55602973579203], [72.92454909962711, 29.55615804481261], [72.9246774086477, 29.55627433733017], [72.92481649848528, 29.556377493384197], [72.92496502962871, 29.556466519525497], [72.92512157164187, 29.556540558383666], [72.92528461693959, 29.556598896924026], [72.92545259530654, 29.556640973314543], [72.92562388901922, 29.556666382336573], [72.92579684842552, 29.556674879287343], [72.93970936808111, 29.556674879287343], [72.95094681283015, 29.569315239440453], [72.95104914796282, 29.569421104571244], [72.95115995277877, 29.569518069503356], [72.9512784557855, 29.569605459106242], [72.96304234427306, 29.57754497510501], [72.96319166084588, 29.577635336785125], [72.96334917354356, 29.577710506075523], [72.96351334147931, 29.577769747623623], [72.96368255866068, 29.577812481891904], [72.96385516970031, 29.577838290827266], [72.9640294860101, 29.577846921950723], [72.97553442330091, 29.577846921950723], [72.98373017067661, 29.58030530285768], [72.9893178822021, 29.585333541051767], [72.98945799369461, 29.58544721495766], [72.98960898047272, 29.58554598732249], [72.98976926403327, 29.585628825522797], [72.9899371686792, 29.58569486352011], [72.9901109390382, 29.585743410915], [73.00187482752577, 29.588389916247923], [73.00206728419242, 29.58842215353622], [73.00226212359469, 29.588432943282413], [73.00814406783847, 29.588432943282413], [73.00832844365651, 29.588423284419488], [73.00851080102547, 29.588394413570843], [73.00868914359313, 29.58834664679928], [73.00886151895929, 29.5882805070302], [73.00902604004943, 29.588196718326856], [73.00918090577356, 29.588096197963736], [73.0093244207435, 29.58798004638469], [73.01494917798047, 29.582918471705614], [73.0293284975176, 29.57774263946218], [73.02948617978984, 29.577677100514144], [73.02963678891547, 29.577596627264136], [73.02977891450071, 29.577501973311712], [73.02991122559673, 29.577394025053], [73.03566660300453, 29.572214908634546], [73.04392443605175, 29.567260900619033], [73.0515815858101, 29.567260900619033], [73.05980710675134, 29.574662835807395], [73.06854896956061, 29.58515160645219], [73.06866517288556, 29.58527798606269], [73.06879310760274, 29.585392475043886], [73.06893156267303, 29.585493989634916], [73.06907922747082, 29.585581568891424], [73.06923470419062, 29.585654383781915], [73.06939652107872, 29.585711745035447], [73.0695631463649, 29.585753109666296], [73.0697330027623, 29.585778086113923], [73.06990448239819, 29.58578643794949], [73.08755031512953, 29.58578643794949], [73.08768154015841, 29.585781551843375], [73.0878120384668, 29.585766920584152], [73.10545787119814, 29.58312041525123], [73.10562618212926, 29.583086730264167], [73.10579042395095, 29.583036851692693], [73.1059490425593, 29.582971251502375], [73.10610053705888, 29.582890550421304], [73.10624347396461, 29.5827955120666], [73.1063765007659, 29.582687035718845], [73.1117551559614, 29.577846921950723], [73.11696003634844, 29.577846921950723], [73.11714441216648, 29.577837263087797], [73.11732676953544, 29.577808392239152], [73.1175051121031, 29.57776062546759], [73.11767748746927, 29.57769448569851], [73.1178420085594, 29.577610696995166], [73.11799687428353, 29.577510176632046], [73.11814038925347, 29.577394025053], [73.12402233349725, 29.572101014387155], [73.12414764502861, 29.571976338756173], [73.1242598540202, 29.57183975129313], [73.13602374250776, 29.555960719295594], [73.13611634032976, 29.555822562823224], [73.136195519622, 29.555676302072584], [73.1362605769817, 29.55552323637608], [73.13909631609827, 29.54786780981941], [73.14582629853801, 29.539792958521236], [73.154012321028, 29.532426566975413], [73.15420553219599, 29.532275616923403], [73.16586755881939, 29.524404848082607], [73.17165815375935, 29.5191940403108], [73.1717804251168, 29.519093559002652], [73.17191120759384, 29.5190044370534], [73.17204944918714, 29.518927391352566], [73.1827846754846, 29.513560527670755], [73.18165266268262, 29.511858618089608], [73.14455267916287, 29.456081141631444], [73.12489748053434, 29.435015044308898], [73.09012289855298, 29.373108108652332], [73.06593188554814, 29.317755143385227], [73.04325281006919, 29.278198911950255], [73.01906179706435, 29.261053120405222], [72.92229774414562, 29.144913749569923], [72.90566642236757, 29.109253717585034], [72.89508285339105, 29.06829547185862], [72.87240377881142, 29.0378965745673], [72.84972470423179, 29.024676868742574], [72.75749646568937, 28.999554764241054], [72.67433985679901, 28.96516725226695], [72.64561302851848, 28.944000025281014], [72.52092832837968, 28.87733868333362], [72.48081175006229, 28.853991079724608], [72.472296539446, 28.85093987745681], [72.470370313, 28.85518509], [72.469269406, 28.857608465], [72.468655291, 28.859281919], [72.468040787, 28.860956433], [72.464507001, 28.870585944], [72.46404613700001, 28.871841791], [72.463738754, 28.872679404], [72.46256003500001, 28.875504092], [72.460370843, 28.880750283], [72.456911363, 28.889040599], [72.447659364, 28.910922827], [72.447199158, 28.912009982], [72.446554978, 28.913529594], [72.446185252, 28.914486135], [72.445555812, 28.91613807], [72.440362528, 28.929767589], [72.439713962, 28.931474002], [72.439081386, 28.933639342], [72.435505817, 28.945920948], [72.435136062, 28.947191009], [72.434743806, 28.948540777], [72.434321845, 28.950767501], [72.433762211, 28.953774997], [72.432455706, 28.960796205], [72.432210776, 28.96211247], [72.432012931, 28.963137766], [72.431663555, 28.964584195], [72.431343575, 28.965904113], [72.428804311, 28.976378602], [72.426794086, 28.984670798], [72.426373186, 28.986418906], [72.42585647300001, 28.987655743], [72.42551199, 28.988480318], [72.42240766, 28.99591104], [72.421890414, 28.997149154], [72.42120061700001, 28.998800295], [72.420346492, 29.000379218], [72.419706418, 29.001563461], [72.414371214, 29.011434466], [72.40732880600001, 29.02446408], [72.406902123, 29.025253514], [72.406050828, 29.026832267], [72.40508178600001, 29.028258922], [72.404355773, 29.029327782], [72.400724623, 29.034673674], [72.396210036, 29.041320151], [72.395206819, 29.042797109], [72.394452489, 29.043907651], [72.393727235, 29.045039373], [72.39275785400001, 29.046552039], [72.3854872, 29.057897509], [72.385244985, 29.058275473], [72.384792828, 29.058981059], [72.383889183, 29.060391132], [72.38251519900001, 29.062158902], [72.374823288, 29.0720557], [72.373099495, 29.074277518], [72.372104242, 29.075560787], [72.37182507, 29.075903249], [72.36912250200001, 29.079218519], [72.367960749, 29.080643655], [72.365572234, 29.083574051], [72.364778313, 29.084547586], [72.364143714, 29.085133914], [72.362130817, 29.086993694], [72.361277824, 29.087781513], [72.360142793, 29.088830492], [72.358740549, 29.089216096], [72.357354265, 29.089545095], [72.356386647, 29.089528977], [72.355151365, 29.08950847], [72.354002183, 29.089774348], [72.35211092, 29.090211914], [72.350992818, 29.090906821], [72.349881876, 29.091597278], [72.348980662, 29.092157594], [72.347874361, 29.092896106], [72.347008634, 29.094016493], [72.34368516, 29.098311083], [72.340897478, 29.101911725], [72.338593497, 29.104487916], [72.337500773, 29.10571051], [72.336748708, 29.105698436], [72.335553022, 29.105679243], [72.334257184, 29.105196691], [72.333411098, 29.104881617], [72.332708175, 29.103398896], [72.331989007, 29.101754003], [72.332629134, 29.100171955], [72.334710451, 29.095041796], [72.334949465, 29.0943793], [72.335129023, 29.092589943], [72.335463706, 29.08925908], [72.335496581, 29.08847816], [72.335551612, 29.086053642], [72.335588286, 29.084431324], [72.335867808, 29.082646626], [72.336089934, 29.081218987], [72.335479875, 29.079689534], [72.334953217, 29.079031589], [72.332083396, 29.075444543], [72.331480982, 29.074689954], [72.329559671, 29.073708809], [72.328536137, 29.073690361], [72.328101064, 29.073682486], [72.326962672, 29.073661879], [72.324147247, 29.074272537], [72.323702415, 29.074370084], [72.322974453, 29.075086289], [72.322380044, 29.075671099], [72.3211615, 29.076006186], [72.319770418, 29.076388721], [72.318614833, 29.075857314], [72.316698888, 29.074973767], [72.315913004, 29.074610292], [72.315220021, 29.073612757], [72.31444775300001, 29.072501088], [72.314336198, 29.071202562], [72.314198952, 29.069637939], [72.314101449, 29.068520709], [72.314373723, 29.066960017], [72.314599051, 29.06567789], [72.314619269, 29.064794117], [72.31464862700001, 29.063510789], [72.314677201, 29.062261768], [72.314252106, 29.060927188], [72.314052054, 29.06034656], [72.31308485000001, 29.059689494], [72.311775463, 29.058798269], [72.310968719, 29.058249631], [72.309664393, 29.058138366], [72.308720472, 29.058057797], [72.308159512, 29.058010006], [72.307740083, 29.058076023], [72.30400195300001, 29.058664402], [72.303448829, 29.058836175], [72.302019863, 29.059385538], [72.30098863100001, 29.059781992], [72.300080105, 29.060767223], [72.29943934, 29.061461949], [72.299326769, 29.061988456], [72.299155302, 29.062790833], [72.298806174, 29.064425575], [72.298700944, 29.06507226], [72.298363448, 29.071406206], [72.298130162, 29.075784396], [72.29803789600001, 29.077516001], [72.297943709, 29.079283707], [72.297612451, 29.085500735], [72.297571152, 29.086009434], [72.297097932, 29.088568555], [72.296963126, 29.089301403], [72.296859878, 29.089871135], [72.295310496, 29.091361973], [72.293561933, 29.092091279], [72.292443415, 29.09207101], [72.284366991, 29.091933341], [72.2812698, 29.091880251], [72.279306091, 29.092329744], [72.278860917, 29.092433331], [72.278199129, 29.092587322], [72.276744266, 29.093812124], [72.275550431, 29.094817174], [72.275134831, 29.096271205], [72.27484480000001, 29.097472743], [72.274825678, 29.098293966], [72.274792777, 29.099731764], [72.27505373000001, 29.100540863], [72.275577408, 29.102164565], [72.275871644, 29.103076317], [72.276208432, 29.104121102], [72.277067455, 29.10531659], [72.279190598, 29.108271335], [72.281107182, 29.110938614], [72.281868997, 29.111998821], [72.282177847, 29.112822463], [72.283239737, 29.115654332], [72.283500043, 29.117026124], [72.283556362, 29.117957006], [72.282751508, 29.118802484], [72.281566757, 29.11946675], [72.280778499, 29.119908709], [72.279617035, 29.120188107], [72.276160144, 29.121019687], [72.274907321, 29.121321064], [72.274115869, 29.121700029], [72.27297311800001, 29.122247203], [72.27184111400001, 29.122789231], [72.271222166, 29.123570559], [72.270508977, 29.124470854], [72.270402099, 29.124970446], [72.270215023, 29.12584336], [72.27010295, 29.126367591], [72.270018967, 29.126919327], [72.269973617, 29.128930144], [72.269963097, 29.129391195], [72.27008412500001, 29.129950215], [72.270315484, 29.131018876], [72.27051285, 29.131929851], [72.270747172, 29.133011407], [72.271491052, 29.134227333], [72.272602817, 29.136041696], [72.273833403, 29.137831935], [72.275085809, 29.139651364], [72.277035638, 29.141459323], [72.27810857, 29.142438229], [72.278709594, 29.1443418], [72.278020104, 29.146039917], [72.276923506, 29.146713347], [72.269970594, 29.150982002], [72.268494532, 29.152279747], [72.266150232, 29.154369517], [72.264780935, 29.156373787], [72.264359267, 29.156990996], [72.26428162, 29.157827931], [72.264136006, 29.159397475], [72.26407812100001, 29.160021387], [72.26431932700001, 29.160825145], [72.264884381, 29.16270804], [72.265120617, 29.163495611], [72.26528085000001, 29.164029167], [72.265546798, 29.16451967], [72.267170963, 29.167472359], [72.268499673, 29.168859582], [72.269244883, 29.169622821], [72.273634377, 29.173964686], [72.275824272, 29.176188207], [72.276710268, 29.177088914], [72.277083947, 29.17793173], [72.277735368, 29.179400979], [72.278151245, 29.18033897], [72.278130778, 29.181313984], [72.27811337300001, 29.182143165], [72.278100112, 29.182662352], [72.27785247, 29.184128987], [72.276731476, 29.185818058], [72.274758702, 29.186919153], [72.273616357, 29.186957238], [72.27278698500001, 29.186984719], [72.27107114, 29.187042097], [72.269449327, 29.187299556], [72.267817328, 29.18755863], [72.266728087, 29.188372132], [72.26583497, 29.189039902], [72.26492156, 29.191110328], [72.264901621, 29.191985866], [72.264868945, 29.193420658], [72.264891345, 29.193899537], [72.26526952200001, 29.195542845], [72.265481697, 29.196464191], [72.265648952, 29.197191595], [72.266696569, 29.198730258], [72.268617868, 29.199900814], [72.271638494, 29.200332298], [72.27273002000001, 29.200352942], [72.27401867200001, 29.20037732], [72.275631771, 29.200829737], [72.276336463, 29.201089903], [72.2776621, 29.201957917], [72.27828655200001, 29.203238086], [72.278250892, 29.20462116], [72.27757133, 29.205939187], [72.276436967, 29.206889403], [72.27485694500001, 29.207798363], [72.273474364, 29.20859404], [72.272962249, 29.208892388], [72.272488806, 29.209780119], [72.272058301, 29.210587346], [72.272045301, 29.21114574], [72.272023043, 29.21210147], [72.27263506300001, 29.213158047], [72.27334858600001, 29.214389858], [72.273689642, 29.21497865], [72.274195313, 29.215439911], [72.276368745, 29.217406669], [72.278126018, 29.21878251], [72.279297291, 29.219622802], [72.28125938, 29.219861848], [72.281864717, 29.219930319], [72.283101976, 29.220071873], [72.284481487, 29.219817897], [72.285928358, 29.21955152], [72.287659293, 29.219581775], [72.288865407, 29.219674064], [72.29046066100001, 29.219796131], [72.291033325, 29.219890512], [72.29163279, 29.220165059], [72.292190288, 29.220420439], [72.292553594, 29.220696641], [72.293930222, 29.221743332], [72.29474320700001, 29.22236128], [72.296022856, 29.223140631], [72.298317266, 29.222885249], [72.299076138, 29.222248107], [72.299346256, 29.221581407], [72.299533308, 29.221119757], [72.299666948, 29.220300411], [72.29982361200001, 29.219406004], [72.300027982, 29.218469833], [72.301109668, 29.218298999], [72.301730026, 29.218309465], [72.302462517, 29.218322521], [72.302978962, 29.218345005], [72.303774859, 29.218435574], [72.304788348, 29.218550903], [72.305300383, 29.218885804], [72.306281035, 29.219527216], [72.306989427, 29.220119475], [72.308830139, 29.22165842], [72.311192019, 29.222647141], [72.312931591, 29.222802939], [72.313798409, 29.222881317], [72.314225692, 29.222948163], [72.316338387, 29.223277869], [72.317887941, 29.223522062], [72.319601556, 29.224308137], [72.31994803500001, 29.225632091], [72.320199106, 29.226591528], [72.321295333, 29.227790615], [72.3221023, 29.228710659], [72.32318179100001, 29.228825235], [72.32376256, 29.228886754], [72.324262276, 29.228939549], [72.32641802, 29.229357454], [72.326717674, 29.229721482], [72.3277237, 29.23094624], [72.328245974, 29.231612879], [72.328737623, 29.232240362], [72.330499607, 29.232397625], [72.33132962, 29.232471706], [72.333052797, 29.232502811], [72.333491254, 29.232510844], [72.33501212, 29.232538178], [72.335670245, 29.232169122], [72.336166251, 29.231020999], [72.336820259, 29.229528699], [72.33811094900001, 29.229362222], [72.340552962, 29.228837513], [72.34150241200001, 29.228612805], [72.343361333, 29.227891138], [72.343859602, 29.226979812], [72.344472062, 29.225711153], [72.344453561, 29.224533906], [72.343919122, 29.221915125], [72.343957951, 29.219593534], [72.343980905, 29.218492925], [72.343990183, 29.218053366], [72.344009981, 29.217271224], [72.344151337, 29.216464462], [72.344494515, 29.214848629], [72.344757817, 29.213702219], [72.345799268, 29.212578636], [72.346290363, 29.212048807], [72.347102797, 29.211460874], [72.347661387, 29.211056576], [72.349295476, 29.209874029], [72.35213910200001, 29.207578914], [72.353401804, 29.206556079], [72.353847511, 29.206195039], [72.35487684, 29.205361243], [72.356410423, 29.204557008], [72.361019849, 29.202139754], [72.361738634, 29.201762946], [72.366108343, 29.199619822], [72.367539237, 29.198919668], [72.368798804, 29.198740398], [72.370049089, 29.198562353], [72.371332294, 29.19837967], [72.372312177, 29.198240169], [72.373181282, 29.198297755], [72.37620272800001, 29.198497949], [72.379517979, 29.198931814], [72.3811711, 29.199148157], [72.382194217, 29.199946481], [72.382659966, 29.200309901], [72.383310373, 29.201332875], [72.384122387, 29.202610027], [72.386263142, 29.203780893], [72.387676591, 29.203935644], [72.389990485, 29.204188979], [72.39324438700001, 29.204544888], [72.394470112, 29.204678809], [72.395769461, 29.20462455], [72.399668152, 29.204461748], [72.40097023700001, 29.204407375], [72.40253734400001, 29.204016351], [72.403871968, 29.203682771], [72.405120217, 29.203370851], [72.405778149, 29.203208873], [72.40944836700001, 29.202838521], [72.410745023, 29.202916371], [72.412041754, 29.202994227], [72.416367793, 29.20325396], [72.418099233, 29.203357915], [72.419826377, 29.203520029], [72.424579104, 29.203966133], [72.42556773000001, 29.204056131], [72.42649646400001, 29.204112993], [72.427789899, 29.20419005], [72.431703182, 29.204427789], [72.434003165, 29.20452184], [72.435490611, 29.204060426], [72.436334613, 29.203861575], [72.438191894, 29.203492431], [72.440009981, 29.203519866], [72.44103589800001, 29.20355638], [72.441660207, 29.203627976], [72.443102369, 29.203793472], [72.444709896, 29.203977862], [72.446698994, 29.204667731], [72.449090665, 29.205497222], [72.449872452, 29.205768365], [72.451274416, 29.206125592], [72.452240003, 29.206371631], [72.45343839, 29.206280615], [72.454801105, 29.206177386], [72.456359939, 29.206059276], [72.45790932700001, 29.204568497], [72.458221581, 29.204094147], [72.45893229500001, 29.203013687], [72.4616309, 29.202349376], [72.462503615, 29.202448371], [72.464180404, 29.202638576], [72.465150308, 29.202748595], [72.46617917200001, 29.203245797], [72.47052237, 29.205338235], [72.47169838, 29.205905194], [72.472066868, 29.206180725], [72.473058005, 29.206946925], [72.473770642, 29.207496699], [72.47726033100001, 29.210079216], [72.478117127, 29.210713087], [72.479192804, 29.211508889], [72.48133045, 29.213092375], [72.483240234, 29.213891307], [72.484493946, 29.214416087], [72.486051744, 29.215067461], [72.486670796, 29.216591415], [72.486852284, 29.21830186], [72.48544602, 29.219339442], [72.485091094, 29.219601317], [72.483995819, 29.220714051], [72.482846074, 29.222035129], [72.482641572, 29.223169684], [72.482764222, 29.224350001], [72.48281931000001, 29.22488013], [72.483338107, 29.225303243], [72.484952493, 29.226619881], [72.48731998, 29.227418514], [72.488058662, 29.227162376], [72.488503756, 29.22700804], [72.49018310800001, 29.226653476], [72.492754711, 29.227250969], [72.493729742, 29.22784052], [72.495117702, 29.228681447], [72.495838165, 29.228937609], [72.497438269, 29.22938765], [72.499303331, 29.229415641], [72.500250382, 29.229429716], [72.502178954, 29.229560211], [72.503929582, 29.229678561], [72.504997104, 29.230018627], [72.510166084, 29.23165933], [72.511431178, 29.232061161], [72.511946853, 29.23273655], [72.513142729, 29.234371573], [72.51373785, 29.236988883], [72.51413102100001, 29.238714622], [72.514729429, 29.239647974], [72.51648857, 29.240307498], [72.517803377, 29.239886948], [72.518492272, 29.23966621], [72.519387941, 29.239390453], [72.524419896, 29.238648551], [72.525708306, 29.238543001], [72.526569817, 29.238472284], [72.527502084, 29.238395688], [72.528823148, 29.23838134], [72.53094999400001, 29.238366706], [72.53449121, 29.238338196], [72.535802383, 29.238327579], [72.537567909, 29.238498709], [72.543740387, 29.239096263], [72.544249856, 29.239142474], [72.544689311, 29.239181899], [72.55612086100001, 29.240151197], [72.556953889, 29.240221711], [72.559610253, 29.240448143], [72.561920758, 29.240686283], [72.571640504, 29.241694331], [72.572100015, 29.241739913], [72.572898181, 29.241820187], [72.574063088, 29.241939793], [72.575352888, 29.241958794], [72.576115931, 29.241970025], [72.582876984, 29.242069648], [72.585174022, 29.242104615], [72.586490389, 29.242157833], [72.587379942, 29.242195503], [72.59672126800001, 29.242580043], [72.5989455, 29.242671833], [72.59938986600001, 29.242692284], [72.600560091, 29.242709462], [72.602799984, 29.242742341], [72.607105958, 29.242808074], [72.607537653, 29.242814729], [72.609130438, 29.242838979], [72.610310532, 29.242456681], [72.611863563, 29.241953569], [72.613051193, 29.24156883], [72.614337076, 29.24038225], [72.615479272, 29.23932826], [72.61804840900001, 29.236177587], [72.619552626, 29.234337509], [72.62149305, 29.231254705], [72.622100427, 29.230279025], [72.622583307, 29.229733611], [72.624091065, 29.228030598], [72.625164037, 29.227286613], [72.62650892500001, 29.22635203], [72.629951083, 29.22314374], [72.630897409, 29.222262419], [72.632342404, 29.221472888], [72.633971095, 29.220588406], [72.634548198, 29.220500689], [72.635995749, 29.220278939], [72.639940204, 29.219667459], [72.640700656, 29.219547705], [72.642597014, 29.218538953], [72.646499902, 29.216460234], [72.650539685, 29.214342236], [72.651325525, 29.213930725], [72.652922195, 29.213094481], [72.65443935, 29.212027988], [72.656217823, 29.210772389], [72.656633975, 29.210478656], [72.657034891, 29.210255629], [72.658157766, 29.209633205], [72.659393828, 29.208997738], [72.66168989, 29.208841637], [72.662528374, 29.209039078], [72.662942343, 29.209136557], [72.66338167, 29.209240007], [72.66427307, 29.209449906], [72.66507608, 29.210177059], [72.666158779, 29.21115748], [72.666482607, 29.211491291], [72.668302229, 29.21405994], [72.66971343, 29.215442755], [72.670564075, 29.215671554], [72.672167464, 29.21582113], [72.674341981, 29.215281614], [72.676317843, 29.213981569], [72.676933819, 29.213234772], [72.677743441, 29.212251234], [72.678127841, 29.211758066], [72.678664385, 29.211048821], [72.680534086, 29.208577307], [72.68099053200001, 29.207974103], [72.681410883, 29.207418288], [72.681751703, 29.207100541], [72.682693283, 29.206222704], [72.68376449, 29.205307592], [72.685141267, 29.204811589], [72.687309702, 29.204841785], [72.688262574, 29.205305254], [72.688930486, 29.205630121], [72.689696382, 29.206002646], [72.69052944500001, 29.206407842], [72.691381821, 29.207284034], [72.693710174, 29.209677441], [72.695002904, 29.210753488], [72.695650963, 29.21129292], [72.69634966000001, 29.211874446], [72.69832861, 29.213392874], [72.699702648, 29.214440491], [72.700543144, 29.215081105], [72.701363423, 29.215431262], [72.702560389, 29.215942215], [72.703767942, 29.216457688], [72.704889832, 29.216428012], [72.707367813, 29.216361768], [72.70853207, 29.216330765], [72.709729336, 29.215779388], [72.712433931, 29.214533842], [72.713396087, 29.21407258], [72.718672905, 29.210219742], [72.71969797, 29.209468488], [72.721500746, 29.209063175], [72.72224524100001, 29.208955379], [72.72467903200001, 29.209347457], [72.725766954, 29.209985081], [72.726888891, 29.210642638], [72.728318576, 29.211480563], [72.728986053, 29.211850118], [72.730146167, 29.212493855], [72.730910334, 29.212917759], [72.731541707, 29.213268126], [72.736456367, 29.215999416], [72.73712985200001, 29.2163744], [72.737857014, 29.216779878], [72.73925001, 29.217002477], [72.741083724, 29.217295501], [72.741742504, 29.217400773], [72.742443623, 29.217410327], [72.743936014, 29.217430909], [72.74578593000001, 29.217456408], [72.746719687, 29.217469152], [72.747603815, 29.21735727], [72.74893596000001, 29.217188459], [72.752269314, 29.216780587], [72.752913149, 29.216772121], [72.753429819, 29.216760823], [72.754155049, 29.216760036], [72.759383588, 29.216761618], [72.76224556800001, 29.217009496], [72.763619247, 29.217128444], [72.764353836, 29.217610158], [72.766380579, 29.218936272], [72.767470668, 29.219647293], [72.767521145, 29.220110164], [72.76765790200001, 29.221357922], [72.76631152, 29.222107499], [72.765608461, 29.222304668], [72.762957122, 29.223046302], [72.762468319, 29.22318303], [72.762050016, 29.223300038], [72.760744257, 29.22323083], [72.75893604800001, 29.223134991], [72.75642088100001, 29.223001372], [72.755089594, 29.22290439], [72.749873643, 29.22252321], [72.748580476, 29.222428706], [72.74662891700001, 29.222780133], [72.745978367, 29.223072202], [72.74399467100001, 29.223962794], [72.743352408, 29.224251377], [72.74289873, 29.224614705], [72.74073214900001, 29.226349818], [72.740310707, 29.226687332], [72.739622024, 29.227238869], [72.738501259, 29.229309565], [72.738471005, 29.230827738], [72.739518899, 29.232746263], [72.740565485, 29.234648834], [72.740755726, 29.236359409], [72.73976687000001, 29.23793437], [72.738772777, 29.238673848], [72.73810647, 29.239169615], [72.737436387, 29.239889794], [72.736550397, 29.240849801], [72.736090521, 29.242370041], [72.736626915, 29.24435861], [72.73691305700001, 29.24541048], [72.737076975, 29.248449747], [72.73609655, 29.249788595], [72.735416768, 29.249947293], [72.734665029, 29.250121353], [72.73314425400001, 29.250098715], [72.731862475, 29.249328373], [72.73077317900001, 29.24812055], [72.729952341, 29.247210395], [72.72846112, 29.245867451], [72.726397732, 29.2458376], [72.725428581, 29.245823288], [72.724564549, 29.24581052], [72.722044788, 29.245558748], [72.71920820400001, 29.244903856], [72.717490439, 29.244121122], [72.716161356, 29.243570764], [72.715557759, 29.243456034], [72.714380742, 29.243233735], [72.713809085, 29.243125847], [72.71304746, 29.243019568], [72.711518906, 29.243413443], [72.71007936, 29.244300777], [72.709945224, 29.246172401], [72.709820019, 29.247930038], [72.709782744, 29.248393431], [72.709674184, 29.249348577], [72.7094677, 29.251119275], [72.70919927700001, 29.252886156], [72.707856351, 29.254160326], [72.70659679100001, 29.254687452], [72.70608421300001, 29.254876543], [72.705294491, 29.255039176], [72.704671113, 29.255167499], [72.704126209, 29.255279625], [72.70338850600001, 29.255364337], [72.701634874, 29.255158795], [72.701039597, 29.25508911], [72.699843118, 29.254883309], [72.69843141, 29.253609378], [72.69787529300001, 29.252752227], [72.698084137, 29.25126838], [72.698331749, 29.250919653], [72.6987088, 29.250388622], [72.698739055, 29.248869489], [72.69780901700001, 29.246725517], [72.696895908, 29.246310481], [72.696184998, 29.245989625], [72.695735779, 29.245982345], [72.694454623, 29.245962933], [72.693272654, 29.246824632], [72.692585387, 29.247680486], [72.690946542, 29.248190881], [72.69008549, 29.248179316], [72.689238165, 29.248168225], [72.688381121, 29.248209566], [72.687561168, 29.248436293], [72.685301694, 29.249060753], [72.68440564, 29.25075785], [72.68426988, 29.251805218], [72.684145613, 29.252839086], [72.684344853, 29.254169751], [72.68496064, 29.255320296], [72.68646553500001, 29.256477514], [72.68805432100001, 29.256927795], [72.689231547, 29.257264397], [72.691462004, 29.258275674], [72.691849391, 29.258448842], [72.693337322, 29.259798984], [72.69350599, 29.262457576], [72.693149719, 29.263115198], [72.692297887, 29.264591629], [72.690760205, 29.265618587], [72.689799605, 29.265712585], [72.688463942, 29.265801664], [72.687573125, 29.267118811], [72.687326336, 29.26844015], [72.687843618, 29.269702317], [72.688301276, 29.270806672], [72.69055999000001, 29.276256175], [72.690892947, 29.276847469], [72.691878891, 29.278393096], [72.692559155, 29.279467384], [72.693577888, 29.28020441], [72.695247515, 29.280618764], [72.696088787, 29.280223817], [72.696592978, 29.279940683], [72.697727977, 29.279964711], [72.69894700200001, 29.280289267], [72.699871156, 29.282040589], [72.70122339400001, 29.284822669], [72.701552855, 29.285500518], [72.701763692, 29.285934305], [72.70253621, 29.287523721], [72.703213285, 29.288909978], [72.705125749, 29.290828649], [72.705793049, 29.291133921], [72.706598325, 29.291502261], [72.707562914, 29.291942762], [72.708651164, 29.29215079], [72.709490338, 29.292277959], [72.71155029, 29.292588186], [72.714503639, 29.293031956], [72.715005716, 29.293055832], [72.716455636, 29.293077351], [72.717225315, 29.293089], [72.71927230300001, 29.292759311], [72.72027668, 29.291092563], [72.721857594, 29.288788947], [72.723110059, 29.288079066], [72.723660727, 29.287967402], [72.72418247, 29.287882224], [72.724614107, 29.287929328], [72.725540195, 29.288078925], [72.726646711, 29.290385415], [72.72699003000001, 29.291699913], [72.728401712, 29.293050999], [72.729354055, 29.293062019], [72.73025542, 29.292988379], [72.730885974, 29.292936912], [72.73265167400001, 29.292791959], [72.73326478700001, 29.292739473], [72.734121157, 29.292501721], [72.736343151, 29.291883035], [72.74126246, 29.291467919], [72.742120048, 29.29140192], [72.742824783, 29.291349932], [72.743240756, 29.291211708], [72.744883007, 29.290661402], [72.746696899, 29.289567498], [72.747922494, 29.288803903], [72.748285677, 29.288580211], [72.750259707, 29.287847822], [72.751076344, 29.287694387], [72.752281316, 29.287467987], [72.753081146, 29.287317709], [72.754817083, 29.287339147], [72.755630648, 29.287560878], [72.757658035, 29.288113432], [72.758481949, 29.288337985], [72.75965658, 29.289110004], [72.760159848, 29.289440774], [72.760840695, 29.289888257], [72.761637049, 29.290607383], [72.762175367, 29.291093496], [72.763405065, 29.292206926], [72.764229107, 29.293327465], [72.765090479, 29.294498285], [72.766642128, 29.295436536], [72.767661032, 29.296048686], [72.76877031100001, 29.296107248], [72.771417973, 29.296247026], [72.772430216, 29.296300466], [72.775049998, 29.296332223], [72.77648919100001, 29.296352504], [72.777604406, 29.296368134], [72.77849290600001, 29.296380518], [72.779336156, 29.296497487], [72.779893164, 29.296574751], [72.782129343, 29.296884952], [72.783032647, 29.297010236], [72.783750712, 29.297336248], [72.784936004, 29.297874388], [72.78569931, 29.29822086], [72.78647206, 29.298571783], [72.787124992, 29.299382888], [72.788170086, 29.300682074], [72.78833019800001, 29.301961541], [72.788550674, 29.303722162], [72.788165828, 29.3052021], [72.78781514100001, 29.306550673], [72.787238607, 29.308767747], [72.786928144, 29.309961636], [72.786334193, 29.311000408], [72.78596596013726, 29.311644416265068], [72.79254532555012, 29.315591484316197], [72.79269448576872, 29.315671500636196], [72.79285062644553, 29.315736857130307], [72.79301231084341, 29.315786952417103], [72.79317805121435, 29.315821325542007], [72.7933463224891, 29.315839660218792], [72.79351557631013, 29.31584178773991], [72.79368425527895, 29.315827688528856], [72.79385080728665, 29.315797492320304], [72.79401369979561, 29.31575147696635]], [[72.96971446839513, 29.54873259730331], [72.97159438418215, 29.543580997961996], [72.97159438418215, 29.54695949600942], [72.96971446839513, 29.54873259730331]], [[72.95536151453143, 29.534167210591924], [72.95481044368867, 29.530556367694516], [72.95694980592043, 29.5356652572259], [72.95536151453143, 29.534167210591924]], [[72.95223720140552, 29.513695425506373], [72.9531166449682, 29.511703755231355], [72.95255472387699, 29.515775963382634], [72.95223720140552, 29.513695425506373]], [[72.94101776193013, 29.495455926008777], [72.9391688215252, 29.49371204011404], [72.94469841465951, 29.49547438128454], [72.94101776193013, 29.495455926008777]], [[72.93578849376294, 29.49052377840019], [72.93580073851827, 29.49047391482496], [72.9357906845549, 29.490525844714057], [72.93578849376294, 29.49052377840019]], [[72.821433211804, 29.41107860263842], [72.82047322725316, 29.40930057187464], [72.821409345398, 29.41018350094268], [72.821433211804, 29.41107860263842]]], [[[72.723592337, 29.300761104], [72.72171806300001, 29.301579034], [72.72105869900001, 29.301997629], [72.720193549, 29.30254691], [72.719212705, 29.303169646], [72.718516723, 29.304285527], [72.7173220301636, 29.30620890011696], [72.72848999292155, 29.307883860627285], [72.7286514054302, 29.307900524513038], [72.72881366622448, 29.30790229020561], [72.72897540313448, 29.3078891427733], [72.72913524842053, 29.307861193398292], [72.7292918503396, 29.307818678436472], [72.72944388457644, 29.307761957418634], [72.72959006544271, 29.307691510010095], [72.73302152577683, 29.305838780158005], [72.730901825, 29.304089323], [72.729325474, 29.302667519], [72.728551897, 29.301969784], [72.727689681, 29.301533213], [72.72662171600001, 29.300992459], [72.725410245, 29.300899938], [72.724890137, 29.300860217], [72.723592337, 29.300761104]]]]}}]}