{"type": "FeatureCollection", "features": [{"type": "Feature", "properties": {"na": "NA-169", "src": "sheet-split: ryk_na174.jpg + ryk_na172_173.jpg, outline-fit", "approx": false, "rms_km": 5.79}, "geometry": {"type": "Polygon", "coordinates": [[[70.74697315852355, 28.754776244936764], [70.74686927100566, 28.754864384458706], [70.74677489680323, 28.754962642799892], [70.74331256049082, 28.758956409051954], [70.73233669154827, 28.758956409051954], [70.73220434694241, 28.758962978128253], [70.73207330338565, 28.758982620778077], [70.73194484913674, 28.759015143899102], [70.73182024699959, 28.759060227764074], [70.73170072190888, 28.75911742916399], [70.731587448888, 28.759186185765166], [70.73148154149774, 28.759265821637424], [70.73138404088905, 28.759355553898995], [70.73129590556778, 28.759454500412858], [70.73121800197178, 28.759561688458806], [70.73115109595324, 28.759676064296052], [70.73109584524968, 28.759796503522296], [70.73105279301795, 28.75992182212748], [70.72940077675833, 28.765638569020517], [70.71109569411317, 28.765638569020517], [70.71096869448995, 28.76564461702097], [70.71084284433604, 28.765662706282082], [70.71071928271695, 28.765692673078554], [70.71059912798471, 28.765734246181932], [70.71048346765573, 28.76578704931545], [70.71037334856779, 28.76585060455973], [70.71026976740501, 28.765924336678406], [70.71017366167702, 28.766007578324547], [70.71008590123351, 28.76609957608083], [70.70622390169986, 28.770554349393205], [70.70614270335413, 28.770657900878458], [70.70607208236508, 28.77076893581599], [70.70601272341595, 28.770886377702062], [70.70596520200245, 28.771009087916408], [70.70592997885323, 28.771135876761367], [70.7059073954631, 28.771265514996223], [70.70405823158922, 28.78619644407235], [70.69722092536908, 28.79013982223858], [70.6947659221943, 28.79013982223858], [70.68395232350008, 28.788357912913632], [70.6752884723277, 28.788357912913632], [70.67269299114642, 28.787930218835978], [70.67256283994573, 28.78791527959983], [70.67243185138814, 28.78791315507697], [70.67230128416887, 28.787923865682362], [70.6721723929344, 28.78794730849566], [70.67204641622637, 28.787983258250183], [70.67192456458012, 28.78803136949756], [70.67180800889247, 28.7880911799272], [70.66858904026208, 28.78994770210219], [70.6674738570474, 28.79037648589496], [70.66710212930917, 28.79080526968773], [70.66408400982516, 28.792545953239575], [70.66397694297437, 28.79261469530881], [70.66387689852779, 28.792693307593655], [70.66378478328947, 28.79278107755144], [70.66370143219301, 28.792877209634216], [70.66362760073375, 28.79298083249966], [70.66356395812089, 28.793091006908888], [70.66351108121184, 28.793206734239757], [70.66346944928353, 28.793326965538363], [70.66343943968823, 28.7934506110268], [70.6634213244333, 28.793576549980894], [70.6634152677156, 28.79370364088848], [70.6634152677156, 28.80261318751323], [70.66342224858163, 28.802749606620853], [70.66344311825047, 28.802884600555302], [70.66347765869628, 28.80301675903221], [70.66352550907432, 28.8031447013893], [70.66545650884115, 28.807599474701675], [70.66551683320205, 28.807721264969754], [70.66558921532007, 28.807836298560098], [70.66567290659648, 28.807943385759007], [70.67500126631657, 28.81870354447139], [70.67500126631657, 28.828843177022634], [70.67325434300966, 28.830858233538983], [70.66214415187812, 28.83246016870614], [70.65895870040883, 28.83246016870614], [70.65881912604593, 28.83246747712733], [70.65868107823766, 28.832489322457132], [70.65854606684243, 28.832525465768505], [70.65841556850872, 28.832575511754328], [70.65829101052468, 28.83263891305095], [70.65056701145737, 28.837093686363325], [70.65045994460658, 28.83716242843256], [70.65035990016, 28.837241040717405], [70.65026778492168, 28.83732881067519], [70.65018443382522, 28.837424942757966], [70.65011060236596, 28.83752856562341], [70.6500469597531, 28.837638740032638], [70.64999408284405, 28.837754467363506], [70.64995245091573, 28.837874698662112], [70.64992244132044, 28.83799834415055], [70.64990432606551, 28.838124283104644], [70.64989826934782, 28.83825137401223], [70.64989826934782, 28.849388307293168], [70.64990525021383, 28.84952472640079], [70.64992611988268, 28.84965972033524], [70.64996066032849, 28.849791878812148], [70.65000851070653, 28.849919821169237], [70.65376026888147, 28.85857504344287], [70.65376026888147, 28.88192610293432], [70.6477921316409, 28.88881028255998], [70.64486453857761, 28.8904987555044], [70.63940062890784, 28.892599608423204], [70.62893998887333, 28.892599608423204], [70.62735789500776, 28.888949753228474], [70.62730077494213, 28.88883371442124], [70.6272327056509, 28.888723740432162], [70.6271543246542, 28.88862086125041], [70.62706636604904, 28.888526040416934], [70.62696965363396, 28.88844016600019], [70.62686509319349, 28.888364042278713], [70.62675366401486, 28.888298382208436], [70.62663640971614, 28.888243800745325], [70.62651442847209, 28.88820080908586], [70.62638886272886, 28.888169809879273], [70.62626088850412, 28.88815109345647], [70.62613170437277, 28.88814483511083], [70.61840770530546, 28.88814483511083], [70.6182783350612, 28.888151111544573], [70.6181501799686, 28.888169881892374], [70.61802444376558, 28.888200969847706], [70.61790230746988, 28.888244083406942], [70.61778491828595, 28.88829881761211], [70.61767337882948, 28.888364658354575], [70.6175687367707, 28.888440987203985], [70.6174719749938, 28.888527087217057], [70.61738400236493, 28.88862214967172], [70.61730564519529, 28.88872528166328], [70.61723763947981, 28.888835514491326], [70.61718062398405, 28.88895181275856], [70.6171351342444, 28.889073084096083], [70.61710159753788, 28.88919818942384], [70.61529603239254, 28.89752898631096], [70.60839493609502, 28.901509155047954], [70.58944270880305, 28.901509155047954], [70.5893135246717, 28.901515413393597], [70.58918555044696, 28.901534129816397], [70.58905998470372, 28.901565129022984], [70.58893800345967, 28.90160812068245], [70.58882074916096, 28.90166270214556], [70.58870931998233, 28.901728362215838], [70.58860475954185, 28.901804485937316], [70.58850804712678, 28.90189036035406], [70.58842008852162, 28.901985181187534], [70.58834170752492, 28.902088060369287], [70.58827363823369, 28.902198034358364], [70.58821651816805, 28.9023140731656], [70.58663442430249, 28.90596392836033], [70.57785671020208, 28.90596392836033], [70.57772571695982, 28.905970363645665], [70.57759598525408, 28.90598960752635], [70.57746876447212, 28.906021474673295], [70.57734527981961, 28.90606565818846], [70.57722672052125, 28.906121732560432], [70.57711422836792, 28.906189157762363], [70.57700888672053, 28.906267284452696], [70.57691171007673, 28.906355360228694], [70.57682363430074, 28.90645253687249], [70.5767455076104, 28.90655787851988], [70.57667808240848, 28.90667037067322], [70.5766220080365, 28.906788929971565], [70.57657782452134, 28.906912414624074], [70.57654595737439, 28.907039635406036], [70.5765267134937, 28.907169367111774], [70.57652027820838, 28.907300360354043], [70.57652027820838, 28.910983139293307], [70.57332702078428, 28.9128248326737], [70.57321995393349, 28.912893574742935], [70.5731199094869, 28.91297218702778], [70.57302779424859, 28.913059956985563], [70.57294444315212, 28.91315608906834], [70.57287061169286, 28.913259711933783], [70.57280696908, 28.913369886343013], [70.57275409217095, 28.91348561367388], [70.57271246024264, 28.913605844972487], [70.57268245064735, 28.913729490460923], [70.57266433539242, 28.91385542941502], [70.57265827867472, 28.913982520322605], [70.57265827867472, 28.92016602992632], [70.56912291825512, 28.92424402867014], [70.5690392269787, 28.92435111586905], [70.56896684486068, 28.924466149459395], [70.56890652049978, 28.924587939727473], [70.56697552073295, 28.92904271303985], [70.56692767035491, 28.929170655396938], [70.5668931299091, 28.929302813873846], [70.56687226024026, 28.929437807808295], [70.56686527937424, 28.929574226915918], [70.56686527937424, 28.933751810703342], [70.56507512545586, 28.93788165579067], [70.56143082086079, 28.94418715274017], [70.55443075245803, 28.94822440308596], [70.54138500700216, 28.94607467142529], [70.54126785925313, 28.946060645588204], [70.54114993098578, 28.946057006498748], [70.5410321413226, 28.946063782519655], [70.54091540830579, 28.946080920839226], [70.53872321716976, 28.946502365502944], [70.53212284545664, 28.946502365502944], [70.53080277111401, 28.948025056508115], [70.52932940970483, 28.948308307495413], [70.52920139956996, 28.94833953163336], [70.52907708635189, 28.948383209605293], [70.5289576784538, 28.948438916833677], [70.52884433659608, 28.948506111808975], [70.52873816253333, 28.948584141353486], [70.52864018834465, 28.948672246970634], [70.52855136640122, 28.94876957221804], [70.52847256010853, 28.948875171032675], [70.52840453551366, 28.948988016927206], [70.52834795385874, 28.94910701296809], [70.52830336515329, 28.949231002438466], [70.52827120282772, 28.949358780082182], [70.52825177952025, 28.949489103819644], [70.5282452840377, 28.949620706821605], [70.5282452840377, 28.958530253446355], [70.5282522348756, 28.958666379601695], [70.52827301508611, 28.958801089761543], [70.5283074085118, 28.958932982659707], [70.52835505738938, 28.95906068633538], [70.52841546607131, 28.9591828724044], [70.5284880061815, 28.959298269877202], [70.52857192315174, 28.959405678379756], [70.5324339226854, 28.96386045169213], [70.5325216831289, 28.963952449448414], [70.5326177888569, 28.964035691094555], [70.53272137001967, 28.96410942321323], [70.53283148910762, 28.964172978457512], [70.5329471494366, 28.96422578159103], [70.53306730416884, 28.964267354694407], [70.53319086578793, 28.96429732149088], [70.53331671594184, 28.96431541075199], [70.53344371556506, 28.964321458752444], [70.5366955854403, 28.964321458752444], [70.54393642069319, 28.972673681315598], [70.54765306791667, 28.979104347885485], [70.5494862814728, 28.985448121949585], [70.5494862814728, 28.991941053289167], [70.54949326233881, 28.99207747239679], [70.54951413200766, 28.99221246633124], [70.54954867245347, 28.992344624808148], [70.54959652283151, 28.992472567165237], [70.55152752259833, 28.996927340477612], [70.55158104651844, 28.997036843956696], [70.55164432432187, 28.997141015649337], [70.5517168296832, 28.99723898908724], [70.55179795952498, 28.997329949357287], [70.551887039034, 28.997413139879757], [70.55198332727412, 28.99748786870131], [70.55208602334918, 28.99755351425045], [70.55510414283319, 28.999294197802293], [70.55529484265857, 28.999514167920204], [70.55548554248395, 28.999514167920204], [70.55914128030693, 29.001622594287028], [70.55914128030693, 29.005305373226292], [70.55914826117295, 29.005441792333915], [70.5591691308418, 29.005576786268364], [70.5592036712876, 29.005708944745273], [70.55925152166564, 29.00583688710236], [70.5631135211993, 29.01474643372711], [70.56316850416123, 29.014858599165883], [70.56323371962934, 29.01496514096272], [70.56330859783479, 29.01506512829245], [70.56339248458809, 29.01515768759438], [70.56348464699472, 29.0152420102044], [70.56358427985812, 29.015317359419992], [70.56369051271444, 29.015383076936626], [70.56380241743766, 29.015438588599174], [70.56391901634821, 29.01548340941813], [70.56403929075482, 29.01551714780683], [70.57265827867472, 29.01750552906015], [70.57265827867472, 29.023124466475792], [70.57266522951262, 29.023260592631132], [70.57268600972314, 29.02339530279098], [70.57272040314882, 29.023527195689145], [70.5727680520264, 29.023654899364818], [70.57282846070834, 29.02377708543384], [70.57290100081853, 29.02389248290664], [70.57298491778877, 29.023999891409193], [70.57877791708925, 29.030682051377756], [70.57886567753276, 29.03077404913404], [70.57896178326075, 29.03085729078018], [70.57906536442353, 29.030931022898855], [70.57917548351148, 29.030994578143137], [70.57929114384045, 29.031047381276654], [70.5794112985727, 29.03108895438003], [70.57953486019179, 29.031118921176503], [70.57966071034569, 29.031137010437615], [70.57978770996891, 29.03114305843807], [70.58329193912627, 29.03114305843807], [70.5866492200957, 29.03307935148192], [70.59019535168147, 29.03716977464558], [70.59077341078901, 29.03883673645046], [70.59075635485928, 29.038961905673283], [70.59072563820695, 29.039090529341138], [70.59068236014826, 29.039215487615373], [70.59062694442694, 29.0393355570057], [70.59055993362888, 29.039449561889832], [70.59048198386957, 29.039556386024213], [70.59043663139494, 29.03960712773158], [70.59104056249886, 29.03960712773158], [70.59181632528423, 29.04184421199511], [70.593395125, 29.042362449], [70.593819343, 29.042501697], [70.59497117, 29.042837499], [70.597585264, 29.043600408], [70.598840401, 29.043966595], [70.600132982, 29.044343657], [70.60271881, 29.045097977], [70.60561742, 29.045663736], [70.60768946, 29.046068163], [70.609008195, 29.046704519], [70.611051742, 29.047690634], [70.612846013, 29.048465028], [70.611812884, 29.051469228], [70.610639538, 29.054529078], [70.610363421, 29.055250107], [70.61046295700001, 29.055803969], [70.61079288900001, 29.057641904], [70.611056918, 29.059104718], [70.61111957016642, 29.059452594064602], [70.61137032757078, 29.06084492419435], [70.61156588029786, 29.061930730432316], [70.612380954, 29.066456426], [70.612757958, 29.068549956], [70.612908711, 29.069387785], [70.61312473000001, 29.070196723], [70.6132092737781, 29.070513319599936], [70.61353340046158, 29.071727097931845], [70.61395113799868, 29.073291426932812], [70.614248942, 29.074406633], [70.614399078, 29.074923042], [70.61505186, 29.076631372], [70.61535323000001, 29.077418709], [70.61581202100001, 29.078097615], [70.616241772, 29.078733507], [70.616639101, 29.079321426], [70.617714711, 29.080095216], [70.618428424, 29.080608659], [70.618896428, 29.08094534], [70.619372375, 29.081193007], [70.62213371300001, 29.082481099], [70.62290232921579, 29.08283963781113], [70.623221184, 29.082988375], [70.624537113, 29.08322135], [70.63069338000001, 29.08431127], [70.632270419, 29.084590473], [70.63432631900001, 29.084948503], [70.63519213543378, 29.08509924342077], [70.637406409, 29.085484753], [70.643063584, 29.086470271], [70.644369429, 29.086697714], [70.646110281, 29.087000924], [70.648253587, 29.087501096], [70.656396859, 29.089401449], [70.658539358, 29.089901432], [70.659398169, 29.090101848], [70.66060503700001, 29.090299795], [70.662395833, 29.090594296], [70.667538018, 29.091439039], [70.66782743472316, 29.091486583543453], [70.669250192, 29.09172031], [70.669804333, 29.091888363], [70.670405503, 29.092070739], [70.67375407, 29.093086336], [70.67508199800001, 29.09348891], [70.676161377, 29.094153257], [70.678255489, 29.095442161], [70.679030692, 29.095919291], [70.679763963, 29.096594571], [70.68074900900001, 29.09750144], [70.681376806, 29.098079862], [70.682178714, 29.099100956], [70.682597988, 29.09963502], [70.683411175, 29.10052135], [70.683556451, 29.100942478], [70.683917782, 29.101673534], [70.684145314, 29.102133884], [70.684963321, 29.103788901], [70.68545548993826, 29.106392291661297], [70.68552849400001, 29.106778456], [70.68574568000001, 29.107927292], [70.685898925, 29.10873804], [70.686364071, 29.110395632], [70.686596904, 29.111225348], [70.686946536, 29.112471286], [70.68732912913812, 29.11360988053157], [70.687341922, 29.113647952], [70.687737561, 29.114825368], [70.68799347, 29.115586954], [70.688889485, 29.118253503], [70.689170425, 29.119089581], [70.690579759, 29.123274955], [70.690897543, 29.124218622], [70.691399316, 29.125708835], [70.692114864, 29.127396237], [70.69309917000001, 29.129717556], [70.693919405, 29.131651806], [70.694411125, 29.132811272], [70.694901353, 29.133780669], [70.695380613, 29.134728137], [70.696449652, 29.136842339], [70.696905693, 29.138063438], [70.699183383, 29.144162774], [70.70126087700001, 29.14962141], [70.701439461, 29.150090607], [70.701789958, 29.150649448], [70.702793966, 29.152250931], [70.703230912, 29.152947303], [70.703835405, 29.153502686], [70.704278343, 29.153909638], [70.705321143, 29.154867719], [70.706259508, 29.15521923], [70.707542364, 29.155700201], [70.708161452, 29.15592066], [70.709562109, 29.156361289], [70.711431716, 29.156401315], [70.712261671, 29.156370284], [70.71532715, 29.15625652], [70.716465606, 29.156353714], [70.718390719, 29.156548857], [70.719780025, 29.157091051], [70.72032770388033, 29.1573047895155], [70.72076888, 29.157476964], [70.72156763400001, 29.157788687], [70.722267012, 29.158166656], [70.722970769, 29.158546994], [70.72304098450807, 29.158584941134716], [70.724730793, 29.159498178], [70.726673519, 29.160957333], [70.7276215, 29.16166935], [70.728588005, 29.162119391], [70.730261386, 29.162898579], [70.732130993, 29.162938604], [70.73337439, 29.162467564], [70.733787028, 29.162311243], [70.734641025, 29.16198772], [70.735845185, 29.161106591], [70.736337718, 29.160746185], [70.737341491, 29.160011686], [70.737854894, 29.159441579], [70.738600755, 29.158613626], [70.739388765, 29.157738884], [70.74011604200001, 29.157129026], [70.741412708, 29.15604171], [70.743077057, 29.155895169], [70.744292036, 29.155853703], [70.745656259, 29.156120525], [70.746293633, 29.156245033], [70.747351305, 29.156452065], [70.747691742, 29.156766306], [70.74812475, 29.157166249], [70.74896120800001, 29.157938071], [70.749968159, 29.158859353], [70.75057993, 29.159419074], [70.750948237, 29.160224314], [70.751208851, 29.16079408], [70.752857553, 29.164398217], [70.753072527, 29.164868561], [70.753388736, 29.165559903], [70.75434767, 29.167430924], [70.755958743, 29.170574966], [70.75626544100001, 29.171173272], [70.756841795, 29.172297333], [70.757375928, 29.1735038], [70.758088944, 29.175114314], [70.761476145, 29.182765109], [70.761831535, 29.183567794], [70.76215046885842, 29.184288187981284], [70.762681658, 29.185488015], [70.763191638, 29.186639934], [70.76370121, 29.187790933], [70.764311679, 29.188980744], [70.764921422, 29.190169142], [70.76680004097736, 29.193830595329086], [70.76980004500001, 29.199677643], [70.77025521222362, 29.200564769650725], [70.770612324, 29.201260785], [70.771209056, 29.202859659], [70.77229311887852, 29.205764437700783], [70.77242781800001, 29.206125368], [70.773445173, 29.208851086], [70.77366632200001, 29.209443449], [70.774317449, 29.211188699], [70.774762979, 29.213337257], [70.775030508, 29.214627413], [70.77517266333396, 29.21531295384794], [70.776101018, 29.219789923], [70.776368603, 29.221080348], [70.77655325, 29.221929936], [70.777660939, 29.227026557], [70.777845478, 29.227875649], [70.77793782, 29.228300526], [70.77813861, 29.229229507], [70.778814655, 29.231370959], [70.77962701, 29.233942638], [70.78031558100001, 29.236127091], [70.782046045, 29.24161246], [70.78247988901738, 29.242987350354085], [70.78257877, 29.243300713], [70.78481147, 29.246532198], [70.785336135, 29.246835155], [70.786484033, 29.247498541], [70.787284357, 29.247960608], [70.78784783, 29.248160091], [70.78827689100001, 29.248282019], [70.78992448400001, 29.248750209], [70.790701354, 29.24897099], [70.79112849900001, 29.248979885], [70.792050497, 29.248999182], [70.792652144, 29.249011835], [70.793331047, 29.249026092], [70.793787085, 29.249035642], [70.795328122, 29.249067722], [70.797041187, 29.248605435], [70.798327299, 29.248258365], [70.799947482, 29.247488882], [70.800354353, 29.247295431], [70.802370982, 29.246336927], [70.803011632, 29.246033114], [70.803408452, 29.245830091], [70.805390367, 29.244816095], [70.807371531, 29.243802484], [70.809429421, 29.243248573], [70.811487591, 29.242695157], [70.81336988400001, 29.242188771], [70.817058309, 29.24126016], [70.818698517, 29.240847215], [70.819534281, 29.240698152], [70.8207886, 29.240474253], [70.82371622, 29.239951088], [70.826006963, 29.239541975], [70.82864382800001, 29.239075468], [70.83308532008847, 29.238290017463505], [70.834360606, 29.238064491], [70.835149271, 29.23792507], [70.83630750200001, 29.237720316], [70.837111234, 29.237786513], [70.837868458, 29.237848878], [70.838857075, 29.237930353], [70.840127767, 29.238035072], [70.840928577, 29.238101068], [70.842075178, 29.238632649], [70.842888948, 29.239009949], [70.843352194, 29.239436396], [70.844178753, 29.240198097], [70.844358577, 29.241512624], [70.84480302300001, 29.244761595], [70.844915794, 29.245586694], [70.845013156, 29.246299051], [70.84499981406505, 29.24681753600452], [70.844986522, 29.247334083], [70.84494027350772, 29.24913142695019], [70.844902612, 29.250595057], [70.844883928, 29.251323343], [70.844849325, 29.252668258], [70.844728293, 29.257300754], [70.844705565, 29.258186691], [70.844688723, 29.258830899], [70.844653958, 29.260198365], [70.845552158, 29.261861414], [70.84591837900001, 29.262539482], [70.846228572, 29.262864467], [70.846863874, 29.263530068], [70.84739568900001, 29.264087224], [70.848172329, 29.264900868], [70.849118876, 29.265171094], [70.850428554, 29.265544721], [70.850886907, 29.26567549], [70.851457854, 29.265838382], [70.85207437400001, 29.265850466], [70.85411488, 29.26589046], [70.855091993, 29.265909612], [70.8553261088521, 29.26584017551107], [70.856309194, 29.265548602], [70.858178035, 29.264994083], [70.858762334, 29.264821025], [70.859568712, 29.264467444], [70.861792521, 29.263492993], [70.86342552100001, 29.262777303], [70.864449281, 29.262328622], [70.865219412, 29.261938141], [70.865990107, 29.261547373], [70.870228572, 29.259398334], [70.872157126, 29.258420494], [70.87410354100001, 29.257791115], [70.877447637, 29.25670979], [70.882781917, 29.254984947], [70.884012513, 29.254587033], [70.884832154, 29.254322002], [70.886483504, 29.25365752], [70.887721018, 29.253159559], [70.894734496, 29.250337423], [70.898030069, 29.249011339], [70.907093239, 29.245364471], [70.908328683, 29.244867349], [70.90956052, 29.244371622], [70.910985109, 29.243553505], [70.913123653, 29.242326027], [70.91325610185692, 29.24225001890711], [70.91420278614167, 29.24170674757411], [70.91492749800001, 29.241290859], [70.916082161, 29.240160708], [70.916960843, 29.239300866], [70.917516117, 29.236007228], [70.917715058, 29.234827714], [70.917603647, 29.233457717], [70.917555461, 29.233025568], [70.917075041, 29.228716944], [70.916930582, 29.227421375], [70.916651708, 29.22616802], [70.91572107600001, 29.221985448], [70.915441721, 29.220729933], [70.91506464000001, 29.219496791], [70.914813222, 29.218674598], [70.914310275, 29.217029849], [70.91380735300001, 29.215385179], [70.913303606, 29.213737814], [70.91299354, 29.212946716], [70.912679045, 29.212142883], [70.911131386, 29.208189428], [70.910705886, 29.207619992], [70.909297591, 29.205738156], [70.908580423, 29.204779839], [70.90760903, 29.203481813], [70.906377932, 29.20222321], [70.906069985, 29.201908583], [70.90544217300001, 29.20126732], [70.904141757, 29.199938536], [70.90212490200001, 29.19787919], [70.897901702, 29.193570848], [70.896330905, 29.191968464], [70.895242484, 29.19055599], [70.894426647, 29.189497255], [70.892249215, 29.186671542], [70.890891023, 29.184908978], [70.888201459, 29.181616158], [70.887446431, 29.180691801], [70.887043417, 29.180198403], [70.886519459, 29.179225375], [70.886096581, 29.178440068], [70.886468498, 29.176709133], [70.887489728, 29.175569786], [70.889079717, 29.175281894], [70.890583118, 29.174989046], [70.891266524, 29.174886167], [70.892009209, 29.174813702], [70.892877129, 29.174925748], [70.894388257, 29.175120819], [70.896297534, 29.175367264], [70.897079741, 29.175468232], [70.897469442, 29.175660597], [70.898883215, 29.176357121], [70.899882392, 29.176849346], [70.900948968, 29.177374739], [70.90625751600001, 29.180356674], [70.906773132, 29.180642429], [70.907365635, 29.180953507], [70.909650539, 29.181919893], [70.910780937, 29.182397987], [70.91095391291603, 29.182401247639362], [70.911790844, 29.182417024], [70.912626774, 29.182432783], [70.913502398, 29.182449283], [70.914088462, 29.18246013], [70.914543754, 29.18233678], [70.915802673, 29.18199571], [70.917081105, 29.181649354], [70.917518055, 29.181015279], [70.918458527, 29.179648743], [70.918669938, 29.178505174], [70.918886398, 29.177334293], [70.919038442, 29.176511854], [70.91898218300001, 29.174764478], [70.91895331500001, 29.17386789], [70.918915128, 29.172681859], [70.918889588, 29.171888646], [70.918851887, 29.170717684], [70.91909292000001, 29.169007368], [70.919259009, 29.167828825], [70.92014296900001, 29.166716901], [70.920812992, 29.16587371], [70.921413367, 29.16516529], [70.921964775, 29.164702658], [70.922412913, 29.164326669], [70.923327299, 29.163559499], [70.924633531, 29.162956554], [70.92638879, 29.162145044], [70.926811013, 29.161934543], [70.92864226200001, 29.161018914], [70.929765543, 29.160457274], [70.931301534, 29.159688668], [70.931713381, 29.158955351], [70.93206299900001, 29.158260584], [70.93236591640913, 29.157658620509515], [70.93272355500001, 29.156947914], [70.933093926, 29.156211904], [70.933236346, 29.155403942], [70.933651648, 29.153061269], [70.93386040300001, 29.151881998], [70.933621584, 29.150147124], [70.93302048000001, 29.145780154], [70.932605548, 29.14221756], [70.932479985, 29.141139488], [70.93265774800001, 29.140195261], [70.93286054, 29.139118885], [70.933759717, 29.138081001], [70.93529403, 29.136310007], [70.93557915, 29.135980905], [70.936224346, 29.13543924], [70.939518695, 29.132673521], [70.94300040200001, 29.129750626], [70.94380347900001, 29.12907652], [70.945418509, 29.127720859], [70.946709349, 29.126637322], [70.947139647, 29.125129506], [70.948019527, 29.122046302], [70.948316243, 29.121006551], [70.948518369, 29.12029826], [70.948627055, 29.119518773], [70.948846086, 29.117943654], [70.949322562, 29.114499487], [70.949440078, 29.109735455], [70.949533869, 29.109242586], [70.94986642, 29.107938446], [70.950180036, 29.106711191], [70.950543624, 29.106344247], [70.951445563, 29.105433988], [70.951868084, 29.105007656], [70.952564655, 29.104516561], [70.95753736, 29.101009171], [70.958220034, 29.100527688], [70.95924625500001, 29.099803905], [70.960271879, 29.099080543], [70.962019065, 29.097664748], [70.967258742, 29.093418888], [70.968655255, 29.092287254], [70.96971708, 29.091429489], [70.970861639, 29.090712027], [70.977259206, 29.086702493], [70.98215211, 29.083635974], [70.984409759, 29.082221042], [70.98514813300001, 29.081853516], [70.985885072, 29.081486705], [70.987159797, 29.080849139], [70.98852845200001, 29.080180971], [70.99045667, 29.07954846], [70.99162137, 29.079166652], [70.99444136400001, 29.078867684], [70.99671969, 29.080358318], [70.99725990200001, 29.080902455], [70.998196297, 29.081845652], [70.998687191, 29.082340108], [70.999307957, 29.082965368], [70.99993949200001, 29.083601476], [71.000617281, 29.084727282], [71.00165012100001, 29.086442827], [71.00251421, 29.087878316], [71.00311702, 29.088879747], [71.003784953, 29.090366732], [71.003998292, 29.090841678], [71.005273769, 29.093680527], [71.00605028701727, 29.095409104948654], [71.006571023, 29.096568296], [71.008048849, 29.099857903], [71.008758094, 29.101439814], [71.008936646, 29.101849852], [71.015513266, 29.117073922], [71.016401945, 29.119131106], [71.016579285, 29.119541625], [71.01676851900001, 29.119940291], [71.01733448200001, 29.121132621], [71.020730686, 29.128287497], [71.021296829, 29.129480204], [71.022115012, 29.130564772], [71.023391421, 29.132256757], [71.02417878300001, 29.13330047], [71.025100728, 29.134144381], [71.026946333, 29.135833773], [71.0278224, 29.136635781], [71.028700961, 29.137439889], [71.030106701, 29.138376304], [71.032215743, 29.139781213], [71.034764237, 29.141478817], [71.035859087, 29.142208119], [71.037449271, 29.142941614], [71.045003181, 29.146448441], [71.048136052, 29.147405336], [71.052835156, 29.148872695], [71.053841285, 29.149187014], [71.054848872, 29.149501874], [71.05622078600001, 29.149742697], [71.06168811900001, 29.15070276], [71.062895837, 29.150914898], [71.064062019, 29.1511197], [71.065961531, 29.151153864], [71.067835539, 29.151187571], [71.06834476600001, 29.15119673], [71.070416008, 29.151234009], [71.07128087800001, 29.15124958], [71.07196317600001, 29.151169137], [71.075125459, 29.150764108], [71.07574000400001, 29.150606473], [71.076779083, 29.150286455], [71.077893029, 29.149943632], [71.079988297, 29.148220052], [71.080401229, 29.147390056], [71.08196039100001, 29.144256124], [71.082417222, 29.143340484], [71.082437168, 29.142427494], [71.082503652, 29.13951176], [71.08252859000001, 29.138418102], [71.08222756900001, 29.137862677], [71.081260348, 29.13607801], [71.080265657, 29.135308134], [71.077919121, 29.13349125], [71.077040819, 29.132811272], [71.074232662, 29.130636504], [71.07283021, 29.129550379], [71.073928197, 29.128278278], [71.074474839, 29.127645024], [71.08188835821271, 29.119056210212868], [71.082689552, 29.118128], [71.08384352968086, 29.11132897806082], [71.08554126300001, 29.101326249], [71.086135851, 29.097823751], [71.08635876000001, 29.096510714], [71.08650727, 29.095635927], [71.086730484, 29.094321125], [71.086769396, 29.092845317], [71.08685391600001, 29.089645365], [71.087170054, 29.077669694], [71.087380816, 29.0696858], [71.087427628, 29.067912504], [71.086342385, 29.066592696], [71.08535296, 29.065389628], [71.083967372, 29.063568828], [71.083290058, 29.062678772], [71.081992084, 29.061819618], [71.080525924, 29.060849139], [71.080152095, 29.060601695], [71.07969834, 29.060301385], [71.078558402, 29.059742706], [71.075890101, 29.058435519], [71.074365215, 29.057688414], [71.073959683, 29.057489723], [71.0722501, 29.056320626], [71.071224682, 29.055619395], [71.068471918, 29.053736936], [71.064820826, 29.051400843], [71.063870503, 29.050777628], [71.06306024700001, 29.049917099], [71.061407571, 29.048083242], [71.060492059, 29.047067353], [71.060277526, 29.045742054], [71.05992624000001, 29.043571961], [71.059781916, 29.042680389], [71.059955877, 29.0415623], [71.0602144, 29.039900706], [71.060340446, 29.039090578], [71.06074495300001, 29.037980902], [71.06167600500001, 29.035426759], [71.062257942, 29.033830342], [71.06298693, 29.032435167], [71.063499706, 29.031453789], [71.064113045, 29.03027995], [71.064331367, 29.029020592], [71.064435881, 29.028419444], [71.06459911200001, 29.027478654], [71.064378777, 29.026500151], [71.064040517, 29.024997923], [71.062845035, 29.023881099], [71.06222811100001, 29.023397812], [71.06114848300001, 29.022570863], [71.060470301, 29.022051404], [71.059341625, 29.021377033], [71.058141757, 29.020660218], [71.056834127, 29.019440195], [71.05646758200001, 29.01909821], [71.05587884900001, 29.017371083], [71.05563479700001, 29.016600362], [71.054906305, 29.014300404], [71.054763732, 29.013879551], [71.054349689, 29.012657775], [71.054123061, 29.01200358], [71.052870861, 29.010838803], [71.051254294, 29.010493469], [71.048798808, 29.009968923], [71.045725951, 29.009156076], [71.044593333, 29.008257197], [71.04346701300001, 29.007280548], [71.042649163, 29.006571378], [71.041661324, 29.00448388], [71.041529983, 29.00383442], [71.04095701300001, 29.00084298], [71.040933299, 29.000226697], [71.040990542, 28.998634536], [71.041052641, 28.99691117], [71.041082158, 28.996091961], [71.04225059800001, 28.993659472], [71.044657436, 28.992778458], [71.046046939, 28.992704366], [71.047037619, 28.992651535], [71.048701034, 28.99297476], [71.05046922800001, 28.993318347], [71.051583097, 28.993349057], [71.053028941, 28.993388917], [71.05371528513672, 28.99340783290203], [71.054788351, 28.993437407], [71.056408568, 28.992550777], [71.05743205200001, 28.991990544], [71.058039055, 28.991216109], [71.058948028, 28.99005641], [71.059494095, 28.989320656], [71.06000679200001, 28.987788056], [71.060960148, 28.983718874], [71.061222957, 28.982609483], [71.061091728, 28.981309437], [71.060786105, 28.97828171], [71.060742624, 28.977850953], [71.060627, 28.977425505], [71.059915025, 28.974805721], [71.059600421, 28.973648105], [71.05815063300001, 28.971709166], [71.05733922014838, 28.971137318137977], [71.057330739, 28.971131341], [71.056620011, 28.970630256], [71.055627963, 28.969931301], [71.054956387, 28.969351822], [71.053644939, 28.968226106], [71.05229269, 28.967063557], [71.051901394, 28.964541275], [71.052117656, 28.963551808], [71.052547359, 28.961587709], [71.05321893700001, 28.958840467], [71.05347722061472, 28.95795105381654], [71.05442116, 28.954700549], [71.054900571, 28.953050323], [71.05592896, 28.951177999], [71.056135198, 28.95080259], [71.056768561, 28.949649172], [71.057863142, 28.947500946], [71.058420984, 28.946404262], [71.05862140100001, 28.945983618], [71.060930216, 28.941142191], [71.061409507, 28.940139903], [71.061537619, 28.939316312], [71.06182568, 28.937464466], [71.061967914, 28.936550091], [71.061589439, 28.934627415], [71.060835763, 28.933670916], [71.059866818, 28.932455012], [71.057658183, 28.930366853], [71.057021057, 28.929771687], [71.05661334254606, 28.929530678499535], [71.05614027819242, 28.92925104031308], [71.05590375394506, 28.92911122590712], [71.055893949, 28.92910543], [71.054806202, 28.928462642], [71.05345504600001, 28.927664069], [71.05155894, 28.926543416], [71.050261245, 28.925776456], [71.049544746, 28.925344838], [71.049187458, 28.925090678], [71.04627073, 28.923005495], [71.045279049, 28.922295136], [71.044463582, 28.920832798], [71.044189734, 28.920311464], [71.044006157, 28.919563411], [71.043821281, 28.918810058], [71.043627447, 28.918020208], [71.04368899900001, 28.917372961], [71.043841498, 28.915769348], [71.043969109, 28.914427466], [71.044618811, 28.91315442], [71.044754658, 28.912720839], [71.045039924, 28.91232903], [71.045313782, 28.911792169], [71.0455912, 28.911248562], [71.046941107, 28.910132738], [71.048909348, 28.908506542], [71.050040611, 28.907571871], [71.050944991, 28.906571277], [71.053953983, 28.903234238], [71.054554746, 28.902566762], [71.055064246, 28.901976457], [71.055717451, 28.900821196], [71.0571148548394, 28.89834349954534], [71.057243956, 28.898114594], [71.05733922014838, 28.89794566058581], [71.05733922014838, 28.881229905866864], [71.05625028064883, 28.88039251950277], [71.05614853724592, 28.87828004169013], [71.05613638770372, 28.878153487441597], [71.05611226753301, 28.878028660334913], [71.0560763950191, 28.87790669004368], [71.05602909480486, 28.877788680387592], [71.05597079495278, 28.877675699342962], [71.05590202307108, 28.877568769377643], [71.05582340153882, 28.877468858197783], [71.05573564187347, 28.87737686999019], [71.05563953829179, 28.877293637239507], [71.05553596052218, 28.87721991319432], [71.05542584593371, 28.877156365050322], [71.05531019105311, 28.87710356791225], [71.05519004254616, 28.87706199958925], [71.0550664877456, 28.87703203627075], [71.05494064481077, 28.877013949121963], [71.05481365260843, 28.87700790182989], [71.05095165307478, 28.87700790182989], [71.05082918408837, 28.87701352511414], [71.05070774572367, 28.877030347644872], [71.05058835992938, 28.877058227854285], [71.05047203138098, 28.87709693112012], [71.0446790320805, 28.87932431777631], [71.04456148401371, 28.879376129098564], [71.04444945341261, 28.879438986918533], [71.04434397536808, 28.879512310470272], [71.03891121620735, 28.883690061798454], [71.02198665657237, 28.883690061798454], [71.0218596756341, 28.88369610801536], [71.02173384365709, 28.883714191958102], [71.02161029920647, 28.8837441499978], [71.02149016014913, 28.8837857110652], [71.02137451353897, 28.883838499103426], [71.02126440578087, 28.883902036470612], [71.02116083316255, 28.88397574826178], [71.02106473283985, 28.884058967510743], [71.02097697435704, 28.88415094122501], [71.02089835177894, 28.884250837199076], [71.020829576506, 28.88435775154449], [71.0131055774387, 28.897722071481613], [71.01303312347844, 28.89786708044678], [71.01297875897474, 28.898019794811105], [71.01104775920791, 28.904701954779668], [71.01102554997065, 28.904789896017153], [71.00909455020383, 28.913699442641903], [71.00907182865926, 28.913840171690715], [71.0090642259777, 28.913982520322605], [71.0090642259777, 28.92047545166219], [71.00723101242157, 28.926819225726287], [71.00345057860456, 28.933360257980613], [71.00338696512713, 28.93348498024156], [71.00333674904357, 28.93361567324764], [71.00330048148702, 28.933750902612896], [71.00327856050227, 28.933889184163778], [71.00327122667721, 28.934029000228293], [71.00327122667721, 28.936785425126303], [71.00208209113097, 28.940900388825835], [71.00208209113097, 28.9424095086112], [71.00141648330221, 28.944712822192344], [70.99776420318423, 28.95313855081148], [70.99459488946049, 28.954966434796454], [70.9891596605363, 28.954966434796454], [70.98902504330123, 28.95497323200052], [70.98889179541503, 28.954993554470427], [70.98876127229731, 28.955027195482643], [70.9886348016509, 28.955073812835195], [70.98851366995622, 28.955132932328645], [70.98839910938497, 28.95520395258968], [70.97887568585922, 28.96179505016935], [70.97346358856896, 28.963875981421204], [70.96634543371067, 28.963875981421204], [70.95537955594008, 28.957551472677295], [70.95169674526612, 28.951179351230113], [70.9516205040985, 28.951062066920493], [70.9515324210445, 28.95095339447448], [70.95143346115964, 28.950854524529046], [70.95132470866811, 28.95076654032302], [70.95120735508391, 28.950690405828887], [70.94781200961857, 28.948732159299666], [70.94608309789298, 28.942749318224063], [70.94608309789298, 28.93625638688448], [70.94607722649852, 28.936131251096054], [70.94605966390515, 28.936007214834696], [70.94603056442959, 28.935885367966293], [70.94409956466276, 28.92920320799773], [70.94405197418244, 28.92906669082918], [70.94398991543652, 28.928936113253847], [70.94391411468607, 28.928813003394946], [70.9438254590121, 28.928698801982517], [70.9402900985925, 28.924620803238696], [70.9402900985925, 28.920664680291168], [70.9402831477546, 28.920528554135828], [70.94026236754408, 28.92039384397598], [70.9402279741184, 28.920261951077816], [70.94018032524082, 28.920134247402142], [70.94011991655888, 28.92001206133312], [70.94004737644869, 28.91989666386032], [70.93996345947845, 28.919789255357767], [70.93813376728637, 28.91767872585716], [70.93786495863142, 28.91705859029692], [70.93705853266655, 28.91643845473668], [70.93446159922819, 28.913442921030768], [70.93256262551078, 28.887157581438778], [70.9325434373922, 28.88700881060751], [70.93250769819475, 28.886863127204556], [70.93245585816648, 28.886722366572286], [70.93052485839965, 28.88226759325991], [70.93045574783102, 28.8821303648883], [70.92659374829736, 28.87544820491974], [70.92652502204488, 28.87534135935832], [70.92644646111066, 28.875241522234017], [70.922584461577, 28.870786748921642], [70.92248114081723, 28.870680156151696], [70.922366635544, 28.870585680015008], [70.9222423585815, 28.870504486206137], [70.91838035904784, 28.86827709954995], [70.91825580106381, 28.868213698253328], [70.91812530273009, 28.868163652267505], [70.91799029133486, 28.868127508956132], [70.9178522435266, 28.86810566362633], [70.91771266916369, 28.86809835520514], [70.91472795436377, 28.86809835520514], [70.9131458604982, 28.86444850001041], [70.91308585947408, 28.864327287094227], [70.9130139143588, 28.864212759393055], [70.91293076201285, 28.86410608989737], [70.91283725408093, 28.86400837111405], [70.91273434826942, 28.86392060387696], [70.9071903740141, 28.859657328969437], [70.9069132305205, 28.859017965122664], [70.90622322235642, 28.85822204841477], [70.89566109173647, 28.84197764886733], [70.89555046484142, 28.841830722391204], [70.88963863497095, 28.835011492687848], [70.88947636472264, 28.834449961932638], [70.88589516045212, 28.830319082818995], [70.88492153896223, 28.82957037514538], [70.88203346647363, 28.826239015797892], [70.88193014571385, 28.826132423027946], [70.88181564044062, 28.826037946891258], [70.88169136347813, 28.825956753082387], [70.87782936394447, 28.8237293664262], [70.87770817528627, 28.82366746935732], [70.87758132045235, 28.823618217056623], [70.87745011468547, 28.823582120176557], [70.87731591833926, 28.82355955297295], [70.87718012277398, 28.82355074942467], [70.87704413593072, 28.823555800807725], [70.87690936773375, 28.823574654748914], [70.87471717659771, 28.823996099412632], [70.8681168048846, 28.823996099412632], [70.86679673054198, 28.8255187904178], [70.86532336913278, 28.8258020414051], [70.86519535899791, 28.825833265543046], [70.86507104577984, 28.82587694351498], [70.86495163788176, 28.825932650743365], [70.86483829602403, 28.825999845718663], [70.86473212196128, 28.826077875263174], [70.8646341477726, 28.826165980880322], [70.86454532582917, 28.82626330612773], [70.86446651953648, 28.826368904942363], [70.86439849494161, 28.826481750836894], [70.8643419132867, 28.826600746877777], [70.86429732458124, 28.826724736348154], [70.86426516225568, 28.82685251399187], [70.8642457389482, 28.826982837729332], [70.86423924346565, 28.827114440731293], [70.86423924346565, 28.829870865629324], [70.8630501079194, 28.833985829328835], [70.8630501079194, 28.8354949491142], [70.86244236798706, 28.83759801277945], [70.85724154673363, 28.84359710198708], [70.8557685189581, 28.84359710198708], [70.84948012898941, 28.8421463844732], [70.8438904655447, 28.835698770142432], [70.84335678681758, 28.834775381468916], [70.84282310809044, 28.83446758524441], [70.84148247137026, 28.832921175766455], [70.84139471092675, 28.832829178010172], [70.84129860519876, 28.83274593636403], [70.84119502403598, 28.832672204245355], [70.84108490494803, 28.832608649001074], [70.84096924461906, 28.832555845867557], [70.84084908988682, 28.83251427276418], [70.84072552826773, 28.832484305967707], [70.84059967811382, 28.832466216706596], [70.8404726784906, 28.83246016870614], [70.83274867942329, 28.83246016870614], [70.83260910506038, 28.83246747712733], [70.83247105725212, 28.832489322457132], [70.83233604585689, 28.832525465768505], [70.83220554752317, 28.832575511754328], [70.83208098953914, 28.83263891305095], [70.82821899000548, 28.834866299707137], [70.82809471304299, 28.834947493516008], [70.82798020776976, 28.835041969652696], [70.82787688700998, 28.835148562422642], [70.82401488747632, 28.839603335735017], [70.8239363265421, 28.83970317285932], [70.82386760028962, 28.83981001842074], [70.82123381664192, 28.84436707843671], [70.81238945577243, 28.845824488643267], [70.80982475605408, 28.845824488643267], [70.80426330461468, 28.84368613127731], [70.80415398338198, 28.843649428049673], [70.79671204942905, 28.841503381132974], [70.78933768037125, 28.83512369189661], [70.7817098517788, 28.82412542307598], [70.78164230236048, 28.82403624280813], [70.78156753072561, 28.82395302474095], [70.78148606084876, 28.823876352038802], [70.77422411864535, 28.817593925142734], [70.77422411864535, 28.798273416258688], [70.77607196886231, 28.78761604336152], [70.78222858303448, 28.780514457701084], [70.783526745021, 28.77939139619066], [70.78727863384788, 28.775063634348307], [70.7941403804742, 28.765169949263402], [70.79641745422987, 28.76385665969557], [70.80185268315405, 28.76385665969557], [70.80198367639632, 28.763850224410234], [70.80211340810206, 28.763830980529548], [70.80224062888402, 28.763799113382603], [70.80236411353653, 28.76375492986744], [70.80248267283488, 28.763698855495466], [70.80259516498822, 28.763631430293536], [70.8027005066356, 28.763553303603203], [70.80279768327941, 28.763465227827204], [70.8028857590554, 28.76336805118341], [70.80296388574574, 28.76326270953602], [70.80303131094766, 28.76315021738268], [70.80308738531964, 28.763031658084333], [70.8031315688348, 28.762908173431825], [70.80316343598174, 28.762780952649862], [70.80318267986243, 28.762651220944125], [70.80318911514776, 28.762520227701856], [70.80318911514776, 28.753610681077106], [70.80318216430986, 28.753474554921766], [70.80316138409934, 28.753339844761918], [70.80312699067366, 28.753207951863754], [70.80307934179608, 28.75308024818808], [70.80301893311415, 28.75295806211906], [70.80294639300395, 28.75284266464626], [70.80286247603371, 28.752735256143705], [70.79900047650005, 28.74828048283133], [70.79891271605655, 28.748188485075048], [70.79881661032856, 28.748105243428906], [70.79871302916578, 28.74803151131023], [70.79860291007783, 28.74796795606595], [70.79848724974886, 28.747915152932432], [70.79836709501662, 28.747873579829054], [70.79824353339752, 28.747843613032583], [70.79811768324362, 28.74782552377147], [70.7979906836204, 28.747819475771017], [70.78640468501943, 28.747819475771017], [70.78628221603303, 28.747825099055266], [70.78616077766833, 28.747841921585998], [70.78604139187404, 28.74786980179541], [70.78592506332564, 28.747908505061247], [70.77433906472467, 28.752363278373622], [70.77421943983056, 28.75241612927802], [70.77410555336004, 28.752480419286726], [70.77399849589722, 28.752555532754513], [70.77389929263121, 28.75264075039001], [70.77380889353881, 28.752735256143705], [70.7703465572264, 28.756729022395767], [70.76141106192819, 28.756729022395767], [70.74800198205268, 28.754519418993166], [70.74786660111477, 28.754504148323754], [70.74773036892778, 28.75450274015948], [70.74759470125896, 28.75451520913443], [70.7474610080089, 28.75454142566713], [70.74733067855941, 28.754581117307232], [70.74720506733463, 28.75463387156687], [70.74708547972548, 28.754699140207382], [70.74697315852355, 28.754776244936764]], [[70.94890981163854, 29.04064153208111], [70.9445929480499, 29.047808274291153], [70.94440615819934, 29.04728550311002], [70.94890981163854, 29.04064153208111]], [[70.83710378541144, 29.182771204827304], [70.8776869839387, 29.184268317625985], [70.87762980257338, 29.18427769695819], [70.83710378541144, 29.182771204827304]], [[70.74068308387133, 28.791024544468304], [70.74259991589031, 28.788839436554063], [70.74706079034792, 28.78882161109152], [70.74068308387133, 28.791024544468304]], [[70.7177947617163, 28.846275718775942], [70.71830578573137, 28.843966731559348], [70.71829935764416, 28.84512528248886], [70.7177947617163, 28.846275718775942]], [[70.68443904163229, 28.863072440185345], [70.69217903891924, 28.86495284111652], [70.69076559641302, 28.865225211828665], [70.68443904163229, 28.863072440185345]], [[70.65485344062078, 28.874931951149048], [70.65689660996792, 28.874979983090856], [70.65585004652178, 28.87903912232802], [70.65485344062078, 28.874931951149048]], [[70.64703321574075, 28.894649565139563], [70.65382107843904, 28.886908558228892], [70.6535982242786, 28.887772907227628], [70.64863110576208, 28.89343521350898], [70.64703321574075, 28.894649565139563]]]}}, {"type": "Feature", "properties": {"na": "NA-170", "src": "sheet-split: ryk_na174.jpg + ryk_na172_173.jpg, outline-fit", "approx": false, "rms_km": 5.79}, "geometry": {"type": "Polygon", "coordinates": [[[70.55432286351258, 27.968639594798113], [70.55183306884712, 27.972947520290735], [70.54648109223905, 27.975005335364187], [70.54635974575325, 27.97505905145849], [70.54624432479041, 27.975124537256466], [70.54613596739671, 27.97520114707068], [70.54603574197188, 27.975288125531343], [70.54594463673472, 27.975384615034198], [70.5458635499793, 27.9754896641965], [70.54579328121793, 27.97560223723757], [70.54573452329785, 27.975721224191602], [70.54394100619865, 27.979858828061918], [70.53849227292861, 27.984048863361185], [70.53678752704839, 27.985032066024136], [70.53240036746386, 27.986297200915008], [70.53180271675355, 27.9873312760403], [70.5291020943376, 27.988369655301312], [70.52898246944349, 27.988422506205712], [70.52886858297298, 27.988486796214417], [70.52876152551015, 27.988561909682204], [70.52866232224414, 27.9886471273177], [70.52857192315174, 27.988741633071395], [70.52470992361809, 27.99319640638377], [70.52463136268386, 27.993296243508073], [70.52456263643138, 27.993403089069492], [70.52093707257788, 27.999676160164984], [70.51558509596981, 28.001733975238437], [70.5154654710757, 28.001786826142837], [70.51535158460518, 28.001851116151542], [70.51524452714236, 28.00192622961933], [70.51514532387635, 28.002011447254826], [70.51505492478395, 28.00210595300852], [70.51159258847154, 28.006099719260583], [70.5083407185963, 28.006099719260583], [70.5082011442334, 28.00610702768177], [70.50806309642513, 28.006128873011573], [70.5079280850299, 28.006165016322946], [70.50779758669619, 28.00621506230877], [70.50767302871215, 28.00627846360539], [70.5038110291785, 28.008505850261578], [70.503686752216, 28.00858704407045], [70.50357224694277, 28.008681520207137], [70.50346892618299, 28.008788112977083], [70.49975423058847, 28.01307297284148], [70.49608703011118, 28.01518801023014], [70.49596275314869, 28.01526920403901], [70.49584824787546, 28.0153636801757], [70.49574492711568, 28.015470272945645], [70.4899519278152, 28.022152432914208], [70.48986801084496, 28.022259841416762], [70.48979547073476, 28.022375238889563], [70.48973506205283, 28.022497424958583], [70.48968741317525, 28.022625128634257], [70.48965301974957, 28.02275702153242], [70.48963223953905, 28.02289173169227], [70.48962528870115, 28.02302785784761], [70.48962528870115, 28.027124209578773], [70.48617907677499, 28.033086960007797], [70.48082710016692, 28.03514477508125], [70.48070459329116, 28.035199076087668], [70.48058814007527, 28.035265372259612], [70.48047891131266, 28.035342997070874], [70.48037800516376, 28.03543117009975], [70.4802864361154, 28.03552900487521], [70.4802051247814, 28.03563551778931], [70.4801348886469, 28.035749637986104], [70.48007643384958, 28.035870218127815], [70.48003034808028, 28.03599604592989], [70.47999709467457, 28.036125856349017], [70.47997700795442, 28.0362583443016], [70.47997028986701, 28.036392177784734], [70.47997028986701, 28.042463368789488], [70.4727083476636, 28.048745795685555], [70.47257292991375, 28.048881072788458], [70.4687109303801, 28.053335846100833], [70.46862227470614, 28.053450047513262], [70.46854647395568, 28.053573157372163], [70.46848441520976, 28.053703734947497], [70.46843682472944, 28.053840252116046], [70.46650582496261, 28.06052241208461], [70.46647672548706, 28.060644258953012], [70.46645916289368, 28.06076829521437], [70.46645329149922, 28.060893431002796], [70.46645329149922, 28.080662721383533], [70.46471428391705, 28.084674573016112], [70.46098693131279, 28.088974032599832], [70.46090301434255, 28.089081441102387], [70.46083047423235, 28.089196838575187], [70.46077006555042, 28.089319024644208], [70.46072241667284, 28.08944672831988], [70.46068802324716, 28.089578621218045], [70.46066724303664, 28.089713331377894], [70.46066029219874, 28.089849457533234], [70.46066029219874, 28.095922024366164], [70.4594711566525, 28.105523606331722], [70.4594711566525, 28.106417770323514], [70.45703533475736, 28.113442003675686], [70.44974303570733, 28.117647796414765], [70.44963596885654, 28.117716538484], [70.44953592440996, 28.117795150768846], [70.44944380917164, 28.11788292072663], [70.44936045807518, 28.117979052809407], [70.44928662661592, 28.11808267567485], [70.44922298400306, 28.11819285008408], [70.449170107094, 28.118308577414947], [70.4491284751657, 28.118428808713553], [70.4490984655704, 28.11855245420199], [70.44908035031547, 28.118678393156085], [70.44907429359777, 28.11880548406367], [70.44907429359777, 28.129053735447503], [70.4478786450892, 28.134570404230647], [70.44678695699494, 28.158496154599792], [70.44521728808593, 28.17660211008784], [70.44521229406412, 28.176717537124546], [70.44521229406412, 28.19008185706167], [70.44521927493014, 28.190218276169293], [70.44524014459898, 28.190353270103742], [70.4452746850448, 28.19048542858065], [70.44532253542283, 28.19061337093774], [70.44725353518966, 28.195068144250115], [70.44731385955056, 28.195189934518194], [70.44738624166858, 28.195304968108537], [70.447469932945, 28.195412055307447], [70.45113941765284, 28.199644764919203], [70.45298882659482, 28.20604458257317], [70.45303641707514, 28.20618109974172], [70.45309847582106, 28.206311677317053], [70.45317427657152, 28.206434787175954], [70.45326293224548, 28.206548988588384], [70.45905593154596, 28.213231148556947], [70.4591502285508, 28.21332933431422], [70.45925402489887, 28.213417417718894], [70.45936624358136, 28.213494484802343], [70.45948572019785, 28.213559735903214], [70.45961121503834, 28.213612493964813], [70.45974142594669, 28.21365221156039], [70.45987500183205, 28.213678476573314], [70.47483012464238, 28.21583479745704], [70.48402428158532, 28.226440154765417], [70.48582138529518, 28.230586032866373], [70.48769428893432, 28.239227526554366], [70.48769428893432, 28.247993910122545], [70.48770123977222, 28.248130036277885], [70.48772201998274, 28.248264746437734], [70.48775641340842, 28.248396639335898], [70.487804062286, 28.24852434301157], [70.48786447096793, 28.24864652908059], [70.48793701107813, 28.248761926553392], [70.48802092804837, 28.248869335055947], [70.49743243731832, 28.259725405845085], [70.49928028753529, 28.270382778742253], [70.49928028753529, 28.290089113026987], [70.49549205264078, 28.301013329590173], [70.49545124206506, 28.301156239436082], [70.49542655206865, 28.301302797039867], [70.49541828800163, 28.301451189871045], [70.49541828800163, 28.323226406068073], [70.49188292758203, 28.327304404811894], [70.49179923630561, 28.327411492010803], [70.49172685418759, 28.327526525601147], [70.49166652982669, 28.327648315869226], [70.48973553005986, 28.3321030891816], [70.48968767968182, 28.33223103153869], [70.48965313923601, 28.3323631900156], [70.48963226956717, 28.332498183950047], [70.48962528870115, 28.33263460305767], [70.48962528870115, 28.345998922994795], [70.48963226956717, 28.346135342102418], [70.48965313923601, 28.346270336036866], [70.48968767968182, 28.346402494513775], [70.48973553005986, 28.346530436870864], [70.49166652982669, 28.35098521018324], [70.49172685418759, 28.351107000451318], [70.49179923630561, 28.351222034041662], [70.49188292758203, 28.35132912124057], [70.49574492711568, 28.355783894552946], [70.49584824787546, 28.355890487322892], [70.49596275314869, 28.35598496345958], [70.49608703011118, 28.35606615726845], [70.49994902964484, 28.35829354392464], [70.50007358762888, 28.35835694522126], [70.5002040859626, 28.358406991207083], [70.50033909735782, 28.358443134518456], [70.50047714516609, 28.358464979848257], [70.50061671952899, 28.358472288269446], [70.50202339322182, 28.358472288269446], [70.50418871810732, 28.359304847623612], [70.50718363852994, 28.364486758491974], [70.50725987969756, 28.364604042801595], [70.50734796275155, 28.364712715247606], [70.50744692263642, 28.364811585193042], [70.50755567512795, 28.364899569399068], [70.50767302871215, 28.3649757038932], [70.51086628613625, 28.366817397273593], [70.51086628613625, 28.370500176212857], [70.51087323697415, 28.370636302368197], [70.51089401718467, 28.370771012528046], [70.51092841061035, 28.37090290542621], [70.51097605948793, 28.371030609101883], [70.51103646816986, 28.371152795170904], [70.51110900828006, 28.371268192643704], [70.5111929252503, 28.37137560114626], [70.51679340972497, 28.377835697414202], [70.51859028520356, 28.384053724778962], [70.51859028520356, 28.39500142943092], [70.51859761902861, 28.395141245495434], [70.51861954001336, 28.395279527046316], [70.51865580756991, 28.395414756411572], [70.51870602365348, 28.395545449417654], [70.5187696371309, 28.3956701716786], [70.52252693080905, 28.40217116609548], [70.52438328450404, 28.410736299080803], [70.52438328450404, 28.421231418940323], [70.51913555962601, 28.427284610954878], [70.51370796431918, 28.429371501136377], [70.49077287344376, 28.43598534390477], [70.48740062776564, 28.43598534390477], [70.4734974294445, 28.43420343457982], [70.47278189330962, 28.43420343457982], [70.46912615548663, 28.432095008212997], [70.46912615548663, 28.428412229273732], [70.46911943739923, 28.4282783957906], [70.46909935067907, 28.428145907838015], [70.46906609727337, 28.428016097418887], [70.46902001150407, 28.427890269616814], [70.46896155670674, 28.427769689475102], [70.46889132057224, 28.427655569278308], [70.46881000923824, 28.42754905636421], [70.46871844018989, 28.427451221588747], [70.46861753404099, 28.427363048559872], [70.46850830527838, 28.42728542374861], [70.46839185206248, 28.427219127576667], [70.46826934518673, 28.427164826570248], [70.46390306497838, 28.42548600809146], [70.46356995358298, 28.42529388795507], [70.46340339788527, 28.42529388795507], [70.46247634588624, 28.42493743991406], [70.46235170312538, 28.4248964170547], [70.4622236381358, 28.42486781545908], [70.46209338554765, 28.424851910865268], [70.4619622010809, 28.424848856603926], [70.46183134943949, 28.424858682120128], [70.4617020921187, 28.424881292689488], [70.46157567524348, 28.424916470331347], [70.46145331755507, 28.424963875910272], [70.46133619866147, 28.425023052405525], [70.46122544766531, 28.425093429317048], [70.46112213227849, 28.42517432816546], [70.46102724852882, 28.42526496903304], [70.4609417111576, 28.42536447808264], [70.46086634480095, 28.42547189598203], [70.46080187603974, 28.425586187152536], [70.46074892639493, 28.425706249752633], [70.4607080063357, 28.425830926300463], [70.46067951035809, 28.42595901483269], [70.46066371318199, 28.42608928049222], [70.46066076710244, 28.426220467433044], [70.4606707005216, 28.42635131092738], [70.46069341767482, 28.426480549558512], [70.46072869955391, 28.42660693738164], [70.46077620601851, 28.426729255935623], [70.46083547907527, 28.426846325989725], [70.46090594729326, 28.426957018912184], [70.46098693131279, 28.427060267550946], [70.46645329149922, 28.433365652950954], [70.46645329149922, 28.459595642460357], [70.46646062532427, 28.45973545852487], [70.46648254630902, 28.459873740075754], [70.46651881386558, 28.46000896944101], [70.46656902994914, 28.46013966244709], [70.46663264342656, 28.460264384708037], [70.47049464296022, 28.4669465446766], [70.4705633692127, 28.467053390238018], [70.47064193014693, 28.46715322736232], [70.4762424146216, 28.473613323630264], [70.47809182356357, 28.480013141284232], [70.47813319604863, 28.480134239730763], [70.47818596140768, 28.480250825892703], [70.47824963582867, 28.48036183077721], [70.478323635473, 28.48046623656685], [70.47840728182885, 28.480563085952113], [70.4784998079325, 28.480651490909086], [70.47860036540072, 28.48073064084185], [70.47870803220974, 28.48079981001495], [70.48257003174339, 28.483027196671138], [70.48269458972743, 28.48309059796776], [70.48282508806115, 28.483140643953583], [70.48296009945638, 28.483176787264956], [70.48309814726464, 28.483198632594757], [70.48323772162755, 28.483205941015946], [70.4867419507849, 28.483205941015946], [70.49009923175433, 28.485142234059797], [70.49381392734885, 28.489427093924196], [70.49390168779236, 28.489519091680478], [70.49399779352035, 28.48960233332662], [70.49410137468313, 28.489676065445295], [70.49421149377108, 28.489739620689576], [70.49432715410005, 28.489792423823094], [70.49444730883229, 28.48983399692647], [70.49457087045138, 28.489863963722943], [70.49469672060529, 28.489882052984054], [70.49482372022851, 28.48988810098451], [70.49780843502843, 28.48988810098451], [70.499390528894, 28.49353795617924], [70.49944744573807, 28.493653627960988], [70.4995152428637, 28.49376327757562], [70.49959328940766, 28.49386588471576], [70.49968085913426, 28.493960494605393], [70.49977713719304, 28.494046226884205], [70.4998812277011, 28.494122283799488], [70.51339822606889, 28.503031830424238], [70.51350990237076, 28.503097896142258], [70.51362745909438, 28.50315282056513], [70.51374978808664, 28.503196085945614], [70.51387573620846, 28.503227284440882], [70.51400411620489, 28.503246121957083], [70.51413371789678, 28.503252420921633], [70.51763794705414, 28.503252420921633], [70.5248181411761, 28.507393557769714], [70.538171964277, 28.524997541479532], [70.53826012806583, 28.525102175990742], [70.5383585283574, 28.52519724763328], [70.53846613372795, 28.52528175987398], [70.53858181626677, 28.525354826862472], [70.538704363399, 28.52541568271657], [70.53883249059567, 28.525463689550204], [70.53896485483796, 28.525498344159683], [70.53910006869476, 28.525519283298227], [70.53923671486554, 28.52552628748351], [70.54248858474078, 28.52552628748351], [70.5476894059942, 28.53152537669114], [70.54829714592655, 28.53362844035639], [70.54829714592655, 28.534828138405885], [70.54881717612594, 28.535427987430637], [70.54953881493618, 28.537925194345107], [70.54958186716792, 28.538050512950292], [70.54963711787147, 28.538170952176536], [70.54970402389002, 28.53828532801378], [70.54978192748601, 28.53839251605973], [70.54987006280729, 28.538491462573592], [70.54996756341598, 28.538581194835164], [70.55007347080624, 28.53866083070742], [70.55018674382711, 28.538729587308598], [70.55030626891782, 28.538786788708514], [70.55043087105497, 28.538831872573486], [70.55055932530388, 28.53886439569451], [70.55069036886064, 28.538884038344335], [70.5508227134665, 28.538890607420633], [70.56732442663422, 28.538890607420633], [70.56890652049978, 28.542540462615364], [70.56896433834167, 28.542657759567017], [70.56903334338213, 28.542768844138855], [70.56911287489616, 28.542872652693344], [70.56920217136755, 28.54296819126099], [70.56930037778035, 28.543054545057633], [70.56940655380572, 28.543130887243525], [70.56951968280556, 28.54319648684033], [70.56963868156693, 28.54325071573028], [70.56976241067368, 28.543293054670414], [70.57724291732642, 28.54545022488168], [70.58270047181665, 28.549647043633566], [70.59997505117269, 28.571787081722697], [70.60001891452436, 28.571840400203133], [70.60774291359166, 28.580749946827883], [70.60782656289219, 28.58083800959271], [70.61921918935751, 28.591789065708703], [70.62487152877088, 28.60482888642943], [70.62672627214589, 28.611247163710086], [70.62672627214589, 28.61551270839348], [70.62673360597094, 28.615652524457996], [70.62675552695569, 28.615790806008878], [70.62679179451224, 28.615926035374134], [70.62684201059581, 28.616056728380215], [70.62690562407323, 28.61618145064116], [70.63068605789024, 28.622722482895487], [70.63251927144637, 28.629066256959586], [70.63251927144637, 28.666742601485794], [70.63252533411926, 28.666869754716483], [70.63254346713181, 28.666995754295584], [70.63257350596456, 28.6671194570385], [70.63261517807746, 28.667239740599655], [70.6326681053826, 28.667355513655448], [70.63273180767457, 28.667465725805755], [70.63280570698734, 28.667569377104115], [70.63288913283803, 28.667665527130186], [70.63298132831027, 28.667753303522097], [70.64036805740001, 28.674143685627527], [70.64098513473427, 28.676990852869633], [70.64098513473427, 28.67760234524178], [70.64125019684747, 28.67821383761392], [70.64220459450664, 28.68261738575981], [70.64223944708972, 28.682746571016708], [70.64228704285092, 28.682871623712252], [70.64234690468601, 28.68299129030679], [70.64241843253444, 28.68310437125145], [70.64250090939456, 28.683209733012507], [70.64622826199881, 28.687509192596227], [70.64799688818695, 28.691589373690917], [70.64989826934782, 28.70913514909197], [70.64989826934782, 28.71792428241016], [70.64802183238349, 28.743897671287716], [70.64477401215689, 28.745770833459638], [70.6446669453061, 28.745839575528873], [70.64456690085952, 28.745918187813718], [70.6444747856212, 28.7460059577715], [70.64439143452474, 28.74610208985428], [70.64431760306547, 28.74620571271972], [70.64425396045262, 28.74631588712895], [70.64420108354356, 28.74643161445982], [70.64415945161525, 28.746551845758425], [70.64412944201996, 28.74667549124686], [70.64411132676503, 28.746801430200957], [70.64410527004733, 28.746928521108543], [70.64410527004733, 28.750494612523823], [70.64291613450109, 28.755981230789864], [70.64291613450109, 28.758954136286558], [70.64224891635234, 28.762032651005857], [70.6384916226742, 28.76853364542274], [70.63842800919677, 28.768658367683685], [70.63837779311321, 28.768789060689766], [70.63834152555665, 28.768924290055022], [70.6383196045719, 28.769062571605904], [70.63831227074685, 28.76920238767042], [70.63831227074685, 28.77195881256843], [70.63712313520061, 28.77607377626796], [70.63712313520061, 28.777582896053325], [70.63645752737185, 28.77988620963447], [70.63478357629297, 28.7837479773677], [70.62951408221262, 28.785774078216434], [70.62939157533687, 28.785828379222853], [70.62927512212097, 28.785894675394797], [70.62916589335836, 28.78597230020606], [70.62906498720946, 28.786060473234933], [70.62897341816111, 28.786158308010396], [70.62889210682711, 28.786264820924494], [70.6288218706926, 28.78637894112129], [70.62876341589528, 28.786499521263], [70.62871733012598, 28.786625349065073], [70.62868407672028, 28.7867551594842], [70.62866399000012, 28.786887647436785], [70.62865727191272, 28.78702148091992], [70.62865727191272, 28.792727034691517], [70.62746813636647, 28.79615617110779], [70.62746813636647, 28.79762937595904], [70.6268887705979, 28.799634251781626], [70.61946432994247, 28.806057258789302], [70.6193772936734, 28.806139662061252], [70.6192979902555, 28.80622953185191], [70.61922705754426, 28.806326145318046], [70.61916506606767, 28.806428725375522], [70.61911251443729, 28.806536446949536], [70.61718151467046, 28.81099122026191], [70.61712380677514, 28.811151715219793], [70.61527439783316, 28.81755153287376], [70.61257884017036, 28.82066082852064], [70.61170828729878, 28.821330277194487], [70.61112791871773, 28.822334450205265], [70.60774291359166, 28.826239015797892], [70.60765922231525, 28.8263461029968], [70.60758684019723, 28.826461136587145], [70.60752651583633, 28.826582926855224], [70.6055955160695, 28.8310377001676], [70.60554947876277, 28.83115996285172], [70.60551559893692, 28.831286136362966], [70.60358459917009, 28.840195682987716], [70.60356343584372, 28.8403225495388], [70.60355456615456, 28.840450862970606], [70.60355807225667, 28.840579434800393], [70.60357392167536, 28.84070707415206], [70.60429613916455, 28.844872423174646], [70.60429613916455, 28.848730121906097], [70.60506791791772, 28.84932361401863], [70.60550492144219, 28.851844007432998], [70.60553427055972, 28.85197424470857], [70.60557646708972, 28.852100903981828], [70.60563108995018, 28.85222272131131], [70.60569759405587, 28.852338481073637], [70.60577531575782, 28.852447028094293], [70.6058634794659, 28.852547279175212], [70.6059612053885, 28.852638233904063], [70.606067518312, 28.852718984637452], [70.60618135733256, 28.85278872555834], [70.60630158644287, 28.85284676071735], [70.6064270058685, 28.852892510977703], [70.6065563640405, 28.85292551979445], [70.60668837008491, 28.852945457770378], [70.6068217067045, 28.85295212594307], [70.60974750182528, 28.85295212594307], [70.60976379862096, 28.85296915661643], [70.60984695096691, 28.853075826112118], [70.60991889608219, 28.85319035381329], [70.60997889710632, 28.853311566729474], [70.61112349389457, 28.85595212594307], [70.62119675803775, 28.85595212594307], [70.62509796617626, 28.85295212594307], [70.63771770297373, 28.85295212594307], [70.63784442713435, 28.85294610420974], [70.6379700093003, 28.852928093275548], [70.64955600790127, 28.85070070661936], [70.64967959445981, 28.850670787317473], [70.6497997781259, 28.850629257948576], [70.64991547089788, 28.850576494470776], [70.65002562542934, 28.85051297454259], [70.6501292445106, 28.850439273198802], [70.65022539009627, 28.85035605764477], [70.6503131917972, 28.850264081216324], [70.65039185475999, 28.85016417655996], [70.6504606668626, 28.850057248095037], [70.65051900516113, 28.84994426382621], [70.65056634152917, 28.849826246580278], [70.65060224743888, 28.84970426474669], [70.65062639784034, 28.849579422605625], [70.65246458809173, 28.836857431103134], [70.65940377696312, 28.83285529268696], [70.67459742113702, 28.83066458033725], [70.67472225860263, 28.830640469879803], [70.67484423990516, 28.830604605289814], [70.67496226098059, 28.83055731118098], [70.67507525360936, 28.830499015616624], [70.67518219508479, 28.83043024623526], [70.67528211746973, 28.83035162547488], [70.67537411635755, 28.83026386493921], [70.6754573590578, 28.830167758956918], [70.6755310921332, 28.83006417739209], [70.67559464821888, 28.829954057770983], [70.67564745206286, 28.829838396796415], [70.67568902573272, 28.82971824132649], [70.67571899294134, 28.829594678899408], [70.67573708245277, 28.829468827890054], [70.67574313053716, 28.82934182738748], [70.67574313053716, 28.818204894106543], [70.67573614967114, 28.81806847499892], [70.6757152800023, 28.817933481064472], [70.67568073955648, 28.817801322587563], [70.67563288917844, 28.817673380230474], [70.67370188941162, 28.8132186069181], [70.67364933778124, 28.813110885344084], [70.67358734630464, 28.81300830528661], [70.6735164135934, 28.81291169182047], [70.67343711017551, 28.812821822029814], [70.67335007390643, 28.812739418757864], [70.66585663960286, 28.80625672419848], [70.6641571319362, 28.80233599798828], [70.6641571319362, 28.794202291253328], [70.6674738570474, 28.79037648589496], [70.67272377260934, 28.788357912913632], [70.68395232350008, 28.788357912913632], [70.69736140337558, 28.790567516316234], [70.69749155457627, 28.790582455552382], [70.69762254313386, 28.79058458007524], [70.69775311035313, 28.79057386946985], [70.6978820015876, 28.79055042665655], [70.69800797829564, 28.79051447690203], [70.69812982994188, 28.790466365654652], [70.69824638562953, 28.79040655522501], [70.70597038469684, 28.785951781912637], [70.70607745154763, 28.7858830398434], [70.70617749599421, 28.785804427558556], [70.70626961123253, 28.785716657600773], [70.70635296232899, 28.785620525517995], [70.70642679378825, 28.785516902652553], [70.70649043640111, 28.785406728243323], [70.70654331331016, 28.785291000912455], [70.70658494523848, 28.78517076961385], [70.70661495483377, 28.785047124125413], [70.7066330700887, 28.784921185171317], [70.7066391268064, 28.78479409426373], [70.7066391268064, 28.772201768699716], [70.7098323842305, 28.770360075319324], [70.70993508030556, 28.770294429770185], [70.71003136854567, 28.770219700948633], [70.7101204480547, 28.770136510426163], [70.71020157789647, 28.770045550156116], [70.7102740832578, 28.769947576718213], [70.71033736106124, 28.769843405025572], [70.71039088498134, 28.769733901546488], [70.7119729788469, 28.766084046351757], [70.73040569178144, 28.766084046351757], [70.7305380363873, 28.76607747727546], [70.73066907994406, 28.766057834625634], [70.73079753419297, 28.76602531150461], [70.73092213633012, 28.765980227639638], [70.73104166142083, 28.765923026239722], [70.7311549344417, 28.765854269638545], [70.73126084183197, 28.765774633766288], [70.73135834244066, 28.765684901504716], [70.73144647776193, 28.765585954990854], [70.73152438135793, 28.765478766944906], [70.73159128737647, 28.76536439110766], [70.73164653808003, 28.765243951881416], [70.73168959031176, 28.76511863327623], [70.73334160657139, 28.759401886383195], [70.74392269014923, 28.759401886383195], [70.74404968977245, 28.75939583838274], [70.74417553992636, 28.75937774912163], [70.74429910154545, 28.759347782325158], [70.7444192562777, 28.75930620922178], [70.74453491660667, 28.759253406088263], [70.74464503569462, 28.75918985084398], [70.7447486168574, 28.759116118725306], [70.74484472258538, 28.759032877079164], [70.74493248302889, 28.758940879322882], [70.7483048813993, 28.755050855482036], [70.76108439568088, 28.75715671647342], [70.76119267862668, 28.75717004649412], [70.76130168805068, 28.757174499727007], [70.77095668688482, 28.757174499727007], [70.77108368650804, 28.757168451726553], [70.77120953666194, 28.757150362465442], [70.77133309828103, 28.75712039566897], [70.77145325301328, 28.757078822565592], [70.77156891334225, 28.757026019432075], [70.7716790324302, 28.756962464187794], [70.77178261359298, 28.756888732069118], [70.77187871932097, 28.756805490422977], [70.77196647976447, 28.756713492666695], [70.77560984398973, 28.752510912739773], [70.78665275885216, 28.748264953102257], [70.79738055396199, 28.748264953102257], [70.80235858478548, 28.754007056038173], [70.8007280312673, 28.76341118236433], [70.79605968385357, 28.76341118236433], [70.79593099623376, 28.76341739258318], [70.7958035046019, 28.763435965523623], [70.79567839383076, 28.763466728573782], [70.79555682666602, 28.76350939583018], [70.79543993292006, 28.763563570754865], [70.79532879897174, 28.76362874986074], [70.79522445766995, 28.763704327390805], [70.79512787873453, 28.763789600947934], [70.79503995974402, 28.76388377802273], [70.79496151779372, 28.763985983358918], [70.78727863384788, 28.775063634348307], [70.783526745021, 28.77939139619066], [70.77587531105549, 28.786010778883615], [70.77578062777695, 28.78610116778025], [70.77569524148616, 28.786200386010492], [70.7756199713652, 28.78630748169088], [70.77555553954328, 28.78642142736299], [70.77550256416878, 28.786541129850693], [70.77546155347872, 28.78666544074792], [70.775432900923, 28.786793167436276], [70.77350190115617, 28.797930100717213], [70.7734871751667, 28.79804383558061], [70.77348225442476, 28.798158414200856], [70.77348225442476, 28.818204894106543], [70.77348920526266, 28.818341020261883], [70.77350998547318, 28.81847573042173], [70.77354437889886, 28.818607623319895], [70.77359202777644, 28.81873532699557], [70.77365243645838, 28.81885751306459], [70.77372497656857, 28.81897291053739], [70.77380889353881, 28.819080319039944], [70.7873258919066, 28.834672025633257], [70.78746130965645, 28.83480730273616], [70.79518530872376, 28.841489462704722], [70.79529947040551, 28.841577908514342], [70.79542250903134, 28.841653519673383], [70.7955529878903, 28.84171541327713], [70.79568938339247, 28.841762866599538], [70.80335792934328, 28.84397426211815], [70.80909706052756, 28.846180936684277], [70.80923182954518, 28.84622470674443], [70.80937047534385, 28.84625396163784], [70.8095114392887, 28.846268372485465], [70.80965313668462, 28.84626777728277], [70.80979397459116, 28.84625218272092], [70.82331097295895, 28.844024796064733], [70.82344028556285, 28.84399685080179], [70.82356620155589, 28.843956257083708], [70.82368748700415, 28.843903412715118], [70.82380295335149, 28.843838835552866], [70.82391146906694, 28.843763158431173], [70.82401197073344, 28.8436771229601], [70.82410347346881, 28.843581572258007], [70.82796547300246, 28.83912679894563], [70.82804916427888, 28.839019711746722], [70.8281215463969, 28.83890467815638], [70.8281818707578, 28.8387828878883], [70.82993713607584, 28.834733530022355], [70.83310644979959, 28.832905646037382], [70.8401149081143, 28.832905646037382], [70.84335678681758, 28.834775381468916], [70.84703959749154, 28.841147502916098], [70.84711409773084, 28.841262387742876], [70.84719996219683, 28.841369046556657], [70.84729628953959, 28.84146635972182], [70.84740206857663, 28.84155330570735], [70.84751618890766, 28.841628971810213], [70.84763745257085, 28.84169256373633], [70.84776458661827, 28.841743413938566], [70.84789625647844, 28.841780988624205], [70.85755125531257, 28.844008375280392], [70.85768074754371, 28.844031603398047], [70.85781189616672, 28.844041987138166], [70.85794343028137, 28.84403942587675], [70.85807407525179, 28.8440239444338], [70.85820256505845, 28.84399569283276], [70.85832765456645, 28.843954944846747], [70.85844813159163, 28.843902095345513], [70.85856282864724, 28.84383765646896], [70.85867063425752, 28.843762252664238], [70.85877050372852, 28.843676614634497], [70.8588614692717, 28.843581572258007], [70.86272346880536, 28.83912679894563], [70.8628073857756, 28.839019390443077], [70.86287992588579, 28.838903992970277], [70.86294033456772, 28.838781806901256], [70.86298798344531, 28.838654103225583], [70.86302237687099, 28.83852221032742], [70.8630431570815, 28.83838750016757], [70.8630501079194, 28.83825137401223], [70.8630501079194, 28.833985829328835], [70.864846983398, 28.827767801964075], [70.8681168048846, 28.823996099412632], [70.87680390368402, 28.823996099412632], [70.88027923165704, 28.826000475406342], [70.88589516045212, 28.830319082818995], [70.88947636472264, 28.834449961932638], [70.89132577366462, 28.840849779586605], [70.89137336414494, 28.840986296755155], [70.89143542289086, 28.84111687433049], [70.89151122364132, 28.84123998418939], [70.89159987931528, 28.84135418560182], [70.9069132305205, 28.859017965122664], [70.90876247946139, 28.863284141106362], [70.90882280382229, 28.86340593137444], [70.90889518594031, 28.863520964964785], [70.90897887721673, 28.863628052163694], [70.91284087675038, 28.86808282547607], [70.9129294053261, 28.86817555474325], [70.91302641178304, 28.868259374627655], [70.91313100342494, 28.868333513781668], [70.91324221775326, 28.868397289944024], [70.91335903132463, 28.868450116218305], [70.91348036916894, 28.868491506473788], [70.92082411156983, 28.87060923767594], [70.926274374525, 28.876896055099536], [70.93003408138622, 28.88340122488598], [70.9318242353046, 28.887531069973306], [70.9318242353046, 28.911755133666418], [70.93183113988626, 28.911890807298462], [70.93185178228718, 28.912025079033995], [70.93188594921236, 28.912156561462115], [70.93193328761974, 28.912283895993433], [70.93199330836828, 28.91240576689819], [70.932065391272, 28.912520914901513], [70.93214879150847, 28.91262815019532], [70.93224264731477, 28.91272636473245], [70.9323459888921, 28.91281454367594], [70.93786495863142, 28.91705859029692], [70.93954823437191, 28.92094186981612], [70.93954823437191, 28.925119453603543], [70.93955518520981, 28.925255579758883], [70.93957596542033, 28.92539028991873], [70.93961035884601, 28.925522182816895], [70.9396580077236, 28.925649886492568], [70.93971841640553, 28.92577207256159], [70.93979095651572, 28.92588747003439], [70.93987487348596, 28.925994878536944], [70.9435443581938, 28.9302275881487], [70.9453412336724, 28.93644561551346], [70.9453412336724, 28.942938546853043], [70.94534710506686, 28.94306368264147], [70.94536466766023, 28.943187718902827], [70.94539376713578, 28.94330956577123], [70.94732476690261, 28.949991725739793], [70.94737235738293, 28.95012824290834], [70.94743441612886, 28.950258820483675], [70.94751021687931, 28.950381930342576], [70.94759887255327, 28.950496131755006], [70.95146087208693, 28.95495090506738], [70.95154485491867, 28.95503928832496], [70.95163654296584, 28.955119650120952], [70.95173517313869, 28.9551913216303], [70.96525217150648, 28.96410086825505], [70.96536384780835, 28.96416693397307], [70.96548140453197, 28.96422185839594], [70.96560373352423, 28.964265123776425], [70.96572968164605, 28.964296322271693], [70.96585806164248, 28.964315159787894], [70.96598766333437, 28.964321458752444], [70.97371166240168, 28.964321458752444], [70.97383413138809, 28.964315835468195], [70.97395556975279, 28.964299012937463], [70.97407495554708, 28.96427113272805], [70.97419128409548, 28.964232429462214], [70.97998428339596, 28.962005042806027], [70.9801291770185, 28.961939177699698], [70.9802652128535, 28.96185655430303], [70.98957702415134, 28.955411912127694], [70.99495265983678, 28.955411912127694], [70.99509223419969, 28.955404603706505], [70.99523028200795, 28.955382758376704], [70.99536529340318, 28.95534661506533], [70.9954957917369, 28.955296569079508], [70.99562034972094, 28.955233167782886], [70.99948234925459, 28.9530057811267], [70.9995900160636, 28.952936611953596], [70.99969057353184, 28.952857462020834], [70.99978309963548, 28.95276905706386], [70.99986674599133, 28.9526722076786], [70.99994074563566, 28.952567801888957], [71.00000442005665, 28.95245679700445], [71.0000571854157, 28.95234021084251], [71.00009855790076, 28.95221911239598], [71.00202955766758, 28.945536952427418], [71.00205865714314, 28.945415105559015], [71.00207621973651, 28.945291069297657], [71.00208209113097, 28.94516593350923], [71.00208209113097, 28.940900388825835], [71.0039153046871, 28.934556614761735], [71.00769573850411, 28.92801558250741], [71.00776819246437, 28.927870573542243], [71.00782255696807, 28.927717859177918], [71.00975355673489, 28.921035699209355], [71.00978265621045, 28.920913852340952], [71.00980021880382, 28.920789816079594], [71.00980609019828, 28.920664680291168], [71.00980609019828, 28.914125683379176], [71.01169715410155, 28.905400399044066], [71.01357030352123, 28.898918428262736], [71.02087643828237, 28.88627711103824], [71.03951879498244, 28.884126736021788], [71.03963765419999, 28.88410756677341], [71.03975430596095, 28.884077778514936], [71.03986780355963, 28.88403761299767], [71.03997722588836, 28.883987396191188], [71.04008168491305, 28.883927535637884], [71.04018033288003, 28.8838585171455], [71.04581945647448, 28.879522073104905], [71.05143127476858, 28.877364349870902], [71.05155378164433, 28.877310048864484], [71.05167023486023, 28.87724375269254], [71.05177946362284, 28.877166127881278], [71.05188036977174, 28.877077954852403], [71.05191722927371, 28.877038573192717], [71.05196463285806, 28.87708817823345], [71.05206797443539, 28.87717635717694], [71.05733922014838, 28.881229905866864], [71.05733922014838, 28.89794566058581], [71.057765492, 28.897189746], [71.058122534, 28.896216822], [71.059630193, 28.892108361], [71.060180343, 28.890609894], [71.06014303100001, 28.888974068], [71.060044389, 28.884611339], [71.06002117300001, 28.883566724], [71.059674813, 28.881449905], [71.0591201, 28.878059717], [71.05894434000001, 28.876748165], [71.058592856, 28.874125149], [71.058417118, 28.872813618], [71.057366971, 28.86497674], [71.057133643, 28.863235499], [71.05690002, 28.861492054], [71.05660867, 28.860192834], [71.056219765, 28.858458663], [71.054858119, 28.852387386], [71.053398122, 28.845877375], [71.05281414400001, 28.843273468], [71.052619975, 28.842407683], [71.05228537, 28.840657613], [71.051634352, 28.837252621], [71.051308852, 28.835550175], [71.05094025800001, 28.834255396], [71.05057189300001, 28.832961418], [71.047378224, 28.821742844], [71.046887142, 28.820017795], [71.046518219, 28.818721856], [71.045996461, 28.817484521], [71.04564871, 28.816659838], [71.040776494, 28.805105504], [71.040254668, 28.803868009], [71.039456221, 28.802037001], [71.038694694, 28.800693081], [71.036720149, 28.797208465], [71.035820573, 28.795258318], [71.035281241, 28.794089059], [71.033303521, 28.789801118], [71.030972373, 28.784747123], [71.029718259, 28.782028167], [71.029164015, 28.780554342], [71.028887166, 28.779818505], [71.028451986, 28.778661472], [71.028016614, 28.777503927], [71.026761969, 28.774168012], [71.026569795, 28.773734822], [71.021385722, 28.762013453], [71.02113331800001, 28.761445681], [71.020313548, 28.75958819], [71.018900555, 28.757324493], [71.013249877, 28.74826905], [71.011758455, 28.745879131], [71.00277739500001, 28.731700955], [71.002026655, 28.730515243], [71.001359026, 28.729461811], [71.000719296, 28.728290732], [71.000079206, 28.727118995], [70.994530802, 28.716962179], [70.993890702, 28.715790422], [70.99367762700001, 28.715400371], [70.993486027, 28.715014798], [70.992530161, 28.713091593], [70.990617724, 28.709244992], [70.990426481, 28.708860283], [70.989852796, 28.707706242], [70.98961843500001, 28.70722919], [70.989391527, 28.706742904], [70.988479165, 28.704764944], [70.98774814100001, 28.703183166], [70.987035416, 28.70164115], [70.986501036, 28.700484994], [70.985965601, 28.699328886], [70.985209776, 28.697315931], [70.982941857, 28.69127682], [70.981984053, 28.68872624], [70.981115158, 28.686448155], [70.97938854, 28.681927859], [70.978759952, 28.680282212], [70.978207846, 28.678489739], [70.977641206, 28.676650086], [70.976504379, 28.672959263], [70.975872871, 28.670909008], [70.975579197, 28.669604036], [70.975285692, 28.66829982], [70.973132749, 28.658733007], [70.972741384, 28.656993939], [70.972350545, 28.655257206], [70.972131356, 28.653506741], [70.971912638, 28.651759274], [70.97169391, 28.650011227], [70.971060384, 28.644949875], [70.970849046, 28.643261453], [70.970706313, 28.642379455], [70.97042047100001, 28.640613306], [70.968990809, 28.631782015], [70.968595434, 28.629339548], [70.968463743, 28.628526016], [70.968200349, 28.626898869], [70.967701657, 28.625236736], [70.965458904, 28.617761129], [70.964711332, 28.615269167], [70.962817132, 28.608955362], [70.96243833, 28.607692725], [70.962059515, 28.606430046], [70.961613492, 28.605164098], [70.96116756500001, 28.603898464], [70.95908626900001, 28.59799164], [70.958392496, 28.596022633], [70.95591401, 28.58898849], [70.955476728, 28.587747451], [70.95503999600001, 28.586507971], [70.954618968, 28.584938764], [70.953021074, 28.578983013], [70.952577789, 28.577330795], [70.952439299, 28.576000867], [70.952347086, 28.575115339], [70.951054491, 28.562702489], [70.950916027, 28.561372807], [70.9507774, 28.560041569], [70.950554308, 28.558718075], [70.950331087, 28.557393813], [70.948428278, 28.546105406], [70.948098622, 28.544149721], [70.948166406, 28.542291996], [70.948326885, 28.537882108], [70.948544224, 28.531914488], [70.94859292800001, 28.530569638], [70.94862190100001, 28.529781647], [70.948606592, 28.528007766], [70.9485951, 28.526676195], [70.948568285, 28.523569008], [70.948481904, 28.513544276], [70.948466878, 28.51180045], [70.94874713, 28.510083628], [70.94993886200001, 28.502783096], [70.950219234, 28.50106554], [70.950569587, 28.498919287], [70.950634141, 28.497155654], [70.95068252, 28.495833942], [70.950925159, 28.489204951], [70.95121488800001, 28.481289442], [70.95127935100001, 28.479528284], [70.95146717, 28.47827776], [70.951592095, 28.477445992], [70.951779639, 28.476197306], [70.953034165, 28.467843996], [70.953234319, 28.466511515], [70.953430034, 28.465208094], [70.953675022, 28.463978012], [70.953919569, 28.462750015], [70.954164135, 28.461521838], [70.95555735, 28.45452588], [70.955816194, 28.453226078], [70.95633385900001, 28.450626588], [70.956417824, 28.450190647], [70.95670246600001, 28.448585485], [70.957527529, 28.443886173], [70.957677507, 28.443031944], [70.957827359, 28.442178431], [70.958126873, 28.440881676], [70.958426036, 28.439586086], [70.95982162, 28.433539058], [70.961485581, 28.426330585], [70.961583008, 28.425908524], [70.962312677, 28.422848521], [70.964570276, 28.413380575], [70.964980612, 28.411659704], [70.965075706, 28.411238633], [70.966215186, 28.406193083], [70.96669003800001, 28.404090466], [70.966880941, 28.402845134], [70.967071843, 28.401599807], [70.967517393, 28.398693307], [70.96764331700001, 28.397872241], [70.967832247, 28.396640352], [70.967955368, 28.395766933], [70.970171934, 28.380042639], [70.970541466, 28.377421189], [70.970624207, 28.376107016], [70.970706985, 28.374792268], [70.971369373, 28.364271596], [70.97153496700001, 28.361641469], [70.97156482, 28.361204116], [70.971753928, 28.358628632], [70.97213213500001, 28.353477775], [70.972196114, 28.352606439], [70.972292036, 28.351300061], [70.97241987800001, 28.349558959], [70.972388644, 28.347776979], [70.97214528500001, 28.333871929], [70.972121969, 28.332539656], [70.972090848, 28.330761457], [70.971877308, 28.329023416], [70.971663625, 28.327284212], [70.970915525, 28.321195289], [70.97075534400001, 28.319891552], [70.970541466, 28.318150759], [70.97057915, 28.317115811], [70.970623806, 28.315887385], [70.970688878, 28.314097295], [70.970506183, 28.312317926], [70.970277991, 28.310097338], [70.969840439, 28.305839308], [70.968676098, 28.298744725], [70.968457955, 28.297415157], [70.968312569, 28.296528951], [70.96816311, 28.294813349], [70.967901706, 28.291812775], [70.96771502300001, 28.289669887], [70.967602805, 28.288381763], [70.967609718, 28.286640088], [70.96762356, 28.283153463], [70.967631615, 28.281124361], [70.967638062, 28.279500501], [70.967799283, 28.277860098], [70.968040722, 28.275398627], [70.968201098, 28.273764892], [70.96832138, 28.272539591], [70.968512594, 28.271359268], [70.968689494, 28.270267813], [70.968896525, 28.26891539], [70.96944215, 28.265351146], [70.969623253, 28.264185628], [70.971711838, 28.250749275], [70.972250951, 28.247281036], [70.972563955, 28.245577675], [70.973659955, 28.239613266], [70.973950649, 28.238031237], [70.974278959, 28.236244761], [70.974630491, 28.234468752], [70.975088896, 28.233021132], [70.97548718, 28.23176346], [70.97654972, 28.228408245], [70.976682294, 28.227989615], [70.97705763, 28.226700061], [70.97793338800001, 28.223693443], [70.978764516, 28.220839408], [70.979318365, 28.218937525], [70.979555839, 28.218078446], [70.980977504, 28.212935484], [70.98228274, 28.208213708], [70.982994675, 28.205638239], [70.983111542, 28.205209479], [70.983790145, 28.202599988], [70.985933532, 28.194337759], [70.986102029, 28.193688244], [70.98661013, 28.191729641], [70.98688528400001, 28.19105982], [70.987218197, 28.190249544], [70.987744709, 28.188967936], [70.98904868000001, 28.185794323], [70.989600578, 28.18445105], [70.990742634, 28.181059335], [70.991027688, 28.180212665], [70.99131221, 28.179367571], [70.99188103, 28.177678053], [70.992740446, 28.17613981], [70.995981047, 28.170339563], [70.996628909, 28.169179976], [70.99771174, 28.167764344], [71.006107495, 28.156788216], [71.00691992, 28.155726099], [71.00746078200001, 28.155019007], [71.008719142, 28.153255801], [71.013246381, 28.146912264], [71.013499235, 28.146560157], [71.017354294, 28.141293306], [71.01786902900001, 28.140590354], [71.01810817, 28.14022492], [71.018594137, 28.139498491], [71.019357463, 28.138347849], [71.02004402300001, 28.137312921], [71.02052343000001, 28.136555799], [71.02271842200001, 28.133083493], [71.023031284, 28.132594125], [71.024208015, 28.130736625], [71.024658961, 28.130024506], [71.02533564, 28.128955916], [71.02628785200001, 28.127098776], [71.02704952, 28.125613262], [71.0276242, 28.124501027], [71.027897175, 28.123940446], [71.028340344, 28.122937499], [71.029150592, 28.121105629], [71.029480931, 28.120358456], [71.029976234, 28.119238167], [71.03030698500001, 28.118490066], [71.030711373, 28.117368991], [71.031000405, 28.116567714], [71.031594537, 28.114920471], [71.032210656, 28.113212266], [71.032481429, 28.111926033], [71.03266213900001, 28.111068115], [71.032843164, 28.110208964], [71.03348140700001, 28.107178439], [71.03393778200001, 28.105011467], [71.035010078, 28.100782869], [71.035439281, 28.09909031], [71.03561086900001, 28.097765503], [71.03578234000001, 28.096441592], [71.036071714, 28.094207382], [71.036239821, 28.09290945], [71.03630458100001, 28.092124945], [71.03655950800001, 28.089036792], [71.036632295, 28.088155057], [71.036741592, 28.086831045], [71.037012395, 28.085543015], [71.037102574, 28.085114864], [71.037607864, 28.082712624], [71.037776571, 28.081910569], [71.037901566, 28.081497575], [71.038091332, 28.080870252], [71.038644276, 28.079040761], [71.038901628, 28.07818871], [71.039070071, 28.077631472], [71.039802429, 28.076037592], [71.040555104, 28.074399614], [71.041136632, 28.073134177], [71.042177594, 28.070868789], [71.043079209, 28.068334448], [71.043980331, 28.065799947], [71.045719288, 28.060910439], [71.046155043, 28.059690299], [71.047339624, 28.056439554], [71.04793255300001, 28.054816049], [71.048218893, 28.054031664], [71.048448332, 28.052751644], [71.048523399, 28.052332853], [71.049122906, 28.048988238], [71.049471196, 28.047741358], [71.050050231, 28.045668412], [71.050629302, 28.043595337], [71.051092101, 28.041938517], [71.051720404, 28.040364835], [71.052661693, 28.038007619], [71.05360333, 28.035649839], [71.054550156, 28.033278776], [71.054975035, 28.032238502], [71.057079679, 28.027084453], [71.05752282200001, 28.026000508], [71.057675061, 28.025587838], [71.058586939, 28.023116033], [71.060714896, 28.017347827], [71.061322551, 28.015700672], [71.061580934, 28.014659675], [71.06175183, 28.013971151], [71.062288115, 28.011810646], [71.06250120300001, 28.010946874], [71.062823979, 28.009651568], [71.06293009800001, 28.008348394], [71.063006087, 28.007411718], [71.06307105, 28.006617421], [71.063077131, 28.006176626], [71.06308622600001, 28.005517338], [71.063161949, 28.000028374], [71.06354717900001, 27.997815429], [71.063794024, 27.996397966], [71.063955225, 27.995472742], [71.064069202, 27.994818791], [71.06423975700001, 27.993839651], [71.064608285, 27.992108507], [71.06525502, 27.989070506], [71.06590854400001, 27.98600083], [71.066188525, 27.98468573], [71.066468654, 27.983369935], [71.06709566100001, 27.981305855], [71.069227517, 27.974286391], [71.069352744, 27.973874015], [71.069870008, 27.972170913], [71.07000624, 27.971021412], [71.07010365, 27.970199488], [71.07067936, 27.965341758], [71.070878823, 27.963627185], [71.071424468, 27.958936849], [71.07157324500001, 27.957657967], [71.071721975, 27.956379491], [71.07213834800001, 27.954215582], [71.072804298, 27.950754616], [71.073137203, 27.949024491], [71.073470538, 27.947292138], [71.073816867, 27.946141994], [71.074279384, 27.944606906], [71.076387756, 27.937607475], [71.076512929, 27.93718944], [71.079044029, 27.928736472], [71.079629483, 27.926781264], [71.080578876, 27.924760176], [71.082099967, 27.921522047], [71.08329043, 27.918647065], [71.085502736, 27.913304318], [71.086353244, 27.91125033], [71.087292415, 27.909315082], [71.089733299, 27.904287652], [71.08992090800001, 27.903901198], [71.090668868, 27.90236048], [71.091019042, 27.900948523], [71.09146814, 27.899137682], [71.091668595, 27.898329413], [71.091802379, 27.897145531], [71.091891556, 27.896354366], [71.092135798, 27.894190819], [71.092282592, 27.892890486], [71.092339418, 27.891266577], [71.092425368, 27.888828847], [71.092543061, 27.885480805], [71.092616551, 27.883388884], [71.092512465, 27.881364954], [71.092407718, 27.879341964], [71.092360671, 27.878430682], [71.092297541, 27.877095933], [71.092207369, 27.875186625], [71.092171487, 27.874426271], [71.09210985, 27.873121603], [71.092236154, 27.871425228], [71.092520522, 27.867605945], [71.09258368, 27.86675768], [71.092646879, 27.865908854], [71.092867649, 27.864638212], [71.093088233, 27.863368639], [71.093897545, 27.858710643], [71.095539762, 27.849221133], [71.095688943, 27.848359097], [71.096254969, 27.845070514], [71.096362419, 27.844446322], [71.096580265, 27.843180826], [71.096922499, 27.841024279], [71.097332916, 27.838438083], [71.097888687, 27.83468385], [71.097951995, 27.834256206], [71.098078457, 27.833401953], [71.098268308, 27.83211951], [71.098316142, 27.830420675], [71.098339955, 27.829571897], [71.098399334, 27.827449658], [71.098483599, 27.82444645], [71.098532854, 27.822722069], [71.098980816, 27.820894619], [71.101098575, 27.81227211], [71.10115764701594, 27.812031606077124], [71.06599275386253, 27.80657624239973], [71.0338867661614, 27.799949777660174], [70.97189729432472, 27.761157316157266], [70.95163268483405, 27.754973456105294], [70.95127565363987, 27.754864506019675], [70.94668321827538, 27.75346309842755], [70.94393058811744, 27.75262311778645], [70.9322180744033, 27.749048978067723], [70.92805108269135, 27.747777397009315], [70.92419756668777, 27.745940957817886], [70.92197890065853, 27.744883625956547], [70.92197890065853, 27.74488362595655], [70.90839588406283, 27.73841047676217], [70.9032174512989, 27.73257663788076], [70.89176456228478, 27.719674218890134], [70.8687898987442, 27.711538638076537], [70.86152579557904, 27.708966339325173], [70.84203212314743, 27.70929506209392], [70.78269844009388, 27.7102956089453], [70.70277227082369, 27.711643407916995], [70.67555738096843, 27.721012629529298], [70.65741412076511, 27.741086821399733], [70.63171116933506, 27.799949777660174], [70.61054403228133, 27.824020895747765], [70.60298434105454, 27.838728396798103], [70.60298434105454, 27.872147120393322], [70.59996046420412, 27.90555553865721], [70.59391271050322, 27.932274848105806], [70.58669103072998, 27.94149019471981], [70.58617527704251, 27.94214833093557], [70.58030526557559, 27.949638858346702], [70.56340559181702, 27.961997463468073], [70.55432286351258, 27.968639594798113]], [[70.86936313741928, 27.713522311297467], [70.86936313741927, 27.713522311297456], [70.86884310721989, 27.71172276422319], [70.86936313741928, 27.713522311297467]], [[70.62230557067373, 27.886928724062265], [70.62230557067372, 27.886928724062276], [70.62830381518772, 27.8800098160331], [70.62230557067373, 27.886928724062265]], [[71.03165244971127, 28.846921251036598], [71.03158592557432, 28.846954724351264], [71.03054595922868, 28.815418182303347], [71.03165244971127, 28.846921251036598]], [[71.0317290911247, 28.849103321061477], [71.03169695834755, 28.850321746501645], [71.03162281945426, 28.8480735157437], [71.03165244971127, 28.846921251036598], [71.0317290911247, 28.849103321061477]], [[70.961238672213, 28.819640152390598], [70.954017518688, 28.820570151528766], [70.95570385715935, 28.819640152390598], [70.961238672213, 28.819640152390598]], [[70.8012667410858, 28.731201937051356], [70.80026836804893, 28.734449223906896], [70.80035103139504, 28.73224580760057], [70.8012667410858, 28.731201937051356]], [[70.65073474392764, 28.74202234848253], [70.64937012990518, 28.740466745867984], [70.65352589005708, 28.742036775786104], [70.65073474392764, 28.74202234848253]]]}}, {"type": "Feature", "properties": {"na": "NA-171", "src": "sheet-split: ryk_na174.jpg + ryk_na172_173.jpg, outline-fit", "approx": false, "rms_km": 5.79}, "geometry": {"type": "Polygon", "coordinates": [[[70.44016048251248, 28.427215678078518], [70.44005017716538, 28.42727721815172], [70.439946174359, 28.42734889706405], [70.43984940313068, 28.42743007452138], [70.43019440429654, 28.43633962114613], [70.43009805534219, 28.436438204639853], [70.4300123738412, 28.43654618846563], [70.42993827136078, 28.436662423781417], [70.42987653627867, 28.436785673957388], [70.42982782539562, 28.436914627732495], [70.42979265694768, 28.43704791316497], [70.42977140509268, 28.437184112228476], [70.4297642959295, 28.437321775898482], [70.4297642959295, 28.438516963732813], [70.42972027309199, 28.438539540550497], [70.42959778554705, 28.438587800125788], [70.42947114404893, 28.438623773952834], [70.4293415775517, 28.43864711293454], [70.42921034339412, 28.43865759058484], [70.42907871509827, 28.438655105226545], [70.42894797001104, 28.438639680978067], [70.4288193769085, 28.438611467519348], [70.42869418368342, 28.438570738639342], [70.42867350249439, 28.4385616741554], [70.4297642959295, 28.44023929820886], [70.4297642959295, 28.450128075929165], [70.42279378521626, 28.457019852695144], [70.42037721826277, 28.458413594185547], [70.41505816201547, 28.46454906613758], [70.41505816201547, 28.466516535380798], [70.41635753892042, 28.463518901896663], [70.4144265391536, 28.467973675209038], [70.41437868877556, 28.468101617566127], [70.41434414832975, 28.468233776043036], [70.4143232786609, 28.468368769977484], [70.41431629779488, 28.468505189085107], [70.41431629779488, 28.49891660789862], [70.41112304037078, 28.500758301279014], [70.41101597352, 28.50082704334825], [70.41091592907341, 28.500905655633094], [70.4108238138351, 28.500993425590877], [70.41074046273863, 28.501089557673655], [70.41066663127937, 28.501193180539097], [70.41060298866651, 28.501303354948327], [70.41055011175746, 28.501419082279195], [70.41050847982915, 28.5015393135778], [70.41047847023385, 28.501662959066238], [70.41046035497892, 28.501788898020333], [70.41045429826123, 28.50191598892792], [70.41045429826123, 28.510531131377853], [70.40926516271499, 28.524247677042926], [70.40926516271499, 28.527305924043066], [70.4068509204214, 28.538445130089393], [70.39695286177873, 28.538445130089393], [70.39155952569949, 28.532223977181143], [70.39147176525599, 28.53213197942486], [70.391375659528, 28.53204873777872], [70.39127207836522, 28.531975005660044], [70.39116195927727, 28.531911450415762], [70.3910462989483, 28.531858647282245], [70.39092614421605, 28.531817074178868], [70.39080258259696, 28.531787107382396], [70.39067673244305, 28.531769018121285], [70.39054973281984, 28.53176297012083], [70.37896373421887, 28.53176297012083], [70.37883455008752, 28.531769228466473], [70.37870657586278, 28.531787944889274], [70.37858101011955, 28.53181894409586], [70.3784590288755, 28.531861935755327], [70.37834177457678, 28.531916517218438], [70.37823034539815, 28.531982177288715], [70.37812578495767, 28.532058301010192], [70.3780290725426, 28.532144175426936], [70.37794111393744, 28.53223899626041], [70.37786273294074, 28.532341875442164], [70.37779466364951, 28.53245184943124], [70.37773754358388, 28.532567888238475], [70.37387554405022, 28.541477434863225], [70.37382950674349, 28.541599697547348], [70.37379562691764, 28.541725871058592], [70.37209292461851, 28.54958206337033], [70.36930873538473, 28.54958206337033], [70.36917955125338, 28.549588321715973], [70.36905157702864, 28.549607038138774], [70.36892601128541, 28.54963803734536], [70.36880403004136, 28.549681029004827], [70.36868677574265, 28.549735610467938], [70.36857534656401, 28.549801270538214], [70.36847078612354, 28.549877394259692], [70.36837407370847, 28.549963268676436], [70.3682861151033, 28.55005808950991], [70.3682077341066, 28.550160968691664], [70.36813966481537, 28.55027094268074], [70.36808254474974, 28.550386981487975], [70.36650045088417, 28.554036836682705], [70.36351573608425, 28.554036836682705], [70.36339076286238, 28.554042692798223], [70.36326688488161, 28.554060209822918], [70.36314518778455, 28.554089234240973], [70.363026738101, 28.554129511688018], [70.36291257390101, 28.554180689180313], [70.36280369569754, 28.554242318208225], [70.36270105767804, 28.554313858666898], [70.35726829851731, 28.55849160999508], [70.35416164385455, 28.55849160999508], [70.342156665237, 28.55695298680563], [70.34304592291237, 28.55849160999508], [70.33956981918186, 28.552477139772552], [70.33950104390892, 28.55237022542714], [70.33942242133082, 28.552270329453073], [70.33933466284802, 28.552178355738807], [70.33923856252531, 28.552095136489843], [70.339134989907, 28.552021424698676], [70.33902488214889, 28.55195788733149], [70.33890923553874, 28.551905099293265], [70.33878909648139, 28.551863538225863], [70.33866555203078, 28.551833580186166], [70.33853972005376, 28.551815496243425], [70.3384127391155, 28.551809450026518], [70.32577302548144, 28.551809450026518], [70.32419093161587, 28.548159594831787], [70.32413048369621, 28.548037584113455], [70.32405793447788, 28.547922357478946], [70.32397403707711, 28.547815111068623], [70.32387966241295, 28.547716958182036], [70.3237757901664, 28.547628917721028], [70.32366349861059, 28.547551903612735], [70.32354395341754, 28.54748671532236], [70.32341839555757, 28.54743402955408], [70.32328812841703, 28.54739439322636], [70.3231545042682, 28.547368217794514], [70.3230189102317, 28.5473557749795], [70.32288275387705, 28.547357193947228], [70.32274744861108, 28.54737245996773], [70.32015196742981, 28.547800154045383], [70.31198887203833, 28.547800154045383], [70.31062835613974, 28.5493694939335], [70.30923045024329, 28.549599846623916], [70.30910041045041, 28.549627987385538], [70.3089738132035, 28.549668918880375], [70.30885191325774, 28.54972223542025], [70.30873591881158, 28.54978740856392], [70.30862697953167, 28.54986379235467], [70.30852617515814, 28.549950629722645], [70.30843450480289, 28.550047059988465], [70.30835287704694, 28.55015212739376], [70.30828210093514, 28.55026479057406], [70.30822287795743, 28.550383932880187], [70.30817579509609, 28.550508373445783], [70.30814131900793, 28.550636878891357], [70.30811979139901, 28.550768175548786], [70.30811142563799, 28.550900962085148], [70.30811630464119, 28.55103392240075], [70.31003232192876, 28.573134967738408], [70.30832309072633, 28.582992863213143], [70.29786174401212, 28.582992863213143], [70.29772216964922, 28.583000171634332], [70.29758412184096, 28.583022016964133], [70.29744911044573, 28.583058160275506], [70.29731861211201, 28.58310820626133], [70.29719405412797, 28.58317160755795], [70.29333205459432, 28.585398994214138], [70.29321687118984, 28.585473556806658], [70.29310994006971, 28.58555953664394], [70.2930123883972, 28.585656027410653], [70.29292524446662, 28.585762011995527], [70.292849426864, 28.585876373212752], [70.29278573478437, 28.585997905578246], [70.29273483960732, 28.586125328016703], [70.29269727782001, 28.586257297365435], [70.29267344536206, 28.58639242253266], [70.29081112303327, 28.601429598523826], [70.28546106700495, 28.60554375175921], [70.28540137028135, 28.605592459732428], [70.27767737121404, 28.61227461970099], [70.28425425941566, 28.606584844407696], [70.28127390368194, 28.607730780087586], [70.27771404004986, 28.611837043013225], [70.27706495905659, 28.612960104523655], [70.2775419534642, 28.612409896803893], [70.27367995393054, 28.616864670116268], [70.2736005827527, 28.616965645484044], [70.27353127100056, 28.61707377360149], [70.27347265883148, 28.617188055806597], [70.27342528758244, 28.61730743659874], [70.27338959477022, 28.61743081338717], [70.27336591005056, 28.61755704667447], [70.2733544521735, 28.617684970580843], [70.27147634814577, 28.663178782835892], [70.26346151858553, 28.663178782835892], [70.26037609262805, 28.66139928065148], [70.25859464743907, 28.65523464928667], [70.25855327495401, 28.655113550840138], [70.25850050959497, 28.654996964678197], [70.25843683517397, 28.654885959793692], [70.25836283552964, 28.65478155400405], [70.25827918917379, 28.654684704618788], [70.25818666307015, 28.654596299661815], [70.25808610560192, 28.654517149729053], [70.2579784387929, 28.65444798055595], [70.2502544397256, 28.649993207243575], [70.25010958000959, 28.649920976566293], [70.24995705030254, 28.64986678896136], [70.24319918276784, 28.64791800778727], [70.24319918276784, 28.640013961611544], [70.24319260799395, 28.63988155976595], [70.24317294836341, 28.63975046066109], [70.2431403973131, 28.639621954219646], [70.24309527512239, 28.639497304854327], [70.2430380257618, 28.63937773902693], [70.24296921252466, 28.639264433180827], [70.24288951248464, 28.63915850216559], [70.24279970983389, 28.639060988267662], [70.24270068816716, 28.63897285095499], [70.24259342178775, 28.638894957436538], [70.24247896612115, 28.638828074129563], [70.24235844733036, 28.63877285911861], [70.24223305123523, 28.638729855680424], [70.23547518370053, 28.63678107450633], [70.23547518370053, 28.62742163604753], [70.23866844112463, 28.625579942667137], [70.23877550797542, 28.625511200597902], [70.238875552422, 28.625432588313057], [70.23896766766032, 28.625344818355273], [70.23905101875678, 28.625248686272496], [70.23912485021604, 28.625145063407054], [70.2391884928289, 28.625034888997824], [70.23924136973795, 28.624919161666956], [70.23928300166627, 28.62479893036835], [70.23931301126156, 28.624675284879913], [70.23933112651649, 28.624549345925818], [70.23933718323418, 28.62442225501823], [70.23933718323418, 28.604375775112544], [70.23933102908586, 28.604247668407464], [70.23931262331949, 28.604120741541937], [70.23928213544883, 28.603996163489413], [70.23923984626165, 28.603875081591195], [70.23918614523372, 28.603758610989637], [70.23912152694177, 28.60364782435789], [70.23904658650858, 28.603543742020765], [70.23896201412195, 28.603447322557745], [70.23886858867827, 28.603359453974623], [70.23876717060894, 28.603280945525135], [70.23865869395601, 28.603212520257884], [70.23854415776982, 28.60315480835719], [70.2384246169079, 28.603108341339208], [70.23830117231995, 28.603073547156757], [70.22968218440005, 28.601085165903438], [70.22968218440005, 28.584329295206857], [70.22967574911472, 28.584198301964587], [70.22965650523403, 28.58406857025885], [70.22962463808709, 28.583941349476888], [70.22958045457193, 28.58381786482438], [70.22952438019995, 28.583699305526032], [70.22945695499803, 28.583586813372694], [70.22937882830769, 28.583481471725303], [70.2292907525317, 28.58338429508151], [70.22919357588789, 28.58329621930551], [70.2290882342405, 28.583218092615176], [70.22897574208717, 28.583150667413246], [70.22885718278881, 28.583094593041274], [70.22873369813631, 28.58305040952611], [70.22860647735435, 28.583018542379165], [70.2284767456486, 28.58299929849848], [70.22834575240634, 28.582992863213143], [70.2186907535722, 28.582992863213143], [70.21856156944085, 28.582999121558785], [70.21843359521611, 28.583017837981586], [70.21830802947288, 28.583048837188173], [70.21818604822883, 28.58309182884764], [70.21806879393012, 28.58314641031075], [70.21795736475148, 28.583212070381027], [70.21785280431101, 28.583288194102504], [70.21775609189594, 28.583374068519248], [70.21766813329077, 28.583468889352723], [70.21758975229407, 28.583571768534476], [70.21752168300284, 28.583681742523552], [70.21746456293721, 28.583797781330787], [70.21588246907164, 28.587447636525518], [70.21467659637143, 28.587447636525518], [70.20695259730414, 28.58566572720057], [70.20146391333788, 28.58566572720057], [70.20918791240517, 28.587447636525518], [70.1996811769834, 28.585254453907257], [70.19955797327897, 28.585232051923853], [70.19943321365774, 28.58522127980453], [70.19930799347274, 28.585222232125354], [70.19918341212065, 28.585234900525222], [70.19906056338934, 28.585259173779285], [70.19894052585482, 28.58529483877546], [70.1988243534116, 28.585341582385496], [70.19871306601978, 28.585398994214138], [70.19485106648612, 28.587626380870326], [70.19474399963534, 28.58769512293956], [70.19464395518875, 28.587773735224406], [70.19455183995044, 28.58786150518219], [70.19446848885397, 28.587957637264967], [70.19439465739471, 28.58806126013041], [70.19433101478185, 28.58817143453964], [70.1942781378728, 28.588287161870507], [70.19423650594449, 28.588407393169113], [70.1942064963492, 28.58853103865755], [70.19418838109426, 28.588656977611645], [70.19418232437657, 28.58878406851923], [70.19418232437657, 28.609757056149363], [70.19299318883033, 28.62004446539817], [70.19299318883033, 28.623083550259143], [70.19418232437657, 28.6175969319931], [70.19050351594883, 28.63457078966702], [70.18538413584234, 28.636539172251872], [70.18526162896659, 28.63659347325829], [70.18514517575069, 28.636659769430235], [70.18503594698808, 28.636737394241496], [70.18493504083918, 28.63682556727037], [70.18484347179083, 28.636923402045834], [70.18476216045683, 28.637029914959932], [70.18469192432232, 28.637144035156727], [70.184633469525, 28.637264615298438], [70.1845873837557, 28.63739044310051], [70.18455413035, 28.63752025351964], [70.18453404362984, 28.637652741472223], [70.18452732554243, 28.637786574955356], [70.18452732554243, 28.648923508236294], [70.18453465936749, 28.64906332430081], [70.18455658035224, 28.64920160585169], [70.18459284790879, 28.649336835216946], [70.18464306399235, 28.649467528223028], [70.18470667746978, 28.649592250483973], [70.18856867700343, 28.656274410452536], [70.18863895728344, 28.656383432113905], [70.18871947548821, 28.656485127045496], [70.18880947311615, 28.65657853725571], [70.18890810236721, 28.656662782797106], [70.18901443412925, 28.65673707005569], [70.1891274667306, 28.656800699226984], [70.189246135376, 28.65685307090834], [70.19418232437657, 28.65875101719523], [70.19418232437657, 28.665970607112683], [70.19098906695247, 28.667812300493075], [70.19088200010168, 28.66788104256231], [70.1907819556551, 28.667959654847156], [70.19068984041678, 28.66804742480494], [70.19060648932032, 28.668143556887717], [70.19053265786106, 28.66824717975316], [70.1904690152482, 28.66835735416239], [70.19041613833915, 28.668473081493257], [70.19037450641083, 28.668593312791863], [70.19034449681554, 28.6687169582803], [70.19032638156061, 28.668842897234395], [70.19032032484292, 28.66896998814198], [70.19032032484292, 28.66965026192098], [70.191717597, 28.669650043], [70.194506899, 28.669649584], [70.195202904, 28.669700144], [70.196096737, 28.669764985], [70.197437147, 28.669862269], [70.200565462, 28.670089628], [70.201010838, 28.670122048], [70.203459552, 28.670365444], [70.20476416000001, 28.670495345], [70.206502418, 28.670667894], [70.20805308300001, 28.671174333], [70.210749983, 28.672049352], [70.21319791, 28.673378002], [70.214512319, 28.674103866], [70.215553428, 28.674678684], [70.216590446, 28.675251482], [70.217694225, 28.676328675], [70.219182449, 28.67778105], [70.220809717, 28.679574322], [70.221623148, 28.680470733], [70.22226167, 28.681456349], [70.223112072, 28.682769025], [70.22493583900001, 28.685584009], [70.225295275, 28.68613872], [70.22553627900001, 28.686511019], [70.225857954, 28.687079972], [70.228295206, 28.69139085], [70.229131812, 28.692870507], [70.229594605, 28.694126398], [70.231104652, 28.698224248], [70.231568592, 28.69952832], [70.231686428, 28.70045981], [70.232012304, 28.703033365], [70.232122177, 28.703899713], [70.23204354, 28.704782647], [70.231770655, 28.707850022], [70.23166375800001, 28.70905275], [70.231598956, 28.70977989], [70.23148724500001, 28.710419691], [70.231237033, 28.711852719], [70.231049048, 28.712928799], [70.230910636, 28.713722094], [70.230525168, 28.714656989], [70.230125301, 28.715627378], [70.22963857900001, 28.716807273], [70.228988896, 28.717699466], [70.227682695, 28.719493232], [70.227360748, 28.719935353], [70.226890229, 28.720581503], [70.226315572, 28.72116901], [70.224110883, 28.723423812], [70.223465633, 28.72408368], [70.222339622, 28.724902789], [70.218970474416, 28.727331196508345], [70.218970474416, 28.727331196508352], [70.218617895, 28.727585328], [70.218036054, 28.728004851], [70.217499462, 28.728391797], [70.213528354, 28.730979334], [70.21244635, 28.731684357], [70.21136232, 28.732390701], [70.20954343992086, 28.733880403506713], [70.20933087600001, 28.734054498], [70.20884168535824, 28.734455155833892], [70.205604155, 28.737106764], [70.204992108, 28.737608045], [70.204420094, 28.738087749], [70.201176116, 28.740808116], [70.200539328, 28.741342244], [70.200121366, 28.741826975], [70.199033149, 28.743089037], [70.198210843, 28.74404271], [70.197790669, 28.745252041], [70.197586225, 28.745840467], [70.19725016800001, 28.746808654], [70.19723457900001, 28.747437338], [70.197174544, 28.749858203], [70.197310709, 28.751599199], [70.19811261000001, 28.752432586], [70.198803391, 28.753150488], [70.2005836, 28.75516069], [70.201231902, 28.75578604], [70.202659814, 28.756499191], [70.204187753, 28.756399597], [70.204902535, 28.756135318], [70.205671617, 28.755850961], [70.206432156, 28.755246915], [70.20710878, 28.754709642], [70.208136837, 28.753935641], [70.208744017, 28.75347851], [70.209510406, 28.75290151], [70.210817876, 28.751488868], [70.211284862, 28.750984318], [70.21216792700001, 28.750030222], [70.214411525, 28.748388588], [70.215708241, 28.748211247], [70.217193405, 28.748008133], [70.21784106, 28.747919559], [70.218430361, 28.747989547], [70.220973798, 28.748291612], [70.221526988, 28.748433339], [70.222747744, 28.748802276], [70.223558267, 28.749047233], [70.224196717, 28.749460359], [70.225362652, 28.750214809], [70.226080936, 28.750679593], [70.22660156500001, 28.751405765], [70.227366134, 28.752472182], [70.227621501, 28.752828368], [70.227846741, 28.753332922], [70.228466122, 28.75472036], [70.228572146, 28.75627329], [70.22853295, 28.757569018], [70.22798079200001, 28.759100004], [70.22761290400001, 28.759890667], [70.226972312, 28.761267427], [70.226733599, 28.762171675], [70.226328002, 28.763708125], [70.226311644, 28.765378648], [70.22660033000001, 28.766988449], [70.226833174, 28.767521939], [70.22723821000001, 28.768447913], [70.227646636, 28.768727925], [70.22922759100001, 28.769811789], [70.230789605, 28.770161308], [70.23210168700001, 28.769855234], [70.233459746, 28.769538442], [70.234116103, 28.769019208], [70.234841087, 28.768445686], [70.23523542400001, 28.768133739], [70.237026291, 28.766691835], [70.24011029247217, 28.76341118236433], [70.240570041, 28.762922118], [70.244464355, 28.758620625], [70.246520494, 28.756433599], [70.247533703, 28.755355891], [70.248217435, 28.754628636], [70.24966498500001, 28.753866827], [70.25017275, 28.753599607], [70.251501508, 28.75321101], [70.25259475700001, 28.753203068], [70.253298849, 28.753197953], [70.254059423, 28.753192427], [70.255439885, 28.753401374], [70.256229784, 28.753687763], [70.258246363, 28.754419002], [70.26195757900001, 28.755971927], [70.263136625, 28.756312932], [70.26408717000001, 28.756587907], [70.265121912, 28.756865595], [70.267390307, 28.757277952], [70.268633262, 28.757485038], [70.270928722, 28.757331899], [70.27174901, 28.75712006], [70.272331866, 28.756969539], [70.272987356, 28.75680026], [70.273482993, 28.756647848], [70.27660467, 28.755496979], [70.277079153, 28.755298894], [70.278480544, 28.754683885], [70.279223494, 28.75435775], [70.280341056, 28.753867168], [70.281421518, 28.753247101], [70.282082366, 28.752867517], [70.282984595, 28.752349568], [70.283673111, 28.751950648], [70.284996917, 28.751122801], [70.285648682, 28.750746625], [70.286348228, 28.750320238], [70.288290232, 28.749782082], [70.28920676, 28.749530563], [70.291367655, 28.749082811], [70.292359213, 28.748877353], [70.293180836, 28.748882433], [70.294592946, 28.748877489], [70.295323448, 28.74882987], [70.296093412, 28.748779667], [70.297484732, 28.749010142], [70.298687109, 28.749209442], [70.29975159700001, 28.749621002], [70.301330297, 28.750231369], [70.30290959700001, 28.75071537], [70.304928014, 28.751334236], [70.306570985, 28.751837458], [70.308264303, 28.752675548], [70.30912206900001, 28.753100001], [70.309709773, 28.753390532], [70.310841785, 28.753950836], [70.311490115, 28.75441336], [70.313021917, 28.755505932], [70.313922567, 28.756148146], [70.314477941, 28.757084734], [70.315501131, 28.758810251], [70.31578965300001, 28.759385804], [70.31662159000001, 28.761849085], [70.316858201, 28.762550196], [70.316909886, 28.764760985], [70.316630774, 28.765336442], [70.316329962, 28.765956379], [70.315051686, 28.768588958], [70.31481324900001, 28.768999966], [70.31082855800001, 28.775719554], [70.309692111, 28.777635987], [70.308099119, 28.779789654], [70.304191721, 28.785046202], [70.303410491, 28.786097175], [70.302628794, 28.787148778], [70.301481228, 28.788449375], [70.298612233, 28.791700957], [70.29642078, 28.794184438], [70.29532312, 28.79542868], [70.294328615, 28.796306474], [70.293332571, 28.797185625], [70.291670687, 28.798652475], [70.288351491, 28.801582141], [70.286540239, 28.803216068], [70.28565992300001, 28.8040102], [70.284638736, 28.806028245], [70.284537345, 28.80690046], [70.28442088300001, 28.807902311], [70.284339957, 28.808598464], [70.284441864, 28.809789386], [70.284897276, 28.810516649], [70.285414233, 28.81135002], [70.285807604, 28.812164933], [70.286053267, 28.81268068], [70.287350753, 28.813947562], [70.288067259, 28.814300436], [70.28955931, 28.815037569], [70.29056597, 28.815528259], [70.292728815, 28.816289555], [70.296324943, 28.817547332], [70.296774854, 28.817783498], [70.301267504, 28.818662235], [70.30258344, 28.818945887], [70.305211973, 28.819512631], [70.308395053, 28.820318385], [70.30935732, 28.820561969], [70.310530818, 28.820859023], [70.311846593, 28.821116566], [70.31316146200001, 28.821373932], [70.316229438, 28.821974441], [70.317981673, 28.822317413], [70.32015579, 28.822526325], [70.324066521, 28.822902108], [70.325370401, 28.823027399], [70.326620245, 28.823248246], [70.327869582, 28.823469003], [70.332034992, 28.82420503], [70.333636812, 28.824487941], [70.334437187, 28.824629388], [70.335237805, 28.824770966], [70.33603845200001, 28.824840929], [70.34057223900001, 28.825238054], [70.341079864, 28.825282502], [70.341522558, 28.825253768], [70.342158315, 28.825212503], [70.343620156, 28.825117619], [70.344434839, 28.824846334], [70.34502995000001, 28.824648166], [70.34643778, 28.824179366], [70.348177533, 28.82256161], [70.348823977, 28.821587437], [70.349839199, 28.820057529], [70.351808329, 28.817227209], [70.35433092800001, 28.814808965], [70.35523777, 28.814004248], [70.356707361, 28.812700158], [70.357548632, 28.811592121], [70.358035428, 28.81095049], [70.35898795, 28.809695586], [70.359463282, 28.809069361], [70.360165167, 28.807802119], [70.36049826700001, 28.807200714], [70.361116138, 28.805149663], [70.36155851, 28.803681189], [70.362250645, 28.801838029], [70.363362279, 28.800532189], [70.364419021, 28.799290827], [70.36574655000001, 28.797487809], [70.36864340400001, 28.793553372], [70.369433298, 28.792480558], [70.370222008, 28.791409351], [70.37056981900001, 28.791029541], [70.37124038, 28.790297415], [70.372710602, 28.78869221], [70.374119276, 28.787726065], [70.374640718, 28.787368455], [70.376217284, 28.787074523], [70.37715956800001, 28.786898846], [70.377916662, 28.787002639], [70.379139484, 28.787170281], [70.380162143, 28.787330048], [70.381400786, 28.787681781], [70.382188454, 28.787911141], [70.382820346, 28.788421162], [70.384870589, 28.790076054], [70.385654459, 28.790807498], [70.387013437, 28.792012991], [70.387484441, 28.792537046], [70.3879006, 28.792930321], [70.388220367, 28.793437182], [70.389104769, 28.794838565], [70.38937544800001, 28.795267618], [70.390077852, 28.796381478], [70.39083767400001, 28.797977198], [70.392736847, 28.801965694], [70.39292419, 28.802359138], [70.393306562, 28.803162166], [70.393609329, 28.803798296], [70.39414994900001, 28.805496124], [70.39617960800001, 28.81187031], [70.396394744, 28.812552507], [70.396549839, 28.81304431], [70.397049296, 28.814628052], [70.397423763, 28.815815457], [70.397923175, 28.817399055], [70.398298334, 28.819106412], [70.399611223, 28.825081407], [70.39999723400001, 28.826693622], [70.40038266, 28.828303391], [70.400671531, 28.829509889], [70.401191055, 28.831018326], [70.401580412, 28.832148821], [70.402021097, 28.833317428], [70.402462916, 28.834489043], [70.403099546, 28.835629104], [70.403523596, 28.836388481], [70.404160782, 28.837529538], [70.40448, 28.838101187], [70.405312189, 28.839562166], [70.4068254, 28.842219068], [70.407690985, 28.843738343], [70.40837339, 28.845042164], [70.409811651, 28.847789297], [70.410653303, 28.84948885], [70.411179236, 28.850550828], [70.411381985, 28.851311937], [70.411719432, 28.852578692], [70.411861036, 28.853110794], [70.412133249, 28.854288588], [70.412080996, 28.855307137], [70.411968398, 28.857509183], [70.411923146, 28.85839924], [70.411647236, 28.859456762], [70.411293437, 28.860812831], [70.411049452, 28.861748007], [70.410696275, 28.863220233], [70.41022762, 28.865172909], [70.409962769, 28.866277854], [70.40873447, 28.868471036], [70.407666076, 28.869506405], [70.404834246, 28.872024472], [70.40441066800001, 28.872401118], [70.403736214, 28.872888499], [70.39559368, 28.878775736], [70.395240997, 28.879030724], [70.394633632, 28.879469838], [70.39372128, 28.880129453], [70.39297960200001, 28.880619418], [70.391865635, 28.881355321], [70.38703765000001, 28.88454476], [70.385922653, 28.885281343], [70.385578068, 28.885533345], [70.381097104, 28.888810375], [70.380751535, 28.889063097], [70.379675455, 28.889859427], [70.378662187, 28.891209031], [70.377912218, 28.892208119], [70.37730860900001, 28.892913091], [70.375649687, 28.894850919], [70.374359572, 28.896357362], [70.371899846, 28.899363932], [70.370806926, 28.900699829], [70.369142235, 28.901838593], [70.36791121600001, 28.902680697], [70.365837719, 28.904165794], [70.362576701, 28.906501431], [70.361904146, 28.906983162], [70.361461853, 28.907299964], [70.35988809, 28.908427205], [70.358030661, 28.909333336], [70.355430392, 28.910601856], [70.35297198, 28.911801171], [70.352272922, 28.91216735], [70.350260097, 28.913221702], [70.348910962, 28.913928326], [70.347794424, 28.914453941], [70.346632494, 28.915000646], [70.345121655, 28.915712154], [70.344533848, 28.916865365], [70.343534456, 28.918826098], [70.34310078, 28.919677646], [70.343161272, 28.92211959], [70.34382083700001, 28.923309502], [70.344201171, 28.923995342], [70.344607252, 28.924728261], [70.34511018900001, 28.925272543], [70.348927971, 28.929404165], [70.349986612, 28.930549831], [70.3514025, 28.931540268], [70.351776926, 28.931802185], [70.352464658, 28.932283264], [70.354236402, 28.933522626], [70.355167328, 28.934636869], [70.356750254, 28.936531503], [70.357685921, 28.937320884], [70.35847313, 28.937985307], [70.358879644, 28.9383283], [70.36085666800001, 28.938823024], [70.362649014, 28.939272001], [70.363858408, 28.939655976], [70.366277497, 28.940424023], [70.368493455, 28.941127577], [70.36967094, 28.941532496], [70.375757969, 28.943658318], [70.377821448, 28.944378973], [70.380684371, 28.947216085], [70.382261602, 28.948779095], [70.383943554, 28.948431769], [70.38561073800001, 28.94808737], [70.388044468, 28.947584677], [70.388614395, 28.947424785], [70.39662794600001, 28.944936759], [70.397890882, 28.944544646], [70.399157341, 28.944151439], [70.400831959, 28.943799203], [70.405444892, 28.942828927], [70.405862021, 28.942739878], [70.407951145, 28.942270587], [70.410454916, 28.941706577], [70.412122392, 28.941330953], [70.413352828, 28.940930584], [70.414580826, 28.940531007], [70.417856553, 28.939465123], [70.419497328, 28.938931234], [70.42157074900001, 28.938405387], [70.426138533, 28.937246934], [70.428212588, 28.936720925], [70.42938706800001, 28.936508338], [70.430558828, 28.936296505], [70.43448581, 28.935586136], [70.435126705, 28.935483165], [70.43854949300001, 28.935051677], [70.439841123, 28.934889443], [70.441115872, 28.934881868], [70.442232905, 28.93487523], [70.442978959, 28.934870796], [70.44431955200001, 28.934961075], [70.445661733, 28.93505146], [70.447064405, 28.935303939], [70.44992027500001, 28.935817989], [70.45220901179658, 28.93601681186212], [70.452905651, 28.936077329], [70.454178941, 28.93618794], [70.455009533, 28.936380554], [70.455827105, 28.936570147], [70.456448408, 28.936714226], [70.45706778600001, 28.936916333], [70.457863134, 28.937212066], [70.45935381400001, 28.937766462], [70.459787737, 28.937927692], [70.461237192, 28.938822715], [70.462488185, 28.939878389], [70.462714172, 28.940397572], [70.463171463, 28.941448176], [70.463483503, 28.942765649], [70.463868606, 28.9443916], [70.464035346, 28.945030803], [70.464678184, 28.947499744], [70.46480003, 28.947988861], [70.465019626, 28.949307313], [70.465606128, 28.949813163], [70.466149196, 28.950281548], [70.466712651, 28.950648873], [70.46711061900001, 28.950901468], [70.468309066, 28.95154874], [70.468970317, 28.951882536], [70.46937518300001, 28.95202295], [70.47091232800001, 28.95255599], [70.471612014581, 28.952705824938427], [70.471825603, 28.952751564], [70.473041681, 28.952972898], [70.474228958, 28.953188989], [70.47759124000001, 28.953168505], [70.47844450800001, 28.953163959], [70.478928462, 28.953161722], [70.47960167, 28.953157796], [70.480042876, 28.953193747], [70.480674951, 28.953245254], [70.481774167, 28.953334833], [70.483751214, 28.95398808], [70.485217061, 28.95489253], [70.485680627, 28.9554107], [70.486664571, 28.956510544], [70.48770037, 28.958221155], [70.48769055400001, 28.960769758], [70.487293538, 28.963142172], [70.48687331500001, 28.965052411], [70.486763163, 28.965553142], [70.486617893, 28.966049193], [70.48611623100001, 28.967654876], [70.485015503, 28.97117776], [70.484769389, 28.971960529], [70.48463400300001, 28.972367719], [70.48271856800001, 28.978059414], [70.482582275, 28.978468428], [70.482312718, 28.979315234], [70.482178239, 28.979739813], [70.48203101, 28.980204786], [70.48126992600001, 28.982607575], [70.481065788, 28.983826213], [70.480965024, 28.984427913], [70.480841302, 28.985167345], [70.480844499, 28.98570248], [70.48085097100001, 28.986785355], [70.480856446, 28.98768433], [70.480914987, 28.988292644], [70.481324571, 28.989571251], [70.48155100800001, 28.990278127], [70.482203706, 28.990596517], [70.4842742, 28.99160626], [70.48615942500001, 28.992399908], [70.48672244, 28.992801809], [70.48943797, 28.994122699], [70.490319154, 28.994551326], [70.491494619, 28.994888723], [70.493055421, 28.995336724], [70.49495042400001, 28.995880785], [70.495707332, 28.996097912], [70.496465094, 28.996216931], [70.49735727, 28.996357059], [70.498132634, 28.996478641], [70.499299062, 28.996662041], [70.500669379, 28.996533467], [70.50291596400001, 28.996322675], [70.50377176900001, 28.996242377], [70.505053197, 28.995985946], [70.505788034, 28.995838687], [70.507706844, 28.995297748], [70.509158246, 28.994888578], [70.509798896, 28.994719149], [70.510787668, 28.994466226], [70.51293973700001, 28.994220389], [70.515410375, 28.994600126], [70.51641546, 28.995181278], [70.517431595, 28.995768817], [70.520582063, 28.99712783], [70.52530417700001, 28.999310943], [70.526989699, 29.000119495], [70.528396977, 29.001143642], [70.531038461, 29.003071173], [70.531414679, 29.003358222], [70.531768618, 29.003633787], [70.533541546, 29.005014244], [70.535314272, 29.006394821], [70.53566871800001, 29.006670907], [70.536345366, 29.007224214], [70.537698235, 29.00833048], [70.538711907, 29.009159377], [70.539728137, 29.009990367], [70.540776776, 29.011176472], [70.541301753, 29.011770267], [70.542670614, 29.013318573], [70.544424085, 29.01523975], [70.546059299, 29.017031359], [70.54895442805794, 29.02000612515713], [70.549677506, 29.020749093], [70.552647746, 29.022975359], [70.55305880200001, 29.023281725], [70.553652731, 29.023703722], [70.556692071, 29.025854554], [70.55730831800001, 29.02629065], [70.55795214476069, 29.026746262074052], [70.558017666, 29.026792629], [70.55879310600001, 29.027223394], [70.559955513, 29.027869123], [70.56189440300001, 29.028946198], [70.56255395461979, 29.029312585900726], [70.56255395461977, 29.029312585900726], [70.56296651400001, 29.029541767], [70.563681286, 29.02993883], [70.565955675, 29.031081882], [70.56607725485557, 29.03114305843807], [70.568238107, 29.032230354], [70.568636462, 29.03243543], [70.573825029, 29.035124609], [70.57582047400001, 29.036158827], [70.577019974, 29.036609889], [70.578218367, 29.037060534], [70.582408483, 29.038636178], [70.584917586, 29.039579717], [70.585763364, 29.039857342], [70.58635823000307, 29.04005260506282], [70.587035238, 29.040274831], [70.591275264, 29.04166661], [70.59315176788644, 29.042282567644317], [70.5926576071002, 29.040572540807105], [70.59261455486846, 29.04044722220192], [70.59255930416491, 29.040326782975676], [70.59249239814636, 29.04021240713843], [70.59241449455037, 29.04010521909248], [70.59232635922909, 29.04000627257862], [70.5922288586204, 29.039916540317048], [70.59212295123014, 29.03983690444479], [70.59200967820927, 29.039768147843613], [70.59189015311856, 29.039710946443698], [70.5917655509814, 29.039665862578726], [70.5916370967325, 29.0396333394577], [70.59150605317573, 29.039613696807876], [70.59137370856988, 29.03960712773158], [70.59043663139494, 29.03960712773158], [70.59048198386957, 29.039556386024213], [70.59055993362888, 29.039449561889832], [70.59062694442694, 29.0393355570057], [70.59068236014826, 29.039215487615373], [70.59072563820695, 29.039090529341138], [70.59075635485928, 29.038961905673283], [70.59077420935266, 29.038830875990655], [70.59077902687032, 29.038698723229857], [70.59077076024306, 29.03856674132376], [70.59074949041097, 29.03843622253237], [70.59071542563105, 29.038308444790047], [70.59066889943804, 29.038184659193035], [70.58873789967122, 29.03372988588066], [70.58868437575111, 29.033620382401576], [70.58862109794768, 29.033516210708935], [70.58854859258635, 29.033418237271032], [70.58846746274457, 29.033327277000986], [70.58837838323555, 29.033244086478515], [70.58828209499544, 29.033169357656963], [70.58817939892037, 29.033103712107824], [70.58431739938672, 29.030876325451636], [70.58419284140268, 29.030812924155015], [70.58406234306896, 29.03076287816919], [70.58392733167373, 29.03072673485782], [70.58378928386547, 29.030704889528018], [70.58364970950257, 29.03069758110683], [70.58039783962732, 29.03069758110683], [70.57340014289531, 29.022625816110946], [70.57340014289531, 29.01644230650723], [70.57339370760998, 29.01631131326496], [70.5733744637293, 29.016181581559223], [70.57334259658235, 29.01605436077726], [70.57329841306719, 29.015930876124752], [70.57324233869521, 29.015812316826405], [70.57317491349329, 29.015699824673067], [70.57309678680295, 29.015594483025676], [70.57300871102696, 29.01549730638188], [70.57291153438315, 29.015409230605883], [70.57280619273577, 29.01533110391555], [70.57269370058243, 29.01526367871362], [70.57257514128408, 29.015207604341647], [70.57245165663157, 29.015163420826482], [70.57232443584961, 29.015131553679538], [70.57219470414387, 29.01511230979885], [70.5720637109016, 29.015105874513516], [70.5649498414927, 29.015105874513516], [70.56168002000611, 29.011334171962073], [70.55988314452752, 29.005116144597313], [70.55988314452752, 29.000850599913917], [70.55987670924219, 29.000719606671648], [70.5598574653615, 29.00058987496591], [70.55982559821456, 29.00046265418395], [70.5597814146994, 29.00033916953144], [70.55972534032742, 29.000220610233093], [70.5596579151255, 29.000108118079755], [70.55957978843516, 29.000002776432364], [70.55949171265917, 28.99990559978857], [70.55939453601536, 28.99981752401257], [70.55928919436798, 28.999739397322237], [70.55917670221464, 28.999671972120307], [70.55905814291629, 28.999615897748335], [70.55893465826378, 28.99957171423317], [70.55880743748182, 28.999539847086226], [70.55867770577608, 28.99952060320554], [70.55854671253381, 28.999514167920204], [70.55529484265857, 28.999514167920204], [70.55196715327556, 28.995675715396796], [70.55022814569338, 28.991663863764217], [70.55022814569338, 28.985258893320605], [70.55022227429892, 28.98513375753218], [70.55020471170555, 28.98500972127082], [70.55017561222999, 28.984887874402418], [70.54824461246317, 28.978205714433855], [70.54819024795947, 28.97805300006953], [70.54811779399921, 28.977907991104363], [70.54425579446556, 28.9712258311358], [70.54418706821308, 28.971118985574382], [70.54410850727885, 28.97101914845008], [70.53831550797837, 28.964336988481516], [70.53822774753486, 28.964244990725234], [70.53813164180687, 28.964161749079093], [70.5380280606441, 28.964088016960417], [70.53791794155615, 28.964024461716136], [70.53780228122717, 28.96397165858262], [70.53768212649493, 28.96393008547924], [70.53755856487584, 28.96390011868277], [70.53743271472193, 28.963882029421658], [70.53730571509871, 28.963875981421204], [70.53405384522347, 28.963875981421204], [70.52898714825828, 28.95803160308151], [70.52898714825828, 28.950119357186452], [70.53212284545664, 28.946502365502944], [70.54105834075486, 28.946502365502944], [70.55446742063036, 28.948711968905545], [70.5546082585369, 28.948727563467394], [70.55474995593282, 28.94872815867009], [70.55489091987766, 28.948713747822463], [70.55502956567634, 28.948684492929054], [70.55516433469396, 28.9486407228689], [70.56095733399444, 28.946413336212714], [70.56107600263984, 28.946360964531358], [70.56118903524118, 28.946297335360065], [70.56129536700323, 28.94622304810148], [70.56139399625428, 28.946138802560085], [70.56148399388222, 28.94604539234987], [70.56156451208699, 28.94594369741828], [70.561634792367, 28.94583467575691], [70.56549679190066, 28.939152515788347], [70.56556590246929, 28.939015287416737], [70.56749690223612, 28.934560514104362], [70.56754475261415, 28.934432571747273], [70.56757929305996, 28.934300413270364], [70.56760016272881, 28.934165419335915], [70.56760714359483, 28.934029000228293], [70.56760714359483, 28.92985141644087], [70.569346151177, 28.92583956480829], [70.57307350378126, 28.92154010522457], [70.5731574207515, 28.921432696722015], [70.5732299608617, 28.921317299249214], [70.57329036954363, 28.921195113180193], [70.57333801842121, 28.92106740950452], [70.57337241184689, 28.920935516606356], [70.57339319205741, 28.920800806446508], [70.57340014289531, 28.920664680291168], [70.57340014289531, 28.914754514695716], [70.57659340031941, 28.912912821315324], [70.57670106712843, 28.91284365214222], [70.57680162459665, 28.91276450220946], [70.5768941507003, 28.912676097252486], [70.57697779705614, 28.912579247867225], [70.57705179670047, 28.912474842077582], [70.57711547112147, 28.912363837193077], [70.57716823648052, 28.912247251031136], [70.57720960896557, 28.912126152584605], [70.5788616252252, 28.90640940569157], [70.58751170903622, 28.90640940569157], [70.58764089316757, 28.906403147345927], [70.58776886739231, 28.906384430923126], [70.58789443313555, 28.90635343171654], [70.5880164143796, 28.906310440057073], [70.58813366867831, 28.906255858593962], [70.58824509785694, 28.906190198523685], [70.58834965829742, 28.906114074802208], [70.58844637071249, 28.906028200385464], [70.58853432931765, 28.90593337955199], [70.58861271031435, 28.905830500370236], [70.58868077960558, 28.90572052638116], [70.58873789967122, 28.905604487573925], [70.59031999353678, 28.901954632379194], [70.60875270647132, 28.901954632379194], [70.60889228083423, 28.901947323958005], [70.60903032864249, 28.901925478628204], [70.60916534003772, 28.90188933531683], [70.60929583837144, 28.901839289331008], [70.60942039635547, 28.901775888034386], [70.61714439542278, 28.89732111472201], [70.61726127056636, 28.89724532734165], [70.61736962225089, 28.897157786273183], [70.61746827335132, 28.897059442556593], [70.61755615212907, 28.896951364591068], [70.61763230387528, 28.896834726528], [70.61769590128279, 28.89671079551506], [70.61774625343384, 28.896580917930024], [70.6177828133062, 28.896446504753808], [70.61948551560533, 28.88859031244207], [70.62525441963903, 28.88859031244207], [70.6268365135046, 28.8922401676368], [70.62689363357023, 28.892356206444035], [70.62696170286146, 28.89246618043311], [70.62704008385816, 28.892569059614864], [70.62712804246333, 28.89266388044834], [70.6272247548784, 28.892749754865083], [70.62732931531887, 28.89282587858656], [70.6274407444975, 28.892891538656837], [70.62755799879622, 28.892946120119948], [70.62767998004027, 28.892989111779414], [70.6278055457835, 28.893020110986], [70.62793352000824, 28.8930388274088], [70.6280627041396, 28.893045085754444], [70.63964870274056, 28.893045085754444], [70.63977117172696, 28.893039462470195], [70.63989261009166, 28.893022639939463], [70.64001199588596, 28.89299475973005], [70.64012832443436, 28.892956056464214], [70.64592132373484, 28.890728669808027], [70.64604094862895, 28.890675818903627], [70.64615483509947, 28.890611528894922], [70.6462618925623, 28.890536415427135], [70.6463610958283, 28.890451197791638], [70.6464514949207, 28.890356692037944], [70.654175493988, 28.881447145413194], [70.65425941095825, 28.88133973691064], [70.65433195106844, 28.88122433943784], [70.65439235975037, 28.88110215336882], [70.65444000862796, 28.880974449693145], [70.65447440205364, 28.88084255679498], [70.65449518226416, 28.880707846635133], [70.65450213310206, 28.880571720479793], [70.65450213310206, 28.858297853917918], [70.65449626170759, 28.85817271812949], [70.65447869911422, 28.858048681868134], [70.65444959963867, 28.85792683499973], [70.65251859987184, 28.851244675031168], [70.65247554764011, 28.851119356425983], [70.65242029693655, 28.85099891719974], [70.65235339091801, 28.850884541362493], [70.65227548732202, 28.850777353316545], [70.65218735200074, 28.850678406802682], [70.65208985139205, 28.85058867454111], [70.65198394400178, 28.850509038668854], [70.65187067098091, 28.850440282067677], [70.6517511458902, 28.85038308066776], [70.65162654375305, 28.85033799680279], [70.65149808950414, 28.850305473681765], [70.65136704594738, 28.85028583103194], [70.65123470134152, 28.85027926195564], [70.63964870274056, 28.85027926195564], [70.63953969331656, 28.850283715188528], [70.63943141037076, 28.850297045209228], [70.62591441200297, 28.852524431865415], [70.6257858581316, 28.852552173617692], [70.62566065335581, 28.85259241621681], [70.6255400101299, 28.852644769962687], [70.62542509673517, 28.85270872787367], [70.62531702596655, 28.852783670596022], [70.62119675803775, 28.85595212594307], [70.61112349389457, 28.85595212594307], [70.60997889710632, 28.853311566729474], [70.60991889608219, 28.85319035381329], [70.60984695096691, 28.853075826112118], [70.60976379862096, 28.85296915661643], [70.60967029068904, 28.852871437833112], [70.60956738487754, 28.852783670596022], [70.60429613916455, 28.848730121906097], [70.60429613916455, 28.84062192372499], [70.60616904280369, 28.831980430036996], [70.60801729284975, 28.827716558481292], [70.61170828729878, 28.821330277194487], [70.61729138394485, 28.817036917459877], [70.61739472552217, 28.816948738516388], [70.61748858132847, 28.81685052397926], [70.61757198156494, 28.81674328868545], [70.61764406446866, 28.816628140682127], [70.6177040852172, 28.81650626977737], [70.61775142362458, 28.816378935246053], [70.61778559054976, 28.816247452817933], [70.61780623295068, 28.8161131810824], [70.61781313753234, 28.815977507450356], [70.61781313753234, 28.81179992366293], [70.61945816149166, 28.808004890148105], [70.62293739472327, 28.805998261818324], [70.62306167168576, 28.805917068009453], [70.62317617695899, 28.805822591872765], [70.62327949771877, 28.80571599910282], [70.62714149725242, 28.801261225790444], [70.62722541422266, 28.80115381728789], [70.62729795433286, 28.80103841981509], [70.62735836301479, 28.80091623374607], [70.62740601189238, 28.800788530070395], [70.62744040531805, 28.80065663717223], [70.62746118552857, 28.800521927012383], [70.62746813636647, 28.800385800857043], [70.62746813636647, 28.79615617110779], [70.63094476990283, 28.786130526257445], [70.63385570344008, 28.786130526257445], [70.63398488757143, 28.786124267911802], [70.63411286179617, 28.786105551489], [70.6342384275394, 28.786074552282415], [70.63436040878345, 28.78603156062295], [70.63447766308217, 28.785976979159837], [70.6345890922608, 28.78591131908956], [70.63469365270127, 28.785835195368083], [70.63479036511634, 28.78574932095134], [70.63487832372151, 28.785654500117865], [70.6349567047182, 28.78555162093611], [70.63502477400944, 28.785441646947035], [70.63508189407507, 28.7853256081398], [70.6370128938419, 28.780870834827425], [70.63706074421994, 28.780742892470336], [70.63709528466575, 28.780610733993427], [70.63711615433459, 28.78047574005898], [70.63712313520061, 28.780339320951356], [70.63712313520061, 28.77607377626796], [70.63895634875674, 28.76973000220386], [70.64273678257375, 28.763188969949535], [70.64280039605117, 28.76306424768859], [70.64285061213474, 28.76293355468251], [70.64288687969129, 28.762798325317252], [70.64290880067604, 28.76266004376637], [70.64291613450109, 28.762520227701856], [70.64291613450109, 28.755981230789864], [70.64469137542031, 28.747790348526877], [70.64804039169202, 28.745858822101262], [70.6481499743075, 28.745788285745938], [70.64825216576345, 28.745707411563618], [70.64834599431143, 28.745616968594728], [70.64843056772666, 28.745517816870226], [70.64850508179236, 28.745410899233473], [70.64856882794706, 28.745297232374636], [70.64862120002239, 28.74517789716289], [70.64866170000721, 28.745054028368322], [70.64868994278322, 28.744926803871316], [70.64870565978717, 28.744797433461933], [70.650636659554, 28.718068793587683], [70.6506401335684, 28.717972494578106], [70.6506401335684, 28.709062947953356], [70.65063235489603, 28.7089189659214], [70.6487013551292, 28.6910998726719], [70.64868024421148, 28.690967479349347], [70.64864597502836, 28.690837867290522], [70.64859889244286, 28.690712340827787], [70.64666789267604, 28.686257567515412], [70.64660756831513, 28.686135777247333], [70.64653518619711, 28.68602074365699], [70.6464514949207, 28.68591365645808], [70.64272414231644, 28.68161419687436], [70.64098513473427, 28.67760234524178], [70.64098513473427, 28.673424761454356], [70.64097823015261, 28.67328908782231], [70.64095758775169, 28.67315481608678], [70.64092342082651, 28.67302333365866], [70.64087608241913, 28.67289599912734], [70.64081606167059, 28.672774128222585], [70.64074397876686, 28.67265898021926], [70.6406605785304, 28.672551744925453], [70.6405667227241, 28.672453530388324], [70.64046338114677, 28.672365351444835], [70.6351608247024, 28.668287725035697], [70.63325958831074, 28.62881273619713], [70.63324304606053, 28.628657884944428], [70.63320860220357, 28.62850600941242], [70.63127760243674, 28.621823849443857], [70.63122323793304, 28.62167113507953], [70.63115078397279, 28.621526126114365], [70.62746813636647, 28.61515428681227], [70.62746813636647, 28.611057935081107], [70.62746226497201, 28.61093279929268], [70.62744470237864, 28.610808763031322], [70.62741560290308, 28.61068691616292], [70.62548460313626, 28.604004756194357], [70.62542689524093, 28.603844261236475], [70.61963389594045, 28.59047994129935], [70.61957200912244, 28.59035537050438], [70.6194975096773, 28.590237906919054], [70.61941120463986, 28.590128822998537], [70.61931402893212, 28.590029300423065], [70.60978195130028, 28.581233184385084], [70.60408012694555, 28.572463863468645], [70.6039695000505, 28.572316936992518], [70.58465950238222, 28.550043070430643], [70.58456657181246, 28.54994617135502], [70.58446438790878, 28.549859085354523], [70.5786713886083, 28.545404312042148], [70.57852440008624, 28.545306034402763], [70.57466240055258, 28.543078647746576], [70.57453784256855, 28.543015246449954], [70.57440734423483, 28.54296520046413], [70.5742723328396, 28.542929057152758], [70.57413428503133, 28.542907211822957], [70.57399471066843, 28.542899903401768], [70.57100999586851, 28.542899903401768], [70.56942790200294, 28.539250048207037], [70.56937078193731, 28.539134009399802], [70.56930271264608, 28.539024035410726], [70.56922433164938, 28.538921156228973], [70.56913637304422, 28.5388263353955], [70.56903966062914, 28.538740460978754], [70.56893510018867, 28.538664337257277], [70.56882367101004, 28.538598677187], [70.56870641671132, 28.53854409572389], [70.56858443546727, 28.538501104064423], [70.56845886972404, 28.538470104857836], [70.5683308954993, 28.538451388435035], [70.56820171136795, 28.538445130089393], [70.55143284312491, 28.538445130089393], [70.54829714592655, 28.534828138405885], [70.54829714592655, 28.530872015458357], [70.54829019508865, 28.530735889303017], [70.54826941487813, 28.53060117914317], [70.54823502145246, 28.530469286245005], [70.54818737257487, 28.53034158256933], [70.54812696389294, 28.53021939650031], [70.54805442378274, 28.53010399902751], [70.5479705068125, 28.529996590524956], [70.54410850727885, 28.52554181721258], [70.54401810818645, 28.525447311458887], [70.54391890492045, 28.52536209382339], [70.54381184745762, 28.525286980355602], [70.5436979609871, 28.525222690346897], [70.54357833609299, 28.525169839442498], [70.53814718443019, 28.52308158185537], [70.52679241088107, 28.507801043361557], [70.52670553866666, 28.507695815740107], [70.52660838922426, 28.50759999497099], [70.52650197533994, 28.507514579988833], [70.5263874063819, 28.507440461247576], [70.51866340731459, 28.5029856879352], [70.51853884933055, 28.50292228663858], [70.51840835099684, 28.502872240652756], [70.5182733396016, 28.502836097341383], [70.51813529179334, 28.502814252011582], [70.51799571743044, 28.502806943590393], [70.51458815616324, 28.502806943590393], [70.50915539700252, 28.49862919226221], [70.50900840848045, 28.498530914622826], [70.50534120800317, 28.496415877234167], [70.49969551264182, 28.48990363071358], [70.49960775219832, 28.4898116329573], [70.49951164647032, 28.489728391311157], [70.49940806530755, 28.48965465919248], [70.4992979462196, 28.4895911039482], [70.49918228589063, 28.489538300814683], [70.49906213115838, 28.489496727711305], [70.49893856953929, 28.489466760914834], [70.49881271938538, 28.489448671653722], [70.49868571976216, 28.489442623653268], [70.49543384988692, 28.489442623653268], [70.49197151357451, 28.485448857401206], [70.49186819281474, 28.48534226463126], [70.4917536875415, 28.485247788494572], [70.49162941057901, 28.4851665946857], [70.48776741104535, 28.482939208029514], [70.48764285306132, 28.482875806732892], [70.4875123547276, 28.48282576074707], [70.48737734333237, 28.482789617435696], [70.4872392955241, 28.482767772105895], [70.4870997211612, 28.482760463684706], [70.48393723554196, 28.482760463684706], [70.47661188862008, 28.472198331398356], [70.4765235154399, 28.47208453746408], [70.47081401673259, 28.4654986944968], [70.4671951557198, 28.459237220879146], [70.4671951557198, 28.432867002586107], [70.46718820488191, 28.432730876430767], [70.46716742467139, 28.43259616627092], [70.46713303124571, 28.432464273372755], [70.46708538236813, 28.432336569697082], [70.4670249736862, 28.43221438362806], [70.466952433576, 28.43209898615526], [70.46686851660576, 28.431991577652706], [70.46107551730528, 28.425309417684144], [70.46098775686177, 28.42521741992786], [70.46089165113378, 28.42513417828172], [70.460788069971, 28.425060446163045], [70.46067795088305, 28.424996890918763], [70.46056229055408, 28.424944087785246], [70.46044213582184, 28.424902514681868], [70.46031857420274, 28.424872547885396], [70.46019272404884, 28.424854458624285], [70.46006572442562, 28.42484841062383], [70.44654872605783, 28.42484841062383], [70.44642625707142, 28.42485403390808], [70.44630481870672, 28.42487085643881], [70.44618543291243, 28.424898736648224], [70.44606910436403, 28.42493743991406], [70.445142052365, 28.42529388795507], [70.44152691102056, 28.42529388795507], [70.44049401349358, 28.427081041590455], [70.4437138804663, 28.425843014731186], [70.44027610506355, 28.427164826570248], [70.44016048251248, 28.427215678078518]], [[70.5156555959618, 28.52588101149579], [70.51567679575057, 28.532055340433022], [70.51423684133451, 28.52426369086792], [70.5156555959618, 28.52588101149579]], [[70.3552146282859, 28.59109884088351], [70.35477183775235, 28.5910163287188], [70.35832940737235, 28.590520763538272], [70.3552146282859, 28.59109884088351]]]}}, {"type": "Feature", "properties": {"na": "NA-172", "src": "sheet-split: ryk_na174.jpg + ryk_na172_173.jpg, outline-fit", "approx": false, "rms_km": 5.79}, "geometry": {"type": "Polygon", "coordinates": [[[70.3048809339476, 28.009132024034415], [70.3048229528868, 28.00901443324666], [70.30475372868464, 28.008903089604647], [70.30467392757224, 28.00879906470746], [70.30458431757542, 28.00870335971674], [70.30448576112323, 28.008616895721275], [70.30437920674765, 28.008540504872194], [70.30426567995467, 28.008474922374152], [70.30414627335452, 28.00842077940952], [70.30402213614622, 28.008378597063743], [70.30389446305735, 28.00834878131027], [70.30376448284565, 28.008331619103384], [70.27673048611007, 28.006104232447196], [70.27662074657702, 28.006099719260583], [70.26889674750971, 28.006099719260583], [70.26875717314681, 28.00610702768177], [70.26861912533855, 28.006128873011573], [70.26848411394332, 28.006165016322946], [70.2683536156096, 28.00621506230877], [70.26822905762556, 28.00627846360539], [70.26081497806611, 28.010554492572957], [70.25151774960827, 28.010554492572957], [70.25139076867, 28.010560538789864], [70.25126493669299, 28.010578622732606], [70.25114139224237, 28.010608580772303], [70.25102125318503, 28.010650141839704], [70.25090560657488, 28.01070292987793], [70.25079549881677, 28.010766467245116], [70.25069192619846, 28.010840179036283], [70.25059582587575, 28.010923398285247], [70.25050806739294, 28.011015371999513], [70.25042944481484, 28.01111526797358], [70.2503606695419, 28.011222182318992], [70.24883038818851, 28.013869925984203], [70.24299292105717, 28.01723665254152], [70.24186275077413, 28.01723665254152], [70.24173356664278, 28.017242910887163], [70.24160559241804, 28.017261627309964], [70.24148002667481, 28.01729262651655], [70.24135804543076, 28.017335618176016], [70.24124079113204, 28.017390199639127], [70.24112936195341, 28.017455859709404], [70.24102480151294, 28.01753198343088], [70.24092808909786, 28.017617857847625], [70.2408401304927, 28.0177126786811], [70.240761749496, 28.017815557862853], [70.24069368020477, 28.01792553185193], [70.24063656013914, 28.018041570659165], [70.23905446627357, 28.021691425853895], [70.23606975147365, 28.021691425853895], [70.2359403812294, 28.02169770228764], [70.23581222613679, 28.02171647263544], [70.23568648993377, 28.02174756059077], [70.23556435363807, 28.021790674150008], [70.23544696445414, 28.021845408355176], [70.23533542499767, 28.02191124909764], [70.2352307829389, 28.02198757794705], [70.235134021162, 28.022073677960122], [70.23504604853312, 28.022168740414784], [70.23496769136348, 28.022271872406346], [70.234899685648, 28.022382105234392], [70.23484267015225, 28.022498403501626], [70.2347971804126, 28.02261967483915], [70.23476364370607, 28.022744780166907], [70.23308644562039, 28.03048329717769], [70.21303713181847, 28.028380873590258], [70.21289775427172, 28.028373585822457], [70.20324275543759, 28.028373585822457], [70.20311176219532, 28.028380021107793], [70.20298203048958, 28.02839926498848], [70.20285480970762, 28.028431132135424], [70.20273132505511, 28.02847531565059], [70.20261276575675, 28.02853139002256], [70.20250027360342, 28.02859881522449], [70.20239493195604, 28.028676941914824], [70.20229775531223, 28.028765017690823], [70.20220967953624, 28.028862194334618], [70.2021315528459, 28.02896753598201], [70.20206412764398, 28.029080028135347], [70.202008053272, 28.029198587433694], [70.20196386975684, 28.029322072086202], [70.2019320026099, 28.029449292868165], [70.20191275872921, 28.029579024573902], [70.20190632344388, 28.02971001781617], [70.20190632344388, 28.03861956444092], [70.20191261400299, 28.03874907983694], [70.20193142646129, 28.03887737598011], [70.20196258371901, 28.03900324509559], [70.20200579246296, 28.039125502256468], [70.2020606459277, 28.039242996538643], [70.20212662772491, 28.039354621855562], [70.20220311670452, 28.03945932737088], [70.20228939280229, 28.03955612739099], [70.20238464381842, 28.03964411064431], [70.20248797306361, 28.039722448859955], [70.20259840780038, 28.03979040456504], [70.20271490840048, 28.03984733802723], [70.20283637813182, 28.039892713277148], [70.20296167348316, 28.039926103153977], [70.20308961492896, 28.03994719332673], [70.22121632111215, 28.04203808863219], [70.22121632111215, 28.051211890004936], [70.21802306368805, 28.053053583385328], [70.21791599683726, 28.053122325454563], [70.21781595239068, 28.05320093773941], [70.21772383715236, 28.05328870769719], [70.2176404860559, 28.05338483977997], [70.21756665459664, 28.05348846264541], [70.21750301198378, 28.05359863705464], [70.21745013507473, 28.05371436438551], [70.21740850314642, 28.053834595684116], [70.21737849355112, 28.053958241172552], [70.21736037829619, 28.054084180126647], [70.2173543215785, 28.054211271034234], [70.2173543215785, 28.062348823285873], [70.2141610641544, 28.064190516666265], [70.21405399730361, 28.0642592587355], [70.21395395285703, 28.064337871020346], [70.21386183761871, 28.06442564097813], [70.21377848652224, 28.064521773060907], [70.21370465506298, 28.06462539592635], [70.21364101245013, 28.06473557033558], [70.21358813554107, 28.064851297666447], [70.21354650361276, 28.064971528965053], [70.21351649401747, 28.06509517445349], [70.21349837876254, 28.065221113407585], [70.21349232204484, 28.06534820431517], [70.21349232204484, 28.07425775093992], [70.2134990701115, 28.07439188195038], [70.21351924616526, 28.074524658421286], [70.2135526464556, 28.07465473949207], [70.2135989336853, 28.07478081152202], [70.21365764041674, 28.07490160135626], [70.21372817379229, 28.075015889182833], [70.21380982152145, 28.075122520851178], [70.21390175907393, 28.07522041952744], [70.21400305800634, 28.07530859656903], [70.21411269533816, 28.075386161508558], [70.21422956388243, 28.075452331046332], [70.2143524834269, 28.07550643696062], [70.21448021265243, 28.07554793285577], [70.21461146166875, 28.07557639968005], [70.22712650195761, 28.07763867955777], [70.22894032017946, 28.094376431984223], [70.22894032017946, 28.111351329721998], [70.22574706275536, 28.11319302310239], [70.22563999590457, 28.113261765171625], [70.22553995145799, 28.11334037745647], [70.22544783621967, 28.113428147414254], [70.22536448512321, 28.11352427949703], [70.22529065366395, 28.113627902362474], [70.22522701105109, 28.113738076771703], [70.22517413414204, 28.113853804102572], [70.22513250221373, 28.113974035401178], [70.22510249261843, 28.114097680889614], [70.2250843773635, 28.11422361984371], [70.2250783206458, 28.114350710751296], [70.2250783206458, 28.125487644032233], [70.22508475593114, 28.125618637274503], [70.22510399981182, 28.12574836898024], [70.22513586695877, 28.125875589762202], [70.22518005047392, 28.12599907441471], [70.2252361248459, 28.126117633713058], [70.22530355004783, 28.126230125866396], [70.22538167673817, 28.126335467513787], [70.22546975251416, 28.126432644157582], [70.22556692915796, 28.12652071993358], [70.22567227080535, 28.126598846623914], [70.22578476295868, 28.126666271825844], [70.22590332225704, 28.126722346197816], [70.22602680690954, 28.12676652971298], [70.2261540276915, 28.126798396859925], [70.22628375939725, 28.12681764074061], [70.22641475263951, 28.126824076025947], [70.23413875170682, 28.126824076025947], [70.23426993513051, 28.12681762199565], [70.23439985150613, 28.126798322241644], [70.2345272460235, 28.126766363172518], [70.23465088823009, 28.126722053468097], [70.23476958391542, 28.126665821098047], [70.23488218664548, 28.126598209188273], [70.23498760883564, 28.1265198707751], [70.23508483225525, 28.126431562497828], [70.23517291786233, 28.126334137290698], [70.2352510148733, 28.126228536144705], [70.23531836898046, 28.126115779018964], [70.23537432963751, 28.125996954989326], [70.2354183563429, 28.12587321172943], [70.23545002386037, 28.1257457444258], [70.23546902632603, 28.125615784233986], [70.2372836360244, 28.10677759612026], [70.24186275077413, 28.10677759612026], [70.24199509537999, 28.106771027043962], [70.24212613893675, 28.106751384394137], [70.24225459318566, 28.106718861273112], [70.24237919532281, 28.10667377740814], [70.24249872041352, 28.106616576008225], [70.2426119934344, 28.106547819407048], [70.24271790082466, 28.10646818353479], [70.24281540143335, 28.10637845127322], [70.24290353675462, 28.106279504759357], [70.24298144035062, 28.10617231671341], [70.24304834636916, 28.106057940876163], [70.24310359707272, 28.10593750164992], [70.24314664930445, 28.105812183044733], [70.24472634852093, 28.10034568685551], [70.25191588578137, 28.102004297035908], [70.25039309772151, 28.110786892101395], [70.24572475030779, 28.110786892101395], [70.24559375706552, 28.11079332738673], [70.24546402535978, 28.110812571267417], [70.24533680457782, 28.11084443841436], [70.24521331992531, 28.110888621929526], [70.24509476062696, 28.110944696301498], [70.24498226847362, 28.11101212150343], [70.24487692682624, 28.11109024819376], [70.24477975018243, 28.11117832396976], [70.24469167440644, 28.111275500613555], [70.2446135477161, 28.111380842260946], [70.24454612251418, 28.111493334414284], [70.2444900481422, 28.11161189371263], [70.24444586462704, 28.11173537836514], [70.2444139974801, 28.111862599147102], [70.24439475359941, 28.11199233085284], [70.24438831831408, 28.11212332409511], [70.24438831831408, 28.12103287071986], [70.24439526915198, 28.1211689968752], [70.2444160493625, 28.121303707035047], [70.24445044278818, 28.12143559993321], [70.24449809166576, 28.121563303608884], [70.2445585003477, 28.121685489677905], [70.24463104045789, 28.121800887150705], [70.24471495742813, 28.12190829565326], [70.24825031784773, 28.12598629439708], [70.24825031784773, 28.131560210865164], [70.2472687879332, 28.139485497394404], [70.24474860510786, 28.14239250012571], [70.23126813430876, 28.155720705083656], [70.23118178289128, 28.15581464727911], [70.2311047842463, 28.155916396539833], [70.23103784029634, 28.15602502531573], [70.230981561305, 28.15613954334279], [70.22905056153817, 28.160594316655164], [70.22900271116013, 28.160722259012253], [70.22896817071432, 28.160854417489162], [70.22894730104548, 28.16098941142361], [70.22894032017946, 28.161125830531233], [70.22894032017946, 28.165222182262397], [70.22525767257315, 28.17159402156449], [70.22518521861289, 28.171739030529658], [70.2251308541092, 28.171891744893983], [70.22319985434237, 28.178573904862546], [70.22317255371492, 28.178686452810425], [70.22315509955135, 28.178800941748776], [70.22122409978452, 28.196620034998276], [70.22121632111215, 28.196764017030233], [70.22121632111215, 28.214224688698522], [70.21753367350584, 28.220596528000616], [70.21747006002842, 28.220721250261562], [70.21741984394485, 28.220851943267643], [70.2173835763883, 28.2209871726329], [70.21736165540355, 28.22112545418378], [70.2173543215785, 28.221265270248296], [70.2173543215785, 28.23858571313295], [70.2157634241936, 28.24042079549151], [70.19805050322975, 28.24042079549151], [70.19123960324158, 28.238176139194678], [70.19278140872338, 28.229283862210572], [70.19551875637028, 28.229283862210572], [70.19564792670418, 28.229277605204842], [70.19577588751972, 28.229258892776677], [70.19590144062416, 28.229227900144522], [70.19602341036995, 28.229184917515553], [70.19614065466321, 28.22913034736825], [70.19625207565804, 28.229064700683676], [70.19635663003636, 28.228988592160796], [70.19645333877742, 28.22890273446059], [70.19654129632498, 28.22880793153286], [70.19661967906683, 28.228705071088267], [70.19668775304676, 28.228595116286016], [70.19674488083723, 28.228479096715095], [70.19679052750806, 28.22835809875344], [70.19682426563533, 28.228233255395388], [70.19684577930376, 28.228105735642597], [70.1968548670648, 28.227976733557806], [70.19685144382295, 28.227847457083936], [70.19683554163258, 28.227719116733216], [70.19571185634696, 28.22123832462244], [70.1960246580017, 28.219434258553175], [70.19524265386484, 28.21853222551854], [70.19490454186575, 28.216582183452278], [70.19487519274823, 28.216451946176708], [70.19483299621822, 28.216325286903448], [70.19477837335776, 28.216203469573966], [70.19471186925207, 28.21608770981164], [70.19463414755012, 28.215979162790983], [70.19454598384205, 28.215878911710064], [70.19444825791945, 28.215787956981213], [70.19434194499594, 28.215707206247824], [70.19422810597538, 28.215637465326935], [70.19410787686508, 28.215579430167924], [70.19398245743945, 28.215533679907573], [70.19385309926744, 28.215500671090826], [70.19372109322303, 28.215480733114898], [70.19358775660345, 28.215474064942207], [70.18586375753614, 28.215474064942207], [70.18573257411245, 28.215480518972505], [70.18560265773684, 28.21549981872651], [70.18547526321946, 28.215531777795636], [70.18535162101287, 28.215576087500057], [70.18523292532754, 28.215632319870107], [70.18512032259748, 28.21569993177988], [70.18501490040732, 28.215778270193056], [70.18491767698771, 28.215866578470326], [70.18482959138063, 28.215964003677456], [70.18475149436966, 28.21606960482345], [70.1846841402625, 28.21618236194919], [70.18462817960545, 28.21630118597883], [70.18458415290006, 28.216424929238723], [70.1845524853826, 28.216552396542355], [70.18453348291693, 28.216682356734168], [70.18268958643857, 28.235824582609396], [70.17601991145091, 28.23774793150408], [70.16462276010104, 28.23774793150408], [70.16449269155397, 28.237754276039436], [70.1643638579736, 28.2377732494058], [70.16423748260091, 28.23780467145605], [70.16411476533686, 28.237848243846067], [70.16399687134967, 28.237903552867454], [70.16388492001175, 28.237970073375585], [70.16377997427165, 28.238047173775712], [70.1636830305616, 28.238134122019783], [70.16359500933667, 28.238230092557068], [70.16351674633528, 28.238334174172525], [70.16344898464403, 28.238445378638552], [70.16339236764242, 28.23856265009796], [70.16334743289397, 28.23868487508905], [70.16331460704234, 28.238810893117638], [70.16329420176035, 28.238939507675646], [70.1632864107908, 28.239069497601633], [70.16329130810692, 28.2391996286754], [70.16330884720995, 28.239328665336583], [70.16333886157072, 28.239455382415983], [70.16526986133755, 28.246137542384545], [70.16532756923287, 28.246298037342427], [70.1672585689997, 28.250752810654802], [70.16731388894463, 28.25086558887164], [70.16737955318243, 28.250972674960266], [70.16745498158913, 28.251073122847068], [70.1675395077773, 28.25116604510497], [70.16763238498334, 28.251250620793574], [70.16773279266482, 28.251326102711932], [70.1678398437499, 28.251391823999843], [70.16795259247421, 28.25144720402935], [70.16807004273643, 28.251491753534438], [70.1681911568986, 28.251525078933533], [70.16831486495325, 28.251546885806686], [70.16961629211656, 28.251713683772483], [70.17102588905993, 28.253339638097394], [70.18230266460691, 28.253339638097394], [70.18518802333904, 28.25370944132625], [70.19064696395697, 28.260006268336884], [70.1907355318341, 28.260099035000497], [70.1908325843987, 28.260182884403825], [70.19093722777508, 28.26025704427518], [70.19104849817438, 28.260320831585624], [70.19116537077147, 28.26037365883982], [70.1912867691437, 28.260415039486993], [70.19141157518499, 28.26044459240216], [70.1915386394039, 28.260462045396384], [70.21542332181167, 28.262581331111495], [70.21542332181167, 28.276949936652983], [70.21543110048404, 28.27709391868494], [70.21736210025087, 28.29491301193444], [70.21737845266519, 28.295021847629823], [70.21909949133601, 28.303955242579974], [70.21997437073442, 28.3120285514691], [70.22084925013283, 28.31303771508024], [70.22124045219884, 28.31506832753551], [70.22127276190264, 28.31519979224792], [70.22131820575646, 28.3153273137901], [70.22137631745524, 28.315449583647524], [70.22144650070753, 28.315565347193886], [70.22152803535423, 28.31567341656493], [70.22162008475807, 28.315772682847317], [70.22172170438864, 28.315862127457287], [70.22183185151417, 28.315940832592492], [70.2219493959012, 28.316007990649695], [70.22207313141206, 28.316062912511654], [70.22706910131025, 28.317983844331035], [70.22775118463322, 28.328211925729676], [70.22775118463322, 28.34327288597376], [70.22883925760874, 28.344527965994104], [70.22894328199344, 28.346087848545523], [70.2289588837455, 28.346220898852035], [70.22898772711751, 28.346351718799376], [70.2290295222983, 28.34647899394068], [70.22908384934011, 28.346601445446424], [70.2291501623781, 28.346717842953804], [70.22922779511505, 28.346827016929108], [70.22931596751621, 28.34692787041891], [70.22941379364683, 28.34701939007199], [70.22952029057384, 28.347100656321228], [70.22963438824218, 28.34717085262322], [70.22975494022631, 28.34722927366267], [70.2298807352494, 28.347275332439253], [70.23001050935375, 28.347308566165633], [70.2301429586009, 28.347328640917453], [70.23027675217317, 28.34733535498851], [70.23352862204841, 28.34733535498851], [70.23590794197725, 28.35007987394254], [70.23666431924677, 28.35356976486044], [70.23666431924677, 28.357135856275733], [70.23667019064123, 28.35726099206416], [70.2366877532346, 28.357385028325517], [70.23671685271016, 28.35750687519392], [70.23864785247699, 28.364189035162482], [70.23868922496204, 28.364310133609013], [70.23874199032109, 28.364426719770954], [70.23880566474209, 28.36453772465546], [70.23887966438642, 28.3646421304451], [70.23896331074226, 28.364738979830364], [70.2390558368459, 28.364827384787336], [70.23915639431414, 28.3649065347201], [70.23926406112315, 28.3649757038932], [70.2431260606568, 28.36720309054939], [70.24325061864084, 28.36726649184601], [70.24338111697456, 28.367316537831833], [70.24351612836979, 28.367352681143206], [70.24365417617805, 28.367374526473007], [70.24379375054096, 28.367381834894196], [70.253259902124, 28.367381834894196], [70.26055895556674, 28.36948667904287], [70.26569858988613, 28.37343901955143], [70.26756809418838, 28.390690638150502], [70.26758746637657, 28.390814673633276], [70.26761839164189, 28.390936344133507], [70.26766059710026, 28.391054576032527], [70.26771371033135, 28.391168326053823], [70.26777726266481, 28.39127659046891], [70.2678506933158, 28.391378413954207], [70.26793335433332, 28.391472898020808], [70.26802451631784, 28.39155920894272], [70.26812337485734, 28.391636585113655], [70.26822905762556, 28.39170434376745], [70.27595305669287, 28.396159117079826], [70.27607761467691, 28.396222518376447], [70.27620811301063, 28.39627256436227], [70.27634312440586, 28.396308707673644], [70.27648117221412, 28.396330553003445], [70.27662074657702, 28.396337861424634], [70.28398697526804, 28.396337861424634], [70.28734425623746, 28.398274154468485], [70.29105895183199, 28.402559014332883], [70.29116227259176, 28.40266560710283], [70.291276777865, 28.402760083239517], [70.29140105482749, 28.40284127704839], [70.29526305436114, 28.405068663704576], [70.29540791407715, 28.40514089438186], [70.2955604437842, 28.40519508198679], [70.3032844428515, 28.407422468642977], [70.30340606106782, 28.40745145357503], [70.30352985569588, 28.407468946627667], [70.3036547433126, 28.40747479470557], [70.31330974214674, 28.40747479470557], [70.31344931650965, 28.407467486284382], [70.31358736431791, 28.40744564095458], [70.31372237571314, 28.407409497643208], [70.31385287404686, 28.407359451657385], [70.3139774320309, 28.407296050360763], [70.31783943156455, 28.405068663704576], [70.31794212763961, 28.405003018155437], [70.31803841587973, 28.404928289333885], [70.31812749538875, 28.404845098811414], [70.31820862523053, 28.404754138541367], [70.31828113059186, 28.404656165103464], [70.31834440839529, 28.404551993410823], [70.31839793231539, 28.40444248993174], [70.32004820681652, 28.400635343534287], [70.32154723890983, 28.40034715740577], [70.32814761062295, 28.40034715740577], [70.32946768496556, 28.398824466400598], [70.33094104637476, 28.3985412154133], [70.33106465738697, 28.398511288943826], [70.33118486392279, 28.398469747823697], [70.33130057733779, 28.398416968267963], [70.33141074967928, 28.39835342827201], [70.33151438317701, 28.3982797032826], [70.33161053927944, 28.39819646098638], [70.33169834715369, 28.398104455262995], [70.33177701157217, 28.398004519357638], [70.33184582011455, 28.397897558334787], [70.3357078196482, 28.391215398366224], [70.33577143312563, 28.39109067610528], [70.3358216492092, 28.390959983099197], [70.33585791676575, 28.39082475373394], [70.3358798377505, 28.39068647218306], [70.33588717157555, 28.390546656118545], [70.33588717157555, 28.38213575985864], [70.34328453152881, 28.373602987802446], [70.34336844849905, 28.37349557929989], [70.34344098860925, 28.37338018182709], [70.34350139729118, 28.37325799575807], [70.34354904616876, 28.373130292082397], [70.34358343959444, 28.372998399184233], [70.34360421980496, 28.372863689024385], [70.34361117064286, 28.372727562869045], [70.34361117064286, 28.368771439921517], [70.34533727089784, 28.36678040256292], [70.35802364338821, 28.36515444823801], [70.36145743857502, 28.36515444823801], [70.36552194589933, 28.365935842202394], [70.37531628182448, 28.369163744219144], [70.37836298712622, 28.369163744219144], [70.38535130129247, 28.371466870593743], [70.38535130129247, 28.37718233618142], [70.38535825213037, 28.37731846233676], [70.3853790323409, 28.377453172496608], [70.38541342576657, 28.377585065394772], [70.38546107464416, 28.377712769070445], [70.38552148332609, 28.377834955139466], [70.38559402343628, 28.377950352612267], [70.38567794040652, 28.37805776111482], [70.3912784248812, 28.384517857382765], [70.39307530035978, 28.390735884747524], [70.39307530035978, 28.394940318624773], [70.39220463008122, 28.399961860816866], [70.38956906923151, 28.403001950810168], [70.38846315275649, 28.404118155320624], [70.38171598530496, 28.40723126822861], [70.3781771742611, 28.41131324722898], [70.37572157145311, 28.41697826803464], [70.37415236954782, 28.418562067791722], [70.37406426322401, 28.418660243665432], [70.37398626483171, 28.41876662729797], [70.37391913429776, 28.418880182209286], [70.37386352566506, 28.41899980205062], [70.3738199807203, 28.419124321383492], [70.37378892371547, 28.419252527034395], [70.37377065723437, 28.41938316991457], [70.37376535924467, 28.419514977189706], [70.37377308136388, 28.41964666468094], [70.3745071669121, 28.42642074050503], [70.3745071669121, 28.434595738877448], [70.37551962310837, 28.435763595787794], [70.3757040811307, 28.43746575793044], [70.3757244137756, 28.4375944432442], [70.37575717974993, 28.43772053732556], [70.37580206766965, 28.43784284186795], [70.3758586509526, 28.437960194577837], [70.37592639187234, 28.438071480220305], [70.37600464666838, 28.438175641217434], [70.37609267166398, 28.43827168769877], [70.37618963033351, 28.438358706908307], [70.37629460125221, 28.438435871878696], [70.37640658685271, 28.438502449290095], [70.37652452290519, 28.43855780643915], [70.37664728863108, 28.43860141725172], [70.37677371735408, 28.438632867282326], [70.37690260758747, 28.43865185765271], [70.37703273445204, 28.438658207892196], [70.39054973281984, 28.438658207892196], [70.39071962750128, 28.438647364926435], [70.40809862540273, 28.436419978270248], [70.40823552134596, 28.436395131332958], [70.40836909217998, 28.43635618647621], [70.40849789021512, 28.436303565798628], [70.4086205194911, 28.436237839622407], [70.40873565090686, 28.436159720311927], [70.40884203662594, 28.436070054552903], [70.40893852360094, 28.435969814175696], [70.41240085991335, 28.431976047923634], [70.42276659919749, 28.431976047923634], [70.42815993527672, 28.438197200831883], [70.4282509682254, 28.438292307022685], [70.42835091700125, 28.438377994988468], [70.42845881168168, 28.43845343319635], [70.42857360523548, 28.438517889579114], [70.42869418368342, 28.438570738639342], [70.4288193769085, 28.438611467519348], [70.42894797001104, 28.438639680978067], [70.42907871509827, 28.438655105226545], [70.42921034339412, 28.43865759058484], [70.4293415775517, 28.43864711293454], [70.42947114404893, 28.438623773952834], [70.42959778554705, 28.438587800125788], [70.42972027309199, 28.438539540550497], [70.42983741804053, 28.438479463547388], [70.43369941757419, 28.4362520768912], [70.43382369453668, 28.43617088308233], [70.43393819980992, 28.43607640694564], [70.43404152056969, 28.435969814175696], [70.43790352010335, 28.43151504086332], [70.43798208103757, 28.431415203739018], [70.43805080729005, 28.4313083581776], [70.44152691102056, 28.42529388795507], [70.46356995358298, 28.42529388795507], [70.46665537954046, 28.427073390139483], [70.46843682472944, 28.433238021504295], [70.46847987696117, 28.43336334010948], [70.46853512766472, 28.433483779335724], [70.46860203368327, 28.43359815517297], [70.46867993727926, 28.433705343218918], [70.46876807260054, 28.43380428973278], [70.46886557320923, 28.43389402199435], [70.46897148059949, 28.43397365786661], [70.46908475362036, 28.434042414467786], [70.46920427871108, 28.4340996158677], [70.46932888084822, 28.434144699732673], [70.46945733509713, 28.434177222853698], [70.4695883786539, 28.434196865503523], [70.46972072325975, 28.43420343457982], [70.4734974294445, 28.43420343457982], [70.4907918260134, 28.436419978270248], [70.49092776018864, 28.436430389675618], [70.4910640477732, 28.436426898020073], [70.4911992704931, 28.436409539639463], [70.49133202115596, 28.436378495173415], [70.51450401835788, 28.429696335204852], [70.51461333959058, 28.429659631977216], [70.52040633889106, 28.42743224532103], [70.52052596378518, 28.42737939441663], [70.52063985025569, 28.427315104407924], [70.52074690771852, 28.427239990940137], [70.52084611098452, 28.42715477330464], [70.52093651007692, 28.427060267550946], [70.52479850961058, 28.42260549423857], [70.52488242658082, 28.422498085736017], [70.52495496669101, 28.422382688263216], [70.52501537537294, 28.422260502194195], [70.52506302425053, 28.422132798518522], [70.5250974176762, 28.422000905620358], [70.52511819788673, 28.42186619546051], [70.52512514872463, 28.42173006930517], [70.52512514872463, 28.410593136024232], [70.52511754604306, 28.410450787392342], [70.5250948244985, 28.41031005834353], [70.52316382473167, 28.40140051171878], [70.5231275722701, 28.4012670345104], [70.5230777183745, 28.40113801902599], [70.52301479703046, 28.401014847151803], [70.51933214942414, 28.39464300784971], [70.51933214942414, 28.383864496149982], [70.51932627802968, 28.383739360361556], [70.51930871543631, 28.383615324100198], [70.51927961596076, 28.383493477231795], [70.51734861619393, 28.376811317263233], [70.5173010257136, 28.376674800094683], [70.51723896696768, 28.37654422251935], [70.51716316621723, 28.37642111266045], [70.51707451054327, 28.37630691124802], [70.51160815035684, 28.37000152584801], [70.51160815035684, 28.366045402900482], [70.51160119951894, 28.365909276745143], [70.51158041930842, 28.365774566585294], [70.51154602588274, 28.36564267368713], [70.51149837700515, 28.365514970011457], [70.51143796832322, 28.365392783942436], [70.51136542821303, 28.365277386469636], [70.51128151124279, 28.36516997796708], [70.50741951170913, 28.360715204654706], [70.50732911261673, 28.360620698901013], [70.50722990935073, 28.360535481265515], [70.5071228518879, 28.360460367797728], [70.50700896541738, 28.360396077789023], [70.50688934052327, 28.360343226884623], [70.50119388299242, 28.35815334467559], [70.49761720893586, 28.356090517894355], [70.49210616050391, 28.349733585102424], [70.49036715292173, 28.345721733469844], [70.49036715292173, 28.33291179258262], [70.49210616050391, 28.32889994095004], [70.49583351310817, 28.32460048136632], [70.4959174300784, 28.324493072863767], [70.4959899701886, 28.324377675390966], [70.49605037887054, 28.324255489321946], [70.49609802774812, 28.324127785646272], [70.4961324211738, 28.32399589274811], [70.49615320138432, 28.32386118258826], [70.49616015222222, 28.32372505643292], [70.49616015222222, 28.301676333434166], [70.49994838711672, 28.29075211687098], [70.49998919769244, 28.29060920702507], [70.50001388768885, 28.290462649421286], [70.50002215175587, 28.290314256590108], [70.50002215175587, 28.27026777668442], [70.50001723101394, 28.270153198064175], [70.50000250502447, 28.270039463200778], [70.49807150525764, 28.25890252991984], [70.49804550753889, 28.258784551631685], [70.4980089621162, 28.258669403075743], [70.49796216762142, 28.258558025191427], [70.49790550643701, 28.258451328106016], [70.49783944157127, 28.258350183697512], [70.497764512875, 28.258255418470082], [70.48843615315491, 28.2474952597577], [70.48843615315491, 28.239084363497795], [70.48842855047334, 28.238942014865906], [70.48840582892878, 28.238801285817093], [70.48647482916195, 28.229891739192343], [70.4864409493361, 28.2297655656811], [70.48639491202937, 28.229643302996976], [70.48446391226254, 28.2251885296846], [70.48440358790164, 28.225066739416523], [70.48433120578362, 28.22495170582618], [70.4842475145072, 28.22484461862727], [70.47459251567307, 28.213707685346332], [70.47450475522956, 28.21361568759005], [70.47440864950157, 28.21353244594391], [70.4743050683388, 28.213458713825233], [70.47419494925084, 28.21339515858095], [70.47407928892187, 28.213342355447434], [70.47395913418963, 28.213300782344056], [70.47383557257054, 28.213270815547585], [70.47370972241663, 28.213252726286473], [70.47358272279341, 28.21324667828602], [70.46067585408403, 28.21324667828602], [70.45354403306378, 28.2050202024222], [70.4516946241218, 28.198620384768233], [70.45164703364148, 28.198483867599684], [70.45158497489555, 28.19835329002435], [70.4515091741451, 28.19823018016545], [70.45142051847114, 28.19811597875302], [70.44769316586688, 28.1938165191693], [70.4459541582847, 28.18980466753672], [70.4459541582847, 28.17674801074201], [70.4478786450892, 28.134570404230647], [70.45159139873758, 28.117439924825817], [70.45880241454294, 28.113281011744014], [70.45890948139373, 28.11321226967478], [70.45900952584032, 28.113133657389934], [70.45910164107863, 28.11304588743215], [70.4591849921751, 28.112949755349373], [70.45925882363436, 28.11284613248393], [70.45932246624722, 28.1127359580747], [70.45937534315627, 28.112620230743833], [70.45941697508458, 28.112499999445227], [70.45944698467987, 28.11237635395679], [70.4594650999348, 28.112250415002695], [70.4594711566525, 28.11212332409511], [70.4594711566525, 28.105523606331722], [70.46134201883933, 28.090417475924692], [70.46493751683893, 28.08627010915426], [70.46502120811535, 28.08616302195535], [70.46509359023337, 28.086047988365006], [70.46515391459427, 28.085926198096928], [70.4670849143611, 28.081471424784553], [70.46713276473913, 28.081343482427464], [70.46716730518494, 28.081211323950555], [70.46718817485379, 28.081076330016106], [70.4671951557198, 28.080939910908484], [70.4671951557198, 28.061082659631776], [70.46896365703462, 28.05496282010965], [70.47638809769005, 28.048539813101975], [70.4765235154399, 28.048404535999072], [70.48038551497355, 28.043949762686697], [70.48046799183366, 28.04384440092564], [70.4805395196821, 28.04373131998098], [70.48059938151718, 28.043611653386442], [70.48064697727838, 28.043486600690898], [70.48068182986147, 28.043357415434], [70.48245996274851, 28.035153189760695], [70.487579342855, 28.033184807175843], [70.4877006893408, 28.03313109108154], [70.48781611030364, 28.033065605283564], [70.48792446769734, 28.03298899546935], [70.48802469312217, 28.032902017008688], [70.48811579835933, 28.032805527505833], [70.48819688511475, 28.032700478343532], [70.48826715387612, 28.03258790530246], [70.4883259117962, 28.032468918348428], [70.49025691156302, 28.028014145036053], [70.49030476194106, 28.027886202678964], [70.49033930238687, 28.027754044202055], [70.49036017205572, 28.027619050267607], [70.49036715292173, 28.027482631159984], [70.49036715292173, 28.023526508212456], [70.4975458775666, 28.015245929541713], [70.50302734098962, 28.013138327270156], [70.50314868747542, 28.013084611175852], [70.50326410843826, 28.013019125377877], [70.50337246583196, 28.01294251556366], [70.50347269125679, 28.012855537103], [70.50356379649395, 28.012759047600145], [70.50364488324936, 28.012653998437845], [70.50371515201074, 28.012541425396773], [70.50377390993081, 28.01242243844274], [70.50552917524885, 28.008373080576796], [70.5086984889726, 28.006545196591823], [70.51220271812996, 28.006545196591823], [70.51232971775318, 28.00653914859137], [70.51245556790708, 28.006521059330257], [70.51257912952617, 28.006491092533786], [70.51269928425842, 28.006449519430408], [70.51281494458739, 28.00639671629689], [70.51292506367534, 28.00633316105261], [70.51302864483812, 28.006259428933934], [70.5131247505661, 28.006176187287792], [70.51321251100961, 28.00608418953151], [70.51667484732202, 28.002090423279448], [70.51992671719727, 28.002090423279448], [70.52005371682048, 28.002084375278994], [70.52017956697439, 28.002066286017882], [70.52030312859348, 28.00203631922141], [70.52042328332573, 28.001994746118033], [70.5205389436547, 28.001941942984516], [70.52064906274265, 28.001878387740234], [70.52075264390542, 28.00180465562156], [70.52084874963342, 28.001721413975417], [70.52093651007692, 28.001629416219135], [70.52866050914423, 27.992719869594385], [70.52873907007846, 27.992620032470082], [70.52880779633094, 27.992513186908663], [70.53240036746386, 27.986297200915008], [70.53960701532664, 27.984219003967354], [70.53972553280036, 27.98417872579779], [70.53983976195597, 27.984127535735006], [70.53994870068018, 27.984065882860868], [70.54005139327175, 27.983994308045755], [70.54584439257223, 27.97953953473338], [70.54590408929583, 27.979490826760163], [70.55362808836314, 27.9728086667916], [70.55376350611299, 27.972673389688698], [70.55955650541347, 27.965991229720135], [70.55964019668988, 27.965884142521226], [70.5597125788079, 27.965769108930882], [70.5597729031688, 27.965647318662803], [70.56040329379537, 27.964193021573884], [70.48354121265692, 28.020401687088224], [70.46237407560318, 28.02974424829847], [70.46138738786716, 28.02986866858666], [70.44120693944876, 28.032413401957], [70.39584878939019, 28.031078833221613], [70.36258614583403, 28.015062716970874], [70.3310486411592, 28.006812805146875], [70.31933794242511, 28.003145093525255], [70.31794553106151, 28.012781879229145], [70.30646302781317, 28.012781879229145], [70.3048809339476, 28.009132024034415]], [[70.49180032212053, 28.421749571263376], [70.49132165140419, 28.421694903782573], [70.49102599544479, 28.421300319052236], [70.49180032212053, 28.421749571263376]], [[70.45092688079654, 28.368931064771754], [70.4519971970923, 28.3750316426665], [70.44971931462185, 28.36755449010106], [70.45092688079654, 28.368931064771754]], [[70.43461166327255, 28.28945882709664], [70.4318794813107, 28.289251825685476], [70.42990673536403, 28.2870029782444], [70.43461166327255, 28.28945882709664]], [[70.42996687483131, 28.360095799119335], [70.42917756448827, 28.360093472109504], [70.42900132750077, 28.359892569353107], [70.42996687483131, 28.360095799119335]], [[70.42946464594723, 28.239742585514055], [70.42985826378933, 28.240866754607886], [70.42665422490177, 28.23718310786563], [70.42946464594723, 28.239742585514055]], [[70.42561954845837, 28.356037483421435], [70.42478459307708, 28.35508566938993], [70.42478459307708, 28.353090554730503], [70.42561954845837, 28.356037483421435]], [[70.41640282547074, 28.2279470649151], [70.41296606355368, 28.227650394012407], [70.41104244210288, 28.22545754643134], [70.41640282547074, 28.2279470649151]], [[70.27745789711906, 28.071824131365464], [70.2760257678523, 28.073150790798653], [70.27617916784335, 28.067328455069095], [70.2761936630505, 28.067321774066237], [70.27745789711906, 28.071824131365464]], [[70.27078794868837, 28.181651901145845], [70.26885356443398, 28.183790398907753], [70.26997077052285, 28.18006085122275], [70.27079068605357, 28.181651860752073], [70.27078794868837, 28.181651901145845]], [[70.25397101473445, 28.104168780768912], [70.25629627936901, 28.101230082652197], [70.25627158100839, 28.10229880519025], [70.25397101473445, 28.104168780768912]]]}}, {"type": "Feature", "properties": {"na": "NA-173", "src": "sheet-split: ryk_na174.jpg + ryk_na172_173.jpg, outline-fit", "approx": false, "rms_km": 5.79}, "geometry": {"type": "Polygon", "coordinates": [[[69.94734099333672, 28.066700166037958], [69.94725730206031, 28.066807253236867], [69.94718491994229, 28.06692228682721], [69.94712459558139, 28.06704407709529], [69.94326259604773, 28.07595362372004], [69.94321474566969, 28.07608156607713], [69.94318020522388, 28.076213724554037], [69.94315933555504, 28.076348718488486], [69.94315235468902, 28.07648513759611], [69.94315235468902, 28.084896033856012], [69.93808565772383, 28.090740412195707], [69.92710978878128, 28.090740412195707], [69.92697879553901, 28.090746847481043], [69.92684906383327, 28.09076609136173], [69.92672184305131, 28.090797958508674], [69.9265983583988, 28.09084214202384], [69.92647979910045, 28.09089821639581], [69.92636730694711, 28.09096564159774], [69.92626196529973, 28.091043768288074], [69.92616478865592, 28.091131844064073], [69.92607671287993, 28.091229020707868], [69.92599858618959, 28.09133436235526], [69.92593116098767, 28.091446854508597], [69.92587508661569, 28.091565413806943], [69.92583090310053, 28.091688898459452], [69.92579903595359, 28.091816119241415], [69.9257797920729, 28.091945850947152], [69.92577335678757, 28.09207684418942], [69.92577335678757, 28.10302454884138], [69.92391861341257, 28.109442826122034], [69.92031366256687, 28.11775936716764], [69.91504416848652, 28.119785468016374], [69.9149245435924, 28.119838318920774], [69.91481065712189, 28.11990260892948], [69.91470359965906, 28.119977722397266], [69.91460439639306, 28.120062940032764], [69.91451399730066, 28.120157445786457], [69.9108706330754, 28.12436002571338], [69.91025511695383, 28.12459668936976], [69.90840992077142, 28.12459668936976], [69.90748732268021, 28.12566089595988], [69.90538916965238, 28.126467627984937], [69.90526666277663, 28.126521928991355], [69.90515020956073, 28.1265882251633], [69.90504098079812, 28.12666584997456], [69.90494007464922, 28.126754023003436], [69.90484850560087, 28.1268518577789], [69.90476719426687, 28.126958370692996], [69.90469695813236, 28.12707249088979], [69.90463850333504, 28.127193071031503], [69.90459241756574, 28.127318898833575], [69.90455916416003, 28.127448709252704], [69.90453907743988, 28.127581197205288], [69.90453235935247, 28.12771503068842], [69.90453235935247, 28.13662457731317], [69.90453917862881, 28.13675941238146], [69.9045595668658, 28.13689287143122], [69.90459331599742, 28.13702359248646], [69.90464008160713, 28.137150241512984], [69.90469938644262, 28.137271526032425], [69.90477062528633, 28.137386208312297], [69.90731434074219, 28.141053892509394], [69.90888849908038, 28.144685440619792], [69.91091241694376, 28.146241818381394], [69.91230696367477, 28.148252560972765], [69.9141974910639, 28.163517476517804], [69.91422132352186, 28.16365260168503], [69.91425888530917, 28.163784571033762], [69.91430978048622, 28.16391199347222], [69.91437347256584, 28.164033525837713], [69.91444929016846, 28.164147887054938], [69.91453643409905, 28.16425387163981], [69.91463398577156, 28.164350362406523], [69.91474091689169, 28.164436342243807], [69.91485610029616, 28.164510904836327], [69.91795059224077, 28.166295635778166], [69.91627366192705, 28.179835878443207], [69.907799791113, 28.179835878443207], [69.90766879787074, 28.179842313728543], [69.907539066165, 28.17986155760923], [69.90741184538304, 28.179893424756173], [69.90728836073053, 28.179937608271338], [69.90716980143218, 28.17999368264331], [69.90705730927884, 28.18006110784524], [69.90695196763146, 28.180139234535574], [69.90685479098765, 28.180227310311572], [69.90676671521166, 28.180324486955367], [69.90668858852132, 28.180429828602758], [69.9066211633194, 28.180542320756096], [69.90656508894742, 28.180660880054443], [69.90652090543226, 28.180784364706952], [69.90648903828532, 28.180911585488914], [69.90646979440463, 28.18104131719465], [69.9064633591193, 28.18117231043692], [69.9064633591193, 28.192309243717858], [69.90646951326762, 28.19243735042294], [69.90648791903399, 28.192564277288465], [69.90651840690465, 28.19268885534099], [69.90656069609183, 28.192809937239208], [69.90661439711977, 28.192926407840766], [69.90667901541171, 28.193037194472513], [69.9067539558449, 28.193141276809637], [69.90683852823153, 28.193237696272657], [69.90693195367521, 28.19332556485578], [69.90703337174455, 28.193404073305267], [69.90714184839747, 28.19347249857252], [69.90725638458366, 28.193530210473213], [69.90737592544558, 28.193576677491194], [69.90749937003353, 28.193611471673645], [69.91611835795344, 28.195599852926964], [69.91611835795344, 28.210128336967358], [69.91612485343599, 28.21025993996932], [69.91614427674347, 28.21039026370678], [69.91617643906903, 28.210518041350497], [69.91622102777448, 28.210642030820875], [69.9162776094294, 28.210761026861757], [69.91634563402427, 28.210873872756288], [69.91642444031696, 28.210979471570923], [69.9165132622604, 28.21107679681833], [69.91661123644907, 28.211164902435478], [69.91671741051182, 28.21124293197999], [69.91683075236955, 28.211310126955286], [69.91695016026763, 28.21136583418367], [69.9170744734857, 28.211409512155605], [69.91720248362057, 28.21144073629355], [69.9277043565544, 28.213459701809033], [69.9277043565544, 28.227947430216858], [69.92771079183973, 28.228078423459127], [69.92773003572042, 28.228208155164864], [69.92776190286736, 28.228335375946827], [69.92780608638252, 28.228458860599336], [69.9278621607545, 28.228577419897682], [69.92792958595642, 28.22868991205102], [69.92800771264676, 28.22879525369841], [69.92809578842275, 28.228892430342206], [69.92819296506656, 28.228980506118205], [69.92829830671394, 28.229058632808538], [69.92841079886728, 28.22912605801047], [69.92852935816563, 28.22918213238244], [69.92865284281814, 28.229226315897606], [69.9287800636001, 28.22925818304455], [69.92890979530584, 28.229277426925236], [69.92904078854811, 28.229283862210572], [69.936154657957, 28.229283862210572], [69.94130450447206, 28.235224152627023], [69.94313809040817, 28.24579925708127], [69.9413766588958, 28.260021798065956], [69.93869578738224, 28.260021798065956], [69.93856878775902, 28.26002784606641], [69.93844293760512, 28.260045935327522], [69.93831937598603, 28.260075902123994], [69.93819922125378, 28.26011747522737], [69.93808356092481, 28.26017027836089], [69.93797344183686, 28.26023383360517], [69.93786986067408, 28.260307565723846], [69.9377737549461, 28.260390807369987], [69.93768599450259, 28.26048280512627], [69.92996199543528, 28.26939235175102], [69.929887066739, 28.26948711697845], [69.92982100187326, 28.269588261386954], [69.92976434068885, 28.269694958472364], [69.92971754619407, 28.26980633635668], [69.92968100077138, 28.269921484912622], [69.92965500305263, 28.270039463200778], [69.9277240032858, 28.281176396481715], [69.92770927729633, 28.281290131345113], [69.9277043565544, 28.281404709965358], [69.9277043565544, 28.292541643246295], [69.9277110746418, 28.29267547672943], [69.92773116136196, 28.292807964682012], [69.92776441476767, 28.29293777510114], [69.92781050053696, 28.293063602903214], [69.92786895533429, 28.293184183044925], [69.9279391914688, 28.29329830324172], [69.9280205028028, 28.293404816155817], [69.92811207185115, 28.29350265093128], [69.92821297800005, 28.293590823960155], [69.92832220676266, 28.293668448771417], [69.92843865997855, 28.29373474494336], [69.92856116685431, 28.29378904594978], [69.93345242684555, 28.29566971719991], [69.93162917359706, 28.333525557720144], [69.92710978878128, 28.333525557720144], [69.92697879553901, 28.33353199300548], [69.92684906383327, 28.333551236886166], [69.92672184305131, 28.33358310403311], [69.9265983583988, 28.333627287548275], [69.92647979910045, 28.333683361920247], [69.92636730694711, 28.333750787122177], [69.92626196529973, 28.33382891381251], [69.92616478865592, 28.33391698958851], [69.92607671287993, 28.334014166232304], [69.92599858618959, 28.334119507879695], [69.92593116098767, 28.334232000033033], [69.92587508661569, 28.33435055933138], [69.92583090310053, 28.33447404398389], [69.92579903595359, 28.33460126476585], [69.9257797920729, 28.33473099647159], [69.92577335678757, 28.334861989713858], [69.92577335678757, 28.345998922994795], [69.92577941350527, 28.34612601390238], [69.9257975287602, 28.346251952856477], [69.92582753835549, 28.346375598344913], [69.9258691702838, 28.34649582964352], [69.92592204719286, 28.346611556974388], [69.92598568980571, 28.346721731383617], [69.92605952126497, 28.34682535424906], [69.92614287236144, 28.346921486331837], [69.92623498759976, 28.34700925628962], [69.92633503204634, 28.347087868574466], [69.92644209889713, 28.3471566106437], [69.92951958104992, 28.348931531283135], [69.9278109017979, 28.360757185841017], [69.92482101863816, 28.36248158425058], [69.91938578971397, 28.36248158425058], [69.9192547964717, 28.362488019535917], [69.91912506476596, 28.362507263416603], [69.918997843984, 28.362539130563547], [69.9188743593315, 28.362583314078712], [69.91875580003314, 28.362639388450685], [69.9186433078798, 28.362706813652615], [69.91853796623242, 28.362784940342948], [69.91844078958862, 28.362873016118947], [69.91835271381262, 28.36297019276274], [69.91827458712228, 28.363075534410132], [69.91820716192036, 28.36318802656347], [69.91815108754838, 28.363306585861817], [69.91810690403322, 28.363430070514326], [69.91807503688628, 28.36355729129629], [69.91805579300559, 28.363687023002026], [69.91804935772026, 28.363818016244295], [69.91804935772026, 28.401715685383785], [69.91700190616439, 28.41742259305015], [69.91277811200727, 28.42067065929565], [69.91267477042994, 28.420758838239138], [69.91258091462365, 28.420857052776267], [69.91249751438718, 28.420964288070074], [69.91242543148346, 28.4210794360734], [69.91236541073492, 28.421201306978155], [69.91231807232754, 28.421328641509472], [69.91228390540236, 28.421460123937592], [69.91226326300144, 28.421594395673125], [69.91225635841978, 28.42173006930517], [69.91225635841978, 28.426184842617545], [69.91226127916171, 28.42629942123779], [69.91227600515118, 28.426413156101187], [69.91239870011518, 28.42712079245175], [69.913195525, 28.427359128], [69.914909627, 28.427871827], [69.91610025, 28.428559878], [69.917050042, 28.429108754], [69.919748208, 28.43024826], [69.920661351, 28.430417319], [69.921482964, 28.430569432], [69.923307515, 28.431326103], [69.924037065, 28.431628657], [69.924831588, 28.431969797], [69.9264337, 28.432657691], [69.927520674, 28.433392927], [69.928246481, 28.433883868], [69.929701327, 28.434867936], [69.931849473, 28.436198898], [69.932722006, 28.436739509], [69.93371168, 28.437432825], [69.934703768, 28.438127828], [69.935739032, 28.438890196], [69.93850867, 28.440929758], [69.93920068700001, 28.44143936], [69.940040278, 28.44202748], [69.940750789, 28.442524988], [69.94145983300001, 28.443021858], [69.942073065, 28.443413199], [69.943297053, 28.444194997], [69.944039268, 28.444668932], [69.94546281800001, 28.445433511], [69.94653154800001, 28.44600752], [69.947621121, 28.446536346], [69.949932961, 28.447658402], [69.951847003, 28.448856343], [69.95323973, 28.449728009], [69.95479697200001, 28.450592621], [69.955965326, 28.451241314], [69.956744526, 28.451673941], [69.957171613, 28.451911069], [69.959147826, 28.452831386], [69.961337121, 28.453850935], [69.962614947, 28.454620329], [69.963790458, 28.455328123], [69.965148525, 28.456661325], [69.966170635, 28.457809743], [69.966438014, 28.458311084], [69.966858967, 28.459100382], [69.967598986, 28.460841088], [69.967899574, 28.461959761], [69.968249766, 28.463263034], [69.96839670300001, 28.463902692], [69.969294557, 28.468105358], [69.96962876, 28.469669692], [69.96972427300001, 28.471643152], [69.96978162900001, 28.472828234], [69.9699285, 28.475866386], [69.969991742, 28.477169544], [69.969989812, 28.478336238], [69.96998321800001, 28.483099558], [69.96998263, 28.483534202], [69.969980721, 28.484837423], [69.969979175, 28.485891585], [69.969926736, 28.486446987], [69.96988575, 28.486879114], [69.969762365, 28.488187961], [69.969716908, 28.489717738], [69.969667768, 28.491371487], [69.969460971, 28.492248137], [69.969239144, 28.4931885], [69.96897812200001, 28.496645606], [69.96903461, 28.499380152], [69.969120913, 28.500079706], [69.969337539, 28.501466221], [69.969509381, 28.502050542], [69.970105398, 28.503676469], [69.970720401, 28.504848886], [69.970978903, 28.505316957], [69.972103186, 28.506443295], [69.972579924, 28.506920904], [69.973267178, 28.50733797], [69.974310924, 28.507971377], [69.97654099600001, 28.509119864], [69.977400877, 28.509562704], [69.978598726, 28.509921474], [69.979802942, 28.510282149], [69.981460637, 28.51077351], [69.984511172, 28.511610037], [69.986861628, 28.512156438], [69.98782246, 28.512393787], [69.98890322, 28.512727967], [69.989951054, 28.513051968], [69.991877361, 28.513991174], [69.99253821100001, 28.514454117], [69.993527953, 28.51514746], [69.993914685, 28.515425928], [69.99553473600001, 28.516781245], [69.99608837400001, 28.51730506], [69.996589479, 28.517793926], [69.99712781800001, 28.518319537], [69.997609235, 28.519017188], [69.998570774, 28.520410613], [69.998970027, 28.520989196], [70.000151302, 28.522958443], [70.000746801, 28.524110641], [70.0013981, 28.5253708], [70.001551429, 28.526548447], [70.001631351, 28.527162251], [70.001732878, 28.52868562], [70.001613659, 28.529321884], [70.001339278, 28.530481601], [70.00101229900001, 28.531859182], [70.001152182, 28.533264265], [70.001591307, 28.534581233], [70.00214194, 28.536148998], [70.003050885, 28.537189764], [70.00342661900001, 28.537513042], [70.004561195, 28.53848922], [70.005767028, 28.539488907], [70.007716461, 28.540789688], [70.00808858900001, 28.54103737], [70.009412344, 28.541718787], [70.010548821, 28.541929305], [70.013839872, 28.542538933], [70.014871022, 28.542729238], [70.016220055, 28.542978211], [70.017813632, 28.542971718], [70.018567957, 28.543088425], [70.019275201, 28.542720256], [70.020502209, 28.542310941], [70.022028307, 28.541545465], [70.02248733, 28.541315223], [70.02368964, 28.540712155], [70.025357908, 28.539483191], [70.026692632, 28.538499939], [70.03024474, 28.535960674], [70.03134737500001, 28.535172178], [70.032020294, 28.534691398], [70.033231829, 28.533750285], [70.03446340500001, 28.532657532], [70.034836411, 28.532326727], [70.035949859, 28.531338893], [70.03700422700001, 28.530601466], [70.03735431, 28.530356502], [70.038918775, 28.529262183], [70.040124094, 28.528345465], [70.040477394, 28.52807676], [70.04153728300001, 28.527270656], [70.042726045, 28.526617231], [70.045776018, 28.524940754], [70.046306756, 28.524690348], [70.04740478409455, 28.524199188010773], [70.04789014, 28.523982083], [70.048672777, 28.523632002], [70.049405731, 28.523461899], [70.051625298, 28.522946782], [70.05249025430327, 28.52285342349608], [70.052524854, 28.522849689], [70.053498667, 28.522777844], [70.054359043, 28.522933977], [70.054988551, 28.523153825], [70.056722284, 28.523808786], [70.059729415, 28.525224663], [70.060288744, 28.525488017], [70.060732404, 28.525839606], [70.061959169, 28.526811778], [70.062653302, 28.527256382], [70.06324878400001, 28.527637804], [70.063551968, 28.528045038], [70.064127539, 28.528818131], [70.064379767, 28.529819129], [70.06455116, 28.53049934], [70.06459996000001, 28.531174381], [70.06464429, 28.531785302], [70.064670851, 28.532287244], [70.0646750485005, 28.53257021583485], [70.064707396, 28.534750902], [70.064918786, 28.53635494], [70.065061742, 28.53743969], [70.065451629, 28.538638667], [70.06563536, 28.53920323], [70.066018583, 28.540382172], [70.066515029, 28.54142993], [70.066928414, 28.542302384], [70.067230119, 28.542939139], [70.067688202, 28.543557796], [70.068480731, 28.544628135], [70.069160071, 28.545672109], [70.069450198, 28.546117961], [70.070267445, 28.547054525], [70.070671621, 28.547457944], [70.070985226, 28.547757353], [70.071298725, 28.548056659], [70.071611837, 28.548355597], [70.072247368, 28.548962358], [70.073078031, 28.549436247], [70.073561049, 28.549711806], [70.074100048, 28.550019303], [70.075429661, 28.550705359], [70.076406405, 28.551077355], [70.075461397, 28.552654822], [70.075179605, 28.553123666], [70.07469971, 28.553922299], [70.074516538, 28.555024117], [70.074129379, 28.557462161], [70.074145658, 28.558651319], [70.074160582, 28.559366665], [70.074180251, 28.56030925], [70.074727857, 28.561507489], [70.075460757, 28.563111178], [70.076739042, 28.563993177], [70.079243272, 28.565719824], [70.080896496, 28.567242395], [70.081889662, 28.568157073], [70.08264645300001, 28.568854058], [70.083299366, 28.569541982], [70.08413713, 28.570443346], [70.084978102, 28.571348163], [70.085639108, 28.572248767], [70.086200442, 28.573013595], [70.087037347, 28.57415397], [70.088231921, 28.575781413], [70.08943768200001, 28.577460107], [70.089805032, 28.577970534], [70.091112812, 28.579790421], [70.092421566, 28.58097503], [70.09405266, 28.582451406], [70.094508013, 28.582902523], [70.094814094, 28.58320576], [70.095736828, 28.584119918], [70.097063467, 28.585081725], [70.09728904808276, 28.58524523508377], [70.09728904808274, 28.58524523508377], [70.099603661, 28.586922958], [70.101893918, 28.588574929], [70.10296816600001, 28.589349893], [70.103946886, 28.589885822], [70.105049107, 28.590489378], [70.10688891400001, 28.591496826], [70.109448874, 28.592460243], [70.110171461, 28.592731972], [70.111978323, 28.593412174], [70.113443645, 28.59440896], [70.115263436, 28.595646947], [70.115842195, 28.596042588], [70.118476651, 28.597846153], [70.119007834, 28.598209909], [70.119348578, 28.598542437], [70.120830882, 28.599989002], [70.121243386, 28.600391561], [70.12159874800001, 28.600738515], [70.121797134, 28.601270114], [70.122077775, 28.602022781], [70.122472343, 28.603079442], [70.122524214, 28.603724981], [70.122568122, 28.604271441], [70.12123054700001, 28.606608738], [70.12062911400001, 28.607093481], [70.119978063, 28.607618214], [70.118992803, 28.608412187], [70.118201115, 28.609050396], [70.116912454, 28.609425401], [70.112985023, 28.610568428], [70.112229208, 28.610788241], [70.110924169, 28.611021851], [70.110051654, 28.611178037], [70.106998654, 28.611724542], [70.105690011, 28.611958797], [70.102740295, 28.612598524], [70.10032145953505, 28.613123115749225], [70.09979015, 28.613238345], [70.098104498, 28.613603926], [70.0968399, 28.613878189], [70.095398512, 28.614274615], [70.090252574, 28.61568991], [70.089019893, 28.616028935], [70.08816676500001, 28.616386816], [70.08428171300001, 28.618016568], [70.083108508, 28.618508718], [70.082311572, 28.619275238], [70.08103541, 28.620502695], [70.08026949900001, 28.621239375], [70.07970051400001, 28.622544625], [70.079127238, 28.623859719], [70.079024397, 28.624825115], [70.078878613, 28.626193636], [70.07874150100001, 28.627480756], [70.078649156, 28.62965167], [70.078576794, 28.631353936], [70.078728869, 28.633479098], [70.079262678, 28.634792386], [70.079489988, 28.635351618], [70.079797929, 28.636109219], [70.080372851, 28.636962394], [70.080837257, 28.637651564], [70.081403224, 28.638394428], [70.081688776, 28.638755994], [70.08195242100001, 28.639089813], [70.082336372, 28.639473006], [70.085151247, 28.6422823], [70.085634176, 28.642750438], [70.08926892800001, 28.646051409], [70.090257874, 28.646949904], [70.09298022, 28.649757995], [70.09380706, 28.650611018], [70.094909842, 28.651748395], [70.095930367, 28.652525135], [70.099401888, 28.655167369], [70.10035202, 28.65589053], [70.101465558, 28.65664497], [70.10554207, 28.65940687], [70.107022648, 28.660409985], [70.10900796700001, 28.66133196], [70.112688086, 28.663040995], [70.114569542, 28.663844308], [70.11727072100001, 28.664997616], [70.11809001200001, 28.665294351], [70.11972904800001, 28.665887985], [70.12133606, 28.665896435], [70.123357424, 28.665907064], [70.12398765600001, 28.665910377], [70.13011289900001, 28.66573417], [70.131426023, 28.665696395], [70.13230067500001, 28.665671234], [70.133604485, 28.665722298], [70.13490606500001, 28.665773274], [70.136457829, 28.665834176], [70.138108658, 28.665898704], [70.139643204, 28.666217442], [70.14541993, 28.667419756], [70.147415996, 28.667850039], [70.14903395, 28.668198658], [70.149538076, 28.668307247], [70.149959512, 28.668379575], [70.152069142, 28.668741631], [70.153337793, 28.668959356], [70.154694016, 28.668986858], [70.158544129, 28.669064777], [70.159400477, 28.669082295], [70.160296318, 28.669024179], [70.161191529, 28.668966105], [70.165221624, 28.668704664], [70.166564205, 28.668617568], [70.167012267, 28.668588502], [70.168038717, 28.668521915], [70.169970171, 28.668643664], [70.170622272, 28.66868477], [70.17320743, 28.668847725], [70.174500323, 28.668929222], [70.175373266, 28.668984301], [70.17624832700001, 28.669039408], [70.177060948, 28.669113807], [70.17828221, 28.669225618], [70.181242279, 28.669496516], [70.182931867, 28.669651312], [70.184256023, 28.669651274], [70.185041459, 28.669651089], [70.1910621890635, 28.66965014568762], [70.1910621890635, 28.66914548825744], [70.19406737829725, 28.667990004189278], [70.194189885173, 28.66793570318286], [70.1943063383889, 28.667869407010915], [70.19441556715151, 28.667791782199654], [70.19451647330041, 28.66770360917078], [70.19460804234876, 28.667605774395316], [70.19468935368276, 28.66749926148122], [70.19475958981727, 28.667385141284424], [70.19481804461459, 28.667264561142712], [70.19486413038389, 28.66713873334064], [70.1948973837896, 28.66700892292151], [70.19491747050975, 28.666876434968927], [70.19492418859716, 28.666742601485794], [70.19492418859716, 28.657833054861044], [70.19491747050975, 28.65769922137791], [70.1948973837896, 28.657566733425327], [70.19486413038389, 28.6574369230062], [70.19481804461459, 28.657311095204125], [70.19475958981727, 28.657190515062414], [70.19468935368276, 28.65707639486562], [70.19460804234876, 28.65696988195152], [70.19451647330041, 28.65687204717606], [70.19441556715151, 28.656783874147184], [70.1943063383889, 28.656706249335922], [70.194189885173, 28.656639953163978], [70.19406737829725, 28.65658565215756], [70.18871540168918, 28.654527837084107], [70.18532172289322, 28.648655981223197], [70.18707444654262, 28.636525498343637], [70.19213637853042, 28.634579204346466], [70.19225888540618, 28.634524903340047], [70.19237533862207, 28.634458607168103], [70.19248456738468, 28.63438098235684], [70.19258547353358, 28.634292809327967], [70.19267704258193, 28.634194974552504], [70.19275835391593, 28.634088461638406], [70.19282859005044, 28.63397434144161], [70.19288704484777, 28.6338537612999], [70.19293313061706, 28.633727933497827], [70.19296638402277, 28.6335981230787], [70.19298647074292, 28.633465635126115], [70.19299318883033, 28.63333180164298], [70.19299318883033, 28.62004446539817], [70.19676911276639, 28.587378319856214], [70.19973852628023, 28.58566572720057], [70.20695259730414, 28.58566572720057], [70.2164593327259, 28.58785890981883], [70.21658975113735, 28.58788225704638], [70.2167218404065, 28.58789257596364], [70.21685430230448, 28.58788976515194], [70.21698583494006, 28.587873852237127], [70.21711514555518, 28.587844993618013], [70.21724096323074, 28.587803472929245], [70.21736205137772, 28.587749698253614], [70.2174772198909, 28.587684198111237], [70.2175853368457, 28.587607616265064], [70.21768533962323, 28.587520705393672], [70.21777624535414, 28.58742431969366], [70.21785716057867, 28.58731940648421], [70.217927290028, 28.587206996896462], [70.21798594444037, 28.587088195739113], [70.21949076273084, 28.583616613569326], [70.22894032017946, 28.585433273392344], [70.22894032017946, 28.602148388456357], [70.22894647432778, 28.602276495161437], [70.22896488009415, 28.602403422026963], [70.22899536796481, 28.602528000079488], [70.22903765715199, 28.602649081977706], [70.22909135817993, 28.602765552579264], [70.22915597647187, 28.60287633921101], [70.22923091690507, 28.602980421548136], [70.2293154892917, 28.603076841011156], [70.22940891473537, 28.603164709594278], [70.22951033280471, 28.603243218043765], [70.22961880945763, 28.603311643311017], [70.22973334564382, 28.60336935521171], [70.22985288650574, 28.603415822229692], [70.2299763310937, 28.603450616412143], [70.2385953190136, 28.605438997665463], [70.2385953190136, 28.62365026064512], [70.2354020615895, 28.625491954025513], [70.23529499473871, 28.625560696094748], [70.23519495029213, 28.625639308379593], [70.23510283505381, 28.625727078337377], [70.23501948395734, 28.625823210420155], [70.23494565249808, 28.625926833285597], [70.23488200988523, 28.626037007694826], [70.23482913297617, 28.626152735025695], [70.23478750104786, 28.6262729663243], [70.23475749145257, 28.626396611812737], [70.23473937619764, 28.626522550766833], [70.23473331947994, 28.62664964167442], [70.23473331947994, 28.637786574955356], [70.23473989425383, 28.63791897680095], [70.23475955388437, 28.63805007590581], [70.23479210493468, 28.638178582347255], [70.2348372271254, 28.638303231712573], [70.23489447648598, 28.63842279753997], [70.23496328972313, 28.638536103386073], [70.23504298976314, 28.63864203440131], [70.23513279241389, 28.638739548299238], [70.23523181408062, 28.63882768561191], [70.23533908046004, 28.638905579130363], [70.23545353612663, 28.638972462437337], [70.23557405491742, 28.63902767744829], [70.23569945101255, 28.639070680886476], [70.24245731854725, 28.64101946206057], [70.24245731854725, 28.648923508236294], [70.24246375383258, 28.649054501478563], [70.24248299771327, 28.6491842331843], [70.24251486486021, 28.649311453966263], [70.24255904837537, 28.64943493861877], [70.24261512274735, 28.64955349791712], [70.24268254794927, 28.649665990070456], [70.24276067463961, 28.649771331717847], [70.2428487504156, 28.649868508361642], [70.24294592705941, 28.64995658413764], [70.2430512687068, 28.650034710827974], [70.24316376086013, 28.650102136029904], [70.24328232015849, 28.650158210401877], [70.24340580481099, 28.65020239391704], [70.24353302559295, 28.650234261063986], [70.2436627572987, 28.650253504944672], [70.24379375054096, 28.650259940230008], [70.24922897946514, 28.650259940230008], [70.25617640495628, 28.654266829070608], [70.25795785014526, 28.66043146043542], [70.25799922263032, 28.66055255888195], [70.25805198798936, 28.66066914504389], [70.25811566241036, 28.660780149928396], [70.25818966205469, 28.660884555718038], [70.25827330841054, 28.6609814051033], [70.25836583451418, 28.661069810060273], [70.25846639198241, 28.661148959993035], [70.25857405879142, 28.661218129166137], [70.26243605832508, 28.663445515822325], [70.26256061630912, 28.663508917118946], [70.26269111464283, 28.66355896310477], [70.26282612603806, 28.663595106416142], [70.26296417384633, 28.663616951745944], [70.26310374820923, 28.663624260167133], [70.27275874704337, 28.663624260167133], [70.27288974028563, 28.663617824881797], [70.27301947199138, 28.66359858100111], [70.27314669277334, 28.663566713854166], [70.27327017742584, 28.663522530339], [70.2733887367242, 28.66346645596703], [70.27350122887754, 28.6633990307651], [70.27360657052492, 28.663320904074766], [70.27370374716872, 28.663232828298767], [70.27379182294472, 28.663135651654972], [70.27386994963506, 28.66303031000758], [70.27393737483698, 28.662917817854243], [70.27399344920896, 28.662799258555896], [70.27403763272412, 28.662675773903388], [70.27406949987106, 28.662548553121425], [70.27408874375175, 28.662418821415688], [70.27409517903708, 28.66228782817342], [70.27409517903708, 28.61809851663088], [70.27771404004986, 28.611837043013225], [70.28127390368194, 28.607730780087586], [70.28675536710496, 28.605623177816028], [70.28687291517174, 28.605571366493773], [70.28698494577284, 28.605508508673804], [70.28709042381738, 28.605435185122065], [70.29288342311786, 28.60098041180969], [70.29298414804114, 28.60089469950385], [70.2930759077445, 28.60079945105828], [70.29315780355746, 28.600695599311244], [70.29322903341394, 28.6005841613595], [70.29328889970742, 28.600466228597096], [70.29333681612314, 28.60034295602655], [70.29337231338029, 28.600215550947066], [70.29339504382806, 28.600085261130552], [70.29524420770194, 28.585154332054426], [70.29821951438842, 28.583438340544383], [70.30944774261309, 28.583438340544383], [70.30957873585535, 28.583431905259047], [70.3097084675611, 28.58341266137836], [70.30983568834306, 28.583380794231417], [70.30995917299556, 28.583336610716252], [70.31007773229392, 28.58328053634428], [70.31019022444725, 28.58321311114235], [70.31029556609464, 28.583134984452016], [70.31039274273844, 28.583046908676017], [70.31048081851443, 28.582949732032223], [70.31055894520478, 28.58284439038483], [70.3106263704067, 28.582731898231494], [70.31068244477868, 28.582613338933147], [70.31072662829384, 28.582489854280638], [70.31075849544078, 28.582362633498676], [70.31077773932147, 28.58223290179294], [70.3107841746068, 28.58210190855067], [70.3107841746068, 28.57319236192592], [70.31077918058499, 28.57307693488921], [70.3088970316637, 28.551366557372713], [70.31198887203833, 28.547800154045383], [70.32208745624715, 28.547800154045383], [70.32366955011271, 28.551450009240114], [70.3237273679546, 28.551567306191767], [70.32379637299506, 28.551678390763605], [70.3238759045091, 28.551782199318094], [70.32396520098048, 28.55187773788574], [70.32406340739328, 28.551964091682382], [70.32416958341865, 28.552040433868275], [70.3242827124185, 28.55210603346508], [70.32440171117986, 28.55216026235503], [70.3245254402866, 28.552202601295164], [70.33997343842123, 28.55665737460754], [70.34007284608094, 28.55668195793059], [70.34017384420088, 28.556698857704372], [70.35755284210232, 28.55892624436056], [70.35767660492563, 28.55893629088375], [70.35780076598448, 28.55893480746698], [70.3579242534524, 28.558921806915915], [70.3580460013177, 28.55889740145846], [70.35816495858593, 28.55886180177593], [70.35828009835258, 28.558815315184347], [70.35839042666792, 28.558758342981513], [70.36216189978086, 28.55658316693275], [70.3678573573117, 28.554393284723716], [70.3679787037975, 28.554339568629413], [70.36809412476035, 28.554274082831437], [70.36820248215405, 28.554197473017222], [70.36830270757888, 28.55411049455656], [70.36839381281604, 28.554014005053705], [70.36847489957145, 28.553908955891405], [70.36854516833283, 28.553796382850333], [70.3686039262529, 28.5536773958963], [70.37018602011847, 28.55002754070157], [70.37317073491839, 28.55002754070157], [70.37330172816065, 28.550021105416235], [70.3734314598664, 28.55000186153555], [70.37355868064836, 28.549969994388604], [70.37368216530086, 28.54992581087344], [70.37380072459922, 28.549869736501467], [70.37391321675256, 28.549802311299537], [70.37401855839994, 28.549724184609204], [70.37411573504374, 28.549636108833205], [70.37420381081974, 28.54953893218941], [70.37428193751008, 28.54943359054202], [70.374349362712, 28.54932109838868], [70.37440543708398, 28.549202539090334], [70.37444962059914, 28.549079054437826], [70.37448148774608, 28.548951833655863], [70.37450073162677, 28.548822101950126], [70.3745071669121, 28.548691108707857], [70.3745071669121, 28.542286138264245], [70.37796908925164, 28.534299560786277], [70.38973822532685, 28.532360194076634], [70.39125454195167, 28.5358583026468], [70.39130806587177, 28.535967806125885], [70.3913713436752, 28.536071977818526], [70.39144384903653, 28.53616995125643], [70.39152497887831, 28.536260911526476], [70.39161405838733, 28.536344102048947], [70.39171034662745, 28.5364188308705], [70.39181304270251, 28.536484476419638], [70.39567504223616, 28.538711863075825], [70.3957996002202, 28.538775264372447], [70.39593009855392, 28.53882531035827], [70.39606510994915, 28.538861453669643], [70.39620315775741, 28.538883298999444], [70.39634273212032, 28.538890607420633], [70.40792873072128, 28.538890607420633], [70.40805972396355, 28.538884172135297], [70.40818945566929, 28.53886492825461], [70.40831667645125, 28.538833061107667], [70.40844016110375, 28.538788877592502], [70.40855872040211, 28.53873280322053], [70.40867121255545, 28.5386653780186], [70.40877655420283, 28.538587251328266], [70.40887373084664, 28.538499175552268], [70.40896180662263, 28.538401998908473], [70.40903993331297, 28.538296657261082], [70.40910735851489, 28.538184165107744], [70.40916343288687, 28.538065605809397], [70.40920761640203, 28.537942121156888], [70.40923948354897, 28.537814900374926], [70.40925872742966, 28.53768516866919], [70.40926516271499, 28.53755417542692], [70.40926516271499, 28.524247677042926], [70.41113098969076, 28.50272557134419], [70.41438941990592, 28.500846289920638], [70.4144964867567, 28.500777547851403], [70.41459653120329, 28.500698935566557], [70.4146886464416, 28.500611165608774], [70.41477199753807, 28.500515033525996], [70.41484582899733, 28.500411410660554], [70.41490947161019, 28.500301236251325], [70.41496234851924, 28.500185508920456], [70.41500398044755, 28.50006527762185], [70.41503399004284, 28.499941632133414], [70.41505210529778, 28.49981569317932], [70.41505816201547, 28.499688602271732], [70.41505816201547, 28.46454906613758], [70.42037721826277, 28.458413594185547], [70.42790641827371, 28.4540711701407], [70.42800911434877, 28.45400552459156], [70.42810540258888, 28.45393079577001], [70.42819448209791, 28.45384760524754], [70.42827561193968, 28.453756644977492], [70.42834811730101, 28.45365867153959], [70.42841139510445, 28.45355449984695], [70.42846491902455, 28.453444996367864], [70.43039591879138, 28.44899022305549], [70.43044376916941, 28.4488622806984], [70.43047830961522, 28.44873012222149], [70.43049917928407, 28.448595128287042], [70.43050616015009, 28.44845870917942], [70.43050616015009, 28.441776549210857], [70.4304999955618, 28.441648334141917], [70.43048155866796, 28.441521301913728], [70.4304510195571, 28.441396624454814], [70.43040865996602, 28.44127545196992], [70.4303548706807, 28.441158902328834], [70.43029014793109, 28.441048050753583], [70.4244971486306, 28.432138504128833], [70.4244193011748, 28.432030884512084], [70.4243311554221, 28.431931523883218], [70.42423358205662, 28.431841403704365], [70.42412754488632, 28.431761414162555], [70.42401409132269, 28.431692345376643], [70.42389434203476, 28.431634879592693], [70.42376947987927, 28.431589584444907], [70.42364073821675, 28.431556907348654], [70.42350938872865, 28.431537171080997], [70.4233767288559, 28.431530570592393], [70.41179073025494, 28.431530570592393], [70.41166373063172, 28.431536618592848], [70.41153788047781, 28.43155470785396], [70.41141431885872, 28.43158467465043], [70.41129416412647, 28.431626247753808], [70.4111785037975, 28.431679050887325], [70.41106838470955, 28.431742606131607], [70.41096480354678, 28.431816338250282], [70.41086869781878, 28.431899579896424], [70.41078093737528, 28.431991577652706], [70.40725299652418, 28.436061018007152], [70.39046443947093, 28.438212730560956], [70.37764286411046, 28.438212730560956], [70.3745071669121, 28.434595738877448], [70.3745071669121, 28.419779872173933], [70.3781771742611, 28.41131324722898], [70.38171598530496, 28.40723126822861], [70.39110963258496, 28.4028970813553], [70.39122415866822, 28.402837365915467], [70.39133238544564, 28.40276687391481], [70.39143330205204, 28.402686263766224], [70.39152596590114, 28.40259628838863], [70.39160951148943, 28.402497788174518], [70.39168315848028, 28.4023916831405], [70.39174621899237, 28.40227896433409], [70.39179810402477, 28.40216068457709], [70.39183832895834, 28.402037948631975], [70.39186651808214, 28.401911902883125], [70.39379751784897, 28.390774969602187], [70.39381277402721, 28.390654896935537], [70.39381710404813, 28.39053393641648], [70.39381047239439, 28.390413080231617], [70.39379293346259, 28.390293319711734], [70.39376463111698, 28.390175637200358], [70.39183363135015, 28.383493477231795], [70.39177592345483, 28.383332982273913], [70.389844923688, 28.378878208961538], [70.3897913997679, 28.378768705482454], [70.38972812196447, 28.378664533789813], [70.38965561660314, 28.37856656035191], [70.38957448676136, 28.378475600081863], [70.38948540725234, 28.378392409559392], [70.38938911901222, 28.37831768073784], [70.38928642293716, 28.3782520351887], [70.38609316551306, 28.37641034180831], [70.38609316551306, 28.370500176212857], [70.38608673022773, 28.370369182970588], [70.38606748634705, 28.37023945126485], [70.3860356192001, 28.37011223048289], [70.38599143568494, 28.36998874583038], [70.38593536131296, 28.369870186532033], [70.38586793611104, 28.369757694378695], [70.3857898094207, 28.369652352731304], [70.38570173364471, 28.36955517608751], [70.3856045570009, 28.36946710031151], [70.38549921535352, 28.369388973621177], [70.38538672320018, 28.369321548419247], [70.38526816390183, 28.369265474047275], [70.38514467924932, 28.36922129053211], [70.38501745846736, 28.369189423385166], [70.38488772676162, 28.36917017950448], [70.38475673351935, 28.369163744219144], [70.37531628182448, 28.369163744219144], [70.36200304973312, 28.36477612579911], [70.3618883618189, 28.364743918352488], [70.36177126152081, 28.36472205154037], [70.3616526792313, 28.364710699100282], [70.36153355711758, 28.364709951230328], [70.36141484163598, 28.36471981387253], [70.34403584373453, 28.366947200528717], [70.34390927589655, 28.36696965470241], [70.3437854507752, 28.367004164800164], [70.3436655139359, 28.367050411552555], [70.34355057497176, 28.367107967108748], [70.34344169723813, 28.367176298994753], [70.34333988801501, 28.3672547750396], [70.34324608918826, 28.367342669223845], [70.34316116853567, 28.367439168396334], [70.34308591169885, 28.36754337979705], [70.34302101491481, 28.367654339316463], [70.34296707857476, 28.367771020414963], [70.34292460166957, 28.367892343619882], [70.34289397717342, 28.368017186512198], [70.34287548840818, 28.36814439411058], [70.34286930642227, 28.36827278955667], [70.34286930642227, 28.371955568495935], [70.33967604899817, 28.373797261876327], [70.33955869541397, 28.37387339637046], [70.33944994292244, 28.373961380576485], [70.33935098303758, 28.37406025052192], [70.33926289998358, 28.374168922967932], [70.33918665881596, 28.374286207277553], [70.3353246592823, 28.380968367246115], [70.33526104580488, 28.38109308950706], [70.33521082972132, 28.381223782513143], [70.33517456216477, 28.3813590118784], [70.33515264118002, 28.38149729342928], [70.33514530735496, 28.381637109493795], [70.33514530735496, 28.390188234537334], [70.33152644634218, 28.39644970815499], [70.32814761062295, 28.40034715740577], [70.31910274144722, 28.40034715740577], [70.318975741824, 28.400353205406223], [70.3188498916701, 28.400371294667334], [70.318726330051, 28.400401261463806], [70.31860617531876, 28.400442834567183], [70.31849051498979, 28.4004956377007], [70.31838039590184, 28.400559192944982], [70.31827681473906, 28.400632925063658], [70.31818070901107, 28.4007161667098], [70.31809294856757, 28.40080816446608], [70.31269961248833, 28.40702931737433], [70.3038435905637, 28.40702931737433], [70.2964574377468, 28.40489935618692], [70.29293123365217, 28.402865637674292], [70.28921653805764, 28.398580777809894], [70.28911321729787, 28.398474185039948], [70.28899871202464, 28.39837970890326], [70.28887443506214, 28.39829851509439], [70.28501243552849, 28.3960711284382], [70.28488787754445, 28.39600772714158], [70.28475737921073, 28.395957681155757], [70.2846223678155, 28.395921537844384], [70.28448432000724, 28.395899692514583], [70.28434474564433, 28.395892384093393], [70.27697851695332, 28.395892384093393], [70.27015228945714, 28.39195539551932], [70.26829440106422, 28.374810967493275], [70.2682731366409, 28.37467784892403], [70.26823856978031, 28.37454754980152], [70.26819105219379, 28.374421395894924], [70.2681310673639, 28.374300670796618], [70.26805922562504, 28.374186602861883], [70.26797625795345, 28.374080352710592], [70.26788300852965, 28.373983001418146], [70.2677804261491, 28.37389553951571], [70.26198742684862, 28.369440766203336], [70.26188473425705, 28.369369191388223], [70.26177579553284, 28.369307538514086], [70.26166156637723, 28.3692563484513], [70.2615430489035, 28.369216070281738], [70.2538190498362, 28.36698868362555], [70.25369743161988, 28.366959698693496], [70.25357363699182, 28.36694220564086], [70.2534487493751, 28.366936357562956], [70.24415152091726, 28.366936357562956], [70.24098220719351, 28.365108473577983], [70.23734808733967, 28.356724640282405], [70.2354448594744, 28.34794323197028], [70.23541132276787, 28.347818126642522], [70.23536583302823, 28.347696855305], [70.23530881753247, 28.347580557037766], [70.235240811817, 28.34747032420972], [70.23516245464735, 28.347367192218158], [70.23507448201848, 28.347272129763496], [70.23497772024157, 28.347186029750425], [70.2348730781828, 28.347109700901015], [70.23476153872633, 28.34704386015855], [70.2346441495424, 28.34698912595338], [70.2345220132467, 28.346946012394145], [70.23439627704369, 28.346914924438813], [70.23426812195108, 28.346896154091013], [70.23413875170682, 28.34688987765727], [70.23088688183158, 28.34688987765727], [70.22775118463322, 28.34327288597376], [70.22775118463322, 28.317042896464358], [70.22774474934789, 28.31691190322209], [70.2277255054672, 28.31678217151635], [70.22769363832026, 28.31665495073439], [70.2276494548051, 28.31653146608188], [70.22759338043312, 28.316412906783533], [70.2275259552312, 28.316300414630195], [70.22744782854086, 28.316195072982804], [70.22735975276487, 28.31609789633901], [70.22726257612106, 28.31600982056301], [70.22715723447368, 28.315931693872677], [70.22704474232034, 28.315864268670747], [70.22692618302199, 28.315808194298775], [70.22680269836948, 28.31576401078361], [70.22667547758752, 28.315732143636666], [70.22654574588178, 28.31571289975598], [70.22641475263951, 28.315706464470644], [70.22316288276427, 28.315706464470644], [70.21997437073442, 28.3120285514691], [70.21616518603226, 28.27687773551437], [70.21616518603226, 28.26135823005967], [70.21615875074693, 28.2612272368174], [70.21613950686624, 28.261097505111664], [70.2161076397193, 28.2609702843297], [70.21606345620414, 28.260846799677193], [70.21600738183216, 28.260728240378846], [70.21593995663024, 28.260615748225508], [70.2158618299399, 28.260510406578117], [70.2157737541639, 28.260413229934322], [70.2156765775201, 28.260325154158323], [70.21557123587272, 28.26024702746799], [70.21545874371938, 28.26017960226606], [70.21534018442102, 28.260123527894088], [70.21521669976852, 28.260079344378923], [70.21508947898656, 28.26004747723198], [70.21495974728082, 28.260028233351292], [70.21482875403855, 28.260021798065956], [70.19253404157035, 28.260021798065956], [70.19095194770479, 28.256371942871226], [70.19089842378469, 28.25626243939214], [70.19083514598125, 28.2561582676995], [70.19076264061992, 28.256060294261598], [70.19068151077815, 28.25596933399155], [70.19059243126912, 28.25588614346908], [70.19049614302901, 28.25581141464753], [70.19039344695395, 28.25574576909839], [70.1865314474203, 28.253518382442202], [70.18640688943626, 28.25345498114558], [70.18627639110254, 28.253404935159757], [70.18614137970731, 28.253368791848384], [70.18600333189904, 28.253346946518583], [70.18586375753614, 28.253339638097394], [70.17102588905993, 28.253339638097394], [70.16769819967692, 28.249501185573987], [70.16588293570292, 28.24531341214947], [70.16397565886453, 28.238713344579608], [70.1639326066328, 28.238588025974423], [70.16387735592924, 28.23846758674818], [70.1638104499107, 28.238353210910933], [70.1637325463147, 28.238246022864985], [70.16364441099343, 28.238147076351122], [70.16354691038474, 28.23805734408955], [70.16344100299447, 28.237977708217294], [70.1633277299736, 28.237908951616117], [70.16320820488289, 28.2378517502162], [70.16308360274574, 28.23780666635123], [70.16295514849683, 28.237774143230205], [70.16282410494007, 28.23775450058038], [70.16269176033421, 28.23774793150408], [70.15750889069214, 28.23774793150408], [70.14664919442647, 28.225221393195824], [70.14664919442647, 28.221265270248296], [70.14664224358857, 28.221129144092956], [70.14662146337805, 28.220994433933107], [70.14658706995237, 28.220862541034943], [70.14653942107479, 28.22073483735927], [70.14647901239286, 28.22061265129025], [70.14640647228266, 28.22049725381745], [70.14632255531242, 28.220389845314894], [70.14246055577877, 28.21593507200252], [70.14236959023559, 28.21584002962603], [70.14226972076459, 28.21575439159629], [70.1421619151543, 28.215678987791566], [70.1420472180987, 28.215614548915013], [70.14192674107352, 28.21556169941378], [70.14180165156552, 28.215520951427767], [70.14167316175886, 28.215492699826726], [70.14154251678843, 28.215477218383775], [70.14141098267379, 28.21547465712236], [70.14127983405078, 28.21548504086248], [70.14115034181964, 28.215508268980134], [70.13936760546517, 28.215919542273447], [70.13433689349021, 28.215919542273447], [70.13307921549648, 28.217370259787327], [70.1314953429855, 28.21773565563632], [70.13137506857889, 28.21776939402502], [70.13125846966834, 28.217814214843976], [70.13114656494513, 28.217869726506525], [70.1310403320888, 28.21793544402316], [70.1309406992254, 28.21801079323875], [70.13084853681877, 28.21809511584877], [70.13076465006547, 28.218187675150702], [70.13068977186002, 28.21828766248043], [70.13062455639191, 28.218394204277267], [70.13056957342998, 28.21850636971604], [70.12863857366315, 28.222961143028414], [70.12859072328511, 28.223089085385503], [70.1285561828393, 28.22322124386241], [70.12853531317046, 28.22335623779686], [70.12852833230444, 28.223492656904483], [70.12852833230444, 28.22744877985201], [70.12499297188484, 28.231526778595832], [70.12491049502472, 28.23163214035689], [70.12483896717629, 28.231745221301548], [70.1247791053412, 28.231864887896087], [70.12473150958, 28.23198994059163], [70.12469665699692, 28.23211912584853], [70.12299395469779, 28.23997531816027], [70.12198860756372, 28.23997531816027], [70.11426460849643, 28.238193408835322], [70.11361593667974, 28.238193408835322], [70.11007597412807, 28.236151755209455], [70.11171197701559, 28.224829088898197], [70.11441676616353, 28.224829088898197], [70.1145477594058, 28.22482265361286], [70.11467749111154, 28.224803409732175], [70.1148047118935, 28.22477154258523], [70.114928196546, 28.224727359070066], [70.11504675584436, 28.224671284698093], [70.1151592479977, 28.224603859496163], [70.11526458964508, 28.22452573280583], [70.11536176628888, 28.22443765702983], [70.11544984206488, 28.224340480386036], [70.11552796875522, 28.224235138738646], [70.11559539395714, 28.224122646585307], [70.11565146832912, 28.22400408728696], [70.11569565184428, 28.223880602634452], [70.11572751899122, 28.22375338185249], [70.11574676287191, 28.223623650146752], [70.11575319815724, 28.223492656904483], [70.11575319815724, 28.212355723623546], [70.11574676287191, 28.212224730381276], [70.11572751899122, 28.21209499867554], [70.11569565184428, 28.211967777893577], [70.11565146832912, 28.211844293241068], [70.11559539395714, 28.21172573394272], [70.11552796875522, 28.211613241789383], [70.11544984206488, 28.211507900141992], [70.11536176628888, 28.211410723498197], [70.11526458964508, 28.2113226477222], [70.1151592479977, 28.211244521031865], [70.11504675584436, 28.211177095829935], [70.114928196546, 28.211121021457963], [70.1148047118935, 28.211076837942798], [70.11467749111154, 28.211044970795854], [70.1145477594058, 28.211025726915167], [70.11441676616353, 28.21101929162983], [70.10476176732939, 28.21101929162983], [70.10463258319804, 28.211025549975474], [70.1045046089733, 28.211044266398275], [70.10437904323007, 28.211075265604862], [70.10425706198602, 28.211118257264328], [70.1041398076873, 28.21117283872744], [70.10402837850867, 28.211238498797716], [70.1039238180682, 28.211314622519193], [70.10382710565312, 28.211400496935937], [70.10373914704796, 28.211495317769412], [70.10366076605126, 28.211598196951165], [70.10359269676003, 28.21170817094024], [70.1035355766944, 28.211824209747476], [70.10195348282883, 28.215474064942207], [70.09703776826208, 28.215474064942207], [70.0969044316425, 28.215480733114898], [70.09677242559809, 28.215500671090826], [70.09664306742609, 28.215533679907573], [70.09651764800046, 28.215579430167924], [70.09639741889015, 28.215637465326935], [70.09628357986959, 28.215707206247824], [70.09617726694609, 28.215787956981213], [70.09607954102349, 28.215878911710064], [70.09599137731541, 28.215979162790983], [70.09591365561346, 28.21608770981164], [70.09584715150777, 28.216203469573966], [70.09579252864731, 28.216325286903448], [70.0957503321173, 28.216451946176708], [70.09572098299978, 28.216582183452278], [70.09403122466827, 28.22632777023185], [70.08678820165483, 28.224656821007752], [70.08678820165483, 28.205673563654983], [70.08678162688093, 28.20554116180939], [70.0867619672504, 28.20541006270453], [70.08672941620009, 28.205281556263085], [70.08668429400937, 28.205156906897766], [70.0866270446488, 28.20503734107037], [70.08655823141164, 28.204924035224266], [70.08647853137163, 28.20481810420903], [70.08638872872088, 28.2047205903111], [70.08628970705415, 28.20463245299843], [70.08618244067473, 28.204554559479977], [70.08606798500814, 28.204487676173002], [70.08594746621735, 28.20443246116205], [70.08582207012222, 28.204389457723863], [70.07906420258752, 28.20244067654977], [70.07906420258752, 28.194536630374046], [70.07905776730219, 28.194405637131776], [70.0790385234215, 28.19427590542604], [70.07900665627456, 28.194148684644077], [70.0789624727594, 28.194025199991568], [70.07890639838742, 28.19390664069322], [70.0788389731855, 28.193794148539883], [70.07876084649516, 28.193688806892492], [70.07867277071917, 28.193591630248697], [70.07857559407536, 28.1935035544727], [70.07847025242798, 28.193425427782365], [70.07835776027464, 28.193358002580435], [70.07823920097628, 28.193301928208463], [70.07811571632378, 28.193257744693298], [70.07798849554182, 28.193225877546354], [70.07785876383608, 28.193206633665667], [70.07772777059381, 28.19320019838033], [70.06807277175967, 28.19320019838033], [70.06794579758999, 28.193206243951217], [70.06781997219757, 28.193224325967584], [70.06769643396629, 28.19325428083547], [70.06757630058738, 28.193295837543275], [70.06746065894717, 28.193348620113742], [70.0673505552938, 28.193412151005518], [70.0672469857714, 28.193485855433636], [70.06715088740765, 28.193569066569786], [70.0670631296362, 28.193661031575324], [70.06698450643059, 28.19376091841247], [70.06691572912095, 28.193867823372003], [70.06685741995831, 28.193980779249436], [70.06681010648492, 28.19409876409563], [70.06677421676144, 28.194220710462705], [70.06675007549403, 28.19434551506159], [70.06494245886215, 28.20685590859303], [70.05831327662828, 28.20876758050294], [70.0423752070178, 28.206724871033895], [70.0423752070178, 28.199032742661515], [70.04430365180642, 28.167890589418345], [70.04430542561975, 28.1677623031136], [70.04429488986473, 28.167634437871], [70.04427214164055, 28.167508172116758], [70.0442373905984, 28.16738466953594], [70.04419095700938, 28.167265068347785], [70.04413326881273, 28.167150470815667], [70.04406485767198, 28.167041933088495], [70.04398635407497, 28.166940455467046], [70.04389848152321, 28.166846973185063], [70.04380204986397, 28.166762347789973], [70.0436979478266, 28.166687359202744], [70.04358713483187, 28.166622698530006], [70.0434706321498, 28.166568961694693], [70.04334951348744, 28.16652664394395], [70.04322489509347, 28.166496135284827], [70.04309792547062, 28.16647771688993], [70.04296977479092, 28.166471558506082], [70.03524577572361, 28.166471558506082], [70.03513676629962, 28.16647601173897], [70.03502848335381, 28.166489341759668], [70.02224896907224, 28.168595202751053], [70.01727221004904, 28.162854566822574], [70.01727221004904, 28.158898443875046], [70.01726522918302, 28.158762024767423], [70.01724435951418, 28.158627030832974], [70.01720981906837, 28.158494872356066], [70.01716196869033, 28.158366929998977], [70.01329996915668, 28.149457383374227], [70.01323964479577, 28.149335593106148], [70.01316726267775, 28.149220559515804], [70.01308357140134, 28.149113472316895], [70.00535957233403, 28.140203925692145], [70.00527129495663, 28.14011143551929], [70.00517458315038, 28.140027804460665], [70.00507032209718, 28.13995379797297], [70.00495946607553, 28.139890093421325], [69.98781092943577, 28.131098695458984], [69.98238008995791, 28.12483428279945], [69.98058321447932, 28.11861625543469], [69.98058321447932, 28.098759004157984], [69.98057715776163, 28.098631913250397], [69.9805590425067, 28.0985059742963], [69.9805290329114, 28.098382328807865], [69.9804874009831, 28.09826209750926], [69.98043452407404, 28.09814637017839], [69.98037088146118, 28.09803619576916], [69.98029705000192, 28.09793257290372], [69.98021369890546, 28.09783644082094], [69.98012158366714, 28.097748670863158], [69.98002153922056, 28.097670058578313], [69.97991447236977, 28.097601316509078], [69.97672121494567, 28.095759623128686], [69.97672121494567, 28.089849457533234], [69.97671426410777, 28.089713331377894], [69.97669348389725, 28.089578621218045], [69.97665909047157, 28.08944672831988], [69.97661144159399, 28.089319024644208], [69.97655103291206, 28.089196838575187], [69.97647849280186, 28.089081441102387], [69.97639457583162, 28.088974032599832], [69.97253257629797, 28.084519259287458], [69.97244217720556, 28.084424753533764], [69.97234297393956, 28.084339535898266], [69.97223591647673, 28.08426442243048], [69.97212203000622, 28.084200132421774], [69.97200240511211, 28.084147281517374], [69.96706621611153, 28.082249335230486], [69.96706621611153, 28.07648513759611], [69.96705923524551, 28.076348718488486], [69.96703836557667, 28.076213724554037], [69.96700382513086, 28.07608156607713], [69.96695597475282, 28.07595362372004], [69.965024974986, 28.071498850407664], [69.96496465062509, 28.071377060139586], [69.96489226850707, 28.071262026549242], [69.96480857723066, 28.071154939350333], [69.96127321681105, 28.067076940606512], [69.96127321681105, 28.063120817658984], [69.96126678152572, 28.062989824416714], [69.96124753764504, 28.062860092710977], [69.96121567049809, 28.062732871929015], [69.96117148698293, 28.062609387276506], [69.96111541261095, 28.06249082797816], [69.96104798740903, 28.06237833582482], [69.96096986071869, 28.06227299417743], [69.9608817849427, 28.062175817533635], [69.9607846082989, 28.062087741757637], [69.96067926665151, 28.062009615067304], [69.96056677449818, 28.061942189865373], [69.96044821519982, 28.0618861154934], [69.96032473054731, 28.061841931978236], [69.96019750976535, 28.061810064831292], [69.96006777805961, 28.061790820950606], [69.95993678481734, 28.06178438566527], [69.95221278575004, 28.06178438566527], [69.95208578612682, 28.061790433665724], [69.95195993597291, 28.061808522926835], [69.95183637435382, 28.061838489723307], [69.95171621962157, 28.061880062826685], [69.9516005592926, 28.061932865960202], [69.95149044020465, 28.061996421204483], [69.95138685904188, 28.06207015332316], [69.95129075331388, 28.0621533949693], [69.95120299287038, 28.062245392725583], [69.94734099333672, 28.066700166037958]], [[70.28561756171538, 28.59378945400045], [70.28994170236685, 28.596637355586253], [70.28632346060246, 28.59457503383957], [70.28561756171538, 28.59378945400045]], [[70.23445956372818, 28.525654851731357], [70.23465624642894, 28.52588101149579], [70.2346829062747, 28.52659163768785], [70.23445956372818, 28.525654851731357]], [[70.21050550920128, 28.476228971209977], [70.2115273474132, 28.477173118850832], [70.21064559407405, 28.47717090607888], [70.21050550920128, 28.476228971209977]], [[70.20742060145317, 28.44501519725714], [70.20746712842634, 28.44510344781834], [70.20698951483956, 28.44630901928977], [70.20742060145317, 28.44501519725714]], [[70.20052549681527, 28.43494653622482], [70.20087544703983, 28.43260060179302], [70.20332538035939, 28.437247540452606], [70.20052549681527, 28.43494653622482]], [[70.0110335738063, 28.36345552443332], [70.00790146160173, 28.363173543693158], [70.0068112873157, 28.361765073519145], [70.0110335738063, 28.36345552443332]], [[69.98401078268276, 28.47159206343776], [69.98442123497622, 28.471580510896764], [69.98398127835706, 28.471726598201275], [69.98401078268276, 28.47159206343776]], [[69.9713012546796, 28.431324635684103], [69.97335825547401, 28.431551132850267], [69.97549185875732, 28.435039920637017], [69.9713012546796, 28.431324635684103]], [[69.96109195664184, 28.422273326928593], [69.96255058818429, 28.422310918099306], [69.96409982742556, 28.424940030071095], [69.96109195664184, 28.422273326928593]], [[69.94891818723363, 28.413048081575308], [69.94904100407213, 28.413070703348346], [69.94908687234671, 28.413144442371884], [69.94891818723363, 28.413048081575308]], [[69.94114148186186, 28.389862423412012], [69.94167632975899, 28.387150257754232], [69.94122997397656, 28.390580975107888], [69.94114148186186, 28.389862423412012]]]}}, {"type": "Feature", "properties": {"na": "NA-174", "src": "sheet-split: ryk_na174.jpg + ryk_na172_173.jpg, outline-fit", "approx": false, "rms_km": 5.79}, "geometry": {"type": "MultiPolygon", "coordinates": [[[[70.026107788, 27.930120468], [70.019386292, 27.93176651], [70.000823975, 27.937433243], [69.994277954, 27.942466736], [69.991661072, 27.944425583], [69.98952389813768, 27.946994423554603], [69.987808228, 27.949056625], [69.982086182, 27.957351685], [69.981178628, 27.958469584], [69.977874756, 27.962543488], [69.973907471, 27.966917038], [69.97228241, 27.971035004], [69.97015380900001, 27.977434158], [69.96786499000001, 27.980718612], [69.963790894, 27.984859467], [69.962909549, 27.985753775], [69.958488465, 27.990240097], [69.952316284, 27.996732712], [69.947395325, 28.00271225], [69.94528961200001, 28.004808426], [69.938819885, 28.010307312], [69.93045806900001, 28.018177032], [69.922729492, 28.025442123], [69.92200313272055, 28.026375221248088], [69.921967113645, 28.026421492201386], [69.917486163, 28.032177827], [69.916099548, 28.033958435], [69.913578955, 28.037039117], [69.907066345, 28.044994354], [69.9014122240394, 28.051900803360283], [69.898101807, 28.055944443], [69.89688564737256, 28.0575936242373], [69.883552551, 28.075674057], [69.878792793, 28.080198507], [69.87673187300001, 28.084127426], [69.874984741, 28.090345383], [69.87322235100001, 28.094032288], [69.87169647200001, 28.096067429], [69.869415937, 28.0993935], [69.865158081, 28.104574203], [69.847450256, 28.131576538], [69.845115662, 28.133245468], [69.844642639, 28.134313583], [69.844642639, 28.135782242], [69.845687866, 28.139894485], [69.846489042, 28.143729985], [69.847717285, 28.149559021], [69.847671509, 28.152608871], [69.84683990500001, 28.155653], [69.84593963600001, 28.158050537], [69.842941284, 28.16378212], [69.842689514, 28.165502548], [69.843864441, 28.169807434], [69.843421936, 28.170099258], [69.84167480500001, 28.170227051], [69.841293335, 28.170022964], [69.839164734, 28.166473389], [69.838615417, 28.166244507], [69.838195801, 28.166318894], [69.837654114, 28.166650772], [69.83760070800001, 28.167535782], [69.83769989000001, 28.169696808], [69.838737488, 28.17300415], [69.84236145, 28.179944992], [69.846916199, 28.182216644], [69.847496033, 28.183786392], [69.850097656, 28.186182022], [69.85358428900001, 28.191205978], [69.857078552, 28.194704056], [69.857635498, 28.197050095], [69.85687255900001, 28.197937012], [69.855293274, 28.200391769], [69.85231781, 28.203557968], [69.851646423, 28.206245422], [69.851585388, 28.206848145], [69.845962524, 28.212482452], [69.845062256, 28.213443756], [69.844367981, 28.215141296], [69.843643188, 28.219240189], [69.843643188, 28.220937729], [69.842689514, 28.22211647], [69.842430115, 28.224187851], [69.842514038, 28.226234436], [69.842086792, 28.227315903], [69.837669372, 28.230602264], [69.836143494, 28.232116699], [69.834823608, 28.234161377], [69.83326721200001, 28.236566544], [69.83274483000001, 28.237551838], [69.832206604, 28.23960729], [69.83164978, 28.241128921], [69.831878662, 28.242937088], [69.832481384, 28.245098114], [69.832687378, 28.246131897], [69.832397461, 28.247581482], [69.833061218, 28.249610901], [69.836349487, 28.252889633], [69.836517334, 28.253664017], [69.836151123, 28.254684448], [69.834732056, 28.256534576], [69.831359863, 28.259279251], [69.83114624000001, 28.260002136], [69.831459045, 28.260782242], [69.832336426, 28.262002945], [69.834617615, 28.264863968], [69.836425781, 28.267351151], [69.836715698, 28.268774033], [69.836402893, 28.269365311], [69.83538055400001, 28.269598007], [69.834365845, 28.269571304], [69.832115173, 28.268915176], [69.829414368, 28.268720627], [69.825965881, 28.269147873], [69.822311401, 28.270084381], [69.820114136, 28.271095276], [69.818283081, 28.272462845], [69.816261292, 28.275156021], [69.815475464, 28.277183533], [69.815312319, 28.278250207], [69.814888, 28.280424118], [69.814537048, 28.283786774], [69.813560486, 28.287233353], [69.812232971, 28.295413971], [69.811958313, 28.296014786], [69.81114959700001, 28.297798157], [69.81018829300001, 28.30251503], [69.81048584, 28.305826187], [69.81111908, 28.306865692], [69.812767029, 28.308559418], [69.81273651100001, 28.30956459], [69.812385559, 28.311603546], [69.812713623, 28.312795639], [69.814926148, 28.315784454], [69.815559387, 28.317380905], [69.81797027600001, 28.32081604], [69.817581177, 28.321380615], [69.81722156000856, 28.321637426665916], [69.815879822, 28.322595596], [69.814994812, 28.323881149], [69.814971924, 28.324562073], [69.816243475, 28.326175946], [69.817122321, 28.327572663], [69.818687439, 28.3301754], [69.819786072, 28.332572937], [69.82031023383266, 28.3352060327242], [69.820762634, 28.337478638], [69.82069397, 28.339593887], [69.81967926, 28.342252731], [69.81664276100001, 28.345790863], [69.81602478, 28.347391129], [69.81565094, 28.349035263], [69.81569644771646, 28.34982254577903], [69.81570424817203, 28.349957493537637], [69.815727234, 28.350355148], [69.816490173, 28.35436058], [69.816490173, 28.355543137], [69.815933228, 28.358066559], [69.815071106, 28.359445572], [69.812942505, 28.361927033], [69.811904907, 28.362365723], [69.80955521300001, 28.362601317], [69.805267334, 28.361965179], [69.801307678, 28.362726211], [69.79907226600001, 28.363723755], [69.796836853, 28.365659714], [69.796440125, 28.366828919], [69.795974732, 28.371234894], [69.795341492, 28.371793747], [69.79420471200001, 28.371871948], [69.79372406, 28.371644974], [69.793510437, 28.370883942], [69.793258667, 28.368082046], [69.792472839, 28.367841721], [69.791900635, 28.367898941], [69.791267395, 28.368743896], [69.790313721, 28.370517731], [69.78994751, 28.371837616], [69.789924622, 28.372797012], [69.790283203, 28.374279022], [69.79145050000001, 28.375745773], [69.793380737, 28.377614975], [69.794303894, 28.379882813], [69.792640686, 28.380434036], [69.786994934, 28.380758286], [69.78490448, 28.380058288], [69.78417205800001, 28.380039215], [69.780036926, 28.381227493], [69.770988464, 28.383041382], [69.767929077, 28.38407135], [69.764381409, 28.384519577], [69.762840271, 28.38448143], [69.761901855, 28.384708405], [69.761039734, 28.386339188], [69.759269714, 28.390907287], [69.757046312, 28.393749705], [69.754234314, 28.397344589], [69.752601624, 28.400348663], [69.751922608, 28.4010849], [69.75149536100001, 28.401935577], [69.75138881, 28.402932465], [69.781168289, 28.399743184], [69.782945705, 28.399552906], [69.784279663, 28.399410101], [69.785565607, 28.399150911], [69.78727988700001, 28.398805387], [69.797140939, 28.39681783], [69.799710825, 28.396299854], [69.800851506, 28.395516343], [69.80140843800001, 28.395133842], [69.80201409, 28.394794185], [69.803903006, 28.394573228], [69.804335678, 28.394522618], [69.80476849, 28.39447199], [69.805386369, 28.394452476], [69.806590869, 28.394414949], [69.807354387, 28.394520361], [69.808058445, 28.394651658], [69.809128907, 28.394851757], [69.80992919, 28.395162467], [69.812346906, 28.396101148], [69.812757562, 28.396260586], [69.813481286, 28.396655777], [69.815669574, 28.397850699], [69.816403138, 28.398251262], [69.817124394, 28.398743442], [69.818953776, 28.3999918], [69.81957972500001, 28.400418893], [69.820519259, 28.401060075], [69.82120463000001, 28.401629381], [69.82197728700001, 28.402271191], [69.823345067, 28.403407453], [69.824370739, 28.404259322], [69.82515939000001, 28.405173157], [69.826011008, 28.406159954], [69.826977602, 28.407279908], [69.827319129, 28.407695709], [69.828692736, 28.409560433], [69.829209197, 28.410261549], [69.830139656, 28.411891943], [69.830719572, 28.413608344], [69.830834534, 28.414156681], [69.831117442, 28.415506449], [69.831260351, 28.416187709], [69.831991564, 28.418651764], [69.832861437, 28.419838106], [69.833844146, 28.42047776], [69.834830626, 28.421119869], [69.836770361, 28.422359861], [69.837409937, 28.422768715], [69.83822935, 28.423078986], [69.83970174000001, 28.423636162], [69.841780619, 28.424388262], [69.843022677, 28.424837621], [69.844611435, 28.424826474], [69.847618703, 28.424805378], [69.848152133, 28.424801628], [69.848757595, 28.424770649], [69.84965375, 28.424710688], [69.850549943, 28.424650725], [69.852340362, 28.42453093], [69.85534928300001, 28.424098423], [69.856045179, 28.423998394], [69.856670819, 28.423908464], [69.857637692, 28.42376952], [69.858719576, 28.423971898], [69.860953206, 28.424391953], [69.862789032, 28.425042125], [69.863540396, 28.425309066], [69.864107231, 28.425754354], [69.864543983, 28.426135466], [69.865192966, 28.427368617], [69.865135258, 28.428299861], [69.865077088, 28.429238703], [69.864874076, 28.430097035], [69.864566979, 28.431234544], [69.862857008, 28.435090533], [69.86188739100001, 28.43740712], [69.861329069, 28.43873997], [69.860396131, 28.440216493], [69.85992932, 28.440955296], [69.859533733, 28.441581266], [69.858826195, 28.442689342], [69.858258891, 28.443528225], [69.856348106, 28.446354041], [69.855877331, 28.447049886], [69.855633384, 28.447500796], [69.854770443, 28.449095857], [69.853913086, 28.450680246], [69.85351276, 28.45142089], [69.853269274, 28.452794388], [69.853037494, 28.454101821], [69.85349733000001, 28.455649751], [69.854088861, 28.456630376], [69.85540880100001, 28.457311851], [69.856305717, 28.45748037], [69.856832214, 28.457579288], [69.85862722600001, 28.457817869], [69.859112675, 28.457882344], [69.859550244, 28.457940551], [69.860081987, 28.457898604], [69.861392294, 28.457795239], [69.861878357, 28.45773966], [69.864035063, 28.457291922], [69.865620901, 28.456786228], [69.866859727, 28.456388302], [69.868112325, 28.45537054], [69.868794077, 28.454816361], [69.869378613, 28.454327364], [69.87117009100001, 28.452818981], [69.873067381, 28.451326891], [69.87401791100001, 28.450579364], [69.875748852, 28.448860108], [69.877065388, 28.447281362], [69.879219539, 28.444698174], [69.880998259, 28.443241394], [69.882699038, 28.441848447], [69.884749578, 28.439414211], [69.88545989100001, 28.438570985], [69.886663177, 28.437235009], [69.887589738, 28.43620632], [69.888380988, 28.435327833], [69.889310166, 28.434405165], [69.892708986, 28.431030159], [69.893368998, 28.430293839], [69.893654014, 28.429975871], [69.89450037200001, 28.429031658], [69.895590551, 28.428358114], [69.896129582, 28.428025085], [69.897479521, 28.427219217], [69.898654416, 28.426909251], [69.899265309, 28.426752984], [69.902610459, 28.42616924], [69.905252833, 28.42605878], [69.906440379, 28.426009136], [69.907446835, 28.426164037], [69.9076309871017, 28.426192379240163], [69.90783618075282, 28.42622395991552], [69.910297075, 28.426602708], [69.910891437, 28.426694184], [69.911914084, 28.426975841], [69.912341301, 28.427103624], [69.913195525, 28.427359128], [69.9132232038144, 28.42736740691249], [69.91297857590897, 28.425956529133902], [69.91294987558652, 28.425828629673475], [69.91290878376081, 28.425704157016458], [69.9128556957392, 28.425584308602], [69.91279112223367, 28.42547023738359], [69.91271568444768, 28.42536304073752], [69.91263010810007, 28.425263749906023], [69.91253521644376, 28.425173320076624], [69.91243192234572, 28.425092621193137], [69.9123986472802, 28.42507152299644], [69.91248771735482, 28.425008120297182], [69.91258382308281, 28.42492487865104], [69.91267158352632, 28.42483288089476], [69.91653358305997, 28.420378107582383], [69.9166101447647, 28.420281068280136], [69.91667741352163, 28.420177370473237], [69.91673481389702, 28.42006790121857], [69.91678185487376, 28.41995359694341], [69.91681813405162, 28.419835435435015], [69.91684334108949, 28.41971442747637], [69.91685726036005, 28.41959160819971], [69.92063606703407, 28.36292706158182], [69.92517878901445, 28.36292706158182], [69.92531836337736, 28.362919753160632], [69.92545641118562, 28.36289790783083], [69.92559142258085, 28.362861764519458], [69.92572192091457, 28.362811718533635], [69.9258464788986, 28.362748317237013], [69.92970847843226, 28.360520930580826], [69.92981554528305, 28.36045218851159], [69.92991558972963, 28.360373576226745], [69.93000770496795, 28.360285806268962], [69.93009105606441, 28.360189674186184], [69.93016488752367, 28.360086051320742], [69.93022853013653, 28.359975876911513], [69.93028140704558, 28.359860149580644], [69.9303230389739, 28.359739918282038], [69.93035304856919, 28.359616272793602], [69.93037116382412, 28.359490333839506], [69.93037722054181, 28.35936324293192], [69.93037722054181, 28.348226309650983], [69.93037116382412, 28.348099218743396], [69.93035304856919, 28.3479732797893], [69.9303230389739, 28.347849634300864], [69.93028140704558, 28.34772940300226], [69.93022853013653, 28.34761367567139], [69.93016488752367, 28.34750350126216], [69.93009105606441, 28.34739987839672], [69.93000770496795, 28.34730374631394], [69.92991558972963, 28.347215976356157], [69.92981554528305, 28.347137364071312], [69.92970847843226, 28.347068622002077], [69.92663099627947, 28.345293701362642], [69.928266999167, 28.333971035051384], [69.93290278808176, 28.333971035051384], [69.93303378132403, 28.33396459976605], [69.93316351302977, 28.333945355885362], [69.93329073381173, 28.333913488738418], [69.93341421846424, 28.333869305223253], [69.9335327777626, 28.33381323085128], [69.93364526991593, 28.33374580564935], [69.93375061156331, 28.333667678959017], [69.93384778820712, 28.33357960318302], [69.93393586398311, 28.333482426539224], [69.93401399067345, 28.333377084891833], [69.93408141587537, 28.333264592738495], [69.93413749024735, 28.333146033440148], [69.93418167376251, 28.33302254878764], [69.93421354090945, 28.332895328005677], [69.93423278479014, 28.33276559629994], [69.93423922007547, 28.33263460305767], [69.93423922007547, 28.294769029902483], [69.93423250198806, 28.29463519641935], [69.93421241526791, 28.294502708466766], [69.9341791618622, 28.294372898047637], [69.9341330760929, 28.294247070245564], [69.93407462129558, 28.294126490103853], [69.93400438516107, 28.29401236990706], [69.93392307382707, 28.29390585699296], [69.93383150477872, 28.293808022217497], [69.93373059862982, 28.293719849188623], [69.93362136986721, 28.29364222437736], [69.93350491665132, 28.293575928205417], [69.93338240977556, 28.293521627199], [69.92844622077499, 28.29162368091211], [69.92844622077499, 28.28151971202319], [69.9302760508618, 28.270966269219873], [69.93763916274523, 28.26459631875216], [69.9377261990143, 28.26451391548021], [69.9378055024322, 28.264424045689555], [69.93787643514344, 28.264327432223418], [69.93793842662004, 28.264224852165942], [69.93799097825041, 28.264117130591927], [69.93957307211598, 28.260467275397197], [69.9425577869159, 28.260467275397197], [69.94268878015816, 28.26046084011186], [69.9428185118639, 28.260441596231175], [69.94294573264587, 28.26040972908423], [69.94306921729837, 28.260365545569066], [69.94318777659673, 28.260309471197093], [69.94330026875006, 28.260242045995163], [69.94340561039745, 28.26016391930483], [69.94350278704125, 28.26007584352883], [69.94359086281725, 28.259978666885036], [69.94366898950759, 28.259873325237646], [69.9437364147095, 28.259760833084307], [69.94379248908149, 28.25964227378596], [69.94383667259665, 28.259518789133452], [69.94386853974359, 28.25939156835149], [69.94388778362428, 28.259261836645752], [69.9438942189096, 28.259130843403483], [69.9438942189096, 28.245766523466358], [69.94388929816768, 28.245651944846113], [69.9438745721782, 28.245538209982715], [69.94194357241138, 28.234401276701778], [69.94191757469262, 28.234283298413622], [69.94188102926994, 28.23416814985768], [69.94183423477516, 28.234056771973364], [69.94177757359074, 28.233950074887954], [69.941711508725, 28.23384893047945], [69.94163658002873, 28.23375416525202], [69.93777458049507, 28.229299391939644], [69.93767729739058, 28.229198406926326], [69.93756996880028, 28.229108170852395], [69.93745377626529, 28.22902967709373], [69.93732999890668, 28.22896378975937], [69.93719999934402, 28.228911234178835], [69.93706520869489, 28.22887258891726], [69.92844622077499, 28.22688420766394], [69.92844622077499, 28.212355723623546], [69.92843972529244, 28.212224120621585], [69.92842030198496, 28.212093796884123], [69.92838813965939, 28.211966019240407], [69.92834355095394, 28.21184202977003], [69.92828696929902, 28.211723033729147], [69.92821894470416, 28.211610187834616], [69.92814013841146, 28.21150458901998], [69.92805131646803, 28.211407263772575], [69.92795334227935, 28.211319158155426], [69.9278471682166, 28.211241128610915], [69.92773382635887, 28.211173933635617], [69.92761441846079, 28.211118226407233], [69.92749010524273, 28.2110745484353], [69.92736209510785, 28.211043324297354], [69.91686022217402, 28.20902435878187], [69.91686022217402, 28.194536630374046], [69.9168540680257, 28.194408523668965], [69.91683566225933, 28.19428159680344], [69.91680517438867, 28.194157018750914], [69.91676288520149, 28.194035936852696], [69.91670918417356, 28.19391946625114], [69.91664456588161, 28.19380867961939], [69.91656962544842, 28.193704597282267], [69.91648505306179, 28.193608177819247], [69.91639162761811, 28.193520309236124], [69.91629020954878, 28.193441800786637], [69.91618173289585, 28.193373375519386], [69.91606719670966, 28.19331566361869], [69.91594765584775, 28.19326919660071], [69.91582421125979, 28.19323440241826], [69.90736732256681, 28.191283417094365], [69.90895700149872, 28.180281355774447], [69.91745478994714, 28.180281355774447], [69.91758578318941, 28.18027492048911], [69.91771551489515, 28.180255676608425], [69.91784273567711, 28.18022380946148], [69.91796622032962, 28.180179625946316], [69.91808477962797, 28.180123551574344], [69.91819727178131, 28.180056126372413], [69.9183026134287, 28.17997799968208], [69.9183997900725, 28.17988992390608], [69.91848786584849, 28.179792747262287], [69.91856599253883, 28.179687405614896], [69.91863341774075, 28.179574913461558], [69.91868949211273, 28.17945635416321], [69.91873367562789, 28.179332869510702], [69.91876554277484, 28.17920564872874], [69.91878478665552, 28.179075917023003], [69.91879122194085, 28.178944923780733], [69.91879122194085, 28.16558060384361], [69.91878516522316, 28.165453512936022], [69.91876704996822, 28.165327573981926], [69.91873704037293, 28.16520392849349], [69.91869540844462, 28.165083697194884], [69.91864253153557, 28.164967969864016], [69.91857888892271, 28.164857795454786], [69.91850505746345, 28.164754172589344], [69.91842170636698, 28.164658040506566], [69.91832959112867, 28.164570270548783], [69.91822954668208, 28.164491658263938], [69.9181224798313, 28.164422916194702], [69.9149292224072, 28.16258122281431], [69.9149292224072, 28.149988897250296], [69.91492231782554, 28.14985322361825], [69.91490167542462, 28.14971895188272], [69.91486750849944, 28.149587469454598], [69.91482017009206, 28.14946013492328], [69.91476014934352, 28.149338264018525], [69.9146880664398, 28.1492231160152], [69.91460466620333, 28.149115880721393], [69.91451081039703, 28.149017666184264], [69.9144074688197, 28.148929487240775], [69.90888849908038, 28.144685440619792], [69.90527422357306, 28.13634738778822], [69.90527422357306, 28.128213681053268], [69.90840992077142, 28.12459668936976], [69.91166179064666, 28.12459668936976], [69.91178676386853, 28.124590833254242], [69.9119106418493, 28.124573316229547], [69.91203233894636, 28.124544291811493], [69.91215078862992, 28.124504014364447], [69.9122649528299, 28.124452836872152], [69.91237383103338, 28.12439120784424], [69.91247646905288, 28.124319667385567], [69.91819923188407, 28.119918905394908], [69.92198447936495, 28.11773578505639], [69.92209214617397, 28.117666615883287], [69.9221927036422, 28.117587465950525], [69.92228522974584, 28.117499060993552], [69.92236887610169, 28.11740221160829], [69.92244287574601, 28.117297805818648], [69.92250655016701, 28.117186800934142], [69.92255931552606, 28.117070214772202], [69.92260068801112, 28.11694911632567], [69.92646268754477, 28.103584796388546], [69.9265014852801, 28.103404892782816], [69.928266999167, 28.091185889526948], [69.93869578738224, 28.091185889526948], [69.93882278700546, 28.091179841526493], [69.93894863715937, 28.091161752265382], [69.93907219877846, 28.09113178546891], [69.9391923535107, 28.091090212365533], [69.93930801383968, 28.091037409232015], [69.93941813292763, 28.090973853987734], [69.9395217140904, 28.09090012186906], [69.9396178198184, 28.090816880222917], [69.9397055802619, 28.090724882466635], [69.94356757979556, 28.08627010915426], [69.9436514967658, 28.086162700651705], [69.94372403687599, 28.086047303178905], [69.94378444555792, 28.085925117109884], [69.9438320944355, 28.08579741343421], [69.94386648786119, 28.085665520536047], [69.9438872680717, 28.0855308103762], [69.9438942189096, 28.08539468422086], [69.9438942189096, 28.07676232712106], [69.9475642262586, 28.068295702176105], [69.95269586752086, 28.06237641131535], [69.96053135259046, 28.064184040211902], [69.96053135259046, 28.06757559097136], [69.96053830342836, 28.0677117171267], [69.96055908363888, 28.067846427286547], [69.96059347706456, 28.06797832018471], [69.96064112594215, 28.068106023860384], [69.96070153462408, 28.068228209929405], [69.96077407473427, 28.068343607402205], [69.96085799170451, 28.06845101590476], [69.96458534430877, 28.07275047548848], [69.96632435189095, 28.07676232712106], [69.96632435189095, 28.08316729756467], [69.96633078717628, 28.08329829080694], [69.96635003105696, 28.083428022512678], [69.9663818982039, 28.08355524329464], [69.96642608171906, 28.08367872794715], [69.96648215609105, 28.083797287245496], [69.96654958129297, 28.083909779398834], [69.9666277079833, 28.084015121046225], [69.9667157837593, 28.08411229769002], [69.9668129604031, 28.084200373466018], [69.96691830205049, 28.08427850015635], [69.96703079420382, 28.08434592535828], [69.96714935350218, 28.084401999730254], [69.96727283815468, 28.08444618324542], [69.96740005893665, 28.084478050392363], [69.96752979064239, 28.08449729427305], [69.96766078388465, 28.084503729558385], [69.9709126537599, 28.084503729558385], [69.97597935072508, 28.09034810789808], [69.97597935072508, 28.096531617501796], [69.97598540744278, 28.096658708409382], [69.97600352269771, 28.096784647363478], [69.976033532293, 28.096908292851914], [69.97607516422131, 28.09702852415052], [69.97612804113037, 28.09714425148139], [69.97619168374322, 28.09725442589062], [69.97626551520248, 28.09735804875606], [69.97634886629895, 28.097454180838838], [69.97644098153727, 28.09754195079662], [69.97654102598385, 28.097620563081467], [69.97664809283464, 28.097689305150702], [69.97984135025874, 28.099530998531094], [69.97984135025874, 28.11880548406367], [69.9798472216532, 28.118930619852097], [69.97986478424657, 28.119054656113455], [69.97989388372213, 28.11917650298186], [69.98182488348895, 28.12585866295042], [69.98187247396928, 28.12599518011897], [69.9819345327152, 28.126125757694304], [69.98201033346565, 28.126248867553205], [69.98209898913962, 28.126363068965635], [69.98596098867327, 28.13081784227801], [69.98604926605067, 28.130910332450863], [69.98614597785692, 28.13099396350949], [69.98625023891012, 28.131067969997183], [69.98636109493177, 28.13113167454883], [70.00350963157153, 28.13992307251117], [70.01286033847946, 28.150709008455042], [70.01653034582846, 28.159175633399997], [70.01653034582846, 28.16335321718742], [70.01653729666636, 28.16348934334276], [70.01655807687688, 28.16362405350261], [70.01659247030256, 28.163755946400773], [70.01664011918014, 28.163883650076446], [70.01670052786207, 28.164005836145467], [70.01677306797227, 28.164121233618268], [70.0168569849425, 28.164228642120822], [70.02071898447616, 28.168683415433197], [70.0208133586786, 28.168781673774383], [70.02091724619648, 28.168869813296325], [70.02102956739841, 28.168946918025707], [70.02114915500756, 28.16901218666622], [70.02127476623234, 28.169064940925857], [70.02140509568183, 28.169104632565958], [70.02153878893189, 28.16913084909866], [70.0216744566007, 28.16914331807361], [70.0218106887877, 28.169141909909335], [70.02194606972562, 28.169126639239924], [70.03520258953343, 28.16694217531354], [70.04349690712706, 28.168855655848095], [70.04163589777542, 28.19890880476787], [70.04163334279721, 28.19899140368642], [70.04163334279721, 28.20790095031117], [70.04163977808254, 28.20803194355344], [70.04165902196323, 28.208161675259177], [70.04169088911017, 28.20828889604114], [70.04173507262533, 28.208412380693648], [70.04179114699731, 28.208530939991995], [70.04185857219923, 28.208643432145333], [70.04193669888957, 28.208748773792724], [70.04202477466556, 28.20884595043652], [70.04212195130937, 28.208934026212518], [70.04222729295675, 28.20901215290285], [70.04233978511009, 28.20907957810478], [70.04245834440844, 28.209135652476753], [70.04258182906095, 28.209179835991918], [70.04270904984291, 28.209211703138863], [70.04283878154865, 28.20923094701955], [70.04296977479092, 28.209237382304885], [70.05841777292554, 28.209237382304885], [70.05854266054226, 28.20923153422698], [70.05866645517033, 28.209214041174345], [70.05878807338664, 28.20918505624229], [70.06651207245395, 28.206957669586103], [70.06663288736377, 28.206916486084687], [70.0667492223272, 28.206863964665192], [70.06686001613862, 28.20680058442714], [70.06696425813868, 28.20672692352403], [70.06706099743357, 28.206643653889415], [70.06714935156901, 28.20655153510754], [70.06722851458004, 28.206451407484426], [70.06729776434294, 28.20634418438262], [70.06735646916253, 28.206230843889497], [70.06740409353439, 28.206112419895184], [70.06744020302979, 28.205989992661426], [70.06746446825849, 28.20586467896744], [70.0691952657095, 28.193885945837106], [70.07832233836693, 28.195640608559533], [70.07832233836693, 28.203446176998796], [70.07832891314082, 28.20357857884439], [70.07834857277136, 28.20370967794925], [70.07838112382167, 28.203838184390694], [70.07842624601238, 28.203962833756012], [70.07848349537296, 28.20408239958341], [70.07855230861011, 28.204195705429512], [70.07863200865013, 28.20430163644475], [70.07872181130088, 28.204399150342677], [70.07882083296761, 28.20448728765535], [70.07892809934702, 28.204565181173802], [70.07904255501361, 28.204632064480776], [70.07916307380441, 28.20468727949173], [70.07928846989954, 28.204730282929916], [70.08604633743424, 28.20667906410401], [70.08604633743424, 28.22572004356067], [70.08605277271957, 28.22585103680294], [70.08607201660026, 28.225980768508677], [70.0861038837472, 28.22610798929064], [70.08614806726236, 28.226231473943148], [70.08620414163434, 28.226350033241495], [70.08627156683626, 28.226462525394833], [70.0863496935266, 28.226567867042224], [70.08643776930259, 28.22666504368602], [70.0865349459464, 28.226753119462018], [70.08664028759378, 28.22683124615235], [70.08675277974712, 28.22689867135428], [70.08687133904547, 28.226954745726253], [70.08699482369798, 28.226998929241418], [70.08712204447994, 28.227030796388362], [70.08725177618568, 28.22705004026905], [70.08738276942795, 28.227056475554384], [70.09510676849526, 28.227056475554384], [70.09524010511484, 28.227049807381693], [70.09537211115925, 28.227029869405765], [70.09550146933125, 28.22699686058902], [70.09562688875688, 28.226951110328667], [70.09574711786719, 28.226893075169656], [70.09586095688775, 28.226823334248767], [70.09596726981125, 28.226742583515378], [70.09606499573385, 28.226651628786527], [70.09615315944193, 28.226551377705608], [70.09623088114388, 28.226442830684952], [70.09629738524957, 28.226327070922625], [70.09635200811003, 28.226205253593143], [70.09639420464003, 28.226078594319883], [70.09642355375756, 28.225948357044313], [70.09816242014884, 28.215919542273447], [70.10283076756257, 28.215919542273447], [70.10295995169392, 28.215913283927804], [70.10308792591866, 28.215894567505003], [70.10321349166189, 28.215863568298417], [70.10333547290594, 28.21582057663895], [70.10345272720465, 28.21576599517584], [70.10356415638329, 28.215700335105563], [70.10366871682376, 28.215624211384085], [70.10376542923883, 28.21553833696734], [70.103853387844, 28.215443516133867], [70.1039317688407, 28.215340636952114], [70.10399983813193, 28.215230662963037], [70.10405695819756, 28.215114624155802], [70.10556177648803, 28.211643041986015], [70.1148426289047, 28.213427268580794], [70.11325955577782, 28.224383611566957], [70.11055476662987, 28.224383611566957], [70.11042377338761, 28.224390046852292], [70.11029404168187, 28.22440929073298], [70.1101668208999, 28.224441157879923], [70.1100433362474, 28.224485341395088], [70.10992477694904, 28.22454141576706], [70.10981228479571, 28.22460884096899], [70.10970694314832, 28.224686967659323], [70.10960976650452, 28.224775043435322], [70.10952169072853, 28.224872220079117], [70.10944356403819, 28.224977561726508], [70.10937613883627, 28.225090053879846], [70.10932006446428, 28.225208613178193], [70.10927588094913, 28.2253320978307], [70.10924401380218, 28.225459318612664], [70.1092247699215, 28.2255890503184], [70.10921833463617, 28.22572004356067], [70.10921833463617, 28.236856976841608], [70.1092247699215, 28.236987970083877], [70.10924401380218, 28.237117701789614], [70.10927588094913, 28.237244922571577], [70.10932006446428, 28.237368407224086], [70.10937613883627, 28.237486966522432], [70.10944356403819, 28.23759945867577], [70.10952169072853, 28.23770480032316], [70.10960976650452, 28.237801976966956], [70.10970694314832, 28.237890052742955], [70.10981228479571, 28.237968179433288], [70.10992477694904, 28.23803560463522], [70.1100433362474, 28.23809167900719], [70.1101668208999, 28.238135862522356], [70.11029404168187, 28.2381677296693], [70.11042377338761, 28.238186973549986], [70.11055476662987, 28.238193408835322], [70.11426460849643, 28.238193408835322], [70.1237713439182, 28.240386591453582], [70.12390266852522, 28.240410054584295], [70.12403567805342, 28.24042030818463], [70.12416904716132, 28.240417250085038], [70.12430144692445, 28.24040091075723], [70.1244315580772, 28.240371453010507], [70.12455808415824, 28.240329170369513], [70.12467976442883, 28.240274484149463], [70.12479538643512, 28.240207939258063], [70.12490379808945, 28.240130198765897], [70.12500391914988, 28.24004203729943], [70.12509475198418, 28.239944333322406], [70.1251753915104, 28.239838060382645], [70.12524503421533, 28.239724277411323], [70.12530298616096, 28.239604118171528], [70.12534866989908, 28.239478779961136], [70.12538163022505, 28.239349511682637], [70.12540153871359, 28.239217601398746], [70.12540819699137, 28.239084363497795], [70.12540819699137, 28.23290085389408], [70.12894355741098, 28.22882285515026], [70.12902747438122, 28.228715446647705], [70.12910001449141, 28.228600049174904], [70.12916042317335, 28.228477863105883], [70.12920807205093, 28.22835015943021], [70.12924246547661, 28.228218266532046], [70.12926324568713, 28.228083556372198], [70.12927019652503, 28.227947430216858], [70.12927019652503, 28.223769846429434], [70.1310092041072, 28.219757994796854], [70.13433689349021, 28.215919542273447], [70.14057347816538, 28.215919542273447], [70.14215557203094, 28.219569397468177], [70.14220909595105, 28.21967890094726], [70.14227237375448, 28.219783072639903], [70.14234487911581, 28.219881046077806], [70.14242600895759, 28.219972006347852], [70.14251508846661, 28.220055196870323], [70.14261137670672, 28.220129925691875], [70.14271407278179, 28.220195571241014], [70.14590733020589, 28.222037264621406], [70.14590733020589, 28.22572004356067], [70.14591428104379, 28.22585616971601], [70.1459350612543, 28.22599087987586], [70.14596945467999, 28.226122772774023], [70.14601710355757, 28.226250476449696], [70.1460775122395, 28.226372662518717], [70.1461500523497, 28.226488059991517], [70.14623396931994, 28.22659546849407], [70.15588896815407, 28.23773240177501], [70.15597672859758, 28.23782439953129], [70.15607283432557, 28.237907641177433], [70.15617641548835, 28.23798137329611], [70.1562865345763, 28.23804492854039], [70.15640219490527, 28.238097731673907], [70.15652234963751, 28.238139304777285], [70.1566459112566, 28.238169271573756], [70.15677176141051, 28.238187360834868], [70.15689876103373, 28.238193408835322], [70.176208758702, 28.238193408835322], [70.17633364631872, 28.238187560757417], [70.17645744094679, 28.238170067704782], [70.1765790591631, 28.238141082772728], [70.18430305823041, 28.23591369611654], [70.1844287856907, 28.23587056027975], [70.18454960630855, 28.235815148430916], [70.18466432489369, 28.235748008719042], [70.18477180661884, 28.235669805308333], [70.18487098824566, 28.235581311808087], [70.18496088864269, 28.235483403619966], [70.18504061849086, 28.235377049278263], [70.18510938908092, 28.235263300868912], [70.18516652011559, 28.235143283621962], [70.1852114464392, 28.235018184780504], [70.1852437236284, 28.23488924185614], [70.18526303238852, 28.234757730387173], [70.18707764208689, 28.215919542273447], [70.19297762694504, 28.215919542273447], [70.1960246580017, 28.219434258553175], [70.19439410448352, 28.22883838487933], [70.19165675683662, 28.22883838487933], [70.19152576359436, 28.228844820164667], [70.19139603188862, 28.228864064045354], [70.19126881110665, 28.228895931192298], [70.19114532645415, 28.228940114707463], [70.19102676715579, 28.228996189079435], [70.19091427500246, 28.229063614281365], [70.19080893335507, 28.2291417409717], [70.19071175671127, 28.229229816747697], [70.19062368093527, 28.229326993391492], [70.19054555424493, 28.229432335038883], [70.19047812904302, 28.22954482719222], [70.19042205467103, 28.229663386490568], [70.19037787115587, 28.229786871143077], [70.19034600400893, 28.22991409192504], [70.19032676012824, 28.230043823630776], [70.19032032484292, 28.230174816873046], [70.19032032484292, 28.239084363497795], [70.19032676012824, 28.239215356740065], [70.19034600400893, 28.239345088445802], [70.19037787115587, 28.239472309227764], [70.19042205467103, 28.239595793880273], [70.19047812904302, 28.23971435317862], [70.19054555424493, 28.239826845331958], [70.19062368093527, 28.23993218697935], [70.19071175671127, 28.240029363623144], [70.19080893335507, 28.240117439399143], [70.19091427500246, 28.240195566089476], [70.19102676715579, 28.240262991291406], [70.19114532645415, 28.24031906566338], [70.19126881110665, 28.240363249178543], [70.19139603188862, 28.240395116325487], [70.19152576359436, 28.240414360206174], [70.19165675683662, 28.24042079549151], [70.21675975380538, 28.24042079549151], [70.21689074704764, 28.240414360206174], [70.21702047875338, 28.240395116325487], [70.21714769953535, 28.240363249178543], [70.21727118418785, 28.24031906566338], [70.21738974348621, 28.240262991291406], [70.21750223563954, 28.240195566089476], [70.21760757728693, 28.240117439399143], [70.21770475393073, 28.240029363623144], [70.21779282970672, 28.23993218697935], [70.21787095639706, 28.239826845331958], [70.21793838159898, 28.23971435317862], [70.21799445597097, 28.239595793880273], [70.21803863948612, 28.239472309227764], [70.21807050663307, 28.239345088445802], [70.21808975051376, 28.239215356740065], [70.21809618579908, 28.239084363497795], [70.21809618579908, 28.221623691829507], [70.2217788334054, 28.215251852527413], [70.22184244688282, 28.215127130266467], [70.22189266296638, 28.214996437260385], [70.22192893052294, 28.21486120789513], [70.22195085150769, 28.214722926344248], [70.22195818533274, 28.214583110279733], [70.22195818533274, 28.196836218168848], [70.22386889405077, 28.17920436890393], [70.22572239865569, 28.172790378345614], [70.2295028324727, 28.166249346091288], [70.22956644595013, 28.166124623830342], [70.22961666203369, 28.16599393082426], [70.22965292959024, 28.165858701459005], [70.229674850575, 28.165720419908123], [70.22968218440005, 28.16558060384361], [70.22968218440005, 28.161403020056184], [70.23140299462436, 28.157433149321548], [70.24667411544519, 28.142019965482806], [70.24675815715659, 28.141926770685885], [70.24683308693075, 28.14182610386726], [70.24689824408365, 28.14171885264417], [70.24695305410015, 28.141605962691028], [70.24699703369967, 28.141488429401047], [70.24702979509755, 28.141367289109496], [70.2470510494242, 28.14124360995593], [70.24898204919103, 28.125651903362616], [70.24899157393199, 28.125527956510084], [70.24898954065058, 28.12540366085968], [70.24897596693947, 28.1252800918615], [70.24895097024321, 28.125158318678412], [70.24891476684212, 28.125039394935232], [70.24886766998085, 28.124924349602416], [70.2488100871582, 28.124814178093036], [70.2487425166012, 28.12470983365012], [70.24866554295427, 28.124612219098832], [70.24521884867636, 28.12063649575879], [70.24684940219454, 28.111232369432635], [70.25151774960827, 28.111232369432635], [70.25164874285053, 28.1112259341473], [70.25177847455628, 28.111206690266613], [70.25190569533824, 28.11117482311967], [70.25202917999074, 28.111130639604504], [70.2521477392891, 28.11107456523253], [70.25226023144243, 28.1110071400306], [70.25236557308982, 28.110929013340268], [70.25246274973362, 28.11084093756427], [70.25255082550962, 28.110743760920474], [70.25262895219996, 28.110638419273084], [70.25269637740188, 28.110525927119745], [70.25275245177386, 28.1104073678214], [70.25279663528902, 28.11028388316889], [70.25282850243596, 28.110156662386927], [70.25284774631665, 28.11002693068119], [70.25285418160198, 28.10989593743892], [70.25285418160198, 28.10098639081417], [70.25284774631665, 28.1008553975719], [70.25282850243596, 28.100725665866165], [70.25279663528902, 28.100598445084202], [70.25275245177386, 28.100474960431693], [70.25269637740188, 28.100356401133347], [70.25262895219996, 28.10024390898001], [70.25255082550962, 28.100138567332618], [70.25246274973362, 28.100041390688823], [70.25236557308982, 28.099953314912824], [70.25226023144243, 28.09987518822249], [70.2521477392891, 28.09980776302056], [70.25202917999074, 28.09975168864859], [70.25190569533824, 28.099707505133424], [70.25177847455628, 28.09967563798648], [70.25164874285053, 28.099656394105793], [70.25151774960827, 28.099649958820457], [70.24379375054096, 28.099649958820457], [70.2436614059351, 28.099656527896755], [70.24353036237834, 28.09967617054658], [70.24340190812943, 28.099708693667605], [70.24327730599228, 28.099753777532577], [70.24315778090157, 28.099810978932492], [70.2430445078807, 28.09987973553367], [70.24293860049043, 28.099959371405927], [70.24284109988174, 28.100049103667498], [70.24275296456047, 28.10014805018136], [70.24267506096447, 28.10025523822731], [70.24260815494593, 28.100369614064554], [70.24255290424237, 28.100490053290798], [70.24250985201064, 28.100615371895984], [70.24085783575102, 28.10633211878902], [70.23606975147365, 28.10633211878902], [70.23593856804996, 28.10633857281932], [70.23580865167435, 28.106357872573323], [70.23568125715697, 28.10638983164245], [70.23555761495038, 28.10643414134687], [70.23543891926505, 28.10649037371692], [70.235326316535, 28.106557985626694], [70.23522089434483, 28.10663632403987], [70.23512367092522, 28.10672463231714], [70.23503558531814, 28.10682205752427], [70.23495748830717, 28.106927658670262], [70.23489013420001, 28.107040415796003], [70.23483417354296, 28.10715923982564], [70.23479014683757, 28.107282983085536], [70.2347584793201, 28.107410450389168], [70.23473947685444, 28.10754041058098], [70.23295456372603, 28.126070306739905], [70.2258201848664, 28.124424421479315], [70.2258201848664, 28.115122705124406], [70.2290134422905, 28.113281011744014], [70.22912050914128, 28.11321226967478], [70.22922055358787, 28.113133657389934], [70.22931266882618, 28.11304588743215], [70.22939601992265, 28.112949755349373], [70.22946985138191, 28.11284613248393], [70.22953349399477, 28.1127359580747], [70.22958637090382, 28.112620230743833], [70.22962800283213, 28.112499999445227], [70.22965801242742, 28.11237635395679], [70.22967612768235, 28.112250415002695], [70.22968218440005, 28.11212332409511], [70.22968218440005, 28.09430423084561], [70.22967440572768, 28.09416024881365], [70.22774340596085, 28.07634115556415], [70.22772240389502, 28.076209277726274], [70.22768834556332, 28.07608015421589], [70.22764157102172, 28.075955074268855], [70.22758254729142, 28.075835286747992], [70.22751186369585, 28.07572198767382], [70.22743022597655, 28.075616308282832], [70.22733844924669, 28.07551930373269], [70.22723744985257, 28.075431942566944], [70.22712823622433, 28.07535509704462], [70.22701189880729, 28.075289534431125], [70.22688959917433, 28.07523590933747], [70.22676255842819, 28.0751947571843], [70.22663204500931, 28.07516648885598], [70.21423418626543, 28.073123518635814], [70.21423418626543, 28.06612019868828], [70.21742744368953, 28.06427850530789], [70.21753451054032, 28.064209763238654], [70.2176345549869, 28.06413115095381], [70.21772667022522, 28.064043380996026], [70.21781002132168, 28.063947248913248], [70.21788385278094, 28.063843626047806], [70.2179474953938, 28.063733451638576], [70.21800037230285, 28.063617724307708], [70.21804200423117, 28.063497493009102], [70.21807201382646, 28.063373847520666], [70.21809012908139, 28.06324790856657], [70.21809618579908, 28.063120817658984], [70.21809618579908, 28.054983265407344], [70.22128944322318, 28.053141572026952], [70.22139651007397, 28.053072829957717], [70.22149655452056, 28.05299421767287], [70.22158866975887, 28.05290644771509], [70.22167202085534, 28.05281031563231], [70.2217458523146, 28.05270669276687], [70.22180949492746, 28.05259651835764], [70.22186237183651, 28.05248079102677], [70.22190400376482, 28.052360559728164], [70.22193401336011, 28.052236914239728], [70.22195212861504, 28.052110975285633], [70.22195818533274, 28.051983884378046], [70.22195818533274, 28.04084695109711], [70.22195189477362, 28.04071743570109], [70.22193308231533, 28.04058913955792], [70.22190192505761, 28.04046327044244], [70.22185871631366, 28.040341013281562], [70.22180386284892, 28.040223518999387], [70.22173788105171, 28.040111893682468], [70.2216613920721, 28.04000718816715], [70.22157511597433, 28.03991038814704], [70.2214798649582, 28.03982240489372], [70.221376535713, 28.039744066678075], [70.22126610097624, 28.03967611097299], [70.22114960037614, 28.0396191775108], [70.2210281306448, 28.039573802260882], [70.22090283529346, 28.039540412384053], [70.22077489384766, 28.0395193222113], [70.20287021478472, 28.037454037486093], [70.20436740732434, 28.028819063153698], [70.21282787496712, 28.028819063153698], [70.23399937416008, 28.031039162042084], [70.23412936403835, 28.031046416837984], [70.23425944300762, 28.031040988921692], [70.23438837659066, 28.031022929805296], [70.23451494118022, 28.030992410873672], [70.23463793565132, 28.030949721757995], [70.23475619276016, 28.030895267587095], [70.23486859022151, 28.030829565142685], [70.23497406135945, 28.030753237954997], [70.23507160523035, 28.030667010385347], [70.23516029612205, 28.03057170075179], [70.23523929233903, 28.030468213563108], [70.23530784419033, 28.030357530934825], [70.23536530110422, 28.030240703268735], [70.23541111780233, 28.030118839284334], [70.2354448594744, 28.029993095496874], [70.23714756177353, 28.022136903185135], [70.2399317510073, 28.022136903185135], [70.24006093513866, 28.022130644839493], [70.2401889093634, 28.02211192841669], [70.24031447510663, 28.022080929210105], [70.24043645635068, 28.02203793755064], [70.2405537106494, 28.021983356087528], [70.24066513982802, 28.02191769601725], [70.2407697002685, 28.021841572295774], [70.24086641268357, 28.02175569787903], [70.24095437128874, 28.021660877045555], [70.24103275228543, 28.021557997863802], [70.24110082157667, 28.021448023874726], [70.2411579416423, 28.02133198506749], [70.24291320696034, 28.017282627201546], [70.25005975653468, 28.01316089465835], [70.26142505476898, 28.010975937236676], [70.26156897018933, 28.010939883788794], [70.26170800252557, 28.010888100501894], [70.26184043832656, 28.01082122555939], [70.26925451788601, 28.006545196591823], [70.27656578400506, 28.006545196591823], [70.30274700220251, 28.008702321068316], [70.30435955244444, 28.01242243844274], [70.30441667251007, 28.012538477249976], [70.3044847418013, 28.012648451239052], [70.304563122798, 28.012751330420805], [70.30465108140316, 28.01284615125428], [70.30474779381824, 28.012932025671024], [70.30485235425871, 28.0130081493925], [70.30496378343734, 28.013073809462778], [70.30508103773606, 28.01312839092589], [70.30520301898011, 28.013171382585355], [70.30532858472334, 28.01320238179194], [70.30545655894808, 28.013221098214743], [70.30558574307943, 28.013227356560385], [70.31910274144722, 28.013227356560385], [70.31923373468949, 28.01322092127505], [70.31936346639523, 28.013201677394363], [70.3194906871772, 28.01316981024742], [70.3196141718297, 28.013125626732254], [70.31973273112806, 28.01306955236028], [70.31984522328139, 28.01300212715835], [70.31995056492877, 28.01292400046802], [70.32004774157258, 28.01283592469202], [70.32013581734857, 28.012738748048225], [70.32021394403891, 28.012633406400834], [70.32028136924083, 28.012520914247496], [70.32033744361281, 28.01240235494915], [70.32038162712797, 28.01227887029664], [70.32041349427492, 28.012151649514678], [70.3204327381556, 28.01202191780894], [70.32043917344093, 28.01189092456667], [70.32043917344093, 28.003489991629678], [70.27640566099251, 27.989698993413867], [70.22412689137977, 27.937447076956968], [70.21895200443151, 27.932274848105806], [70.21710427135872, 27.930694447461562], [70.17297338720137, 27.89294847712626], [70.15483699588427, 27.877436082536484], [70.15394669339045, 27.87667459016753], [70.14769758014016, 27.87132960676483], [70.141311646, 27.874526978], [70.123573303, 27.882009506], [70.118545532, 27.882341385], [70.10491180400001, 27.88511467], [70.097396851, 27.886940002], [70.090522766, 27.888391495], [70.085960388, 27.889938354], [70.076164246, 27.894393921], [70.06916046100001, 27.895391464], [70.06850889129068, 27.895889267216585], [70.066436768, 27.897472382], [70.05708134093183, 27.905344069346267], [70.05203020585193, 27.909594111145857], [70.04784393300001, 27.913116455], [70.043327332, 27.919843674], [70.040588379, 27.922460556], [70.035148621, 27.92713356], [70.026107788, 27.930120468]], [[69.77177459533894, 28.394865622143914], [69.78956151774992, 28.382828856566505], [69.77177459592093, 28.394865622050872], [69.77177459533894, 28.394865622143914]]], [[[69.467956543, 28.217517853], [69.471443176, 28.222198486], [69.47554779100001, 28.228681564], [69.478637695, 28.23516655], [69.480300903, 28.242742539], [69.480316162, 28.245630264], [69.479530334, 28.252054214], [69.477310181, 28.257837296], [69.475898742, 28.260910034], [69.475135803, 28.26483345], [69.477197795, 28.263913185], [69.48206329300001, 28.261741638], [69.487960815, 28.258651733], [69.491821289, 28.255208969], [69.497718811, 28.250675201], [69.501983643, 28.247051239], [69.507072449, 28.244504929], [69.513587952, 28.241592407], [69.514613212, 28.240780083], [69.51907348600001, 28.237239838], [69.521911621, 28.233440399], [69.525360107, 28.229816437], [69.527786255, 28.225475311], [69.529602051, 28.221138], [69.53099823, 28.21481514], [69.533027649, 28.212099075], [69.536270142, 28.209379196], [69.53993988, 28.208282471], [69.546669006, 28.20807457], [69.551559448, 28.207513809], [69.56072235100001, 28.205310822], [69.572532654, 28.202552796], [69.57762146, 28.201267242], [69.580558777, 28.20003891], [69.581771851, 28.198228836], [69.581764221, 28.197507858], [69.581756592, 28.196063995], [69.580307007, 28.192098617], [69.574966431, 28.185083389], [69.569839478, 28.178607941], [69.567977905, 28.173563004], [69.56691742000001, 28.1667099], [69.566696167, 28.163642883], [69.564437866, 28.159862518], [69.563194275, 28.156438828], [69.5623703, 28.154277802], [69.562355041, 28.151571274], [69.563957214, 28.14632988], [69.56515502900001, 28.142175674], [69.565139771, 28.138204575], [69.564300537, 28.134418488], [69.56237793000001, 28.130039215], [69.55926513700001, 28.126775742], [69.558747128, 28.126467468], [69.554191589, 28.123756409], [69.549095154, 28.122514725], [69.54277801500001, 28.12253952], [69.537696838, 28.124183655], [69.533226013, 28.127269745], [69.529380798, 28.13233757], [69.528190613, 28.138477325], [69.527648926, 28.152917862], [69.527297973, 28.16374588], [69.52609252900001, 28.168081284], [69.52467346200001, 28.169530868], [69.518363953, 28.171360016], [69.51612854000001, 28.173534393], [69.514122009, 28.178955078], [69.51311492900001, 28.182209015], [69.510681152, 28.184743881], [69.50824737500001, 28.187099457], [69.503921509, 28.190500259], [69.496406555, 28.195760727], [69.490501404, 28.198308945], [69.482772827, 28.202486038], [69.47924420000001, 28.203708561], [69.47442627, 28.205404282], [69.468933105, 28.20867157], [69.46670532200001, 28.211385727], [69.466918945, 28.213911057], [69.467956543, 28.217517853]]], [[[69.678939819, 28.32068634], [69.68562316900001, 28.31252861], [69.692657471, 28.303424835], [69.696296692, 28.299255371], [69.702590942, 28.293806076], [69.707885742, 28.292154312], [69.714416504, 28.292118073], [69.718910217, 28.292995453], [69.72362518300001, 28.295316696], [69.727119446, 28.298906326], [69.733695984, 28.304645538], [69.740875244, 28.309659958], [69.745788574, 28.312158585], [69.749473572, 28.313220978], [69.75151825, 28.313570023], [69.756210327, 28.312641144], [69.757834594, 28.311548405], [69.758018494, 28.309200287], [69.75798797600001, 28.305229187], [69.755493164, 28.298927307], [69.753181458, 28.292844772], [69.750709534, 28.281141281], [69.75024414100001, 28.278553009], [69.74971008300001, 28.264347076], [69.747353366, 28.249207255], [69.743217468, 28.241283417], [69.738082886, 28.236619949], [69.73276519800001, 28.234664917], [69.72875976600001, 28.234464645], [69.722442627, 28.23576355], [69.71837616, 28.23777008], [69.714523315, 28.240678787], [69.712303162, 28.243940353], [69.709877014, 28.247383118], [69.708061218, 28.250459671], [69.705627441, 28.253000259], [69.701972962, 28.255186081], [69.697097778, 28.258460999], [69.694046021, 28.259199142], [69.6875, 28.257608414], [69.68422699, 28.25564003], [69.677268982, 28.252428055], [69.672561646, 28.250104904], [69.670082092, 28.245965958], [69.670661926, 28.240549088], [69.673675537, 28.233314514], [69.67364502, 28.229164123], [69.672187805, 28.224298477], [69.668914795, 28.222509384], [69.664825439, 28.220907211], [69.663705472, 28.220722391], [69.662582398, 28.220556259], [69.656265259, 28.222032547], [69.649543762, 28.223690033], [69.639762878, 28.22536087], [69.632697962, 28.226130373], [69.629371643, 28.226493836], [69.623046875, 28.226705551], [69.61631012, 28.225833893], [69.611198425, 28.22369194], [69.607513428, 28.220821381], [69.605674743, 28.220287323], [69.60445404100001, 28.220474243], [69.60344696, 28.223005295], [69.602043152, 28.227523804], [69.600456238, 28.234930038], [69.598861694, 28.241254807], [69.597793579, 28.244249344], [69.59729766800001, 28.244689941], [69.59725246900001, 28.24520566], [69.59719848600001, 28.251066208], [69.596214294, 28.25720787], [69.595848083, 28.266504288], [69.595275879, 28.273183823], [69.594291687, 28.28004837], [69.591690063, 28.288362503], [69.58866119400001, 28.294511795], [69.58379364000001, 28.29958725], [69.579330444, 28.304840088], [69.575691223, 28.310811996], [69.573455811, 28.315683365], [69.56594848600001, 28.329051971], [69.563117981, 28.334478378], [69.561438269, 28.337622534], [69.55644989000001, 28.346960068], [69.553413391, 28.352388382], [69.54996490500001, 28.357637405], [69.54631805400001, 28.363428116], [69.543067932, 28.36687088], [69.540634155, 28.369226456], [69.539413452, 28.371217728], [69.537391663, 28.37465477], [69.53353881800001, 28.380807877], [69.532531738, 28.38315773], [69.532729277, 28.385489806], [69.53336701900001, 28.387973572], [69.533576965, 28.388750076], [69.535018921, 28.390548706], [69.53993988, 28.393417358], [69.548530579, 28.395910263], [69.552009583, 28.396257401], [69.555686951, 28.396602631], [69.559150696, 28.395143509], [69.56584930400001, 28.386270523], [69.576569305, 28.371036273], [69.579223633, 28.367261887], [69.581237793, 28.361656189], [69.582237244, 28.356958389], [69.58343505900001, 28.353162766], [69.585060119, 28.350990296], [69.588043213, 28.349277496], [69.59803772, 28.347969055], [69.604576111, 28.347579956], [69.613563538, 28.348079681], [69.619293213, 28.34967804], [69.627067566, 28.352348328], [69.63156127900001, 28.353050232], [69.635444641, 28.35284996], [69.638702392, 28.351932526], [69.649902344, 28.346282959], [69.650773295, 28.345613537], [69.661483765, 28.337381363], [69.669218302, 28.331454316], [69.670021057, 28.330839157], [69.67427063, 28.325403213], [69.676890232, 28.322756858], [69.678939819, 28.32068634]]]]}}]}