{"type": "FeatureCollection", "features": [{"type": "Feature", "properties": {"na": "NA-184", "src": "sheet-split: dgk_na185_186.jpg, anchor-TPS outline-fit", "approx": false, "rms_km": 2.38}, "geometry": {"type": "MultiPolygon", "coordinates": [[[[70.77144448808421, 29.75826878671854], [70.769746212, 29.755689977], [70.76869291700001, 29.754090825], [70.76819625, 29.753470986], [70.767341232, 29.752457013], [70.76514089388934, 29.749847609615518], [70.7665939086019, 29.754810384892448], [70.76666155371781, 29.755006052536277], [70.76674765371408, 29.75519433020142], [70.7668514147294, 29.755373481925513], [70.76697188006393, 29.755541855889433], [70.76710793900021, 29.755697899647416], [70.76725833704431, 29.75584017444097], [70.76742168749247, 29.755967368464546], [70.76759648421688, 29.75607830896068], [70.77144448808421, 29.75826878671854]]], [[[70.36170516585746, 30.08560314790972], [70.36416010703272, 30.089149473670584], [70.36283076274414, 30.087229147455375], [70.36170516585746, 30.08560314790972]]], [[[70.36320463744862, 30.090245395343487], [70.36365012055653, 30.08872384670731], [70.36272815384258, 30.087954387298044], [70.36416010703272, 30.089149473670584], [70.35977589069503, 30.085490473337654], [70.35971081041926, 30.085372219372555], [70.36170516585746, 30.08560314790972], [70.36371412837549, 30.08850522784634], [70.36478720493143, 30.084840132265388], [70.36988290042342, 30.07903867882571], [70.37001772109316, 30.078868637421085], [70.370134766316, 30.078685905081056], [70.37023285042966, 30.078492332875083], [70.370310979847, 30.07828988167992], [70.37036836312093, 30.078080602316028], [70.37040441896178, 30.077866614772887], [70.37212259146663, 30.06319555887306], [70.3806276277895, 30.05448086721287], [70.38076412500705, 30.0543269535561], [70.38088533205047, 30.054160731545615], [70.38099014546373, 30.05398371444886], [70.38107761103669, 30.053797513810604], [70.38114693249213, 30.0536038247816], [70.3811974787349, 30.053404410686102], [70.38122878959742, 30.053201086968766], [70.3812405800289, 30.05299570466703], [70.38123274269053, 30.052790133559455], [70.3812053489326, 30.05258624514348], [70.38115864814496, 30.052385895597496], [70.3810930654866, 30.0521909088824], [70.37804337976112, 30.044378752135188], [70.38048466899174, 30.04229419481227], [70.38065832914278, 30.042128324410026], [70.38081246581564, 30.041944170331924], [70.3809451668052, 30.04174401717615], [70.38455237527033, 30.035583802542874], [70.38467152461851, 30.035348372273834], [70.3847610234021, 30.035100150706505], [70.38656462763467, 30.02893993607323], [70.38661306499178, 30.028739358142083], [70.38664210653731, 30.028535068463786], [70.38665148627592, 30.0283289381542], [70.38664111829738, 30.02812285518778], [70.38661109756336, 30.027918707105364], [70.38656169903769, 30.02771836372592], [70.3864933751679, 30.027523660020655], [70.38640675174126, 30.027336379306256], [70.38630262215308, 30.027158236911273], [70.38618194013985, 30.02699086446519], [70.3860458110439, 30.02683579495412], [70.38589548168943, 30.02669444867999], [70.3822882732243, 30.023614341363352], [70.38211588007195, 30.023481576769026], [70.38193098329057, 30.023366864011592], [70.38173546602346, 30.023271371421608], [70.3815313195818, 30.02319607157539], [70.3813206231635, 30.023141731389487], [70.38110552267695, 30.023108904309744], [70.38088820888517, 30.02309792467457], [70.3785170018541, 30.02309792467457], [70.37617231635178, 30.01909378516294], [70.38274877103777, 30.007862836693132], [70.382853550583, 30.007659974157512], [70.3829362899878, 30.00744716872443], [70.38299606137888, 30.00722680688049], [70.38303219445554, 30.007001359852946], [70.38304428400681, 30.00677335589639], [70.38304428400681, 29.9913728193132], [70.3830339019158, 29.991161486995438], [70.38300285562792, 29.990952189923426], [70.38295144413594, 29.990746943742376], [70.38288016256061, 29.99054772508521], [70.38278969738248, 29.990356452536503], [70.38268091983066, 29.990174968155458], [70.38255487749244, 29.990005019735875], [70.38241278422443, 29.989848243973935], [70.38225600846249, 29.98970615070593], [70.38208606004291, 29.989580108367708], [70.38190457566186, 29.989471330815885], [70.38171330311316, 29.989380865637752], [70.38151408445599, 29.989309584062426], [70.38130883827495, 29.989258172570445], [70.38109954120293, 29.98922712628258], [70.38088820888517, 29.989216744191552], [70.37614351423792, 29.989216744191552], [70.36831200180926, 29.983867034250455], [70.36492137684391, 29.972286346452996], [70.364853731728, 29.972090678809167], [70.36476763173174, 29.971902401144025], [70.36466387071641, 29.97172324941993], [70.36454340538188, 29.97155487545601], [70.3644073464456, 29.97139883169803], [70.3642569484015, 29.971256556904475], [70.36409359795334, 29.971129362880898], [70.36391880122893, 29.971018422384763], [70.35850798853124, 29.967938315068125], [70.35830869220588, 29.96783814202741], [70.35810011293432, 29.967759095516637], [70.35788448309816, 29.967702021554565], [70.35766411053974, 29.96766753099222], [70.35744135386184, 29.967655992975086], [70.35544947043448, 29.967655992975086], [70.35409975144853, 29.963046024503083], [70.35403050535133, 29.96284637026674], [70.35394204681997, 29.962654453815393], [70.35383522562152, 29.962472118773153], [70.35371106792198, 29.962301116721378], [70.35357076642852, 29.962143090372315], [70.35341566893187, 29.96199955778856], [70.35324726535893, 29.96187189779996], [70.35306717345996, 29.961761336758038], [70.3528771232678, 29.96166893675518], [70.34566270633755, 29.958588829438543], [70.34545870944353, 29.95851365378287], [70.34524817894524, 29.958459404163], [70.34503325545053, 29.958426632172003], [70.3448161242339, 29.958415671025172], [70.34208111862235, 29.958415671025172], [70.34084460980358, 29.957711787879965], [70.34187503381922, 29.958415671025172], [70.33340704910837, 29.952631186559202], [70.33322722438231, 29.95252084895827], [70.3330374767096, 29.952428614805267], [70.32593620037451, 29.949396811485798], [70.32063229964741, 29.94637756385166], [70.32043300332205, 29.946277390810945], [70.3202244240505, 29.94619834430017], [70.32000879421433, 29.9461412703381], [70.31978842165591, 29.946106779775754], [70.31956566497801, 29.94609524175862], [70.31415485228032, 29.94609524175862], [70.31393753848855, 29.946106221393794], [70.31372243800199, 29.946139048473537], [70.3135117415837, 29.94619338865944], [70.31330759514204, 29.946268688505658], [70.31311207787492, 29.946364181095642], [70.31292718109354, 29.946478893853076], [70.31275478794119, 29.946611658447402], [70.30946088887693, 29.949424238509287], [70.30117157290277, 29.952255456391896], [70.29836341399762, 29.952255456391896], [70.2843401624304, 29.94626840017199], [70.28413924423417, 29.946194188287098], [70.28393195427245, 29.94614027727526], [70.28372033819622, 29.946107199159893], [70.28350648434899, 29.946095280373992], [70.28329250315778, 29.946104638538664], [70.28308050630636, 29.946135181302413], [70.28287258589589, 29.946186607252493], [70.282670793799, 29.94625840888943], [70.28247712141078, 29.946349877635296], [70.28229347999654, 29.946460110826347], [70.28212168183046, 29.946588020621004], [70.28196342231108, 29.946732344735267], [70.28182026323012, 29.946891658899634], [70.28169361735988, 29.947064390914566], [70.28158473451126, 29.94724883616582], [70.28149468919992, 29.9474431744465], [70.28142437004237, 29.947645487919893], [70.28007465105642, 29.952255456391896], [70.2762791633965, 29.952255456391896], [70.27606622979373, 29.952265996799074], [70.2758553781285, 29.9522975149628], [70.27564866998243, 29.952349702717303], [70.27544812642427, 29.952422049801896], [70.27525570824909, 29.952513848850018], [70.27507329680688, 29.95262420230542], [70.2749026756077, 29.952752031197942], [70.27474551288371, 29.952896085693055], [70.27460334527814, 29.95305495731197], [70.27447756282088, 29.953227092702917], [70.27436939533764, 29.95341080882889], [70.27427990042547, 29.953604309423376], [70.27420995311212, 29.95380570255317], [70.27286023412617, 29.958415671025172], [70.2708683506988, 29.958415671025172], [70.27065811406499, 29.958425945483203], [70.2704498811345, 29.95845667093446], [70.27024563651402, 29.958507554543733], [70.27004732679876, 29.958578111354353], [70.26985684202013, 29.958667668910163], [70.26967599763239, 29.958775373664515], [70.26950651721003, 29.958900199115163], [70.269350016021, 29.959040955587554], [70.26920798563194, 29.959196301573265], [70.26908177969263, 29.959364756515523], [70.26897260103462, 29.95954471491996], [70.26888149020753, 29.959734461656105], [70.26880931556177, 29.95993218830377], [70.26875676497258, 29.96013601038861], [70.26872433928415, 29.960343985342437], [70.26871234753615, 29.960554131017318], [70.26872090401838, 29.9607644445768], [70.26874992718155, 29.960972921584382], [70.26879914041443, 29.961177575107193], [70.27021062195836, 29.965998493745843], [70.26405747366198, 29.971252516980506], [70.26390143676605, 29.97139979179098], [70.26376081051083, 29.971561846223317], [70.2636369875697, 29.971737075393094], [70.26353119420658, 29.971923743941634], [70.26344447813193, 29.972120003221903], [70.26337769812682, 29.972323909606327], [70.26333151553808, 29.97253344373527], [70.26330638772885, 29.97274653051547], [70.26330256354899, 29.97296105967046], [70.26332008087078, 29.973174906639414], [70.26335876621377, 29.973385953617434], [70.26341823646281, 29.973592110528966], [70.26349790266225, 29.97379133572657], [70.26359697584851, 29.973981656210114], [70.26683931693111, 29.979518768128152], [70.26512926011809, 29.99412052611524], [70.26358033954754, 30.00205603906661], [70.25574263575758, 30.00473300869811], [70.25555481328387, 30.00480715154512], [70.25537475074431, 30.004898540413397], [70.25520402750801, 30.005006373710593], [70.25504414102693, 30.005129705606567], [70.25489649370141, 30.005267454329477], [70.24651300442048, 30.013857602724656], [70.22036743218703, 30.013857602724656], [70.22015449858426, 30.013868143131834], [70.21994364691903, 30.01389966129556], [70.21973693877297, 30.013951849050063], [70.2195363952148, 30.014024196134656], [70.21934397703963, 30.014115995182777], [70.21916156559742, 30.01422634863818], [70.21899094439824, 30.014354177530702], [70.21883378167425, 30.014498232025815], [70.21869161406867, 30.01465710364473], [70.21856583161141, 30.014829239035677], [70.21845766412818, 30.01501295516165], [70.218368169216, 30.015206455756136], [70.21829822190266, 30.01540784888593], [70.21476557508045, 30.02747361268016], [70.20830980535759, 30.03849846125776], [70.20413499409396, 30.03849846125776], [70.20392311237671, 30.038508897530935], [70.20371328184538, 30.038540105318912], [70.2035075338288, 30.038591782505133], [70.20330786013372, 30.038663428812754], [70.20311619376255, 30.038754350647718], [70.20293439020041, 30.038863667813324], [70.20276420945241, 30.038990322031232], [70.20260729900546, 30.039133087186446], [70.20246517787926, 30.039290581197108], [70.20233922192097, 30.03946127939415], [70.20223065048583, 30.03964352928133], [70.20214051463294, 30.03983556653274], [70.20206968695005, 30.040035532072878], [70.20201885310627, 30.04024149007401], [70.2005554679881, 30.047738783207674], [70.19511697293115, 30.047738783207674], [70.19491322291245, 30.047748432029614], [70.19471129652933, 30.04777729213503], [70.19451300109519, 30.047825105215647], [70.1943201114251, 30.047891443327288], [70.19413435395066, 30.04797571272011], [70.1939573912677, 30.048077159152893], [70.1937908072556, 30.048194874643762], [70.19363609290083, 30.048327805596955], [70.19349463295228, 30.04847476223286], [70.1933676935271, 30.04863442923701], [70.19325641077855, 30.048805377532577], [70.18983303446068, 30.054651652593318], [70.18289528319663, 30.060575629163008], [70.18274495384216, 30.06071697543714], [70.18260882474621, 30.06087204494821], [70.18248814273298, 30.06103941739429], [70.1823840131448, 30.061217559789274], [70.18229738971816, 30.061404840503673], [70.18222906584838, 30.06159954420894], [70.1821796673227, 30.061799887588382], [70.18214964658868, 30.0620040356708], [70.18213927861014, 30.062210118637218], [70.18214865834875, 30.062416248946803], [70.18217769989428, 30.0626205386251], [70.18222613725139, 30.062821116556247], [70.18382324297077, 30.068276035016652], [70.18081251543303, 30.07598839542531], [70.1744307442693, 30.078713014787425], [70.17424216459096, 30.078804609202884], [70.17406337208946, 30.078914085563024], [70.17389605719991, 30.079040408798242], [70.17374180183968, 30.079182384556255], [70.1736020644518, 30.079338670494366], [70.17347816621577, 30.079507788970986], [70.17337127855617, 30.079688141016298], [70.17328241206714, 30.07987802145012], [70.17321240695746, 30.08007563500391], [70.17316192510667, 30.080279113294555], [70.17313144380711, 30.080486532489424], [70.1731212512513, 30.0806959314957], [70.1731212512513, 30.086856146128977], [70.17313112803825, 30.08706228355475], [70.17316066790973, 30.087266532386373], [70.17320960022674, 30.087467021332646], [70.17327747668016, 30.087661913549773], [70.17336367539808, 30.08784942347019], [70.1734674066433, 30.0880278331616], [70.17358772004874, 30.08819550806639], [70.17372351332455, 30.088350911977127], [70.17387354235706, 30.08849262111103], [70.17403643260714, 30.088619337154412], [70.17421069170355, 30.088729899157585], [70.17900110408371, 30.091456843342534], [70.18412486320904, 30.103123651160416], [70.18421218599266, 30.103300126451888], [70.18431524398612, 30.103467899653044], [70.1844331777085, 30.10362557157244], [70.18456500361862, 30.1037718272611], [70.18470962231747, 30.103905446978874], [70.18486582771709, 30.10402531636684], [70.18503231709893, 30.104130435740775], [70.18935368934437, 30.106590378639332], [70.18935368934437, 30.11149700466208], [70.18936361820974, 30.111703683584174], [70.1893933133597, 30.111908458966663], [70.18944250129809, 30.112109444801792], [70.18951072899765, 30.112304789984023], [70.1895973680724, 30.11249269535896], [70.18970162056529, 30.112671430293798], [70.18982252629736, 30.11283934861667], [70.1899589717112, 30.112994903778105], [70.19010970012688, 30.113136663094945], [70.1934402429258, 30.115980532347997], [70.19686361924367, 30.121826807408738], [70.19697490199222, 30.121997755704307], [70.1971018414174, 30.122157422708455], [70.19724330136596, 30.12230437934436], [70.19739801572072, 30.122437310297553], [70.19756459973283, 30.122555025788422], [70.19774156241579, 30.122656472221205], [70.19792731989023, 30.122740741614027], [70.19812020956032, 30.122807079725668], [70.19831850499446, 30.122854892806284], [70.19852043137757, 30.1228837529117], [70.19872418139627, 30.12289340173364], [70.20109538842733, 30.12289340173364], [70.20407803617393, 30.127987022042014], [70.20418931892247, 30.128157970337583], [70.20431625834766, 30.12831763734173], [70.20445771829621, 30.128464593977636], [70.20461243265098, 30.12859752493083], [70.20477901666308, 30.1287152404217], [70.20495597934604, 30.12881668685448], [70.20514173682048, 30.128900956247303], [70.20533462649057, 30.128967294358944], [70.20553292192471, 30.12901510743956], [70.20573484830783, 30.129043967544977], [70.20593859832653, 30.129053616366917], [70.20830980535759, 30.129053616366917], [70.21129245310418, 30.13414723667529], [70.21142515409375, 30.134347389831063], [70.21157929076661, 30.134531543909166], [70.21175295091764, 30.13469741431141], [70.21536015938277, 30.13777752162805], [70.2155439193209, 30.13791810574447], [70.21574168560326, 30.138038189491127], [70.21595118085371, 30.13813639004454], [70.21616999263125, 30.13821157657697], [70.22693786055095, 30.14127638316122], [70.23590298919939, 30.14433842502674], [70.23611241249804, 30.144398326585367], [70.23632681101013, 30.14443679206025], [70.23654399648798, 30.14445342885545], [70.2367617522389, 30.14444806716834], [70.23697785574971, 30.14442076172272], [70.23719010137076, 30.144371791210247], [70.24772235766173, 30.14137404563347], [70.24947955658453, 30.14137404563347], [70.24961688043712, 30.141530388950727], [70.25262745177174, 30.149242349225293], [70.25271669127854, 30.14944076354396], [70.252825471998, 30.14962917449508], [70.25295268634174, 30.149805663707685], [70.25309703903318, 30.149968434196104], [70.25325706029567, 30.150115828656578], [70.25343112081764, 30.150246346341657], [70.25361744834194, 30.150358658340604], [70.25381414571078, 30.150451621110136], [70.25401921018215, 30.150524288117815], [70.25423055382156, 30.15057591947948], [70.25444602476098, 30.15060598949265], [70.25466342910886, 30.150614191989135], [70.25488055328799, 30.150600443452394], [70.25509518657378, 30.150564883867883], [70.25530514360358, 30.15050787529776], [70.25550828662757, 30.1504299981944], [70.25570254727513, 30.150332045490345], [70.25874368677569, 30.14860087559962], [70.25978111925161, 30.15214422873875], [70.25985106656496, 30.15234562186854], [70.25994056147714, 30.152539122463025], [70.26004872896037, 30.152722838589], [70.26017451141763, 30.152894973979947], [70.2603166790232, 30.153053845598862], [70.2604738417472, 30.153197900093975], [70.26064446294637, 30.1533257289865], [70.26082687438858, 30.1534360824419], [70.26101929256376, 30.15352788149002], [70.26121983612192, 30.153600228574614], [70.26142654426799, 30.153652416329116], [70.26163739593322, 30.153683934492843], [70.26185032953599, 30.15369447490002], [70.26440550908764, 30.15369447490002], [70.2708840359355, 30.161992258964084], [70.2744186012439, 30.168028417158308], [70.27454266430543, 30.168216915562056], [70.27468574967675, 30.16839141446739], [70.27484628994314, 30.168550002343093], [70.2750225264819, 30.168690941953756], [70.2752125287271, 30.168812689390172], [70.28062334142479, 30.17189279670681], [70.28082263775015, 30.171992969747524], [70.2810312170217, 30.172072016258298], [70.28124684685787, 30.17212909022037], [70.28146721941629, 30.172163580782716], [70.28168997609419, 30.17217511879985], [70.28472650402684, 30.17217511879985], [70.28888374331818, 30.1745416289479], [70.29044239120519, 30.17986519458849], [70.29051233851854, 30.180066587718283], [70.29060183343071, 30.180260088312767], [70.29071000091395, 30.18044380443874], [70.29083578337121, 30.18061593982969], [70.29097795097678, 30.180774811448604], [70.29113511370078, 30.180918865943717], [70.29130573489995, 30.18104669483624], [70.29148814634216, 30.18115704829164], [70.29168056451734, 30.181248847339763], [70.2918811080755, 30.181321194424356], [70.29208781622157, 30.181373382178858], [70.2922986678868, 30.181404900342585], [70.29251160148957, 30.181415440749763], [70.29488280852063, 30.181415440749763], [70.29786545626722, 30.186509061058135], [70.29802656968921, 30.186746431399328], [70.30524098661947, 30.195986753349242], [70.30538324950446, 30.19615115409224], [70.30554134543927, 30.196300392184355], [70.30571366694667, 30.196432950212518], [70.30589846190759, 30.1965474803621], [70.30609385137622, 30.19664281812112], [70.3062978486846, 30.196717994120707], [70.3065083796426, 30.196772243991376], [70.30672330362765, 30.196805016134924], [70.30694043535007, 30.196815977332953], [70.31073592301, 30.196815977332953], [70.31208564199595, 30.201425945804957], [70.31215716481985, 30.201631230116867], [70.31224899565585, 30.20182826884559], [70.31236020097366, 30.202015058942614], [70.31248965028665, 30.202189701544576], [70.31263602764415, 30.202350421276623], [70.31279784500899, 30.202495584300465], [70.31297345738462, 30.202623714923586], [70.31316107953771, 30.202733510600765], [70.31335880414639, 30.202823855175463], [70.31356462118967, 30.20289383022637], [70.32229685936855, 30.20537924528397], [70.32110366315877, 30.209454609834122], [70.32105444992588, 30.209659263356933], [70.32102542676272, 30.209867740364515], [70.32101687028049, 30.210078053923997], [70.32102886202848, 30.210288199598878], [70.32106128771692, 30.210496174552706], [70.3211138383061, 30.210699996637544], [70.32118601295187, 30.21089772328521], [70.32127712377896, 30.211087470021354], [70.32138630243696, 30.211267428425792], [70.32151250837627, 30.21143588336805], [70.32165453876533, 30.21159122935376], [70.32181103995437, 30.21173198582615], [70.32198052037673, 30.2118568112768], [70.32216136476447, 30.211964516031152], [70.3223518495431, 30.212054073586962], [70.32255015925836, 30.212124630397582], [70.32275440387883, 30.212175514006855], [70.32296263680932, 30.212206239458112], [70.32317287344314, 30.212216513916143], [70.32620940137579, 30.212216513916143], [70.33020994768864, 30.21449382652281], [70.33149981263854, 30.22330490025604], [70.3249764776757, 30.22330490025604], [70.32475916388393, 30.223315879891214], [70.32454406339737, 30.223348706970956], [70.32433336697908, 30.22340304715686], [70.32412922053742, 30.223478347003077], [70.3239337032703, 30.22357383959306], [70.32374880648892, 30.223688552350495], [70.32357641333657, 30.22382131694482], [70.31996920487144, 30.22690142426146], [70.3197955447204, 30.227067294663705], [70.31964140804754, 30.227251448741807], [70.31950870705798, 30.22745160189758], [70.31608533074011, 30.23329787695832], [70.31291039475688, 30.236008877347217], [70.30817335905016, 30.23870543683923], [70.30513683111751, 30.23870543683923], [70.30491969990088, 30.23871639798606], [70.30470477640617, 30.23874916997706], [70.30449424590788, 30.238803419596927], [70.30429024901386, 30.2388785952526], [70.2970758320836, 30.24195870256924], [70.29688006812545, 30.242054246866566], [70.29669494414877, 30.242169056941577], [70.29652234984812, 30.24230196084465], [70.29291514138299, 30.245382068161287], [70.29274148123196, 30.245547938563533], [70.2925873445591, 30.245732092641635], [70.29245464356953, 30.24593224579741], [70.28947199582294, 30.25102586610578], [70.28710078879188, 30.25102586610578], [70.2868834750001, 30.251036845740956], [70.28666837451354, 30.251069672820698], [70.28645767809525, 30.251124013006603], [70.28625353165359, 30.25119931285282], [70.28605801438647, 30.251294805442804], [70.28587311760509, 30.251409518200237], [70.28570072445274, 30.251542282794563], [70.27487909905736, 30.260782604744477], [70.2746592422303, 30.260999408530694], [70.26935057580918, 30.26704332954547], [70.26586107789454, 30.27002292669439], [70.26571074854007, 30.270164272968522], [70.26557461944412, 30.270319342479592], [70.26545393743089, 30.270486714925674], [70.26534980784271, 30.270664857320657], [70.26526318441607, 30.270852138035057], [70.26519486054629, 30.271046841740322], [70.26514546202061, 30.271247185119766], [70.2651154412866, 30.271451333202183], [70.26510507330805, 30.2716574161686], [70.26511445304666, 30.271863546478187], [70.2651434945922, 30.272067836156484], [70.2651919319493, 30.27226841408763], [70.26666238587345, 30.277290753034006], [70.26203401260236, 30.28256015974716], [70.26188887270031, 30.282744782042613], [70.26176467321005, 30.28294409453536], [70.26166288761515, 30.283155732612784], [70.26158472348418, 30.283377185433434], [70.25811168693153, 30.29523935020731], [70.25301599143954, 30.301040803646988], [70.25288682724953, 30.301202959936827], [70.25277383380109, 30.3013767717055], [70.25267805574758, 30.301560632018738], [70.2526003785816, 30.30175284104091], [70.25254152044843, 30.301951621750426], [70.25250202550654, 30.302155136368782], [70.25248225889682, 30.30236150335126], [70.2524824033666, 30.302568814782315], [70.25250245758022, 30.302775154014732], [70.25254223613135, 30.302978613389516], [70.25260137125711, 30.303177311872698], [70.25267931623813, 30.303369412445967], [70.25277535045313, 30.30355313909038], [70.25591255525913, 30.308910704404475], [70.24909366576871, 30.332200638006967], [70.24399797027672, 30.338002091446644], [70.24386213730848, 30.338173551930936], [70.24374437655786, 30.338357893186625], [70.24364590015237, 30.338553217763934], [70.24356772172317, 30.338757515160253], [70.24351064597148, 30.33896868251452], [70.24347526038588, 30.33918454625225], [70.24346192919499, 30.339402884458448], [70.24347078961864, 30.339621449748076], [70.24350175045522, 30.33983799239869], [70.24530535468779, 30.349078314348603], [70.24536498780762, 30.349312906306146], [70.24545054017308, 30.349539335739504], [70.24556093352288, 30.34975474883995], [70.24875650089571, 30.35521198289838], [70.2471461126883, 30.363462410144116], [70.24367132473047, 30.372363520171007], [70.24015012082519, 30.378376860412843], [70.24005160303884, 30.37856597143946], [70.23997224709422, 30.37876388901996], [70.23991282917508, 30.378968677314315], [70.23987393045059, 30.379178333279768], [70.23985593139072, 30.379390806262666], [70.23985900804506, 30.379604018056], [70.2398831303207, 30.379815883226417], [70.2399280622767, 30.38002432951194], [70.23999336443171, 30.380227318090853], [70.24007839806268, 30.380422863523485], [70.24018233145213, 30.38060905317189], [70.24030414802331, 30.380784065907438], [70.2404426562833, 30.380946189923332], [70.24059650147711, 30.38109383947789], [70.24076417883855, 30.38122557040472], [70.24094404830839, 30.381340094238194], [70.24526542055384, 30.38380003713675], [70.24526542055384, 30.39271080267113], [70.24201068297779, 30.39271080267113], [70.24180102576913, 30.39272102043847], [70.24159335571626, 30.392751576895275], [70.24138964114047, 30.392802182423846], [70.24119181287257, 30.392872357379], [70.24100174595226, 30.392961436634227], [70.24082124185624, 30.393068575885824], [70.24065201142366, 30.39319275965531], [70.24049565864057, 30.393332810914245], [70.2403536654371, 30.393487402240254], [70.24022737764159, 30.393655068398495], [70.24011799222471, 30.393834220229312], [70.24002654595435, 30.39402315971049], [70.23995390556905, 30.39422009605131], [70.23990075956299, 30.394423162665877], [70.23986761166026, 30.394630434864823], [70.23985477604063, 30.394839948097772], [70.23986237436159, 30.39504971657355], [70.23989033460538, 30.395257752081765], [70.2399383917615, 30.3954620828373], [70.24000609033853, 30.39566077216912], [70.24009278868138, 30.395851936876266], [70.2401976650529, 30.396033765077064], [70.24031972542248, 30.396204533382353], [70.2404578128875, 30.39636262322996], [70.24061061863866, 30.39650653622564], [70.24394116143758, 30.399350405478692], [70.24672657551118, 30.40410719974269], [70.24375732929032, 30.409177933579222], [70.24366118032817, 30.409361908139868], [70.24358316931382, 30.40955427638965], [70.24352401937888, 30.40975325515003], [70.24348427882015, 30.409956999965615], [70.2434643160171, 30.410163622201544], [70.2434643160171, 30.410371206550387], [70.24348427882015, 30.410577828786316], [70.24352401937888, 30.410781573601902], [70.24358316931382, 30.410980552362282], [70.24366118032817, 30.411172920612064], [70.24375732929032, 30.41135689517271], [70.24881492748304, 30.41999401462317], [70.24707921992834, 30.437778954718947], [70.2470690809501, 30.438003942459808], [70.24708246664436, 30.438228760398612], [70.24711923095765, 30.438450955510362], [70.2471789727486, 30.43866810338816], [70.24726104016483, 30.438877834696296], [70.24736453775544, 30.43907786102245], [70.25067623325153, 30.444733413024267], [70.25067623325153, 30.456469024125536], [70.25069897123834, 30.456781326221723], [70.25247983748409, 30.46894643219001], [70.25247983748409, 30.478029775342], [70.25248954734954, 30.47823416740934], [70.25251858948931, 30.478436718520904], [70.25256670232136, 30.478635604302376], [70.25437030655392, 30.484795818935652], [70.25445980533752, 30.48504404050298], [70.2545789546857, 30.48527947077202], [70.25998976738339, 30.494519792721935], [70.26015088080538, 30.494757163063127], [70.2666848491258, 30.50312595730871], [70.2651919319493, 30.508225019548007], [70.26514358480343, 30.508425126362365], [70.26511454267752, 30.508628932001614], [70.26510507033836, 30.50883457844203], [70.26511525414189, 30.50904019087797], [70.26514500124598, 30.50924389481378], [70.26686798360534, 30.518071170458295], [70.26514500124598, 30.526898446102813], [70.26511518450222, 30.52710286512104], [70.26510506833135, 30.527309199403962], [70.26511474560304, 30.52751555473739], [70.26514412747689, 30.527720036713887], [70.26519294421794, 30.527920768124023], [70.26526074767304, 30.528115906189758], [70.26534691538495, 30.52830365948173], [70.26545065630673, 30.52848230436514], [70.26557101806381, 30.528650200823282], [70.26570689569705, 30.528805807513386], [70.26585704180668, 30.528947695916667], [70.26602007800376, 30.529074563452554], [70.26619450756428, 30.529185245436818], [70.2711032930465, 30.531979573557997], [70.27412308827485, 30.537136632523406], [70.27412308827485, 30.545792136308037], [70.27413301714022, 30.54599881523013], [70.27416271229018, 30.54620359061262], [70.27421190022856, 30.54640457644775], [70.27428012792812, 30.54659992162998], [70.27436676700287, 30.546787827004916], [70.27447101949576, 30.546966561939755], [70.27459192522784, 30.547134480262628], [70.27472837064168, 30.547290035424062], [70.27487909905736, 30.547431794740902], [70.27848630752248, 30.55051190205754], [70.27864748079715, 30.55063684240643], [70.27881973719222, 30.550745996653283], [70.283316237642, 30.553305631352988], [70.28496745165704, 30.564585082304053], [70.28501069401248, 30.564802085170395], [70.28507594945249, 30.56501351334462], [70.28516253070032, 30.56521714004432], [70.28526952587372, 30.565410820653], [70.28539580808895, 30.565592515307358], [70.28554004732926, 30.565760310381364], [70.28570072445274, 30.56591243864073], [70.28930793291786, 30.568992545957368], [70.28948032607022, 30.569125310551694], [70.2896652228516, 30.569240023309128], [70.28986074011871, 30.569335515899112], [70.29006488656037, 30.56941081574533], [70.29027558297867, 30.569465155931233], [70.29049068346522, 30.569497983010976], [70.290707997257, 30.56950896264615], [70.29351993285933, 30.56950896264615], [70.29576633906561, 30.57142711410842], [70.29576633906561, 30.582753424107693], [70.29577621585256, 30.582959561533468], [70.29580575572403, 30.58316381036509], [70.29585468804105, 30.583364299311363], [70.29592256449446, 30.58355919152849], [70.29600876321238, 30.583746701448906], [70.2961124944576, 30.583925111140317], [70.29623280786305, 30.584092786045108], [70.29636860113885, 30.584248189955844], [70.29651863017136, 30.584389899089746], [70.29668152042144, 30.58451661513313], [70.29685577951786, 30.5846271771363], [70.30176456500007, 30.58742150525748], [70.30478436022842, 30.59257856422289], [70.30478436022842, 30.598153960690883], [70.30479428909379, 30.598360639612977], [70.30482398424375, 30.598565414995466], [70.30487317218214, 30.598766400830595], [70.3049413998817, 30.598961746012826], [70.30502803895645, 30.599149651387762], [70.30513229144934, 30.5993283863226], [70.30525319718141, 30.599496304645474], [70.30538964259526, 30.599651859806908], [70.30554037101093, 30.599793619123748], [70.30914757947606, 30.602873726440386], [70.30931997262842, 30.603006491034712], [70.30950486940979, 30.603121203792146], [70.30970038667691, 30.60321669638213], [70.30990453311857, 30.603291996228347], [70.31011522953686, 30.60334633641425], [70.31033033002342, 30.603379163493994], [70.3105476438152, 30.603390143129168], [70.31291885084626, 30.603390143129168], [70.3156059856238, 30.60797910080608], [70.3156059856238, 30.61971471190735], [70.31561617817961, 30.619924110913626], [70.31564665947917, 30.620131530108495], [70.31569714132996, 30.620335008399138], [70.31576714643964, 30.62053262195293], [70.31585601292868, 30.62072250238675], [70.31596290058827, 30.620902854432064], [70.3160867988243, 30.621071972908684], [70.31622653621218, 30.621228258846795], [70.31638079157241, 30.621370234604807], [70.31654810646197, 30.621496557840025], [70.31672689896347, 30.621606034200166], [70.3169154786418, 30.621697628615625], [70.32298041874971, 30.624286980822728], [70.32463864220371, 30.638446146401], [70.32467232252462, 30.63864923939451], [70.32472521896838, 30.638848194400143], [70.32479684928613, 30.639041197575267], [70.3248865604351, 30.63922648933919], [70.32499353453237, 30.63940238041498], [70.32511679631129, 30.639567267230362], [70.32525522201291, 30.639719646537223], [70.32540754963108, 30.639858129116522], [70.325572390418, 30.63998145244357], [70.32574824154521, 30.640088492198288], [70.32593349980462, 30.640178272515453], [70.33154432606987, 30.642573746356106], [70.3282711493857, 30.659343060718246], [70.32824133264194, 30.659547479736474], [70.32823121647107, 30.659753814019396], [70.32824089374276, 30.659960169352825], [70.3282702756166, 30.66016465132932], [70.32831909235766, 30.660365382739457], [70.32838689581276, 30.66056052080519], [70.32847306352467, 30.660748274097163], [70.32857680444644, 30.660926918980575], [70.32869716620353, 30.661094815438716], [70.32883304383677, 30.66125042212882], [70.3289831899464, 30.6613923105321], [70.32914622614348, 30.661519178067987], [70.329320655704, 30.66162986005225], [70.33387152603018, 30.664220444826093], [70.33548556631595, 30.672489582595592], [70.33554519943578, 30.672724174553135], [70.33563075180125, 30.672950603986493], [70.33574114515105, 30.67316601708694], [70.33916303367585, 30.67900975136726], [70.34079582767713, 30.687374969177966], [70.3391661851983, 30.69294101701919], [70.33559324646966, 30.702093552693018], [70.33552488164611, 30.70229842458248], [70.33547735639998, 30.702509108210627], [70.33545114761579, 30.702723489506038], [70.33544651828143, 30.702939417293628], [70.33546351484924, 30.70315472488029], [70.33550196676981, 30.703367251796216], [70.3355614882035, 30.703574865473804], [70.3356414818919, 30.703775482646567], [70.33574114515105, 30.703967090253318], [70.33934835361617, 30.710127304886594], [70.33948105460574, 30.710327458042368], [70.3396351912786, 30.71051161212047], [70.33980885142964, 30.710677482522716], [70.34175331171676, 30.71233780973008], [70.33778539037002, 30.716855291393117], [70.33765189729056, 30.71702347540038], [70.33753579489547, 30.717204103461373], [70.33743823470964, 30.71739538407382], [70.33736018435286, 30.717595420081505], [70.33730241794292, 30.71780222749057], [70.33726550841767, 30.718013755147172], [70.33724982185258, 30.718227905081186], [70.33725551382985, 30.718442553314247], [70.33728252789543, 30.71865557092578], [70.33733059611883, 30.718864845168007], [70.33739924175062, 30.719068300420577], [70.3374877839508, 30.71926391877695], [70.33759534454158, 30.71944976005835], [70.33772085671728, 30.719623981056834], [70.3378630756251, 30.71978485381656], [70.33802059071179, 30.71993078277196], [70.33819183971383, 30.720060320572873], [70.33837512415215, 30.720172182439605], [70.33856862617807, 30.720265258905624], [70.33877042660296, 30.72033862682146], [70.33897852393318, 30.72039155851065], [70.33919085422119, 30.720423528986984], [70.33940531153621, 30.720434221161412], [70.34177651856727, 30.720434221161412], [70.34342584737514, 30.723250864434352], [70.33690482622293, 30.7254781207914], [70.33671362983092, 30.725553785233448], [70.33653051081035, 30.725647319143935], [70.33635713469197, 30.725757871799626], [70.33619507839147, 30.725884437685924], [70.33604581586688, 30.726025865642367], [70.33591070471246, 30.726180869332833], [70.33579097381083, 30.7263480389452], [70.33568771215589, 30.726525854014096], [70.33560185894807, 30.72671269725003], [70.33553419505196, 30.726906869249223], [70.33548533589409, 30.72710660395026], [70.33545572586534, 30.727310084697027], [70.3354456342792, 30.727515460761836], [70.3354551529221, 30.72772086417842], [70.3354841952187, 30.727924426731743], [70.33553249701927, 30.728124296950053], [70.3369439785632, 30.732945215588703], [70.33439803873195, 30.73511913150673], [70.33424651252399, 30.735261717227818], [70.33410943558108, 30.73541824451388], [70.33398808443917, 30.735587255696686], [70.33388358918685, 30.73576717685109], [70.33379692294145, 30.735956332452286], [70.33372889278671, 30.73615296097922], [70.33237917380076, 30.740762929451222], [70.3303872903734, 30.740762929451222], [70.33017678659678, 30.74077323009958], [70.32996829418366, 30.740804033621966], [70.32976380527892, 30.740855045690733], [70.32956527377394, 30.740925778885597], [70.32937459663717, 30.741015557350913], [70.32919359578852, 30.74112352325349], [70.32902400069106, 30.741248644979176], [70.32886743182584, 30.741389726989954], [70.32872538520827, 30.741545421247277], [70.32859921809374, 30.741714240092595], [70.32849013600895, 30.74189457046192], [70.32839918123318, 30.742084689298668], [70.32832722283925, 30.742282780017447], [70.32827494838958, 30.742486949861537], [70.32824285736652, 30.742695247988177], [70.32823125639977, 30.742905684108877], [70.32824025633657, 30.7431162475066], [70.32826977118253, 30.74332492624819], [70.32831951892331, 30.743529726408372], [70.32838902421925, 30.743728691121724], [70.32847762294732, 30.7439199192805], [70.32858446854668, 30.744101583699745], [70.32870854010771, 30.744271948576017], [70.3288486521267, 30.744429386073012], [70.32900346583337, 30.744572391875526], [70.32917150198281, 30.74469959956318], [70.32935115498974, 30.74480979366659], [70.32954070826975, 30.744901921281144], [70.33355779755755, 30.74661696855753], [70.33259443449938, 30.74743956077328], [70.33244370608371, 30.74758132009012], [70.33230726066986, 30.747736875251555], [70.33218635493779, 30.747904793574428], [70.3320821024449, 30.748083528509266], [70.33199546337015, 30.748271433884202], [70.33192723567059, 30.748466779066433], [70.3318780477322, 30.748667764901562], [70.33184835258224, 30.74887254028405], [70.33183842371687, 30.749079219206145], [70.33183842371687, 30.754654615674138], [70.32672312398823, 30.76339027499259], [70.32662405080197, 30.763580595476135], [70.32654438460253, 30.76377982067374], [70.32648491435349, 30.76398597758527], [70.3264462290105, 30.76419702456329], [70.3264287116887, 30.764410871532245], [70.32643253586856, 30.764625400687237], [70.3264576636778, 30.764838487467436], [70.32650384626653, 30.765048021596378], [70.32657062627165, 30.765251927980803], [70.3266573423463, 30.76544818726107], [70.32676313570941, 30.765634855809612], [70.32688695865055, 30.76581008497939], [70.32702758490576, 30.765972139411726], [70.3271836218017, 30.7661194142222], [70.32887057581758, 30.767559863105973], [70.32357641333657, 30.772080419306384], [70.3234260839821, 30.772221765580515], [70.32328995488615, 30.772376835091585], [70.32316927287292, 30.772544207537667], [70.32306514328474, 30.77272234993265], [70.3229785198581, 30.77290963064705], [70.32291019598831, 30.773104334352315], [70.32286079746264, 30.77330467773176], [70.32283077672862, 30.773508825814176], [70.32282040875008, 30.773714908780594], [70.32282978848869, 30.77392103909018], [70.32285883003422, 30.774125328768477], [70.32290726739133, 30.774325906699623], [70.32437772131547, 30.779348245646], [70.31974934804438, 30.784617652359152], [70.31961658617037, 30.784784815128482], [70.31950100520474, 30.784964286984287], [70.31940373814528, 30.785154308629853], [70.31932573846524, 30.78535301735275], [70.31926777076687, 30.785558465284318], [70.31923040328621, 30.78576863849391], [70.31921400232298, 30.785981476730715], [70.31921872864977, 30.786194893619633], [70.31924453593618, 30.786406797113255], [70.3192911712028, 30.78661510999943], [70.31935817730128, 30.786817790263413], [70.31944489739543, 30.787012851104983], [70.31955048139997, 30.787198380414324], [70.3196738943137, 30.787372559515727], [70.31981392636511, 30.787533680995413], [70.31996920487144, 30.787680165438665], [70.322204021815, 30.7895884211122], [70.32013326777651, 30.793124753834068], [70.31776206074545, 30.793124753834068], [70.31754675779406, 30.793135530708547], [70.31733360717294, 30.793167753598233], [70.31712473969607, 30.793221100378886], [70.31692224335987, 30.79329503775595], [70.31672814247007, 30.79338882659578], [70.31654437740517, 30.79350152931457], [70.31637278521902, 30.793632019251167], [70.31621508127618, 30.793778991929983], [70.31607284210395, 30.79394097810156], [70.31594748963207, 30.794116358430262], [70.31584027697816, 30.794303379682376], [70.31575227592056, 30.794500172252775], [70.31568436618407, 30.794704768854874], [70.31563722664548, 30.794915124187117], [70.31561132854709, 30.795129135379348], [70.31560693078578, 30.795344663014692], [70.31562407732487, 30.79555955251676], [70.31566259675466, 30.795771655688423], [70.31572210400596, 30.79597885218681], [70.3158020041995, 30.79617907071985], [70.31590149859285, 30.796370309752458], [70.31827223136078, 30.80041893151351], [70.31330827017668, 30.802538234197353], [70.31313478055893, 30.80262164738803], [70.31296942235845, 30.80272020231377], [70.31281351371449, 30.80283311335214], [70.31266829743988, 30.80295948044214], [70.31253493111413, 30.80309829625898], [70.30712411841644, 30.809258510892256], [70.30698946769168, 30.809428314299065], [70.3068725428796, 30.809610776906087], [70.30677452523643, 30.809804055348422], [70.306696405005, 30.810006196992035], [70.30663897141052, 30.810215159660633], [70.30660280468734, 30.81042883226715], [70.30658827021699, 30.81064505614144], [70.30659551483687, 30.810861646838667], [70.30662446535676, 30.811076416208085], [70.30667482929826, 30.81128719449928], [70.30766979581463, 30.814685505050534], [70.30694043535007, 30.814685505050534], [70.30673668533137, 30.814695153872474], [70.30653475894826, 30.81472401397789], [70.30633646351411, 30.814771827058507], [70.30614357384403, 30.814838165170148], [70.30595781636958, 30.81492243456297], [70.30578085368663, 30.815023880995753], [70.30561426967452, 30.815141596486622], [70.30545955531976, 30.815274527439815], [70.3053180953712, 30.81542148407572], [70.30519115594602, 30.81558115107987], [70.30507987319747, 30.815752099375437], [70.2999609607675, 30.824493928288945], [70.29505217528529, 30.827288256410124], [70.2948621730401, 30.82741000384654], [70.29468593650134, 30.827550943457204], [70.29452539623495, 30.827709531332907], [70.29438231086363, 30.82788403023824], [70.29425824780209, 30.82807252864199], [70.29083487148422, 30.83391880370273], [70.28450191169651, 30.839326363583638], [70.27988637186162, 30.839326363583638], [70.27968262184292, 30.839336012405578], [70.27948069545981, 30.839364872510995], [70.27928240002566, 30.83941268559161], [70.27908951035558, 30.83947902370325], [70.27890375288113, 30.839563293096074], [70.27872679019818, 30.839664739528857], [70.27856020618607, 30.839782455019726], [70.27840549183131, 30.83991538597292], [70.27826403188276, 30.840062342608825], [70.27813709245757, 30.840222009612972], [70.27802580970902, 30.84039295790854], [70.27549483245406, 30.84471523738677], [70.2719349853682, 30.842688792993314], [70.2717422127941, 30.842591499353627], [70.2715406751466, 30.842513975845655], [70.27133239390285, 30.842457000051166], [70.27111945818014, 30.84242114345281], [70.27090400378141, 30.842406765701973], [70.2706881917726, 30.84241401101139], [70.27047418680661, 30.84244280670864], [70.27026413541117, 30.84249286396509], [70.27006014445864, 30.842563680692905], [70.26986426003351, 30.84265454658113], [70.2696784469096, 30.84276455022031], [70.26950456884283, 30.84289258824416], [70.26934436987732, 30.84303737639663], [70.26919945685202, 30.84319746241336], [70.26907128328385, 30.84337124058826], [70.26896113478837, 30.843556967879188], [70.26887011618481, 30.843752781391128], [70.26879914041443, 30.84395671706155], [70.2679315410086, 30.846920004937676], [70.2676358952961, 30.84666756027555], [70.267166138, 30.84528923], [70.269714355, 30.852766037], [70.270698547, 30.859985352], [70.269500732, 30.865343094], [70.267341098, 30.867497556], [70.26527996806148, 30.8683198990811], [70.26378080799577, 30.870880091502386], [70.26045026519685, 30.873723960755438], [70.26029953678118, 30.873865720072278], [70.26016309136733, 30.874021275233712], [70.26004218563526, 30.874189193556585], [70.25993793314237, 30.874367928491424], [70.25985129406762, 30.87455583386636], [70.25978306636806, 30.87475117904859], [70.25973387842967, 30.87495216488372], [70.25970418327971, 30.87515694026621], [70.25969425441434, 30.875363619188303], [70.25970418327971, 30.875570298110397], [70.25973387842967, 30.875775073492886], [70.25978306636806, 30.875976059328014], [70.25985129406762, 30.876171404510245], [70.25993793314237, 30.87635930988518], [70.26004218563526, 30.87653804482002], [70.26016309136733, 30.876705963142893], [70.26029953678118, 30.876861518304327], [70.26045026519685, 30.877003277621167], [70.26574442767786, 30.88152383382158], [70.26045026519685, 30.88604439002199], [70.2602987389889, 30.88618697574308], [70.26016166204599, 30.886343503029142], [70.26004031090407, 30.886512514211947], [70.25993581565176, 30.886692435366353], [70.25984914940635, 30.886881590967548], [70.25978111925161, 30.88707821949448], [70.25797751501905, 30.893238434127756], [70.25791338816859, 30.893531960991943], [70.25705924705858, 30.899366603060052], [70.258300781, 30.9031353], [70.26248931900001, 30.92074585], [70.263763428, 30.925287247], [70.265472412, 30.944810867], [70.265625, 30.964609146], [70.265190165, 30.987621088], [70.264663696, 30.99993515], [70.265060425, 31.008176804], [70.266075134, 31.019142151], [70.268371582, 31.033845901], [70.269973755, 31.040258408], [70.273757935, 31.046123505], [70.282569885, 31.059183121], [70.287635803, 31.069587708], [70.291465759, 31.081338882], [70.294380188, 31.095235825], [70.294784546, 31.104860306], [70.293983459, 31.121189117], [70.292289734, 31.142606735], [70.292388916, 31.154914856], [70.292739868, 31.159461975], [70.287513733, 31.165496826], [70.292602539, 31.167840958], [70.309883118, 31.174806595], [70.317610998, 31.177033327], [70.31870867100001, 31.177349613], [70.32350308800001, 31.17873109], [70.334011942, 31.18175914], [70.334870279, 31.182006464], [70.33694748100001, 31.18260461], [70.337545608, 31.182758592], [70.341499775, 31.183752446], [70.352166696, 31.186433508], [70.35262235, 31.186548034], [70.354113292, 31.186922693], [70.35663604, 31.187552417], [70.35754051100001, 31.187778187], [70.35993666, 31.188376302], [70.361554737, 31.188780198], [70.364767841, 31.189582237], [70.366023648, 31.189895705], [70.36898878800001, 31.190634039], [70.369749615, 31.190801664], [70.370949214, 31.19106563], [70.372224305, 31.191346208], [70.373383399, 31.191601261], [70.380714417, 31.193214417], [70.394035339, 31.196363449], [70.404187, 31.19971784702726], [70.404187, 31.198393], [70.399461, 31.195768], [70.406122, 31.185775], [70.40512305300007, 31.182445417000054], [70.40447812700006, 31.180295817000058], [70.40288838600003, 31.174997060000067], [70.40025088200008, 31.166206014000068], [70.399172, 31.16261], [70.399172, 31.158547707000025], [70.399172, 31.148679781000055], [70.399172, 31.14570241800004], [70.39955947800007, 31.142419818000064], [70.40105756800006, 31.140493715000048], [70.40682788200007, 31.13307479200006], [70.40896441800004, 31.130329121000045], [70.41124983300006, 31.127392276000023], [70.41405075100005, 31.12379238500006], [70.41542038000006, 31.121952443000055], [70.41706417700004, 31.116035397000076], [70.41842705900007, 31.111129540000036], [70.41985871700007, 31.105976113000054], [70.42030724600005, 31.10323929300006], [70.42104077400006, 31.10136319000003], [70.42185277200008, 31.099201683000047], [70.42275586800008, 31.09649239500004], [70.42393185000003, 31.09296444900008], [70.42500067700007, 31.08975796900006], [70.42577800600003, 31.08742598300006], [70.42674058600005, 31.084538243000054], [70.42750520200008, 31.082244397000068], [70.42914353200007, 31.077329397000028], [70.42985960500005, 31.07518118400003], [70.43065543600005, 31.072793691000072], [70.43125001100003, 31.071009967000066], [70.43257988200008, 31.067020355000068], [70.43276300600007, 31.064985836000062], [70.432763, 31.06314440600005], [70.432763, 31.05838639600006], [70.43262893600007, 31.054474731000028], [70.432763, 31.05077032300005], [70.432763, 31.048098330000073], [70.43185846800003, 31.04446017300006], [70.43276299900003, 31.04267907700006], [70.43311557900006, 31.039414341000054], [70.43343170300005, 31.036964226000066], [70.43376572100004, 31.03437542000006], [70.43407235800004, 31.03199883900004], [70.43446165200004, 31.028981626000075], [70.43536432500008, 31.02198547200004], [70.43613739100005, 31.01599383000007], [70.43649973300006, 31.01318550700006], [70.43704158200006, 31.008985911000025], [70.43730612400003, 31.006935587000044], [70.43950363600004, 31.003275333000033], [70.44390132400008, 30.997565860000066], [70.44720479700004, 30.99518627100008], [70.45172740400005, 30.992359672000077], [70.45609875600007, 30.989627607000045], [70.462879, 30.98539], [70.46554070300004, 30.980953317000058], [70.46771826200006, 30.977314007000075], [70.469828, 30.973807], [70.469828, 30.96764280700006], [70.46982591300008, 30.965449067000065], [70.46982761200007, 30.963662644000067], [70.469828, 30.961031882000043], [70.469828, 30.956990862000055], [70.469828, 30.952704658000073], [70.469828, 30.94971806600006], [70.46951509400003, 30.94780161600005], [70.46912462600005, 30.945731739000053], [70.46832305600003, 30.941456776000052], [70.46777157800005, 30.93851561400004], [70.46709885500007, 30.934927823000066], [70.46648913400003, 30.93167520000003], [70.46622591000005, 30.928153348000023], [70.46607243100004, 30.924776036000026], [70.46575790200006, 30.917854762000047], [70.46564374400003, 30.915342702000032], [70.46551183100007, 30.912439908000067], [70.46484119600007, 30.91035535000003], [70.46514547600003, 30.908672370000033], [70.46530142200004, 30.907809833000044], [70.46519332500003, 30.90566704400004], [70.46485122700005, 30.902704193000034], [70.46459902800007, 30.90058255300005], [70.46409347300005, 30.896320342000024], [70.46381075900007, 30.893932790000065], [70.46351331500006, 30.891454115000045], [70.46270891200004, 30.884750834000045], [70.46245513000008, 30.88263470000004], [70.46237494000007, 30.87843070100007], [70.46172, 30.87651], [70.46206705000003, 30.874566713000036], [70.46272284300005, 30.87089463500007], [70.46332513000004, 30.867522158000043], [70.46383390400007, 30.864673306000043], [70.46457643300005, 30.860515553000027], [70.46543962400006, 30.85568216200005], [70.46589694400006, 30.853121422000072], [70.46646234900004, 30.84995546700003], [70.46676945500008, 30.848235845000033], [70.46738394500005, 30.84479503800003], [70.46837320300006, 30.842097225000032], [70.47035826400008, 30.837531569000078], [70.47200744600008, 30.833738436000033], [70.47330786400005, 30.830747462000033], [70.47651215600007, 30.82321343900003], [70.47842091600006, 30.818958284000075], [70.47989434200008, 30.81553738300005], [70.48073087600005, 30.81359193800006], [70.48170125600006, 30.81215654600004], [70.48280177200007, 30.80877697300008], [70.48391529400004, 30.806188493000036], [70.48459199000007, 30.804609373000062], [70.48527358900003, 30.803018811000072], [70.486044, 30.801221], [70.48926328900006, 30.79607008100004], [70.49156592200006, 30.792385830000057], [70.49555789900006, 30.78599859800005], [70.49661486500008, 30.784307433000038], [70.497627, 30.782688], [70.49865964500003, 30.778901833000077], [70.49945501400003, 30.77598563300006], [70.50042798400005, 30.772418264000066], [70.50122511100005, 30.769495617000075], [70.50146881200004, 30.76574134300006], [70.50283032900006, 30.76361012700005], [70.50361507800005, 30.760732863000044], [70.50446799100007, 30.75760568100003], [70.50481838000007, 30.755154639000068], [70.50518800100008, 30.752013417000057], [70.50541887000003, 30.750051377000034], [70.50562452900004, 30.748303548000024], [70.50586840900007, 30.746230973000024], [70.50606756700006, 30.744538436000028], [70.50650410600008, 30.740828512000064], [70.50683350700007, 30.73806044500003], [70.50743433200006, 30.73386761200004], [70.50792493000006, 30.730555940000045], [70.50838192000003, 30.727471136000077], [70.50886560800006, 30.724206115000072], [70.50917059800008, 30.721004034000032], [70.50977136500006, 30.718092015000025], [70.51005209900006, 30.71619698300003], [70.51044307800004, 30.713558185000068], [70.51059414800005, 30.712538315000074], [70.51103292600004, 30.709576138000045], [70.511527, 30.706241], [70.51443638400008, 30.701392166000062], [70.51747734700007, 30.696324040000036], [70.52258398300006, 30.68781322500007], [70.52427699300006, 30.684991624000077], [70.525427, 30.683075], [70.52637753200008, 30.68109216700003], [70.52872683100003, 30.676199936000046], [70.53099568100004, 30.671472879000078], [70.53271432600008, 30.667892153000025], [70.53488663300004, 30.663366240000073], [70.53858653100008, 30.65565765300005], [70.539326, 30.654117], [70.54108708300004, 30.647073274000036], [70.54271006600004, 30.640581903000054], [70.54348477000008, 30.63748335500003], [70.54377562800005, 30.636320025000032], [70.54492505800005, 30.63172079900005], [70.545118, 30.629044003000047], [70.545118, 30.625790188000053], [70.545118, 30.622163486000034], [70.545118, 30.618655192000062], [70.545118, 30.61463425000005], [70.545118, 30.61440252500006], [70.545118, 30.610185157000046], [70.54511620900007, 30.604789482000058], [70.54471476600008, 30.599071433000063], [70.54435699800007, 30.594423535000033], [70.543959, 30.589253], [70.54645087300008, 30.582774646000075], [70.54856236300003, 30.577285209000024], [70.54949237600005, 30.57486737000005], [70.55086744200008, 30.567494417000034], [70.552067, 30.560295], [70.55224147400008, 30.558376988000077], [70.55244873900006, 30.556098511000073], [70.55285748700004, 30.551605104000032], [70.553226, 30.547554], [70.55429594300006, 30.544985840000038], [70.55556249200004, 30.541945773000066], [70.55681579200007, 30.53893750700007], [70.55871679200004, 30.534374572000047], [70.55947345600003, 30.531257535000066], [70.56003729400004, 30.528297293000037], [70.56052324900008, 30.525745951000033], [70.56126705600008, 30.521840841000028], [70.56237722000003, 30.516012303000025], [70.56288843800007, 30.513328325000032], [70.56352439300008, 30.509989458000064], [70.56583896400008, 30.504405245000044], [70.56786217100006, 30.49944959000004], [70.57011414700008, 30.494786891000047], [70.57115712600006, 30.492440384000076], [70.57262939000003, 30.489765938000062], [70.57462376400008, 30.483360708000077], [70.57599219900004, 30.479255403000025], [70.57665638000003, 30.477659415000062], [70.57924690800007, 30.47377347500003], [70.58085763300005, 30.471357297000054], [70.58195920800006, 30.46970487200008], [70.58317214700008, 30.467885395000053], [70.58485254300007, 30.46536463900003], [70.58516266700008, 30.46493467700003], [70.58760950700008, 30.465668607000055], [70.590291, 30.466473], [70.59228092500007, 30.46738367200004], [70.59644150100007, 30.467920122000066], [70.60151433800007, 30.469113685000025], [70.60369444300005, 30.46962663100004], [70.609982, 30.471106], [70.61486797100008, 30.470861765000052], [70.61842426000004, 30.470683996000048], [70.62229330200006, 30.47049059400007], [70.62606397700006, 30.470302109000045], [70.62952622400007, 30.470129042000053], [70.633148, 30.469948], [70.63650140100003, 30.468690520000052], [70.63934948800005, 30.46762275100008], [70.64221940600004, 30.46598215100005], [70.64410919900007, 30.469437940000034], [70.647048, 30.47543851900008], [70.64705124800008, 30.48257533000003], [70.64019690400005, 30.48954009600004], [70.637781, 30.491956], [70.63950911500007, 30.498292090000064], [70.63954793700003, 30.500986827000077], [70.64051553000007, 30.502487727000073], [70.641256, 30.504697], [70.64374315700007, 30.505153591000067], [70.64549830400006, 30.50560901800003], [70.64834749700003, 30.505484718000048], [70.65156015100007, 30.505841576000023], [70.65716170600007, 30.505855], [70.66287365100004, 30.505855], [70.66753004200007, 30.505855], [70.67247322500003, 30.505855], [70.674847, 30.505855], [70.67947971800004, 30.505855], [70.68476646500005, 30.505855654000072], [70.68971262500008, 30.505855], [70.69486691900005, 30.505855], [70.699171, 30.505855], [70.70318341700005, 30.50476064700007], [70.70568803100008, 30.50407753500008], [70.70858369300004, 30.50398834500004], [70.71125202000007, 30.50256000400003], [70.70962472400004, 30.498720200000037], [70.706121, 30.493114], [70.70295497100005, 30.489043224000056], [70.69824078100004, 30.483149318000073], [70.69873132600003, 30.477659479000067], [70.69908675900007, 30.475170836000075], [70.707279, 30.474581], [70.716546, 30.478056], [70.71979683100005, 30.478326844000037], [70.72324390900008, 30.478614039000036], [70.72692306000005, 30.478920569000024], [70.73010869000007, 30.479185981000057], [70.73545301700005, 30.478886442000032], [70.73772829300003, 30.47875891700005], [70.74241065500007, 30.47846634800004], [70.74482215500007, 30.47831567000003], [70.74701101900007, 30.47817890300007], [70.748978, 30.478056], [70.75385675500007, 30.467688251000027], [70.75537936100005, 30.464452589000075], [70.75676921500008, 30.461499038000056], [70.758244, 30.458365], [70.766352, 30.465315], [70.76649816400004, 30.467360029000076], [70.76667312000006, 30.469807911000032], [70.76709734700006, 30.475743425000076], [70.767511, 30.481531], [70.77081953100003, 30.48384694300006], [70.77328959600004, 30.485575967000045], [70.77541203300007, 30.48706165400006], [70.779094, 30.489639], [70.78389001500005, 30.488680045000024], [70.790677, 30.487323], [70.79321130000005, 30.487433013000043], [70.79307881071823, 30.49061994751342], [70.793332401, 30.490351437], [70.794059362, 30.489582655], [70.794630524, 30.488978279], [70.79464680000001, 30.488387144], [70.794687691, 30.486859147], [70.794187819, 30.48594056], [70.79391935000001, 30.485447207], [70.793393009, 30.484479976], [70.793440892, 30.482598697], [70.794024135, 30.481087284], [70.79461335500001, 30.479560389], [70.79571392000001, 30.476798792], [70.796186923, 30.475611908], [70.79666069400001, 30.474423097], [70.796965612, 30.473333362], [70.797270362, 30.472245361], [70.79783068200001, 30.470243905], [70.798167196, 30.469041889], [70.798201343, 30.467767843], [70.79822699200001, 30.466810831], [70.798261781, 30.465512652], [70.798013655, 30.464492688], [70.797326068, 30.461243947], [70.79751527, 30.460156814], [70.79760871500001, 30.459618765], [70.7984135, 30.458409082], [70.798928193, 30.457634978], [70.799221036, 30.457194698], [70.799649472, 30.456740982], [70.80028866, 30.456137885], [70.801260893, 30.45522055], [70.80273411600001, 30.454888931], [70.804335912, 30.454528466], [70.80509093500001, 30.454358535], [70.806080995, 30.454324939], [70.809315958, 30.454214697], [70.810442563, 30.454185206], [70.81314291800001, 30.454117369], [70.814620497, 30.45408025], [70.815422697, 30.453937614], [70.816004639, 30.453834201], [70.81681896, 30.453689445], [70.81817208000001, 30.45344882], [70.819461215, 30.452275666], [70.820966169, 30.450892826], [70.821703116, 30.4485669], [70.822276769, 30.446758052], [70.821465542, 30.443873968], [70.820931717, 30.441973605], [70.820984126, 30.441433493], [70.821149493, 30.439785552], [70.82141643300001, 30.437166012], [70.82205844500001, 30.43188486], [70.822162354, 30.4310287], [70.822318269, 30.429744038], [70.822688788, 30.427990015], [70.823616439, 30.423598559], [70.823987617, 30.421841039], [70.824682425, 30.420074859], [70.826185551, 30.416265871], [70.826512578, 30.415437231], [70.82749291200001, 30.412953599], [70.828123511, 30.411509165], [70.830228762, 30.406687872], [70.831105387, 30.404680291], [70.83147485, 30.403181725], [70.832696805, 30.398225394], [70.833093661, 30.396616022], [70.832991758, 30.395374544], [70.832953405, 30.394941945], [70.832378552, 30.388457908], [70.83226348, 30.387159956], [70.831923019, 30.385734808], [70.831303699, 30.383138329], [70.830969398, 30.381737554], [70.83079765, 30.381017912], [70.830095148, 30.378772548], [70.829477734, 30.377592421], [70.82906657, 30.376806521], [70.827419483, 30.373658271], [70.826177668, 30.371284049], [70.825757272, 30.37000928], [70.82520571500001, 30.368326941], [70.823811496, 30.363679826], [70.823099524, 30.361903362], [70.822908258, 30.361320334], [70.82285343800001, 30.360862634], [70.82278048, 30.360253514], [70.822254338, 30.355861495], [70.822190967, 30.355333286], [70.822008118, 30.353809699], [70.822211349, 30.351637503], [70.82229296, 30.350764876], [70.82290279300001, 30.34424], [70.82294409500001, 30.343798218], [70.823150326, 30.341592308], [70.823162425, 30.341145949], [70.823235046, 30.338466753], [70.823271363, 30.337126896], [70.822969322, 30.335678336], [70.822313271, 30.332531159], [70.82188360500001, 30.33046908], [70.821651649, 30.329355961], [70.821350058, 30.327908805], [70.819575805, 30.321501955], [70.819121167, 30.319860252], [70.819059917, 30.318570136], [70.818831937, 30.313851287], [70.818774508, 30.312558569], [70.81898059000001, 30.311264336], [70.819049784, 30.310821542], [70.820852219, 30.299500536], [70.821198617, 30.29732349], [70.82220997, 30.290967306], [70.823032752, 30.285798974], [70.824962129, 30.273776031], [70.82615418, 30.268928392], [70.82617968000001, 30.268300542], [70.826124848, 30.267175942], [70.826085981, 30.266380382], [70.826028401, 30.265201763], [70.824801104, 30.263926479], [70.824011833, 30.263166771], [70.821718664, 30.2616137], [70.820992637, 30.261122175], [70.819962933, 30.260753802], [70.81625337700001, 30.259426721], [70.815339014, 30.259100897], [70.813597273, 30.258673604], [70.809243527, 30.257605521], [70.807337607, 30.257137922], [70.806818273, 30.256988046], [70.806081942, 30.256704103], [70.804750313, 30.256190553], [70.803758369, 30.255808003], [70.803254404, 30.255349734], [70.801637883, 30.253879797], [70.801264154, 30.252636493], [70.800944059, 30.251572047], [70.80064197, 30.250567247], [70.80077664800001, 30.249549647], [70.80085862700001, 30.248931967], [70.801207673, 30.24629905], [70.80132689, 30.245399778], [70.80181592400001, 30.244295178], [70.80367266600001, 30.240101289], [70.804217248, 30.238871222], [70.805335696, 30.237559337], [70.808682715, 30.233633447], [70.808979262, 30.233285613], [70.809539906, 30.232628004], [70.81049801, 30.231699759], [70.811136099, 30.231081517], [70.8152847, 30.227061424], [70.81906835800001, 30.223395144], [70.820013882, 30.222478952], [70.820989571, 30.221538479], [70.822384584, 30.220423993], [70.823408908, 30.219605711], [70.826482808, 30.21715035], [70.827848396, 30.216059629], [70.829001202, 30.215138764], [70.830486207, 30.213570727], [70.831673448, 30.212317103], [70.83324808200001, 30.210654451], [70.834030089, 30.20982873], [70.834309491, 30.209505534], [70.83708748, 30.206292127], [70.838784565, 30.204329043], [70.839630074, 30.203351009], [70.84023156, 30.201744704], [70.840380507, 30.201346933], [70.840832797, 30.200139065], [70.840931951, 30.198834867], [70.841092361, 30.196735041], [70.841458899, 30.191977589], [70.841921299, 30.185920246], [70.843374585, 30.166959708], [70.844309019, 30.158713543], [70.846399721, 30.140027258], [70.84729453700001, 30.132017917], [70.847444397, 30.130684359], [70.847602304, 30.12927926], [70.847774042, 30.128633504], [70.84801872300001, 30.12777419], [70.84936339, 30.123051745], [70.849730734, 30.121761638], [70.850362984, 30.120100838], [70.85083752300001, 30.118854316], [70.85099584000001, 30.118438447], [70.857204755, 30.102129978], [70.861869937, 30.093061366], [70.865605131, 30.087080786], [70.866539012, 30.085585578], [70.867240459, 30.084462536], [70.868144862, 30.083237696], [70.868455544, 30.082817157], [70.86991492, 30.080841375], [70.870420046, 30.080157447], [70.87117884700001, 30.079130047], [70.872074037, 30.078140636], [70.875359449, 30.074509419], [70.87899148000001, 30.070374266], [70.879829713, 30.069419951], [70.880204153, 30.068656807], [70.880586213, 30.067878133], [70.88323388, 30.06248194], [70.88345001200001, 30.062041444], [70.883832427, 30.061262045], [70.884233408, 30.060035717], [70.88503540500001, 30.057585635], [70.885403614, 30.056460357], [70.88589739400001, 30.05495133], [70.885818853, 30.053249385], [70.885722218, 30.051180852], [70.884521316, 30.049771733], [70.884228383, 30.049428094], [70.88378479100001, 30.049032424], [70.882828358, 30.048723678], [70.882238544, 30.048553259], [70.880392, 30.048019727], [70.877357482, 30.048156646], [70.870413435, 30.048469966], [70.86955131500001, 30.048508866], [70.869071859, 30.048446864], [70.86581226700001, 30.048025343], [70.86508096700001, 30.047880694], [70.863627291, 30.047211323], [70.863456126, 30.046293797], [70.86337140900001, 30.045839679], [70.863471912, 30.045071067], [70.863584129, 30.04421505], [70.863709262, 30.043259355], [70.864346984, 30.042283393], [70.865038783, 30.04122453], [70.865682265, 30.040239688], [70.867273592, 30.039418933], [70.867676033, 30.039211366], [70.868079963, 30.039003032], [70.870079532, 30.037971719], [70.871252341, 30.037592194], [70.872810189, 30.037088266], [70.873103819, 30.036259214], [70.873390018, 30.035450522], [70.872909782, 30.033322618], [70.87169158, 30.032416125], [70.86992897, 30.031091013], [70.869548662, 30.030720512], [70.867074468, 30.028309392], [70.866291172, 30.027546816], [70.865833683, 30.026341554], [70.86518636400001, 30.024640602], [70.865029576, 30.024228616], [70.86495863600001, 30.023798642], [70.864539746, 30.021259734], [70.86432824900001, 30.019977852], [70.864733269, 30.018344894], [70.865038704, 30.017113444], [70.865838554, 30.013888728], [70.866262437, 30.01195491], [70.867028836, 30.008458486], [70.867120462, 30.008040473], [70.867379125, 30.006860386], [70.86827648, 30.004549837], [70.86890474, 30.002932166], [70.870946973, 29.997673737], [70.87173231700001, 29.995651599], [70.871915027, 29.993714678], [70.872022332, 29.992580787], [70.872109242, 29.991660558], [70.87245312200001, 29.989439819], [70.87300358200001, 29.985885009], [70.87314085, 29.984998546], [70.87341661500001, 29.983217685], [70.87424028800001, 29.981454134], [70.874708232, 29.980452228], [70.87599973, 29.977687027], [70.87719366, 29.974903135], [70.877675429, 29.973779796], [70.87830177500001, 29.972319345], [70.87818306, 29.97114468], [70.877956519, 29.968903082], [70.877873216, 29.968078811], [70.87739577, 29.967329038], [70.87668068500001, 29.966206078], [70.876051439, 29.965217921], [70.87390951, 29.964468072], [70.87146338, 29.964889178], [70.870217593, 29.965925369], [70.869251915, 29.966728583], [70.868177876, 29.967428124], [70.867820857, 29.967660657], [70.866760977, 29.968350977], [70.865397304, 29.969239163], [70.86377455, 29.969207371], [70.863082839, 29.968575222], [70.862718346, 29.968241343], [70.862390947, 29.967206944], [70.86211265, 29.966328872], [70.861969854, 29.965877992], [70.862229272, 29.964605453], [70.862591846, 29.962829097], [70.8645615, 29.959809195], [70.865420164, 29.958629248], [70.866249554, 29.957489527], [70.866270065, 29.956743512], [70.86630125100001, 29.955609288], [70.867947966, 29.954700288], [70.86967173100001, 29.954734825], [70.870919145, 29.954759819], [70.872638215, 29.954794782], [70.875242076, 29.954847739], [70.876513218, 29.954249457], [70.877714101, 29.953683993], [70.879080877, 29.953040562], [70.879833167, 29.952132792], [70.88033832500001, 29.951523468], [70.881624044, 29.949972266], [70.882149375, 29.949338461], [70.882571636, 29.948493181], [70.884592317, 29.944447367], [70.88497171600001, 29.943687633], [70.885291032, 29.943048307], [70.885331221, 29.941597376], [70.885369149, 29.940227965], [70.885100375, 29.939876404], [70.884716185, 29.939374873], [70.883538654, 29.937837867], [70.88215296300001, 29.937346203], [70.881494486, 29.937112551], [70.879922797, 29.936554948], [70.87911914, 29.936269826], [70.877908344, 29.935840261], [70.87660919000001, 29.93581427], [70.872722123, 29.935736503], [70.871420916, 29.935710471], [70.869909975, 29.935914686], [70.86947644, 29.935973333], [70.864255121, 29.936679059], [70.863821482, 29.936737598], [70.86338119, 29.936783296], [70.859439882, 29.937192361], [70.858130715, 29.937328238], [70.856713545, 29.93699013], [70.856113525, 29.936846976], [70.854902096, 29.936557953], [70.854015238, 29.936084237], [70.85241867900001, 29.935231432], [70.851699923, 29.934847508], [70.85101573300001, 29.934270802], [70.848882078, 29.932472341], [70.84826331100001, 29.93195078], [70.847455233, 29.931125322], [70.847033565, 29.930694586], [70.843023632, 29.926598413], [70.841790322, 29.925338578], [70.84086305800001, 29.924391371], [70.83977185, 29.923129322], [70.83867908500001, 29.921865036], [70.833271733, 29.91560989], [70.83289586, 29.91515273], [70.831208396, 29.912833925], [70.830444243, 29.911784282], [70.830359838, 29.911319212], [70.830254255, 29.909971066], [70.830187474, 29.909118396], [70.83034785400001, 29.908440928], [70.830540872, 29.907625594], [70.83079765, 29.906540933], [70.832468313, 29.904691756], [70.833693754, 29.904320293], [70.836201504, 29.903560417], [70.836770117, 29.903394313], [70.838269321, 29.903211365], [70.842252326, 29.902772425], [70.843484003, 29.902398965], [70.847698946, 29.90112094], [70.848791522, 29.900789656], [70.849674271, 29.900189956], [70.85098755300001, 29.899297771], [70.85182096, 29.898731593], [70.852326219, 29.898052704], [70.85356452100001, 29.896388868], [70.854079494, 29.895654539], [70.854294466, 29.894879793], [70.854794856, 29.893086376], [70.855151391, 29.891808542], [70.85471750100001, 29.890335445], [70.85296513, 29.884385982], [70.852699758, 29.883511131], [70.85214980100001, 29.881868032], [70.852011878, 29.881455943], [70.84883292, 29.8719578], [70.848418414, 29.870719333], [70.848003503, 29.869479656], [70.847619466, 29.867902189], [70.847349836, 29.866794426], [70.846983561, 29.865217349], [70.844840415, 29.856478354], [70.843937448, 29.851458441], [70.842478423, 29.843348602], [70.842248511, 29.842070852], [70.84186243500001, 29.841064303], [70.84039773900001, 29.837244184], [70.839885956, 29.835911371], [70.838851824, 29.835012377], [70.835479282, 29.832080549], [70.83434148500001, 29.831091437], [70.83300842700001, 29.830731399], [70.830589657, 29.83007813], [70.829079035, 29.829842605], [70.827088709, 29.82953229], [70.8263746, 29.828213749], [70.826058726, 29.827630515], [70.824886237, 29.825880659], [70.82452421, 29.82534036], [70.82398112700001, 29.824529849], [70.823575944, 29.823278189], [70.82180686, 29.817813264], [70.821534931, 29.816973242], [70.820990666, 29.815291938], [70.820427942, 29.814103586], [70.818679937, 29.810412168], [70.81817814, 29.809352477], [70.817658739, 29.808638493], [70.816480917, 29.807019426], [70.81557233, 29.805770459], [70.814192904, 29.8049869], [70.811111373, 29.803236487], [70.809989973, 29.802599495], [70.807185873, 29.801444284], [70.805181718, 29.800618628], [70.804093195, 29.79985165], [70.799750965, 29.796792092], [70.798300859, 29.79577034], [70.797609212, 29.794642242], [70.795215017, 29.790829411], [70.794262882, 29.79020848], [70.79296969900001, 29.788318846], [70.79297819300001, 29.784090996], [70.792930045, 29.783005875], [70.792903366, 29.782410225], [70.792860977, 29.781458021], [70.792355817, 29.780889319], [70.79179686, 29.780260065], [70.790320685, 29.778901053], [70.78900346600001, 29.778567546], [70.787871168, 29.778281106], [70.786009101, 29.777289363], [70.784348777, 29.776290409], [70.78296441900001, 29.774255185], [70.781301711, 29.771468626], [70.78041239800001, 29.770016226], [70.779044521, 29.767782249], [70.77781839100001, 29.765779772], [70.776306745, 29.764259018], [70.773586236, 29.761522119], [70.7729239300966, 29.76051594103552], [70.77703249480359, 29.77220995164162], [70.77245401041777, 29.77742255981853], [70.77232436901038, 29.777585378461215], [70.77221103024974, 29.777759938279768], [70.77211505024084, 29.77794461270358], [70.77203732333761, 29.778137680912856], [70.77197857380926, 29.778337343873456], [70.77193934909135, 29.778541741100497], [70.77192001468481, 29.778748967994606], [70.77192075075008, 29.7789570935892], [70.77194155042842, 29.7791641785435], [70.77198221990578, 29.77936829321355], [70.77204238021879, 29.779567535632868], [70.772121470786, 29.779760049235232], [70.77922312901579, 29.794919881059], [70.78081974950189, 29.803099772776385], [70.77103432591734, 29.819810841776462], [70.76505591042115, 29.819810841776462], [70.76485216040246, 29.819820490598403], [70.76465023401934, 29.81984935070382], [70.7644519385852, 29.819897163784436], [70.76425904891511, 29.819963501896076], [70.76407329144067, 29.8200477712889], [70.76389632875771, 29.82014921772168], [70.7637297447456, 29.82026693321255], [70.76357503039084, 29.820399864165744], [70.76343357044229, 29.82054682080165], [70.7633066310171, 29.820706487805797], [70.76319534826855, 29.820877436101366], [70.75660549205683, 29.832131271043014], [70.75423428502577, 29.832131271043014], [70.754016971234, 29.83214225067819], [70.75380187074744, 29.83217507775793], [70.75359117432915, 29.832229417943836], [70.75338702788748, 29.832304717790052], [70.75319151062037, 29.832400210380037], [70.75300661383899, 29.83251492313747], [70.75283422068664, 29.832647687731797], [70.74922701222151, 29.835727795048435], [70.74905335207048, 29.83589366545068], [70.74889921539761, 29.836077819528782], [70.74876651440805, 29.836277972684556], [70.74515930594292, 29.842438187317832], [70.7450582027109, 29.842632945336877], [70.74497741913893, 29.842836971227417], [70.74491779201335, 29.84304815161335], [70.7448799389741, 29.84326429900965], [70.74486425211703, 29.84348317448115], [70.74487089393244, 29.843702510834262], [70.74489979562198, 29.843920036101416], [70.74495065781115, 29.84413349707495], [70.74675426204371, 29.850293711708225], [70.74682420935706, 29.850495104838018], [70.74691370426923, 29.850688605432502], [70.74702187175247, 29.850872321558477], [70.74714765420973, 29.851044456949424], [70.7472898218153, 29.85120332856834], [70.7474469845393, 29.85134738306345], [70.74761760573847, 29.851475211955975], [70.74780001718068, 29.851585565411376], [70.74799243535585, 29.851677364459498], [70.74819297891402, 29.85174971154409], [70.74839968706009, 29.851801899298593], [70.74861053872532, 29.85183341746232], [70.74882347232808, 29.851843957869498], [70.7514547824237, 29.851843957869498], [70.7551945057273, 29.85610163587581], [70.75057011864061, 29.863998938534298], [70.75045659223392, 29.86422145088279], [70.74509608690445, 29.8764273301905], [70.74191165765508, 29.881865543105068], [70.73535166059649, 29.88466625383923], [70.73515589663833, 29.88476179813656], [70.73497077266165, 29.88487660821157], [70.734798178361, 29.885009512114642], [70.73119096989588, 29.88808961943128], [70.73103669822427, 29.888235055827128], [70.73089745663161, 29.888394941013335], [70.7307745915527, 29.888567728936177], [70.73066929106518, 29.888751748775388], [70.73058257340102, 29.888945221100588], [70.7269753649359, 29.898185543050502], [70.7269099916392, 29.89837979312658], [70.726863358163, 29.898579372882253], [70.72683588590209, 29.898782478851782], [70.72682782310453, 29.89898727570545], [70.72683924262827, 29.89919191283418], [70.72687004128294, 29.899394541072212], [70.7269199407621, 29.89959332940677], [70.72698849015833, 29.899786481523645], [70.72707507003763, 29.89997225203928], [70.72717889803683, 29.9001489622726], [70.72729903593333, 29.900315015414094], [70.72743439812315, 29.900468910955116], [70.72758376143075, 29.900609258246924], [70.73119096989588, 29.90368936556356], [70.73136336304823, 29.903822130157888], [70.73154825982961, 29.90393684291532], [70.73174377709672, 29.904032335505306], [70.73194792353839, 29.904107635351522], [70.73215861995668, 29.904161975537427], [70.73237372044323, 29.90419480261717], [70.73259103423501, 29.904205782252344], [70.74160905539783, 29.904205782252344], [70.74182636918961, 29.90419480261717], [70.74204146967617, 29.904161975537427], [70.74225216609446, 29.904107635351522], [70.74245631253612, 29.904032335505306], [70.74265182980324, 29.90393684291532], [70.74283672658461, 29.903822130157888], [70.74300911973697, 29.90368936556356], [70.75022353666722, 29.897529150930286], [70.75039719681826, 29.89736328052804], [70.75055133349112, 29.897179126449938], [70.75068403448068, 29.896978973294164], [70.75399934267809, 29.891317251697295], [70.75705716254846, 29.8895765864993], [70.75929262683438, 29.893394203346066], [70.75929262683438, 29.898384781648776], [70.7559809313383, 29.904040333650592], [70.7558848971233, 29.904224060295004], [70.75580695214228, 29.904416160868273], [70.75574781701651, 29.904614859351454], [70.75570803846539, 29.90481831872624], [70.75568798425176, 29.905024657958656], [70.75568783978198, 29.90523196938971], [70.75570760639171, 29.90543833637219], [70.7557471013336, 29.905641850990545], [70.75580595946677, 29.905840631700062], [70.75588363663275, 29.906032840722233], [70.75597941468625, 29.906216701035472], [70.75609240813469, 29.906390512804144], [70.7562215723247, 29.906552669093983], [70.7603826233749, 29.91129002908061], [70.7562215723247, 29.91602738906724], [70.75609328710604, 29.916188326772833], [70.7559809313383, 29.916360762917144], [70.73993232539249, 29.94376778919435], [70.72938736566331, 29.95277187308068], [70.72923583945536, 29.952914458801768], [70.72909876251245, 29.95307098608783], [70.72897741137054, 29.953239997270636], [70.72887291611822, 29.95341991842504], [70.72878624987281, 29.953609074026236], [70.72871821971808, 29.95380570255317], [70.72524518316543, 29.965667867327046], [70.72014948767344, 29.971469320766722], [70.72000854747428, 29.971647978008537], [70.7198872219367, 29.971840494666836], [70.71978686253529, 29.972044726251895], [70.71970858719772, 29.972258397778585], [70.71965326785194, 29.972479129107974], [70.71791992251414, 29.981359496919495], [70.7146818661366, 29.986889291627282], [70.71195611481401, 29.989216744191552], [70.70914417921169, 29.989216744191552], [70.70892142253379, 29.989228282208686], [70.70870104997537, 29.98926277277103], [70.70848542013921, 29.989319846733103], [70.70827684086765, 29.989398893243877], [70.70807754454229, 29.98949906628459], [70.7026667318446, 29.99257917360123], [70.70249447544953, 29.992688327848082], [70.70233330217486, 29.992813268196972], [70.69872609370974, 29.99589337551361], [70.69854557944879, 29.996066599079484], [70.69838634686138, 29.996259567432556], [70.68936832569857, 30.00857999669911], [70.68923928699265, 30.008778260903647], [70.68913274514564, 30.0089894681887], [70.68904998268798, 30.009211076081225], [70.68899199589836, 30.00944041690763], [70.68725865056057, 30.01832078471915], [70.68394111662516, 30.023986307322808], [70.67866659032448, 30.029991359782844], [70.67858706276007, 30.030087363291557], [70.67141102129523, 30.039278533430767], [70.6662801656562, 30.045120016726287], [70.66118383449565, 30.048021105300712], [70.66099383225045, 30.04814285273713], [70.66081759571169, 30.048283792347792], [70.6606570554453, 30.048442380223495], [70.66051397007398, 30.04861687912883], [70.66038990701244, 30.048805377532577], [70.6571422587246, 30.054351552836795], [70.6509878439593, 30.056979105157588], [70.64782163530454, 30.056979105157588], [70.64761358023235, 30.056989166994764], [70.64740746703707, 30.057019258594387], [70.64720521947118, 30.057069099097248], [70.64700872520737, 30.05713822331823], [70.64681981822005, 30.057225986088113], [70.64664026166795, 30.05733156827523], [70.64647173143779, 30.057453984430825], [70.6463158005023, 30.05759209198671], [70.63419493640096, 30.069420332201798], [70.61340050557914, 30.072379641740778], [70.60450745136376, 30.072379641740778], [70.60124046201302, 30.0556420266572], [70.60119118886666, 30.055441299994268], [70.60112292216014, 30.05524621362123], [70.60103628923294, 30.05505856029169], [70.60093208620161, 30.05488006445301], [70.60081127064386, 30.054712366399446], [70.60067495279881, 30.054557007198603], [70.60052438536447, 30.054415414529732], [70.59691717689934, 30.051335307213094], [70.59674478374698, 30.051202542618768], [70.59655988696561, 30.051087829861334], [70.59636436969849, 30.05099233727135], [70.59616022325683, 30.050917037425133], [70.59594952683854, 30.05086269723923], [70.59573442635198, 30.050829870159486], [70.5955171125602, 30.05081889052431], [70.59314590552914, 30.05081889052431], [70.59016325778255, 30.04572527021594], [70.590051975034, 30.04555432192037], [70.58992503560881, 30.045394654916223], [70.58978357566026, 30.045247698280317], [70.5896288613055, 30.045114767327124], [70.58946227729339, 30.044997051836255], [70.58928531461044, 30.04489560540347], [70.589099557136, 30.04481133601065], [70.5889066674659, 30.04474499789901], [70.58870837203176, 30.044697184818393], [70.58850644564865, 30.044668324712976], [70.58830269562995, 30.044658675891036], [70.57748107023457, 30.044658675891036], [70.57724500328268, 30.044671638247472], [70.57701177480702, 30.044710369457007], [70.57678418915386, 30.044774403814404], [70.56776616799104, 30.047854511131042], [70.5675769418851, 30.04792928615208], [70.56739560685077, 30.048021565230247], [70.5672237777353, 30.048130526590445], [70.56706298473262, 30.048255199896456], [70.55984856780236, 30.054415414529732], [70.55967490765133, 30.054581284931977], [70.55952077097847, 30.05476543901008], [70.5593880699889, 30.054965592165853], [70.55279821377718, 30.0662194271075], [70.54862340251356, 30.0662194271075], [70.54840064583566, 30.066230965124635], [70.54818027327724, 30.06626545568698], [70.54796464344108, 30.066322529649053], [70.54775606416952, 30.066401576159826], [70.54755676784416, 30.06650174920054], [70.54214595514647, 30.06958185651718], [70.54197115842206, 30.069692797013314], [70.5418078079739, 30.06981999103689], [70.5416574099298, 30.069962265830444], [70.54152135099352, 30.070118309588427], [70.54140088565899, 30.070286683552347], [70.54129712464366, 30.07046583527644], [70.5412110246474, 30.070654112941583], [70.54114337953149, 30.070849780585412], [70.53979366054554, 30.075459749057416], [70.53599817288561, 30.075459749057416], [70.53578523928284, 30.075470289464594], [70.53557438761761, 30.07550180762832], [70.53536767947155, 30.075553995382823], [70.53516713591338, 30.075626342467416], [70.53497471773821, 30.075718141515537], [70.534792306296, 30.07582849497094], [70.53462168509682, 30.075956323863462], [70.53446452237283, 30.076100378358575], [70.53432235476726, 30.07625924997749], [70.53419657231, 30.076431385368437], [70.53408840482676, 30.07661510149441], [70.53399890991459, 30.076808602088896], [70.53392896260124, 30.07700999521869], [70.53237031471423, 30.08233356085928], [70.52821307542288, 30.08470007100733], [70.52517654749023, 30.08470007100733], [70.52495379081233, 30.084711609024463], [70.52473341825392, 30.08474609958681], [70.52451778841775, 30.08480317354888], [70.5243092091462, 30.084882220059654], [70.52410991282083, 30.08498239310037], [70.51869910012314, 30.088062500417006], [70.51850909787795, 30.088184247853423], [70.51833286133919, 30.088325187464086], [70.5181723210728, 30.08848377533979], [70.51802923570148, 30.088658274245123], [70.51790517263994, 30.08884677264887], [70.51285392011954, 30.097473055269727], [70.50669950535423, 30.10010060759052], [70.49992608823435, 30.10010060759052], [70.49969002128246, 30.100113569946956], [70.4994567928068, 30.10015230115649], [70.49922920715363, 30.10021633551389], [70.49021118599082, 30.103296442830526], [70.49001791412805, 30.103373046749407], [70.48983291870307, 30.103467909102687], [70.48965791976093, 30.10358014788198], [70.48949454440162, 30.103708719516867], [70.48934431165175, 30.103852428577788], [70.48920861834092, 30.10400993889087], [70.48203257687608, 30.11320110903008], [70.47666291627739, 30.119314471965346], [70.47651777637535, 30.1194990942608], [70.47639357688509, 30.119698406753546], [70.47629179129018, 30.11991004483097], [70.47621362715921, 30.12013149765162], [70.47486390817326, 30.124741466123623], [70.45523134165451, 30.124741466123623], [70.43936854018294, 30.118721528687878], [70.43918286001947, 30.118660537441457], [70.43899241974151, 30.118616610732317], [70.43879878415655, 30.11859010949693], [70.4386035443272, 30.118581251490347], [70.42677358756205, 30.118581251490347], [70.42377117057326, 30.116017560862492], [70.4235987774209, 30.115884796268166], [70.42341388063953, 30.115770083510732], [70.42321836337241, 30.115674590920747], [70.42301421693075, 30.11559929107453], [70.42280352051246, 30.115544950888626], [70.4225884200259, 30.115512123808884], [70.42237110623412, 30.11550114417371], [70.41458908650537, 30.11550114417371], [70.41160643875878, 30.110407523865337], [70.41147373776921, 30.110207370709563], [70.41131960109635, 30.11002321663146], [70.41114594094532, 30.109857346229216], [70.40393152401506, 30.10369713159594], [70.40375913086271, 30.103564367001614], [70.40357423408133, 30.10344965424418], [70.40337871681422, 30.103354161654195], [70.40317457037256, 30.10327886180798], [70.40296387395426, 30.103224521622074], [70.4027487734677, 30.103191694542332], [70.40253145967593, 30.103180714907158], [70.37488911143063, 30.103180714907158], [70.36711463234982, 30.10152110539669], [70.36905825212003, 30.103180714907158], [70.36320463744862, 30.09818245612825], [70.36320463744862, 30.090245395343487]], [[70.71848028150953, 29.991571979727468], [70.72307718567953, 29.985702430823903], [70.72005888109715, 29.991454622104673], [70.71848028150953, 29.991571979727468]], [[70.36325713206244, 30.10790560169022], [70.36734753770715, 30.105318310346703], [70.3664329344703, 30.107061332835244], [70.36325713206244, 30.10790560169022]], [[70.33943563797281, 30.11423840926324], [70.34342301689712, 30.112971905411186], [70.34425933543692, 30.112956056959234], [70.33943563797281, 30.11423840926324]]], [[[70.743213019, 30.776200919], [70.744802171, 30.776094], [70.746029963, 30.776013876], [70.75013229400001, 30.776099677], [70.751223384, 30.776103291], [70.754036672, 30.775816364], [70.75624938, 30.775590622], [70.759039407, 30.775305982], [70.760671767, 30.775139447], [70.761779547, 30.774988871], [70.763068968, 30.774813607], [70.767058563, 30.774271038], [70.76822832, 30.774112325], [70.768992802, 30.773964599], [70.770333104, 30.77370607], [70.77128749500001, 30.773521929], [70.771812417, 30.773420624], [70.77281096, 30.773227912], [70.773606684, 30.773029383], [70.775590496, 30.77253443], [70.776383655, 30.772336541], [70.777177972, 30.772138362], [70.77814298, 30.771778068], [70.78161736, 30.77048029], [70.782999687, 30.76996381], [70.78443316, 30.768916375], [70.7852773084002, 30.7682585700164], [70.78304803200007, 30.76819864600003], [70.77676351200006, 30.769246043000066], [70.77046236300004, 30.770296211000073], [70.76217816000008, 30.771676881000076], [70.75407252300005, 30.772840233000068], [70.741657, 30.775097], [70.74184838478519, 30.777488901708708], [70.743213019, 30.776200919]]], [[[70.74426307200008, 30.807414988000062], [70.74462843100008, 30.812233528000036], [70.74488468100003, 30.81543610400007], [70.74486886800008, 30.819554088000075], [70.74376895700004, 30.822224953000045], [70.74081702800004, 30.828930639000077], [70.73822998542673, 30.833159892682215], [70.740873834, 30.832090654], [70.74169086900001, 30.831760225], [70.742500197, 30.831296207], [70.743440184, 30.830757436], [70.744010472, 30.830430514], [70.74425073, 30.829966552], [70.745218198, 30.828098279], [70.745321288, 30.826943271], [70.745427167, 30.825752469], [70.745533993, 30.824553283], [70.74553526400001, 30.823949925], [70.74535331300001, 30.819199655], [70.745220524, 30.81573191], [70.74509016200001, 30.812328747], [70.744989573, 30.809702801], [70.744874437, 30.806696243], [70.744808656, 30.804978485], [70.744759314, 30.803690003], [70.74458416, 30.801944444], [70.744496515, 30.801071856], [70.743693907, 30.793075834], [70.743646602, 30.792604563], [70.74351251600001, 30.791268715], [70.743097449, 30.789881995], [70.74285684, 30.789078633], [70.74274610620058, 30.788708425818818], [70.74299528800003, 30.791821989000027], [70.74328885900007, 30.79499505900003], [70.74340370800007, 30.796927120000078], [70.74381413300006, 30.80205654200006], [70.74426307200008, 30.807414988000062]]], [[[70.789694769, 31.258456302], [70.789469893, 31.257206047], [70.788561543, 31.25135873], [70.788272767, 31.249499791], [70.787552776, 31.247916704], [70.784853013, 31.241980577], [70.784133186, 31.240397852], [70.783413147, 31.23881466], [70.782912472, 31.237155233], [70.780909777, 31.230517545], [70.779010186, 31.224221621], [70.77850234, 31.222538439], [70.777997145, 31.220864043], [70.777757163, 31.219364049], [70.777688815, 31.218936842], [70.777587894, 31.218306044], [70.776459515, 31.211253565], [70.775331277, 31.20420197], [70.775049272, 31.202439412], [70.775325628, 31.200689158], [70.77695858700001, 31.190347082], [70.777260271, 31.188436414], [70.777949583, 31.186626946], [70.783156147, 31.172959539], [70.785567637, 31.166731042], [70.786859154, 31.16339526], [70.789764854, 31.155890299], [70.790410512, 31.154222667], [70.79062200300001, 31.152442221], [70.791573802, 31.144429457], [70.792737146, 31.134635787], [70.793958466, 31.121812193], [70.794211153, 31.119159041], [70.794429808, 31.116490298], [70.795085775, 31.108484044], [70.795308016, 31.105770788], [70.79546447300001, 31.10386232], [70.781598201, 31.108361586], [70.77993007100001, 31.108903494], [70.779698804, 31.107502974], [70.779063096, 31.103654654], [70.778951782, 31.102980809], [70.77906325900001, 31.101682439], [70.779177877, 31.100350251], [70.779272716, 31.099249531], [70.779849405, 31.097146106], [70.780552875, 31.094750697], [70.780703688, 31.092371938], [70.780826624, 31.090432876], [70.780936222, 31.088704183], [70.780964924, 31.088206611], [70.780999381, 31.086971234], [70.781090124, 31.083657564], [70.781141599, 31.081777859], [70.78062767, 31.080147896], [70.778830751, 31.074448841], [70.778243628, 31.072420795], [70.777774124, 31.070799027], [70.777539528, 31.069988683], [70.77740087049585, 31.06950973106117], [70.77760403700006, 31.07512203500005], [70.77783002700005, 31.08136227700004], [70.77803948400003, 31.087146044000065], [70.77839758000005, 31.09703354800007], [70.77848733700006, 31.101740204000066], [70.77882277300006, 31.108747251000068], [70.778994, 31.113464], [70.772577, 31.115798], [70.76893168100008, 31.12178635500004], [70.76797719500007, 31.123307572000044], [70.76435008400006, 31.129233990000046], [70.76578890000008, 31.13305673600007], [70.76786208300007, 31.138564940000037], [70.76821070700004, 31.146050613000057], [70.76854100200006, 31.150768842000048], [70.76631885900008, 31.15497229500005], [70.76391590200006, 31.157219088000033], [70.76223727700005, 31.161706836000064], [70.75675377900006, 31.170703692000075], [70.75543019500003, 31.17343325300004], [70.75334292200006, 31.177601654000057], [70.75155230400003, 31.181183145000034], [70.749825, 31.184638], [70.75046423400005, 31.18953114800007], [70.75180351300008, 31.194313557000044], [70.75277057500006, 31.199071011000058], [70.75447821000006, 31.207438247000027], [70.75487233000007, 31.21124333100005], [70.755659, 31.213224], [70.75674598600006, 31.21720964800005], [70.75825437100008, 31.222740443000077], [70.75971372500004, 31.228091452000058], [70.76101767200004, 31.23445511700004], [70.76370779200005, 31.242566055000054], [70.76480042700007, 31.246742855000036], [70.76616, 31.251728], [70.76381948000005, 31.254068520000033], [70.76110017400003, 31.25678782600005], [70.759159, 31.258729], [70.74807450000003, 31.259312], [70.74354196900003, 31.266284919000043], [70.74049, 31.27098], [70.74719819500007, 31.27794614900006], [70.75258311900006, 31.28361022300004], [70.76098971400006, 31.29239018800007], [70.76390341300004, 31.29527669600003], [70.766743, 31.298399], [70.76664813800005, 31.30284736300007], [70.76736709000005, 31.305552420000026], [70.76658410700003, 31.305855276000045], [70.75915549000007, 31.308730723000053], [70.75914424500007, 31.30873488000003], [70.75663520700004, 31.309704879000037], [70.75287388600003, 31.311162095000043], [70.74923674100006, 31.31257001000006], [70.747245, 31.313341], [70.74581004400005, 31.316431445000035], [70.74578263975742, 31.316490465083998], [70.748953453, 31.314877872], [70.753479004, 31.312576294], [70.761108398, 31.310667038], [70.76602935800001, 31.309617996], [70.770874023, 31.308156967], [70.77474212700001, 31.305744934], [70.774101793, 31.302090717], [70.773353141, 31.301037541], [70.772355016, 31.299633415], [70.770806289, 31.296991235], [70.769701275, 31.295106045], [70.76673527, 31.291827929], [70.765274671, 31.290165319], [70.76422814300001, 31.288974048], [70.763946907, 31.288104146], [70.76332006, 31.286165216], [70.762834776, 31.284664163], [70.764638259, 31.284513927], [70.76552813900001, 31.284439797], [70.772510183, 31.283913748], [70.774700928, 31.28374869], [70.776451633, 31.283616786], [70.78035374800001, 31.283259321], [70.786252759, 31.282718924], [70.792244045, 31.282137179], [70.793958886, 31.281970671], [70.793643018, 31.280258162], [70.79253751200001, 31.274264544], [70.790594516, 31.26345867], [70.790069672, 31.260540669], [70.789694769, 31.258456302]]], [[[70.404187, 31.203783080989172], [70.403991699, 31.205961227], [70.404187, 31.207250657695027], [70.404187, 31.203783080989172]]], [[[70.520393372, 31.304750443], [70.524810791, 31.306089401], [70.52821350100001, 31.309160233], [70.52893829300001, 31.311660767], [70.529098511, 31.313800812], [70.53159332300001, 31.317350388], [70.53486633300001, 31.318979263], [70.538093567, 31.320930481], [70.539718628, 31.322790146], [70.541069031, 31.324310303], [70.540611267, 31.326019287], [70.54274749800001, 31.329259872], [70.54509735100001, 31.33313942], [70.544927759, 31.335665006], [70.54552459700001, 31.335594177], [70.550811768, 31.335531235], [70.554725647, 31.338108063], [70.558418274, 31.340154648], [70.562080383, 31.340459824], [70.565742493, 31.340415955], [70.568977356, 31.339332581], [70.574607849, 31.335777283], [70.582672119, 31.331497192], [70.589958191, 31.329666138], [70.597671509, 31.328874588], [70.60131073, 31.327783585], [70.602912903, 31.326370239], [70.6039782574118, 31.323982286102215], [70.59744591400005, 31.325824729000033], [70.58829117400006, 31.32840681600004], [70.58111762900006, 31.330430110000066], [70.578271, 31.331233], [70.57645643200004, 31.332100816000036], [70.57366089600004, 31.333437779000064], [70.56465351700007, 31.337745554000037], [70.56303, 31.338522], [70.544476, 31.328582], [70.544149, 31.327272], [70.541826, 31.31798], [70.533212, 31.309366], [70.52324688400006, 31.30481031000005], [70.51533139300005, 31.301191634000077], [70.51200921300006, 31.29967285300006], [70.510019, 31.298763], [70.50841595200006, 31.297866442000043], [70.50670640800007, 31.298431724000068], [70.50048783400007, 31.297809836000056], [70.49365658000005, 31.29712667600006], [70.49030664400004, 31.29679155200006], [70.48148865700006, 31.295757421000076], [70.47739960100006, 31.29527646300005], [70.47518140400007, 31.294321324000066], [70.47088613400007, 31.29451034300007], [70.46761, 31.294125], [70.46195242200008, 31.29163568000007], [70.45976811100007, 31.29067458800006], [70.45769151800005, 31.28976089200006], [70.45163955600003, 31.28709804300007], [70.451044, 31.286836], [70.44274535400007, 31.275650987000063], [70.44133183900004, 31.273745835000057], [70.44131195600005, 31.273719036000045], [70.44095959800006, 31.27324412300004], [70.435803, 31.266294], [70.43442625700004, 31.26258715000006], [70.43287483800003, 31.258409990000075], [70.43167475000007, 31.25517878100004], [70.43069886600006, 31.252551234000066], [70.42971522400006, 31.24990280000003], [70.42874203000008, 31.247282496000025], [70.42805159200003, 31.245423508000044], [70.42741595400008, 31.243712067000047], [70.427189, 31.243101], [70.42561494400007, 31.24370288700004], [70.42479543900004, 31.24216028400008], [70.42355512800003, 31.239825577000033], [70.42161786600008, 31.23617895500007], [70.41925949600005, 31.231739659000027], [70.41659772200006, 31.22649995900008], [70.41551567400006, 31.224692446000063], [70.41157503700003, 31.219275492000065], [70.41046926700005, 31.217801166000072], [70.40803150000005, 31.21455088400006], [70.40699295300004, 31.213166186000024], [70.40459966926913, 31.209975213240327], [70.40499877900001, 31.212610245], [70.409629822, 31.218605042], [70.413536072, 31.225387573], [70.41847229000001, 31.235933304], [70.422729492, 31.244941711], [70.424156189, 31.246549606], [70.422966003, 31.248472214], [70.423797607, 31.250019073], [70.424659729, 31.251220703], [70.427719116, 31.253810883], [70.428749084, 31.256299973], [70.429222107, 31.259790421], [70.43003082300001, 31.263629913], [70.430549622, 31.265779495], [70.43251037600001, 31.26856041], [70.436630249, 31.272489548], [70.438972473, 31.276109695], [70.440132141, 31.278190613], [70.44671630900001, 31.286109924], [70.44883728, 31.290519714], [70.450218201, 31.294050217], [70.45197296100001, 31.294750214], [70.45514679, 31.295129776], [70.457611084, 31.296009064], [70.460319519, 31.296800613], [70.46485137900001, 31.297430038], [70.46736145, 31.297849655], [70.470756531, 31.298540115], [70.480796814, 31.299840927], [70.490066528, 31.300069809], [70.494827271, 31.301130295], [70.499816895, 31.302310944], [70.501441956, 31.302230835], [70.506286621, 31.303289413], [70.5104599, 31.304100037], [70.513946533, 31.304340363], [70.520393372, 31.304750443]]], [[[70.73940297200005, 31.330230262000043], [70.73863, 31.331895], [70.73583242300003, 31.332273153000074], [70.73227775700008, 31.332753643000046], [70.72854825900004, 31.33325776500004], [70.72477327200005, 31.33376803500005], [70.71903397600005, 31.334543825000026], [70.71688633600007, 31.334834124000054], [70.714113, 31.335209], [70.70934402200004, 31.334325678000027], [70.70825233700003, 31.334123474000023], [70.70480423600003, 31.333484808000037], [70.69861961800007, 31.332339278000063], [70.696221, 31.331895], [70.69027254100007, 31.32615910100003], [70.68145843300005, 31.317659952000042], [70.677667, 31.314004], [70.67356507100004, 31.31417457200007], [70.66171964500006, 31.314677866000068], [70.64763812300004, 31.315272889000028], [70.63062, 31.315992], [70.619355, 31.323944], [70.61423955800007, 31.319758447000027], [70.612066, 31.31798], [70.60862895802707, 31.32055778104861], [70.61014556900001, 31.321399689], [70.61139679, 31.323127747], [70.613441467, 31.323799133], [70.614273071, 31.324834824], [70.61631012, 31.325159073], [70.61995697, 31.324764252], [70.623596191, 31.323324203], [70.62881469700001, 31.319774628], [70.63447570800001, 31.317611694], [70.641387939, 31.317873001], [70.648277228, 31.317606369], [70.654792786, 31.317354202], [70.666168213, 31.317209244], [70.672660828, 31.316429138], [70.675094604, 31.316049576], [70.67877197300001, 31.317396164], [70.680831909, 31.31876564], [70.685035706, 31.326728821], [70.691238403, 31.332574844], [70.698608398, 31.335617065], [70.704750061, 31.337978363], [70.71084594700001, 31.337898254], [70.717758179, 31.337806702], [70.72547912600001, 31.337705612], [70.732368469, 31.336566925], [70.73399353, 31.336196899], [70.735206604, 31.335832596], [70.738433838, 31.3347435], [70.740440369, 31.33297348], [70.741195679, 31.329826355], [70.7423172, 31.324581146], [70.7426045882065, 31.323334987570497], [70.74145593400004, 31.32580882700006], [70.74021731000005, 31.328476434000038], [70.73940297200005, 31.330230262000043]]], [[[70.79303590329704, 30.491652054711466], [70.793031, 30.49177], [70.79391170572796, 30.493091093144983], [70.79303590329704, 30.491652054711466]]], [[[70.80432485, 30.515402503], [70.80437975804871, 30.514456709292396], [70.80377497000006, 30.515999002000058], [70.80029382100008, 30.524876410000047], [70.796673, 30.53411], [70.79626521358777, 30.536692397693034], [70.796282933, 30.536614868], [70.796713006, 30.534749482], [70.796998337, 30.53385526], [70.797269236, 30.53300629], [70.797947562, 30.530880479], [70.799179114, 30.529103146], [70.800343069, 30.527423366], [70.801644312, 30.525545457], [70.802912967, 30.523714437], [70.80392722500001, 30.522250583], [70.804016106, 30.520720559], [70.804239986, 30.516864257], [70.80432485, 30.515402503]]], [[[70.810649813, 30.584083992], [70.811292291, 30.583681525], [70.811789005, 30.583272263], [70.812581729, 30.582619106], [70.813853022, 30.581571637], [70.814141548, 30.580316538], [70.81456316924478, 30.578485479404268], [70.81388388500005, 30.57893831900003], [70.803957, 30.585556], [70.803957, 30.589799281454585], [70.804308023, 30.589441628], [70.805581595, 30.587813266], [70.806428442, 30.586730504], [70.80707962000001, 30.586322304], [70.810649813, 30.584083992]]], [[[70.81221887, 30.617290269], [70.812661493, 30.6164298], [70.813089743, 30.615597266], [70.813421653, 30.614952019], [70.813536681, 30.614354121], [70.813716153, 30.613422276], [70.8139309829977, 30.612290503998782], [70.80955000782238, 30.619487428141795], [70.810314548, 30.618857621], [70.811370202, 30.617988716], [70.81182758300001, 30.617612407], [70.81221887, 30.617290269]]], [[[70.796606425, 30.630853335], [70.79744595400001, 30.628475046], [70.797773389, 30.627552997], [70.798653404, 30.626256507], [70.799007598, 30.625761244], [70.799481725, 30.625098279], [70.799926766, 30.624689462], [70.800254918, 30.624388166], [70.800584231, 30.624085805], [70.801581176, 30.623170453], [70.802734085, 30.622539981], [70.803119332, 30.622329308], [70.80327518612579, 30.622244078794147], [70.80291911400008, 30.622391442000037], [70.79621750000007, 30.625165], [70.79640182600008, 30.629978922000078], [70.79634558366911, 30.631591342321514], [70.796606425, 30.630853335]]], [[[70.793398944, 30.759357103], [70.793981736, 30.758318043], [70.79421769800001, 30.757098083], [70.79436596599137, 30.756332516605088], [70.79043751000006, 30.762272408000058], [70.78890934263372, 30.76518116732931], [70.790557379, 30.763585786], [70.79158393, 30.762593085], [70.792186067, 30.761520497], [70.793398944, 30.759357103]]], [[[70.781084042, 30.886668094], [70.781651967, 30.886643955], [70.78256682, 30.886605387], [70.783569674, 30.886563108], [70.78441818200001, 30.886188021], [70.785182668, 30.885850077], [70.786111935, 30.885439289], [70.787177138, 30.884314592], [70.787758943, 30.883699671], [70.787978494, 30.882822299], [70.788529228, 30.88062145], [70.788677659, 30.87941705], [70.788819186, 30.878268666], [70.788093172, 30.876591829], [70.78737109100001, 30.875199566], [70.7868849128851, 30.87470418437076], [70.78570894300003, 30.876887964000048], [70.783661, 30.880691], [70.77666413400004, 30.878362336000066], [70.7716553051694, 30.88440879090193], [70.772675492, 30.884771453], [70.775598318, 30.88581051], [70.776651066, 30.886006245], [70.77956088, 30.886547442], [70.780371322, 30.886697947], [70.781084042, 30.886668094]]], [[[70.79265859300006, 30.94834033400008], [70.79339524718775, 30.953495966491825], [70.793343963, 30.948110549], [70.79333255200001, 30.946912358], [70.79214358853591, 30.94473596153653], [70.79265859300006, 30.94834033400008]]], [[[70.79349465300001, 30.963931057], [70.793437853, 30.957972974], [70.793456309, 30.95692505], [70.79342003100001, 30.956098546], [70.79341528959804, 30.9556006453755], [70.79205702100006, 30.962392763000025], [70.79057854200005, 30.96978600400007], [70.790079, 30.972284], [70.77915440300006, 30.97194225900006], [70.77616760600006, 30.97184882600004], [70.77358859800006, 30.97176815000006], [70.77141452000006, 30.971690263000028], [70.7703225266362, 30.974010941867835], [70.771611588, 30.974262198], [70.773590051, 30.974647829], [70.775640001, 30.974858125], [70.778379901, 30.975139041], [70.78521661900001, 30.975278161], [70.78731035700001, 30.975318473], [70.789600952, 30.975083427], [70.790608643, 30.974937812], [70.791658259, 30.974428158], [70.793068976, 30.973078904], [70.793566924, 30.971510989], [70.793558784, 30.970657206], [70.79349465300001, 30.963931057]]], [[[70.776077, 31.032956], [70.77607728412296, 31.033649704330788], [70.77609943095382, 31.032859547668806], [70.776077, 31.032956]]]]}}, {"type": "Feature", "properties": {"na": "NA-185", "src": "sheet-split: dgk_na185_186.jpg, anchor-TPS outline-fit", "approx": false, "rms_km": 2.38}, "geometry": {"type": "MultiPolygon", "coordinates": [[[[70.54501619404843, 29.712007085694133], [70.54481244402973, 29.712016734516073], [70.54461051764662, 29.71204559462149], [70.54441222221247, 29.712093407702106], [70.54421933254238, 29.712159745813747], [70.54403357506794, 29.71224401520657], [70.54385661238499, 29.71234546163935], [70.54369002837288, 29.71246317713022], [70.54353531401811, 29.712596108083414], [70.54339385406956, 29.71274306471932], [70.54326691464438, 29.712902731723467], [70.54315563189583, 29.713073680019036], [70.54050838439812, 29.7175945201454], [70.5350411507567, 29.715260351424142], [70.53482935959747, 29.715182758392796], [70.5346106211169, 29.71512771612939], [70.53438732924724, 29.715095827031128], [70.53416192775424, 29.7150874401008], [70.53393688349195, 29.71510264712721], [70.53371465940477, 29.71514128168061], [70.53349768757234, 29.71520292093414], [70.52447966640952, 29.718283028250777], [70.52427891858014, 29.718363038164316], [70.5240871884929, 29.718462741980286], [70.5239064023029, 29.718581138056134], [70.52373837622088, 29.718717036963504], [70.52358479826717, 29.71886907343743], [70.52344721131364, 29.719035720092023], [70.52332699758368, 29.719215302764905], [70.52322536476615, 29.719406017336105], [70.52314333388266, 29.719605947852596], [70.52308172903031, 29.719813085776295], [70.52304116910256, 29.720025350162214], [70.52302206157175, 29.72024060856399], [70.52302459839562, 29.720456698456843], [70.52304875408878, 29.72067144896268], [70.52309428597874, 29.720882702659132], [70.52316073664393, 29.721088337253413], [70.52324743850897, 29.72128628690324], [70.52335352055125, 29.721474562970688], [70.52347791705144, 29.72165127400037], [70.5236193782998, 29.72181464472137], [70.5237764831511, 29.72196303388192], [70.52662768083371, 29.724397602032973], [70.52662768083371, 29.72956369739897], [70.52663977038499, 29.729791701355527], [70.52667590346165, 29.73001714838307], [70.52673567485273, 29.73023751022701], [70.52681841425753, 29.730450315660093], [70.52692319380276, 29.730653178195713], [70.53023488929884, 29.73630873019753], [70.53023488929884, 29.74496423398216], [70.53024527138986, 29.74517556629992], [70.53027631767773, 29.74538486337193], [70.53032772916971, 29.74559010955298], [70.53039901074504, 29.745789328210147], [70.53048947592318, 29.745980600758855], [70.53059825347499, 29.7461620851399], [70.53072429581322, 29.746332033559483], [70.53086638908123, 29.746488809321423], [70.53102316484316, 29.746630902589427], [70.53119311326274, 29.74675694492765], [70.53137459764379, 29.746865722479473], [70.5315658701925, 29.746956187657606], [70.53176508884967, 29.747027469232933], [70.5319703350307, 29.747078880724914], [70.53217963210273, 29.74710992701278], [70.53239096442049, 29.747120309103806], [70.53476217145155, 29.747120309103806], [70.53774481919814, 29.75221392941218], [70.5378775201877, 29.752414082567952], [70.53803165686057, 29.752598236646055], [70.5382053170116, 29.7527641070483], [70.54181252547673, 29.755844214364938], [70.54197369875139, 29.755969154713828], [70.54214595514647, 29.75607830896068], [70.54646732739191, 29.75853825185924], [70.54646732739191, 29.769605092515263], [70.54647770948293, 29.769816424833024], [70.5465087557708, 29.770025721905036], [70.54656016726278, 29.770230968086086], [70.54663144883811, 29.77043018674325], [70.54672191401625, 29.77062145929196], [70.54683069156806, 29.770802943673004], [70.54695673390628, 29.770972892092587], [70.5470988271743, 29.771129667854527], [70.54725560293623, 29.77127176112253], [70.54742555135581, 29.771397803460754], [70.54760703573686, 29.771506581012577], [70.54779830828556, 29.77159704619071], [70.54799752694274, 29.771668327766037], [70.54820277312378, 29.771719739258018], [70.5484120701958, 29.771750785545883], [70.54862340251356, 29.77176116763691], [70.55193669941198, 29.77176116763691], [70.55297779819932, 29.772827930267326], [70.55563296284238, 29.779629471228734], [70.55572115852294, 29.779825843794953], [70.55582849657169, 29.78001244284672], [70.55595390697786, 29.780187408251464], [70.55609613957441, 29.780348995847874], [70.5562537765005, 29.780495594832736], [70.55642524633562, 29.780625743818423], [70.55660883976441, 29.78073814540087], [70.55680272661617, 29.780831679092913], [70.55700497410912, 29.780905412493944], [70.55721356611753, 29.78095861058469], [70.5574264232697, 29.7809907430543], [70.55764142367637, 29.781001489586824], [70.56387994223712, 29.781001489586824], [70.56864673213812, 29.7864284837451], [70.56878009846388, 29.78656729956194], [70.56892531473848, 29.786693666651942], [70.56908122338244, 29.786806577690314], [70.56924658158292, 29.786905132616052], [70.56942007120067, 29.78698854580673], [70.57663448813092, 29.790068653123367], [70.57683848502494, 29.79014382877904], [70.57704901552323, 29.79019807839891], [70.57726393901794, 29.790230850389907], [70.57748107023457, 29.79024181153674], [70.58786169581958, 29.79024181153674], [70.59436756664496, 29.79301941373579], [70.59744759101999, 29.795649371417646], [70.60087096733785, 29.801495646478386], [70.60099503039939, 29.801684144882135], [70.60113811577071, 29.80185864378747], [70.6012986560371, 29.80201723166317], [70.60147489257587, 29.802158171273835], [70.60166489482106, 29.80227991871025], [70.60707570751875, 29.80536002602689], [70.6072727034463, 29.805459186678313], [70.60747879864745, 29.805537704181575], [70.60769183669044, 29.80559475698606], [70.60790958849857, 29.805629748132304], [70.60812977567372, 29.805642311498147], [70.60835009433582, 29.805632315629573], [70.60856823922904, 29.805599865116154], [70.6087819278423, 29.8055452994967], [70.6089889242918, 29.805469189706557], [70.61208024351527, 29.804149388667838], [70.612066069, 29.804149166], [70.611439351, 29.804139657], [70.610761784, 29.804129288], [70.609896032, 29.803984276], [70.609469972, 29.803912911], [70.609050034, 29.803842572], [70.608208865, 29.803701677], [70.606996412, 29.803205821], [70.606170114, 29.802868219], [70.605589572, 29.802505191], [70.604309866, 29.801696394], [70.603485473, 29.801175369], [70.60256011, 29.800224708], [70.60079480200001, 29.798348633], [70.600415802, 29.797927534], [70.599483761, 29.796788258], [70.598872571, 29.7960411], [70.597636689, 29.794530458], [70.59631962600001, 29.792672829], [70.595550337, 29.791587982], [70.593697294, 29.789981264], [70.592459362, 29.789248699], [70.59209131, 29.789030898], [70.591557194, 29.78872258], [70.590411013, 29.788092119], [70.589291193, 29.787476972], [70.588545941, 29.787067586], [70.58780342, 29.786659701], [70.586491263, 29.785733312], [70.585947574, 29.785349467], [70.58413848900001, 29.783301175], [70.583438788, 29.781844849], [70.582969113, 29.780850689], [70.582541158, 29.77994176], [70.581554122, 29.778308564], [70.580438485, 29.776952598], [70.579840516, 29.776225098], [70.579156114, 29.775392075], [70.578734193, 29.774851567], [70.577928328, 29.773738497], [70.577590492, 29.772436638], [70.577526796, 29.772006629], [70.577393388, 29.770755887], [70.577258529, 29.769537595], [70.57719631, 29.768978111], [70.577051773, 29.767678532], [70.57691035500001, 29.766331868], [70.576795908, 29.765232065], [70.57675086200001, 29.764799581], [70.576718225, 29.764200353], [70.576669371, 29.763302237], [70.576571785, 29.761505626], [70.576439461, 29.759071649], [70.576019649, 29.752607741], [70.575993463, 29.752128419], [70.575887401, 29.750186855], [70.575857131, 29.749632728], [70.57581165, 29.748800161], [70.575907614, 29.74770516], [70.575959298, 29.74711542], [70.576049046, 29.746091343], [70.57615912300001, 29.744835443], [70.57623052000001, 29.744262901], [70.576314142, 29.74382979], [70.576288105, 29.740979142], [70.576046345, 29.739657841], [70.575965894, 29.739219334], [70.57588599200001, 29.73878146], [70.57566979, 29.737937912], [70.575498588, 29.737301043], [70.574990195, 29.735571244], [70.574330921, 29.73332872], [70.574206755, 29.732912007], [70.573907726, 29.732023646], [70.573715875, 29.731455363], [70.573323068, 29.730289749], [70.572788885, 29.729150882], [70.57136268500001, 29.726110252], [70.570696344, 29.724399656], [70.570030118, 29.722689356], [70.569705804, 29.722051627], [70.568968299, 29.720601402], [70.56808737, 29.718869155], [70.567511553, 29.717535233], [70.56694654, 29.716226336], [70.566623756, 29.715478578], [70.566307851, 29.714684802], [70.56617766439027, 29.71435768133975], [70.5596278068338, 29.71323912862079], [70.56305223637406, 29.71323912862079], [70.56328830332595, 29.713226166264352], [70.56352153180161, 29.713187435054817], [70.56374911745478, 29.71312340069742], [70.56541479866218, 29.712554486876805], [70.565293436, 29.712301407], [70.56490711100001, 29.711495798], [70.564520793, 29.710690206], [70.563940983, 29.709481119], [70.56350183900001, 29.708755221], [70.563062994, 29.708029819], [70.56262437800001, 29.707304796], [70.561962977, 29.706211515], [70.560849224, 29.704917578], [70.559909787, 29.703826157], [70.557778711, 29.701170962], [70.55666511, 29.699608095], [70.555709929, 29.698267558], [70.554740398, 29.696928082], [70.554345306, 29.696491718], [70.553173271, 29.695195968], [70.552387071, 29.694326637], [70.551593298, 29.693448816], [70.551081269, 29.692724559], [70.549246204, 29.690128886], [70.5490637497868, 29.689870806490337], [70.54755676784416, 29.690728656570705], [70.54737335997443, 29.69084569289462], [70.54720268092316, 29.690980617352203], [70.54704646866536, 29.69113205604707], [70.54690631386484, 29.69129846692318], [70.54678364367707, 29.69147815546712], [70.54667970721677, 29.691669291962885], [70.54659556283858, 29.691869930123296], [70.54653206736018, 29.692078026908508], [70.54648986733747, 29.69229146332967], [70.546469392481, 29.692508066025972], [70.54647085128025, 29.69272562939536], [70.54649422888068, 29.69294193805351], [70.546539287235, 29.693154789392473], [70.54660556752717, 29.69336201600916], [70.54669239484427, 29.6935615077754], [70.5467988850491, 29.693751233324733], [70.54692395378295, 29.69392926073725], [70.55345792210336, 29.702298054982833], [70.55196500492687, 29.70739711722213], [70.55191656756976, 29.707597695153275], [70.55188752602423, 29.707801984831573], [70.55187814628562, 29.70800811514116], [70.55188851426416, 29.708214198107576], [70.55191853499818, 29.708418346189994], [70.55196793352385, 29.708618689569438], [70.55203625739364, 29.708813393274703], [70.55212288082028, 29.709000673989102], [70.55222701040846, 29.709178816384085], [70.55234769242169, 29.709346188830168], [70.55248382151764, 29.709501258341238], [70.55263415087211, 29.709642604615368], [70.55615073680852, 29.712645331565316], [70.5525935604498, 29.71203785434103], [70.55241273664149, 29.712014791626572], [70.55223061097868, 29.712007085694133], [70.54501619404843, 29.712007085694133]]], [[[70.61214994129074, 29.81724984545947], [70.61200012347149, 29.81739123164762], [70.61186448254661, 29.817546270264295], [70.61174425671838, 29.81771354603479], [70.61164054347195, 29.81789153197715], [70.61155428955682, 29.81807860334131], [70.61148628234447, 29.818273052440645], [70.6114371426408, 29.818473104240653], [70.61140731901908, 29.818676932562415], [70.61139708372515, 29.81888267675291], [70.61140653019221, 29.819088458670056], [70.6114355721879, 29.819292399827383], [70.61148394460146, 29.819492638541846], [70.61328754883402, 29.82565285317512], [70.61335749614737, 29.825854246304914], [70.61344699105955, 29.8260477468994], [70.61355515854278, 29.826231463025373], [70.61368094100004, 29.82640359841632], [70.61382310860562, 29.826562470035235], [70.61398027132961, 29.826706524530348], [70.61415089252878, 29.82683435342287], [70.614333303971, 29.826944706878272], [70.61452572214617, 29.827036505926394], [70.61472626570433, 29.827108853010987], [70.6149329738504, 29.82716104076549], [70.61514382551563, 29.827192558929216], [70.6153567591184, 29.827203099336394], [70.61953157038202, 29.827203099336394], [70.62251421812861, 29.832296719644766], [70.62262550087716, 29.832467667940335], [70.62275244030235, 29.832627334944483], [70.6228939002509, 29.83277429158039], [70.62304861460566, 29.83290722253358], [70.62321519861777, 29.83302493802445], [70.62339216130073, 29.833126384457234], [70.62357791877517, 29.833210653850056], [70.62377080844526, 29.833276991961696], [70.6239691038794, 29.833324805042313], [70.62417103026252, 29.83335366514773], [70.62437478028122, 29.83336331396967], [70.6492671897875, 29.83336331396967], [70.66657452692446, 29.839274639168917], [70.66959176032252, 29.841850981167216], [70.67463342093262, 29.85046088319164], [70.67636676627042, 29.859341251003162], [70.67642639939025, 29.859575842960705], [70.67651195175571, 29.859802272394063], [70.67662234510551, 29.86001768549451], [70.68009546708178, 29.865948913763734], [70.68143238698279, 29.870515166930065], [70.67588403016275, 29.875252773475946], [70.67126849032786, 29.875252773475946], [70.67106527619227, 29.875262371496557], [70.67086387131967, 29.87529108010496], [70.67066606886475, 29.875338643701703], [70.67047362990905, 29.875404638816956], [70.67028826778163, 29.875488477880765], [70.67011163280486, 29.875589414454335], [70.66994529760125, 29.875706549875737], [70.66979074309205, 29.87583884126091], [70.66964934531221, 29.875985110788704], [70.66952236315923, 29.87614405618729], [70.66941092718494, 29.8763142623286], [70.6693160295299, 29.876494213827538], [70.66245069185254, 29.891149574763602], [70.65675378979475, 29.893581797614043], [70.63950049522244, 29.887688930665867], [70.63927290956927, 29.88762489630847], [70.6390396810936, 29.887586165098934], [70.63880361414172, 29.887573202742498], [70.63158919721147, 29.887573202742498], [70.63138585301904, 29.887582813079995], [70.6311843215708, 29.887611558419607], [70.63098639945093, 29.887659182506418], [70.63079385106768, 29.88772526078793], [70.63060839292429, 29.88780920419878], [70.63043167831688, 29.887910264412064], [70.63026528259597, 29.888027540510418], [70.63011068912273, 29.888159987017385], [70.62996927604527, 29.888306423217497], [70.62455846334758, 29.894466637850773], [70.62443017812892, 29.894627575556367], [70.62431782236118, 29.894800011700678], [70.62071061389605, 29.900960226333954], [70.62061154070979, 29.901150546817497], [70.62053187451035, 29.901349772015102], [70.6204724042613, 29.901555928926633], [70.62043371891832, 29.901766975904653], [70.62041620159653, 29.901980822873607], [70.62042002577638, 29.9021953520286], [70.62044515358562, 29.9024084388088], [70.62049133617435, 29.90261797293774], [70.62055811617947, 29.902821879322165], [70.62064483225411, 29.903018138602434], [70.62075062561723, 29.903204807150974], [70.62087444855837, 29.90338003632075], [70.62101507481358, 29.90354209075309], [70.62117111170951, 29.90368936556356], [70.62428970875102, 29.90635225950442], [70.6270823213946, 29.9158904347656], [70.61690116159416, 29.918374275908878], [70.60871302272062, 29.918374275908878], [70.60455578342928, 29.916007765760828], [70.60299713554227, 29.910684200120237], [70.60292949042636, 29.910488532476407], [70.6028433904301, 29.910300254811265], [70.60273962941477, 29.91012110308717], [70.60261916408024, 29.90995272912325], [70.60248310514396, 29.90979668536527], [70.60233270709986, 29.909654410571715], [70.6021693566517, 29.90952721654814], [70.60199455992729, 29.909416276052003], [70.5965837472296, 29.906336168735365], [70.59638351707765, 29.90623558563699], [70.596173929096, 29.906156326874886], [70.59595724699471, 29.906099248504148], [70.59573581110577, 29.906064967014718], [70.59551201310572, 29.906053852672837], [70.59528827018366, 29.906066025521877], [70.59506699893383, 29.906101354085777], [70.58187415670923, 29.90891761562542], [70.5772973871682, 29.903706959800687], [70.57713003319562, 29.903536481940222], [70.57694484653834, 29.903385564893426], [70.5767441006714, 29.903256061418727], [70.57133328797372, 29.90017595410209], [70.57113399164835, 29.900075781061375], [70.5709254123768, 29.8999967345506], [70.57070978254063, 29.89993966058853], [70.57048940998222, 29.899905170026184], [70.57026665330432, 29.89989363200905], [70.55944502790894, 29.89989363200905], [70.55924168371651, 29.899903242346547], [70.55904015226827, 29.89993198768616], [70.5588422301484, 29.89997961177297], [70.55864968176515, 29.900045690054483], [70.55846422362175, 29.900129633465333], [70.55828750901435, 29.900230693678616], [70.55812111329344, 29.90034796977697], [70.5579665198202, 29.900480416283937], [70.55782510674274, 29.90062685248405], [70.55279352457606, 29.906355312850994], [70.54465814429882, 29.909133953958964], [70.5269801517228, 29.909133953958964], [70.52667637581246, 29.909155461179026], [70.5050331250217, 29.912235568495664], [70.50483139626401, 29.91227415811473], [70.50463425464164, 29.912331767411814], [70.5044434890902, 29.91240787361896], [70.5042608306865, 29.91250178612044], [70.50408793694007, 29.91261265271967], [70.50392637675237, 29.912739467372344], [70.50377761618, 29.912881079315646], [70.50364300513111, 29.913036203510714], [70.50352376511587, 29.913203432303522], [70.50342097816205, 29.913381248198494], [70.50333557699629, 29.913568037628778], [70.50326833658018, 29.913762105598366], [70.50321986707799, 29.91396169106311], [70.50319060831981, 29.914164982911075], [70.50318082581039, 29.91437013639725], [70.50318082581039, 29.920530351030525], [70.50319291536167, 29.920758354987083], [70.50322904843833, 29.920983802014625], [70.50328881982941, 29.921204163858565], [70.50337155923421, 29.92141696929165], [70.50347633877944, 29.921619831827268], [70.50778425797687, 29.928976686063866], [70.50427026626264, 29.93097702726847], [70.50409800986756, 29.931086181515322], [70.5039368365929, 29.931211121864212], [70.50032962812777, 29.93429122918085], [70.5001792987733, 29.93443257545498], [70.50004316967735, 29.93458764496605], [70.49992248766412, 29.934755017412133], [70.49981835807594, 29.934933159807116], [70.4997317346493, 29.935120440521516], [70.49966341077952, 29.93531514422678], [70.49961401225384, 29.935515487606224], [70.49958399151983, 29.935719635688642], [70.49957362354128, 29.93592571865506], [70.4995830032799, 29.936131848964646], [70.49961204482543, 29.936336138642943], [70.49966048218253, 29.93653671657409], [70.5014640864151, 29.942696931207365], [70.50153403372845, 29.942898324337158], [70.50162352864062, 29.943091824931642], [70.50173169612385, 29.943275541057616], [70.50185747858112, 29.943447676448564], [70.50199964618669, 29.94360654806748], [70.50215680891068, 29.94375060256259], [70.50232743010986, 29.943878431455115], [70.50250984155207, 29.943988784910516], [70.50270225972724, 29.944080583958637], [70.50290280328541, 29.94415293104323], [70.50310951143148, 29.944205118797733], [70.5033203630967, 29.94423663696146], [70.50353329669947, 29.944247177368638], [70.51348775836631, 29.944247177368638], [70.51686364954325, 29.945528328980576], [70.51536325346461, 29.944247177368638], [70.52148426749491, 29.94947376193735], [70.52310733720586, 29.955017360473917], [70.5231753673606, 29.95521398900085], [70.523262033606, 29.955403144602045], [70.52336652885832, 29.95558306575645], [70.52348788000023, 29.955752076939255], [70.52362495694314, 29.955908604225318], [70.5237764831511, 29.956051189946407], [70.52546343716698, 29.95749163883018], [70.5237764831511, 29.958932087713954], [70.52355662632404, 29.95914889150017], [70.51814581362635, 29.965309106133446], [70.51801305175233, 29.965476268902776], [70.5178974707867, 29.96565574075858], [70.51780020372725, 29.965845762404147], [70.5177222040472, 29.966044471127045], [70.51766423634884, 29.966249919058612], [70.51762686886818, 29.966460092268203], [70.51761046790494, 29.96667293050501], [70.51761519423174, 29.966886347393928], [70.51764100151814, 29.96709825088755], [70.51768763678477, 29.967306563773725], [70.51775464288325, 29.967509244037707], [70.51784136297739, 29.967704304879277], [70.51794694698194, 29.967889834188618], [70.51807035989566, 29.96806401329002], [70.51821039194708, 29.968225134769707], [70.5183656704534, 29.96837161921296], [70.52121686813602, 29.970806187364012], [70.52121686813602, 29.97823994711199], [70.51634220939378, 29.983789750033274], [70.51620944751977, 29.983956912802604], [70.51609386655414, 29.98413638465841], [70.51599659949468, 29.984326406303975], [70.51591859981464, 29.984525115026873], [70.51586063211627, 29.98473056295844], [70.51582326463561, 29.98494073616803], [70.51580686367238, 29.985153574404837], [70.51581158999917, 29.985366991293755], [70.51583739728558, 29.985578894787377], [70.51588403255221, 29.985787207673553], [70.51595103865068, 29.985989887937535], [70.51603775874483, 29.986184948779105], [70.51614334274937, 29.986370478088446], [70.5162667556631, 29.98654465718985], [70.51640678771452, 29.986705778669535], [70.51656206622084, 29.986852263112787], [70.52302047236859, 29.992366938580478], [70.52302047236859, 29.998457066141466], [70.5215693390251, 29.998457066141466], [70.52136599483268, 29.998466676478962], [70.52116446338444, 29.998495421818575], [70.52096654126457, 29.998543045905386], [70.52077399288132, 29.9986091241869], [70.52058853473793, 29.99869306759775], [70.52041182013052, 29.99879412781103], [70.52024542440961, 29.998911403909386], [70.52009083093637, 29.999043850416353], [70.51994941785891, 29.999190286616464], [70.51518262795791, 30.00461728077474], [70.50353329669947, 30.00461728077474], [70.50332954668077, 30.004626929596682], [70.50312762029766, 30.0046557897021], [70.50292932486352, 30.004703602782715], [70.50273643519343, 30.004769940894356], [70.50255067771899, 30.004854210287178], [70.50237371503603, 30.00495565671996], [70.50220713102392, 30.00507337221083], [70.50205241666916, 30.005206303164023], [70.50191095672061, 30.00535325979993], [70.50178401729542, 30.005512926804077], [70.50167273454687, 30.005683875099646], [70.49869008680028, 30.010777495408018], [70.49542376679166, 30.010777495408018], [70.48704027751073, 30.00218734701284], [70.48688175438183, 30.002040426853707], [70.48670931819436, 30.00191011616033], [70.48652470178672, 30.001797724445385], [70.48632976039825, 30.001704381150912], [70.48612645302568, 30.001631024298373], [70.48591682273678, 30.001578391062328], [70.48570297613935, 30.001547010362454], [70.48548706221152, 30.00153719754835], [70.48527125070632, 30.00154905123052], [70.48505771034755, 30.00158245228945], [70.48484858703591, 30.001637065072643], [70.48464598228449, 30.00171234076764], [70.48445193210033, 30.00180752291713], [70.48426838652426, 30.001921655020706], [70.4840971900347, 30.002053590146886], [70.48150686393697, 30.00426540641513], [70.47617663095377, 30.00198972845395], [70.47292898266593, 29.99644355314973], [70.4728049196044, 29.996255054745983], [70.47266183423308, 29.99608055584065], [70.47250129396669, 29.995921967964946], [70.47232505742792, 29.995781028354283], [70.47213505518273, 29.995659280917867], [70.46672424248504, 29.99257917360123], [70.46652494615968, 29.992479000560515], [70.46631636688812, 29.99239995404974], [70.46610073705196, 29.99234288008767], [70.46588036449354, 29.992308389525324], [70.46565760781564, 29.99229685150819], [70.45844319088539, 29.99229685150819], [70.45822043420749, 29.992308389525324], [70.45800006164907, 29.99234288008767], [70.45778443181291, 29.99239995404974], [70.45757585254135, 29.992479000560515], [70.45737655621599, 29.99257917360123], [70.4521427514809, 29.995558519063557], [70.44331747594417, 29.998572794064835], [70.44312637933405, 29.99864841340645], [70.44294335059793, 29.998741883620884], [70.44277005267489, 29.99885235546843], [70.44260806009301, 29.99897882523811], [70.44245884466373, 29.9991201438671], [70.44232376210954, 29.999275027380676], [70.44220403974616, 29.99944206855805], [70.44210076533174, 29.999619749717876], [70.44201487718375, 29.99980645650742], [70.4419471556537, 30.000000492570038], [70.44189821603719, 30.000200094957716], [70.44043483091902, 30.00769738809138], [70.43138912739694, 30.00769738809138], [70.43117181360516, 30.007708367726554], [70.4309567131186, 30.007741194806297], [70.43074601670031, 30.0077955349922], [70.43054187025865, 30.007870834838418], [70.43034635299153, 30.007966327428402], [70.43016145621016, 30.008081040185836], [70.4299890630578, 30.008213804780162], [70.42698664606901, 30.010777495408018], [70.42237110623412, 30.010777495408018], [70.4221539750175, 30.01078845655485], [70.42193905152278, 30.010821228545847], [70.42172852102449, 30.010875478165715], [70.42152452413048, 30.01095065382139], [70.41431010720022, 30.014030761138027], [70.41413661758247, 30.014114174328704], [70.413971259382, 30.014212729254442], [70.41381535073803, 30.014325640292814], [70.41367013446343, 30.014452007382815], [70.41353676813767, 30.014590823199654], [70.40822810171656, 30.02063474421443], [70.40613866814105, 30.02241886057636], [70.40393152401506, 30.020534234046714], [70.40377114264832, 30.020409849946606], [70.40359977596768, 30.020301097714807], [70.40341894252006, 30.020208941047215], [70.40323024474114, 30.02013419657998], [70.40303535475543, 30.020077526652955], [70.40283599955906, 30.02003943344044], [70.40263394571612, 30.02002025450124], [70.40243098370443, 30.020020159787403], [70.4022289120495, 30.020039150138235], [70.40202952138696, 30.020077057272832], [70.40183457859521, 30.0201335452813], [70.3928165574324, 30.02321365259794], [70.39262546082227, 30.023289271939554], [70.39244243208616, 30.023382742153988], [70.39226913416312, 30.023493214001533], [70.39210714158123, 30.023619683771216], [70.39195792615196, 30.023761002400203], [70.39182284359777, 30.02391588591378], [70.39170312123439, 30.024082927091154], [70.39159984681997, 30.02426060825098], [70.39151395867198, 30.024447315040526], [70.39144623714192, 30.024641351103142], [70.39139729752542, 30.02484095349082], [70.38993391240724, 30.032338246624484], [70.3855696611183, 30.032338246624484], [70.3847610234021, 30.035100150706505], [70.38467152461851, 30.035348372273834], [70.38455237527033, 30.035583802542874], [70.3809451668052, 30.04174401717615], [70.38081246581564, 30.041944170331924], [70.38065832914278, 30.042128324410026], [70.38048466899174, 30.04229419481227], [70.37804337976112, 30.044378752135188], [70.3810930654866, 30.0521909088824], [70.38115864814496, 30.052385895597496], [70.3812053489326, 30.05258624514348], [70.38123274269053, 30.052790133559455], [70.3812405800289, 30.05299570466703], [70.38122878959742, 30.053201086968766], [70.3811974787349, 30.053404410686102], [70.38114693249213, 30.0536038247816], [70.38107761103669, 30.053797513810604], [70.38099014546373, 30.05398371444886], [70.38088533205047, 30.054160731545615], [70.38076412500705, 30.0543269535561], [70.3806276277895, 30.05448086721287], [70.37212259146663, 30.06319555887306], [70.37040441896178, 30.077866614772887], [70.37036836312093, 30.078080602316028], [70.370310979847, 30.07828988167992], [70.37023285042966, 30.078492332875083], [70.370134766316, 30.078685905081056], [70.37001772109316, 30.078868637421085], [70.36988290042342, 30.07903867882571], [70.36478720493143, 30.084840132265388], [70.36371412837549, 30.08850522784634], [70.3621649378733, 30.086267319157624], [70.36416010703272, 30.089149473670584], [70.36225635815278, 30.087560633784737], [70.36365012055653, 30.08872384670731], [70.36320463744862, 30.090245395343487], [70.36320463744862, 30.09818245612825], [70.36711463234982, 30.10152110539669], [70.37488911143063, 30.103180714907158], [70.40253145967593, 30.103180714907158], [70.4027487734677, 30.103191694542332], [70.40296387395426, 30.103224521622074], [70.40317457037256, 30.10327886180798], [70.40337871681422, 30.103354161654195], [70.40357423408133, 30.10344965424418], [70.40375913086271, 30.103564367001614], [70.40393152401506, 30.10369713159594], [70.41114594094532, 30.109857346229216], [70.41131960109635, 30.11002321663146], [70.41147373776921, 30.110207370709563], [70.41160643875878, 30.110407523865337], [70.41458908650537, 30.11550114417371], [70.42237110623412, 30.11550114417371], [70.4225884200259, 30.115512123808884], [70.42280352051246, 30.115544950888626], [70.42301421693075, 30.11559929107453], [70.42321836337241, 30.115674590920747], [70.42341388063953, 30.115770083510732], [70.4235987774209, 30.115884796268166], [70.42377117057326, 30.116017560862492], [70.42677358756205, 30.118581251490347], [70.4386035443272, 30.118581251490347], [70.43879878415655, 30.11859010949693], [70.43899241974151, 30.118616610732317], [70.43918286001947, 30.118660537441457], [70.43936854018294, 30.118721528687878], [70.45523134165451, 30.124741466123623], [70.47486390817326, 30.124741466123623], [70.47621362715921, 30.12013149765162], [70.47629179129018, 30.11991004483097], [70.47639357688509, 30.119698406753546], [70.47651777637535, 30.1194990942608], [70.47666291627739, 30.119314471965346], [70.48203257687608, 30.11320110903008], [70.48920861834092, 30.10400993889087], [70.48934431165175, 30.103852428577788], [70.48949454440162, 30.103708719516867], [70.48965791976093, 30.10358014788198], [70.48983291870307, 30.103467909102687], [70.49001791412805, 30.103373046749407], [70.49021118599082, 30.103296442830526], [70.49922920715363, 30.10021633551389], [70.4994567928068, 30.10015230115649], [70.49969002128246, 30.100113569946956], [70.49992608823435, 30.10010060759052], [70.50669950535423, 30.10010060759052], [70.51285392011954, 30.097473055269727], [70.51790517263994, 30.08884677264887], [70.51802923570148, 30.088658274245123], [70.5181723210728, 30.08848377533979], [70.51833286133919, 30.088325187464086], [70.51850909787795, 30.088184247853423], [70.51869910012314, 30.088062500417006], [70.52410991282083, 30.08498239310037], [70.5243092091462, 30.084882220059654], [70.52451778841775, 30.08480317354888], [70.52473341825392, 30.08474609958681], [70.52495379081233, 30.084711609024463], [70.52517654749023, 30.08470007100733], [70.52821307542288, 30.08470007100733], [70.53237031471423, 30.08233356085928], [70.53392896260124, 30.07700999521869], [70.53399890991459, 30.076808602088896], [70.53408840482676, 30.07661510149441], [70.53419657231, 30.076431385368437], [70.53432235476726, 30.07625924997749], [70.53446452237283, 30.076100378358575], [70.53462168509682, 30.075956323863462], [70.534792306296, 30.07582849497094], [70.53497471773821, 30.075718141515537], [70.53516713591338, 30.075626342467416], [70.53536767947155, 30.075553995382823], [70.53557438761761, 30.07550180762832], [70.53578523928284, 30.075470289464594], [70.53599817288561, 30.075459749057416], [70.53979366054554, 30.075459749057416], [70.54114337953149, 30.070849780585412], [70.5412110246474, 30.070654112941583], [70.54129712464366, 30.07046583527644], [70.54140088565899, 30.070286683552347], [70.54152135099352, 30.070118309588427], [70.5416574099298, 30.069962265830444], [70.5418078079739, 30.06981999103689], [70.54197115842206, 30.069692797013314], [70.54214595514647, 30.06958185651718], [70.54755676784416, 30.06650174920054], [70.54775606416952, 30.066401576159826], [70.54796464344108, 30.066322529649053], [70.54818027327724, 30.06626545568698], [70.54840064583566, 30.066230965124635], [70.54862340251356, 30.0662194271075], [70.55279821377718, 30.0662194271075], [70.5593880699889, 30.054965592165853], [70.55952077097847, 30.05476543901008], [70.55967490765133, 30.054581284931977], [70.55984856780236, 30.054415414529732], [70.56706298473262, 30.048255199896456], [70.5672237777353, 30.048130526590445], [70.56739560685077, 30.048021565230247], [70.5675769418851, 30.04792928615208], [70.56776616799104, 30.047854511131042], [70.57678418915386, 30.044774403814404], [70.57701177480702, 30.044710369457007], [70.57724500328268, 30.044671638247472], [70.57748107023457, 30.044658675891036], [70.58830269562995, 30.044658675891036], [70.58850644564865, 30.044668324712976], [70.58870837203176, 30.044697184818393], [70.5889066674659, 30.04474499789901], [70.589099557136, 30.04481133601065], [70.58928531461044, 30.04489560540347], [70.58946227729339, 30.044997051836255], [70.5896288613055, 30.045114767327124], [70.58978357566026, 30.045247698280317], [70.58992503560881, 30.045394654916223], [70.590051975034, 30.04555432192037], [70.59016325778255, 30.04572527021594], [70.59314590552914, 30.05081889052431], [70.5955171125602, 30.05081889052431], [70.59573442635198, 30.050829870159486], [70.59594952683854, 30.05086269723923], [70.59616022325683, 30.050917037425133], [70.59636436969849, 30.05099233727135], [70.59655988696561, 30.051087829861334], [70.59674478374698, 30.051202542618768], [70.59691717689934, 30.051335307213094], [70.60052438536447, 30.054415414529732], [70.60067495279881, 30.054557007198603], [70.60081127064386, 30.054712366399446], [70.60093208620161, 30.05488006445301], [70.60103628923294, 30.05505856029169], [70.60112292216014, 30.05524621362123], [70.60119118886666, 30.055441299994268], [70.60124046201302, 30.0556420266572], [70.60450745136376, 30.072379641740778], [70.61340050557914, 30.072379641740778], [70.63419493640096, 30.069420332201798], [70.6463158005023, 30.05759209198671], [70.64647173143779, 30.057453984430825], [70.64664026166795, 30.05733156827523], [70.64681981822005, 30.057225986088113], [70.64700872520737, 30.05713822331823], [70.64720521947118, 30.057069099097248], [70.64740746703707, 30.057019258594387], [70.64761358023235, 30.056989166994764], [70.64782163530454, 30.056979105157588], [70.6509878439593, 30.056979105157588], [70.6571422587246, 30.054351552836795], [70.66038990701244, 30.048805377532577], [70.66051397007398, 30.04861687912883], [70.6606570554453, 30.048442380223495], [70.66081759571169, 30.048283792347792], [70.66099383225045, 30.04814285273713], [70.66118383449565, 30.048021105300712], [70.6662801656562, 30.045120016726287], [70.67141102129523, 30.039278533430767], [70.67858706276007, 30.030087363291557], [70.67866659032448, 30.029991359782844], [70.68394111662516, 30.023986307322808], [70.68725865056057, 30.01832078471915], [70.68899199589836, 30.00944041690763], [70.68904998268798, 30.009211076081225], [70.68913274514564, 30.0089894681887], [70.68923928699265, 30.008778260903647], [70.68936832569857, 30.00857999669911], [70.69838634686138, 29.996259567432556], [70.69854557944879, 29.996066599079484], [70.69872609370974, 29.99589337551361], [70.70233330217486, 29.992813268196972], [70.70249447544953, 29.992688327848082], [70.7026667318446, 29.99257917360123], [70.70807754454229, 29.98949906628459], [70.70827684086765, 29.989398893243877], [70.70848542013921, 29.989319846733103], [70.70870104997537, 29.98926277277103], [70.70892142253379, 29.989228282208686], [70.70914417921169, 29.989216744191552], [70.71195611481401, 29.989216744191552], [70.7146818661366, 29.986889291627282], [70.71791992251414, 29.981359496919495], [70.71965326785194, 29.972479129107974], [70.71970858719772, 29.972258397778585], [70.71978686253529, 29.972044726251895], [70.7198872219367, 29.971840494666836], [70.72000854747428, 29.971647978008537], [70.72014948767344, 29.971469320766722], [70.72524518316543, 29.965667867327046], [70.72871821971808, 29.95380570255317], [70.72878624987281, 29.953609074026236], [70.72887291611822, 29.95341991842504], [70.72897741137054, 29.953239997270636], [70.72909876251245, 29.95307098608783], [70.72923583945536, 29.952914458801768], [70.72938736566331, 29.95277187308068], [70.73993232539249, 29.94376778919435], [70.7559809313383, 29.916360762917144], [70.75609328710604, 29.916188326772833], [70.7562215723247, 29.91602738906724], [70.7603826233749, 29.91129002908061], [70.7562215723247, 29.906552669093983], [70.75609240813469, 29.906390512804144], [70.75597941468625, 29.906216701035472], [70.75588363663275, 29.906032840722233], [70.75580595946677, 29.905840631700062], [70.7557471013336, 29.905641850990545], [70.75570760639171, 29.90543833637219], [70.75568783978198, 29.90523196938971], [70.75568798425176, 29.905024657958656], [70.75570803846539, 29.90481831872624], [70.75574781701651, 29.904614859351454], [70.75580695214228, 29.904416160868273], [70.7558848971233, 29.904224060295004], [70.7559809313383, 29.904040333650592], [70.75929262683438, 29.898384781648776], [70.75929262683438, 29.893394203346066], [70.75705716254846, 29.8895765864993], [70.75399934267809, 29.891317251697295], [70.75068403448068, 29.896978973294164], [70.75055133349112, 29.897179126449938], [70.75039719681826, 29.89736328052804], [70.75022353666722, 29.897529150930286], [70.74300911973697, 29.90368936556356], [70.74283672658461, 29.903822130157888], [70.74265182980324, 29.90393684291532], [70.74245631253612, 29.904032335505306], [70.74225216609446, 29.904107635351522], [70.74204146967617, 29.904161975537427], [70.74182636918961, 29.90419480261717], [70.74160905539783, 29.904205782252344], [70.73259103423501, 29.904205782252344], [70.73237372044323, 29.90419480261717], [70.73215861995668, 29.904161975537427], [70.73194792353839, 29.904107635351522], [70.73174377709672, 29.904032335505306], [70.73154825982961, 29.90393684291532], [70.73136336304823, 29.903822130157888], [70.73119096989588, 29.90368936556356], [70.72758376143075, 29.900609258246924], [70.72743439812315, 29.900468910955116], [70.72729903593333, 29.900315015414094], [70.72717889803683, 29.9001489622726], [70.72707507003763, 29.89997225203928], [70.72698849015833, 29.899786481523645], [70.7269199407621, 29.89959332940677], [70.72687004128294, 29.899394541072212], [70.72683924262827, 29.89919191283418], [70.72682782310453, 29.89898727570545], [70.72683588590209, 29.898782478851782], [70.726863358163, 29.898579372882253], [70.7269099916392, 29.89837979312658], [70.7269753649359, 29.898185543050502], [70.73058257340102, 29.888945221100588], [70.73066929106518, 29.888751748775388], [70.7307745915527, 29.888567728936177], [70.73089745663161, 29.888394941013335], [70.73103669822427, 29.888235055827128], [70.73119096989588, 29.88808961943128], [70.734798178361, 29.885009512114642], [70.73497077266165, 29.88487660821157], [70.73515589663833, 29.88476179813656], [70.73535166059649, 29.88466625383923], [70.74191165765508, 29.881865543105068], [70.74509608690445, 29.8764273301905], [70.75045659223392, 29.86422145088279], [70.75057011864061, 29.863998938534298], [70.7551945057273, 29.85610163587581], [70.7514547824237, 29.851843957869498], [70.74882347232808, 29.851843957869498], [70.74861053872532, 29.85183341746232], [70.74839968706009, 29.851801899298593], [70.74819297891402, 29.85174971154409], [70.74799243535585, 29.851677364459498], [70.74780001718068, 29.851585565411376], [70.74761760573847, 29.851475211955975], [70.7474469845393, 29.85134738306345], [70.7472898218153, 29.85120332856834], [70.74714765420973, 29.851044456949424], [70.74702187175247, 29.850872321558477], [70.74691370426923, 29.850688605432502], [70.74682420935706, 29.850495104838018], [70.74675426204371, 29.850293711708225], [70.74495065781115, 29.84413349707495], [70.74489979562198, 29.843920036101416], [70.74487089393244, 29.843702510834262], [70.74486425211703, 29.84348317448115], [70.7448799389741, 29.84326429900965], [70.74491779201335, 29.84304815161335], [70.74497741913893, 29.842836971227417], [70.7450582027109, 29.842632945336877], [70.74515930594292, 29.842438187317832], [70.74876651440805, 29.836277972684556], [70.74889921539761, 29.836077819528782], [70.74905335207048, 29.83589366545068], [70.74922701222151, 29.835727795048435], [70.75283422068664, 29.832647687731797], [70.75300661383899, 29.83251492313747], [70.75319151062037, 29.832400210380037], [70.75338702788748, 29.832304717790052], [70.75359117432915, 29.832229417943836], [70.75380187074744, 29.83217507775793], [70.754016971234, 29.83214225067819], [70.75423428502577, 29.832131271043014], [70.75660549205683, 29.832131271043014], [70.76319534826855, 29.820877436101366], [70.7633066310171, 29.820706487805797], [70.76343357044229, 29.82054682080165], [70.76357503039084, 29.820399864165744], [70.7637297447456, 29.82026693321255], [70.76389632875771, 29.82014921772168], [70.76407329144067, 29.8200477712889], [70.76425904891511, 29.819963501896076], [70.7644519385852, 29.819897163784436], [70.76465023401934, 29.81984935070382], [70.76485216040246, 29.819820490598403], [70.76505591042115, 29.819810841776462], [70.77103432591734, 29.819810841776462], [70.78081974950189, 29.803099772776385], [70.77922312901579, 29.794919881059], [70.772121470786, 29.779760049235232], [70.77204238021879, 29.779567535632868], [70.77198221990578, 29.77936829321355], [70.77194155042842, 29.7791641785435], [70.77192075075008, 29.7789570935892], [70.77192001468481, 29.778748967994606], [70.77193934909135, 29.778541741100497], [70.77197857380926, 29.778337343873456], [70.77203732333761, 29.778137680912856], [70.77211505024084, 29.77794461270358], [70.77221103024974, 29.777759938279768], [70.77232436901038, 29.777585378461215], [70.77245401041777, 29.77742255981853], [70.77703249480359, 29.77220995164162], [70.7729239300966, 29.76051594103552], [70.773586236, 29.761522119], [70.772386816, 29.759699955], [70.771667048, 29.758606741], [70.769746212, 29.755689977], [70.77144448808421, 29.75826878671854], [70.76759648421688, 29.75607830896068], [70.76742168749247, 29.755967368464546], [70.76725833704431, 29.75584017444097], [70.76710793900021, 29.755697899647416], [70.76697188006393, 29.755541855889433], [70.7668514147294, 29.755373481925513], [70.76674765371408, 29.75519433020142], [70.76666155371781, 29.755006052536277], [70.7665939086019, 29.754810384892448], [70.76514089388934, 29.74984760961552], [70.765060222, 29.74975194], [70.764336098, 29.748761376], [70.76361123, 29.747769794], [70.762644459, 29.746447302], [70.761593833, 29.745010101], [70.760541918, 29.743571139], [70.75950477900001, 29.742109851], [70.750419815, 29.729309499], [70.74334743, 29.719283826], [70.742660271, 29.718309723], [70.740171074, 29.716810134], [70.737561993, 29.717071742], [70.736671326, 29.717913078], [70.736015775, 29.718405752], [70.733418044, 29.719149891], [70.73088993, 29.71794473], [70.730318041, 29.717311637], [70.72924239000001, 29.71612049], [70.727083795, 29.714381556], [70.726522185, 29.713929131], [70.726046181, 29.713304437], [70.725022208, 29.711960599], [70.724168442, 29.710840137], [70.724133299, 29.710045441], [70.724095518, 29.709198366], [70.723834885, 29.708154691], [70.723684609, 29.707164275], [70.724522611, 29.705198449], [70.725283929, 29.704832277], [70.726014552, 29.704480869], [70.726908206, 29.704035649], [70.728247075, 29.702183832], [70.728366383, 29.701716091], [70.728533671, 29.701060079], [70.728702334, 29.700399659], [70.72918485800001, 29.700046584], [70.730704319, 29.699126792], [70.733178355, 29.698691079], [70.734091305, 29.698560318], [70.735066805, 29.697869346], [70.73565844, 29.697450278], [70.735597391, 29.696059858], [70.735805113, 29.692984157], [70.735839853, 29.692519297], [70.735726612, 29.691732386], [70.735436226, 29.689714488], [70.73525136100001, 29.68847096], [70.735014355, 29.687950042], [70.73448916800001, 29.686795123], [70.733918688, 29.685541551], [70.733580117, 29.684713929], [70.732784056, 29.682768002], [70.73214080800001, 29.679683378], [70.732047117, 29.67923438], [70.731810246, 29.677632065], [70.731719993, 29.676997124], [70.731447226, 29.676137444], [70.73131491, 29.675720424], [70.73078078600001, 29.67403702], [70.729218114, 29.672775066], [70.728800101, 29.672453558], [70.726456322, 29.670943179], [70.725630257, 29.670441709], [70.72408415800001, 29.669758584], [70.722857313, 29.668141185], [70.722344493, 29.667251963], [70.721818889, 29.666316977], [70.719942501, 29.670498015], [70.718912761, 29.672907554], [70.718226795, 29.674511455], [70.717600414, 29.676555287], [70.717369548, 29.677308584], [70.717090185, 29.67814246], [70.71658164, 29.67966042], [70.71588024200001, 29.681262206], [70.715529496, 29.682063204], [70.715049881, 29.683158506], [70.714590695, 29.684149322], [70.714080983, 29.685248676], [70.713231984, 29.687081104], [70.712716539, 29.68818929], [70.711908223, 29.68992714], [70.71154957200001, 29.690570514], [70.710785888, 29.691940463], [70.710190499, 29.693635845], [70.710037196, 29.694080072], [70.708830902, 29.696901636], [70.708043154, 29.698101543], [70.707350772, 29.699156186], [70.706303171, 29.700752039], [70.705723756, 29.701815249], [70.704797563, 29.703516679], [70.70288227600001, 29.707050131], [70.70063892, 29.711189657], [70.699467038, 29.71309011], [70.69889916800001, 29.714011031], [70.69844532, 29.715974914], [70.698527181, 29.717711219], [70.698989945, 29.719651107], [70.699786287, 29.721197107], [70.700569588, 29.722717709], [70.701267513, 29.723860645], [70.702049701, 29.725141739], [70.702471732, 29.726503282], [70.70278085000001, 29.727500543], [70.70289307, 29.729641454], [70.70213041, 29.730971066], [70.701829873, 29.731429139], [70.700941488, 29.732649379], [70.699908545, 29.73336054], [70.699294077, 29.73327949], [70.698423659, 29.733151433], [70.697358598, 29.732939406], [70.696064894, 29.733066007], [70.69491222900001, 29.733518426], [70.69435060900001, 29.734370612], [70.69414717, 29.735335959], [70.694043017, 29.735830178], [70.693060924, 29.737989731], [70.692342343, 29.738580377], [70.69170599200001, 29.738916154], [70.690482042, 29.739488711], [70.689101033, 29.739708039], [70.687711819, 29.740337751], [70.687049482, 29.740899305], [70.686722281, 29.741181643], [70.686235799, 29.741918745], [70.685945134, 29.742375871], [70.685719255, 29.742836413], [70.68534042200001, 29.743608808], [70.685289102, 29.744411046], [70.685252732, 29.744979562], [70.68522323, 29.74544074], [70.685314663, 29.746156695], [70.685636703, 29.748678005], [70.68573881600001, 29.749477762], [70.685988979, 29.750439835], [70.686617382, 29.752855552], [70.686786771, 29.753509308], [70.687256475, 29.755475532], [70.687422726, 29.756171474], [70.687711819, 29.757381635], [70.689236512, 29.760140208], [70.689451571, 29.760529307], [70.689636936, 29.76091579], [70.690018842, 29.761712058], [70.690205893, 29.762102057], [70.690828212, 29.763399583], [70.691040473, 29.76471785], [70.691277909, 29.766192477], [70.691458759, 29.76731653], [70.69164139, 29.768449913], [70.691514646, 29.769744062], [70.691260651, 29.772337546], [70.691023994, 29.775471057], [70.690922809, 29.776810822], [70.690476456, 29.778192605], [70.69014133, 29.77923107], [70.68986756800001, 29.780077559], [70.688859023, 29.781940191], [70.688609152, 29.782283649], [70.68696326, 29.784545999], [70.68659106, 29.785057603], [70.68611768800001, 29.785554472], [70.684659265, 29.787085288], [70.68377843200001, 29.788009844], [70.682542755, 29.789003768], [70.682158687, 29.789312624], [70.68127526900001, 29.790023251], [70.680416687, 29.790714084], [70.680073307, 29.790990438], [70.678478288, 29.792178147], [70.677940194, 29.792578834], [70.67709932000001, 29.793029713], [70.675928113, 29.793657718], [70.674611975, 29.794698403], [70.673651332, 29.795457992], [70.670981185, 29.796868708], [70.669779028, 29.797375027], [70.669151823, 29.79763921], [70.668271693, 29.798053902], [70.666800734, 29.798758798], [70.66505165800001, 29.800139456], [70.663956792, 29.801003692], [70.662711124, 29.801829215], [70.660958675, 29.802847519], [70.659713084, 29.803129765], [70.656516174, 29.803853761], [70.65578090000001, 29.804020157], [70.648170245, 29.805330163], [70.647315288, 29.805334944], [70.64543825, 29.805345497], [70.642929551, 29.805359471], [70.641850732, 29.805409342], [70.640704237, 29.8054622], [70.640103591, 29.805489968], [70.639229703, 29.805530506], [70.638770537, 29.805551742], [70.637156728, 29.805438835], [70.635039187, 29.805290688], [70.632793037, 29.805325303], [70.631179915, 29.805350647], [70.629423989, 29.805040524], [70.628547597, 29.80488574], [70.627670155, 29.804730771], [70.624677915, 29.803990207], [70.624054044, 29.803785148], [70.623457149, 29.803588799], [70.621901179, 29.803076962], [70.620561979, 29.803071718], [70.618957965, 29.80335197], [70.61759270200001, 29.803576215], [70.616448731, 29.803757425], [70.61601886582285, 29.803806661665465], [70.61728723757818, 29.80488969336756], [70.62007265165178, 29.809646487631557], [70.61739530569865, 29.814218728431683], [70.61248652021644, 29.817013056552863], [70.61231256838785, 29.81712340234796], [70.61214994129074, 29.81724984545947]], [[70.59368203948873, 29.942190858602032], [70.59234836821999, 29.9424479886958], [70.59242416729235, 29.942303533174098], [70.59423511229805, 29.941136829591837], [70.59368203948873, 29.942190858602032]]]]}}, {"type": "Feature", "properties": {"na": "NA-186", "src": "sheet-split: dgk_na185_186.jpg, anchor-TPS outline-fit", "approx": false, "rms_km": 2.38}, "geometry": {"type": "MultiPolygon", "coordinates": [[[[70.5596278068338, 29.71323912862079], [70.56617766439027, 29.71435768133975], [70.56612577, 29.714227286], [70.565680735, 29.713109049], [70.565293436, 29.712301407], [70.56541479866218, 29.712554486876805], [70.56374911745478, 29.71312340069742], [70.56352153180161, 29.713187435054817], [70.56328830332595, 29.713226166264352], [70.56305223637406, 29.71323912862079], [70.5596278068338, 29.71323912862079]]], [[[70.60410681799176, 29.801568065534703], [70.603485473, 29.801175369], [70.60410681799176, 29.801568065534706], [70.60410681799176, 29.801568065534703]]], [[[70.62417103026252, 29.83335366514773], [70.6239691038794, 29.833324805042313], [70.62377080844526, 29.833276991961696], [70.62357791877517, 29.833210653850056], [70.62339216130073, 29.833126384457234], [70.62321519861777, 29.83302493802445], [70.62304861460566, 29.83290722253358], [70.6228939002509, 29.83277429158039], [70.62275244030235, 29.832627334944483], [70.62262550087716, 29.832467667940335], [70.62251421812861, 29.832296719644766], [70.61953157038202, 29.827203099336394], [70.6153567591184, 29.827203099336394], [70.61514382551563, 29.827192558929216], [70.6149329738504, 29.82716104076549], [70.61472626570433, 29.827108853010987], [70.61452572214617, 29.827036505926394], [70.614333303971, 29.826944706878272], [70.61415089252878, 29.82683435342287], [70.61398027132961, 29.826706524530348], [70.61382310860562, 29.826562470035235], [70.61368094100004, 29.82640359841632], [70.61355515854278, 29.826231463025373], [70.61344699105955, 29.8260477468994], [70.61335749614737, 29.825854246304914], [70.61328754883402, 29.82565285317512], [70.61148394460146, 29.819492638541846], [70.6114355721879, 29.819292399827383], [70.61140653019221, 29.819088458670056], [70.61139708372515, 29.81888267675291], [70.61140731901908, 29.818676932562415], [70.6114371426408, 29.818473104240653], [70.61148628234447, 29.818273052440645], [70.61155428955682, 29.81807860334131], [70.61164054347195, 29.81789153197715], [70.61174425671838, 29.81771354603479], [70.61186448254661, 29.817546270264295], [70.61200012347149, 29.81739123164762], [70.61214994129074, 29.81724984545947], [70.61231256838785, 29.81712340234796], [70.61248652021644, 29.817013056552863], [70.61739530569865, 29.814218728431683], [70.62007265165178, 29.809646487631557], [70.61728723757818, 29.80488969336756], [70.61601886582285, 29.803806661665465], [70.61519745400001, 29.803900746], [70.614661569, 29.803962128], [70.61378412, 29.804062632], [70.612912525, 29.804162463], [70.61208024351527, 29.804149388667838], [70.6089889242918, 29.805469189706557], [70.6087819278423, 29.8055452994967], [70.60856823922904, 29.805599865116154], [70.60835009433582, 29.805632315629573], [70.60812977567372, 29.805642311498147], [70.60790958849857, 29.805629748132304], [70.60769183669044, 29.80559475698606], [70.60747879864745, 29.805537704181575], [70.6072727034463, 29.805459186678313], [70.60707570751875, 29.80536002602689], [70.60166489482106, 29.80227991871025], [70.60147489257587, 29.802158171273835], [70.6012986560371, 29.80201723166317], [70.60113811577071, 29.80185864378747], [70.60099503039939, 29.801684144882135], [70.60087096733785, 29.801495646478386], [70.59744759101999, 29.795649371417646], [70.59436756664496, 29.79301941373579], [70.58786169581958, 29.79024181153674], [70.57748107023457, 29.79024181153674], [70.57726393901794, 29.790230850389907], [70.57704901552323, 29.79019807839891], [70.57683848502494, 29.79014382877904], [70.57663448813092, 29.790068653123367], [70.56942007120067, 29.78698854580673], [70.56924658158292, 29.786905132616052], [70.56908122338244, 29.786806577690314], [70.56892531473848, 29.786693666651942], [70.56878009846388, 29.78656729956194], [70.56864673213812, 29.7864284837451], [70.56387994223712, 29.781001489586824], [70.55764142367637, 29.781001489586824], [70.5574264232697, 29.7809907430543], [70.55721356611753, 29.78095861058469], [70.55700497410912, 29.780905412493944], [70.55680272661617, 29.780831679092913], [70.55660883976441, 29.78073814540087], [70.55642524633562, 29.780625743818423], [70.5562537765005, 29.780495594832736], [70.55609613957441, 29.780348995847874], [70.55595390697786, 29.780187408251464], [70.55582849657169, 29.78001244284672], [70.55572115852294, 29.779825843794953], [70.55563296284238, 29.779629471228734], [70.55297779819932, 29.772827930267326], [70.55193669941198, 29.77176116763691], [70.54862340251356, 29.77176116763691], [70.5484120701958, 29.771750785545883], [70.54820277312378, 29.771719739258018], [70.54799752694274, 29.771668327766037], [70.54779830828556, 29.77159704619071], [70.54760703573686, 29.771506581012577], [70.54742555135581, 29.771397803460754], [70.54725560293623, 29.77127176112253], [70.5470988271743, 29.771129667854527], [70.54695673390628, 29.770972892092587], [70.54683069156806, 29.770802943673004], [70.54672191401625, 29.77062145929196], [70.54663144883811, 29.77043018674325], [70.54656016726278, 29.770230968086086], [70.5465087557708, 29.770025721905036], [70.54647770948293, 29.769816424833024], [70.54646732739191, 29.769605092515263], [70.54646732739191, 29.75853825185924], [70.54214595514647, 29.75607830896068], [70.54197369875139, 29.755969154713828], [70.54181252547673, 29.755844214364938], [70.5382053170116, 29.7527641070483], [70.53803165686057, 29.752598236646055], [70.5378775201877, 29.752414082567952], [70.53774481919814, 29.75221392941218], [70.53476217145155, 29.747120309103806], [70.53239096442049, 29.747120309103806], [70.53217963210273, 29.74710992701278], [70.5319703350307, 29.747078880724914], [70.53176508884967, 29.747027469232933], [70.5315658701925, 29.746956187657606], [70.53137459764379, 29.746865722479473], [70.53119311326274, 29.74675694492765], [70.53102316484316, 29.746630902589427], [70.53086638908123, 29.746488809321423], [70.53072429581322, 29.746332033559483], [70.53059825347499, 29.7461620851399], [70.53048947592318, 29.745980600758855], [70.53039901074504, 29.745789328210147], [70.53032772916971, 29.74559010955298], [70.53027631767773, 29.74538486337193], [70.53024527138986, 29.74517556629992], [70.53023488929884, 29.74496423398216], [70.53023488929884, 29.73630873019753], [70.52692319380276, 29.730653178195713], [70.52681841425753, 29.730450315660093], [70.52673567485273, 29.73023751022701], [70.52667590346165, 29.73001714838307], [70.52663977038499, 29.729791701355527], [70.52662768083371, 29.72956369739897], [70.52662768083371, 29.724397602032973], [70.5237764831511, 29.72196303388192], [70.5236193782998, 29.72181464472137], [70.52347791705144, 29.72165127400037], [70.52335352055125, 29.721474562970688], [70.52324743850897, 29.72128628690324], [70.52316073664393, 29.721088337253413], [70.52309428597874, 29.720882702659132], [70.52304875408878, 29.72067144896268], [70.52302459839562, 29.720456698456843], [70.52302206157175, 29.72024060856399], [70.52304116910256, 29.720025350162214], [70.52308172903031, 29.719813085776295], [70.52314333388266, 29.719605947852596], [70.52322536476615, 29.719406017336105], [70.52332699758368, 29.719215302764905], [70.52344721131364, 29.719035720092023], [70.52358479826717, 29.71886907343743], [70.52373837622088, 29.718717036963504], [70.5239064023029, 29.718581138056134], [70.5240871884929, 29.718462741980286], [70.52427891858014, 29.718363038164316], [70.52447966640952, 29.718283028250777], [70.53349768757234, 29.71520292093414], [70.53371465940477, 29.71514128168061], [70.53393688349195, 29.71510264712721], [70.53416192775424, 29.7150874401008], [70.53438732924724, 29.715095827031128], [70.5346106211169, 29.71512771612939], [70.53482935959747, 29.715182758392796], [70.5350411507567, 29.715260351424142], [70.54050838439812, 29.7175945201454], [70.54315563189583, 29.713073680019036], [70.54326691464438, 29.712902731723467], [70.54339385406956, 29.71274306471932], [70.54353531401811, 29.712596108083414], [70.54369002837288, 29.71246317713022], [70.54385661238499, 29.71234546163935], [70.54403357506794, 29.71224401520657], [70.54421933254238, 29.712159745813747], [70.54441222221247, 29.712093407702106], [70.54461051764662, 29.71204559462149], [70.54481244402973, 29.712016734516073], [70.54501619404843, 29.712007085694133], [70.55223061097868, 29.712007085694133], [70.55241273664149, 29.712014791626572], [70.5525935604498, 29.71203785434103], [70.55615073680852, 29.712645331565316], [70.55263415087211, 29.709642604615368], [70.55248382151764, 29.709501258341238], [70.55234769242169, 29.709346188830168], [70.55222701040846, 29.709178816384085], [70.55212288082028, 29.709000673989102], [70.55203625739364, 29.708813393274703], [70.55196793352385, 29.708618689569438], [70.55191853499818, 29.708418346189994], [70.55188851426416, 29.708214198107576], [70.55187814628562, 29.70800811514116], [70.55188752602423, 29.707801984831573], [70.55191656756976, 29.707597695153275], [70.55196500492687, 29.70739711722213], [70.55345792210336, 29.702298054982833], [70.54692395378295, 29.69392926073725], [70.5467988850491, 29.693751233324733], [70.54669239484427, 29.6935615077754], [70.54660556752717, 29.69336201600916], [70.546539287235, 29.693154789392473], [70.54649422888068, 29.69294193805351], [70.54647085128025, 29.69272562939536], [70.546469392481, 29.692508066025972], [70.54648986733747, 29.69229146332967], [70.54653206736018, 29.692078026908508], [70.54659556283858, 29.691869930123296], [70.54667970721677, 29.691669291962885], [70.54678364367707, 29.69147815546712], [70.54690631386484, 29.69129846692318], [70.54704646866536, 29.69113205604707], [70.54720268092316, 29.690980617352203], [70.54737335997443, 29.69084569289462], [70.54755676784416, 29.690728656570705], [70.5490637497868, 29.689870806490337], [70.54878118100001, 29.689471116], [70.547569652, 29.687348729], [70.54674518, 29.685464044], [70.54592067, 29.683579272], [70.545491108, 29.682185624], [70.545341038, 29.681698359], [70.545159202, 29.681108301], [70.54420737, 29.678920336], [70.542960571, 29.676681739], [70.542229575, 29.675740266], [70.54055012100001, 29.673577246], [70.539590752, 29.67233524], [70.538548558, 29.670986013], [70.538027463, 29.670311403], [70.53686303900001, 29.66911043], [70.535698978, 29.66790983], [70.534883132, 29.667258414], [70.532491803, 29.665349048], [70.531318074, 29.664161356], [70.530814437, 29.663651726], [70.529687999, 29.662511887], [70.52745029, 29.660630614], [70.52706322, 29.660359832], [70.526211701, 29.659764139], [70.523901459, 29.658147971], [70.522609759, 29.656985611], [70.521512458, 29.655998183], [70.520108902, 29.655123343], [70.519408025, 29.654686485], [70.518529983, 29.654139199], [70.51758482800001, 29.653617056], [70.51411493, 29.65175672], [70.513344046, 29.651343422], [70.51257157, 29.65092927], [70.511768711, 29.650561048], [70.510964966, 29.65019242], [70.50614084300001, 29.64797989], [70.502223803, 29.64613828], [70.501620556, 29.645854636], [70.500417988, 29.645289237], [70.499157791, 29.644418361], [70.498117703, 29.643699231], [70.496381844, 29.642499035], [70.495328993, 29.641766511], [70.49392259000001, 29.640788004], [70.493174681, 29.640316122], [70.492051704, 29.639607594], [70.490929331, 29.638899447], [70.490176274, 29.638439539], [70.48811254600001, 29.63718268], [70.485386643, 29.635570783], [70.483931261, 29.634710179], [70.48276872000001, 29.634095714], [70.481217444, 29.633275781], [70.480829638, 29.633070805], [70.47893087, 29.632067204], [70.477412165, 29.631264487], [70.4762713, 29.630661478], [70.475457413, 29.630304198], [70.474642562, 29.629946495], [70.473012317, 29.629230851], [70.470974491, 29.628336287], [70.470159718, 29.627978618], [70.468937706, 29.62744218], [70.466635195, 29.626726078], [70.464968335, 29.626208203], [70.460521967, 29.625366646], [70.459841729, 29.625238139], [70.459157636, 29.625347321], [70.456705299, 29.625732857], [70.455961516, 29.625847499], [70.455288389, 29.626178122], [70.453689167, 29.626963327], [70.453282729, 29.627154989], [70.451803562, 29.627772447], [70.450735228, 29.628158394], [70.45030988500001, 29.628310601], [70.448500806, 29.628251988], [70.44720102, 29.62765976], [70.44649753600001, 29.627339227], [70.445570219, 29.626871984], [70.44289964, 29.625526367], [70.442091452, 29.625119148], [70.43914410500001, 29.623160159], [70.437912542, 29.622012694], [70.43692009, 29.621089035], [70.435626309, 29.620365352], [70.434509646, 29.619740741], [70.433532227, 29.619512343], [70.432984217, 29.619384287], [70.431019023, 29.61892507], [70.430501608, 29.618832317], [70.426970968, 29.618679834], [70.425160977, 29.618919372], [70.42430058100001, 29.619720245], [70.42388084000001, 29.620360624], [70.423479401, 29.621749021], [70.423313289, 29.623014565], [70.423254477, 29.623462777], [70.423149568, 29.6242619], [70.423338046, 29.625093053], [70.423727615, 29.626810975], [70.423970681, 29.627785482], [70.424557945, 29.629014887], [70.425481861, 29.630947627], [70.42687316300001, 29.633726463], [70.427260621, 29.634500332], [70.427402251, 29.63493333], [70.428198987, 29.637369148], [70.428450777, 29.638138933], [70.428430777, 29.639691674], [70.428420517, 29.640491658], [70.427931377, 29.641389949], [70.426901395, 29.642291095], [70.425589009, 29.642630267], [70.424281276, 29.642968309], [70.422887283, 29.643486205], [70.421688758, 29.643931482], [70.420150391, 29.644771761], [70.419111591, 29.645850587], [70.41876524300001, 29.64676945], [70.418389195, 29.647767123], [70.418373715, 29.648329869], [70.418358737, 29.648866551], [70.418332488, 29.649828048], [70.41789129700001, 29.651310958], [70.41727231, 29.652420998], [70.415792196, 29.653670652], [70.4147653, 29.654158839], [70.413879866, 29.654561243], [70.411724843, 29.655350888], [70.408712155, 29.656650292], [70.406615653, 29.657679341], [70.405670793, 29.658322314], [70.404724169, 29.658967002], [70.403649193, 29.659699266], [70.403058586, 29.660215459], [70.401580412, 29.661507391], [70.39892222, 29.663638717], [70.39834186, 29.664086122], [70.397923175, 29.664408882], [70.397593904, 29.66478862], [70.39725528400001, 29.665179256], [70.395633017, 29.667050721], [70.394372259, 29.668746299], [70.39391054, 29.669367438], [70.393252833, 29.671157892], [70.393373363, 29.671941218], [70.393457757, 29.672492464], [70.393838497, 29.673730445], [70.394035123, 29.674179744], [70.394530632, 29.675311996], [70.395249213, 29.677192256], [70.39535784600001, 29.677816995], [70.395521542, 29.678758378], [70.39581315, 29.680477395], [70.395885966, 29.68090664], [70.396032131, 29.68176828], [70.396007452, 29.683077404], [70.39599624600001, 29.683638408], [70.395963581, 29.684476598], [70.395884033, 29.685147815], [70.39575967, 29.686189395], [70.395617177, 29.687382816], [70.39530279600001, 29.688281659], [70.39416253, 29.691171802], [70.393285201, 29.693063383], [70.39287790600001, 29.693941531], [70.392370121, 29.694662487], [70.391356094, 29.696102206], [70.39109872600001, 29.696466551], [70.388558982, 29.699648424], [70.385169112, 29.703792009], [70.384468892, 29.704647929], [70.384001354, 29.705219657], [70.38252107400001, 29.706866134], [70.382027336, 29.707415306], [70.379479235, 29.710249491], [70.375727401, 29.714437812], [70.373507569, 29.716230939], [70.372238609, 29.717255973], [70.371749947, 29.717650704], [70.369753284, 29.71961499], [70.369343768, 29.720017865], [70.368620927, 29.720728985], [70.367958597, 29.721277173], [70.367296562, 29.721825117], [70.366965661, 29.722098992], [70.366374205, 29.722588493], [70.365488081, 29.723321935], [70.36447476100001, 29.723983719], [70.36245255, 29.725304395], [70.359437875, 29.727273251], [70.358313256, 29.72795674], [70.354412689, 29.730294222], [70.353669112, 29.730739822], [70.352899495, 29.731094036], [70.351258941, 29.731849096], [70.350219875, 29.732327323], [70.34866876000001, 29.732778291], [70.34707369, 29.73323316], [70.345731024, 29.733336805], [70.33861865, 29.733883477], [70.332419998, 29.734360612], [70.32499335700001, 29.734328556], [70.324186276, 29.734300504], [70.321408187, 29.73418112], [70.315235266, 29.734208817], [70.31299784, 29.73422019], [70.310760254, 29.734231947], [70.309485941, 29.734195745], [70.308211414, 29.734159622], [70.303112999, 29.73401564], [70.298992322, 29.73389929], [70.294738373, 29.734132925], [70.29309705, 29.734223116], [70.291870068, 29.734290561], [70.290408287, 29.73428561], [70.289977605, 29.734284151], [70.287393621, 29.734275399], [70.286854848, 29.734273574], [70.28524010000001, 29.734268105], [70.28349373200001, 29.734209008], [70.281747292, 29.734149545], [70.279243996, 29.734064574], [70.277780702, 29.734018336], [70.274194604, 29.733945658], [70.27250830700001, 29.733911728], [70.271620594, 29.733901372], [70.269405287, 29.733875528], [70.268078044, 29.733860043], [70.266601904, 29.733875696], [70.263467923, 29.733908836], [70.260376058, 29.734176498], [70.258492289, 29.734339482], [70.257206243, 29.734419796], [70.252053394, 29.734741591], [70.250332854, 29.734849039], [70.24819062600001, 29.735134133], [70.24432928, 29.735648014], [70.243041071, 29.735819453], [70.240814224, 29.736062561], [70.234859781, 29.736712615], [70.233411238, 29.736876021], [70.229130613, 29.73736087], [70.226561258, 29.737651889], [70.225704604, 29.737778547], [70.224418415, 29.737968713], [70.21841573, 29.738856224], [70.217983534, 29.738920125], [70.214475257, 29.739475335], [70.21140145000001, 29.739961786], [70.210163154, 29.740210201], [70.206858907, 29.740873068], [70.205619919, 29.741121623], [70.20404273, 29.741340164], [70.20286037400001, 29.741503995], [70.20079177800001, 29.741790861], [70.19872143100001, 29.742077504], [70.197414284, 29.742347382], [70.19610569000001, 29.742617559], [70.194796916, 29.742887772], [70.193821606, 29.743092127], [70.192112864, 29.743486748], [70.188898097, 29.744230158], [70.18784032, 29.744474844], [70.182451956, 29.745721304], [70.179464073, 29.746441798], [70.177756425, 29.746853578], [70.176477775, 29.74716191], [70.175274948, 29.747572758], [70.174475317, 29.747845886], [70.17207543100001, 29.74866561], [70.17082899, 29.749093448], [70.170371529, 29.749255988], [70.169152526, 29.749688991], [70.167120954, 29.750410953], [70.16551463200001, 29.751168654], [70.163104948, 29.7523053], [70.16230187500001, 29.752684109], [70.16149952500001, 29.753062577], [70.160376643, 29.753696655], [70.159255355, 29.754329833], [70.15738633, 29.755385249], [70.156262575, 29.75601982], [70.155518967, 29.756490496], [70.15440066100001, 29.757198342], [70.153655022, 29.757670303], [70.150740876, 29.759515114], [70.148919088, 29.760667973], [70.147644525, 29.761635454], [70.146369441, 29.762603328], [70.145162258, 29.763519661], [70.143592342, 29.764539098], [70.142282882, 29.765389695], [70.138358761, 29.768279846], [70.136931257, 29.7693314], [70.13540433, 29.770491018], [70.135006493, 29.770793153], [70.134364874, 29.771280427], [70.133802167, 29.771707775], [70.130587077, 29.773804147], [70.12879972600001, 29.774969574], [70.12779102, 29.775831967], [70.12678338900001, 29.776693439], [70.121405673, 29.781291109], [70.11768155, 29.784475001], [70.116328759, 29.785631611], [70.115810278, 29.787442451], [70.114762301, 29.791102597], [70.114038287, 29.793631277], [70.113093289, 29.795120824], [70.108611225, 29.802185646], [70.10766860000001, 29.803671453], [70.10612506800001, 29.804580243], [70.098798455, 29.808893958], [70.089321232, 29.814473895], [70.087612992, 29.815479661], [70.085923829, 29.816057908], [70.082116677, 29.817361202], [70.07669528800001, 29.819217263], [70.063349787, 29.823785732], [70.061266969, 29.824498635], [70.059952465, 29.824787679], [70.05864141900001, 29.825075964], [70.04508688700001, 29.828056456], [70.034141769, 29.830463097], [70.03326624600001, 29.830655659], [70.032648521, 29.830782121], [70.02993326500001, 29.831240193], [70.029144564, 29.831373323], [70.027567572, 29.83163919], [70.025812603, 29.831629091], [70.022309185, 29.83160893], [70.020116249, 29.831850794], [70.018801046, 29.831995851], [70.006526574, 29.833349636], [70.004805828, 29.833810459], [69.98600639300001, 29.838830538], [69.973131897, 29.842272028], [69.969840743, 29.843152036], [69.967184289, 29.843903013], [69.954164648, 29.847589032], [69.94733225600001, 29.849524075], [69.944770177, 29.850249773], [69.944341349, 29.850369454], [69.94185194900001, 29.851031137], [69.93050223, 29.854039778], [69.929204835, 29.854383698], [69.927477497, 29.854841589], [69.92624125, 29.855276542], [69.925419274, 29.85556574], [69.922541359, 29.856578284], [69.917041127, 29.85851362], [69.909849689, 29.861043724], [69.908158682, 29.861638581], [69.906895453, 29.862901127], [69.900577466, 29.869215701], [69.893132017, 29.876657127], [69.89173057900001, 29.878057808], [69.89064044700001, 29.879703932], [69.884706344, 29.888658009], [69.883737249, 29.890120294], [69.883010401, 29.891217049], [69.881848622, 29.892867733], [69.877682628, 29.898789833], [69.89250946, 29.914806366], [69.911018372, 29.962451935], [69.918655396, 29.988624573], [69.922470093, 30.001712799], [69.93914032, 30.032751083], [69.940696716, 30.035957336], [69.94316864000001, 30.038890839], [69.94657135, 30.042890549], [69.956138611, 30.048475266], [69.962310791, 30.053001404], [69.966331482, 30.057268143], [69.969429016, 30.061000824], [69.97252737, 30.066339821], [69.976554871, 30.071140289], [69.979660034, 30.076745987], [69.981842041, 30.082889557], [69.98531341600001, 30.091632843], [69.98657226600001, 30.097780228], [69.987541199, 30.106067657], [69.98603820800001, 30.114631653], [69.984840393, 30.121322632], [69.984886169, 30.131486893], [69.985542297, 30.139509201], [69.987419128, 30.145921707], [69.991462708, 30.153129578], [69.994277954, 30.162479401], [69.996482849, 30.172369003], [69.99713134800001, 30.179012299], [69.999000549, 30.182481766], [70.002716064, 30.185678482], [70.005493164, 30.186737061], [70.010429382, 30.186986923], [70.013206482, 30.188045502], [70.015060425, 30.189910889], [70.01632690400001, 30.195524216], [70.016075134, 30.206224442], [70.017341614, 30.212905884], [70.01889801, 30.216377258], [70.020759583, 30.219312668], [70.024169922, 30.221973419], [70.030342102, 30.223554611], [70.036201477, 30.224065781], [70.042686462, 30.225111008], [70.04763031, 30.226694107], [70.05165100100001, 30.229888916], [70.064079285, 30.24561882], [70.072471619, 30.257352829], [70.076202393, 30.262418747], [70.076210022, 30.264558792], [70.075302124, 30.26723671], [70.072342735, 30.271277819], [70.066696167, 30.273159027], [70.059921265, 30.275060654], [70.056221008, 30.275075912], [70.046043396, 30.275117874], [70.039871216, 30.27514267], [70.035247803, 30.27596283], [70.03062439, 30.276784897], [70.02167511, 30.277355194], [70.017974854, 30.277368546], [70.01242065400001, 30.277389526], [70.007171631, 30.275270462], [70.00345611600001, 30.273410797], [70.000358582, 30.270214081], [69.995697021, 30.263275146], [69.991340637, 30.256603241], [69.98762512200001, 30.253408432], [69.982368469, 30.250751495], [69.97805786100001, 30.251033783], [69.972824097, 30.25345993], [69.970993042, 30.258281708], [69.971321106, 30.262559891], [69.973754883, 30.266784668], [69.978416443, 30.273990631], [69.98184967, 30.282804489], [69.984062195, 30.293764114], [69.984092712, 30.299917221], [69.983177185, 30.30232811], [69.981330872, 30.302333832], [69.977928162, 30.301277161], [69.974525452, 30.298881531], [69.970802307, 30.295415878], [69.966468811, 30.292488098], [69.96308136, 30.293035507], [69.960617065, 30.29384613], [69.959091187, 30.297863007], [69.959121704, 30.304552078], [69.959793091, 30.317388535], [69.961170249, 30.322636412], [69.964782715, 30.327804565], [69.96912384, 30.333406448], [69.972862244, 30.340616226], [69.974433899, 30.346763611], [69.976928711, 30.351570129], [69.980361938, 30.357681274], [69.988769531, 30.372631073], [69.99344635, 30.381175995], [69.995025635, 30.38892746], [69.996612549, 30.398284912], [69.99697876, 30.409519196], [69.996139526, 30.4269104], [69.996490479, 30.436538696], [69.997772217, 30.44562912], [70.00038147, 30.451763153], [70.001945496, 30.456573486], [70.004753113, 30.460575104], [70.018722534, 30.472293854], [70.028671265, 30.48348999], [70.03894043000001, 30.49548912], [70.043945312, 30.505098343], [70.048332214, 30.516851425], [70.055206299, 30.529130936], [70.064941406, 30.547262192], [70.069015503, 30.556341171], [70.077781677, 30.573692322], [70.085632324, 30.592920303], [70.092582703, 30.615898132], [70.094825745, 30.628730774], [70.094894409, 30.641819], [70.093704224, 30.649850845], [70.092216492, 30.660558701], [70.089477539, 30.668329239], [70.087051392, 30.677436829], [70.086479187, 30.68519783], [70.087142944, 30.692955017], [70.088722229, 30.697496414], [70.091835022, 30.700426102], [70.095575974, 30.703887753], [70.098388672, 30.707620621], [70.100273132, 30.71216011], [70.10092926, 30.718042374], [70.102226257, 30.727668762], [70.10349327, 30.732211591], [70.105995178, 30.735677719], [70.108802795, 30.73780632], [70.111907959, 30.73913002], [70.115631104, 30.739379883], [70.12391662600001, 30.738498688], [70.12639617900001, 30.738485336], [70.13104248, 30.737394333], [70.141265869, 30.735740662], [70.149330139, 30.735967636], [70.15304565400001, 30.73595047], [70.15615844700001, 30.737272263], [70.158653259, 30.739934921], [70.159919739, 30.743406296], [70.159957886, 30.749292374], [70.161270142, 30.759988785], [70.16318512, 30.768274307], [70.16569519, 30.772274017], [70.168190002, 30.774669647], [70.170684814, 30.776262283], [70.176895142, 30.776765823], [70.192092896, 30.776687622], [70.201095581, 30.777709961], [70.206687927, 30.779285431], [70.20980835, 30.78140831], [70.212623596, 30.785139084], [70.215766907, 30.790206909], [70.218666077, 30.805173874], [70.220787048, 30.827892303], [70.22240448, 30.837247849], [70.223983765, 30.840450287], [70.22679901100001, 30.843111038], [70.232383728, 30.843347549], [70.257843018, 30.843202591], [70.264358521, 30.843700409], [70.267166138, 30.84528923], [70.269714355, 30.852766037], [70.2676358952961, 30.84666756027555], [70.2679315410086, 30.846920004937676], [70.26879914041443, 30.84395671706155], [70.26887011618481, 30.843752781391128], [70.26896113478837, 30.843556967879188], [70.26907128328385, 30.84337124058826], [70.26919945685202, 30.84319746241336], [70.26934436987732, 30.84303737639663], [70.26950456884283, 30.84289258824416], [70.2696784469096, 30.84276455022031], [70.26986426003351, 30.84265454658113], [70.27006014445864, 30.842563680692905], [70.27026413541117, 30.84249286396509], [70.27047418680661, 30.84244280670864], [70.2706881917726, 30.84241401101139], [70.27090400378141, 30.842406765701973], [70.27111945818014, 30.84242114345281], [70.27133239390285, 30.842457000051166], [70.2715406751466, 30.842513975845655], [70.2717422127941, 30.842591499353627], [70.2719349853682, 30.842688792993314], [70.27549483245406, 30.84471523738677], [70.27802580970902, 30.84039295790854], [70.27813709245757, 30.840222009612972], [70.27826403188276, 30.840062342608825], [70.27840549183131, 30.83991538597292], [70.27856020618607, 30.839782455019726], [70.27872679019818, 30.839664739528857], [70.27890375288113, 30.839563293096074], [70.27908951035558, 30.83947902370325], [70.27928240002566, 30.83941268559161], [70.27948069545981, 30.839364872510995], [70.27968262184292, 30.839336012405578], [70.27988637186162, 30.839326363583638], [70.28450191169651, 30.839326363583638], [70.29083487148422, 30.83391880370273], [70.29425824780209, 30.82807252864199], [70.29438231086363, 30.82788403023824], [70.29452539623495, 30.827709531332907], [70.29468593650134, 30.827550943457204], [70.2948621730401, 30.82741000384654], [70.29505217528529, 30.827288256410124], [70.2999609607675, 30.824493928288945], [70.30507987319747, 30.815752099375437], [70.30519115594602, 30.81558115107987], [70.3053180953712, 30.81542148407572], [70.30545955531976, 30.815274527439815], [70.30561426967452, 30.815141596486622], [70.30578085368663, 30.815023880995753], [70.30595781636958, 30.81492243456297], [70.30614357384403, 30.814838165170148], [70.30633646351411, 30.814771827058507], [70.30653475894826, 30.81472401397789], [70.30673668533137, 30.814695153872474], [70.30694043535007, 30.814685505050534], [70.30766979581463, 30.814685505050534], [70.30667482929826, 30.81128719449928], [70.30662446535676, 30.811076416208085], [70.30659551483687, 30.810861646838667], [70.30658827021699, 30.81064505614144], [70.30660280468734, 30.81042883226715], [70.30663897141052, 30.810215159660633], [70.306696405005, 30.810006196992035], [70.30677452523643, 30.809804055348422], [70.3068725428796, 30.809610776906087], [70.30698946769168, 30.809428314299065], [70.30712411841644, 30.809258510892256], [70.31253493111413, 30.80309829625898], [70.31266829743988, 30.80295948044214], [70.31281351371449, 30.80283311335214], [70.31296942235845, 30.80272020231377], [70.31313478055893, 30.80262164738803], [70.31330827017668, 30.802538234197353], [70.31827223136078, 30.80041893151351], [70.31590149859285, 30.796370309752458], [70.3158020041995, 30.79617907071985], [70.31572210400596, 30.79597885218681], [70.31566259675466, 30.795771655688423], [70.31562407732487, 30.79555955251676], [70.31560693078578, 30.795344663014692], [70.31561132854709, 30.795129135379348], [70.31563722664548, 30.794915124187117], [70.31568436618407, 30.794704768854874], [70.31575227592056, 30.794500172252775], [70.31584027697816, 30.794303379682376], [70.31594748963207, 30.794116358430262], [70.31607284210395, 30.79394097810156], [70.31621508127618, 30.793778991929983], [70.31637278521902, 30.793632019251167], [70.31654437740517, 30.79350152931457], [70.31672814247007, 30.79338882659578], [70.31692224335987, 30.79329503775595], [70.31712473969607, 30.793221100378886], [70.31733360717294, 30.793167753598233], [70.31754675779406, 30.793135530708547], [70.31776206074545, 30.793124753834068], [70.32013326777651, 30.793124753834068], [70.322204021815, 30.7895884211122], [70.31996920487144, 30.787680165438665], [70.31981392636511, 30.787533680995413], [70.3196738943137, 30.787372559515727], [70.31955048139997, 30.787198380414324], [70.31944489739543, 30.787012851104983], [70.31935817730128, 30.786817790263413], [70.3192911712028, 30.78661510999943], [70.31924453593618, 30.786406797113255], [70.31921872864977, 30.786194893619633], [70.31921400232298, 30.785981476730715], [70.31923040328621, 30.78576863849391], [70.31926777076687, 30.785558465284318], [70.31932573846524, 30.78535301735275], [70.31940373814528, 30.785154308629853], [70.31950100520474, 30.784964286984287], [70.31961658617037, 30.784784815128482], [70.31974934804438, 30.784617652359152], [70.32437772131547, 30.779348245646], [70.32290726739133, 30.774325906699623], [70.32285883003422, 30.774125328768477], [70.32282978848869, 30.77392103909018], [70.32282040875008, 30.773714908780594], [70.32283077672862, 30.773508825814176], [70.32286079746264, 30.77330467773176], [70.32291019598831, 30.773104334352315], [70.3229785198581, 30.77290963064705], [70.32306514328474, 30.77272234993265], [70.32316927287292, 30.772544207537667], [70.32328995488615, 30.772376835091585], [70.3234260839821, 30.772221765580515], [70.32357641333657, 30.772080419306384], [70.32887057581758, 30.767559863105973], [70.3271836218017, 30.7661194142222], [70.32702758490576, 30.765972139411726], [70.32688695865055, 30.76581008497939], [70.32676313570941, 30.765634855809612], [70.3266573423463, 30.76544818726107], [70.32657062627165, 30.765251927980803], [70.32650384626653, 30.765048021596378], [70.3264576636778, 30.764838487467436], [70.32643253586856, 30.764625400687237], [70.3264287116887, 30.764410871532245], [70.3264462290105, 30.76419702456329], [70.32648491435349, 30.76398597758527], [70.32654438460253, 30.76377982067374], [70.32662405080197, 30.763580595476135], [70.32672312398823, 30.76339027499259], [70.33183842371687, 30.754654615674138], [70.33183842371687, 30.749079219206145], [70.33184835258224, 30.74887254028405], [70.3318780477322, 30.748667764901562], [70.33192723567059, 30.748466779066433], [70.33199546337015, 30.748271433884202], [70.3320821024449, 30.748083528509266], [70.33218635493779, 30.747904793574428], [70.33230726066986, 30.747736875251555], [70.33244370608371, 30.74758132009012], [70.33259443449938, 30.74743956077328], [70.33355779755755, 30.74661696855753], [70.32954070826975, 30.744901921281144], [70.32935115498974, 30.74480979366659], [70.32917150198281, 30.74469959956318], [70.32900346583337, 30.744572391875526], [70.3288486521267, 30.744429386073012], [70.32870854010771, 30.744271948576017], [70.32858446854668, 30.744101583699745], [70.32847762294732, 30.7439199192805], [70.32838902421925, 30.743728691121724], [70.32831951892331, 30.743529726408372], [70.32826977118253, 30.74332492624819], [70.32824025633657, 30.7431162475066], [70.32823125639977, 30.742905684108877], [70.32824285736652, 30.742695247988177], [70.32827494838958, 30.742486949861537], [70.32832722283925, 30.742282780017447], [70.32839918123318, 30.742084689298668], [70.32849013600895, 30.74189457046192], [70.32859921809374, 30.741714240092595], [70.32872538520827, 30.741545421247277], [70.32886743182584, 30.741389726989954], [70.32902400069106, 30.741248644979176], [70.32919359578852, 30.74112352325349], [70.32937459663717, 30.741015557350913], [70.32956527377394, 30.740925778885597], [70.32976380527892, 30.740855045690733], [70.32996829418366, 30.740804033621966], [70.33017678659678, 30.74077323009958], [70.3303872903734, 30.740762929451222], [70.33237917380076, 30.740762929451222], [70.33372889278671, 30.73615296097922], [70.33379692294145, 30.735956332452286], [70.33388358918685, 30.73576717685109], [70.33398808443917, 30.735587255696686], [70.33410943558108, 30.73541824451388], [70.33424651252399, 30.735261717227818], [70.33439803873195, 30.73511913150673], [70.3369439785632, 30.732945215588703], [70.33553249701927, 30.728124296950053], [70.3354841952187, 30.727924426731743], [70.3354551529221, 30.72772086417842], [70.3354456342792, 30.727515460761836], [70.33545572586534, 30.727310084697027], [70.33548533589409, 30.72710660395026], [70.33553419505196, 30.726906869249223], [70.33560185894807, 30.72671269725003], [70.33568771215589, 30.726525854014096], [70.33579097381083, 30.7263480389452], [70.33591070471246, 30.726180869332833], [70.33604581586688, 30.726025865642367], [70.33619507839147, 30.725884437685924], [70.33635713469197, 30.725757871799626], [70.33653051081035, 30.725647319143935], [70.33671362983092, 30.725553785233448], [70.33690482622293, 30.7254781207914], [70.34342584737514, 30.723250864434352], [70.34177651856727, 30.720434221161412], [70.33940531153621, 30.720434221161412], [70.33919085422119, 30.720423528986984], [70.33897852393318, 30.72039155851065], [70.33877042660296, 30.72033862682146], [70.33856862617807, 30.720265258905624], [70.33837512415215, 30.720172182439605], [70.33819183971383, 30.720060320572873], [70.33802059071179, 30.71993078277196], [70.3378630756251, 30.71978485381656], [70.33772085671728, 30.719623981056834], [70.33759534454158, 30.71944976005835], [70.3374877839508, 30.71926391877695], [70.33739924175062, 30.719068300420577], [70.33733059611883, 30.718864845168007], [70.33728252789543, 30.71865557092578], [70.33725551382985, 30.718442553314247], [70.33724982185258, 30.718227905081186], [70.33726550841767, 30.718013755147172], [70.33730241794292, 30.71780222749057], [70.33736018435286, 30.717595420081505], [70.33743823470964, 30.71739538407382], [70.33753579489547, 30.717204103461373], [70.33765189729056, 30.71702347540038], [70.33778539037002, 30.716855291393117], [70.34175331171676, 30.71233780973008], [70.33980885142964, 30.710677482522716], [70.3396351912786, 30.71051161212047], [70.33948105460574, 30.710327458042368], [70.33934835361617, 30.710127304886594], [70.33574114515105, 30.703967090253318], [70.3356414818919, 30.703775482646567], [70.3355614882035, 30.703574865473804], [70.33550196676981, 30.703367251796216], [70.33546351484924, 30.70315472488029], [70.33544651828143, 30.702939417293628], [70.33545114761579, 30.702723489506038], [70.33547735639998, 30.702509108210627], [70.33552488164611, 30.70229842458248], [70.33559324646966, 30.702093552693018], [70.3391661851983, 30.69294101701919], [70.34079582767713, 30.687374969177966], [70.33916303367585, 30.67900975136726], [70.33574114515105, 30.67316601708694], [70.33563075180125, 30.672950603986493], [70.33554519943578, 30.672724174553135], [70.33548556631595, 30.672489582595592], [70.33387152603018, 30.664220444826093], [70.329320655704, 30.66162986005225], [70.32914622614348, 30.661519178067987], [70.3289831899464, 30.6613923105321], [70.32883304383677, 30.66125042212882], [70.32869716620353, 30.661094815438716], [70.32857680444644, 30.660926918980575], [70.32847306352467, 30.660748274097163], [70.32838689581276, 30.66056052080519], [70.32831909235766, 30.660365382739457], [70.3282702756166, 30.66016465132932], [70.32824089374276, 30.659960169352825], [70.32823121647107, 30.659753814019396], [70.32824133264194, 30.659547479736474], [70.3282711493857, 30.659343060718246], [70.33154432606987, 30.642573746356106], [70.32593349980462, 30.640178272515453], [70.32574824154521, 30.640088492198288], [70.325572390418, 30.63998145244357], [70.32540754963108, 30.639858129116522], [70.32525522201291, 30.639719646537223], [70.32511679631129, 30.639567267230362], [70.32499353453237, 30.63940238041498], [70.3248865604351, 30.63922648933919], [70.32479684928613, 30.639041197575267], [70.32472521896838, 30.638848194400143], [70.32467232252462, 30.63864923939451], [70.32463864220371, 30.638446146401], [70.32298041874971, 30.624286980822728], [70.3169154786418, 30.621697628615625], [70.31672689896347, 30.621606034200166], [70.31654810646197, 30.621496557840025], [70.31638079157241, 30.621370234604807], [70.31622653621218, 30.621228258846795], [70.3160867988243, 30.621071972908684], [70.31596290058827, 30.620902854432064], [70.31585601292868, 30.62072250238675], [70.31576714643964, 30.62053262195293], [70.31569714132996, 30.620335008399138], [70.31564665947917, 30.620131530108495], [70.31561617817961, 30.619924110913626], [70.3156059856238, 30.61971471190735], [70.3156059856238, 30.60797910080608], [70.31291885084626, 30.603390143129168], [70.3105476438152, 30.603390143129168], [70.31033033002342, 30.603379163493994], [70.31011522953686, 30.60334633641425], [70.30990453311857, 30.603291996228347], [70.30970038667691, 30.60321669638213], [70.30950486940979, 30.603121203792146], [70.30931997262842, 30.603006491034712], [70.30914757947606, 30.602873726440386], [70.30554037101093, 30.599793619123748], [70.30538964259526, 30.599651859806908], [70.30525319718141, 30.599496304645474], [70.30513229144934, 30.5993283863226], [70.30502803895645, 30.599149651387762], [70.3049413998817, 30.598961746012826], [70.30487317218214, 30.598766400830595], [70.30482398424375, 30.598565414995466], [70.30479428909379, 30.598360639612977], [70.30478436022842, 30.598153960690883], [70.30478436022842, 30.59257856422289], [70.30176456500007, 30.58742150525748], [70.29685577951786, 30.5846271771363], [70.29668152042144, 30.58451661513313], [70.29651863017136, 30.584389899089746], [70.29636860113885, 30.584248189955844], [70.29623280786305, 30.584092786045108], [70.2961124944576, 30.583925111140317], [70.29600876321238, 30.583746701448906], [70.29592256449446, 30.58355919152849], [70.29585468804105, 30.583364299311363], [70.29580575572403, 30.58316381036509], [70.29577621585256, 30.582959561533468], [70.29576633906561, 30.582753424107693], [70.29576633906561, 30.57142711410842], [70.29351993285933, 30.56950896264615], [70.290707997257, 30.56950896264615], [70.29049068346522, 30.569497983010976], [70.29027558297867, 30.569465155931233], [70.29006488656037, 30.56941081574533], [70.28986074011871, 30.569335515899112], [70.2896652228516, 30.569240023309128], [70.28948032607022, 30.569125310551694], [70.28930793291786, 30.568992545957368], [70.28570072445274, 30.56591243864073], [70.28554004732926, 30.565760310381364], [70.28539580808895, 30.565592515307358], [70.28526952587372, 30.565410820653], [70.28516253070032, 30.56521714004432], [70.28507594945249, 30.56501351334462], [70.28501069401248, 30.564802085170395], [70.28496745165704, 30.564585082304053], [70.283316237642, 30.553305631352988], [70.27881973719222, 30.550745996653283], [70.27864748079715, 30.55063684240643], [70.27848630752248, 30.55051190205754], [70.27487909905736, 30.547431794740902], [70.27472837064168, 30.547290035424062], [70.27459192522784, 30.547134480262628], [70.27447101949576, 30.546966561939755], [70.27436676700287, 30.546787827004916], [70.27428012792812, 30.54659992162998], [70.27421190022856, 30.54640457644775], [70.27416271229018, 30.54620359061262], [70.27413301714022, 30.54599881523013], [70.27412308827485, 30.545792136308037], [70.27412308827485, 30.537136632523406], [70.2711032930465, 30.531979573557997], [70.26619450756428, 30.529185245436818], [70.26602007800376, 30.529074563452554], [70.26585704180668, 30.528947695916667], [70.26570689569705, 30.528805807513386], [70.26557101806381, 30.528650200823282], [70.26545065630673, 30.52848230436514], [70.26534691538495, 30.52830365948173], [70.26526074767304, 30.528115906189758], [70.26519294421794, 30.527920768124023], [70.26514412747689, 30.527720036713887], [70.26511474560304, 30.52751555473739], [70.26510506833135, 30.527309199403962], [70.26511518450222, 30.52710286512104], [70.26514500124598, 30.526898446102813], [70.26686798360534, 30.518071170458295], [70.26514500124598, 30.50924389481378], [70.26511525414189, 30.50904019087797], [70.26510507033836, 30.50883457844203], [70.26511454267752, 30.508628932001614], [70.26514358480343, 30.508425126362365], [70.2651919319493, 30.508225019548007], [70.2666848491258, 30.50312595730871], [70.26015088080538, 30.494757163063127], [70.25998976738339, 30.494519792721935], [70.2545789546857, 30.48527947077202], [70.25445980533752, 30.48504404050298], [70.25437030655392, 30.484795818935652], [70.25256670232136, 30.478635604302376], [70.25251858948931, 30.478436718520904], [70.25248954734954, 30.47823416740934], [70.25247983748409, 30.478029775342], [70.25247983748409, 30.46894643219001], [70.25069897123834, 30.456781326221723], [70.25067623325153, 30.456469024125536], [70.25067623325153, 30.444733413024267], [70.24736453775544, 30.43907786102245], [70.24726104016483, 30.438877834696296], [70.2471789727486, 30.43866810338816], [70.24711923095765, 30.438450955510362], [70.24708246664436, 30.438228760398612], [70.2470690809501, 30.438003942459808], [70.24707921992834, 30.437778954718947], [70.24881492748304, 30.41999401462317], [70.24375732929032, 30.41135689517271], [70.24366118032817, 30.411172920612064], [70.24358316931382, 30.410980552362282], [70.24352401937888, 30.410781573601902], [70.24348427882015, 30.410577828786316], [70.2434643160171, 30.410371206550387], [70.2434643160171, 30.410163622201544], [70.24348427882015, 30.409956999965615], [70.24352401937888, 30.40975325515003], [70.24358316931382, 30.40955427638965], [70.24366118032817, 30.409361908139868], [70.24375732929032, 30.409177933579222], [70.24672657551118, 30.40410719974269], [70.24394116143758, 30.399350405478692], [70.24061061863866, 30.39650653622564], [70.2404578128875, 30.39636262322996], [70.24031972542248, 30.396204533382353], [70.2401976650529, 30.396033765077064], [70.24009278868138, 30.395851936876266], [70.24000609033853, 30.39566077216912], [70.2399383917615, 30.3954620828373], [70.23989033460538, 30.395257752081765], [70.23986237436159, 30.39504971657355], [70.23985477604063, 30.394839948097772], [70.23986761166026, 30.394630434864823], [70.23990075956299, 30.394423162665877], [70.23995390556905, 30.39422009605131], [70.24002654595435, 30.39402315971049], [70.24011799222471, 30.393834220229312], [70.24022737764159, 30.393655068398495], [70.2403536654371, 30.393487402240254], [70.24049565864057, 30.393332810914245], [70.24065201142366, 30.39319275965531], [70.24082124185624, 30.393068575885824], [70.24100174595226, 30.392961436634227], [70.24119181287257, 30.392872357379], [70.24138964114047, 30.392802182423846], [70.24159335571626, 30.392751576895275], [70.24180102576913, 30.39272102043847], [70.24201068297779, 30.39271080267113], [70.24526542055384, 30.39271080267113], [70.24526542055384, 30.38380003713675], [70.24094404830839, 30.381340094238194], [70.24076417883855, 30.38122557040472], [70.24059650147711, 30.38109383947789], [70.2404426562833, 30.380946189923332], [70.24030414802331, 30.380784065907438], [70.24018233145213, 30.38060905317189], [70.24007839806268, 30.380422863523485], [70.23999336443171, 30.380227318090853], [70.2399280622767, 30.38002432951194], [70.2398831303207, 30.379815883226417], [70.23985900804506, 30.379604018056], [70.23985593139072, 30.379390806262666], [70.23987393045059, 30.379178333279768], [70.23991282917508, 30.378968677314315], [70.23997224709422, 30.37876388901996], [70.24005160303884, 30.37856597143946], [70.24015012082519, 30.378376860412843], [70.24367132473047, 30.372363520171007], [70.2471461126883, 30.363462410144116], [70.24875650089571, 30.35521198289838], [70.24556093352288, 30.34975474883995], [70.24545054017308, 30.349539335739504], [70.24536498780762, 30.349312906306146], [70.24530535468779, 30.349078314348603], [70.24350175045522, 30.33983799239869], [70.24347078961864, 30.339621449748076], [70.24346192919499, 30.339402884458448], [70.24347526038588, 30.33918454625225], [70.24351064597148, 30.33896868251452], [70.24356772172317, 30.338757515160253], [70.24364590015237, 30.338553217763934], [70.24374437655786, 30.338357893186625], [70.24386213730848, 30.338173551930936], [70.24399797027672, 30.338002091446644], [70.24909366576871, 30.332200638006967], [70.25036596470994, 30.327855097885575], [70.25305502786823, 30.318670596142706], [70.25591255525913, 30.308910704404475], [70.25277535045313, 30.30355313909038], [70.25267931623813, 30.303369412445967], [70.25260137125711, 30.303177311872698], [70.25254223613135, 30.302978613389516], [70.25250245758022, 30.302775154014732], [70.2524824033666, 30.302568814782315], [70.25248225889682, 30.30236150335126], [70.25250202550654, 30.302155136368782], [70.25254152044843, 30.301951621750426], [70.2526003785816, 30.30175284104091], [70.25267805574758, 30.301560632018738], [70.25277383380109, 30.3013767717055], [70.25288682724953, 30.301202959936827], [70.25301599143954, 30.301040803646988], [70.25811168693153, 30.29523935020731], [70.26158472348418, 30.283377185433434], [70.26166288761515, 30.283155732612784], [70.26176467321005, 30.28294409453536], [70.26188887270031, 30.282744782042613], [70.26203401260236, 30.28256015974716], [70.26666238587345, 30.277290753034006], [70.2651919319493, 30.27226841408763], [70.2651434945922, 30.272067836156484], [70.26511445304666, 30.271863546478187], [70.26510507330805, 30.2716574161686], [70.2651154412866, 30.271451333202183], [70.26514546202061, 30.271247185119766], [70.26519486054629, 30.271046841740322], [70.26526318441607, 30.270852138035057], [70.26534980784271, 30.270664857320657], [70.26545393743089, 30.270486714925674], [70.26557461944412, 30.270319342479592], [70.26571074854007, 30.270164272968522], [70.26586107789454, 30.27002292669439], [70.26935057580918, 30.26704332954547], [70.2746592422303, 30.260999408530694], [70.27487909905736, 30.260782604744477], [70.28570072445274, 30.251542282794563], [70.28587311760509, 30.251409518200237], [70.28605801438647, 30.251294805442804], [70.28625353165359, 30.25119931285282], [70.28645767809525, 30.251124013006603], [70.28666837451354, 30.251069672820698], [70.2868834750001, 30.251036845740956], [70.28710078879188, 30.25102586610578], [70.28947199582294, 30.25102586610578], [70.29245464356953, 30.24593224579741], [70.2925873445591, 30.245732092641635], [70.29274148123196, 30.245547938563533], [70.29291514138299, 30.245382068161287], [70.29652234984812, 30.24230196084465], [70.29669494414877, 30.242169056941577], [70.29688006812545, 30.242054246866566], [70.2970758320836, 30.24195870256924], [70.30429024901386, 30.2388785952526], [70.30449424590788, 30.238803419596927], [70.30470477640617, 30.23874916997706], [70.30491969990088, 30.23871639798606], [70.30513683111751, 30.23870543683923], [70.30817335905016, 30.23870543683923], [70.31291039475688, 30.236008877347217], [70.31608533074011, 30.23329787695832], [70.31950870705798, 30.22745160189758], [70.31964140804754, 30.227251448741807], [70.3197955447204, 30.227067294663705], [70.31996920487144, 30.22690142426146], [70.32357641333657, 30.22382131694482], [70.32374880648892, 30.223688552350495], [70.3239337032703, 30.22357383959306], [70.32412922053742, 30.223478347003077], [70.32433336697908, 30.22340304715686], [70.32454406339737, 30.223348706970956], [70.32475916388393, 30.223315879891214], [70.3249764776757, 30.22330490025604], [70.33149981263854, 30.22330490025604], [70.33020994768864, 30.21449382652281], [70.3294558889944, 30.214064578306125], [70.32922509902208, 30.213933201021035], [70.32620940137579, 30.212216513916143], [70.32317287344314, 30.212216513916143], [70.32296263680932, 30.212206239458112], [70.32275440387883, 30.212175514006855], [70.32255015925836, 30.212124630397582], [70.3223518495431, 30.212054073586962], [70.32216136476447, 30.211964516031152], [70.32198052037673, 30.2118568112768], [70.32181103995437, 30.21173198582615], [70.32165453876533, 30.21159122935376], [70.32151250837627, 30.21143588336805], [70.32138630243696, 30.211267428425792], [70.32127712377896, 30.211087470021354], [70.32118601295187, 30.21089772328521], [70.3211138383061, 30.210699996637544], [70.32106128771692, 30.210496174552706], [70.32102886202848, 30.210288199598878], [70.32101687028049, 30.210078053923997], [70.32102542676272, 30.209867740364515], [70.32105444992588, 30.209659263356933], [70.32110366315877, 30.209454609834122], [70.32229685936855, 30.20537924528397], [70.31356462118967, 30.20289383022637], [70.31335880414639, 30.202823855175463], [70.31316107953771, 30.202733510600765], [70.31297345738462, 30.202623714923586], [70.31279784500899, 30.202495584300465], [70.31263602764415, 30.202350421276623], [70.31248965028665, 30.202189701544576], [70.31236020097366, 30.202015058942614], [70.31224899565585, 30.20182826884559], [70.31215716481985, 30.201631230116867], [70.31208564199595, 30.201425945804957], [70.31073592301, 30.196815977332953], [70.30694043535007, 30.196815977332953], [70.30672330362765, 30.196805016134924], [70.3065083796426, 30.196772243991376], [70.3062978486846, 30.196717994120707], [70.30609385137622, 30.19664281812112], [70.30589846190759, 30.1965474803621], [70.30571366694667, 30.196432950212518], [70.30554134543927, 30.196300392184355], [70.30538324950446, 30.19615115409224], [70.30524098661947, 30.195986753349242], [70.29802656968921, 30.186746431399328], [70.29786545626722, 30.186509061058135], [70.29488280852063, 30.181415440749763], [70.29251160148957, 30.181415440749763], [70.2922986678868, 30.181404900342585], [70.29208781622157, 30.181373382178858], [70.2918811080755, 30.181321194424356], [70.29168056451734, 30.181248847339763], [70.29148814634216, 30.18115704829164], [70.29130573489995, 30.18104669483624], [70.29113511370078, 30.180918865943717], [70.29097795097678, 30.180774811448604], [70.29083578337121, 30.18061593982969], [70.29071000091395, 30.18044380443874], [70.29060183343071, 30.180260088312767], [70.29051233851854, 30.180066587718283], [70.29044239120519, 30.17986519458849], [70.28888374331818, 30.1745416289479], [70.28472650402684, 30.17217511879985], [70.28168997609419, 30.17217511879985], [70.28146721941629, 30.172163580782716], [70.28124684685787, 30.17212909022037], [70.2810312170217, 30.172072016258298], [70.28082263775015, 30.171992969747524], [70.28062334142479, 30.17189279670681], [70.2752125287271, 30.168812689390172], [70.2750225264819, 30.168690941953756], [70.27484628994314, 30.168550002343093], [70.27468574967675, 30.16839141446739], [70.27454266430543, 30.168216915562056], [70.2744186012439, 30.168028417158308], [70.2708840359355, 30.161992258964084], [70.26440550908764, 30.15369447490002], [70.26185032953599, 30.15369447490002], [70.26163739593322, 30.153683934492843], [70.26142654426799, 30.153652416329116], [70.26121983612192, 30.153600228574614], [70.26101929256376, 30.15352788149002], [70.26082687438858, 30.1534360824419], [70.26064446294637, 30.1533257289865], [70.2604738417472, 30.153197900093975], [70.2603166790232, 30.153053845598862], [70.26017451141763, 30.152894973979947], [70.26004872896037, 30.152722838589], [70.25994056147714, 30.152539122463025], [70.25985106656496, 30.15234562186854], [70.25978111925161, 30.15214422873875], [70.25874368677569, 30.14860087559962], [70.25570254727513, 30.150332045490345], [70.25550828662757, 30.1504299981944], [70.25530514360358, 30.15050787529776], [70.25509518657378, 30.150564883867883], [70.25488055328799, 30.150600443452394], [70.25466342910886, 30.150614191989135], [70.25444602476098, 30.15060598949265], [70.25423055382156, 30.15057591947948], [70.25401921018215, 30.150524288117815], [70.25381414571078, 30.150451621110136], [70.25361744834194, 30.150358658340604], [70.25343112081764, 30.150246346341657], [70.25325706029567, 30.150115828656578], [70.25309703903318, 30.149968434196104], [70.25295268634174, 30.149805663707685], [70.252825471998, 30.14962917449508], [70.25271669127854, 30.14944076354396], [70.25262745177174, 30.149242349225293], [70.24961688043713, 30.141530388950738], [70.24947955658453, 30.14137404563347], [70.24772235766173, 30.14137404563347], [70.23719010137076, 30.144371791210247], [70.23697785574971, 30.14442076172272], [70.2367617522389, 30.14444806716834], [70.23654399648798, 30.14445342885545], [70.23632681101013, 30.14443679206025], [70.23611241249804, 30.144398326585367], [70.23590298919939, 30.14433842502674], [70.22693786055095, 30.14127638316122], [70.21616999263125, 30.13821157657697], [70.21595118085371, 30.13813639004454], [70.21574168560326, 30.138038189491127], [70.2155439193209, 30.13791810574447], [70.21536015938277, 30.13777752162805], [70.21175295091764, 30.13469741431141], [70.21157929076661, 30.134531543909166], [70.21142515409375, 30.134347389831063], [70.21129245310418, 30.13414723667529], [70.20830980535759, 30.129053616366917], [70.20593859832653, 30.129053616366917], [70.20573484830783, 30.129043967544977], [70.20553292192471, 30.12901510743956], [70.20533462649057, 30.128967294358944], [70.20514173682048, 30.128900956247303], [70.20495597934604, 30.12881668685448], [70.20477901666308, 30.1287152404217], [70.20461243265098, 30.12859752493083], [70.20445771829621, 30.128464593977636], [70.20431625834766, 30.12831763734173], [70.20418931892247, 30.128157970337583], [70.20407803617393, 30.127987022042014], [70.20109538842733, 30.12289340173364], [70.19872418139627, 30.12289340173364], [70.19852043137757, 30.1228837529117], [70.19831850499446, 30.122854892806284], [70.19812020956032, 30.122807079725668], [70.19792731989023, 30.122740741614027], [70.19774156241579, 30.122656472221205], [70.19756459973283, 30.122555025788422], [70.19739801572072, 30.122437310297553], [70.19724330136596, 30.12230437934436], [70.1971018414174, 30.122157422708455], [70.19697490199222, 30.121997755704307], [70.19686361924367, 30.121826807408738], [70.1934402429258, 30.115980532347997], [70.19010970012688, 30.113136663094945], [70.1899589717112, 30.112994903778105], [70.18982252629736, 30.11283934861667], [70.18970162056529, 30.112671430293798], [70.1895973680724, 30.11249269535896], [70.18951072899765, 30.112304789984023], [70.18944250129809, 30.112109444801792], [70.1893933133597, 30.111908458966663], [70.18936361820974, 30.111703683584174], [70.18935368934437, 30.11149700466208], [70.18935368934437, 30.106590378639332], [70.18503231709893, 30.104130435740775], [70.18486582771709, 30.10402531636684], [70.18470962231747, 30.103905446978874], [70.18456500361862, 30.1037718272611], [70.1844331777085, 30.10362557157244], [70.18431524398612, 30.103467899653044], [70.18421218599266, 30.103300126451888], [70.18412486320904, 30.103123651160416], [70.17900110408371, 30.091456843342534], [70.17421069170355, 30.088729899157585], [70.17403643260714, 30.088619337154412], [70.17387354235706, 30.08849262111103], [70.17372351332455, 30.088350911977127], [70.17358772004874, 30.08819550806639], [70.1734674066433, 30.0880278331616], [70.17336367539808, 30.08784942347019], [70.17327747668016, 30.087661913549773], [70.17320960022674, 30.087467021332646], [70.17316066790973, 30.087266532386373], [70.17313112803825, 30.08706228355475], [70.1731212512513, 30.086856146128977], [70.1731212512513, 30.0806959314957], [70.17313144380711, 30.080486532489424], [70.17316192510667, 30.080279113294555], [70.17321240695746, 30.08007563500391], [70.17328241206714, 30.07987802145012], [70.17337127855617, 30.079688141016298], [70.17347816621577, 30.079507788970986], [70.1736020644518, 30.079338670494366], [70.17374180183968, 30.079182384556255], [70.17389605719991, 30.079040408798242], [70.17406337208946, 30.078914085563024], [70.17424216459096, 30.078804609202884], [70.1744307442693, 30.078713014787425], [70.18081251543303, 30.07598839542531], [70.18382324297077, 30.068276035016652], [70.18222613725139, 30.062821116556247], [70.18217769989428, 30.0626205386251], [70.18214865834875, 30.062416248946803], [70.18213927861014, 30.062210118637218], [70.18214964658868, 30.0620040356708], [70.1821796673227, 30.061799887588382], [70.18222906584838, 30.06159954420894], [70.18229738971816, 30.061404840503673], [70.1823840131448, 30.061217559789274], [70.18248814273298, 30.06103941739429], [70.18260882474621, 30.06087204494821], [70.18274495384216, 30.06071697543714], [70.18289528319663, 30.060575629163008], [70.18983303446068, 30.054651652593318], [70.19325641077855, 30.048805377532577], [70.1933676935271, 30.04863442923701], [70.19349463295228, 30.04847476223286], [70.19363609290083, 30.048327805596955], [70.1937908072556, 30.048194874643762], [70.1939573912677, 30.048077159152893], [70.19413435395066, 30.04797571272011], [70.1943201114251, 30.047891443327288], [70.19451300109519, 30.047825105215647], [70.19471129652933, 30.04777729213503], [70.19491322291245, 30.047748432029614], [70.19511697293115, 30.047738783207674], [70.2005554679881, 30.047738783207674], [70.20201885310627, 30.04024149007401], [70.20206968695005, 30.040035532072878], [70.20214051463294, 30.03983556653274], [70.20223065048583, 30.03964352928133], [70.20233922192097, 30.03946127939415], [70.20246517787926, 30.039290581197108], [70.20260729900546, 30.039133087186446], [70.20276420945241, 30.038990322031232], [70.20293439020041, 30.038863667813324], [70.20311619376255, 30.038754350647718], [70.20330786013372, 30.038663428812754], [70.2035075338288, 30.038591782505133], [70.20371328184538, 30.038540105318912], [70.20392311237671, 30.038508897530935], [70.20413499409396, 30.03849846125776], [70.20830980535759, 30.03849846125776], [70.21476557508045, 30.02747361268016], [70.21829822190266, 30.01540784888593], [70.218368169216, 30.015206455756136], [70.21845766412818, 30.01501295516165], [70.21856583161141, 30.014829239035677], [70.21869161406867, 30.01465710364473], [70.21883378167425, 30.014498232025815], [70.21899094439824, 30.014354177530702], [70.21916156559742, 30.01422634863818], [70.21934397703963, 30.014115995182777], [70.2195363952148, 30.014024196134656], [70.21973693877297, 30.013951849050063], [70.21994364691903, 30.01389966129556], [70.22015449858426, 30.013868143131834], [70.22036743218703, 30.013857602724656], [70.24651300442048, 30.013857602724656], [70.25028151691997, 30.009996193648444], [70.25132261570731, 30.008929431018036], [70.25489649370141, 30.005267454329477], [70.25504414102693, 30.005129705606567], [70.25520402750801, 30.005006373710593], [70.25537475074431, 30.004898540413397], [70.25555481328387, 30.00480715154512], [70.25574263575758, 30.00473300869811], [70.26358033954754, 30.00205603906661], [70.26512926011809, 29.99412052611524], [70.26683931693111, 29.979518768128152], [70.26359697584851, 29.973981656210114], [70.26349790266225, 29.97379133572657], [70.26341823646281, 29.973592110528966], [70.26335876621377, 29.973385953617434], [70.26332008087078, 29.973174906639414], [70.26330256354899, 29.97296105967046], [70.26330638772885, 29.97274653051547], [70.26333151553808, 29.97253344373527], [70.26337769812682, 29.972323909606327], [70.26344447813193, 29.972120003221903], [70.26353119420658, 29.971923743941634], [70.2636369875697, 29.971737075393094], [70.26376081051083, 29.971561846223317], [70.26390143676605, 29.97139979179098], [70.26405747366198, 29.971252516980506], [70.27021062195836, 29.965998493745843], [70.26879914041443, 29.961177575107193], [70.26874992718155, 29.960972921584382], [70.26872090401838, 29.9607644445768], [70.26871234753615, 29.960554131017318], [70.26872433928415, 29.960343985342437], [70.26875676497258, 29.96013601038861], [70.26880931556177, 29.95993218830377], [70.26888149020753, 29.959734461656105], [70.26897260103462, 29.95954471491996], [70.26908177969263, 29.959364756515523], [70.26920798563194, 29.959196301573265], [70.269350016021, 29.959040955587554], [70.26950651721003, 29.958900199115163], [70.26967599763239, 29.958775373664515], [70.26985684202013, 29.958667668910163], [70.27004732679876, 29.958578111354353], [70.27024563651402, 29.958507554543733], [70.2704498811345, 29.95845667093446], [70.27065811406499, 29.958425945483203], [70.2708683506988, 29.958415671025172], [70.27286023412617, 29.958415671025172], [70.27420995311212, 29.95380570255317], [70.27427990042547, 29.953604309423376], [70.27436939533764, 29.95341080882889], [70.27447756282088, 29.953227092702917], [70.27460334527814, 29.95305495731197], [70.27474551288371, 29.952896085693055], [70.2749026756077, 29.952752031197942], [70.27507329680688, 29.95262420230542], [70.27525570824909, 29.952513848850018], [70.27544812642427, 29.952422049801896], [70.27564866998243, 29.952349702717303], [70.2758553781285, 29.9522975149628], [70.27606622979373, 29.952265996799074], [70.2762791633965, 29.952255456391896], [70.28007465105642, 29.952255456391896], [70.28142437004237, 29.947645487919893], [70.28149468919992, 29.9474431744465], [70.28158473451126, 29.94724883616582], [70.28169361735988, 29.947064390914566], [70.28182026323012, 29.946891658899634], [70.28196342231108, 29.946732344735267], [70.28212168183046, 29.946588020621004], [70.28229347999654, 29.946460110826347], [70.28247712141078, 29.946349877635296], [70.282670793799, 29.94625840888943], [70.28287258589589, 29.946186607252493], [70.28308050630636, 29.946135181302413], [70.28329250315778, 29.946104638538664], [70.28350648434899, 29.946095280373992], [70.28372033819622, 29.946107199159893], [70.28393195427245, 29.94614027727526], [70.28413924423417, 29.946194188287098], [70.2843401624304, 29.94626840017199], [70.29836341399762, 29.952255456391896], [70.30117157290277, 29.952255456391896], [70.30946088887693, 29.949424238509287], [70.31275478794119, 29.946611658447402], [70.31292718109354, 29.946478893853076], [70.31311207787492, 29.946364181095642], [70.31330759514204, 29.946268688505658], [70.3135117415837, 29.94619338865944], [70.31372243800199, 29.946139048473537], [70.31393753848855, 29.946106221393794], [70.31415485228032, 29.94609524175862], [70.31956566497801, 29.94609524175862], [70.31978842165591, 29.946106779775754], [70.32000879421433, 29.9461412703381], [70.3202244240505, 29.94619834430017], [70.32043300332205, 29.946277390810945], [70.32063229964741, 29.94637756385166], [70.32593620037451, 29.949396811485798], [70.3330374767096, 29.952428614805267], [70.33322722438231, 29.95252084895827], [70.33340704910837, 29.952631186559202], [70.34084460980358, 29.957711787879965], [70.34208111862235, 29.958415671025172], [70.3448161242339, 29.958415671025172], [70.34503325545053, 29.958426632172003], [70.34524817894524, 29.958459404163], [70.34545870944353, 29.95851365378287], [70.34566270633755, 29.958588829438543], [70.3528771232678, 29.96166893675518], [70.35306717345996, 29.961761336758038], [70.35324726535893, 29.96187189779996], [70.35341566893187, 29.96199955778856], [70.35357076642852, 29.962143090372315], [70.35371106792198, 29.962301116721378], [70.35383522562152, 29.962472118773153], [70.35394204681997, 29.962654453815393], [70.35403050535133, 29.96284637026674], [70.35409975144853, 29.963046024503083], [70.35544947043448, 29.967655992975086], [70.35744135386184, 29.967655992975086], [70.35766411053974, 29.96766753099222], [70.35788448309816, 29.967702021554565], [70.35810011293432, 29.967759095516637], [70.35830869220588, 29.96783814202741], [70.35850798853124, 29.967938315068125], [70.36391880122893, 29.971018422384763], [70.36409359795334, 29.971129362880898], [70.3642569484015, 29.971256556904475], [70.3644073464456, 29.97139883169803], [70.36454340538188, 29.97155487545601], [70.36466387071641, 29.97172324941993], [70.36476763173174, 29.971902401144025], [70.364853731728, 29.972090678809167], [70.36492137684391, 29.972286346452996], [70.36831200180926, 29.983867034250455], [70.37614351423792, 29.989216744191552], [70.38088820888517, 29.989216744191552], [70.38109954120293, 29.98922712628258], [70.38130883827495, 29.989258172570445], [70.38151408445599, 29.989309584062426], [70.38171330311316, 29.989380865637752], [70.38190457566186, 29.989471330815885], [70.38208606004291, 29.989580108367708], [70.38225600846249, 29.98970615070593], [70.38241278422443, 29.989848243973935], [70.38255487749244, 29.990005019735875], [70.38268091983066, 29.990174968155458], [70.38278969738248, 29.990356452536503], [70.38288016256061, 29.99054772508521], [70.38295144413594, 29.990746943742376], [70.38300285562792, 29.990952189923426], [70.3830339019158, 29.991161486995438], [70.38304428400681, 29.9913728193132], [70.38304428400681, 30.00677335589639], [70.38303219445554, 30.007001359852946], [70.38299606137888, 30.00722680688049], [70.3829362899878, 30.00744716872443], [70.382853550583, 30.007659974157512], [70.38274877103777, 30.007862836693132], [70.37617231635178, 30.01909378516294], [70.3785170018541, 30.02309792467457], [70.38088820888517, 30.02309792467457], [70.38110552267695, 30.023108904309744], [70.3813206231635, 30.023141731389487], [70.3815313195818, 30.02319607157539], [70.38173546602346, 30.023271371421608], [70.38193098329057, 30.023366864011592], [70.38211588007195, 30.023481576769026], [70.3822882732243, 30.023614341363352], [70.38589548168943, 30.02669444867999], [70.3860458110439, 30.02683579495412], [70.38618194013985, 30.02699086446519], [70.38630262215308, 30.027158236911273], [70.38640675174126, 30.027336379306256], [70.3864933751679, 30.027523660020655], [70.38656169903769, 30.02771836372592], [70.38661109756336, 30.027918707105364], [70.38664111829738, 30.02812285518778], [70.38665148627592, 30.0283289381542], [70.38664210653731, 30.028535068463786], [70.38661306499178, 30.028739358142083], [70.38656462763467, 30.02893993607323], [70.38528378391614, 30.03331466090222], [70.3855696611183, 30.032338246624484], [70.38993391240724, 30.032338246624484], [70.39139729752542, 30.02484095349082], [70.39144623714192, 30.024641351103142], [70.39151395867198, 30.024447315040526], [70.39159984681997, 30.02426060825098], [70.39170312123439, 30.024082927091154], [70.39182284359777, 30.02391588591378], [70.39195792615196, 30.023761002400203], [70.39210714158123, 30.023619683771216], [70.39226913416312, 30.023493214001533], [70.39244243208616, 30.023382742153988], [70.39262546082227, 30.023289271939554], [70.3928165574324, 30.02321365259794], [70.40183457859521, 30.0201335452813], [70.40202952138696, 30.020077057272832], [70.4022289120495, 30.020039150138235], [70.40243098370443, 30.020020159787403], [70.40263394571612, 30.02002025450124], [70.40283599955906, 30.02003943344044], [70.40303535475543, 30.020077526652955], [70.40323024474114, 30.02013419657998], [70.40341894252006, 30.020208941047215], [70.40359977596768, 30.020301097714807], [70.40377114264832, 30.020409849946606], [70.40393152401506, 30.020534234046714], [70.40613866814105, 30.02241886057636], [70.40822810171656, 30.02063474421443], [70.41353676813767, 30.014590823199654], [70.41367013446343, 30.014452007382815], [70.41381535073803, 30.014325640292814], [70.413971259382, 30.014212729254442], [70.41413661758247, 30.014114174328704], [70.41431010720022, 30.014030761138027], [70.42152452413048, 30.01095065382139], [70.42172852102449, 30.010875478165715], [70.42193905152278, 30.010821228545847], [70.4221539750175, 30.01078845655485], [70.42237110623412, 30.010777495408018], [70.42698664606901, 30.010777495408018], [70.4299890630578, 30.008213804780162], [70.43016145621016, 30.008081040185836], [70.43034635299153, 30.007966327428402], [70.43054187025865, 30.007870834838418], [70.43074601670031, 30.0077955349922], [70.4309567131186, 30.007741194806297], [70.43117181360516, 30.007708367726554], [70.43138912739694, 30.00769738809138], [70.44043483091902, 30.00769738809138], [70.44189821603719, 30.000200094957716], [70.4419471556537, 30.000000492570038], [70.44201487718375, 29.99980645650742], [70.44210076533174, 29.999619749717876], [70.44220403974616, 29.99944206855805], [70.44232376210954, 29.999275027380676], [70.44245884466373, 29.9991201438671], [70.44260806009301, 29.99897882523811], [70.44277005267489, 29.99885235546843], [70.44294335059793, 29.998741883620884], [70.44312637933405, 29.99864841340645], [70.44331747594417, 29.998572794064835], [70.4521427514809, 29.995558519063557], [70.45737655621599, 29.99257917360123], [70.45757585254135, 29.992479000560515], [70.45778443181291, 29.99239995404974], [70.45800006164907, 29.99234288008767], [70.45822043420749, 29.992308389525324], [70.45844319088539, 29.99229685150819], [70.46565760781564, 29.99229685150819], [70.46588036449354, 29.992308389525324], [70.46610073705196, 29.99234288008767], [70.46631636688812, 29.99239995404974], [70.46652494615968, 29.992479000560515], [70.46672424248504, 29.99257917360123], [70.47213505518273, 29.995659280917867], [70.47232505742792, 29.995781028354283], [70.47250129396669, 29.995921967964946], [70.47266183423308, 29.99608055584065], [70.4728049196044, 29.996255054745983], [70.47292898266593, 29.99644355314973], [70.47617663095377, 30.00198972845395], [70.48150686393697, 30.00426540641513], [70.4840971900347, 30.002053590146886], [70.48426838652426, 30.001921655020706], [70.48445193210033, 30.00180752291713], [70.48464598228449, 30.00171234076764], [70.48484858703591, 30.001637065072643], [70.48505771034755, 30.00158245228945], [70.48527125070632, 30.00154905123052], [70.48548706221152, 30.00153719754835], [70.48570297613935, 30.001547010362454], [70.48591682273678, 30.001578391062328], [70.48612645302568, 30.001631024298373], [70.48632976039825, 30.001704381150912], [70.48652470178672, 30.001797724445385], [70.48670931819436, 30.00191011616033], [70.48688175438183, 30.002040426853707], [70.48704027751073, 30.00218734701284], [70.49542376679166, 30.010777495408018], [70.49869008680028, 30.010777495408018], [70.50167273454687, 30.005683875099646], [70.50178401729542, 30.005512926804077], [70.50191095672061, 30.00535325979993], [70.50205241666916, 30.005206303164023], [70.50220713102392, 30.00507337221083], [70.50237371503603, 30.00495565671996], [70.50255067771899, 30.004854210287178], [70.50273643519343, 30.004769940894356], [70.50292932486352, 30.004703602782715], [70.50312762029766, 30.0046557897021], [70.50332954668077, 30.004626929596682], [70.50353329669947, 30.00461728077474], [70.51518262795791, 30.00461728077474], [70.51994941785891, 29.999190286616464], [70.52009083093637, 29.999043850416353], [70.52024542440961, 29.998911403909386], [70.52041182013052, 29.99879412781103], [70.52058853473793, 29.99869306759775], [70.52077399288132, 29.9986091241869], [70.52096654126457, 29.998543045905386], [70.52116446338444, 29.998495421818575], [70.52136599483268, 29.998466676478962], [70.5215693390251, 29.998457066141466], [70.52302047236859, 29.998457066141466], [70.52302047236859, 29.992366938580478], [70.51656206622084, 29.986852263112787], [70.51640678771452, 29.986705778669535], [70.5162667556631, 29.98654465718985], [70.51614334274937, 29.986370478088446], [70.51603775874483, 29.986184948779105], [70.51595103865068, 29.985989887937535], [70.51588403255221, 29.985787207673553], [70.51583739728558, 29.985578894787377], [70.51581158999917, 29.985366991293755], [70.51580686367238, 29.985153574404837], [70.51582326463561, 29.98494073616803], [70.51586063211627, 29.98473056295844], [70.51591859981464, 29.984525115026873], [70.51599659949468, 29.984326406303975], [70.51609386655414, 29.98413638465841], [70.51620944751977, 29.983956912802604], [70.51634220939378, 29.983789750033274], [70.52121686813602, 29.97823994711199], [70.52121686813602, 29.970806187364012], [70.5183656704534, 29.96837161921296], [70.51821039194708, 29.968225134769707], [70.51807035989566, 29.96806401329002], [70.51794694698194, 29.967889834188618], [70.51784136297739, 29.967704304879277], [70.51775464288325, 29.967509244037707], [70.51768763678477, 29.967306563773725], [70.51764100151814, 29.96709825088755], [70.51761519423174, 29.966886347393928], [70.51761046790494, 29.96667293050501], [70.51762686886818, 29.966460092268203], [70.51766423634884, 29.966249919058612], [70.5177222040472, 29.966044471127045], [70.51780020372725, 29.965845762404147], [70.5178974707867, 29.96565574075858], [70.51801305175233, 29.965476268902776], [70.51814581362635, 29.965309106133446], [70.52355662632404, 29.95914889150017], [70.5237764831511, 29.958932087713954], [70.52546343716698, 29.95749163883018], [70.5237764831511, 29.956051189946407], [70.52362495694314, 29.955908604225318], [70.52348788000023, 29.955752076939255], [70.52336652885832, 29.95558306575645], [70.523262033606, 29.955403144602045], [70.5231753673606, 29.95521398900085], [70.52310733720586, 29.955017360473917], [70.52148426749491, 29.94947376193735], [70.51686364954325, 29.945528328980576], [70.51348775836631, 29.944247177368638], [70.50353329669947, 29.944247177368638], [70.5033203630967, 29.94423663696146], [70.50310951143148, 29.944205118797733], [70.50290280328541, 29.94415293104323], [70.50270225972724, 29.944080583958637], [70.50250984155207, 29.943988784910516], [70.50232743010986, 29.943878431455115], [70.50215680891068, 29.94375060256259], [70.50199964618669, 29.94360654806748], [70.50185747858112, 29.943447676448564], [70.50173169612385, 29.943275541057616], [70.50162352864062, 29.943091824931642], [70.50153403372845, 29.942898324337158], [70.5014640864151, 29.942696931207365], [70.49966048218253, 29.93653671657409], [70.49961204482543, 29.936336138642943], [70.4995830032799, 29.936131848964646], [70.49957362354128, 29.93592571865506], [70.49958399151983, 29.935719635688642], [70.49961401225384, 29.935515487606224], [70.49966341077952, 29.93531514422678], [70.4997317346493, 29.935120440521516], [70.49981835807594, 29.934933159807116], [70.49992248766412, 29.934755017412133], [70.50004316967735, 29.93458764496605], [70.5001792987733, 29.93443257545498], [70.50032962812777, 29.93429122918085], [70.5039368365929, 29.931211121864212], [70.50409800986756, 29.931086181515322], [70.50427026626264, 29.93097702726847], [70.50778425797687, 29.928976686063866], [70.50347633877944, 29.921619831827268], [70.50337155923421, 29.92141696929165], [70.50328881982941, 29.921204163858565], [70.50322904843833, 29.920983802014625], [70.50319291536167, 29.920758354987083], [70.50318082581039, 29.920530351030525], [70.50318082581039, 29.91437013639725], [70.50319060831981, 29.914164982911075], [70.50321986707799, 29.91396169106311], [70.50326833658018, 29.913762105598366], [70.50333557699629, 29.913568037628778], [70.50342097816205, 29.913381248198494], [70.50352376511587, 29.913203432303522], [70.50364300513111, 29.913036203510714], [70.50377761618, 29.912881079315646], [70.50392637675237, 29.912739467372344], [70.50408793694007, 29.91261265271967], [70.5042608306865, 29.91250178612044], [70.5044434890902, 29.91240787361896], [70.50463425464164, 29.912331767411814], [70.50483139626401, 29.91227415811473], [70.5050331250217, 29.912235568495664], [70.52667637581246, 29.909155461179026], [70.5269801517228, 29.909133953958964], [70.54465814429882, 29.909133953958964], [70.55279352457606, 29.906355312850994], [70.55782510674274, 29.90062685248405], [70.5579665198202, 29.900480416283937], [70.55812111329344, 29.90034796977697], [70.55828750901435, 29.900230693678616], [70.55846422362175, 29.900129633465333], [70.55864968176515, 29.900045690054483], [70.5588422301484, 29.89997961177297], [70.55904015226827, 29.89993198768616], [70.55924168371651, 29.899903242346547], [70.55944502790894, 29.89989363200905], [70.57026665330432, 29.89989363200905], [70.57048940998222, 29.899905170026184], [70.57070978254063, 29.89993966058853], [70.5709254123768, 29.8999967345506], [70.57113399164835, 29.900075781061375], [70.57133328797372, 29.90017595410209], [70.5767441006714, 29.903256061418727], [70.57694484653834, 29.903385564893426], [70.57713003319562, 29.903536481940222], [70.5772973871682, 29.903706959800687], [70.58187415670923, 29.90891761562542], [70.59506699893383, 29.906101354085777], [70.59528827018366, 29.906066025521877], [70.59551201310572, 29.906053852672837], [70.59573581110577, 29.906064967014718], [70.59595724699471, 29.906099248504148], [70.596173929096, 29.906156326874886], [70.59638351707765, 29.90623558563699], [70.5965837472296, 29.906336168735365], [70.60199455992729, 29.909416276052003], [70.6021693566517, 29.90952721654814], [70.60233270709986, 29.909654410571715], [70.60248310514396, 29.90979668536527], [70.60261916408024, 29.90995272912325], [70.60273962941477, 29.91012110308717], [70.6028433904301, 29.910300254811265], [70.60292949042636, 29.910488532476407], [70.60299713554227, 29.910684200120237], [70.60455578342928, 29.916007765760828], [70.60871302272062, 29.918374275908878], [70.61690116159416, 29.918374275908878], [70.6270823213946, 29.9158904347656], [70.62428970875102, 29.90635225950442], [70.62117111170951, 29.90368936556356], [70.62101507481358, 29.90354209075309], [70.62087444855837, 29.90338003632075], [70.62075062561723, 29.903204807150974], [70.62064483225411, 29.903018138602434], [70.62055811617947, 29.902821879322165], [70.62049133617435, 29.90261797293774], [70.62044515358562, 29.9024084388088], [70.62042002577638, 29.9021953520286], [70.62041620159653, 29.901980822873607], [70.62043371891832, 29.901766975904653], [70.6204724042613, 29.901555928926633], [70.62053187451035, 29.901349772015102], [70.62061154070979, 29.901150546817497], [70.62071061389605, 29.900960226333954], [70.62431782236118, 29.894800011700678], [70.62443017812892, 29.894627575556367], [70.62455846334758, 29.894466637850773], [70.62996927604527, 29.888306423217497], [70.63011068912273, 29.888159987017385], [70.63026528259597, 29.888027540510418], [70.63043167831688, 29.887910264412064], [70.63060839292429, 29.88780920419878], [70.63079385106768, 29.88772526078793], [70.63098639945093, 29.887659182506418], [70.6311843215708, 29.887611558419607], [70.63138585301904, 29.887582813079995], [70.63158919721147, 29.887573202742498], [70.63880361414172, 29.887573202742498], [70.6390396810936, 29.887586165098934], [70.63927290956927, 29.88762489630847], [70.63950049522244, 29.887688930665867], [70.65675378979475, 29.893581797614043], [70.66245069185254, 29.891149574763602], [70.6693160295299, 29.876494213827538], [70.66941092718494, 29.8763142623286], [70.66952236315923, 29.87614405618729], [70.66964934531221, 29.875985110788704], [70.66979074309205, 29.87583884126091], [70.66994529760125, 29.875706549875737], [70.67011163280486, 29.875589414454335], [70.67028826778163, 29.875488477880765], [70.67047362990905, 29.875404638816956], [70.67066606886475, 29.875338643701703], [70.67086387131967, 29.87529108010496], [70.67106527619227, 29.875262371496557], [70.67126849032786, 29.875252773475946], [70.67588403016275, 29.875252773475946], [70.68143238698279, 29.870515166930065], [70.68009546708178, 29.865948913763734], [70.67662234510551, 29.86001768549451], [70.67651195175571, 29.859802272394063], [70.67642639939025, 29.859575842960705], [70.67636676627042, 29.859341251003162], [70.67463342093262, 29.85046088319164], [70.66959176032252, 29.841850981167216], [70.66657452692446, 29.839274639168917], [70.663696023648, 29.83829148567629], [70.65124103516553, 29.83403748133755], [70.6492671897875, 29.83336331396967], [70.62437478028122, 29.83336331396967], [70.62417103026252, 29.83335366514773]], [[70.32795792079415, 29.82212797380133], [70.324794162049, 29.821768325595578], [70.3237556181147, 29.819799470482835], [70.32795792079415, 29.82212797380133]], [[70.30606392384416, 30.232481774198707], [70.30468875542948, 30.232299688117582], [70.30409151484804, 30.231161485536866], [70.30606392384416, 30.232481774198707]], [[70.18456846502671, 30.489684720648945], [70.18457163301063, 30.489678683203437], [70.18630629997004, 30.488482684863538], [70.18582950520701, 30.48956600863137], [70.18456846502671, 30.489684720648945]], [[70.17120961579482, 30.515143601280602], [70.1713526523447, 30.514871006659163], [70.17128348293105, 30.515501681694925], [70.17120961579482, 30.515143601280602]]], [[[70.27013168996415, 30.855827302044514], [70.27013168996415, 30.855827302044503], [70.269714355, 30.852766037], [70.27013168996415, 30.855827302044514]]], [[[70.26004031090407, 30.886512514211947], [70.26016166204599, 30.886343503029142], [70.2602987389889, 30.88618697574308], [70.26045026519685, 30.88604439002199], [70.26574442767786, 30.88152383382158], [70.26045026519685, 30.877003277621167], [70.26029953678118, 30.876861518304327], [70.26016309136733, 30.876705963142893], [70.26004218563526, 30.87653804482002], [70.25993793314237, 30.87635930988518], [70.25985129406762, 30.876171404510245], [70.25978306636806, 30.875976059328014], [70.25973387842967, 30.875775073492886], [70.25970418327971, 30.875570298110397], [70.25969425441434, 30.875363619188303], [70.25970418327971, 30.87515694026621], [70.25973387842967, 30.87495216488372], [70.25978306636806, 30.87475117904859], [70.25985129406762, 30.87455583386636], [70.25993793314237, 30.874367928491424], [70.26004218563526, 30.874189193556585], [70.26016309136733, 30.874021275233712], [70.26029953678118, 30.873865720072278], [70.26045026519685, 30.873723960755438], [70.26378080799577, 30.870880091502386], [70.26527996806148, 30.868319899081104], [70.26053619400001, 30.870212555], [70.255584717, 30.87238121], [70.25344848600001, 30.877477646], [70.25255584700001, 30.882833481], [70.254165649, 30.890583038], [70.258300781, 30.9031353], [70.25705924705858, 30.899366603060052], [70.25791338816859, 30.893531960991943], [70.25797751501905, 30.893238434127756], [70.25978111925161, 30.88707821949448], [70.25984914940635, 30.886881590967548], [70.25993581565176, 30.886692435366353], [70.26004031090407, 30.886512514211947]]], [[[70.25893836712437, 30.905816006805715], [70.26248931900001, 30.92074585], [70.25893836712437, 30.90581600680571], [70.25893836712437, 30.905816006805715]]]]}}]}