{"type": "FeatureCollection", "features": [{"type": "Feature", "properties": {"na": "NA-187", "src": "tehsil-composition (final delim 2023): https://en.wikipedia.org/wiki/NA-187_Rajanpur-I", "approx": true, "tehsils": "Jampur; De-Excluded (Tribal) Area (part, Jampur-adjacent)"}, "geometry": {"type": "Polygon", "coordinates": [[[70.28449061661834, 29.308643444295964], [70.28431429334145, 29.308670808318247], [70.28414170186849, 29.30871609486318], [70.28397465894693, 29.30877882723157], [70.28381492291858, 29.30885834508448], [70.28366417521076, 29.308953811394126], [70.28352400263721, 29.309064221254694], [70.28339588069471, 29.309188412460255], [70.28089369464351, 29.311876186617894], [70.27073904345089, 29.31733009941593], [70.26038270048471, 29.31733009941593], [70.26023080286063, 29.31733674545056], [70.26008006616007, 29.31735663276012], [70.25993164243384, 29.317389609349835], [70.24913781346275, 29.32028821220918], [70.24898903925563, 29.32033541652303], [70.24884509633772, 29.320395769222515], [70.24870714408293, 29.32046878420282], [70.24857629361395, 29.320553873372052], [70.24067847161317, 29.326209611045964], [70.23294863479511, 29.3289773316467], [70.21720738460036, 29.331795462447577], [70.20159564423209, 29.32900051758343], [70.19114435560205, 29.32338728521], [70.18314001834399, 29.317655270512706], [70.18300501947421, 29.317567749053886], [70.18286251043993, 29.317493077267077], [70.182713710808, 29.317431894180086], [70.17461833907969, 29.31453329132074], [70.17447560202281, 29.31448900382529], [70.17432958977129, 29.314457134214962], [70.1741813805272, 29.314437917825366], [70.174032068716, 29.314431496556583], [70.16323823974491, 29.314431496556583], [70.16305456433425, 29.314441222868208], [70.16287294334354, 29.31447029301373], [70.14938065712968, 29.317368895873077], [70.14922308199131, 29.317410560186232], [70.14907009924131, 29.317466792894074], [70.14892305252945, 29.317537100103902], [70.14352613804391, 29.32043570296325], [70.1433892156331, 29.320517545925757], [70.143260368012, 29.320611590104892], [70.14314067914815, 29.320717044327026], [70.14303115595845, 29.320833021428275], [70.14293271983817, 29.320958545718018], [70.14284619890935, 29.321092561187168], [70.14277232105415, 29.321233940392162], [70.14007386381138, 29.327031146110855], [70.14001199223752, 29.327182225210777], [70.13996455963066, 29.32733844023532], [70.13993198395872, 29.327498414644786], [70.13736630410244, 29.344034278581425], [70.13301064146216, 29.346373640492256], [70.11185131394939, 29.34921473086874], [70.07149069349066, 29.34921473086874], [70.07131249443934, 29.349223884326815], [70.07113617116245, 29.3492512483491], [70.07096357968949, 29.34929653489403], [70.07079653676793, 29.34935926726242], [70.07063680073958, 29.349438785115332], [70.07048605303176, 29.349534251424977], [70.0703458804582, 29.349644661285545], [70.07021775851571, 29.349768852491106], [70.05141342028914, 29.369967915751296], [70.04075498548511, 29.378554647025766], [70.02471114709392, 29.390043857749195], [69.97355754109849, 29.416071710301512], [69.97342493060255, 29.416146669936868], [69.97329938806833, 29.416232946020855], [69.9731818766216, 29.41632987666849], [69.97307329777591, 29.416436718256076], [69.96790166739076, 29.421991930465573], [69.94391392040454, 29.43344389822148], [69.94377001535955, 29.433521095649475], [69.94363398539437, 29.43361145024781], [69.94350702986142, 29.433714165375807], [69.94339026810542, 29.433828335412155], [69.93821324025153, 29.43938934542274], [69.90882019574813, 29.453740771774466], [69.90868024290086, 29.453817242421998], [69.90854788351415, 29.453906211810803], [69.90842423059792, 29.45400693179741], [69.90831032394938, 29.45411855542758], [69.9031096806554, 29.459704932444566], [69.87119885311577, 29.47684376542001], [69.85799775011346, 29.479679812202782], [69.83915957896606, 29.482570584428757], [69.83911688416362, 29.482577680911426], [69.82307817531762, 29.485449065258027], [69.80974034094176, 29.485449065258027], [69.80960806194805, 29.485454103062015], [69.80947654929557, 29.485469187288103], [69.79058734859616, 29.48836779014745], [69.79054465379372, 29.48837488663012], [69.75816316688045, 29.494172092348812], [69.7580217202026, 29.49420354770964], [69.7578833829654, 29.494246668600223], [69.74175938383256, 29.500019976060223], [69.7310340228505, 29.50290019234801], [69.73089881053768, 29.502942477178262], [69.71477481140484, 29.508715784638262], [69.70404945042277, 29.51159600092605], [69.70391423810996, 29.5116382857563], [69.6796948672488, 29.52031019607565], [69.66896950626673, 29.523190412363437], [69.668779330119, 29.523253431170232], [69.668597663316, 29.523337903117504], [69.6581892493416, 29.528928108148225], [69.65322982086097, 29.528928108148225], [69.65308050904977, 29.528934529417008], [69.65293229980568, 29.528953745806604], [69.65278628755416, 29.528985615416932], [69.65264355049729, 29.52902990291238], [69.64454817876897, 29.531928505771727], [69.64444787953191, 29.531967966074976], [69.63100513126679, 29.53774388691465], [69.62324481864054, 29.54052251958561], [69.61814987670493, 29.54052251958561], [69.61800056489373, 29.540528940854394], [69.61785235564965, 29.54054815724399], [69.61770634339813, 29.540580026854318], [69.61756360634125, 29.540624314349767], [69.60953497893672, 29.54349901895042], [69.59880961795466, 29.54637923523821], [69.59864312990037, 29.546433057914182], [69.59848289250618, 29.546503336859622], [69.59833052765825, 29.546589360727157], [69.59818757755865, 29.546690258802922], [69.59805548911551, 29.546805009819725], [69.59793559929776, 29.54693245229408], [69.59788862397568, 29.546993706823184], [69.597839355, 29.551769257], [69.597709656, 29.564357758], [69.598945618, 29.579391479], [69.60114840107116, 29.588120246346325], [69.60291842877547, 29.591922869032718], [69.60291842877547, 29.59513417351404], [69.60333252, 29.596775055], [69.60291842877547, 29.598281323530454], [69.60291842877547, 29.599970093928153], [69.60041574521085, 29.608035019643612], [69.60016212712097, 29.608307448685235], [69.600059509, 29.608680725], [69.59259796100001, 29.618715286], [69.59212459980438, 29.621789736257796], [69.59212459980438, 29.627221167417506], [69.596626282, 29.635267258], [69.6015942235566, 29.636756134515917], [69.60435561794114, 29.636756134515917], [69.60985262001661, 29.638724373463866], [69.611312866, 29.639055252], [69.618659973, 29.640029907], [69.625862122, 29.655687332], [69.62587117689985, 29.655726207976166], [69.62720454396042, 29.658590734797688], [69.62720454396042, 29.66145083739711], [69.628898751, 29.668724684], [69.635147095, 29.674114227], [69.640342712, 29.680578232], [69.646004864, 29.685261106], [69.654960632, 29.691701889], [69.666481018, 29.697294235], [69.676979065, 29.700122833], [69.67843538307913, 29.70052539742154], [69.67998493856875, 29.70052539742154], [69.69007527397424, 29.70323508229208], [69.69244424625133, 29.7057797621585], [69.69687652600001, 29.710363388], [69.70371750930101, 29.712119808858926], [69.7124111718043, 29.712119808858926], [69.72548216200607, 29.71492790297825], [69.73040841711799, 29.71757372165696], [69.73093542595858, 29.718139818946934], [69.732582092, 29.71887207], [69.73987579300001, 29.727182388], [69.74206767200141, 29.730097747981066], [69.74356138760417, 29.731702253047363], [69.74439197770714, 29.733189245200524], [69.746116638, 29.73548317], [69.753395081, 29.745628357], [69.76071167, 29.752101898], [69.769088745, 29.757663727], [69.775360107, 29.762292862], [69.782714844, 29.764177322], [69.789001465, 29.768806458], [69.79329465348815, 29.77642844590441], [69.79470466669045, 29.777943040330864], [69.79538798710594, 29.780145047995248], [69.801560785273, 29.79110488559706], [69.80287171768093, 29.79251305036833], [69.80537523474764, 29.798160378548022], [69.811828613, 29.810251236], [69.81366748645756, 29.816865690118348], [69.81495405058031, 29.819767867188375], [69.83396584693905, 29.85779807466336], [69.84071797499743, 29.865051010669337], [69.84781412899724, 29.870222044315295], [69.84906297562299, 29.871116360357043], [69.84910850940857, 29.871165271401097], [69.855957031, 29.876155853], [69.87635841531309, 29.897410252799226], [69.87646215564118, 29.897465285762635], [69.87661800142155, 29.897529490002402], [69.87677933041235, 29.89757830647904], [69.87694462729091, 29.897611276671658], [69.87711233946519, 29.89762809089952], [69.87728089165691, 29.897628591230813], [69.87744870069767, 29.897612772966045], [69.87761419039934, 29.89758078468221], [69.87777580635874, 29.897532926837208], [69.8779320305578, 29.897469648947755], [69.87808139562185, 29.897391545367164], [69.87822249860241, 29.897299349702735], [69.87835401415464, 29.897193927925173], [69.87847470698601, 29.897076270234738], [69.88016629699105, 29.89525921434527], [69.881848622, 29.892867733], [69.883010401, 29.891217049], [69.883737249, 29.890120294], [69.884706344, 29.888658009], [69.89064044700001, 29.879703932], [69.89173057900001, 29.878057808], [69.893132017, 29.876657127], [69.900577466, 29.869215701], [69.906895453, 29.862901127], [69.908158682, 29.861638581], [69.909849689, 29.861043724], [69.91225709120052, 29.86019674764602], [69.91299022908196, 29.859802990145294], [69.92899198566363, 29.854073452461442], [69.95051117561678, 29.848294633314307], [69.9506463879296, 29.848252348484056], [69.95867501533412, 29.845377643883403], [70.0016893151552, 29.833826472117746], [70.02035266915543, 29.830962526092133], [70.03157915633932, 29.830962526092133], [70.032648521, 29.830782121], [70.03326624600001, 29.830655659], [70.034141769, 29.830463097], [70.04508688700001, 29.828056456], [70.05864141900001, 29.825075964], [70.059952465, 29.824787679], [70.061266969, 29.824498635], [70.063349787, 29.823785732], [70.07669528800001, 29.819217263], [70.082116677, 29.817361202], [70.085923829, 29.816057908], [70.087612992, 29.815479661], [70.089321232, 29.814473895], [70.098798455, 29.808893958], [70.10342233097587, 29.806171542723632], [70.10514511537887, 29.80432097873565], [70.10525400628497, 29.804191988218673], [70.10534987889983, 29.80405304857488], [70.11593985582913, 29.78698988915857], [70.116328759, 29.785631611], [70.11768155, 29.784475001], [70.12033856425444, 29.782203420166443], [70.12125099636268, 29.781223312616113], [70.12530684039841, 29.77795581194961], [70.12678338900001, 29.776693439], [70.12779102, 29.775831967], [70.12879972600001, 29.774969574], [70.12992139008452, 29.774238202484824], [70.1319094311667, 29.772636581341644], [70.15606441144601, 29.755338871673747], [70.16097726850705, 29.752700248889777], [70.16226765852579, 29.752700248889777], [70.16230187500001, 29.752684109], [70.163104948, 29.7523053], [70.16551463200001, 29.751168654], [70.167120954, 29.750410953], [70.169152526, 29.749688991], [70.170371529, 29.749255988], [70.17082899, 29.749093448], [70.17207543100001, 29.74866561], [70.17217837633152, 29.74863044718021], [70.17475076563277, 29.746788324240296], [70.18788965133123, 29.74396564385459], [70.18797541298073, 29.743944930377832], [70.19867669387757, 29.741071180618658], [70.2174550235399, 29.738189591242847], [70.23891128072539, 29.735308631733698], [70.24687942751753, 29.735308631733698], [70.24819062600001, 29.735134133], [70.250332854, 29.734849039], [70.252053394, 29.734741591], [70.257206243, 29.734419796], [70.258492289, 29.734339482], [70.260376058, 29.734176498], [70.263467923, 29.733908836], [70.266601904, 29.733875696], [70.268078044, 29.733860043], [70.269405287, 29.733875528], [70.271620594, 29.733901372], [70.27250830700001, 29.733911728], [70.274194604, 29.733945658], [70.277780702, 29.734018336], [70.279243996, 29.734064574], [70.281747292, 29.734149545], [70.28349373200001, 29.734209008], [70.28524010000001, 29.734268105], [70.286854848, 29.734273574], [70.287393621, 29.734275399], [70.289977605, 29.734284151], [70.290408287, 29.73428561], [70.291870068, 29.734290561], [70.29309705, 29.734223116], [70.294738373, 29.734132925], [70.298992322, 29.73389929], [70.303112999, 29.73401564], [70.308211414, 29.734159622], [70.309485941, 29.734195745], [70.310760254, 29.734231947], [70.31299784, 29.73422019], [70.315235266, 29.734208817], [70.321408187, 29.73418112], [70.324186276, 29.734300504], [70.32499335700001, 29.734328556], [70.332419998, 29.734360612], [70.33861865, 29.733883477], [70.345731024, 29.733336805], [70.34707369, 29.73323316], [70.34866876000001, 29.732778291], [70.350219875, 29.732327323], [70.351258941, 29.731849096], [70.352899495, 29.731094036], [70.353669112, 29.730739822], [70.354412689, 29.730294222], [70.358313256, 29.72795674], [70.359437875, 29.727273251], [70.36245255, 29.725304395], [70.36447476100001, 29.723983719], [70.365488081, 29.723321935], [70.366374205, 29.722588493], [70.366965661, 29.722098992], [70.367296562, 29.721825117], [70.367958597, 29.721277173], [70.368620927, 29.720728985], [70.369343768, 29.720017865], [70.369753284, 29.71961499], [70.371749947, 29.717650704], [70.372238609, 29.717255973], [70.373507569, 29.716230939], [70.375727401, 29.714437812], [70.379479235, 29.710249491], [70.382027336, 29.707415306], [70.38252107400001, 29.706866134], [70.384001354, 29.705219657], [70.384468892, 29.704647929], [70.385169112, 29.703792009], [70.388558982, 29.699648424], [70.39109872600001, 29.696466551], [70.391356094, 29.696102206], [70.392370121, 29.694662487], [70.39287790600001, 29.693941531], [70.393285201, 29.693063383], [70.39416253, 29.691171802], [70.39530279600001, 29.688281659], [70.395617177, 29.687382816], [70.39575967, 29.686189395], [70.395884033, 29.685147815], [70.395963581, 29.684476598], [70.39599624600001, 29.683638408], [70.396007452, 29.683077404], [70.39601690609989, 29.682575901141192], [70.39434626709615, 29.675397697364023], [70.39434626709615, 29.674890717009898], [70.394035123, 29.674179744], [70.393838497, 29.673730445], [70.393457757, 29.672492464], [70.393373363, 29.671941218], [70.393252833, 29.671157892], [70.39391054, 29.669367438], [70.394372259, 29.668746299], [70.395633017, 29.667050721], [70.39725528400001, 29.665179256], [70.397593904, 29.66478862], [70.397923175, 29.664408882], [70.39834186, 29.664086122], [70.39892222, 29.663638717], [70.401580412, 29.661507391], [70.403058586, 29.660215459], [70.403649193, 29.659699266], [70.404724169, 29.658967002], [70.40566483031124, 29.658326374824455], [70.40685646648855, 29.657046354531342], [70.40790524892547, 29.657046354531342], [70.408712155, 29.656650292], [70.411724843, 29.655350888], [70.413879866, 29.654561243], [70.4147653, 29.654158839], [70.415792196, 29.653670652], [70.41727231, 29.652420998], [70.41789129700001, 29.651310958], [70.418332488, 29.649828048], [70.418358737, 29.648866551], [70.418373715, 29.648329869], [70.418389195, 29.647767123], [70.41876524300001, 29.64676945], [70.419111591, 29.645850587], [70.420150391, 29.644771761], [70.421688758, 29.643931482], [70.42180413142414, 29.643888618369967], [70.42304720994518, 29.64255334023461], [70.42588666803414, 29.64255334023461], [70.426901395, 29.642291095], [70.427931377, 29.641389949], [70.428420517, 29.640491658], [70.428430777, 29.639691674], [70.42844833618697, 29.638328430522932], [70.42412001089622, 29.629029712822256], [70.42426580094168, 29.628403299424356], [70.423970681, 29.627785482], [70.423727615, 29.626810975], [70.423338046, 29.625093053], [70.423149568, 29.6242619], [70.423254477, 29.623462777], [70.423313289, 29.623014565], [70.423479401, 29.621749021], [70.42388084000001, 29.620360624], [70.42430058100001, 29.619720245], [70.425160977, 29.618919372], [70.426970968, 29.618679834], [70.430501608, 29.618832317], [70.431019023, 29.61892507], [70.43289961390772, 29.619364517359838], [70.43502534637076, 29.619364517359838], [70.43631645630032, 29.620751389411847], [70.43692009, 29.621089035], [70.437912542, 29.622012694], [70.43914410500001, 29.623160159], [70.442091452, 29.625119148], [70.44289964, 29.625526367], [70.445570219, 29.626871984], [70.44649753600001, 29.627339227], [70.44720102, 29.62765976], [70.4476075597894, 29.62784499375879], [70.45759953392702, 29.62516172307853], [70.46246502114269, 29.62516172307853], [70.46814846606777, 29.627196719155755], [70.468937706, 29.62744218], [70.46939656310785, 29.627643608782382], [70.4782492242344, 29.63081336425692], [70.48327798785142, 29.633514238735913], [70.48495480554539, 29.635315426646283], [70.485386643, 29.635570783], [70.48811254600001, 29.63718268], [70.490176274, 29.638439539], [70.490929331, 29.638899447], [70.492051704, 29.639607594], [70.493174681, 29.640316122], [70.49392259000001, 29.640788004], [70.49530940517278, 29.64175288273978], [70.49686231178242, 29.642308911504127], [70.49822695076298, 29.643774766285276], [70.499157791, 29.644418361], [70.500417988, 29.645289237], [70.501620556, 29.645854636], [70.502223803, 29.64613828], [70.50614084300001, 29.64797989], [70.50694900827209, 29.648350545953303], [70.50820328081484, 29.648350545953303], [70.51851305236143, 29.65388777159662], [70.52110837106034, 29.655746314589834], [70.521512458, 29.655998183], [70.52171655311771, 29.656181842026918], [70.5263757435588, 29.659518351624747], [70.52733821475883, 29.660552209685648], [70.52745029, 29.660630614], [70.529687999, 29.662511887], [70.530814437, 29.663651726], [70.531318074, 29.664161356], [70.532491803, 29.665349048], [70.534883132, 29.667258414], [70.535698978, 29.66790983], [70.53686303900001, 29.66911043], [70.538027463, 29.670311403], [70.538548558, 29.670986013], [70.539590752, 29.67233524], [70.54055012100001, 29.673577246], [70.542229575, 29.675740266], [70.542960571, 29.676681739], [70.54386385472358, 29.678303562753285], [70.54468000650296, 29.679180248825556], [70.54468000650296, 29.680006779958813], [70.545159202, 29.681108301], [70.545341038, 29.681698359], [70.545491108, 29.682185624], [70.54592067, 29.683579272], [70.54674518, 29.685464044], [70.547569652, 29.687348729], [70.54878118100001, 29.689471116], [70.549246204, 29.690128886], [70.551081269, 29.692724559], [70.551593298, 29.693448816], [70.552387071, 29.694326637], [70.553173271, 29.695195968], [70.554345306, 29.696491718], [70.554740398, 29.696928082], [70.555709929, 29.698267558], [70.55666511, 29.699608095], [70.557778711, 29.701170962], [70.559909787, 29.703826157], [70.560849224, 29.704917578], [70.561962977, 29.706211515], [70.56235930503284, 29.706866636338003], [70.5638478352638, 29.70846557143146], [70.57436303617345, 29.73105580628135], [70.57436303617345, 29.733437959932463], [70.574990195, 29.735571244], [70.575498588, 29.737301043], [70.57566979, 29.737937912], [70.57588599200001, 29.73878146], [70.575965894, 29.739219334], [70.576046345, 29.739657841], [70.576288105, 29.740979142], [70.576314142, 29.74382979], [70.57623052000001, 29.744262901], [70.57615912300001, 29.744835443], [70.576049046, 29.746091343], [70.575959298, 29.74711542], [70.575907614, 29.74770516], [70.57581165, 29.748800161], [70.575857131, 29.749632728], [70.575887401, 29.750186855], [70.575993463, 29.752128419], [70.576019649, 29.752607741], [70.576439461, 29.759071649], [70.576571785, 29.761505626], [70.576669371, 29.763302237], [70.576718225, 29.764200353], [70.57675086200001, 29.764799581], [70.576795908, 29.765232065], [70.57691035500001, 29.766331868], [70.577051773, 29.767678532], [70.57719631, 29.768978111], [70.577258529, 29.769537595], [70.577393388, 29.770755887], [70.577526796, 29.772006629], [70.577590492, 29.772436638], [70.577928328, 29.773738497], [70.578734193, 29.774851567], [70.579156114, 29.775392075], [70.579840516, 29.776225098], [70.580438485, 29.776952598], [70.581554122, 29.778308564], [70.582541158, 29.77994176], [70.582969113, 29.780850689], [70.58328492649086, 29.78151917069496], [70.58835005361253, 29.786959980252767], [70.588545941, 29.787067586], [70.589291193, 29.787476972], [70.590411013, 29.788092119], [70.591557194, 29.78872258], [70.59209131, 29.789030898], [70.592459362, 29.789248699], [70.593697294, 29.789981264], [70.595550337, 29.791587982], [70.59631962600001, 29.792672829], [70.597636689, 29.794530458], [70.598872571, 29.7960411], [70.599483761, 29.796788258], [70.600415802, 29.797927534], [70.60079480200001, 29.798348633], [70.60256011, 29.800224708], [70.603485473, 29.801175369], [70.604309866, 29.801696394], [70.605589572, 29.802505191], [70.606170114, 29.802868219], [70.606996412, 29.803205821], [70.608208865, 29.803701677], [70.609050034, 29.803842572], [70.609469972, 29.803912911], [70.609896032, 29.803984276], [70.610761784, 29.804129288], [70.611439351, 29.804139657], [70.61204866869733, 29.804148901990544], [70.6220894465453, 29.801991800746254], [70.65281525217262, 29.804530627708207], [70.65578090000001, 29.804020157], [70.656516174, 29.803853761], [70.659713084, 29.803129765], [70.660958675, 29.802847519], [70.662711124, 29.801829215], [70.663956792, 29.801003692], [70.66505165800001, 29.800139456], [70.666800734, 29.798758798], [70.668271693, 29.798053902], [70.669151823, 29.79763921], [70.669779028, 29.797375027], [70.670981185, 29.796868708], [70.673651332, 29.795457992], [70.674611975, 29.794698403], [70.675928113, 29.793657718], [70.67709932000001, 29.793029713], [70.677940194, 29.792578834], [70.678478288, 29.792178147], [70.680073307, 29.790990438], [70.680416687, 29.790714084], [70.68127526900001, 29.790023251], [70.682158687, 29.789312624], [70.682542755, 29.789003768], [70.68377843200001, 29.788009844], [70.684659265, 29.787085288], [70.68611768800001, 29.785554472], [70.68659106, 29.785057603], [70.68696326, 29.784545999], [70.688609152, 29.782283649], [70.688859023, 29.781940191], [70.68986756800001, 29.780077559], [70.69014133, 29.77923107], [70.690476456, 29.778192605], [70.690922809, 29.776810822], [70.691023994, 29.775471057], [70.6911765638011, 29.77345092174095], [70.6911765638011, 29.765563059529093], [70.691040473, 29.76471785], [70.690828212, 29.763399583], [70.690205893, 29.762102057], [70.690018842, 29.761712058], [70.689636936, 29.76091579], [70.689451571, 29.760529307], [70.689236512, 29.760140208], [70.687711819, 29.757381635], [70.687422726, 29.756171474], [70.687256475, 29.755475532], [70.686786771, 29.753509308], [70.686617382, 29.752855552], [70.68633453772107, 29.75176823743757], [70.68587036344512, 29.75077103291481], [70.68596706237808, 29.750355548394054], [70.68573881600001, 29.749477762], [70.685636703, 29.748678005], [70.685314663, 29.746156695], [70.68522323, 29.74544074], [70.685252732, 29.744979562], [70.685289102, 29.744411046], [70.68534042200001, 29.743608808], [70.685719255, 29.742836413], [70.685945134, 29.742375871], [70.686235799, 29.741918745], [70.686722281, 29.741181643], [70.687049482, 29.740899305], [70.687711819, 29.740337751], [70.689101033, 29.739708039], [70.6895238258938, 29.739640892211085], [70.69346525718211, 29.737100630948962], [70.694043017, 29.735830178], [70.69414717, 29.735335959], [70.69435060900001, 29.734370612], [70.69491222900001, 29.733518426], [70.696064894, 29.733066007], [70.697358598, 29.732939406], [70.698423659, 29.733151433], [70.699294077, 29.73327949], [70.69937709239937, 29.733290439956907], [70.70117339696446, 29.732132717655567], [70.70131439970316, 29.732031539476413], [70.70144461660723, 29.73191681217297], [70.70156275101986, 29.73178967816173], [70.70166762659768, 29.731651403401067], [70.70175819902444, 29.731503364785254], [70.7018335664099, 29.731347036433796], [70.70189297827059, 29.73118397501264], [70.7019358430029, 29.73101580423342], [70.701961733774, 29.73084419868505], [70.70197039277218, 29.730670867158743], [70.70197039277218, 29.72501184529821], [70.701267513, 29.723860645], [70.700569588, 29.722717709], [70.699786287, 29.721197107], [70.698989945, 29.719651107], [70.698527181, 29.717711219], [70.69844532, 29.715974914], [70.69889916800001, 29.714011031], [70.699467038, 29.71309011], [70.69976123386066, 29.712613009570102], [70.70169176471074, 29.70846557143146], [70.7027050821499, 29.707377095846223], [70.70288227600001, 29.707050131], [70.704797563, 29.703516679], [70.705723756, 29.701815249], [70.706303171, 29.700752039], [70.707350772, 29.699156186], [70.708043154, 29.698101543], [70.708830902, 29.696901636], [70.710037196, 29.694080072], [70.710190499, 29.693635845], [70.710785888, 29.691940463], [70.71154957200001, 29.690570514], [70.711908223, 29.68992714], [70.712716539, 29.68818929], [70.713231984, 29.687081104], [70.714080983, 29.685248676], [70.714590695, 29.684149322], [70.715049881, 29.683158506], [70.715529496, 29.682063204], [70.71588024200001, 29.681262206], [70.71658164, 29.67966042], [70.717090185, 29.67814246], [70.717369548, 29.677308584], [70.717600414, 29.676555287], [70.718226795, 29.674511455], [70.718912761, 29.672907554], [70.719942501, 29.670498015], [70.72085959347159, 29.668454515215736], [70.72085959347159, 29.66264293557434], [70.72084609, 29.662589061], [70.720537645, 29.661358961], [70.71957281600001, 29.660271055], [70.718417224, 29.658968052], [70.718063479, 29.658579866], [70.716895271, 29.657297893], [70.716083683, 29.65640727], [70.714993493, 29.655716993], [70.71463235, 29.655488327], [70.713180221, 29.654568878], [70.711534322, 29.653862102], [70.71084950651158, 29.653568031100125], [70.70908367767903, 29.653568031100125], [70.70772934830975, 29.652113250598116], [70.707337232, 29.651856988], [70.70403106900001, 29.649696288], [70.703381057, 29.649113728], [70.702829363, 29.648579158], [70.701777308, 29.647560078], [70.701729419, 29.646507699], [70.70219359100001, 29.64591727], [70.70333414400001, 29.645340967], [70.704088159, 29.645019786], [70.704689867, 29.644874574], [70.705694487, 29.644631941], [70.706927579, 29.644334214], [70.707480701, 29.644200663], [70.709300898, 29.643883211], [70.71049149400001, 29.643675565], [70.71247932700001, 29.643328877], [70.71346178, 29.642457819], [70.714092944, 29.641897953], [70.71551038644544, 29.640640823331847], [70.71797426079371, 29.624761098166427], [70.717521439, 29.623915191], [70.71731827, 29.623535953], [70.716361004, 29.621748054], [70.713301317, 29.61639198], [70.71177273500001, 29.613774373], [70.710682874, 29.61190805], [70.70859264900001, 29.610219048], [70.708066673, 29.609846025], [70.706931047, 29.609040629], [70.70668177, 29.608597751], [70.706057353, 29.60748838], [70.705979203, 29.605729993], [70.706283196, 29.604525574], [70.707009191, 29.601649188], [70.707268888, 29.598471319], [70.706879236, 29.596976771], [70.706541431, 29.595681095], [70.705769042, 29.594452815], [70.703074623, 29.590168066], [70.702453843, 29.588556436], [70.70239950261917, 29.5884160310059], [70.70177461909402, 29.587744799628187], [70.70074920927328, 29.584440405037892], [70.699948459, 29.583261669], [70.6993955, 29.582447707], [70.699013846, 29.581885911], [70.698458783, 29.581068712], [70.696929974, 29.578817752], [70.696241172, 29.577222946], [70.695971788, 29.576599232], [70.695579773, 29.575691588], [70.695081438, 29.574967448], [70.69452780294469, 29.574163278605674], [70.69099100003751, 29.57036414965999], [70.689639322, 29.56956526], [70.688222401, 29.568727811], [70.687192943, 29.567964304], [70.686852193, 29.567711383], [70.686179439, 29.567211837], [70.685725367, 29.566874126], [70.685148424, 29.566179789], [70.684020027, 29.564818885], [70.683168262, 29.563791613], [70.682822111, 29.562213037], [70.682684158, 29.561583955], [70.68264471900001, 29.560964452], [70.682549269, 29.558887807], [70.682555615, 29.55816572], [70.682569857, 29.556545987], [70.682654388, 29.554914576], [70.683594048, 29.553634918], [70.684033729, 29.553036675], [70.685626596, 29.550867607], [70.687530947, 29.548212647], [70.688473228, 29.546898969], [70.690620326, 29.544026635], [70.69115663800001, 29.543309169], [70.691710788, 29.542568174], [70.693004669, 29.541486211], [70.694620193, 29.540134981], [70.697573681, 29.537664923], [70.698509617, 29.536882181], [70.699301979, 29.536271381], [70.700011367, 29.535724546], [70.701787712, 29.534360939], [70.705687394, 29.531363789], [70.706759316, 29.530509864], [70.707111386, 29.530217041], [70.708320215, 29.528982929], [70.7083399591027, 29.528962621370017], [70.70987600178765, 29.525662678240952], [70.709896577, 29.52558924], [70.70916197400001, 29.524663248], [70.708571205, 29.523917125], [70.707826821, 29.523466896], [70.70691840900001, 29.522917462], [70.705861986, 29.521719507], [70.705611101, 29.520670941], [70.705528093, 29.519953169], [70.70544337583432, 29.519220597990127], [70.70466885001495, 29.518388625291397], [70.70466885001495, 29.514950306390094], [70.704501607, 29.514379624], [70.704066721, 29.512980731], [70.703599485, 29.512604737], [70.703230912, 29.512308126], [70.70187366, 29.512220615], [70.701413015, 29.51219091], [70.700790355, 29.51221197], [70.699380159, 29.512260029], [70.698596248, 29.512238489], [70.697531309, 29.5120222], [70.695825549, 29.511675761], [70.69432916, 29.511371846], [70.693997937, 29.511017276], [70.693692538, 29.510690365], [70.693654405, 29.509754292], [70.693628149, 29.509109774], [70.694151118, 29.508032039], [70.695103266, 29.506069612], [70.696101186, 29.503850396], [70.696389131, 29.503210055], [70.697090077, 29.500899198], [70.697421323, 29.499515397], [70.697545274, 29.498997614], [70.69773376900001, 29.498209738], [70.697833112, 29.49736037], [70.698041921, 29.495060006], [70.69801645513856, 29.494473194281085], [70.6967652990184, 29.490441329721698], [70.696032746, 29.4902296], [70.695421153, 29.490052829], [70.69070052100001, 29.48901719], [70.689826251, 29.488884789], [70.68939955934822, 29.488827202188055], [70.66237514513092, 29.49124627097672], [70.65927191449767, 29.49124627097672], [70.659218923, 29.49125844], [70.65836198400001, 29.491351898], [70.656268119, 29.491580255], [70.654609848, 29.491761106], [70.653300953, 29.49180598], [70.652308915, 29.491840157], [70.651190865, 29.491878323], [70.649498129, 29.491270931], [70.648940589, 29.491070873], [70.648293285, 29.490389416], [70.646832676, 29.488851747], [70.644431558, 29.485684821], [70.643842311, 29.484907642], [70.642995575, 29.483224655], [70.642560551, 29.482359176], [70.64143438780728, 29.47974976713589], [70.64135979036162, 29.479723677298814], [70.64119747674394, 29.47968390179774], [70.64103209485523, 29.4796598886377], [70.64086517171559, 29.479651859539334], [70.62487912563671, 29.479651859539334], [70.60079211396558, 29.473902180731393], [70.6006223618389, 29.47387047440673], [70.60045030216963, 29.473855758913164], [70.60027763133509, 29.473858179334247], [70.60010605173821, 29.473877711806473], [70.59993725502314, 29.473914163754547], [70.58959448410292, 29.476691638313685], [70.57951429143792, 29.47398467720102], [70.56625053482585, 29.465436156461386], [70.56610697566884, 29.46535304393908], [70.56595615122257, 29.465283986648895], [70.56579943360568, 29.46522961283645], [70.5656382485497, 29.46519041716508], [70.56547406242849, 29.465166756215652], [70.56530836891797, 29.465158845242602], [70.55474399466682, 29.465158845242602], [70.54436622826566, 29.462371972906137], [70.53940046027363, 29.459704932444566], [70.52610444525133, 29.44542274684954], [70.52597632330884, 29.44529855564398], [70.52583615073529, 29.445188145783412], [70.52568540302747, 29.445092679473767], [70.52552566699912, 29.445013161620857], [70.52535862407755, 29.444950429252465], [70.5251860326046, 29.444905142707533], [70.5250097093277, 29.44487777868525], [70.52483151027639, 29.444868625227176], [70.51973656834078, 29.444868625227176], [70.51232385012877, 29.442214451098312], [70.5072984096475, 29.43681627175436], [70.49942778347949, 29.425543747017468], [70.496809504672, 29.417106314341854], [70.49675984410537, 29.416967395188994], [70.49669858865677, 29.416833184634537], [70.4966261791018, 29.416704648416847], [70.49122926461625, 29.408008839838807], [70.49112869602568, 29.40786378373112], [70.49101394250718, 29.407729668311504], [70.49088618606281, 29.407607875016495], [70.4907467426294, 29.407499658360358], [70.49059704852391, 29.407406133013147], [70.4904386456489, 29.407328262319215], [70.4902731656103, 29.407266848374405], [70.49010231291142, 29.407222523764204], [70.4899278473958, 29.407195745047858], [70.48975156612035, 29.40718678805567], [70.47895773714926, 29.40718678805567], [70.47877953809794, 29.407195941513745], [70.47860321482105, 29.40722330553603], [70.47843062334809, 29.40726859208096], [70.47826358042653, 29.407331324449352], [70.47810384439818, 29.407410842302262], [70.47795309669036, 29.407506308611907], [70.4778129241168, 29.407616718472475], [70.47768480217431, 29.407740909678036], [70.4699294171354, 29.41607151462252], [70.45983908172991, 29.418781199493058], [70.41442421804267, 29.418781199493058], [70.40433388263718, 29.41607151462252], [70.37795974996136, 29.387741202333277], [70.37537892874725, 29.37942447717035], [70.37532604313608, 29.379277671842], [70.37526021201548, 29.37913619761869], [70.37518196532575, 29.379001193367465], [70.37509193295253, 29.378873745872117], [70.37499083965609, 29.37875488108457], [70.364197010685, 29.367160469647185], [70.36411517708187, 29.36707824457674], [70.34259984207169, 29.346856000819148], [70.31567938936126, 29.315047132417998], [70.3155699049396, 29.314929282307688], [70.3154500002919, 29.314822051889664], [70.31532070117548, 29.314726358496042], [70.31518311371522, 29.314643020762293], [70.3150384149409, 29.314572751623988], [70.30154612872704, 29.308775545905295], [70.30138076148177, 29.308714226355033], [70.30121003409357, 29.308669970598693], [70.30103570235495, 29.30864323377079], [70.3008595591263, 29.30863429083789], [70.28466881566966, 29.30863429083789], [70.28449061661834, 29.308643444295964]], [[70.47956635118543, 29.518066941256894], [70.47971093074116, 29.517496140691517], [70.48010271040262, 29.518772790579472], [70.47956635118543, 29.518066941256894]], [[70.46576247737683, 29.54872310276128], [70.4654907843722, 29.54905566844113], [70.46429116948536, 29.549660913368694], [70.46576247737683, 29.54872310276128]], [[70.23467105375451, 29.495553688013484], [70.2343910818689, 29.496659017946083], [70.23403150054824, 29.494712035287233], [70.23467105375451, 29.495553688013484]], [[70.22599318644154, 29.50358496615244], [70.22800304527625, 29.502735124662365], [70.23086091011298, 29.502590059514787], [70.22599318644154, 29.50358496615244]], [[70.13001039215669, 29.486922869532517], [70.13070931246662, 29.486003089632245], [70.13043927532685, 29.49035678471167], [70.13001039215669, 29.486922869532517]], [[70.12214709618888, 29.54389289458443], [70.12068599575127, 29.54581570437506], [70.11627807647852, 29.545444698630906], [70.12214709618888, 29.54389289458443]], [[70.06229673766742, 29.498666046009806], [70.06216161848496, 29.499860880227427], [70.06178063657369, 29.497986856400082], [70.06229673766742, 29.498666046009806]]]}}, {"type": "Feature", "properties": {"na": "NA-188", "src": "tehsil-composition (final delim 2023): https://en.wikipedia.org/wiki/NA-188_Rajanpur-II", "approx": true, "tehsils": "Rajanpur (part, incl. Rajanpur city & Fazilpur); De-Excluded (Tribal) Area (part)"}, "geometry": {"type": "Polygon", "coordinates": [[[70.16606571068226, 28.975299753831642], [70.16590226059715, 28.97529530297652], [70.1657391149017, 28.975306221881805], [70.16557771567109, 28.975332414033264], [70.1654194895432, 28.975373647913592], [70.1652658351082, 28.97542955904884], [70.16511811054629, 28.975499653230077], [70.16497762162234, 28.97558331088178], [70.16484561014416, 28.975679792538394], [70.15452945899177, 28.98399077059108], [70.14165058180274, 28.98399077059108], [70.14147238275142, 28.983999924049154], [70.14129605947453, 28.984027288071438], [70.14112346800157, 28.98407257461637], [70.14095642508, 28.98413530698476], [70.14079668905165, 28.98421482483767], [70.14064594134383, 28.984310291147317], [70.14050576877028, 28.984420701007885], [70.14037764682779, 28.984544892213446], [70.1295838178567, 28.996139303650832], [70.12946697420415, 28.996278782249192], [70.12936534239451, 28.996429705056652], [70.12928003484029, 28.996590420145353], [70.12388312035475, 29.00818483158274], [70.12381268725566, 29.008360564570374], [70.12376177311769, 29.008542912191533], [70.12373098128016, 29.008729713602477], [70.1237206766305, 29.008918755181462], [70.1237206766305, 29.01693033062445], [70.10833614660393, 29.03345593718878], [70.09824581119844, 29.03616562205932], [70.08228452246175, 29.03616562205932], [70.08210632341043, 29.03617477551739], [70.08193000013354, 29.036202139539675], [70.08175740866058, 29.036247426084607], [70.08159036573902, 29.036310158453], [70.08143062971067, 29.03638967630591], [70.08127988200285, 29.036485142615554], [70.0811397094293, 29.036595552476122], [70.0810115874868, 29.036719743681683], [70.07581094419282, 29.04230612069867], [70.07105320748575, 29.044861430637358], [70.06339532176234, 29.044861430637358], [70.06321904048689, 29.044870387629544], [70.06304457497127, 29.04489716634589], [70.06287372227239, 29.04494149095609], [70.0627082422338, 29.0450029049009], [70.06254983935878, 29.045080775594833], [70.06240014525329, 29.045174300942044], [70.06226070181988, 29.04528251759818], [70.06213294537551, 29.04540431089319], [70.062018191857, 29.045538426312806], [70.06191762326644, 29.045683482420493], [70.05703090206958, 29.053557239215397], [70.05260149279125, 29.053557239215397], [70.05243033285959, 29.053565682077227], [70.05226083473963, 29.053590928689985], [70.05209464410837, 29.053632733931366], [70.05193337453001, 29.053690691909413], [70.05177859178966, 29.05376423990337], [70.04638167730411, 29.056662842762716], [70.04621927992818, 29.056761870656178], [70.04606866809456, 29.056878040820017], [70.04593164333076, 29.05700996369711], [70.04105058892603, 29.062253047793437], [70.0283153776063, 29.062253047793437], [70.0281355632969, 29.062262368392883], [70.02795767632657, 29.0622902302884], [70.02778362337617, 29.06233633484236], [70.02761527003166, 29.062400187883263], [70.02745442078779, 29.0624811050025], [70.02730279970663, 29.062578218890213], [70.01966150551695, 29.06805025351213], [70.01482309139244, 29.06805025351213], [70.01464327708304, 29.068059574111576], [70.0144653901127, 29.068087436007094], [70.0142913371623, 29.068133540561053], [70.0141229838178, 29.068197393601956], [70.01396213457393, 29.068278310721194], [70.01381051349277, 29.068375424608906], [70.00616921930309, 29.073847459230823], [69.99863234793581, 29.073847459230823], [69.99848303612461, 29.073853880499605], [69.99833482688052, 29.0738730968892], [69.998188814629, 29.07390496649953], [69.99804607757213, 29.07394925399498], [69.98995070584381, 29.076847856854325], [69.98979730683804, 29.07691119308914], [69.98965064325321, 29.076988862429914], [69.98951205060627, 29.077080157620507], [69.9893827909203, 29.077184247327953], [69.98926404123254, 29.077300183712534], [69.98406339793857, 29.08288656072952], [69.96311491777486, 29.09413767924625], [69.95815548929423, 29.09413767924625], [69.9579897957837, 29.0941455902193], [69.95782560966249, 29.094169251168726], [69.95766442460652, 29.094208446840096], [69.95750770698963, 29.094262820652542], [69.95735688254335, 29.094331877942725], [69.95721332338634, 29.094414990465033], [69.94415130910183, 29.102833487824288], [69.93926628859482, 29.102833487824288], [69.93909806128133, 29.102841643172482], [69.93893141168464, 29.102866032732276], [69.93876790272492, 29.102906427766627], [69.93860906786799, 29.10296244943145], [69.93845639674363, 29.103033572328577], [69.9383113211752, 29.10311912943322], [69.93817520175129, 29.10321831834964], [69.9273813727802, 29.11191412692768], [69.92719952464878, 29.112083418024692], [69.92180261016324, 29.117880623743385], [69.92169371925715, 29.118009614260362], [69.92159784664229, 29.118148553904156], [69.91620093215674, 29.126844362482196], [69.91612852260177, 29.126972898699886], [69.91606726715317, 29.127107109254343], [69.91601760658654, 29.127246028407203], [69.91331914934376, 29.135941836985243], [69.91327588556742, 29.136110746112667], [69.91324975212576, 29.13628313837148], [69.91324101169427, 29.13645728099271], [69.91324101169427, 29.179252090747855], [69.90831032394938, 29.184548489508355], [69.9082001718595, 29.18467913231207], [69.90810337242634, 29.184819954521977], [69.90802086017499, 29.18496959660644], [69.90795343169866, 29.185126613884616], [69.90267739269173, 29.19929502603239], [69.89751649497829, 29.20483870952378], [69.89740634288842, 29.204969352327495], [69.89730954345525, 29.205110174537403], [69.8972270312039, 29.205259816621865], [69.89715960272757, 29.205416833900042], [69.89188356372064, 29.219585246047817], [69.8867226660072, 29.225128929539206], [69.88661251391733, 29.22525957234292], [69.88651571448416, 29.22540039455283], [69.88643320223281, 29.22555003663729], [69.88636577375648, 29.225707053915468], [69.8810294417927, 29.24003737833515], [69.87581340617771, 29.248441744823754], [69.87059791004053, 29.254044076325076], [69.857199998741, 29.265557387971906], [69.83567223503442, 29.28290075266733], [69.82761696374149, 29.28866924191924], [69.82753845479763, 29.288728901347817], [69.81678303433502, 29.297393766964063], [69.80872776304209, 29.303162256215973], [69.80864925409823, 29.30322191564455], [69.78710000466452, 29.320582589838835], [69.77904473337159, 29.326351079090745], [69.77896622442773, 29.32641073851932], [69.76821080396512, 29.335075604135568], [69.75206016094387, 29.34664129910617], [69.75198165200001, 29.346700958534747], [69.7412262315374, 29.355365824150994], [69.67659439261651, 29.401649562412356], [69.66589920607323, 29.407393788743644], [69.66570952917516, 29.407511959152448], [69.57666044016368, 29.47128122205807], [69.57652454217731, 29.471389193300233], [69.5764000830884, 29.47151017258366], [69.57100316860286, 29.477307378302353], [69.57089251090542, 29.477438684657894], [69.570795341325, 29.477580263461558], [69.57075824744805, 29.477647727160345], [69.57439422600001, 29.483877182], [69.579910278, 29.489200592], [69.586341858, 29.496154785], [69.58669666441388, 29.49665594904991], [69.5871303150149, 29.497028600756874], [69.58833722313065, 29.498973238192555], [69.591835022, 29.503913879], [69.59290481772547, 29.506640957223972], [69.59489269562154, 29.51091159635973], [69.59752151428992, 29.525030592184677], [69.59752151428992, 29.527993553666573], [69.598052979, 29.53106308], [69.5978964326375, 29.546236827756207], [69.59791628581928, 29.546263596673022], [69.59803090296285, 29.546390057203254], [69.59815736349307, 29.54650467434682], [69.59829444952592, 29.546606344277976], [69.59830094764953, 29.54661023910338], [69.59833052765825, 29.546589360727157], [69.59848289250618, 29.546503336859622], [69.59864312990037, 29.546433057914182], [69.59880961795466, 29.54637923523821], [69.60953497893672, 29.54349901895042], [69.61756360634125, 29.540624314349767], [69.61770634339813, 29.540580026854318], [69.61785235564965, 29.54054815724399], [69.61800056489373, 29.540528940854394], [69.61814987670493, 29.54052251958561], [69.62324481864054, 29.54052251958561], [69.63100513126679, 29.53774388691465], [69.64444787953191, 29.531967966074976], [69.64454817876897, 29.531928505771727], [69.65264355049729, 29.52902990291238], [69.65278628755416, 29.528985615416932], [69.65293229980568, 29.528953745806604], [69.65308050904977, 29.528934529417008], [69.65322982086097, 29.528928108148225], [69.6581892493416, 29.528928108148225], [69.668597663316, 29.523337903117504], [69.668779330119, 29.523253431170232], [69.66896950626673, 29.523190412363437], [69.6796948672488, 29.52031019607565], [69.70391423810996, 29.5116382857563], [69.70404945042277, 29.51159600092605], [69.71477481140484, 29.508715784638262], [69.73089881053768, 29.502942477178262], [69.7310340228505, 29.50290019234801], [69.74175938383256, 29.500019976060223], [69.7578833829654, 29.494246668600223], [69.7580217202026, 29.49420354770964], [69.75816316688045, 29.494172092348812], [69.79054465379372, 29.48837488663012], [69.79058734859616, 29.48836779014745], [69.80947654929557, 29.485469187288103], [69.80960806194805, 29.485454103062015], [69.80974034094176, 29.485449065258027], [69.82307817531762, 29.485449065258027], [69.83911688416362, 29.482577680911426], [69.83915957896606, 29.482570584428757], [69.85799775011346, 29.479679812202782], [69.87119885311577, 29.47684376542001], [69.9031096806554, 29.459704932444566], [69.90831032394938, 29.45411855542758], [69.90842423059792, 29.45400693179741], [69.90854788351415, 29.453906211810803], [69.90868024290086, 29.453817242421998], [69.90882019574813, 29.453740771774466], [69.93821324025153, 29.43938934542274], [69.94339026810542, 29.433828335412155], [69.94350702986142, 29.433714165375807], [69.94363398539437, 29.43361145024781], [69.94377001535955, 29.433521095649475], [69.94391392040454, 29.43344389822148], [69.96790166739076, 29.421991930465573], [69.97307329777591, 29.416436718256076], [69.9731818766216, 29.41632987666849], [69.97329938806833, 29.416232946020855], [69.97342493060255, 29.416146669936868], [69.97355754109849, 29.416071710301512], [70.02471114709392, 29.390043857749195], [70.04075498548511, 29.378554647025766], [70.05141342028914, 29.369967915751296], [70.07021775851571, 29.349768852491106], [70.0703458804582, 29.349644661285545], [70.07048605303176, 29.349534251424977], [70.07063680073958, 29.349438785115332], [70.07079653676793, 29.34935926726242], [70.07096357968949, 29.34929653489403], [70.07113617116245, 29.3492512483491], [70.07131249443934, 29.349223884326815], [70.07149069349066, 29.34921473086874], [70.11185131394939, 29.34921473086874], [70.13301064146216, 29.346373640492256], [70.13736630410244, 29.344034278581425], [70.13993198395872, 29.327498414644786], [70.13996455963066, 29.32733844023532], [70.14001199223752, 29.327182225210777], [70.14007386381138, 29.327031146110855], [70.14277232105415, 29.321233940392162], [70.14284619890935, 29.321092561187168], [70.14293271983817, 29.320958545718018], [70.14303115595845, 29.320833021428275], [70.14314067914815, 29.320717044327026], [70.143260368012, 29.320611590104892], [70.1433892156331, 29.320517545925757], [70.14352613804391, 29.32043570296325], [70.14892305252945, 29.317537100103902], [70.14907009924131, 29.317466792894074], [70.14922308199131, 29.317410560186232], [70.14938065712968, 29.317368895873077], [70.16287294334354, 29.31447029301373], [70.16305456433425, 29.314441222868208], [70.16323823974491, 29.314431496556583], [70.174032068716, 29.314431496556583], [70.1741813805272, 29.314437917825366], [70.17432958977129, 29.314457134214962], [70.17447560202281, 29.31448900382529], [70.17461833907969, 29.31453329132074], [70.182713710808, 29.317431894180086], [70.18286251043993, 29.317493077267077], [70.18300501947421, 29.317567749053886], [70.18314001834399, 29.317655270512706], [70.19114435560205, 29.32338728521], [70.20159564423209, 29.32900051758343], [70.21720738460036, 29.331795462447577], [70.23294863479511, 29.3289773316467], [70.24067847161317, 29.326209611045964], [70.24857629361395, 29.320553873372052], [70.24870714408293, 29.32046878420282], [70.24884509633772, 29.320395769222515], [70.24898903925563, 29.32033541652303], [70.24913781346275, 29.32028821220918], [70.25993164243384, 29.317389609349835], [70.26008006616007, 29.31735663276012], [70.26023080286063, 29.31733674545056], [70.26038270048471, 29.31733009941593], [70.27073904345089, 29.31733009941593], [70.28089369464351, 29.311876186617894], [70.28339588069471, 29.309188412460255], [70.28352400263721, 29.309064221254694], [70.28366417521076, 29.308953811394126], [70.28381492291858, 29.30885834508448], [70.28397465894693, 29.30877882723157], [70.28414170186849, 29.30871609486318], [70.28431429334145, 29.308670808318247], [70.28449061661834, 29.308643444295964], [70.28466881566966, 29.30863429083789], [70.3008595591263, 29.30863429083789], [70.30103570235495, 29.30864323377079], [70.30121003409357, 29.308669970598693], [70.30138076148177, 29.308714226355033], [70.30154612872704, 29.308775545905295], [70.30579410193954, 29.310600764716252], [70.31072043981185, 29.3119236962803], [70.31195202427992, 29.313246627844343], [70.3150384149409, 29.314572751623988], [70.31518311371522, 29.314643020762293], [70.31532070117548, 29.314726358496042], [70.3154500002919, 29.314822051889664], [70.3155699049396, 29.314929282307688], [70.31567938936126, 29.315047132417998], [70.34259984207169, 29.346856000819148], [70.3581360003934, 29.361458421859275], [70.36442384671784, 29.366711702772037], [70.36963108160502, 29.372305160283243], [70.37092031361688, 29.374382442555884], [70.37499083965609, 29.37875488108457], [70.37509193295253, 29.378873745872117], [70.37518196532575, 29.379001193367465], [70.37526021201548, 29.37913619761869], [70.37532604313608, 29.379277671842], [70.37537892874725, 29.37942447717035], [70.37795974996136, 29.387741202333277], [70.40433388263718, 29.41607151462252], [70.41442421804267, 29.418781199493058], [70.45983908172991, 29.418781199493058], [70.4699294171354, 29.41607151462252], [70.47768480217431, 29.407740909678036], [70.4778129241168, 29.407616718472475], [70.47795309669036, 29.407506308611907], [70.47810384439818, 29.407410842302262], [70.47826358042653, 29.407331324449352], [70.47843062334809, 29.40726859208096], [70.47860321482105, 29.40722330553603], [70.47877953809794, 29.407195941513745], [70.47895773714926, 29.40718678805567], [70.48975156612035, 29.40718678805567], [70.4899278473958, 29.407195745047858], [70.49010231291142, 29.407222523764204], [70.4902731656103, 29.407266848374405], [70.4904386456489, 29.407328262319215], [70.49059704852391, 29.407406133013147], [70.4907467426294, 29.407499658360358], [70.49088618606281, 29.407607875016495], [70.49101394250718, 29.407729668311504], [70.49112869602568, 29.40786378373112], [70.49122926461625, 29.408008839838807], [70.4966261791018, 29.416704648416847], [70.49669858865677, 29.416833184634537], [70.49675984410537, 29.416967395188994], [70.496809504672, 29.417106314341854], [70.49942778347949, 29.425543747017468], [70.5072984096475, 29.43681627175436], [70.51073690260876, 29.440509799067435], [70.5229104633808, 29.444868625227176], [70.52483151027639, 29.444868625227176], [70.5250097093277, 29.44487777868525], [70.5251860326046, 29.444905142707533], [70.52535862407755, 29.444950429252465], [70.52552566699912, 29.445013161620857], [70.52568540302747, 29.445092679473767], [70.52583615073529, 29.445188145783412], [70.52597632330884, 29.44529855564398], [70.52610444525133, 29.44542274684954], [70.53940046027363, 29.459704932444566], [70.54436622826566, 29.462371972906137], [70.55474399466682, 29.465158845242602], [70.56530836891797, 29.465158845242602], [70.56547406242849, 29.465166756215652], [70.5656382485497, 29.46519041716508], [70.56579943360568, 29.46522961283645], [70.56595615122257, 29.465283986648895], [70.56610697566884, 29.46535304393908], [70.56625053482585, 29.465436156461386], [70.57951429143792, 29.47398467720102], [70.58959448410292, 29.476691638313685], [70.59993725502314, 29.473914163754547], [70.60010605173821, 29.473877711806473], [70.60027763133509, 29.473858179334247], [70.60045030216963, 29.473855758913164], [70.6006223618389, 29.47387047440673], [70.60079211396558, 29.473902180731393], [70.62487912563671, 29.479651859539334], [70.64086517171559, 29.479651859539334], [70.64103209485523, 29.4796598886377], [70.64119747674394, 29.47968390179774], [70.64135979036162, 29.479723677298814], [70.64143438780728, 29.47974976713589], [70.64157590444424, 29.480077672335845], [70.64093702400001, 29.478597336], [70.639168906, 29.474502256], [70.638257871, 29.472733371], [70.637580446, 29.471418259], [70.63733722, 29.469838757], [70.63726993200629, 29.469401508474476], [70.63715084949406, 29.4692096361122], [70.63687337603102, 29.46682520589593], [70.636438095, 29.463997507], [70.636178541, 29.46231137], [70.63625660760394, 29.461525090858466], [70.63453552989905, 29.44673524523129], [70.6347072954343, 29.446089476151496], [70.634654416, 29.445650075], [70.63500223216796, 29.444980633083304], [70.63582784571906, 29.441876659387937], [70.635879437, 29.440393696], [70.635949098, 29.438391343], [70.63740244, 29.434801369], [70.63743507400001, 29.434335198], [70.637039603, 29.433049142], [70.637069863, 29.431128797], [70.63729051300001, 29.430663698], [70.637864539, 29.429453738], [70.63820324800001, 29.428739797], [70.63861104, 29.427068087], [70.638788166, 29.426341985], [70.638803232, 29.42538591], [70.638818427, 29.424421628], [70.638986843, 29.422478728], [70.639052886, 29.42171684], [70.639151271, 29.42058182], [70.638914624, 29.419400828], [70.638684642, 29.418253093], [70.638234116, 29.416004727], [70.63813891800001, 29.415529641], [70.637956978, 29.415099593], [70.637334216, 29.413628047], [70.637049413, 29.412955237], [70.63681016000001, 29.412389903], [70.636225185, 29.412038411], [70.635811196, 29.41178966], [70.63510479300001, 29.411408765], [70.633808449, 29.411392033], [70.633609366, 29.412780691], [70.63349959700001, 29.413550589], [70.63154302, 29.415689756], [70.629880899, 29.416629974], [70.628782032, 29.416618244], [70.628174123, 29.416609026], [70.627682429, 29.416600818], [70.627327502, 29.415846844], [70.626887238, 29.414911672], [70.626772469, 29.413617662], [70.62666338666627, 29.4123882553528], [70.62641358997456, 29.412455336405017], [70.62641358997456, 29.41105899636932], [70.626313468, 29.41055259], [70.625891325, 29.408417445], [70.625765977, 29.407826232], [70.625380678, 29.406008967], [70.623199741, 29.405019905], [70.622403898, 29.405010866], [70.621652716, 29.405002334], [70.62045145, 29.404988691], [70.619067173, 29.405930693], [70.618778336, 29.407732259], [70.618547714, 29.40879641], [70.618170854, 29.410481224], [70.617582127, 29.412879036], [70.616802975, 29.413637165], [70.615630562, 29.41477795], [70.614879266, 29.415131047], [70.613989875, 29.415549046], [70.613141973, 29.415947546], [70.610943336, 29.415919192], [70.609593649, 29.415299561], [70.609585836, 29.414078731], [70.609368696, 29.411577678], [70.60911448517004, 29.40976116427322], [70.60752438927516, 29.40292902858545], [70.60752438927516, 29.398651944970926], [70.607402743, 29.398110234], [70.607130988, 29.396899152], [70.60713939, 29.396443485], [70.607447043, 29.396053226], [70.608538089, 29.394752172], [70.61060247600001, 29.394178006], [70.611019886, 29.394061913], [70.61126999779272, 29.393992349720058], [70.61211509033063, 29.393084576342], [70.62242702906705, 29.390315381537558], [70.62259351712135, 29.390261558861585], [70.62275375451553, 29.390191279916145], [70.62290611936346, 29.39010525604861], [70.62304906946306, 29.390004357972845], [70.6231811579062, 29.389889606956043], [70.62330104772396, 29.389762164481688], [70.62340752541905, 29.389623320493286], [70.62349951324869, 29.389474480337856], [70.62357608013313, 29.38931715054133], [70.62363645107995, 29.389152923559838], [70.62368001502824, 29.388983461661233], [70.62370633103372, 29.388810480100002], [70.62371513273179, 29.388635729755855], [70.62371513273179, 29.382555451799792], [70.62256966000001, 29.37598547], [70.622312233, 29.374508972], [70.621866854, 29.373284538], [70.62134507200001, 29.371850058], [70.621193638, 29.371433768], [70.620708481, 29.370100072], [70.620374773, 29.369258347], [70.61902301, 29.36662653], [70.618608295, 29.365819099], [70.618086557, 29.365173082], [70.617810941, 29.364831812], [70.616452545, 29.363149841], [70.613108964, 29.361636888], [70.612094356, 29.361177785], [70.609822578, 29.359739675], [70.609852833, 29.358059484], [70.61033415, 29.357048139], [70.612350238, 29.356409561], [70.613175389, 29.35641968], [70.61385902088475, 29.356428063472553], [70.61515353426282, 29.35503753553694], [70.6152594221295, 29.354912462916992], [70.61535306777643, 29.354777979113585], [70.61543363974758, 29.35463527817443], [70.61550042266475, 29.35448562710513], [70.61555282357932, 29.35433035461973], [70.61559037723677, 29.354170839343404], [70.61641090343107, 29.34976391464717], [70.615810443, 29.348951855], [70.615491895, 29.348521052], [70.614752335, 29.346718099], [70.614453096, 29.344908897], [70.614477496, 29.343582811], [70.61546123, 29.343194165], [70.616128447, 29.343008088], [70.616980422, 29.341338149], [70.617088624, 29.340818246], [70.617279532, 29.339899552], [70.617209595, 29.339191654], [70.61704128400001, 29.337491969], [70.616470429, 29.336460251], [70.615972282, 29.335559946], [70.61553378100001, 29.333922547], [70.615198123, 29.332669174], [70.615214167, 29.331538742], [70.615232199, 29.330268501], [70.615265666, 29.328277278], [70.615292714, 29.326667959], [70.61582817936161, 29.32582532295224], [70.6156923043181, 29.325095558212226], [70.61780303277216, 29.32056099421375], [70.617825639, 29.320435325], [70.618166771, 29.318538946], [70.619117237, 29.316611846], [70.61958151200001, 29.315670986], [70.621288021, 29.315024714], [70.621894785, 29.314919565], [70.622700198, 29.314705293], [70.624862285, 29.313797223], [70.625506193, 29.313483576], [70.626795673, 29.312524173], [70.62701748490815, 29.312359622427042], [70.62815870443409, 29.309907893988616], [70.628001652, 29.309012492], [70.62774880900001, 29.307570973], [70.627670155, 29.307122563], [70.627370716, 29.306465682], [70.62704557100001, 29.305752882], [70.626709453, 29.305015793], [70.626350209, 29.304227988], [70.625702881, 29.30339338], [70.62447333918412, 29.30180785375834], [70.62359324678565, 29.300862484566533], [70.6232152771826, 29.298832465793645], [70.623142963, 29.298661047], [70.62312643281152, 29.298355295831556], [70.62112201600065, 29.287589869929644], [70.621077973, 29.287550321], [70.61977194, 29.286377544], [70.618666167, 29.285919987], [70.617545258, 29.285456166], [70.6175194040038, 29.285445467963118], [70.61431808529278, 29.285445467963118], [70.6095603485857, 29.28289015802443], [70.60886136394456, 29.282139329422314], [70.608265979, 29.281809189], [70.607487734, 29.28137748], [70.606970878, 29.281090861], [70.60651618700001, 29.280718486], [70.60532043, 29.279739259], [70.60473958, 29.279263529], [70.603992591, 29.278650658], [70.60294166, 29.275999557], [70.60294506005096, 29.27578421098244], [70.60212747478961, 29.27490598510629], [70.60212747478961, 29.266995073473115], [70.601267288, 29.266542397], [70.599239579, 29.265704767], [70.59906327672158, 29.2656319380976], [70.59562819843919, 29.26747686778067], [70.59635736100347, 29.268340155174087], [70.5966582386875, 29.269284956219273], [70.59644694096383, 29.26935245760314], [70.5951848274902, 29.267714995752485], [70.5951230476498, 29.26774817679], [70.58891552478248, 29.263302885298383], [70.587799546, 29.262841112], [70.586750033, 29.262054168], [70.586172013, 29.26162076], [70.585820821, 29.261233735], [70.584608661, 29.25989738], [70.583748943, 29.258949659], [70.58344308762544, 29.257734372584505], [70.58304250041205, 29.257304073662684], [70.58049962331508, 29.249109623840685], [70.57786708796735, 29.23214287476945], [70.576704743, 29.231615262], [70.575939213, 29.231267771], [70.575014517, 29.23115851], [70.57038497500001, 29.230611488], [70.569099724, 29.230459624], [70.56786681117048, 29.230372013635535], [70.56574585492288, 29.230372013635535], [70.56542245108764, 29.230198318224193], [70.564992415, 29.23016776], [70.563813693, 29.229566601], [70.56156382600001, 29.228419148], [70.560643037, 29.227949593], [70.559696635, 29.227009536], [70.559380234, 29.226694941], [70.557947638, 29.225271588], [70.555591235, 29.222659198], [70.553546843, 29.21981318], [70.55311793300001, 29.219209858], [70.552589716, 29.218001184], [70.552659071, 29.216309026], [70.553441966, 29.216090598], [70.55590911, 29.216121812], [70.557077358, 29.216458604], [70.55707776006479, 29.216458719910673], [70.56800682616074, 29.216458719910673], [70.56817109803846, 29.21645094440941], [70.56833390105199, 29.216427687431555], [70.56840361287036, 29.21641088697084], [70.568577579, 29.216010602], [70.569082089, 29.214849762], [70.571371502, 29.208637687], [70.572364168, 29.206667253], [70.574149947, 29.203122492], [70.574745037, 29.201941242], [70.575389801, 29.200639018], [70.575946215, 29.199283851], [70.578142299, 29.19393521], [70.57847798200001, 29.193117641], [70.578700001, 29.192257074], [70.579413525, 29.18948868], [70.579613388, 29.188712867], [70.579669243, 29.18729732], [70.579689459, 29.185929196], [70.579268196, 29.184707584], [70.578143007, 29.181444672], [70.57808958471705, 29.1812897535491], [70.57499880275176, 29.176309713861873], [70.57244444511912, 29.168078267885523], [70.57244444511912, 29.164367171196986], [70.572275083, 29.161423869], [70.572189612, 29.159938474], [70.572418668, 29.158182573], [70.57244444511912, 29.15798492377945], [70.57244444511912, 29.151177639271392], [70.5736974905574, 29.146466694211938], [70.573937516, 29.142843391], [70.574025223, 29.141519416], [70.574171498, 29.139311326], [70.574668902, 29.137153218], [70.574967471, 29.135857805], [70.57556489400001, 29.13326574], [70.576337905, 29.129911994], [70.576627846, 29.128654071], [70.57682019500001, 29.127819556], [70.57695054, 29.126854988], [70.57703979707428, 29.126194473569296], [70.57518272164505, 29.116220396411624], [70.574525107, 29.116018845], [70.572943953, 29.115534238], [70.569048111, 29.11499547], [70.56601941000001, 29.114816123], [70.565517186, 29.114786365], [70.564914532, 29.114750596], [70.563898096, 29.114690412], [70.562929953, 29.113640833], [70.562551775, 29.113230846], [70.562316655, 29.112875452], [70.5616464082117, 29.11186234193847], [70.56127106489296, 29.11178170540292], [70.56098659754456, 29.110865006198186], [70.560950629, 29.110810638], [70.56087224924089, 29.11049651751357], [70.55895215890526, 29.1043090049799], [70.55895215890526, 29.09773987163746], [70.558894588, 29.097423248], [70.55878769600001, 29.096834608], [70.558181066, 29.093639539], [70.557579712, 29.09235527], [70.556640318, 29.090348672], [70.553711837, 29.08608089], [70.553226541, 29.085373559], [70.552840539, 29.084810909], [70.552449566, 29.083601283], [70.55211665868701, 29.082571302798797], [70.55199236397956, 29.08255222480105], [70.55181608270411, 29.082543267808862], [70.5466486229385, 29.082543267808862], [70.52535103631628, 29.076823958595632], [70.51732240891175, 29.07394925399498], [70.51718719659894, 29.073906969164728], [70.43090503281925, 29.050736532861514], [70.42287640541473, 29.04786182826086], [70.42274119310191, 29.04781954343061], [70.36889274095199, 29.03335894026641], [70.35551527358248, 29.027611068548683], [70.35527976203261, 29.027529323415184], [70.33376057207946, 29.02175050426805], [70.32573194467493, 29.018875799667395], [70.32559673236211, 29.018833514837144], [70.23931456858243, 28.99566307853393], [70.2312859411779, 28.992788373933276], [70.23115072886509, 28.992746089103026], [70.16638775503856, 28.975354471946947], [70.16622802039132, 28.97531953510524], [70.16606571068226, 28.975299753831642]], [[70.63517630594573, 29.467222754899204], [70.63421762152413, 29.4667544222591], [70.63517630594573, 29.466966939522763], [70.63517630594573, 29.467222754899204]], [[70.62876798612946, 29.42913139521969], [70.6286048991251, 29.42904484138709], [70.6240012787361, 29.417349842121553], [70.62876798612946, 29.42913139521969]], [[70.61822553591675, 29.458942033213773], [70.61790911812845, 29.45854141904091], [70.61857932705227, 29.459114865829818], [70.61822553591675, 29.458942033213773]], [[70.46968555658795, 29.202917576661882], [70.47117641088977, 29.20278153429659], [70.46923829875348, 29.20350199367648], [70.46968555658795, 29.202917576661882]], [[70.45941224595907, 29.21298723548631], [70.4588985260229, 29.213978806588116], [70.45721032553779, 29.21398043207069], [70.45941224595907, 29.21298723548631]], [[70.13430067135431, 29.24658032637069], [70.13585159712665, 29.247557660463155], [70.13249181782886, 29.246476272175364], [70.13430067135431, 29.24658032637069]]]}}, {"type": "Feature", "properties": {"na": "NA-189", "src": "tehsil-composition (final delim 2023): https://en.wikipedia.org/wiki/NA-189_Rajanpur-III", "approx": true, "tehsils": "Rojhan; Rajanpur (part: Kot Mithan area); De-Excluded (Tribal) Area (part)"}, "geometry": {"type": "MultiPolygon", "coordinates": [[[[70.590792137, 29.264079394], [70.589963424, 29.26373664], [70.58897927000001, 29.263329262], [70.58891552478248, 29.263302885298383], [70.5951230476498, 29.26774817679], [70.5951848274902, 29.267714995752485], [70.59273120425827, 29.264531673078174], [70.591662036, 29.264282294], [70.590792137, 29.264079394]]], [[[70.583372709, 29.25745473], [70.582718961, 29.254857123], [70.581417622, 29.25072284], [70.580897244, 29.24906963], [70.580787142, 29.247322695], [70.580566984, 29.243829538], [70.580429548, 29.241648881], [70.580481716, 29.238338976], [70.580488926, 29.237880412], [70.580431208, 29.237373891], [70.580142596, 29.235244229], [70.580000925, 29.234198832], [70.579200379, 29.232748084], [70.577984078, 29.232195979], [70.57786708796735, 29.23214287476945], [70.58049962331508, 29.249109623840685], [70.58304250041205, 29.257304073662684], [70.58344308762544, 29.257734372584505], [70.583372709, 29.25745473]]], [[[70.566633599, 29.230284382], [70.56542245108764, 29.230198318224193], [70.56574585492288, 29.230372013635535], [70.56786681117048, 29.230372013635535], [70.566633599, 29.230284382]]], [[[70.558722543, 29.216932892], [70.56027112000001, 29.217379329], [70.561501937, 29.217877248], [70.56272033, 29.218370142], [70.563323448, 29.218378061], [70.564357599, 29.218391477], [70.565866018, 29.218352885], [70.568009249, 29.217318329], [70.568326466, 29.216588397], [70.56840361287036, 29.21641088697084], [70.56833390105199, 29.216427687431555], [70.56817109803846, 29.21645094440941], [70.56800682616074, 29.216458719910673], [70.55707776006479, 29.216458719910673], [70.558722543, 29.216932892]]], [[[70.577858995, 29.18062107], [70.577369632, 29.179626015], [70.577040337, 29.178956919], [70.575352779, 29.175526487], [70.574413566, 29.173617273], [70.57387463100001, 29.171748682], [70.573485882, 29.170709639], [70.57317345, 29.169315136], [70.573030838, 29.168819809], [70.572618295, 29.167388465], [70.572517247, 29.165632377], [70.57244444511912, 29.164367171196986], [70.57244444511912, 29.168078267885523], [70.57499880275176, 29.176309713861873], [70.57808958471705, 29.1812897535491], [70.577858995, 29.18062107]]], [[[70.57310527300001, 29.152917945], [70.573161087, 29.152490007], [70.573440284, 29.150349356], [70.57358655, 29.148141397], [70.5736974905574, 29.146466694211938], [70.57244444511912, 29.151177639271392], [70.57244444511912, 29.15798492377945], [70.57310527300001, 29.152917945]]], [[[70.57761548, 29.121934342], [70.577759401, 29.120869306], [70.577505658, 29.11983793], [70.577275372, 29.118901898], [70.57698923400001, 29.117738845], [70.576355006, 29.117166337], [70.575370401, 29.116277918], [70.57518272164505, 29.116220396411624], [70.57703979707428, 29.126194473569296], [70.57761548, 29.121934342]]], [[[70.56155716, 29.111727439], [70.56098659754456, 29.110865006198186], [70.56127106489296, 29.11178170540292], [70.5616464082117, 29.11186234193847], [70.56155716, 29.111727439]]], [[[70.560658847, 29.109641271], [70.56007344800001, 29.107295183], [70.559929452, 29.106718096], [70.559847352, 29.105844793], [70.55922850600001, 29.099262096], [70.559028462, 29.098159517], [70.55895215890526, 29.09773987163746], [70.55895215890526, 29.1043090049799], [70.56087224924089, 29.11049651751357], [70.560658847, 29.109641271]]], [[[70.552061504, 29.08240066], [70.55179905700001, 29.08142059], [70.551577079, 29.080591642], [70.551287404, 29.079509888], [70.551257148, 29.078569921], [70.551147467, 29.075162463], [70.551109666, 29.073988048], [70.551380138, 29.072680441], [70.551650263, 29.071373778], [70.551737312, 29.070952821], [70.552000983, 29.069677743], [70.55261672, 29.068058441], [70.554000432, 29.064419478], [70.554060203, 29.063740332], [70.554129749, 29.062950116], [70.55432522800001, 29.060728987], [70.55435838400001, 29.059371667], [70.554386168, 29.057700577], [70.55425197400001, 29.056969277], [70.554161084, 29.056476222], [70.554010891, 29.05566262], [70.553911705, 29.055125912], [70.55363233, 29.053609943], [70.552856294, 29.051998236], [70.55227497700001, 29.05079093], [70.551304819, 29.048776062], [70.551115897, 29.0483837], [70.550723935, 29.047569656], [70.549700657, 29.045598668], [70.54520452700001, 29.036938446], [70.544591024, 29.035756747], [70.54357034600001, 29.033790767], [70.543324026, 29.033423852], [70.54068007100001, 29.029485439], [70.53983154, 29.028221475], [70.539892062, 29.026661433], [70.540206647, 29.025879386], [70.540468163, 29.025229273], [70.54072448, 29.024848367], [70.542709686, 29.021898199], [70.54575124, 29.01747904], [70.546059299, 29.017031359], [70.544424085, 29.01523975], [70.542670614, 29.013318573], [70.541301753, 29.011770267], [70.540776776, 29.011176472], [70.539728137, 29.009990367], [70.538711907, 29.009159377], [70.537698235, 29.00833048], [70.536345366, 29.007224214], [70.53566871800001, 29.006670907], [70.535314272, 29.006394821], [70.533541546, 29.005014244], [70.531768618, 29.003633787], [70.531414679, 29.003358222], [70.531038461, 29.003071173], [70.528396977, 29.001143642], [70.526989699, 29.000119495], [70.52530417700001, 28.999310943], [70.520582063, 28.99712783], [70.517431595, 28.995768817], [70.51641546, 28.995181278], [70.515410375, 28.994600126], [70.51293973700001, 28.994220389], [70.510787668, 28.994466226], [70.509798896, 28.994719149], [70.509158246, 28.994888578], [70.507706844, 28.995297748], [70.505788034, 28.995838687], [70.505053197, 28.995985946], [70.50377176900001, 28.996242377], [70.50291596400001, 28.996322675], [70.500669379, 28.996533467], [70.499299062, 28.996662041], [70.498132634, 28.996478641], [70.49735727, 28.996357059], [70.496465094, 28.996216931], [70.495707332, 28.996097912], [70.49495042400001, 28.995880785], [70.493055421, 28.995336724], [70.491494619, 28.994888723], [70.490319154, 28.994551326], [70.48943797, 28.994122699], [70.48672244, 28.992801809], [70.48615942500001, 28.992399908], [70.4842742, 28.99160626], [70.482203706, 28.990596517], [70.48155100800001, 28.990278127], [70.481324571, 28.989571251], [70.480914987, 28.988292644], [70.480856446, 28.98768433], [70.48085097100001, 28.986785355], [70.480844499, 28.98570248], [70.480841302, 28.985167345], [70.480965024, 28.984427913], [70.481065788, 28.983826213], [70.48126992600001, 28.982607575], [70.48203101, 28.980204786], [70.482178239, 28.979739813], [70.482312718, 28.979315234], [70.482582275, 28.978468428], [70.48271856800001, 28.978059414], [70.48463400300001, 28.972367719], [70.484769389, 28.971960529], [70.485015503, 28.97117776], [70.48611623100001, 28.967654876], [70.486617893, 28.966049193], [70.486763163, 28.965553142], [70.48687331500001, 28.965052411], [70.487293538, 28.963142172], [70.48769055400001, 28.960769758], [70.48770037, 28.958221155], [70.486664571, 28.956510544], [70.485680627, 28.9554107], [70.485217061, 28.95489253], [70.483751214, 28.95398808], [70.481774167, 28.953334833], [70.480674951, 28.953245254], [70.480042876, 28.953193747], [70.47960167, 28.953157796], [70.478928462, 28.953161722], [70.47844450800001, 28.953163959], [70.47759124000001, 28.953168505], [70.474228958, 28.953188989], [70.473041681, 28.952972898], [70.471825603, 28.952751564], [70.47091232800001, 28.95255599], [70.46937518300001, 28.95202295], [70.468970317, 28.951882536], [70.468309066, 28.95154874], [70.46711061900001, 28.950901468], [70.466712651, 28.950648873], [70.466149196, 28.950281548], [70.465606128, 28.949813163], [70.465019626, 28.949307313], [70.46480003, 28.947988861], [70.464678184, 28.947499744], [70.464035346, 28.945030803], [70.463868606, 28.9443916], [70.463483503, 28.942765649], [70.463171463, 28.941448176], [70.462714172, 28.940397572], [70.462488185, 28.939878389], [70.461237192, 28.938822715], [70.459787737, 28.937927692], [70.45935381400001, 28.937766462], [70.457863134, 28.937212066], [70.45706778600001, 28.936916333], [70.456448408, 28.936714226], [70.455827105, 28.936570147], [70.455009533, 28.936380554], [70.454178941, 28.93618794], [70.452905651, 28.936077329], [70.44992027500001, 28.935817989], [70.447064405, 28.935303939], [70.445661733, 28.93505146], [70.44431955200001, 28.934961075], [70.442978959, 28.934870796], [70.442232905, 28.93487523], [70.441115872, 28.934881868], [70.439841123, 28.934889443], [70.43854949300001, 28.935051677], [70.435126705, 28.935483165], [70.43448581, 28.935586136], [70.430558828, 28.936296505], [70.42938706800001, 28.936508338], [70.428212588, 28.936720925], [70.426138533, 28.937246934], [70.42157074900001, 28.938405387], [70.419497328, 28.938931234], [70.417856553, 28.939465123], [70.414580826, 28.940531007], [70.413352828, 28.940930584], [70.412122392, 28.941330953], [70.410454916, 28.941706577], [70.407951145, 28.942270587], [70.405862021, 28.942739878], [70.405444892, 28.942828927], [70.400831959, 28.943799203], [70.399157341, 28.944151439], [70.397890882, 28.944544646], [70.39662794600001, 28.944936759], [70.388614395, 28.947424785], [70.388044468, 28.947584677], [70.38561073800001, 28.94808737], [70.383943554, 28.948431769], [70.382261602, 28.948779095], [70.380684371, 28.947216085], [70.377821448, 28.944378973], [70.375757969, 28.943658318], [70.36967094, 28.941532496], [70.368493455, 28.941127577], [70.366277497, 28.940424023], [70.363858408, 28.939655976], [70.362649014, 28.939272001], [70.36085666800001, 28.938823024], [70.358879644, 28.9383283], [70.35847313, 28.937985307], [70.357685921, 28.937320884], [70.356750254, 28.936531503], [70.355167328, 28.934636869], [70.354236402, 28.933522626], [70.352464658, 28.932283264], [70.351776926, 28.931802185], [70.3514025, 28.931540268], [70.349986612, 28.930549831], [70.348927971, 28.929404165], [70.34511018900001, 28.925272543], [70.344607252, 28.924728261], [70.344201171, 28.923995342], [70.34382083700001, 28.923309502], [70.343161272, 28.92211959], [70.34310078, 28.919677646], [70.343534456, 28.918826098], [70.344533848, 28.916865365], [70.345121655, 28.915712154], [70.346632494, 28.915000646], [70.347794424, 28.914453941], [70.348910962, 28.913928326], [70.350260097, 28.913221702], [70.352272922, 28.91216735], [70.35297198, 28.911801171], [70.355430392, 28.910601856], [70.358030661, 28.909333336], [70.35988809, 28.908427205], [70.361461853, 28.907299964], [70.361904146, 28.906983162], [70.362576701, 28.906501431], [70.365837719, 28.904165794], [70.36791121600001, 28.902680697], [70.369142235, 28.901838593], [70.370806926, 28.900699829], [70.371899846, 28.899363932], [70.374359572, 28.896357362], [70.375649687, 28.894850919], [70.37730860900001, 28.892913091], [70.377912218, 28.892208119], [70.378662187, 28.891209031], [70.379675455, 28.889859427], [70.380751535, 28.889063097], [70.381097104, 28.888810375], [70.385578068, 28.885533345], [70.385922653, 28.885281343], [70.38703765000001, 28.88454476], [70.391865635, 28.881355321], [70.39297960200001, 28.880619418], [70.39372128, 28.880129453], [70.394633632, 28.879469838], [70.395240997, 28.879030724], [70.39559368, 28.878775736], [70.403736214, 28.872888499], [70.40441066800001, 28.872401118], [70.404834246, 28.872024472], [70.407666076, 28.869506405], [70.40873447, 28.868471036], [70.409962769, 28.866277854], [70.41022762, 28.865172909], [70.410696275, 28.863220233], [70.411049452, 28.861748007], [70.411293437, 28.860812831], [70.411647236, 28.859456762], [70.411923146, 28.85839924], [70.411968398, 28.857509183], [70.412080996, 28.855307137], [70.412133249, 28.854288588], [70.411861036, 28.853110794], [70.411719432, 28.852578692], [70.411381985, 28.851311937], [70.411179236, 28.850550828], [70.410653303, 28.84948885], [70.409811651, 28.847789297], [70.40837339, 28.845042164], [70.407690985, 28.843738343], [70.4068254, 28.842219068], [70.405312189, 28.839562166], [70.40448, 28.838101187], [70.404160782, 28.837529538], [70.403523596, 28.836388481], [70.403099546, 28.835629104], [70.402462916, 28.834489043], [70.402021097, 28.833317428], [70.401580412, 28.832148821], [70.401191055, 28.831018326], [70.400671531, 28.829509889], [70.40038266, 28.828303391], [70.39999723400001, 28.826693622], [70.399611223, 28.825081407], [70.398298334, 28.819106412], [70.397923175, 28.817399055], [70.397423763, 28.815815457], [70.397049296, 28.814628052], [70.396549839, 28.81304431], [70.396394744, 28.812552507], [70.39617960800001, 28.81187031], [70.39414994900001, 28.805496124], [70.393609329, 28.803798296], [70.393306562, 28.803162166], [70.39292419, 28.802359138], [70.392736847, 28.801965694], [70.39083767400001, 28.797977198], [70.390077852, 28.796381478], [70.38937544800001, 28.795267618], [70.389104769, 28.794838565], [70.388220367, 28.793437182], [70.3879006, 28.792930321], [70.387484441, 28.792537046], [70.387013437, 28.792012991], [70.385654459, 28.790807498], [70.384870589, 28.790076054], [70.382820346, 28.788421162], [70.382188454, 28.787911141], [70.381400786, 28.787681781], [70.380162143, 28.787330048], [70.379139484, 28.787170281], [70.377916662, 28.787002639], [70.37715956800001, 28.786898846], [70.376217284, 28.787074523], [70.374640718, 28.787368455], [70.374119276, 28.787726065], [70.372710602, 28.78869221], [70.37124038, 28.790297415], [70.37056981900001, 28.791029541], [70.370222008, 28.791409351], [70.369433298, 28.792480558], [70.36864340400001, 28.793553372], [70.36574655000001, 28.797487809], [70.364419021, 28.799290827], [70.363362279, 28.800532189], [70.362250645, 28.801838029], [70.36155851, 28.803681189], [70.361116138, 28.805149663], [70.36049826700001, 28.807200714], [70.360165167, 28.807802119], [70.359463282, 28.809069361], [70.35898795, 28.809695586], [70.358035428, 28.81095049], [70.357548632, 28.811592121], [70.356707361, 28.812700158], [70.35523777, 28.814004248], [70.35433092800001, 28.814808965], [70.351808329, 28.817227209], [70.349839199, 28.820057529], [70.348823977, 28.821587437], [70.348177533, 28.82256161], [70.34643778, 28.824179366], [70.34502995000001, 28.824648166], [70.344434839, 28.824846334], [70.343620156, 28.825117619], [70.342158315, 28.825212503], [70.341522558, 28.825253768], [70.341079864, 28.825282502], [70.34057223900001, 28.825238054], [70.33603845200001, 28.824840929], [70.335237805, 28.824770966], [70.334437187, 28.824629388], [70.333636812, 28.824487941], [70.332034992, 28.82420503], [70.327869582, 28.823469003], [70.326620245, 28.823248246], [70.325370401, 28.823027399], [70.324066521, 28.822902108], [70.32015579, 28.822526325], [70.317981673, 28.822317413], [70.316229438, 28.821974441], [70.31316146200001, 28.821373932], [70.311846593, 28.821116566], [70.310530818, 28.820859023], [70.30935732, 28.820561969], [70.308395053, 28.820318385], [70.305211973, 28.819512631], [70.30258344, 28.818945887], [70.301267504, 28.818662235], [70.296774854, 28.817783498], [70.296324943, 28.817547332], [70.292728815, 28.816289555], [70.29056597, 28.815528259], [70.28955931, 28.815037569], [70.288067259, 28.814300436], [70.287350753, 28.813947562], [70.286053267, 28.81268068], [70.285807604, 28.812164933], [70.285414233, 28.81135002], [70.284897276, 28.810516649], [70.284441864, 28.809789386], [70.284339957, 28.808598464], [70.28442088300001, 28.807902311], [70.284537345, 28.80690046], [70.284638736, 28.806028245], [70.28565992300001, 28.8040102], [70.286540239, 28.803216068], [70.288351491, 28.801582141], [70.291670687, 28.798652475], [70.293332571, 28.797185625], [70.294328615, 28.796306474], [70.29532312, 28.79542868], [70.29642078, 28.794184438], [70.298612233, 28.791700957], [70.301481228, 28.788449375], [70.302628794, 28.787148778], [70.303410491, 28.786097175], [70.304191721, 28.785046202], [70.308099119, 28.779789654], [70.309692111, 28.777635987], [70.31082855800001, 28.775719554], [70.31481324900001, 28.768999966], [70.315051686, 28.768588958], [70.316329962, 28.765956379], [70.316630774, 28.765336442], [70.316909886, 28.764760985], [70.316858201, 28.762550196], [70.31662159000001, 28.761849085], [70.31578965300001, 28.759385804], [70.315501131, 28.758810251], [70.314477941, 28.757084734], [70.313922567, 28.756148146], [70.313021917, 28.755505932], [70.311490115, 28.75441336], [70.310841785, 28.753950836], [70.309709773, 28.753390532], [70.30912206900001, 28.753100001], [70.308264303, 28.752675548], [70.306570985, 28.751837458], [70.304928014, 28.751334236], [70.30290959700001, 28.75071537], [70.301330297, 28.750231369], [70.29975159700001, 28.749621002], [70.298687109, 28.749209442], [70.297484732, 28.749010142], [70.296093412, 28.748779667], [70.295323448, 28.74882987], [70.294592946, 28.748877489], [70.293180836, 28.748882433], [70.292359213, 28.748877353], [70.291367655, 28.749082811], [70.28920676, 28.749530563], [70.288290232, 28.749782082], [70.286348228, 28.750320238], [70.285648682, 28.750746625], [70.284996917, 28.751122801], [70.283673111, 28.751950648], [70.282984595, 28.752349568], [70.282082366, 28.752867517], [70.281421518, 28.753247101], [70.280341056, 28.753867168], [70.279223494, 28.75435775], [70.278480544, 28.754683885], [70.277079153, 28.755298894], [70.27660467, 28.755496979], [70.273482993, 28.756647848], [70.272987356, 28.75680026], [70.272331866, 28.756969539], [70.27174901, 28.75712006], [70.270928722, 28.757331899], [70.268633262, 28.757485038], [70.267390307, 28.757277952], [70.265121912, 28.756865595], [70.26408717000001, 28.756587907], [70.263136625, 28.756312932], [70.26195757900001, 28.755971927], [70.258246363, 28.754419002], [70.256229784, 28.753687763], [70.255439885, 28.753401374], [70.254059423, 28.753192427], [70.253298849, 28.753197953], [70.25259475700001, 28.753203068], [70.251501508, 28.75321101], [70.25017275, 28.753599607], [70.24966498500001, 28.753866827], [70.248217435, 28.754628636], [70.247533703, 28.755355891], [70.246520494, 28.756433599], [70.244464355, 28.758620625], [70.240570041, 28.762922118], [70.237026291, 28.766691835], [70.23523542400001, 28.768133739], [70.234841087, 28.768445686], [70.234116103, 28.769019208], [70.233459746, 28.769538442], [70.23210168700001, 28.769855234], [70.230789605, 28.770161308], [70.22922759100001, 28.769811789], [70.227646636, 28.768727925], [70.22723821000001, 28.768447913], [70.226833174, 28.767521939], [70.22660033000001, 28.766988449], [70.226311644, 28.765378648], [70.226328002, 28.763708125], [70.226733599, 28.762171675], [70.226972312, 28.761267427], [70.22761290400001, 28.759890667], [70.22798079200001, 28.759100004], [70.22853295, 28.757569018], [70.228572146, 28.75627329], [70.228466122, 28.75472036], [70.227846741, 28.753332922], [70.227621501, 28.752828368], [70.227366134, 28.752472182], [70.22660156500001, 28.751405765], [70.226080936, 28.750679593], [70.225362652, 28.750214809], [70.224196717, 28.749460359], [70.223558267, 28.749047233], [70.222747744, 28.748802276], [70.221526988, 28.748433339], [70.220973798, 28.748291612], [70.218430361, 28.747989547], [70.21784106, 28.747919559], [70.217193405, 28.748008133], [70.215708241, 28.748211247], [70.214411525, 28.748388588], [70.21216792700001, 28.750030222], [70.211284862, 28.750984318], [70.210817876, 28.751488868], [70.209510406, 28.75290151], [70.208744017, 28.75347851], [70.208136837, 28.753935641], [70.20710878, 28.754709642], [70.206432156, 28.755246915], [70.205671617, 28.755850961], [70.204902535, 28.756135318], [70.204187753, 28.756399597], [70.202659814, 28.756499191], [70.201231902, 28.75578604], [70.2005836, 28.75516069], [70.198803391, 28.753150488], [70.19811261000001, 28.752432586], [70.197310709, 28.751599199], [70.197174544, 28.749858203], [70.19723457900001, 28.747437338], [70.19725016800001, 28.746808654], [70.197586225, 28.745840467], [70.197790669, 28.745252041], [70.198210843, 28.74404271], [70.199033149, 28.743089037], [70.200121366, 28.741826975], [70.200539328, 28.741342244], [70.201176116, 28.740808116], [70.204420094, 28.738087749], [70.204992108, 28.737608045], [70.205604155, 28.737106764], [70.20933087600001, 28.734054498], [70.21136232, 28.732390701], [70.21244635, 28.731684357], [70.213528354, 28.730979334], [70.217499462, 28.728391797], [70.218036054, 28.728004851], [70.218617895, 28.727585328], [70.222339622, 28.724902789], [70.223465633, 28.72408368], [70.224110883, 28.723423812], [70.226315572, 28.72116901], [70.226890229, 28.720581503], [70.227360748, 28.719935353], [70.227682695, 28.719493232], [70.228988896, 28.717699466], [70.22963857900001, 28.716807273], [70.230125301, 28.715627378], [70.230525168, 28.714656989], [70.230910636, 28.713722094], [70.231049048, 28.712928799], [70.231237033, 28.711852719], [70.23148724500001, 28.710419691], [70.231598956, 28.70977989], [70.23166375800001, 28.70905275], [70.231770655, 28.707850022], [70.23204354, 28.704782647], [70.232122177, 28.703899713], [70.232012304, 28.703033365], [70.231686428, 28.70045981], [70.231568592, 28.69952832], [70.231104652, 28.698224248], [70.229594605, 28.694126398], [70.229131812, 28.692870507], [70.228295206, 28.69139085], [70.225857954, 28.687079972], [70.22553627900001, 28.686511019], [70.225295275, 28.68613872], [70.22493583900001, 28.685584009], [70.223112072, 28.682769025], [70.22226167, 28.681456349], [70.221623148, 28.680470733], [70.220809717, 28.679574322], [70.219182449, 28.67778105], [70.217694225, 28.676328675], [70.216590446, 28.675251482], [70.215553428, 28.674678684], [70.214512319, 28.674103866], [70.21319791, 28.673378002], [70.210749983, 28.672049352], [70.20805308300001, 28.671174333], [70.206502418, 28.670667894], [70.20476416000001, 28.670495345], [70.203459552, 28.670365444], [70.201010838, 28.670122048], [70.200565462, 28.670089628], [70.197437147, 28.669862269], [70.196096737, 28.669764985], [70.195202904, 28.669700144], [70.194506899, 28.669649584], [70.191717597, 28.669650043], [70.185041459, 28.669651089], [70.184256023, 28.669651274], [70.182931867, 28.669651312], [70.181242279, 28.669496516], [70.17828221, 28.669225618], [70.177060948, 28.669113807], [70.17624832700001, 28.669039408], [70.175373266, 28.668984301], [70.174500323, 28.668929222], [70.17320743, 28.668847725], [70.170622272, 28.66868477], [70.169970171, 28.668643664], [70.168038717, 28.668521915], [70.167012267, 28.668588502], [70.166564205, 28.668617568], [70.165221624, 28.668704664], [70.161191529, 28.668966105], [70.160296318, 28.669024179], [70.159400477, 28.669082295], [70.158544129, 28.669064777], [70.154694016, 28.668986858], [70.153337793, 28.668959356], [70.152069142, 28.668741631], [70.149959512, 28.668379575], [70.149538076, 28.668307247], [70.14903395, 28.668198658], [70.147415996, 28.667850039], [70.14541993, 28.667419756], [70.139643204, 28.666217442], [70.138108658, 28.665898704], [70.136457829, 28.665834176], [70.13490606500001, 28.665773274], [70.133604485, 28.665722298], [70.13230067500001, 28.665671234], [70.131426023, 28.665696395], [70.13011289900001, 28.66573417], [70.12398765600001, 28.665910377], [70.123357424, 28.665907064], [70.12133606, 28.665896435], [70.11972904800001, 28.665887985], [70.11809001200001, 28.665294351], [70.11727072100001, 28.664997616], [70.114569542, 28.663844308], [70.112688086, 28.663040995], [70.10900796700001, 28.66133196], [70.107022648, 28.660409985], [70.10554207, 28.65940687], [70.101465558, 28.65664497], [70.10035202, 28.65589053], [70.099401888, 28.655167369], [70.095930367, 28.652525135], [70.094909842, 28.651748395], [70.09380706, 28.650611018], [70.09298022, 28.649757995], [70.090257874, 28.646949904], [70.08926892800001, 28.646051409], [70.085634176, 28.642750438], [70.085151247, 28.6422823], [70.082336372, 28.639473006], [70.08195242100001, 28.639089813], [70.081688776, 28.638755994], [70.081403224, 28.638394428], [70.080837257, 28.637651564], [70.080372851, 28.636962394], [70.079797929, 28.636109219], [70.079489988, 28.635351618], [70.079262678, 28.634792386], [70.078728869, 28.633479098], [70.078576794, 28.631353936], [70.078649156, 28.62965167], [70.07874150100001, 28.627480756], [70.078878613, 28.626193636], [70.079024397, 28.624825115], [70.079127238, 28.623859719], [70.07970051400001, 28.622544625], [70.08026949900001, 28.621239375], [70.08103541, 28.620502695], [70.082311572, 28.619275238], [70.083108508, 28.618508718], [70.08428171300001, 28.618016568], [70.08816676500001, 28.616386816], [70.089019893, 28.616028935], [70.090252574, 28.61568991], [70.095398512, 28.614274615], [70.0968399, 28.613878189], [70.098104498, 28.613603926], [70.09979015, 28.613238345], [70.102740295, 28.612598524], [70.105690011, 28.611958797], [70.106998654, 28.611724542], [70.110051654, 28.611178037], [70.110924169, 28.611021851], [70.112229208, 28.610788241], [70.112985023, 28.610568428], [70.116912454, 28.609425401], [70.118201115, 28.609050396], [70.118992803, 28.608412187], [70.119978063, 28.607618214], [70.12062911400001, 28.607093481], [70.12123054700001, 28.606608738], [70.122568122, 28.604271441], [70.122524214, 28.603724981], [70.122472343, 28.603079442], [70.122077775, 28.602022781], [70.121797134, 28.601270114], [70.12159874800001, 28.600738515], [70.121243386, 28.600391561], [70.120830882, 28.599989002], [70.119348578, 28.598542437], [70.119007834, 28.598209909], [70.118476651, 28.597846153], [70.115842195, 28.596042588], [70.115263436, 28.595646947], [70.113443645, 28.59440896], [70.111978323, 28.593412174], [70.110171461, 28.592731972], [70.109448874, 28.592460243], [70.10688891400001, 28.591496826], [70.105049107, 28.590489378], [70.103946886, 28.589885822], [70.10296816600001, 28.589349893], [70.101893918, 28.588574929], [70.099603661, 28.586922958], [70.097063467, 28.585081725], [70.095736828, 28.584119918], [70.094814094, 28.58320576], [70.094508013, 28.582902523], [70.09405266, 28.582451406], [70.092421566, 28.58097503], [70.091112812, 28.579790421], [70.089805032, 28.577970534], [70.08943768200001, 28.577460107], [70.088231921, 28.575781413], [70.087037347, 28.57415397], [70.086200442, 28.573013595], [70.085639108, 28.572248767], [70.084978102, 28.571348163], [70.08413713, 28.570443346], [70.083299366, 28.569541982], [70.08264645300001, 28.568854058], [70.081889662, 28.568157073], [70.080896496, 28.567242395], [70.079243272, 28.565719824], [70.076739042, 28.563993177], [70.075460757, 28.563111178], [70.074727857, 28.561507489], [70.074180251, 28.56030925], [70.074160582, 28.559366665], [70.074145658, 28.558651319], [70.074129379, 28.557462161], [70.074516538, 28.555024117], [70.07469971, 28.553922299], [70.075179605, 28.553123666], [70.075461397, 28.552654822], [70.076406405, 28.551077355], [70.075429661, 28.550705359], [70.074100048, 28.550019303], [70.073561049, 28.549711806], [70.073078031, 28.549436247], [70.072247368, 28.548962358], [70.071611837, 28.548355597], [70.071298725, 28.548056659], [70.070985226, 28.547757353], [70.070671621, 28.547457944], [70.070267445, 28.547054525], [70.069450198, 28.546117961], [70.069160071, 28.545672109], [70.068480731, 28.544628135], [70.067688202, 28.543557796], [70.067230119, 28.542939139], [70.066928414, 28.542302384], [70.066515029, 28.54142993], [70.066018583, 28.540382172], [70.06563536, 28.53920323], [70.065451629, 28.538638667], [70.065061742, 28.53743969], [70.064918786, 28.53635494], [70.064707396, 28.534750902], [70.064670851, 28.532287244], [70.06464429, 28.531785302], [70.06459996000001, 28.531174381], [70.06455116, 28.53049934], [70.064379767, 28.529819129], [70.064127539, 28.528818131], [70.063551968, 28.528045038], [70.06324878400001, 28.527637804], [70.062653302, 28.527256382], [70.061959169, 28.526811778], [70.060732404, 28.525839606], [70.060288744, 28.525488017], [70.059729415, 28.525224663], [70.056722284, 28.523808786], [70.054988551, 28.523153825], [70.054359043, 28.522933977], [70.053498667, 28.522777844], [70.052524854, 28.522849689], [70.051625298, 28.522946782], [70.049405731, 28.523461899], [70.048672777, 28.523632002], [70.04789014, 28.523982083], [70.046306756, 28.524690348], [70.045776018, 28.524940754], [70.042726045, 28.526617231], [70.04153728300001, 28.527270656], [70.040477394, 28.52807676], [70.040124094, 28.528345465], [70.038918775, 28.529262183], [70.03735431, 28.530356502], [70.03700422700001, 28.530601466], [70.035949859, 28.531338893], [70.034836411, 28.532326727], [70.03446340500001, 28.532657532], [70.033231829, 28.533750285], [70.032020294, 28.534691398], [70.03134737500001, 28.535172178], [70.03024474, 28.535960674], [70.026692632, 28.538499939], [70.025357908, 28.539483191], [70.02368964, 28.540712155], [70.02248733, 28.541315223], [70.022028307, 28.541545465], [70.020502209, 28.542310941], [70.019275201, 28.542720256], [70.018567957, 28.543088425], [70.017813632, 28.542971718], [70.016220055, 28.542978211], [70.014871022, 28.542729238], [70.013839872, 28.542538933], [70.010548821, 28.541929305], [70.009412344, 28.541718787], [70.00808858900001, 28.54103737], [70.007716461, 28.540789688], [70.005767028, 28.539488907], [70.004561195, 28.53848922], [70.00342661900001, 28.537513042], [70.003050885, 28.537189764], [70.00214194, 28.536148998], [70.001591307, 28.534581233], [70.001152182, 28.533264265], [70.00101229900001, 28.531859182], [70.001339278, 28.530481601], [70.001613659, 28.529321884], [70.001732878, 28.52868562], [70.001631351, 28.527162251], [70.001551429, 28.526548447], [70.0013981, 28.5253708], [70.000746801, 28.524110641], [70.000151302, 28.522958443], [69.998970027, 28.520989196], [69.998570774, 28.520410613], [69.997609235, 28.519017188], [69.99712781800001, 28.518319537], [69.996589479, 28.517793926], [69.99608837400001, 28.51730506], [69.99553473600001, 28.516781245], [69.993914685, 28.515425928], [69.993527953, 28.51514746], [69.99253821100001, 28.514454117], [69.991877361, 28.513991174], [69.989951054, 28.513051968], [69.98890322, 28.512727967], [69.98782246, 28.512393787], [69.986861628, 28.512156438], [69.984511172, 28.511610037], [69.981460637, 28.51077351], [69.979802942, 28.510282149], [69.978598726, 28.509921474], [69.977400877, 28.509562704], [69.97654099600001, 28.509119864], [69.974310924, 28.507971377], [69.973267178, 28.50733797], [69.972579924, 28.506920904], [69.972103186, 28.506443295], [69.970978903, 28.505316957], [69.970720401, 28.504848886], [69.970105398, 28.503676469], [69.969509381, 28.502050542], [69.969337539, 28.501466221], [69.969120913, 28.500079706], [69.96903461, 28.499380152], [69.96897812200001, 28.496645606], [69.969239144, 28.4931885], [69.969460971, 28.492248137], [69.969667768, 28.491371487], [69.969716908, 28.489717738], [69.969762365, 28.488187961], [69.96988575, 28.486879114], [69.969926736, 28.486446987], [69.969979175, 28.485891585], [69.969980721, 28.484837423], [69.96998263, 28.483534202], [69.96998321800001, 28.483099558], [69.969989812, 28.478336238], [69.969991742, 28.477169544], [69.9699285, 28.475866386], [69.96978162900001, 28.472828234], [69.96972427300001, 28.471643152], [69.96962876, 28.469669692], [69.969294557, 28.468105358], [69.96839670300001, 28.463902692], [69.968249766, 28.463263034], [69.967899574, 28.461959761], [69.967598986, 28.460841088], [69.966858967, 28.459100382], [69.966438014, 28.458311084], [69.966170635, 28.457809743], [69.965148525, 28.456661325], [69.963790458, 28.455328123], [69.962614947, 28.454620329], [69.961337121, 28.453850935], [69.959147826, 28.452831386], [69.957171613, 28.451911069], [69.956744526, 28.451673941], [69.955965326, 28.451241314], [69.95479697200001, 28.450592621], [69.95323973, 28.449728009], [69.951847003, 28.448856343], [69.949932961, 28.447658402], [69.947621121, 28.446536346], [69.94653154800001, 28.44600752], [69.94546281800001, 28.445433511], [69.944039268, 28.444668932], [69.943297053, 28.444194997], [69.942073065, 28.443413199], [69.94145983300001, 28.443021858], [69.940750789, 28.442524988], [69.940040278, 28.44202748], [69.93920068700001, 28.44143936], [69.93850867, 28.440929758], [69.935739032, 28.438890196], [69.934703768, 28.438127828], [69.93371168, 28.437432825], [69.932722006, 28.436739509], [69.931849473, 28.436198898], [69.929701327, 28.434867936], [69.928246481, 28.433883868], [69.927520674, 28.433392927], [69.9264337, 28.432657691], [69.924831588, 28.431969797], [69.924037065, 28.431628657], [69.923307515, 28.431326103], [69.921482964, 28.430569432], [69.920661351, 28.430417319], [69.919748208, 28.43024826], [69.917050042, 28.429108754], [69.91610025, 28.428559878], [69.914909627, 28.427871827], [69.913195525, 28.427359128], [69.912341301, 28.427103624], [69.911914084, 28.426975841], [69.910891437, 28.426694184], [69.910297075, 28.426602708], [69.907446835, 28.426164037], [69.906440379, 28.426009136], [69.905252833, 28.42605878], [69.902610459, 28.42616924], [69.899265309, 28.426752984], [69.898654416, 28.426909251], [69.897479521, 28.427219217], [69.896129582, 28.428025085], [69.895590551, 28.428358114], [69.89450037200001, 28.429031658], [69.893654014, 28.429975871], [69.893368998, 28.430293839], [69.892708986, 28.431030159], [69.889310166, 28.434405165], [69.888380988, 28.435327833], [69.887589738, 28.43620632], [69.886663177, 28.437235009], [69.88545989100001, 28.438570985], [69.884749578, 28.439414211], [69.882699038, 28.441848447], [69.880998259, 28.443241394], [69.879219539, 28.444698174], [69.877065388, 28.447281362], [69.875748852, 28.448860108], [69.87401791100001, 28.450579364], [69.873067381, 28.451326891], [69.87117009100001, 28.452818981], [69.869378613, 28.454327364], [69.868794077, 28.454816361], [69.868112325, 28.45537054], [69.866859727, 28.456388302], [69.865620901, 28.456786228], [69.864035063, 28.457291922], [69.861878357, 28.45773966], [69.861392294, 28.457795239], [69.860081987, 28.457898604], [69.859550244, 28.457940551], [69.859112675, 28.457882344], [69.85862722600001, 28.457817869], [69.856832214, 28.457579288], [69.856305717, 28.45748037], [69.85540880100001, 28.457311851], [69.854088861, 28.456630376], [69.85349733000001, 28.455649751], [69.853037494, 28.454101821], [69.853269274, 28.452794388], [69.85351276, 28.45142089], [69.853913086, 28.450680246], [69.854770443, 28.449095857], [69.855633384, 28.447500796], [69.855877331, 28.447049886], [69.856348106, 28.446354041], [69.858258891, 28.443528225], [69.858826195, 28.442689342], [69.859533733, 28.441581266], [69.85992932, 28.440955296], [69.860396131, 28.440216493], [69.861329069, 28.43873997], [69.86188739100001, 28.43740712], [69.862857008, 28.435090533], [69.864566979, 28.431234544], [69.864874076, 28.430097035], [69.865077088, 28.429238703], [69.865135258, 28.428299861], [69.865192966, 28.427368617], [69.864543983, 28.426135466], [69.864107231, 28.425754354], [69.863540396, 28.425309066], [69.862789032, 28.425042125], [69.860953206, 28.424391953], [69.858719576, 28.423971898], [69.857637692, 28.42376952], [69.856670819, 28.423908464], [69.856045179, 28.423998394], [69.85534928300001, 28.424098423], [69.852340362, 28.42453093], [69.850549943, 28.424650725], [69.84965375, 28.424710688], [69.848757595, 28.424770649], [69.848152133, 28.424801628], [69.847618703, 28.424805378], [69.844611435, 28.424826474], [69.843022677, 28.424837621], [69.841780619, 28.424388262], [69.83970174000001, 28.423636162], [69.83822935, 28.423078986], [69.837409937, 28.422768715], [69.836770361, 28.422359861], [69.834830626, 28.421119869], [69.833844146, 28.42047776], [69.832861437, 28.419838106], [69.831991564, 28.418651764], [69.831260351, 28.416187709], [69.831117442, 28.415506449], [69.830834534, 28.414156681], [69.830719572, 28.413608344], [69.830139656, 28.411891943], [69.829209197, 28.410261549], [69.828692736, 28.409560433], [69.827319129, 28.407695709], [69.826977602, 28.407279908], [69.826011008, 28.406159954], [69.82515939000001, 28.405173157], [69.824370739, 28.404259322], [69.823345067, 28.403407453], [69.82197728700001, 28.402271191], [69.82120463000001, 28.401629381], [69.820519259, 28.401060075], [69.81957972500001, 28.400418893], [69.818953776, 28.3999918], [69.817124394, 28.398743442], [69.816403138, 28.398251262], [69.815669574, 28.397850699], [69.813481286, 28.396655777], [69.812757562, 28.396260586], [69.812346906, 28.396101148], [69.80992919, 28.395162467], [69.809128907, 28.394851757], [69.808058445, 28.394651658], [69.807354387, 28.394520361], [69.806590869, 28.394414949], [69.805386369, 28.394452476], [69.80476849, 28.39447199], [69.804335678, 28.394522618], [69.803903006, 28.394573228], [69.80201409, 28.394794185], [69.80140843800001, 28.395133842], [69.800851506, 28.395516343], [69.799710825, 28.396299854], [69.797140939, 28.39681783], [69.78727988700001, 28.398805387], [69.785565607, 28.399150911], [69.784279663, 28.399410101], [69.782945705, 28.399552906], [69.781168289, 28.399743184], [69.75138881, 28.402932465], [69.749675089, 28.404224848], [69.748512268, 28.405101776], [69.742027283, 28.410303116], [69.735023499, 28.416334152], [69.732170105, 28.419073105], [69.730941356, 28.419678316], [69.726074219, 28.421646118], [69.716072083, 28.424291611], [69.71144104000001, 28.425394058], [69.70045471200001, 28.426748276], [69.694602966, 28.428289413], [69.687095642, 28.429906845], [69.68610471400001, 28.429950265], [69.681480408, 28.430152893], [69.675369263, 28.429536819], [69.674930314, 28.429448755], [69.668029785, 28.428064346], [69.659212721, 28.427769547], [69.656791687, 28.427688599], [69.647026062, 28.428382874], [69.638969421, 28.429718018], [69.62701416, 28.43214798], [69.619697571, 28.434555054], [69.613113403, 28.436527252], [69.606773376, 28.439146042], [69.605946195, 28.439543593], [69.604827881, 28.440448761], [69.60483551, 28.441959381], [69.605583191, 28.444112778], [69.61000824, 28.448839188], [69.61541748, 28.454423904], [69.620582581, 28.459579468], [69.625, 28.463010788], [69.625991821, 28.464946747], [69.625999451, 28.466241837], [69.62454223600001, 28.467544556], [69.615020752, 28.469530106], [69.595726013, 28.472854614], [69.578636169, 28.475517273], [69.568312788, 28.476288181], [69.564712524, 28.47665596], [69.538375854, 28.481590271], [69.521278381, 28.484462738], [69.511993408, 28.484928131], [69.504417419, 28.484956741], [69.484855652, 28.484165192], [69.475563049, 28.483764648], [69.46945190400001, 28.482707977], [69.462844849, 28.480571747], [69.456835843, 28.479278302], [69.44670105, 28.47782135], [69.437156677, 28.475261688], [69.433479309, 28.473762512], [69.431030273, 28.472475052], [69.428825378, 28.47010994], [69.427101135, 28.466661453], [69.424880981, 28.461490631], [69.421188354, 28.455028534], [69.418487549, 28.451368332], [69.418163886, 28.451013185], [69.416526794, 28.449216843], [69.413589478, 28.44814682], [69.404335665, 28.447328293], [69.394058228, 28.446418762], [69.377685547, 28.44560051], [69.363761902, 28.445636749], [69.353248596, 28.466457367], [69.347969055, 28.483848572], [69.34462738, 28.493551254], [69.340385437, 28.501216888], [69.338409424, 28.512151718], [69.332748413, 28.523046494], [69.327560425, 28.533136368], [69.32131958, 28.543546677], [69.321937561, 28.549612045], [69.324691772, 28.554906845], [69.332794189, 28.558368683], [69.344047546, 28.564065933], [69.35775756800001, 28.571100235], [69.372428894, 28.575304031], [69.38659668000001, 28.582746506], [69.39804840100001, 28.586509705], [69.411346436, 28.590288162], [69.420921326, 28.597682953], [69.42949676500001, 28.611558914], [69.439414978, 28.628692627], [69.45117950400001, 28.645843506], [69.462478638, 28.664205551], [69.469276428, 28.673599243], [69.484398509, 28.701897549], [69.487113953, 28.70614624], [69.49573516800001, 28.717988968], [69.50390625, 28.728610992], [69.513877869, 28.743713379], [69.52430725100001, 28.758817673], [69.53291320800001, 28.773094177], [69.535552979, 28.784479141], [69.537757874, 28.793424606], [69.53767395, 28.801134109], [69.535301208, 28.807607651], [69.531982422, 28.815288544], [69.525413513, 28.82572937], [69.52166748, 28.830568314], [69.517951965, 28.832969666], [69.511917114, 28.83657074], [69.504051208, 28.838125229], [69.496200562, 28.839273453], [69.490653992, 28.840036392], [69.486480713, 28.841621399], [69.484603882, 28.844446182], [69.483177185, 28.848491669], [69.483139038, 28.851737976], [69.483078003, 28.856607437], [69.487609863, 28.863952637], [69.488006592, 28.869638443], [69.48878479000001, 28.882225037], [69.488731384, 28.88669014], [69.489601135, 28.89156723], [69.492774963, 28.896465302], [69.500083923, 28.903022766], [69.507415771, 28.907958984], [69.514305115, 28.91126442], [69.523025513, 28.915803909], [69.52990722700001, 28.919921875], [69.535873413, 28.923625946], [69.54181671100001, 28.928546906], [69.545898437, 28.935480118], [69.5495224, 28.942409515], [69.552215576, 28.949333191], [69.555419922, 28.951795578], [69.559112549, 28.952636719], [69.565574646, 28.952690125], [69.57434082, 28.953979492], [69.581199646, 28.960124969], [69.586357117, 28.97063446], [69.5885849, 28.978364944], [69.590820312, 28.986093521], [69.593963623, 28.994235992], [69.59852600100001, 29.000360489], [69.604934692, 29.006500244], [69.608901391, 29.011509097], [69.613571167, 29.020368576], [69.617683411, 29.025270462], [69.623626709, 29.031406403], [69.628219604, 29.035095215], [69.634155273, 29.042446136], [69.639167786, 29.049791336], [69.642807007, 29.055906296], [69.646911621, 29.061214447], [69.65057373, 29.06570816], [69.656089783, 29.068996429], [69.664840698, 29.072715759], [69.674980164, 29.076036453], [69.685600281, 29.078550339], [69.69342041, 29.082666397], [69.702178955, 29.086381912], [69.706306458, 29.089658737], [69.708122253, 29.093324661], [69.70992279100001, 29.099020004], [69.71091461200001, 29.107105255], [69.712684631, 29.115642548], [69.716796875, 29.121759415], [69.724113464, 29.131147385], [69.730033875, 29.142147064], [69.734596252, 29.1498909], [69.739616394, 29.157232285], [69.745094299, 29.166200638], [69.75012207, 29.173946381], [69.751914978, 29.180454254], [69.752334595, 29.185733795], [69.750450134, 29.188968658], [69.74811554, 29.191793442], [69.74622345, 29.195840836], [69.743385315, 29.203128815], [69.742385864, 29.211240768], [69.743652344, 29.224645615], [69.74401855500001, 29.236421585], [69.747184753, 29.244562149], [69.751754761, 29.252305984], [69.760765076, 29.268516541], [69.767173767, 29.277490616], [69.76897430400001, 29.284404755], [69.768432617, 29.293331146], [69.766540527, 29.297784805], [69.76374816900001, 29.298578262], [69.758178711, 29.299354553], [69.752166748, 29.298095703], [69.745697021, 29.295209885], [69.736473083, 29.290275574], [69.728652954, 29.283321381], [69.720832825, 29.276771545], [69.712547302, 29.270624161], [69.70471954300001, 29.265291214], [69.701042175, 29.261611938], [69.698745728, 29.259565353], [69.695053101, 29.257915497], [69.69042205800001, 29.257474899], [69.686706543, 29.258666992], [69.68436431900001, 29.26108551], [69.682472229, 29.265130997], [69.68241119400001, 29.271221161], [69.682785034, 29.280965805], [69.682228088, 29.291110992], [69.677070618, 29.29716301], [69.67142486600001, 29.305242538], [69.667236328, 29.30724144], [69.66211700400001, 29.308826447], [69.65331268300001, 29.308761597], [69.644035339, 29.308691025], [69.640304565, 29.311098099], [69.63980865500001, 29.314342499], [69.638832092, 29.319206238], [69.64202117900001, 29.325321198], [69.645683289, 29.329814911], [69.65119171100001, 29.335540771], [69.66040039100001, 29.342916489], [69.666366577, 29.349456787], [69.669090271, 29.355567932], [69.667633057, 29.362459183], [69.659745097, 29.37887153], [69.655822754, 29.383888245], [69.652526855, 29.38914299], [69.641166687, 29.402383804], [69.627578735, 29.414867401], [69.619636536, 29.420490265], [69.614959717, 29.423295975], [69.609848022, 29.424066544], [69.605667114, 29.424034119], [69.600593567, 29.421152115], [69.595535278, 29.416238785], [69.58908844, 29.411315918], [69.584030151, 29.407215118], [69.576629639, 29.404312134], [69.571533203, 29.403865814], [69.566871643, 29.405857086], [69.56451416, 29.409086227], [69.562599182, 29.414754868], [69.562492371, 29.424497604], [69.56283569300001, 29.435869217], [69.56313324, 29.450895309], [69.563514709, 29.458612442], [69.56575012200001, 29.467157364], [69.569520979, 29.475527938], [69.57075824744805, 29.477647727160345], [69.570795341325, 29.477580263461558], [69.57089251090542, 29.477438684657894], [69.57100316860286, 29.477307378302353], [69.5764000830884, 29.47151017258366], [69.57652454217731, 29.471389193300233], [69.57666044016368, 29.47128122205807], [69.66570952917516, 29.407511959152448], [69.66589920607323, 29.407393788743644], [69.67659439261651, 29.401649562412356], [69.7412262315374, 29.355365824150994], [69.75198165200001, 29.346700958534747], [69.75206016094387, 29.34664129910617], [69.76821080396512, 29.335075604135568], [69.77896622442773, 29.32641073851932], [69.77904473337159, 29.326351079090745], [69.78710000466452, 29.320582589838835], [69.80864925409823, 29.30322191564455], [69.80872776304209, 29.303162256215973], [69.81678303433502, 29.297393766964063], [69.82753845479763, 29.288728901347817], [69.82761696374149, 29.28866924191924], [69.83567223503442, 29.28290075266733], [69.857199998741, 29.265557387971906], [69.87059791004053, 29.254044076325076], [69.87581340617771, 29.248441744823754], [69.8810294417927, 29.24003737833515], [69.88636577375648, 29.225707053915468], [69.88643320223281, 29.22555003663729], [69.88651571448416, 29.22540039455283], [69.88661251391733, 29.22525957234292], [69.8867226660072, 29.225128929539206], [69.89188356372064, 29.219585246047817], [69.89715960272757, 29.205416833900042], [69.8972270312039, 29.205259816621865], [69.89730954345525, 29.205110174537403], [69.89740634288842, 29.204969352327495], [69.89751649497829, 29.20483870952378], [69.90267739269173, 29.19929502603239], [69.90795343169866, 29.185126613884616], [69.90802086017499, 29.18496959660644], [69.90810337242634, 29.184819954521977], [69.9082001718595, 29.18467913231207], [69.90831032394938, 29.184548489508355], [69.91324101169427, 29.179252090747855], [69.91324101169427, 29.13645728099271], [69.91324975212576, 29.13628313837148], [69.91327588556742, 29.136110746112667], [69.91331914934376, 29.135941836985243], [69.91601760658654, 29.127246028407203], [69.91606726715317, 29.127107109254343], [69.91612852260177, 29.126972898699886], [69.91620093215674, 29.126844362482196], [69.92159784664229, 29.118148553904156], [69.92169371925715, 29.118009614260362], [69.92180261016324, 29.117880623743385], [69.92719952464878, 29.112083418024692], [69.9273813727802, 29.11191412692768], [69.93817520175129, 29.10321831834964], [69.9383113211752, 29.10311912943322], [69.93845639674363, 29.103033572328577], [69.93860906786799, 29.10296244943145], [69.93876790272492, 29.102906427766627], [69.93893141168464, 29.102866032732276], [69.93909806128133, 29.102841643172482], [69.93926628859482, 29.102833487824288], [69.94415130910183, 29.102833487824288], [69.95721332338634, 29.094414990465033], [69.95735688254335, 29.094331877942725], [69.95750770698963, 29.094262820652542], [69.95766442460652, 29.094208446840096], [69.95782560966249, 29.094169251168726], [69.9579897957837, 29.0941455902193], [69.95815548929423, 29.09413767924625], [69.96311491777486, 29.09413767924625], [69.98406339793857, 29.08288656072952], [69.98926404123254, 29.077300183712534], [69.9893827909203, 29.077184247327953], [69.98951205060627, 29.077080157620507], [69.98965064325321, 29.076988862429914], [69.98979730683804, 29.07691119308914], [69.98995070584381, 29.076847856854325], [69.99804607757213, 29.07394925399498], [69.998188814629, 29.07390496649953], [69.99833482688052, 29.0738730968892], [69.99848303612461, 29.073853880499605], [69.99863234793581, 29.073847459230823], [70.00616921930309, 29.073847459230823], [70.01381051349277, 29.068375424608906], [70.01396213457393, 29.068278310721194], [70.0141229838178, 29.068197393601956], [70.0142913371623, 29.068133540561053], [70.0144653901127, 29.068087436007094], [70.01464327708304, 29.068059574111576], [70.01482309139244, 29.06805025351213], [70.01966150551695, 29.06805025351213], [70.02730279970663, 29.062578218890213], [70.02745442078779, 29.0624811050025], [70.02761527003166, 29.062400187883263], [70.02778362337617, 29.06233633484236], [70.02795767632657, 29.0622902302884], [70.0281355632969, 29.062262368392883], [70.0283153776063, 29.062253047793437], [70.04105058892603, 29.062253047793437], [70.04593164333076, 29.05700996369711], [70.04606866809456, 29.056878040820017], [70.04621927992818, 29.056761870656178], [70.04638167730411, 29.056662842762716], [70.05177859178966, 29.05376423990337], [70.05193337453001, 29.053690691909413], [70.05209464410837, 29.053632733931366], [70.05226083473963, 29.053590928689985], [70.05243033285959, 29.053565682077227], [70.05260149279125, 29.053557239215397], [70.05703090206958, 29.053557239215397], [70.06191762326644, 29.045683482420493], [70.062018191857, 29.045538426312806], [70.06213294537551, 29.04540431089319], [70.06226070181988, 29.04528251759818], [70.06240014525329, 29.045174300942044], [70.06254983935878, 29.045080775594833], [70.0627082422338, 29.0450029049009], [70.06287372227239, 29.04494149095609], [70.06304457497127, 29.04489716634589], [70.06321904048689, 29.044870387629544], [70.06339532176234, 29.044861430637358], [70.07105320748575, 29.044861430637358], [70.07581094419282, 29.04230612069867], [70.0810115874868, 29.036719743681683], [70.0811397094293, 29.036595552476122], [70.08127988200285, 29.036485142615554], [70.08143062971067, 29.03638967630591], [70.08159036573902, 29.036310158453], [70.08175740866058, 29.036247426084607], [70.08193000013354, 29.036202139539675], [70.08210632341043, 29.03617477551739], [70.08228452246175, 29.03616562205932], [70.09824581119844, 29.03616562205932], [70.10833614660393, 29.03345593718878], [70.1237206766305, 29.01693033062445], [70.1237206766305, 29.008918755181462], [70.12373098128016, 29.008729713602477], [70.12376177311769, 29.008542912191533], [70.12381268725566, 29.008360564570374], [70.12388312035475, 29.00818483158274], [70.12928003484029, 28.996590420145353], [70.12936534239451, 28.996429705056652], [70.12946697420415, 28.996278782249192], [70.1295838178567, 28.996139303650832], [70.14037764682779, 28.984544892213446], [70.14050576877028, 28.984420701007885], [70.14064594134383, 28.984310291147317], [70.14079668905165, 28.98421482483767], [70.14095642508, 28.98413530698476], [70.14112346800157, 28.98407257461637], [70.14129605947453, 28.984027288071438], [70.14147238275142, 28.983999924049154], [70.14165058180274, 28.98399077059108], [70.15452945899177, 28.98399077059108], [70.16484561014416, 28.975679792538394], [70.16497762162234, 28.97558331088178], [70.16511811054629, 28.975499653230077], [70.1652658351082, 28.97542955904884], [70.1654194895432, 28.975373647913592], [70.16557771567109, 28.975332414033264], [70.1657391149017, 28.975306221881805], [70.16590226059715, 28.97529530297652], [70.16606571068226, 28.975299753831642], [70.16622802039132, 28.97531953510524], [70.16638775503856, 28.975354471946947], [70.23115072886509, 28.992746089103026], [70.2312859411779, 28.992788373933276], [70.23931456858243, 28.99566307853393], [70.32559673236211, 29.018833514837144], [70.32573194467493, 29.018875799667395], [70.33376057207946, 29.02175050426805], [70.35527976203261, 29.027529323415184], [70.35551527358248, 29.027611068548683], [70.36889274095199, 29.03335894026641], [70.42274119310191, 29.04781954343061], [70.42287640541473, 29.04786182826086], [70.43090503281925, 29.050736532861514], [70.51718719659894, 29.073906969164728], [70.51732240891175, 29.07394925399498], [70.52535103631628, 29.076823958595632], [70.5466486229385, 29.082543267808862], [70.55181608270411, 29.082543267808862], [70.55199236397956, 29.08255222480105], [70.55211665868701, 29.082571302798797], [70.552061504, 29.08240066]]], [[[69.58833722313065, 29.498973238192555], [69.5871303150149, 29.497028600756874], [69.58669666441388, 29.49665594904991], [69.58833722313065, 29.498973238192555]]], [[[69.59455108600001, 29.510837555], [69.59752151428992, 29.527993553666573], [69.59752151428992, 29.525030592184677], [69.59489269562154, 29.51091159635973], [69.59290481772547, 29.506640957223972], [69.59455108600001, 29.510837555]]], [[[69.59788862397568, 29.546993706823184], [69.59793559929776, 29.54693245229408], [69.59805548911551, 29.546805009819725], [69.59818757755865, 29.546690258802922], [69.59830094764953, 29.54661023910338], [69.59829444952592, 29.546606344277976], [69.59815736349307, 29.54650467434682], [69.59803090296285, 29.546390057203254], [69.59791628581928, 29.546263596673022], [69.5978964326375, 29.546236827756207], [69.59788862397568, 29.546993706823184]]], [[[69.60291842877547, 29.59513417351404], [69.60291842877547, 29.591922869032718], [69.60114840107116, 29.588120246346325], [69.60291842877547, 29.59513417351404]]], [[[69.60016212712097, 29.608307448685235], [69.60041574521085, 29.608035019643612], [69.60291842877547, 29.599970093928153], [69.60291842877547, 29.598281323530454], [69.60016212712097, 29.608307448685235]]], [[[69.591468811, 29.626049042], [69.59212459980438, 29.627221167417506], [69.59212459980438, 29.621789736257796], [69.591468811, 29.626049042]]], [[[69.602920532, 29.637153625], [69.60985262001661, 29.638724373463866], [69.60435561794114, 29.636756134515917], [69.6015942235566, 29.636756134515917], [69.602920532, 29.637153625]]], [[[69.62720454396042, 29.66145083739711], [69.62720454396042, 29.658590734797688], [69.62587117689985, 29.655726207976166], [69.62720454396042, 29.66145083739711]]], [[[69.690620422, 29.703893661], [69.69244424625133, 29.7057797621585], [69.69007527397424, 29.70323508229208], [69.67998493856875, 29.70052539742154], [69.67843538307913, 29.70052539742154], [69.690620422, 29.703893661]]], [[[69.704223633, 29.712249756], [69.72209930400001, 29.71421051], [69.73093542595858, 29.718139818946934], [69.73040841711799, 29.71757372165696], [69.72548216200607, 29.71492790297825], [69.7124111718043, 29.712119808858926], [69.70371750930101, 29.712119808858926], [69.704223633, 29.712249756]]], [[[69.74439197770714, 29.733189245200524], [69.74356138760417, 29.731702253047363], [69.74206767200141, 29.730097747981066], [69.74439197770714, 29.733189245200524]]], [[[69.794189453, 29.778017044], [69.79538798710594, 29.780145047995248], [69.79470466669045, 29.777943040330864], [69.79329465348815, 29.77642844590441], [69.794189453, 29.778017044]]], [[[69.802490234, 29.792755127], [69.80537523474764, 29.798160378548022], [69.80287171768093, 29.79251305036833], [69.801560785273, 29.79110488559706], [69.802490234, 29.792755127]]], [[[69.813873291, 29.817605972], [69.81495405058031, 29.819767867188375], [69.81366748645756, 29.816865690118348], [69.813873291, 29.817605972]]], [[[69.835800171, 29.861467361], [69.84071797499743, 29.865051010669337], [69.83396584693905, 29.85779807466336], [69.835800171, 29.861467361]]], [[[69.84910850940857, 29.871165271401097], [69.84906297562299, 29.871116360357043], [69.84781412899724, 29.870222044315295], [69.84910850940857, 29.871165271401097]]], [[[69.877682628, 29.898789833], [69.88016629699105, 29.89525921434527], [69.87847470698601, 29.897076270234738], [69.87835401415464, 29.897193927925173], [69.87822249860241, 29.897299349702735], [69.87808139562185, 29.897391545367164], [69.8779320305578, 29.897469648947755], [69.87777580635874, 29.897532926837208], [69.87761419039934, 29.89758078468221], [69.87744870069767, 29.897612772966045], [69.87728089165691, 29.897628591230813], [69.87711233946519, 29.89762809089952], [69.87694462729091, 29.897611276671658], [69.87677933041235, 29.89757830647904], [69.87661800142155, 29.897529490002402], [69.87646215564118, 29.897465285762635], [69.87635841531309, 29.897410252799226], [69.877682628, 29.898789833]]], [[[69.917041127, 29.85851362], [69.922541359, 29.856578284], [69.925419274, 29.85556574], [69.92624125, 29.855276542], [69.927477497, 29.854841589], [69.929204835, 29.854383698], [69.93050223, 29.854039778], [69.94185194900001, 29.851031137], [69.944341349, 29.850369454], [69.944770177, 29.850249773], [69.94733225600001, 29.849524075], [69.954164648, 29.847589032], [69.967184289, 29.843903013], [69.969840743, 29.843152036], [69.973131897, 29.842272028], [69.98600639300001, 29.838830538], [70.004805828, 29.833810459], [70.006526574, 29.833349636], [70.018801046, 29.831995851], [70.020116249, 29.831850794], [70.022309185, 29.83160893], [70.025812603, 29.831629091], [70.027567572, 29.83163919], [70.029144564, 29.831373323], [70.02993326500001, 29.831240193], [70.03157915633932, 29.830962526092133], [70.02035266915543, 29.830962526092133], [70.0016893151552, 29.833826472117746], [69.95867501533412, 29.845377643883403], [69.9506463879296, 29.848252348484056], [69.95051117561678, 29.848294633314307], [69.92899198566363, 29.854073452461442], [69.91299022908196, 29.859802990145294], [69.91225709120052, 29.86019674764602], [69.917041127, 29.85851362]]], [[[70.10612506800001, 29.804580243], [70.10766860000001, 29.803671453], [70.108611225, 29.802185646], [70.113093289, 29.795120824], [70.114038287, 29.793631277], [70.114762301, 29.791102597], [70.115810278, 29.787442451], [70.11593985582913, 29.78698988915857], [70.10534987889983, 29.80405304857488], [70.10525400628497, 29.804191988218673], [70.10514511537887, 29.80432097873565], [70.10342233097587, 29.806171542723632], [70.10612506800001, 29.804580243]]], [[[70.121405673, 29.781291109], [70.12530684039841, 29.77795581194961], [70.12125099636268, 29.781223312616113], [70.12033856425444, 29.782203420166443], [70.121405673, 29.781291109]]], [[[70.130587077, 29.773804147], [70.133802167, 29.771707775], [70.134364874, 29.771280427], [70.135006493, 29.770793153], [70.13540433, 29.770491018], [70.136931257, 29.7693314], [70.138358761, 29.768279846], [70.142282882, 29.765389695], [70.143592342, 29.764539098], [70.145162258, 29.763519661], [70.146369441, 29.762603328], [70.147644525, 29.761635454], [70.148919088, 29.760667973], [70.150740876, 29.759515114], [70.153655022, 29.757670303], [70.15440066100001, 29.757198342], [70.155518967, 29.756490496], [70.156262575, 29.75601982], [70.15738633, 29.755385249], [70.159255355, 29.754329833], [70.160376643, 29.753696655], [70.16149952500001, 29.753062577], [70.16226765852579, 29.752700248889777], [70.16097726850705, 29.752700248889777], [70.15606441144601, 29.755338871673747], [70.1319094311667, 29.772636581341644], [70.12992139008452, 29.774238202484824], [70.130587077, 29.773804147]]], [[[70.174475317, 29.747845886], [70.175274948, 29.747572758], [70.176477775, 29.74716191], [70.177756425, 29.746853578], [70.179464073, 29.746441798], [70.182451956, 29.745721304], [70.18784032, 29.744474844], [70.188898097, 29.744230158], [70.192112864, 29.743486748], [70.193821606, 29.743092127], [70.194796916, 29.742887772], [70.19610569000001, 29.742617559], [70.197414284, 29.742347382], [70.19872143100001, 29.742077504], [70.20079177800001, 29.741790861], [70.20286037400001, 29.741503995], [70.20404273, 29.741340164], [70.205619919, 29.741121623], [70.206858907, 29.740873068], [70.210163154, 29.740210201], [70.21140145000001, 29.739961786], [70.214475257, 29.739475335], [70.217983534, 29.738920125], [70.21841573, 29.738856224], [70.224418415, 29.737968713], [70.225704604, 29.737778547], [70.226561258, 29.737651889], [70.229130613, 29.73736087], [70.233411238, 29.736876021], [70.234859781, 29.736712615], [70.240814224, 29.736062561], [70.243041071, 29.735819453], [70.24432928, 29.735648014], [70.24687942751753, 29.735308631733698], [70.23891128072539, 29.735308631733698], [70.2174550235399, 29.738189591242847], [70.19867669387757, 29.741071180618658], [70.18797541298073, 29.743944930377832], [70.18788965133123, 29.74396564385459], [70.17475076563277, 29.746788324240296], [70.17217837633152, 29.74863044718021], [70.174475317, 29.747845886]]], [[[70.396032131, 29.68176828], [70.395885966, 29.68090664], [70.39581315, 29.680477395], [70.395521542, 29.678758378], [70.39535784600001, 29.677816995], [70.395249213, 29.677192256], [70.394530632, 29.675311996], [70.39434626709615, 29.674890717009898], [70.39434626709615, 29.675397697364023], [70.39601690609989, 29.682575901141192], [70.396032131, 29.68176828]]], [[[70.405670793, 29.658322314], [70.406615653, 29.657679341], [70.40790524892547, 29.657046354531342], [70.40685646648855, 29.657046354531342], [70.40566483031124, 29.658326374824455], [70.405670793, 29.658322314]]], [[[70.422887283, 29.643486205], [70.424281276, 29.642968309], [70.425589009, 29.642630267], [70.42588666803414, 29.64255334023461], [70.42304720994518, 29.64255334023461], [70.42180413142414, 29.643888618369967], [70.422887283, 29.643486205]]], [[[70.428450777, 29.638138933], [70.428198987, 29.637369148], [70.427402251, 29.63493333], [70.427260621, 29.634500332], [70.42687316300001, 29.633726463], [70.425481861, 29.630947627], [70.424557945, 29.629014887], [70.42426580094168, 29.628403299424356], [70.42412001089622, 29.629029712822256], [70.42844833618697, 29.638328430522932], [70.428450777, 29.638138933]]], [[[70.432984217, 29.619384287], [70.433532227, 29.619512343], [70.434509646, 29.619740741], [70.435626309, 29.620365352], [70.43631645630032, 29.620751389411847], [70.43502534637076, 29.619364517359838], [70.43289961390772, 29.619364517359838], [70.432984217, 29.619384287]]], [[[70.448500806, 29.628251988], [70.45030988500001, 29.628310601], [70.450735228, 29.628158394], [70.451803562, 29.627772447], [70.453282729, 29.627154989], [70.453689167, 29.626963327], [70.455288389, 29.626178122], [70.455961516, 29.625847499], [70.456705299, 29.625732857], [70.459157636, 29.625347321], [70.459841729, 29.625238139], [70.460521967, 29.625366646], [70.464968335, 29.626208203], [70.466635195, 29.626726078], [70.46814846606777, 29.627196719155755], [70.46246502114269, 29.62516172307853], [70.45759953392702, 29.62516172307853], [70.4476075597894, 29.62784499375879], [70.448500806, 29.628251988]]], [[[70.470159718, 29.627978618], [70.470974491, 29.628336287], [70.473012317, 29.629230851], [70.474642562, 29.629946495], [70.475457413, 29.630304198], [70.4762713, 29.630661478], [70.477412165, 29.631264487], [70.47893087, 29.632067204], [70.480829638, 29.633070805], [70.481217444, 29.633275781], [70.48276872000001, 29.634095714], [70.483931261, 29.634710179], [70.48495480554539, 29.635315426646283], [70.48327798785142, 29.633514238735913], [70.4782492242344, 29.63081336425692], [70.46939656310785, 29.627643608782382], [70.470159718, 29.627978618]]], [[[70.495328993, 29.641766511], [70.496381844, 29.642499035], [70.498117703, 29.643699231], [70.49822695076298, 29.643774766285276], [70.49686231178242, 29.642308911504127], [70.49530940517278, 29.64175288273978], [70.495328993, 29.641766511]]], [[[70.510964966, 29.65019242], [70.511768711, 29.650561048], [70.51257157, 29.65092927], [70.513344046, 29.651343422], [70.51411493, 29.65175672], [70.51758482800001, 29.653617056], [70.518529983, 29.654139199], [70.519408025, 29.654686485], [70.520108902, 29.655123343], [70.52110837106034, 29.655746314589834], [70.51851305236143, 29.65388777159662], [70.50820328081484, 29.648350545953303], [70.50694900827209, 29.648350545953303], [70.510964966, 29.65019242]]], [[[70.522609759, 29.656985611], [70.523901459, 29.658147971], [70.526211701, 29.659764139], [70.52706322, 29.660359832], [70.52733821475883, 29.660552209685648], [70.5263757435588, 29.659518351624747], [70.52171655311771, 29.656181842026918], [70.522609759, 29.656985611]]], [[[70.54420737, 29.678920336], [70.54468000650296, 29.680006779958813], [70.54468000650296, 29.679180248825556], [70.54386385472358, 29.678303562753285], [70.54420737, 29.678920336]]], [[[70.56262437800001, 29.707304796], [70.563062994, 29.708029819], [70.56350183900001, 29.708755221], [70.563940983, 29.709481119], [70.564520793, 29.710690206], [70.56490711100001, 29.711495798], [70.565293436, 29.712301407], [70.565680735, 29.713109049], [70.56612577, 29.714227286], [70.566307851, 29.714684802], [70.566623756, 29.715478578], [70.56694654, 29.716226336], [70.567511553, 29.717535233], [70.56808737, 29.718869155], [70.568968299, 29.720601402], [70.569705804, 29.722051627], [70.570030118, 29.722689356], [70.570696344, 29.724399656], [70.57136268500001, 29.726110252], [70.572788885, 29.729150882], [70.573323068, 29.730289749], [70.573715875, 29.731455363], [70.573907726, 29.732023646], [70.574206755, 29.732912007], [70.574330921, 29.73332872], [70.57436303617345, 29.733437959932463], [70.57436303617345, 29.73105580628135], [70.5638478352638, 29.70846557143146], [70.56235930503284, 29.706866636338003], [70.56262437800001, 29.707304796]]], [[[70.583438788, 29.781844849], [70.58413848900001, 29.783301175], [70.585947574, 29.785349467], [70.586491263, 29.785733312], [70.58780342, 29.786659701], [70.58835005361253, 29.786959980252767], [70.58328492649086, 29.78151917069496], [70.583438788, 29.781844849]]], [[[70.612066069, 29.804149166], [70.612912525, 29.804162463], [70.61378412, 29.804062632], [70.614661569, 29.803962128], [70.61519745400001, 29.803900746], [70.616448731, 29.803757425], [70.61759270200001, 29.803576215], [70.618957965, 29.80335197], [70.620561979, 29.803071718], [70.621901179, 29.803076962], [70.623457149, 29.803588799], [70.624054044, 29.803785148], [70.624677915, 29.803990207], [70.627670155, 29.804730771], [70.628547597, 29.80488574], [70.629423989, 29.805040524], [70.631179915, 29.805350647], [70.632793037, 29.805325303], [70.635039187, 29.805290688], [70.637156728, 29.805438835], [70.638770537, 29.805551742], [70.639229703, 29.805530506], [70.640103591, 29.805489968], [70.640704237, 29.8054622], [70.641850732, 29.805409342], [70.642929551, 29.805359471], [70.64543825, 29.805345497], [70.647315288, 29.805334944], [70.648170245, 29.805330163], [70.65281525217262, 29.804530627708207], [70.6220894465453, 29.801991800746254], [70.61204866869733, 29.804148901990544], [70.612066069, 29.804149166]]], [[[70.691260651, 29.772337546], [70.691514646, 29.769744062], [70.69164139, 29.768449913], [70.691458759, 29.76731653], [70.691277909, 29.766192477], [70.6911765638011, 29.765563059529093], [70.6911765638011, 29.77345092174095], [70.691260651, 29.772337546]]], [[[70.685988979, 29.750439835], [70.68596706237808, 29.750355548394054], [70.68587036344512, 29.75077103291481], [70.68633453772107, 29.75176823743757], [70.685988979, 29.750439835]]], [[[70.690482042, 29.739488711], [70.69170599200001, 29.738916154], [70.692342343, 29.738580377], [70.693060924, 29.737989731], [70.69346525718211, 29.737100630948962], [70.6895238258938, 29.739640892211085], [70.690482042, 29.739488711]]], [[[70.699908545, 29.73336054], [70.700941488, 29.732649379], [70.701829873, 29.731429139], [70.70213041, 29.730971066], [70.70289307, 29.729641454], [70.70278085000001, 29.727500543], [70.702471732, 29.726503282], [70.702049701, 29.725141739], [70.70197039277218, 29.72501184529821], [70.70197039277218, 29.730670867158743], [70.701961733774, 29.73084419868505], [70.7019358430029, 29.73101580423342], [70.70189297827059, 29.73118397501264], [70.7018335664099, 29.731347036433796], [70.70175819902444, 29.731503364785254], [70.70166762659768, 29.731651403401067], [70.70156275101986, 29.73178967816173], [70.70144461660723, 29.73191681217297], [70.70131439970316, 29.732031539476413], [70.70117339696446, 29.732132717655567], [70.69937709239937, 29.733290439956907], [70.699908545, 29.73336054]]], [[[70.70063892, 29.711189657], [70.7027050821499, 29.707377095846223], [70.70169176471074, 29.70846557143146], [70.69976123386066, 29.712613009570102], [70.70063892, 29.711189657]]], [[[70.721818889, 29.666316977], [70.721310674, 29.664442604], [70.72085959347159, 29.66264293557434], [70.72085959347159, 29.668454515215736], [70.721818889, 29.666316977]]], [[[70.708242169, 29.652448398], [70.70772934830975, 29.652113250598116], [70.70908367767903, 29.653568031100125], [70.71084950651158, 29.653568031100125], [70.708242169, 29.652448398]]], [[[70.71569175, 29.640479972], [70.716932107, 29.639130791], [70.717159279, 29.638279118], [70.717463384, 29.637108727], [70.71802640300001, 29.633903851], [70.71841216300001, 29.631708141], [70.718699394, 29.629605369], [70.718871047, 29.62834872], [70.718538234, 29.626881386], [70.718413235, 29.626330276], [70.71811839, 29.625030343], [70.71797426079371, 29.624761098166427], [70.71551038644544, 29.640640823331847], [70.71569175, 29.640479972]]], [[[70.702284362, 29.58811853], [70.701019649, 29.584838503], [70.70074920927328, 29.584440405037892], [70.70177461909402, 29.587744799628187], [70.70239950261917, 29.5884160310059], [70.702284362, 29.58811853]]], [[[70.69399636700001, 29.573391354], [70.693163432, 29.572208443], [70.691321172, 29.570559293], [70.69099100003751, 29.57036414965999], [70.69452780294469, 29.574163278605674], [70.69399636700001, 29.573391354]]], [[[70.709199004, 29.528079058], [70.70987600178765, 29.525662678240952], [70.7083399591027, 29.528962621370017], [70.709199004, 29.528079058]]], [[[70.705385114, 29.518716793], [70.705287068, 29.51786898], [70.705143479, 29.517137574], [70.70498282, 29.5163222], [70.704803047, 29.515408226], [70.70466885001495, 29.514950306390094], [70.70466885001495, 29.518388625291397], [70.70544337583432, 29.519220597990127], [70.705385114, 29.518716793]]], [[[70.697930507, 29.492492685], [70.697881812, 29.491370602], [70.69754282800001, 29.491028841], [70.697038379, 29.490520258], [70.6967652990184, 29.490441329721698], [70.69801645513856, 29.494473194281085], [70.697930507, 29.492492685]]], [[[70.68579599600001, 29.488340861], [70.684250008, 29.488132212], [70.682548012, 29.488071914], [70.67744031, 29.487890961], [70.676589993, 29.487860836], [70.67569120200001, 29.487891001], [70.67165778600001, 29.488026365], [70.66980808800001, 29.48808842], [70.667378508, 29.48898028], [70.66460210400001, 29.490021354], [70.66289916, 29.4904127], [70.662048203, 29.490608255], [70.660429656, 29.490980406], [70.65927191449767, 29.49124627097672], [70.66237514513092, 29.49124627097672], [70.68939955934822, 29.488827202188055], [70.68579599600001, 29.488340861]]], [[[70.63715569, 29.468659145], [70.637062616, 29.468054558], [70.63687337603102, 29.46682520589593], [70.63715084949406, 29.4692096361122], [70.63726993200629, 29.469401508474476], [70.63715569, 29.468659145]]], [[[70.636397563, 29.460105402], [70.636704591, 29.457013051], [70.63687955200001, 29.455250866], [70.636749688, 29.452268406], [70.635738775, 29.450001399], [70.63497082, 29.448279231], [70.6347072954343, 29.446089476151496], [70.63453552989905, 29.44673524523129], [70.63625660760394, 29.461525090858466], [70.636397563, 29.460105402]]], [[[70.63516576, 29.444665891], [70.63577136100001, 29.443500282], [70.63582784571906, 29.441876659387937], [70.63500223216796, 29.444980633083304], [70.63516576, 29.444665891]]], [[[70.626652793, 29.41226886], [70.62641358997456, 29.41105899636932], [70.62641358997456, 29.412455336405017], [70.62666338666627, 29.4123882553528], [70.626652793, 29.41226886]]], [[[70.608797417, 29.407495491], [70.608719448, 29.406938343], [70.60843954500001, 29.404211241], [70.608358592, 29.403430433], [70.608157097, 29.401472021], [70.607837805, 29.400047637], [70.60752438927516, 29.398651944970926], [70.60752438927516, 29.40292902858545], [70.60911448517004, 29.40976116427322], [70.608797417, 29.407495491]]], [[[70.61184600700001, 29.393832145], [70.61267402, 29.39360185], [70.613501263, 29.39337177], [70.616026724, 29.392825225], [70.618738143, 29.392238438], [70.621364517, 29.391451275], [70.622598725, 29.391080865], [70.62337946000001, 29.389871664], [70.624290239, 29.388461053], [70.624175443, 29.387162735], [70.623827832, 29.383244575], [70.62375001800001, 29.38275554], [70.62371513273179, 29.382555451799792], [70.62371513273179, 29.388635729755855], [70.62370633103372, 29.388810480100002], [70.62368001502824, 29.388983461661233], [70.62363645107995, 29.389152923559838], [70.62357608013313, 29.38931715054133], [70.62349951324869, 29.389474480337856], [70.62340752541905, 29.389623320493286], [70.62330104772396, 29.389762164481688], [70.6231811579062, 29.389889606956043], [70.62304906946306, 29.390004357972845], [70.62290611936346, 29.39010525604861], [70.62275375451553, 29.390191279916145], [70.62259351712135, 29.390261558861585], [70.62242702906705, 29.390315381537558], [70.61211509033063, 29.393084576342], [70.61126999779272, 29.393992349720058], [70.61184600700001, 29.393832145]]], [[[70.614817383, 29.356439816], [70.61537747700001, 29.35560882], [70.615941963, 29.354771304], [70.616280974, 29.353393444], [70.616530695, 29.352378489], [70.6165579, 29.35070699], [70.616569753, 29.349978742], [70.61641090343107, 29.34976391464717], [70.61559037723677, 29.354170839343404], [70.61555282357932, 29.35433035461973], [70.61550042266475, 29.35448562710513], [70.61543363974758, 29.35463527817443], [70.61535306777643, 29.354777979113585], [70.6152594221295, 29.354912462916992], [70.61515353426282, 29.35503753553694], [70.61385902088475, 29.356428063472553], [70.614817383, 29.356439816]]], [[[70.616200261, 29.325239796], [70.617261909, 29.32356913], [70.617566227, 29.32187741], [70.61780303277216, 29.32056099421375], [70.6156923043181, 29.325095558212226], [70.61582817936161, 29.32582532295224], [70.616200261, 29.325239796]]], [[[70.627598202, 29.311928819], [70.62817686400001, 29.310011427], [70.62815870443409, 29.309907893988616], [70.62701748490815, 29.312359622427042], [70.627598202, 29.311928819]]], [[[70.624467918, 29.301800863], [70.62378666500001, 29.300186925], [70.6232152771826, 29.298832465793645], [70.62359324678565, 29.300862484566533], [70.62447333918412, 29.30180785375834], [70.624467918, 29.301800863]]], [[[70.62305832, 29.297095445], [70.622922409, 29.295299791], [70.62251619300001, 29.29044525], [70.622459716, 29.289770086], [70.621667987, 29.288080131], [70.62112201600065, 29.287589869929644], [70.62312643281152, 29.298355295831556], [70.62305832, 29.297095445]]], [[[70.616777831, 29.285138615], [70.615455159, 29.284853384], [70.61309662, 29.284309458], [70.61140523200001, 29.283476756], [70.61062265400001, 29.283091479], [70.609999466, 29.282770406], [70.60886136394456, 29.282139329422314], [70.6095603485857, 29.28289015802443], [70.61431808529278, 29.285445467963118], [70.6175194040038, 29.285445467963118], [70.616777831, 29.285138615]]], [[[70.60297198, 29.274079206], [70.603017255, 29.271132078], [70.603043332, 29.269469611], [70.603050124, 29.269037687], [70.602803053, 29.267350599], [70.60212747478961, 29.266995073473115], [70.60212747478961, 29.27490598510629], [70.60294506005096, 29.27578421098244], [70.60297198, 29.274079206]]], [[[70.598449867, 29.265378544], [70.597087434, 29.265262481], [70.59516073200001, 29.265098351], [70.593413201, 29.264690746], [70.59324102261438, 29.264650586103038], [70.59562819843919, 29.26747686778067], [70.59906327672158, 29.2656319380976], [70.598449867, 29.265378544]]], [[[70.31072043981185, 29.3119236962803], [70.30579410193954, 29.310600764716252], [70.31195202427992, 29.313246627844343], [70.31072043981185, 29.3119236962803]]], [[[70.36963108160502, 29.372305160283243], [70.36442384671784, 29.366711702772037], [70.3581360003934, 29.361458421859275], [70.36411517708187, 29.36707824457674], [70.364197010685, 29.367160469647185], [70.37092031361688, 29.374382442555884], [70.36963108160502, 29.372305160283243]]], [[[70.51232385012877, 29.442214451098312], [70.51973656834078, 29.444868625227176], [70.5229104633808, 29.444868625227176], [70.51073690260876, 29.440509799067435], [70.51232385012877, 29.442214451098312]]]]}}]}