na,candidate_name,party,votes,rank
NA-1,Abdul Latif,Independent,61944,1
NA-1,Muhammad Talha Mehmood,JUI-F,43127,2
NA-1,Fazali Rabi Jan,PPP,23766,3
NA-1,Shahzada Iftikhar Uddin,PML-N,20100,4
NA-1,Maulana Abdul Akbar Chitrali,JIP,9298,5
NA-1,Khadija Bibi,ANP,2427,6
NA-1,Pir Mukhtar Nabi,Independent,618,7
NA-1,Syeda Maimona Shah,Independent,533,8
NA-1,Asad Ur Rehman,Independent,493,9
NA-1,Muhammad Javed Khan (Retired),Independent,199,10
NA-2,Amjad Ali Khan,Independent,88998,1
NA-2,Ameer Muqam,PML-N,37772,2
NA-2,Maulana Abdul Ghafoor Arshad Haqqani,JUI-F,15523,3
NA-2,Dr. Haider Ali Khan,PPP,11632,4
NA-2,Muhammad Ayub Khan,ANP,9159,5
NA-2,Syed Naveed Iqbal,JIP,5952,6
NA-2,Mufti Syed Iqbal Hussain Qadri,TLP,1215,7
NA-2,Muhammad Mukhtar,PNAP,1103,8
NA-2,Naveed Ur Rahman,Independent,69,9
NA-3,Saleem Rehman,Independent,81490,1
NA-3,Wajid Ali Khan,PML-N,27941,2
NA-3,Doctor Sher Baz Khan,ANP,16767,3
NA-3,Dr. Malik Kaisar Khan,JUI-F,11615,4
NA-3,Akhtar Ali Khan,JIP,9455,5
NA-3,Miangul Shaharyar Amirzeb,PPP,9391,6
NA-3,Usman Ghani,PTI-P,4182,7
NA-3,Shaukat Ali,Independent,1658,8
NA-4,Sohail Sultan,Independent,88085,1
NA-4,Muhammad Saleem Khan,ANP,20997,2
NA-4,Mahmood Khan,PTI-P,17468,3
NA-4,Maulana Raheem Ullah,JUI-F,15394,4
NA-4,Fazal Subhan,JIP,7505,5
NA-4,Kamal Khan Shaman Khel,PPP,2972,6
NA-4,Syed Fazal Akbar,Independent,915,7
NA-4,Muhammad Raza Khan Qadri,TLP,907,8
NA-4,Muhammad Khan,Independent,390,9
NA-4,Malik Zada,Independent,317,10
NA-4,Muhammad Naeem,Independent,304,11
NA-4,Muhammad Musa Khan,Independent,276,12
NA-4,Muhammad Ali Shah,Independent,251,13
NA-4,Abdul Hadi Khan,Independent,242,14
NA-4,Abdul Nasir,RJUI,157,15
NA-4,Jallat,Independent,153,16
NA-4,Tal Hayyat Khan (Retired),Independent,140,17
NA-4,Shaukat Ali,Independent,116,18
NA-4,Yasir Khan (Retired),Independent,106,19
NA-4,Muhammad Ishaq,Independent,31,20
NA-5,Sahibzada Sibghat Ullah,Independent,91165,1
NA-5,Sahib Zada Tariq Ullah,JIP,49066,2
NA-5,Najam Uddin Khan,PPP,38027,3
NA-5,Muhammad Nabi,JUI-F,12778,4
NA-5,Muhammad Nisar Khan Wardak,PML-N,11471,5
NA-5,Malak Badshah Rawan,MOTP,1515,6
NA-5,Naveed Anjum Khan,RJUI,738,7
NA-5,Ghulam Ishaq,Independent,369,8
NA-5,Shah Faisal,Independent,313,9
NA-5,Inayat Ul Haq,MQM,268,10
NA-5,Muhammad Ibrahim,PTI-P,179,11
NA-6,Muhammad Bashir Khan,Independent,81229,1
NA-6,Siraj ul Haq,JIP,57458,2
NA-6,Haji Bahadur Khan,ANP,11552,3
NA-6,Muhammad Hanif,PPP,6929,4
NA-6,Muhammad Sher Khan,JUI-F,6170,5
NA-6,Roh Ullah Khan Shakir,PML-N,1118,6
NA-6,Muhammad Din Jan,Independent,394,7
NA-6,Aimal Bashir,Independent,166,8
NA-6,Fawad Ali,Independent,143,9
NA-6,Ali Shah (Retired),Independent,107,10
NA-6,Aman Ul Haq,Independent,43,11
NA-7,Mehboob Shah,Independent,84670,1
NA-7,Muhammad Ismail,JIP,31104,2
NA-7,Alam Zaib Khan,PPP,20464,3
NA-7,Muhammad Zahid Khan,ANP,16653,4
NA-7,Siraj uddin,JUI-F,13862,5
NA-7,Yasir Khan,PML-N,4175,6
NA-7,Naseeb Zaman,QWP,548,7
NA-7,Fazal Rahim,PMML,221,8
NA-7,Umar Nawaz,Independent,217,9
NA-7,Gul Nasib Khan,RJUI,193,10
NA-7,Aslam Khan,Independent,165,11
NA-7,Muhammad Inam Khan,Independent,148,12
NA-7,Mihtab Hayat Khan,MQM,84,13
NA-7,Tilawat Shah,Independent,77,14
NA-7,Ubaid Ullah Anwar,PRP,66,15
NA-7,Muhammad Sajjad Khan,Independent,41,16
NA-8,Mubarak Zeb Khan,Independent,74011,1
NA-8,Gul Zafar Khan,SIC,47307,2
NA-8,Shaukat Ullah,Independent,20023,3
NA-8,Sahibzada Haroon Ur Rasheed,JIP,18431,4
NA-8,Khan Zeb,ANP,12019,5
NA-8,Shahab Ud Din Khan,PML-N,6469,6
NA-8,Syed Akhunzada Chattan,PPP,4076,7
NA-9,Junaid Akbar,Independent,113545,1
NA-9,Syed Ahmad Ali Shah,PPP,40785,2
NA-9,Mufti Kifayat Ullah,JUI-F,16785,3
NA-9,Jamal Ud Din,JIP,16268,4
NA-9,Sajjad Ahmad,PML-N,5706,5
NA-9,Shahid Ullah,TLP,889,6
NA-9,Muhammad Zeeshan,PTI-P,787,7
NA-9,Fazal Muhammad,Independent,344,8
NA-9,Mansoor Sadiq,Independent,344,9
NA-9,Irfan Muazam,Independent,260,10
NA-9,Luqman Khan,PNP,197,11
NA-9,Nazia Hassan,Independent,143,12
NA-9,Rasheed Ahmad,Independent,140,13
NA-9,Sabz Ali,Independent,94,14
NA-9,Babu Shah Zaman,Independent,67,15
NA-10,Gohar Ali Khan,Independent,110954,1
NA-10,Haji Abdur Rauf Khan,ANP,31056,2
NA-10,Bakht Jehan Khan,JIP,26531,3
NA-10,Haji Salar Khan,PML-N,19326,4
NA-10,Yousaf Ali Khan,PPP,5754,5
NA-10,Sher Akbar Khan,PTI-P,4999,6
NA-10,Usman Ghani Gujjar,AWP,4856,7
NA-10,Shah Bakht Rawan,Independent,295,8
NA-11,Amir Muqam,PML-N,61204,1
NA-11,Said Fareen,Independent,55312,2
NA-11,Aurang Zeb Khan,ANP,10621,3
NA-11,Muhammad Parvez,Independent,7725,4
NA-11,Muhammad Alam Khan,PPP,5270,5
NA-11,Syed Ghaffar,JIP,3363,6
NA-11,Hamid Iqbal Khan,Independent,1728,7
NA-11,Jawad Ali,Independent,857,8
NA-11,Gulzar Khan,Independent,653,9
NA-11,Bahri Room,AWP,552,10
NA-11,Nawaz Mehmood,Independent,535,11
NA-11,Musharaf Shah,Independent,462,12
NA-11,Mian Nazir Rehman,PTI-P,230,13
NA-11,Safeer Khan,Independent,190,14
NA-11,Fawad Ahmad Khan,Independent,152,15
NA-11,Umar Zada,Independent,148,16
NA-12,Malak Muhammad Idress,Independent,28010,1
NA-12,Salah Uddin Khan,JUI-F,23014,2
NA-12,Mehboob Ullah Jan,PPP,21061,3
NA-12,Molvi Karim Dad,Independent,15493,4
NA-12,Malik Qadam Khan,Independent,6089,5
NA-12,Habib Ullah,Independent,3747,6
NA-12,Taj Muhammad,Independent,2283,7
NA-12,Talib Jan,JIP,805,8
NA-12,Muhammad Zaboor,Independent,209,9
NA-12,Taj Mal,Independent,185,10
NA-12,Daud Khan,Independent,111,11
NA-12,Hijab Khan,Independent,93,12
NA-12,Muhammad Naseem,Independent,44,13
NA-12,Yahya Khan,Independent,15,14
NA-13,Muhammad Nawaz Khan,Independent,32647,1
NA-13,Qari Muhammad Yousaf,JUI-F,21542,2
NA-13,Maulana Atta Muhammad,PRP,18082,3
NA-13,Mufti Aman Ullah,TIPM,8319,4
NA-13,Saeed Ahmad Malkal,JIP,7477,5
NA-13,Sardar Moin Khan,PML-N,2492,6
NA-13,Muhammad Atif,Independent,372,7
NA-13,Adil Nawaz Khan,Independent,276,8
NA-13,Muhammad Afzal,Independent,223,9
NA-13,Mufti Syed Zain Ul Abidin,JUI-S,60,10
NA-13,Syed Amal Shah,Independent,54,11
NA-14,Sardar Muhammad Yousaf Zaman,PML-N,115642,1
NA-14,Muhammad Saleem Imran,Independent,103388,2
NA-14,Muhammad Shuja Khan,PPP,13810,3
NA-14,Syed Tariq Hussain Shah Sherazi,JIP,8127,4
NA-14,Habib Ul Maalik Khan,TLP,5712,5
NA-14,Abdul Salam Mughal,Independent,3667,6
NA-14,Syed Aftab Hussain Kazmi,Independent,3078,7
NA-14,Rustam Khan,PNP,687,8
NA-15,Shahzada Muhammad Gushtasap Khan,Independent,105259,1
NA-15,Mian Muhammad Nawaz Sharif,PML-N,80413,2
NA-15,Mufti Kifayat Ullah,JUI-F,29938,3
NA-15,Zar Gul Khan,PPP,5443,4
NA-15,Tahir Riaz,TLP,4423,5
NA-15,Muhammad Khalid,JIP,4125,6
NA-15,Sannaya Sabeel,Independent,3302,7
NA-15,Muhammad Haroon,Independent,3071,8
NA-15,Babar Khan,Independent,794,9
NA-15,Safeer Ahmed,Independent,503,10
NA-15,Umbereen Faiz Sheraz,Independent,444,11
NA-15,Muhammad Irshad,Independent,352,12
NA-15,Saleh Muhammad,PTI-P,280,13
NA-15,Aamir Shahzad,HQMP,209,14
NA-15,Rustam Khan (Retired),PNP,15,15
NA-16,Ali Asghar Khan,Independent,105300,1
NA-16,Murtaza Javed Abbasi,PML-N,86621,2
NA-16,Sardar Mehtab Ahmad Khan,Independent,23566,3
NA-16,Mehtab Ahmad,TLP,8812,4
NA-16,Sardar Ibrar Khan,Independent,5015,5
NA-16,Ahmad Naseer,JUI-F,3260,6
NA-16,Sajjad Ahmad Khan,PMML,2682,7
NA-16,Noor Ul Ain,PPP,2006,8
NA-16,Yasir Khan,Independent,1989,9
NA-16,Muhammad Rashid,Independent,984,10
NA-16,Muhammad Anwar Abbasi,PAT,546,11
NA-16,Sardar Shabir Ahmad (Retired),Independent,348,12
NA-16,Tahir Javed Abbasi,Independent,335,13
NA-16,Syeda Zainab Kazmi,MWM,193,14
NA-16,Shamriaz Khan,PTI-P,184,15
NA-16,Mubashir Lateef Abbasi (Retired),Independent,90,16
NA-16,Humayon Abdur Rehman Abbasi (Retired),Independent,17,17
NA-17,Ali Khan Jadoon,Independent,97366,1
NA-17,Malik Mohabbat Awan,PML-N,44760,2
NA-17,Syed Saleem Shah,PPP,16460,3
NA-17,Adnan Bin Abdul Aziz,JUI-F,4912,4
NA-17,Attique Ur Rehman,TLP,3480,5
NA-17,Muhammad Ishaq,Independent,3435,6
NA-17,Naseer Khan,PAT,1072,7
NA-17,Muhammad Zia Khan,HQMP,597,8
NA-17,Yasira Bibi,PMML,413,9
NA-17,Naqeebullah Khan,Independent,384,10
NA-17,Amanullah Khan,Independent,349,11
NA-18,Omar Ayub Khan,Independent,194157,1
NA-18,Babar Nawaz Khan,PML-N,113079,2
NA-18,Haji Muhammad Saleh Awan,TLP,12378,3
NA-18,Maulana Muhammad Ayub Siddiqui,JUI-F,9002,4
NA-18,Ghazan Iqbal Khan,JIP,7839,5
NA-18,Syed Ali Zawar Hussain Naqvi,PPP,4003,6
NA-18,Raja Faisal Zaman,Independent,3195,7
NA-18,Asad Usman,Independent,1803,8
NA-18,Rizwan Saeed Mughal,Independent,1504,9
NA-18,Abdul Mateen,PMML,1343,10
NA-18,Abdul Shakoor,PIRP,691,11
NA-18,Shafqat Mehmood,Independent,633,12
NA-18,Zulfiqar Ahmed,Independent,533,13
NA-18,Faiza Bibi Rasheed,QWP,398,14
NA-18,Ghulam Mujtaba,Independent,248,15
NA-18,Syed Wajid Hussain Shah,Independent,184,16
NA-19,Asad Qaiser,Independent,115719,1
NA-19,Maulana Fazal Ali Haqqani,JUI-F,45764,2
NA-19,Shah Nawaz Khanzada,ANP,24226,3
NA-19,Sitara Ayaz,Independent,8144,4
NA-19,Khalil Ahmed Mukhlis,JUI-N,5851,5
NA-19,Umar Gul Jadoon,JIP,4976,6
NA-19,Muhammad Bilal Khan Sherpao,PPP,3541,7
NA-19,Meraj Hamayun Khan,Independent,1207,8
NA-19,Sayed Nadeem Shah,NDM,985,9
NA-19,Wasim Shah,Independent,882,10
NA-19,Muhammad Razzaq,Independent,533,11
NA-19,Yousaf Ali,Independent,295,12
NA-19,Khalid Mehmood,JUI-S,263,13
NA-19,Khanzada Arsalan Khan,Independent,169,14
NA-19,Waleed Ahmad (Retired),TDP,164,15
NA-19,Umat Khan,Independent,127,16
NA-20,Shahram Khan Tarakai,Independent,123828,1
NA-20,Waris Khan,ANP,48286,2
NA-20,Abdur Rahim Khan,JUI-F,19637,3
NA-20,Usman Khan Tarakai,PPP,16224,4
NA-20,Mehmood Ul Hassan,JIP,3735,5
NA-20,Fazal Elahi (Retired),Independent,1308,6
NA-20,Tahir Ali,Independent,1025,7
NA-20,Amir Zeb,PMML,504,8
NA-20,Ahmad Asad,Independent,220,9
NA-20,Mukhtiar Ali,Independent,128,10
NA-21,Mujahid Ali,Independent,119068,1
NA-21,Azam Khan,JUI-F,52222,2
NA-21,Ahmad Ali Khan,ANP,31560,3
NA-21,Asad Ullah Khan,PPP,16720,4
NA-21,Dr. Atta Ur Rahman,JIP,9134,5
NA-21,Haji Muhammad Ghalib,PMML,1011,6
NA-21,Lubna Faheem,Independent,935,7
NA-21,Pir Humayun Syed,Independent,535,8
NA-21,Sartaj Khan,Independent,529,9
NA-21,Ameer Hijaz Khan,Independent,509,10
NA-21,Gul Muhammad,Independent,413,11
NA-22,Muhammad Atif Khan,Independent,115935,1
NA-22,Ameer Haidar Azam Khan Hoti,ANP,66952,2
NA-22,Qari Niaz Ali Haqqani,JUI-F,24357,3
NA-22,Syed Abid Ali Shah,PPP,2971,4
NA-22,Umbreen alias Hina,TLP,1292,5
NA-22,Mukhtiar,Independent,999,6
NA-22,Syed Umar Farooq,Independent,936,7
NA-22,Zulfiqar Khan,Independent,385,8
NA-22,Syed Kamal,Independent,283,9
NA-22,Sher Bahadur,Independent,239,10
NA-22,Muhammad Haneef,Independent,206,11
NA-22,Shuja ul Mulak,RJUI,166,12
NA-22,Muhammad Ayaz,Independent,165,13
NA-22,Muhammad Sheron Ameerzada,PTSP,149,14
NA-22,Jibran Khan,Independent,128,15
NA-22,Muhammad Said,PFM,124,16
NA-22,Saud Shah Roghani,Independent,84,17
NA-23,Ali Muhammad Khan,Independent,102188,1
NA-23,Ahmad Khan Bahadur,ANP,33922,2
NA-23,Kaleem Ullah Khan,JUI-F,32659,3
NA-23,Jalal Khan Khattak,PML-N,10101,4
NA-23,Aqib Ismail,JIP,9435,5
NA-23,Shoaib Alam Khan,PPP,6805,6
NA-23,Shoaib Khan,Independent,1052,7
NA-23,Zar Muhammad,Independent,771,8
NA-23,Abdul Azeem,PMML,639,9
NA-23,Maaz Ullah Khan,PTSP,340,10
NA-23,Bashir Khan,ATP,159,11
NA-24,Malik Anwar Taj,Independent,89841,1
NA-24,Mufti Gohar Ali Shah,JUI-F,48624,2
NA-24,Aftab Ahmad Khan Sherpao,QWP,34536,3
NA-24,Irfan Ali,ANP,8870,4
NA-24,Haji Sami Ullah,JIP,6523,5
NA-24,Shazia Tehmas Khan,PPP,2406,6
NA-24,Nasir Ali Khan,Independent,1797,7
NA-24,Jehanzeb Khan,Independent,525,8
NA-24,Farah Khan,PML-N,460,9
NA-25,Fazal Muhammad Khan,Independent,100742,1
NA-25,Aimal Wali Khan,ANP,68019,2
NA-25,Moulana Muhammad Gohar Shah,JUI-F,32933,3
NA-25,Musawer Shah Durrani,JIP,8487,4
NA-25,Pir Aftab Alam,PPP,2113,5
NA-25,Shmas Ur Rahman,Independent,1604,6
NA-25,Alaf Khan Sherpao,TLP,1134,7
NA-25,Ishfaq Ahmad,RJUI,960,8
NA-25,Iftikhar Ullah Jan,Independent,867,9
NA-25,Qasim Ali,Independent,809,10
NA-25,Qaiser Jamal Hashtnagare,QWP,761,11
NA-25,Malik Falak Niaz,PTI-P,533,12
NA-25,Irfan Ullah Khan,Independent,357,13
NA-26,Sajid Khan S/O Sultan,Independent,41502,1
NA-26,Maulana Muhammad Arif,JUI-F,19985,2
NA-26,Malik Bilal Rehman Mehmand,Independent,16371,3
NA-26,Nisar Ahmad,ANP,7798,4
NA-26,Haji Zar Khan,PML-N,1977,5
NA-26,Muhammad Saeed Khan,JIP,1905,6
NA-26,Abdul Waheed Khan Mohmand,PPP,1564,7
NA-26,Noor Islam Safi,Independent,1059,8
NA-26,Muhammad Israr,Independent,611,9
NA-26,Muhammad Arif S/O Abdul Razzaq,Independent,538,10
NA-26,Sajid Khan S/O Taj Gull,Independent,387,11
NA-26,Muhammad Siraj,PMML,192,12
NA-27,Muhammad Iqbal Khan,Independent,85647,1
NA-27,Alhaj Shah Jee Gul Afridi,PML-N,18979,2
NA-27,Hameed Ullah Jan Afridi,JUI-F,15164,3
NA-27,Shah Faisal Afridi,JIP,7907,4
NA-27,Muhammad Sadiq,MOTP,1491,5
NA-27,Shah Hussain Shinwari,ANP,1477,6
NA-27,Muhammad Iqbal Afridi,Independent,1228,7
NA-27,Shah Rehman Khan Shinwari,PPP,1192,8
NA-27,Malik Kashif Ullah Khan,TLP,833,9
NA-27,Abid Afridi,Independent,755,10
NA-27,Muhammad Nowshad,Independent,569,11
NA-27,Shah Jehan,Independent,485,12
NA-27,Noor Ul Haq,Independent,157,13
NA-27,Sherin Khan,Independent,81,14
NA-28,Noor Alam Khan,JUI-F,138389,1
NA-28,Haji Sajid Nawaz,Independent,65119,2
NA-28,Kiramat Ullah Khan,PPP,14830,3
NA-28,Hafiz Hashmat Khan,JIP,8930,4
NA-28,Imran Khattak,Independent,4434,5
NA-28,Sheikh Muhammad Fayyaz Khan,ANP,3644,6
NA-28,Hidayat Ullah,Independent,2208,7
NA-28,Saeed Ullah,TLP,1676,8
NA-28,Arbab Khudadad Khan,Independent,604,9
NA-28,Muhammad Jan Mohmand,TJP,474,10
NA-28,Sana Ullah,RJUI,350,11
NA-28,Ejaz Khan,Independent,295,12
NA-28,Imtiaz Khan,PDQM,170,13
NA-29,Arbab Amir Ayub,Independent,68792,1
NA-29,Saqib Ullah Khan,ANP,18888,2
NA-29,Akhunzada Irfan Ullah Shah,JUI-F,10499,3
NA-29,Muhammad Shafiq Ameeni,TLP,7481,4
NA-29,Ghulam Mohyuddin Malik,JIP,5001,5
NA-29,Malik Amjad Aziz Khan,PPP,4674,6
NA-29,Sobia Shahid,PML-N,2373,7
NA-29,Syed Sagheer Abbas,Independent,1707,8
NA-29,Tahir Nadeem,Independent,1413,9
NA-29,Sardar Wali Ahmadzai,Independent,881,10
NA-29,Riaz Ahmed Jan,PML-Q,419,11
NA-29,Jamil Badshah,PMML,317,12
NA-29,Farhan Qadeer,Independent,145,13
NA-29,Saeed Khan,Independent,118,14
NA-30,Shandana Gulzar Khan,Independent,78971,1
NA-30,Nasir Khan Musazai,JUI-F,20950,2
NA-30,Zain Umar Arbab,ANP,11855,3
NA-30,Kashif Azam Khalil,JIP,5355,4
NA-30,Misbah uddin,PPP,4555,5
NA-30,Raees Khan,PML-N,3508,6
NA-30,Pir Zahir Shah,TLP,3278,7
NA-30,Gul Wazir,Independent,1581,8
NA-30,Khalid Waqar,Independent,981,9
NA-30,Saeed Ahmad,Independent,436,10
NA-30,Arbab Mohammad Haleem,PTI-P,202,11
NA-30,Basmeeda,PMML,107,12
NA-30,Pirzada Nabi Amin,Independent,84,13
NA-30,Fahim Ahmad,Independent,76,14
NA-30,Ghulam Haider Khan,Independent,56,15
NA-31,Sher Ali Arbab,Independent,82985,1
NA-31,Arbab Alamgir Khan,PPP,22543,2
NA-31,Maulana Muhammad Saeed Jan,JUI-F,14560,3
NA-31,Pir Syed Haroon Shah,ANP,10101,4
NA-31,Imdad Khan Khalil,JIP,5094,5
NA-31,Sobia Shahid,PML-N,3287,6
NA-31,Sher Ali,Independent,1100,7
NA-31,Muhammad Saleem Akhtar Durrani,PTI-P,710,8
NA-31,Dr. Fida Muhammad,TDP,691,9
NA-31,Yawar Aftab,PMML,688,10
NA-31,Khalid Masood,Independent,287,11
NA-31,Sohail Wahab,MOTP,219,12
NA-31,Fayyaz Khan Khalil,Independent,213,13
NA-31,Rizwan Ullah,Independent,126,14
NA-31,Muhammad Atif,Independent,124,15
NA-31,Syed Muhammad Shakeel Ali Shah,TJP,92,16
NA-31,Ilyas Khan,Independent,61,17
NA-31,Fakhr e Alam,Independent,52,18
NA-31,Jamshaid Khan,Independent,51,19
NA-31,Jalal Ud Din,Independent,49,20
NA-31,Muhammad Iftikhar Hussain Khan,Independent,46,21
NA-32,Asif Khan S/O Ghulam Jan,Independent,122792,1
NA-32,Haji Ghulam Ahmad Bilour,ANP,45846,2
NA-32,Maulana Hussain Ahmad Madni,JUI-F,17665,3
NA-32,Abid Ullah Khan,PPP,10520,4
NA-32,Tariq Mateen,JIP,5807,5
NA-32,Haji Sher Rehman,PML-N,4814,6
NA-32,Asif Khan S/O Muhammad Ismail Khan,Independent,4128,7
NA-32,Ubaid Ullah,TLP,1774,8
NA-32,Zain Ullah,PMML,1765,9
NA-32,Sher Afzal Khan,Independent,1551,10
NA-32,Akhtar Hameed,Independent,666,11
NA-32,Javed Naseem,Independent,482,12
NA-32,Sher Afzal,Independent,388,13
NA-32,Samad Mursaleen,Independent,376,14
NA-32,Abdul Waheed Khan,PTI-P,324,15
NA-32,Zahoor Qadir,Independent,305,16
NA-32,Syed Qasim Ali Shah,Independent,264,17
NA-32,Muhammad Ashfaq,Independent,249,18
NA-32,Muhammad Saqqaf Yasir,Independent,184,19
NA-32,Ilyas Muhammad,Independent,171,20
NA-32,Khalid Masood,Independent,144,21
NA-32,Aftab Khurram,TJP,117,22
NA-32,Muhammad Rizwan Khan,Independent,80,23
NA-32,Irfan Saleem,Independent,41,24
NA-32,Malik Najab Gul Khalil,Independent,37,25
NA-33,Syed Shah Ahad Ali Shah,Independent,93474,1
NA-33,Pervez Khattak,PTI-P,26592,2
NA-33,Khan Parvez,ANP,24725,3
NA-33,Ikhtiar Wali,PML-N,21373,4
NA-33,Hafiz Ijaz Ul Haq,JUI-F,19992,5
NA-33,Haji Inayat Ur Rahman,JIP,2723,6
NA-33,Malak Fayaz Ur Rehman,Independent,2538,7
NA-33,Saleem Ullah Khan,PPP,2516,8
NA-33,Khalid Akhtar,Independent,2152,9
NA-33,Nadia Ambreen Khattak,Independent,546,10
NA-33,Irshad Ali,Independent,340,11
NA-33,Mian Sarwar Muzaffar Shah,Independent,124,12
NA-34,Zulfiqar Ali,Independent,95704,1
NA-34,Imran Khattak,PTI-P,32732,2
NA-34,Haji Parvaiz Khan Khattak,JUI-F,26058,3
NA-34,Mian Babar Shah Kakakhel,ANP,22481,4
NA-34,Ikram Ullah,TLP,8460,5
NA-34,Muhammad Sikandar Asad,JIP,4476,6
NA-34,Muhammad Idress Khattak,PPP,4158,7
NA-34,Muhammad Kashif,PML-N,4068,8
NA-34,Amjad Hussain,Independent,4012,9
NA-34,Mufti Muhammad Sajjad,Independent,1902,10
NA-34,Muhammad Saad Khattak,PAAM,1256,11
NA-34,Shah Faisal,Independent,866,12
NA-34,Haji Akbar,Independent,746,13
NA-34,Ishfaq Ahmad,Independent,402,14
NA-34,Nadia Ambreen Khattak,Independent,387,15
NA-34,Nisar Ahmad Khttak,BPP,181,16
NA-34,Ibn e Amin,Independent,169,17
NA-34,Pirzada Nabi Amin,Independent,98,18
NA-35,Shehryar Khan Afridi,Independent,128594,1
NA-35,Abbas Afridi,PML-N,59034,2
NA-35,Gohar Muhammad Khan Bangash,JUI-F,44380,3
NA-35,Muhammad Ishfaq,PRP,2945,4
NA-35,Zia ul Islam,Independent,1725,5
NA-35,Muhammad Hayyat,Independent,1210,6
NA-35,Noor Aslam,ANP,1175,7
NA-35,Najeeb Ullah Durrani,TLP,1105,8
NA-35,Akbar Jan,Independent,689,9
NA-35,Fawood Ullah Khan,Independent,686,10
NA-35,Asiya Asad,PTI-P,564,11
NA-35,Syed Majid Falook Bukhari,Independent,459,12
NA-35,Faheem Shah,Independent,388,13
NA-35,Bahadur Janan,Independent,313,14
NA-35,Nighat Parveen Afridi,Independent,305,15
NA-35,Lal Saeed Afridi,Independent,271,16
NA-35,Sher Rehman,Independent,144,17
NA-35,Farooq Zaman Shinwari,Independent,132,18
NA-36,Yousaf Khan,Independent,73347,1
NA-36,Mufti Ubaid Ullah,JUI-F,35178,2
NA-36,Hafiz Abdul Hadi,Independent,8849,3
NA-36,Malik Shaban Ali,Independent,6064,4
NA-36,Syad Ghazi Gulab Jamal,Independent,5288,5
NA-36,Malak Syed Noor Akbar,PPP,1318,6
NA-36,Abdullah,Independent,1166,7
NA-36,Ulfat Hussain,Independent,692,8
NA-36,Afrasiab,JIP,661,9
NA-36,Malak Mumtaz Khan,Independent,573,10
NA-36,Muhammad Ibrahim Khan,Independent,246,11
NA-36,Aurangzeb Khan,Independent,246,12
NA-36,Akhtar Munir Bangash,Independent,181,13
NA-36,Shaheed Khan,Independent,173,14
NA-36,Aziz Ahmad,Independent,152,15
NA-36,Sher Nawaz Orakzai,Independent,125,16
NA-36,Alhaj Muhammad Farid Mufakkar,PML-N,107,17
NA-36,Abid Wazir,BPP,80,18
NA-36,Misal Khan,Independent,76,19
NA-37,Hameed Hussain,MWM,58661,1
NA-37,Sajid Hussain Turi,PPP,54792,2
NA-37,Maulana Asmat Ullah,JUI-F,24892,3
NA-37,Malak Jamil Khan,Independent,10868,4
NA-37,Abdur Rasheed Khan,JIP,1245,5
NA-37,Syed Irshad Hussain,Independent,457,6
NA-37,Irfan Ullah,Independent,321,7
NA-37,Adil Muhammad,Independent,297,8
NA-37,Abid Rehman,Independent,266,9
NA-37,Saif Ullah Khan,Independent,248,10
NA-37,Mehdi Hussain,Independent,243,11
NA-37,Mir Afzal Khan Turi,Independent,140,12
NA-37,Anwar Shah,Independent,129,13
NA-37,Muhammad Ullah,PML-N,122,14
NA-37,Rasool Gul,Independent,94,15
NA-37,Atta Ullah Jan,Independent,84,16
NA-37,Waheed Ullah,Independent,80,17
NA-37,Karim Ullah,Independent,72,18
NA-37,Muhammad Luqman,Independent,69,19
NA-37,Inayat Hussain Turi,Independent,62,20
NA-37,Shahid Khan,Independent,60,21
NA-37,Habib Malik,Independent,58,22
NA-37,Eid Nazar,PRP,56,23
NA-37,Noor Muhammad,Independent,56,24
NA-37,Akhonzada Muhammad Akram Khan,Independent,49,25
NA-37,Muhammad Shoaib,Independent,45,26
NA-37,Malik Rasheed Ahmed Khan,Independent,37,27
NA-37,Abdul Qadir,Independent,28,28
NA-37,Wazir Jan,Independent,22,29
NA-37,Noor Alam,JUI-S,21,30
NA-37,Khiali Ur Rehman,Independent,20,31
NA-37,Shehzad Zaman Bangash,Independent,19,32
NA-37,Asad Zaman,Independent,14,33
NA-37,Mazhar Hussain,Independent,12,34
NA-38,Shahid Ahmad,Independent,117998,1
NA-38,Shah Abdul Aziz,JUI-F,40949,2
NA-38,Nawabzada Mohsin Ali Khan,Independent,16538,3
NA-38,Hamid Khan Toofan,ANP,16083,4
NA-38,Mehboob Janan,JIP,7556,5
NA-38,Akhlaq Yunus,PML-N,5846,6
NA-38,Mehr Sultana,PPP,3782,7
NA-38,Muhammad Abdullah,Independent,3163,8
NA-38,Umar Nooh,Independent,1201,9
NA-38,Muhammad Saleem Khattak,Independent,833,10
NA-38,Altaf Qadir,Independent,512,11
NA-38,Abdul Munir Khan,Independent,395,12
NA-38,Naveed Ullah,Independent,335,13
NA-38,Said Rasool Khan,Independent,193,14
NA-38,Shafi Ullah,JUI-S,147,15
NA-38,Faisal Nawaz,Independent,133,16
NA-38,Zeeshan Ahmad,Independent,112,17
NA-38,Ashfaq Ahmad,Independent,80,18
NA-38,Malik Ur Rehman,Independent,69,19
NA-38,Muhammad Waheed Khan,Independent,46,20
NA-38,Amjad Ali Shah,Independent,45,21
NA-38,Muhammad Kamran,Independent,35,22
NA-38,Saif Ur Rehman,Independent,34,23
NA-38,Atta Ullah,Independent,29,24
NA-38,Muhammad Idrees,Independent,29,25
NA-38,Shams Ur Rehman Khattak,Independent,28,26
NA-38,Muhammad Bashir Yousaf,RJUI,19,27
NA-38,Kiramat Ullah,Independent,18,28
NA-38,Muhammad Asim,Independent,18,29
NA-38,Qismat Ullah,Independent,17,30
NA-38,Muhammad Said Nawaz,Independent,15,31
NA-39,Nasim Ali Shah,Independent,146667,1
NA-39,Zahid Akram Durrani,JUI-F,111293,2
NA-39,Muhammad Ibrahim Khan,JIP,5097,3
NA-39,Imtiaz Khan,Independent,3618,4
NA-39,Syed Qaiser Abbas Shah,PTI-P,2785,5
NA-39,Farzana Sherin,PPP,1488,6
NA-39,Inam Ullah Khan,Independent,1241,7
NA-39,Ghani Ur Rehman,PML-N,1107,8
NA-39,Sikandar Hayat,Independent,1107,9
NA-39,Mati Ullah Khan,Independent,1086,10
NA-39,Baseer Ali Shah,Independent,862,11
NA-39,Asfand Yar Khan,Independent,790,12
NA-39,Sami Ullah Khan,Independent,479,13
NA-39,Muhammad Israr Khan,Independent,215,14
NA-39,Muhammad Asghar Khan,Independent,128,15
NA-39,Muhammad Isar Ali,Independent,121,16
NA-39,Farid Ullah Khan,Independent,114,17
NA-39,Islam Noor,RJUI,103,18
NA-39,Muhammad Usman Ali Khan,Independent,54,19
NA-40,Mufti Misbha Uddin S/O Ahmad Uddin,JUI-F,43400,1
NA-40,Aurangzeb Khan,Independent,33799,2
NA-40,Mohsin Javed Dawar,NDM,33256,3
NA-40,Mohsin Faraz,MOTP,15443,4
NA-40,Muhammad Nazir Khan,PML-N,8925,5
NA-40,Zia Ur Rahman,Independent,3473,6
NA-40,Akbar Ali Khan,JIP,1593,7
NA-40,Misbah Uddin S/O Noor Ul Islam,Independent,731,8
NA-40,Ashrafullah,ANP,433,9
NA-40,Misbah Uddin S/O Islam Gul,Independent,405,10
NA-40,Ameer Ur Rehman,Independent,323,11
NA-40,Muhammad Noor Khan,Independent,232,12
NA-40,Muhammad Amin,Independent,138,13
NA-40,Abida,Independent,98,14
NA-40,Luqman Khan,Independent,48,15
NA-41,Sher Afzal Khan Marwat,Independent,117599,1
NA-41,Maulana Asjad Mahmood,JUI-F,69000,2
NA-41,Salim Saif Ullah Khan,Independent,46540,3
NA-41,Muhammad Riaz Khan,ANP,2104,4
NA-41,Qudrat Ullah Khan,Independent,1991,5
NA-41,Syed Muhammad Ali Shah,TLP,1714,6
NA-41,Imran Ullah Khan,Independent,502,7
NA-41,Akhtar Munir Marwat,Independent,456,8
NA-41,Najib Ullah Khan,Independent,376,9
NA-41,Masood Ur Rehman,Independent,356,10
NA-41,Inam Ullah Khan S/O Muhammad Qasim Jan,Independent,259,11
NA-41,Muhammad Fawad Raza Zakori,Independent,253,12
NA-41,Ameer Nawaz Khan,Independent,187,13
NA-41,Tariq Saeed,Independent,180,14
NA-41,Inam Ullah Khan S/O Mirza Ali Khan,Independent,150,15
NA-41,Ishfaq Ahmad Khan,Independent,111,16
NA-41,Noor Saleem Malik,Independent,99,17
NA-41,Riaz Ullah Khan,Independent,94,18
NA-41,Ishfaq Muhammad,Independent,90,19
NA-41,Adnan Khan,Independent,89,20
NA-41,Ghulam Akhbar,Independent,87,21
NA-41,Sana Ullah Khan,Independent,60,22
NA-41,Mansoor Kamal Marwat,PML-N,53,23
NA-41,Daud Khan,Independent,49,24
NA-41,Muhammad Iqbal,Independent,46,25
NA-41,Salah Uddin,Independent,44,26
NA-41,Malik Noor Aslam Khan,Independent,42,27
NA-41,Abdul Qadeer Khan,Independent,41,28
NA-41,Irfan Ullah,JIP,39,29
NA-41,Muhmmad Arif Khan,Independent,37,30
NA-41,Rafi Ullah Khan Marwat,Independent,29,31
NA-41,Nawab Ali Khan,Independent,25,32
NA-41,Naila Khan,Independent,24,33
NA-41,Zafar Ullah Khan,Independent,19,34
NA-41,Rafi Ullah Khan,Independent,18,35
NA-41,Zahoor Ud Din,Independent,12,36
NA-41,Abdullah,Independent,11,37
NA-41,Haroon Naimat Ullah,Independent,7,38
NA-41,Abdul Waheed Khan,RJUI,5,39
NA-42,Zubair Khan,Independent,20240,1
NA-42,Muhammad Ali,Independent,16302,2
NA-42,Muhammad Jamal Uddin,JUI-F,14252,3
NA-42,Saeed Anwar,Independent,10633,4
NA-42,Gull Azeem,Independent,7532,5
NA-42,Mehmood Alam,Independent,1205,6
NA-42,Hameed Ullah,ANP,601,7
NA-42,Gul Meer Khan,SKQM,475,8
NA-42,Abid Hussain,Independent,403,9
NA-42,Muhammad Sadiq,MOTP,403,10
NA-42,Amanullah S/O Gul Azad,PPP,385,11
NA-42,Abdul Wasay,Independent,369,12
NA-42,Nasarullah Khan Wazir,Independent,353,13
NA-42,Hazrat Bilal,Independent,296,14
NA-42,Abdul Majeed,Independent,257,15
NA-42,Ghalib Khan,PML-N,245,16
NA-42,Aman Ullah S/O Akram Khan,Independent,182,17
NA-42,Saif ur Rehman,JIP,153,18
NA-42,Muhammad Ilyas,Independent,142,19
NA-42,Ayesha Gulalai Wazir,Independent,120,20
NA-42,Arif Zaman Burki,Independent,112,21
NA-42,Sohail Haroon,Independent,105,22
NA-42,Muhammad Asghar Khan,NDM,96,23
NA-42,Ali Sher Khan,Independent,89,24
NA-42,Sabir Ahmed,Independent,83,25
NA-42,Badshahi Khan,Independent,50,26
NA-42,Yar Muhammad,Independent,47,27
NA-42,Hafiz Ul Amin,Independent,33,28
NA-42,Naqib Ur Rehman,Independent,23,29
NA-43,Dawar Khan Kundi,Independent,64575,1
NA-43,Maulana Asad Mahmood,JUI-F,64020,2
NA-43,Muhammad Ramzan,TLP,19985,3
NA-43,Abdullah,Independent,9470,4
NA-43,Anwar Saifullah Khan,PPP,5374,5
NA-43,Muhammad Imtiaz,JIP,1416,6
NA-43,Sher Bahadar Khan,Independent,221,7
NA-43,Muhammad Akbar Khan,PML-N,189,8
NA-43,Inam Ullah Khan,Independent,180,9
NA-43,Sami Ullah Khan Burki,Independent,155,10
NA-43,Arshad Mansoor Shah,ANP,152,11
NA-43,Ubaid Ur Rehman,Independent,145,12
NA-43,Asam Ud Din,Independent,136,13
NA-43,Muhammad Khalid,Independent,123,14
NA-43,Ghulam Farid,Independent,119,15
NA-43,Said Badshah,Independent,106,16
NA-43,Rehmat Khan,Independent,102,17
NA-43,Mustafa Kundi,Independent,99,18
NA-43,Ghulam Badshah,Independent,84,19
NA-43,Ghayas Ud Din,Independent,81,20
NA-43,Ghulam Qadir Khan,Independent,78,21
NA-43,Shah Noor,Independent,71,22
NA-44,Ali Amin Khan Gandapur,Independent,92161,1
NA-44,Maulana Fazl Ur Rahman,JUI-F,59585,2
NA-44,Faisal Karim Kundi,PPP,35248,3
NA-44,Muhammad Shafiq Ul Hai,TLP,9315,4
NA-44,Syed Muhammad Jawad Asghar Shah,PTI-P,4064,5
NA-44,Waqar Ahmed Khan,Independent,1648,6
NA-44,Khuram Shehzad,Independent,1231,7
NA-44,Muhammad Yousaf Khan,JIP,1167,8
NA-44,Mehnaz Ali,Independent,1095,9
NA-44,Faisal Amin Khan,Independent,786,10
NA-44,Sirhaan Ahmed Khan,Independent,573,11
NA-44,Muhammad Tanveer,Independent,320,12
NA-44,Amin Ullah Khan,Independent,314,13
NA-44,Sherullah Khan,ANP,240,14
NA-44,Hamayun Khan,Independent,229,15
NA-44,Zamir Hussain,Independent,219,16
NA-44,Muhammad Ali Raza,Independent,144,17
NA-44,Rehan Malik,Independent,123,18
NA-44,Akhtar Saeed,Independent,123,19
NA-44,Malik Muhammad Ayaz,Independent,79,20
NA-45,Fateh Ullah Khan Miankhel,PPP,56944,1
NA-45,Maulana Obaid Ur Rehman,JUI-F,48361,2
NA-45,Sardar Shoaib Nasir Khan,Independent,23112,3
NA-45,Muhammad Yaqoob Shaikh,Independent,12548,4
NA-45,Shahi Khan Sherani,ANP,3504,5
NA-45,Inayat Ullah Khan,Independent,2311,6
NA-45,Muhammad Ijaz,JIP,1808,7
NA-45,Tallal Khan,Independent,1438,8
NA-45,Muhammad Haider Ali Khan,Independent,1210,9
NA-45,Dawar Khan Kundi,Independent,516,10
NA-45,Jehanzeb Babar,Independent,234,11
NA-45,Mustafa Kundi,Independent,226,12
NA-46,Anjum Aqeel Khan,PML-N,82536,1
NA-46,Aammar Masood Mughal,Independent,46313,2
NA-46,Mian Muhammad Aslam,JIP,12017,3
NA-46,Raja Imran Ashraf,PPP,8033,4
NA-46,Ch. Gulam Qadir Gujjar,TLP,5547,5
NA-46,Maulana Abdul Majeed Hazarvi,JUIP,1840,6
NA-46,Chaudhary Muhammad Shafiq ur Rehman Warraich,PMML,1150,7
NA-46,Hafiz Malik Mazhar Javed,PRP,1074,8
NA-46,Muhammad Shoaib Shaheen,Independent,448,9
NA-46,Nayab Ali,Independent,332,10
NA-46,Ajab Khan,SKQM,242,11
NA-46,Anwar Khan,Independent,179,12
NA-46,Muhammad Hamza Ali Haroon,Independent,123,13
NA-46,Muhammad Rafiq,PTE,114,14
NA-46,Sheeraz Basharat,Independent,113,15
NA-46,Muhammad Usman,Independent,99,16
NA-46,Muhammad Imran Shahzad,Independent,95,17
NA-46,Jamshaid Ahmad Mughal,Independent,94,18
NA-46,Fawad Asalam,Independent,77,19
NA-46,Muhammad Shafique,PAT,65,20
NA-46,Raja Faisal Nadeem,Independent,62,21
NA-46,Saifullah,ANP,62,22
NA-46,Bilal Saleem,Independent,58,23
NA-46,Kaneez Fatima,Independent,58,24
NA-46,Chan Mehboob Noon Awan,Independent,57,25
NA-46,Amina Sadaf,Independent,49,26
NA-46,Muhammad Jamshaid Khan,Independent,47,27
NA-46,Syed Muhammad Mustafain Kazmi,Independent,46,28
NA-46,Shahzad Asif Javed,MQM,44,29
NA-46,Farzand Hussain Shah,Independent,41,30
NA-46,Sajid Mehmood,Independent,38,31
NA-46,Tanveer Hussain,Independent,31,32
NA-46,Muhammad Faisal,GDA,27,33
NA-46,Choudary Khalid Yousaf,Independent,25,34
NA-46,Waqar Ahmad,ADT,24,35
NA-46,Muhammad Zaheer,Independent,23,36
NA-46,Riaz Muhammad Yousafzai,PKMAP,20,37
NA-46,Malik Tariq Mehmood Noon,Independent,15,38
NA-46,Yasir Riaz Abbasi,Independent,14,39
NA-46,Rabia Masood,Independent,14,40
NA-46,Zubair Farooq Khan,Independent,10,41
NA-46,Malik Asad Ali Khan,Independent,6,42
NA-46,Muhammad Masroof Khan,Independent,5,43
NA-47,Tariq Fazal Chaudhary,PML-N,101575,1
NA-47,Muhammad Shoaib Shaheen,Independent,87105,2
NA-47,Mustafa Nawaz Khokhar,Independent,18980,3
NA-47,Syed Sibtal Haider Bukhari,PPP,15147,4
NA-47,Hafiz Khawar Ikhlas,TLP,11063,5
NA-47,Muhammad Kashif,JIP,7947,6
NA-47,Muhammad Rafiq,PTE,1975,7
NA-47,Sheeraz Kiani,Independent,1718,8
NA-47,Sania Youngs,Independent,1367,9
NA-47,Asma Muzaffar,Independent,983,10
NA-47,Asia Bibi,Independent,722,11
NA-47,Muhammad Yaqoob Alvi,PWP,715,12
NA-47,Khawar Israr Satti,Independent,249,13
NA-47,Syed Nadeem Mansur,MQM,232,14
NA-47,Syed Muhammad Mustafain Kazmi,Independent,210,15
NA-47,Syed Junaid Hussain Shah,Independent,197,16
NA-47,Muhammad Aamir,Independent,193,17
NA-47,Nasir Mehmood,PAL,180,18
NA-47,Raja Saqib Mehmood,Independent,151,19
NA-47,Muhammad Iqbal Jahan,Independent,148,20
NA-47,Muhammad Zafar,Independent,124,21
NA-47,Syed Faqir Hussain Shah Bukhari,PML-KQK,120,22
NA-47,Nayyab Ali,Independent,113,23
NA-47,Syed Masood Shah,ANP,112,24
NA-47,Farhana Qamar,Independent,104,25
NA-47,Shahana Subhan,Independent,96,26
NA-47,Ch Ilyas Mehrban,Independent,72,27
NA-47,Aamer Masood,Independent,64,28
NA-47,Khurram Shahzad,Independent,63,29
NA-47,Niaz Ullah Khan,Independent,60,30
NA-47,Raja Muhammad Mansoor Khan,Independent,52,31
NA-47,Umbreen Younis Turk,Independent,27,32
NA-47,Hashim Khan,Independent,19,33
NA-47,Nuzhat Talib,Independent,13,34
NA-48,Raja Khuram Shahzad Nawaz,Independent,69701,1
NA-48,Syed Muhammad Ali Bukhari,Independent,59865,2
NA-48,Mustafa Nawaz Khokhar,Independent,18573,3
NA-48,Azhar Mahmood,TLP,13201,4
NA-48,Malik Abdul Aziz,JIP,8478,5
NA-48,Khaqan Waheed Khawaja,PAQ,3209,6
NA-48,Choudhary Asad Parvaiz,PPP,2994,7
NA-48,Syed Hassan Zaffar,Independent,997,8
NA-48,Saeed Ahmed Awan,JUI-F,802,9
NA-48,Muhammad Shaoib Shaheen,Independent,800,10
NA-48,Syed Muhammad Mustafain Kazmi,Independent,476,11
NA-48,Rabia Iqbal,Independent,382,12
NA-48,Sardar Muhammad Tazeem Khan,Independent,235,13
NA-48,Sohail Ahmad,Independent,231,14
NA-48,Choudhary Asif Irshad,Independent,226,15
NA-48,Raja Muhammad Farooq,Independent,143,16
NA-48,Osama,Independent,127,17
NA-48,Muhammad Zameer Khan,Independent,126,18
NA-48,Muhammad Haneef Mughal,PTS,126,19
NA-48,Waqas Ahmad,PRP,110,20
NA-48,Malik Ikhlaq Ahmad Awan,Independent,106,21
NA-48,Tazain Azka Hamid Choudhry,Independent,101,22
NA-48,Shahid Iqbal,PFP,78,23
NA-48,Muhammad Rafiq,PTE,75,24
NA-48,Chaudhary Ilyas Mehrbaan,Independent,73,25
NA-48,Zarar Ahmad,Independent,62,26
NA-48,Shameem Aftab,Independent,53,27
NA-48,Mazhar Abbas,Independent,51,28
NA-48,Muhammad Jahagir Ali Khan,Independent,47,29
NA-48,Malik Fakhar Ali,Independent,45,30
NA-48,Nighat Firdoos,PMML,45,31
NA-48,Gul Zali Khan,Independent,32,32
NA-48,Mirza Aasim Baig,Independent,31,33
NA-48,Farrukh Bashir,TTK,28,34
NA-48,Muhammad Humayoun Nazir,Independent,19,35
NA-48,Naghma Taskeen Khalid,Independent,16,36
NA-49,Sheikh Aftab Ahmad,PML-N,120158,1
NA-49,Tahir Sadiq,Independent,110462,2
NA-49,Allama Hafiz Muhammad Hamid Raza,TLP,36444,3
NA-49,Malik Amin Aslam Khan,Independent,19184,4
NA-49,Iqbal Khan,JIP,15576,5
NA-49,Khurram Shahzad Khan,PPP,7119,6
NA-49,Qari Iftikhar Ahmad Farooqi,PRP,4125,7
NA-49,Muhammad Ameer Awan,PAT,1725,8
NA-49,Siraj Gull,Independent,1135,9
NA-49,Naz Tahir,Independent,859,10
NA-49,Abdullah,PMML,605,11
NA-49,Hamayun Khan,Independent,446,12
NA-50,Malik Sohail Khan,PML-N,118288,1
NA-50,Eman Waseem,Independent,109908,2
NA-50,Hafiz Muhammad Saad Rizvi,TLP,91469,3
NA-50,Sardar Saleem Haider,PPP,63689,4
NA-50,Amjad Ali Khan,JIP,7177,5
NA-50,Muhammad Saleem,Independent,4291,6
NA-50,Muhammad Safdar Hashmi,PRP,3985,7
NA-50,Hassan Yar,Independent,3569,8
NA-50,Inbisat Tahir Sadiq,Independent,2808,9
NA-50,Riffat Naz,Independent,2025,10
NA-50,Naz Tahir,Independent,1607,11
NA-50,Malik Bahadur Yar,Independent,1286,12
NA-50,Malik Muhammad Asim Raza (Retired),Independent,903,13
NA-50,Fakhar Ud Din,JUI-F,876,14
NA-50,Qasim Ali Khan,PMML,724,15
NA-50,Qaisar Shahzad,Independent,712,16
NA-50,Imran Ali Khan,Independent,663,17
NA-50,Sardar Ghulam Mujtaba Khan,MQM,550,18
NA-50,Muhammad Aasim,TAP,501,19
NA-50,Siraj Gull,Independent,392,20
NA-51,Raja Osama Sarwar,PML-N,149400,1
NA-51,Muhammad Latasub Satti,Independent,113911,2
NA-51,Javed Akhtar Abbasi,TLP,32026,3
NA-51,Mehreen Anwar Raja,PPP,16426,4
NA-51,Mehmood Shoukat Bhatti,Independent,14838,5
NA-51,Muhammad Sufyan Abbasi,JIP,10076,6
NA-51,Raja Khurram Zaman,Independent,2976,7
NA-51,Muhammad Zubair Abbasi,JUI-F,1499,8
NA-51,Muhammad Qasim Satti,Independent,1439,9
NA-51,Raja Tanveer Ahmad,Independent,1007,10
NA-51,Naveed Iqbal,TJK,988,11
NA-51,Javed Iqbal Satti (Rtd),Independent,850,12
NA-51,Amjad Arbab Abbasi,PAT,559,13
NA-51,Abida bibi,Independent,493,14
NA-51,Raja Tariq Mehmood Janjua,Independent,400,15
NA-51,Asif Shafique Satti,Independent,366,16
NA-51,Umar Naveer Satti,Independent,284,17
NA-51,Muhammad Usman,PMML,280,18
NA-51,Saqib Imtiaz (Rtd),Independent,265,19
NA-51,Ghulam Murtaza Satti (Rtd),Independent,248,20
NA-51,Tariq Mehmood Murtaza (Rtd),Independent,217,21
NA-51,Saif Ur Rehman,Independent,208,22
NA-51,Muhammad Nouman Abbasi,Independent,205,23
NA-51,Asmar Ahmad Abbasi,Independent,201,24
NA-51,Sohail Irfan Abbasi (Rtd),Independent,86,25
NA-51,Sardar Mohsin Akhtar Abbasi,Independent,81,26
NA-51,Muhammad Sajid Khan Abbasi,Independent,59,27
NA-52,Raja Parvaiz Ashraf,PPP,113015,1
NA-52,Tariq Aziz Bhatti,Independent,91918,2
NA-52,Raja Muhammad Javed Ikhlas,PML-N,71884,3
NA-52,Choudhry Muhammad Riaz,TLP,37001,4
NA-52,Choudhry Abid Hussain,JIP,3727,5
NA-52,Farrukh Mehmood Siyal,Independent,2378,6
NA-52,Ahmad Raza,Independent,2159,7
NA-52,Mukhtar Ali,TLI,1286,8
NA-52,Khalid Mobeen,JUI-F,1104,9
NA-52,Zaffar Mehmood Choudhry,Independent,667,10
NA-52,Junaid Mehmood,Independent,628,11
NA-52,Gull Ikhlaq Hussain,Independent,605,12
NA-52,Azmat Ali Kiyani,PMML,312,13
NA-52,Sajid Mehmood Janjua,Independent,296,14
NA-52,Naveer Qurban,Independent,290,15
NA-52,Sohail Abbas Raja,Independent,285,16
NA-52,Muhammad Asif Ali,Independent,228,17
NA-52,Tahir Jamil,Independent,196,18
NA-52,Sajjad Ahmad,Independent,95,19
NA-53,Raja Qamar Ul Islam,PML-N,72006,1
NA-53,Ajmal Sabir Raja,Independent,58480,2
NA-53,Chaudhry Nisar Ali Khan,Independent,44074,3
NA-53,Muhammad Taimoor Khalid,TLP,21522,4
NA-53,Muhammad Arif,JIP,2957,5
NA-53,Raja Ishtiaq Ahmed,Independent,2172,6
NA-53,Hamid Nawaz Raja,Independent,1987,7
NA-53,Muhammad Hasnain Haider,Independent,1444,8
NA-53,Muhammad Ashfaq,PMML,844,9
NA-53,Raja Abdul Waheed Qasim,Independent,828,10
NA-53,Mehran Ejaz Anwar Choudhry,Independent,339,11
NA-53,Sardar Muhammad Mansoor Khan,PAT,243,12
NA-53,Robeena Amjad Raja,Independent,185,13
NA-53,Sardar Hassan Mustafa Affandi,Independent,180,14
NA-53,Sohail Ahmad,Independent,139,15
NA-53,Zubair Muhammad Khan,Independent,121,16
NA-53,Muddasar Farid,Independent,116,17
NA-53,Naseer ul Hasnain Shah,Independent,104,18
NA-53,Choudhry Zaheer Mehmood,Independent,45,19
NA-53,Munzleen,MQM,40,20
NA-53,Muhammad Ali Khan Yousafzai,AJPP,15,21
NA-54,Aqeel Malik,Independent,85930,1
NA-54,Azra Masood,Independent,73729,2
NA-54,Chaudhry Nisar Ali Khan,Independent,19106,3
NA-54,Ghulam Sarwar Khan,IPP,16891,4
NA-54,Tahir Mahmood,TLP,13282,5
NA-54,Shams ur Rehman,JIP,5292,6
NA-54,Zeeshan Siddique Butt,Independent,3893,7
NA-54,Abdul Hakim Farooqi,PRP,3317,8
NA-54,Syed Qamar Abbas,PPP,2365,9
NA-54,Safeer Alam,JUI-F,1433,10
NA-54,Muhammad Sarwar,Independent,1368,11
NA-54,Malik Taimoor Masood,Independent,765,12
NA-54,Wajid Kiani,PNP,472,13
NA-54,Mudassar Hussain Shah,PAT,407,14
NA-54,Hafiz Muhammad Rizwan,PMML,370,15
NA-54,Farkhanda Koukab,Independent,301,16
NA-54,Syed Ishrat Ali Zaidi,Independent,222,17
NA-54,Malik Touqeer Ali Mardan,Independent,200,18
NA-54,Ehtisham Iqbal,Independent,191,19
NA-54,Nouman Tariq,Independent,185,20
NA-54,Khawaja Muhammad Imtiaz,Independent,176,21
NA-54,Zubair Farooq Khan,Independent,176,22
NA-54,Malik Azhar Mehmood,Independent,126,23
NA-54,Ejaz Asghar,Independent,106,24
NA-54,Sultan Mehmood,Independent,96,25
NA-54,Wajid Murtaza,Independent,83,26
NA-54,Barkat Ullah,Independent,76,27
NA-54,Ajmal Khan,Independent,69,28
NA-54,Ajmal Sabir Raja,Independent,41,29
NA-54,Rubeena Ajmal Raja,Independent,36,30
NA-55,Ibrar Ahmad,PML-N,112345,1
NA-55,Muhammad Basharat Raja,Independent,96799,2
NA-55,Faisal Ul Hassan Khan,TLP,9577,3
NA-55,Arif Hussain Shah,JIP,5702,4
NA-55,Babar Sultan Jadoon,PPP,4826,5
NA-55,Umar Ali,JUI-F,1385,6
NA-55,Sardar Abdul Raziq Khan,Independent,849,7
NA-55,Muhammad Muqarrab Ali,Independent,519,8
NA-55,Zahid Khaliq kayani,Independent,369,9
NA-55,Umair Tanveer Butt,Independent,290,10
NA-55,Qazi Noor Ul Islam Qureshi,Independent,255,11
NA-55,Sheikh Tariq Masood,Independent,201,12
NA-55,Inam Malik,Independent,183,13
NA-55,Atif Riaz,Independent,173,14
NA-55,Nargis Jabeen,IPP,166,15
NA-55,Jahangir Ahmed Jutt,Independent,157,16
NA-55,Umar Tanveer,Independent,157,17
NA-55,Muhammad Ijaz Ul Haq,PML-Z,145,18
NA-55,Nasir Mehmood,PAL,144,19
NA-55,Muhammad Nabi,ANP,136,20
NA-55,Razziq Mehmood Bhatti,MQM,135,21
NA-55,Rizwan Majeed Butt,Independent,123,22
NA-55,Zahid Iqbal Bakhtawari,TDP,76,23
NA-55,Afzaal Hussain,Independent,66,24
NA-55,Raja Imran Hussain,Independent,58,25
NA-55,Muhammad Nasir Raja,Independent,51,26
NA-55,Nasir Hayat,Independent,47,27
NA-55,Maqsood Ahmad,JUP-IN,45,28
NA-55,Amir Masood,Independent,42,29
NA-55,Mehran Ejaz Anwar Choudhry,Independent,33,30
NA-56,Muhammad Hanif Abbasi,PML-N,96655,1
NA-56,Shahryar Riaz,Independent,82619,2
NA-56,Sajjad Akbar Abbasi,TLP,9432,3
NA-56,Imran Shafiq,JIP,7467,4
NA-56,Sheikh Rasheed Ahmad,AML,5727,5
NA-56,Sumaira Gull,PPP,4847,6
NA-56,Muhammad Zia ur Rehman Amazai,JUIP,1869,7
NA-56,Sharjeel Mir,IPP,1275,8
NA-56,Asghar Ali Mubarak,Independent,963,9
NA-56,Waheed Akbar,Independent,772,10
NA-56,Ijaz Khan,Independent,569,11
NA-56,Muhammad Anil Babur,Independent,555,12
NA-56,Syed Mazhar Ali,PAL,279,13
NA-56,Abdullah Abbasi,PNP,272,14
NA-56,Shahzada Imran,Independent,250,15
NA-56,Raja Arshad Mehmood,Independent,172,16
NA-56,Sheeraz Khan,Independent,162,17
NA-56,Muhammad Nadeem,PAT,152,18
NA-56,Ashir Tanveer,Independent,144,19
NA-56,Talha Afrasiyab Raja,Independent,128,20
NA-56,Babar Mehmood Khan,Independent,111,21
NA-56,Ajab Khan,Independent,97,22
NA-56,Abid Hussain,MQM,95,23
NA-56,Dabeer Ahmad Khan,Independent,82,24
NA-56,Hamza Majid Bazmi,Independent,74,25
NA-56,Raja Nasir Mahfooz,Independent,73,26
NA-56,Umbren Younis Turk,Independent,52,27
NA-56,Mian Imran Hayat,Independent,52,28
NA-56,Muhammad Asghar,Independent,37,29
NA-56,Fasieh Tajamul,Independent,26,30
NA-57,Danyal Choudhary,PML-N,83333,1
NA-57,Seemabia Tahir,Independent,59803,2
NA-57,Mirza Khalid Mehmood,JIP,8958,3
NA-57,Zia ul Haq,SKQM,7320,4
NA-57,Choudhary Rizwan Younis,TLP,7188,5
NA-57,Mukhtar Abbas,PPP,3724,6
NA-57,Sheikh Rashid Shafiq,AML,3532,7
NA-57,Choudhary Muhammad Adnan,Independent,1820,8
NA-57,Ch. Musadiq Mehmood Ghumman (Rtd),Independent,1615,9
NA-57,Abdul Wajid Hussain,JUI-F,1400,10
NA-57,Sardar Anis Sultan (Rtd),Independent,1265,11
NA-57,Nouman Aziz,Independent,385,12
NA-57,Muhammad Ali Khan,Independent,342,13
NA-57,Muhammad Asghar (Rtd),Independent,264,14
NA-57,Muhammad Zubair Kayani,Independent,229,15
NA-57,Zahid Aqeel,Independent,185,16
NA-57,Syed Rashid Hussain Shah,PFP,182,17
NA-57,Chaudhary Changaiz Khan,Independent,150,18
NA-57,Sardar Asif Khan,Independent,142,19
NA-57,Azmat Ali,PAL,115,20
NA-57,Tasmiyah Khan,Independent,89,21
NA-57,Muhammad Arshad Javid Kasana,Independent,88,22
NA-57,Irfan Saeed Mirza,Independent,69,23
NA-57,Zahid Parvaiz,PML-KQK,57,24
NA-57,Iftikhar Ahmad Chaudhary (Rtd),Independent,38,25
NA-57,Choudhary Imtiaz Ahmed,Independent,15,26
NA-58,Tahir Iqbal,PML-N,163873,1
NA-58,Ayaz Ameer,Independent,152819,2
NA-58,Raja Sohail Akhtar Satti,TLP,23554,3
NA-58,Zulfiqar Ali Khan,PPP,13108,4
NA-58,Iftikhar Ahmed,JIP,2241,5
NA-58,Hafiz Abdul Qadeer,JUI-F,1528,6
NA-58,Abdul Nisar,PMML,1133,7
NA-58,Imran Qaisar Abbas,PTI-N,557,8
NA-58,Umar Khan,ANP,542,9
NA-58,Muhammad Ayaz Choudhary,Independent,392,10
NA-58,Haroon Irshad Janjua (Rtd),Independent,310,11
NA-58,Saif ur Rehman (Rtd),Independent,291,12
NA-58,Muhammad Jahangir Malik,TTP,221,13
NA-58,Musa Habib Raja,Independent,206,14
NA-58,Muhammad Naveed Arif Awan,Independent,201,15
NA-58,Shazia Abbas,Independent,184,16
NA-58,Shaheen,Independent,182,17
NA-58,Qalib Abbas Malik,MQM,142,18
NA-58,Muhammad Tufail,TI,118,19
NA-59,Sardar Ghulam Abbas,PML-N,135123,1
NA-59,Muhammad Roman Ahmad,Independent,125632,2
NA-59,Pir Muhammad Yaqoob Hanfi Saifi,TLP,30246,3
NA-59,Sardar Hassan Sardar Dhemond,PPP,12035,4
NA-59,Muhammad Aamir,Independent,6972,5
NA-59,Muhammad Abu Bakar Siddique,PRP,6220,6
NA-59,Muhammad Tahir Malik,JIP,5605,7
NA-59,Afzal Hayat,PNP,2208,8
NA-59,Muhammad Shahbaz,Independent,1244,9
NA-59,Nisar Ahmad,Independent,1054,10
NA-59,Muhammad Asghar,PMML,942,11
NA-59,Muhammad Faiz Malik Tamman,Independent,657,12
NA-59,Altaf Hussain Qazi,Independent,532,13
NA-59,Muhammad Jahangir Ali Khan,Independent,472,14
NA-59,Tanveer Hussain,Independent,376,15
NA-59,Shahroz Khan,Independent,321,16
NA-59,Malik Asad Ali Khan,Independent,300,17
NA-59,Yar Muhammad Khan Yasir,Independent,270,18
NA-59,Khalida Parveen,Independent,251,19
NA-59,Asif Rizwan,Independent,208,20
NA-59,Zeeshan Mohsin,Independent,206,21
NA-60,Bilal Azhar Kiani,PML-N,99973,1
NA-60,Chaudhary Hassan Adeel,Independent,90579,2
NA-60,Ch. Zahid Akhtar,Independent,24296,3
NA-60,Kashifa Farrukh,Independent,5662,4
NA-60,Choudhary Tasneen Nasir,PPP,4653,5
NA-60,Syed Zia Ullah Bukhari,JIP,2999,6
NA-60,Malik Awais Mehmood,Independent,536,7
NA-60,Zahid Aziz,Independent,504,8
NA-60,Muhammad Aziz,PAT,493,9
NA-60,Syed Anis Raza Naqvi,BPP,436,10
NA-60,Saeeda Zaffar,PMML,397,11
NA-60,Faisal Fareed,Independent,388,12
NA-60,Fazal ul Haq,Independent,335,13
NA-60,Sheikh Qaisar Javed,MQM,282,14
NA-60,Anwaar ul haq,Independent,138,15
NA-60,Mehboob Elahi,Independent,123,16
NA-60,Zunera Taj,Independent,110,17
NA-60,Ashraf Mehmood,Independent,99,18
NA-61,Chaudhary Farrukh Altaf,PML-N,88100,1
NA-61,Shaukat Iqbal Mirza,Independent,84636,2
NA-61,Imran Haidar,TLP,28238,3
NA-61,Syed Amir Hamza Peerzada,PPP,13294,4
NA-61,Mushtaq Ahmad,Independent,10294,5
NA-61,Raja Matloob Mehdi,Independent,4479,6
NA-61,Qasim Mehmood,JIP,2654,7
NA-61,Muhammad Haroon Rafiq,PMML,2014,8
NA-61,Raja Talib Mehdi Khan,Independent,1415,9
NA-61,Abrar Hussain,Independent,708,10
NA-61,Faisal Fareed,Independent,331,11
NA-61,Sikandar Hayat,Independent,220,12
NA-61,Ghulam Mustafa Awan,Independent,182,13
NA-62,Muhammad Ilyas Choudhary,Independent,97436,1
NA-62,Choudhary Abid Raza,PML-N,71154,2
NA-62,Ch. Musa Elahi,PML-Q,26797,3
NA-62,Pir Syed Shamim Raza Shah,TLP,24035,4
NA-62,Muhammad Latif Langrial,JIP,2042,5
NA-62,Muhammad Jamil,Independent,1759,6
NA-62,Kamran Khalid Butt,PRP,1186,7
NA-62,Muhammad Imran Ahsan,Independent,884,8
NA-62,Muhammad Rafiq,Independent,698,9
NA-62,Naveed Akram,PAT,437,10
NA-62,Fahad Ilyas Choudhary,Independent,354,11
NA-62,Manazar Hussain,Independent,273,12
NA-62,Syed Mubashir Hussian Shah,Independent,254,13
NA-62,Javed Iqbal,Independent,245,14
NA-62,Nouman Ashraf Choudhry,Independent,232,15
NA-62,Amjad Hussain Shah,Independent,232,16
NA-62,Makhdoom Muhammad Ehsan,APP,227,17
NA-62,Muhammad Adil Fiaz,Independent,158,18
NA-62,Muhammad Fayyaz,Independent,144,19
NA-62,Muhammad Ali Sajid Chatha,Independent,82,20
NA-62,Muhammad Ghazanfar Iqbal,Independent,45,21
NA-62,Asfand Yar Ali,Independent,36,22
NA-62,Nasir Ahmed,Independent,35,23
NA-62,Waqar Munir,Independent,31,24
NA-62,Amir Rafiq,Independent,17,25
NA-62,Shamoona Abbas,Independent,12,26
NA-63,Hussain Elahi,PML-Q,87567,1
NA-63,Sajid Yousaf,Independent,82176,2
NA-63,Nawabzada Ghazanfar Ali Gul,PML-N,56870,3
NA-63,Muhammad Mahmood Qadari,TLP,28098,4
NA-63,Muhammad Mudabbir Siddique,JIP,3645,5
NA-63,Choudhary Shoukat Ali,PPP,1348,6
NA-63,Muhammad Usman Nawaz,Independent,1232,7
NA-63,Mubashir Hussain,PAT,1017,8
NA-63,Muhammad Imran,Independent,730,9
NA-63,Asad Munawar,PMML,706,10
NA-63,Sahibzada Sultan Mehmood Qadari,Independent,595,11
NA-63,Tanveer Ahmad,Independent,546,12
NA-63,Fakhar Zaman,Independent,544,13
NA-63,Muhammad Ali Sajid Chattha,Independent,149,14
NA-64,Choudhary Salik Hussain,PML-Q,100379,1
NA-64,Qaisara Elahi,Independent,89795,2
NA-64,Choudhary Abdul Karim,TLP,22197,3
NA-64,Sajid Sharif,JIP,4424,4
NA-64,Mubeen Arshad,PPP,1709,5
NA-64,Muhammad Sajjad,PMML,1155,6
NA-64,Aleem Ullah Waraich,Independent,1147,7
NA-64,Majid Rasheed,PTE,857,8
NA-64,Muhammad Yousaf,PAT,447,9
NA-64,Abdul Rashid,JUI-F,421,10
NA-64,Imran Zafar,Independent,305,11
NA-64,Muhammad Afzal Gondal,Independent,190,12
NA-64,Anwar Hussain,PFP,152,13
NA-64,Rehana Abbas,Independent,109,14
NA-64,Zahida Ikhlas,Independent,62,15
NA-64,Zeeshan Afzal Gondal,Independent,44,16
NA-64,Muhammad Arshad Kokhar,Independent,36,17
NA-64,Usman Saeed,Independent,27,18
NA-65,Chaudhry Naseer Ahmad Abbas,PML-N,90772,1
NA-65,Syed Wajahat Hussain Shah,Independent,82351,2
NA-65,Qamar Zaman Kaira,PPP,51158,3
NA-65,Haseeb Muhammad Khan,Independent,22136,4
NA-65,Muddasar Ali,TLP,20389,5
NA-65,Chaudhary Abdul Sattar,JIP,4236,6
NA-65,Umer Farooq,JUI-F,1564,7
NA-65,Abdul Wajid,PMML,1261,8
NA-65,Muhammad Ayub Butt,PAT,1037,9
NA-65,Syed Nasir Abbas Shah,Independent,878,10
NA-65,Syed Faiz Ul Hassan,Independent,488,11
NA-65,Hamza Qamar Kaira,Independent,469,12
NA-65,Muhammad Fahad,BPP,407,13
NA-65,Syed Fatah Haidar,Independent,308,14
NA-65,Zahid Hussain,Independent,302,15
NA-65,Muhammad Hussain Wattu,NP,201,16
NA-65,Muhammad Imran,Independent,167,17
NA-65,Sharafat Hussain,Independent,115,18
NA-65,Muhammad Ali,Independent,108,19
NA-65,Ch. Sajjad Ahmad,Independent,99,20
NA-66,Muhammad Ahmad Chattha,Independent,160850,1
NA-66,Dr. Nisar Ahmad Cheema,PML-N,100684,2
NA-66,Muhammad Akram Arain,TLP,18974,3
NA-66,Nasir Mehmood Kalyar,JIP,6981,4
NA-66,Ejaz Ahmad Samma,PPP,4922,5
NA-66,Ain Ahmad,Independent,3967,6
NA-66,Shahbaz Ahmad Cheema,Independent,2579,7
NA-66,Ch. Ansar Javed Tarar,PMML,2245,8
NA-66,Asjad Hussain,PAT,747,9
NA-66,Muhammad Shabir Akram,Independent,381,10
NA-66,Malik Abdul Rehman Sadiq,Independent,287,11
NA-66,Omar Khalid Cheema,Independent,277,12
NA-66,Mumtaz Ahmad Cheema,Independent,274,13
NA-66,Ijaz Ahmad,Independent,273,14
NA-66,Rana Arshad Iqbal,Independent,189,15
NA-66,Ahmad Hassan Chattha,Independent,155,16
NA-66,Tasadduq Hussain Cheema,Independent,138,17
NA-66,Choudhary Adil Bakhsh Chattha,Independent,107,18
NA-66,Muhammad Fayaz Chattha,Independent,94,19
NA-66,Muntazir Mehdi,MWM,72,20
NA-66,Sahibzada Shah Jahan,Independent,68,21
NA-66,Fiaz Hussain Cheema,Independent,65,22
NA-66,Choudhary Khizar Abbas,Independent,59,23
NA-66,Choudhary Ijaz Ahmad Cheema,Independent,53,24
NA-66,Mubasar Hussain Cheema,Independent,47,25
NA-66,Ikhlaq Haidar,Independent,46,26
NA-66,Choudhary Zaffar Ullah Khan,Independent,44,27
NA-67,Aneeqa Mehdi Bhatti,Independent,211044,1
NA-67,Saira Afzal Tarar,PML-N,183947,2
NA-67,Syed Muhammad Ata ul Hasnain Ali,TLP,25722,3
NA-67,Muhammad Shoaib Bhatti,Independent,12205,4
NA-67,Syed Waseem ul Hassan Naqvi,PPP,4256,5
NA-67,Aneeqa Anwar Cheema,Independent,3813,6
NA-67,Rai Adil Hussain Kharal,PMML,1463,7
NA-67,Shoukat Ali,Independent,1092,8
NA-67,Liaqat Abbas,Independent,875,9
NA-67,Hassan Sher,Independent,711,10
NA-67,Imran Abbas Bhatti,Independent,528,11
NA-67,Syed Zaheer Ul Hassan Bukhari,Independent,506,12
NA-67,Faiz ul Hassan,JUP-IN,454,13
NA-67,Zulifqar Haidar,Independent,437,14
NA-67,Aslam Hayat,Independent,340,15
NA-67,Mazhar Hussain,MQM,235,16
NA-67,Asmat Ullah,PML-Z,228,17
NA-67,Zahra Jabeen,Independent,225,18
NA-67,Samia Kousar,Independent,223,19
NA-67,Rana Shafqat Javed,Independent,215,20
NA-67,Aoun Abbas,NP,176,21
NA-67,Akhtar Hussian,Independent,173,22
NA-68,Haji Imtiaz Ahmad Choudhary,Independent,166229,1
NA-68,Mushahid Raza,PML-N,71008,2
NA-68,Asif Bashir,PPP,20394,3
NA-68,Muhammad Akram Tahir,TLP,16561,4
NA-68,Muhammad Riaz Farooq Sahi,JIP,8272,5
NA-68,Sajjad Aslam,Independent,5625,6
NA-68,Rashid Bashir,Independent,2547,7
NA-68,Ch. Asad Ayaz Gondal,Independent,1434,8
NA-68,Mumtaz Ahmed Tarar,Independent,1064,9
NA-68,Hamza Asghar,Independent,972,10
NA-68,Muhammad Akbar,Independent,731,11
NA-68,Muhammad Irfan,PMML,620,12
NA-68,Nasar Ullah Khan,TLI,592,13
NA-68,Ch. Akhtar Mehmood Sahi,Independent,264,14
NA-68,Mukhtar Ahmad,Independent,232,15
NA-68,Tariq Mehmood,Independent,201,16
NA-68,Irfan Siddique,MQM,196,17
NA-68,Ch. Ghulam Hussain Bosal,Independent,186,18
NA-68,Faraz Ahmad Tarar,Independent,181,19
NA-68,Arshad Mahmood,Independent,131,20
NA-68,Afzaal Ahmad Gondal,Independent,125,21
NA-68,Muhammad Zulqarnain,Independent,121,22
NA-68,Zaheer Mujahid,Independent,99,23
NA-68,Naseeb Shahzad,Independent,86,24
NA-69,Nasir Iqbal Bosal,PML-N,113506,1
NA-69,Kousar Parveen Bhatti,Independent,108900,2
NA-69,Nazar Muhammad Gondal,Independent,28114,3
NA-69,Shahzad Ullah Chahttha,TLP,13132,4
NA-69,Ch. Ghulam Hussain Bosal,Independent,6803,5
NA-69,Fakhar Umar Hayat,PPP,6629,6
NA-69,Faisal Shahzad,Independent,2747,7
NA-69,Saleh Muhammad Ranjha,JIP,2743,8
NA-69,Nasar Ullah Khan,TLI,985,9
NA-69,Sajid Ahmad Khan,Independent,890,10
NA-69,Abdul Khaliq,PMML,766,11
NA-69,Munir Shah,ANP,548,12
NA-69,Sheraz Ahmad Ranjha,Independent,425,13
NA-69,Gulraiz Ahmad,Independent,386,14
NA-69,Qaisara Elahi,Independent,351,15
NA-69,Ch. Akhtar Abbas Bosal,Independent,308,16
NA-69,Zobia Ijaz,Independent,138,17
NA-69,Ch. Haroon Nawaz,Independent,106,18
NA-69,Faisal Mukhtar Gondal,Independent,90,19
NA-69,Hassan Nawaz Gondal,Independent,56,20
NA-70,Choudhary Armghan Subhani,PML-N,123495,1
NA-70,Hafiz Hamid Raza,Independent,112145,2
NA-70,Muhammad Shahid,TLP,23929,3
NA-70,Firdous Ashiq Awan,IPP,10658,4
NA-70,Choudhary Muhammad Boota,Independent,3756,5
NA-70,Tariq Mahmood,Independent,2733,6
NA-70,Syed Ishtiaq ul Hassna Gillani,PPP,2498,7
NA-70,Sohail Qaisar,PMML,1704,8
NA-70,Usman Javed Ghumman,Independent,736,9
NA-70,Umer Shahzad Ghumman,Independent,673,10
NA-70,Umar Javed Ghumman,Independent,602,11
NA-70,Mohsin Khan,BPP,443,12
NA-70,Tahir Sultan Choudhary,Independent,371,13
NA-70,Muhammad Shahbaz,Independent,286,14
NA-70,Zahid Saleem Bajwa,Independent,258,15
NA-70,Mubashir Maqsood Awan,Independent,250,16
NA-70,Muhammad Burhan,Independent,173,17
NA-70,Muhammad Yousaf,Independent,162,18
NA-70,Muhammad Asif Raza,Independent,117,19
NA-70,Hammad Naeem,Independent,112,20
NA-70,Muhammad Azeem,Independent,79,21
NA-70,Mian Naeem Javed,Independent,66,22
NA-70,Naeem Nazir Malik,Independent,62,23
NA-70,Malik Tahir Akbar,Independent,31,24
NA-71,Khawaja Muhammad Asif,PML-N,119017,1
NA-71,Rehana Imtiaz Dar,Independent,100563,2
NA-71,Muhammad Aslam Bhatti,TLP,11529,3
NA-71,Tahir Mehmood Butt,JIP,4955,4
NA-71,Ruba Umar,Independent,3194,5
NA-71,Muhammad Eshan,PMML,2285,6
NA-71,Khawaja Awais Mushtaq,PPP,1609,7
NA-71,Mir Umar Farooq Meyer,Independent,609,8
NA-71,Dr. Fateh Ali Muavia,PNP,401,9
NA-71,Sohail Afzal Mir,Independent,341,10
NA-71,Mian Muhammad Raza,PAT,337,11
NA-71,Muhammad Khalid Shakir,JUP-N,180,12
NA-71,Shahid Mehmood,Independent,119,13
NA-71,Ch. Muhammad Sarwar,MQM,98,14
NA-71,Danial Basharat,Independent,86,15
NA-71,Mirza Asif Baig,TJP,86,16
NA-71,Mian Naeem Javed,Independent,86,17
NA-71,Ashfaq Ahmad,Independent,61,18
NA-72,Ali Zahid,PML-N,109507,1
NA-72,Choudhary Amjad Ali Bajwa,Independent,103640,2
NA-72,Shujaat Ali,TLP,44522,3
NA-72,Asif Ali Bajwa,Independent,7585,4
NA-72,Muhammad Akram,Independent,5978,5
NA-72,Iftikhar Afzal,Independent,4860,6
NA-72,Nabi Ahmad Virk,PMML,4723,7
NA-72,Nadeem Ahmad Awan,PPP,2420,8
NA-72,Ghazanfar Ali Bajwa,JIP,1778,9
NA-72,Saif Ali Khan,Independent,1102,10
NA-72,Munawar Ahmad Gill,Independent,680,11
NA-72,Ahsan Abbas,Independent,602,12
NA-72,Sohail Babar,PAT,598,13
NA-72,Irfan Salamat Ali Bajwa,Independent,588,14
NA-72,Muhammad Asif Bajwa,Independent,548,15
NA-72,Amir Khalid,Independent,269,16
NA-72,Hassan Abbas,Independent,240,17
NA-72,Ghulam Abbas,Independent,232,18
NA-72,Choudhary Khadim Hussain,Independent,154,19
NA-72,Haseeb Sattar,Independent,149,20
NA-72,Haidar Ali Gill,Independent,136,21
NA-72,Muhammad Khalid Dogar,Independent,89,22
NA-72,Mansoor Sarwar Khan,Independent,52,23
NA-73,Nosheen Iftikhar,PML-N,112178,1
NA-73,Ali Asjad Malhi,Independent,104190,2
NA-73,Tariq Mehmood,TLP,20229,3
NA-73,Rana Mehmood Ashraf,PPP,3135,4
NA-73,Zulfiqar Ahmed,JIP,2301,5
NA-73,Usman Ashraf,Independent,2206,6
NA-73,Khalid Mehmood Cheema,PMML,2076,7
NA-73,Muhammad Asif Bajwa,Independent,1978,8
NA-73,Waqas Qadoos,PNP,1290,9
NA-73,Jamil Ashraf,Independent,1025,10
NA-73,Iftikhar Ahmad,Independent,475,11
NA-73,Ghulam Mustafa,PAT,385,12
NA-73,Tasawar Abbas,PTI-N,370,13
NA-73,Aman Ullah,Independent,352,14
NA-73,Omer Asjad,Independent,210,15
NA-73,Sami Ullah Malhi,Independent,209,16
NA-73,Sharmeen Ali,Independent,184,17
NA-73,Muhammad Hafeez,Independent,163,18
NA-73,Ansar Waqas,Independent,155,19
NA-73,Fizan Ashraf,Independent,155,20
NA-73,Muhammad Amjad,Independent,149,21
NA-73,Muhammad Asif,Independent,126,22
NA-73,Muhammad Rizwan,Independent,112,23
NA-73,Abdul Waheed Meo,Independent,96,24
NA-73,Choudhary Mumtaz Ali,Independent,90,25
NA-73,Muhammad Khalil Sandho,Independent,65,26
NA-74,Muhammad Aslam Ghuman,Independent,130606,1
NA-74,Rana Shameem Ahmad Khan,PML-N,96018,2
NA-74,Sajjad Hussain Shah,TLP,25480,3
NA-74,Zafar Iqbal,PMML,2921,4
NA-74,Qamar Zamaan Cheema,JIP,2847,5
NA-74,Choudhry Ijaz Ahmed Cheema,PPP,2797,6
NA-74,Fayyaz Iqbal Cheema,Independent,2649,7
NA-74,Muhammad Saleem Akhtar,Independent,1171,8
NA-74,Mahrukh Mirza,MQM,872,9
NA-74,Chaudhry Azeem Ghuman,Independent,566,10
NA-74,Zulfiqar Aslam Cheema,Independent,504,11
NA-74,Zubair Aslam,Independent,331,12
NA-74,Fakhar Nishat Ghuman,Independent,321,13
NA-74,Idrees Ahmad Cheema,Independent,178,14
NA-74,Choudhary Bilal Hussain Gondal,Independent,170,15
NA-74,Bilal Hussain,Independent,94,16
NA-74,Ammad Aslam,Independent,92,17
NA-74,Sarfraz Ahmed,Independent,48,18
NA-75,Anwar ul Haq Chaudhry,PML-N,100116,1
NA-75,Dr. Tahir Ali Javed,Independent,75626,2
NA-75,Daniyal Aziz,Independent,50984,3
NA-75,Muhammad Ahsan,TLP,34078,4
NA-75,Mian Muhammad Usman Rasheed,Independent,19045,5
NA-75,Muhammad Talha Anees,Independent,18339,6
NA-75,Irfan Hameed,Independent,3391,7
NA-75,Tariq Javed Manzoor,PPP,2530,8
NA-75,Abu Hafas Muhammad Ghayas Ud Din,Independent,2069,9
NA-75,Ghulam Ali Shakir Toor,PMML,1994,10
NA-75,Hafiz Muhammad Muzaffar,JUI-F,1402,11
NA-75,Muhammad Irfan Abid,Independent,1189,12
NA-75,Hafiz Muhammad Akmal Sadiq,Independent,752,13
NA-75,Akbar Khan Sherwani,Independent,622,14
NA-75,Imtiaz Ahmad,Independent,546,15
NA-75,Ahmad Shamas,Independent,543,16
NA-75,Rana Muhammad Younis,Independent,495,17
NA-75,Muhammad Asim Bashir,Independent,396,18
NA-75,Syed Abrar Hussain,PAT,388,19
NA-75,Zahid Tauqir Azhar,Independent,380,20
NA-76,Chaudhary Ahsan Iqbal,PML-N,137042,1
NA-76,Javaid Safdar khalon,Independent,110278,2
NA-76,Syed Jehanzaib Bukhari,TLP,33724,3
NA-76,Muhammad Irfan Ashraf,PMML,5838,4
NA-76,Sakhawat Masih,PPP,3876,5
NA-76,Dr. Altaf Ahmed Khan,JIP,2219,6
NA-76,Rashid Mahmood Khan,Independent,1775,7
NA-76,Muhammad Nadeem Nisar Chaudhary,Independent,1716,8
NA-76,Qari Muhammad Akbar Tabani,JUI-F,1109,9
NA-76,Badar Ahsan Chaudhry,Independent,581,10
NA-76,Rizwan Ahmed Khan,Independent,537,11
NA-76,Rana Lal Badshah,Independent,486,12
NA-76,Faiza Rafique,NP,401,13
NA-76,Akbar Khan Sherwani,Independent,306,14
NA-76,Riffat Javaid,Independent,304,15
NA-76,Chaudhry Tariq Mahmood Ashraf,Independent,195,16
NA-76,Itesham Khizar Virk,Independent,181,17
NA-76,Khizar Ilyas Virk,Independent,153,18
NA-76,Muhammad Tayyab Mir,Independent,141,19
NA-76,Rana Sufyan Mahmood,Independent,95,20
NA-77,Chaudhry Mahmood Bashir Virk,PML-N,109704,1
NA-77,Rashida Tariq,Independent,91825,2
NA-77,Imtiaz Safdar Warraich,PPP,17059,3
NA-77,Muzammil Iqbal Hashmi,PMML,6538,4
NA-77,Syed Umar Farooq,JIP,5463,5
NA-77,Sheikh Naeem Ahmad Hashmi,Independent,4562,6
NA-77,Rashid Hussain,Independent,2082,7
NA-77,Chaudhary Khadim Hussain,Independent,1518,8
NA-77,Atif Munir,Independent,1072,9
NA-77,Sarfraz Ahmad Cheema,Independent,868,10
NA-77,Umair Javed,Independent,713,11
NA-77,Sultan Ahmad Warraich,Independent,647,12
NA-77,Muhammad Ijaz Arshad,PAT,435,13
NA-77,Zaheer Ahmaad Cheema,Independent,370,14
NA-77,Hassan Mahmood Khan,Independent,349,15
NA-77,Fahad Iqbal,Independent,229,16
NA-77,Muhammad Asif Cheema,Independent,207,17
NA-77,Ali Raza,Independent,204,18
NA-77,Pervaiz Abid Haral,Independent,190,19
NA-77,Mian Wadood Hassan Dar,Independent,186,20
NA-77,Ulfat Rasool Waraich,Independent,148,21
NA-77,Muhammad Arshad,Independent,147,22
NA-77,Mirza Tariq Mehmood,AJPP,127,23
NA-77,Khadija Mahmood,Independent,75,24
NA-77,Tauseef Azam Cheema,Independent,70,25
NA-78,Muhammad Mobeen Arif,Independent,106504,1
NA-78,Khurram Dastagir Khan,PML-N,89478,2
NA-78,Muhammad Kamran,TLP,14703,3
NA-78,Hameed Ud Din Awan,JIP,5821,4
NA-78,Haris Meeran,PPP,3368,5
NA-78,Qaiser Mustafa Jajja,PMML,3321,6
NA-78,Chaudhry Muhammad Saeed,Independent,3221,7
NA-78,Chaudhry Muhammad Siddique,Independent,1830,8
NA-78,Samra Amanat,Independent,1238,9
NA-78,Chaudhry Hamza Saeed,Independent,630,10
NA-78,Muhammad Pervaiz Iqbal Virk,PAT,443,11
NA-78,Harris Chohan,Independent,413,12
NA-78,Muhammad Arsalan Khalid,PNP,365,13
NA-78,Chaudhry Hasnain Younas,Independent,338,14
NA-78,Kaleem Ullah Khan,Independent,261,15
NA-78,Imran,Independent,233,16
NA-78,Muhammad Zubair,Independent,186,17
NA-78,Sardar Haq Nawaz Cheema,Independent,171,18
NA-78,Abdul Karim,Independent,162,19
NA-78,Rana Muhammad Iqbal,Independent,144,20
NA-78,Muhammad Ishaq,PML-Q,133,21
NA-78,Usman Siddique,Independent,124,22
NA-78,Ilyas Hussain Rehan,Independent,117,23
NA-78,Chaudhry Ashraf Ali,Independent,98,24
NA-78,Farrukh Hussain,MQM-P,74,25
NA-78,Manzoor Qadir Bhinder,Independent,73,26
NA-78,Pervaiz Ahmed,Independent,68,27
NA-78,Dr. Sohail Zafar Cheema,Independent,60,28
NA-78,Nazia Siddique,Independent,43,29
NA-78,Muhammad Ishaq Khan,Independent,35,30
NA-78,Parvaiz Abid Haral,Independent,34,31
NA-78,Kashif Sabir Khan,Independent,25,32
NA-78,Zain Ali Bhatti,Independent,24,33
NA-78,Syed Ali Raza Husaini,Independent,24,34
NA-78,Aqeel Anwar Dar,Independent,23,35
NA-79,Ch. Zulfiqar Ali Bhindar,PML-N,95604,1
NA-79,Ehsan Ullah Virk,Independent,92581,2
NA-79,Sheikh Muhammad Habib Hanif,TLP,24491,3
NA-79,Rana Sajid Ali Shaukat,Independent,23250,4
NA-79,Rana Nazir Ahmad Khan,IPP,16796,5
NA-79,Chahudary Zulfiqar Ali Aulakh,PMML,5603,6
NA-79,Ghulam Dastagir,Independent,3325,7
NA-79,Ahmed Sher Ali Aulakh,Independent,2581,8
NA-79,Lala Malik Muhammad Shakeel ur Rehman,PPP,2544,9
NA-79,Chaudhary Abdul Hameed Goraya,JIP,1696,10
NA-79,Rana Amir Nazeer Ahmed,Independent,1352,11
NA-79,Choudary Zaffar Ullah Cheema,Independent,1107,12
NA-79,Saeed Yousuf Bhindar,Independent,841,13
NA-79,Akhtar Ali,Independent,731,14
NA-79,Rana Umer Nazir Khan,Independent,633,15
NA-79,Chaudhry Ali Wakeel Khan,Independent,618,16
NA-79,Syed Munir ud Din Qadari,PAT,600,17
NA-79,Ali Raza Buttar,Independent,529,18
NA-79,Muhammad Ilyas,Independent,423,19
NA-79,Dr Suhail Zafar Cheema,Independent,400,20
NA-79,Rizwan Zafar Cheema,Independent,280,21
NA-79,Abdul Qadir Gill,Independent,222,22
NA-79,Majid Ali,Independent,136,23
NA-79,Asim Abdullah Virk,Independent,112,24
NA-79,Salman Nasir,Independent,100,25
NA-79,Allah Yar Sindhu,Independent,97,26
NA-79,Muhammad Riaz Khan,Independent,92,27
NA-79,Tayyaba sohail Cheema,Independent,71,28
NA-79,Wajid Ali,Independent,49,29
NA-80,Shahid Usman,PML-N,98206,1
NA-80,Lala Asad Ullah,Independent,94895,2
NA-80,Muhammad Rafiq,TLP,18126,3
NA-80,Bilal Qudrat Butt,JIP,6157,4
NA-80,Imran Rehmani,PPP,3560,5
NA-80,Saif ullah,PMML,2776,6
NA-80,Lala Shakeel ur Rehman,Independent,1885,7
NA-80,Muhammad Afzal Cheema,Independent,1771,8
NA-80,Aurangzeb,Independent,1636,9
NA-80,Chaudhry Liaquat Ali Toor,Independent,680,10
NA-80,Waqar Ahmad Cheema,Independent,524,11
NA-80,Harris Chohan,Independent,511,12
NA-80,Ishaq Akbar,Independent,485,13
NA-80,Muhammad Shehzad,PAT,439,14
NA-80,Rizwan Mustafa Sian,Independent,359,15
NA-80,Chaudhry Muhammad Tariq Gujjar,Independent,255,16
NA-80,Umar Ashraf,Independent,252,17
NA-80,Awais Shabbir,Independent,246,18
NA-80,Aqeel Anwar Dar,Independent,235,19
NA-80,Muhammad Naseem Sadiq,ALPP,222,20
NA-80,Ali Ashraf Mughal,Independent,152,21
NA-80,Muhammad Hasan,Independent,134,22
NA-80,Yahya Butt,Independent,111,23
NA-80,Muhammad Farooq,Independent,88,24
NA-80,Nasir Khan,Independent,84,25
NA-80,Zeeshan Ilyas,Independent,81,26
NA-80,Chaudhry Muhammad Saeed,Independent,76,27
NA-80,Muhammad Ikram,Independent,72,28
NA-80,Muhammad Asif,Independent,59,29
NA-80,Maher Muhammad Sarfraz,Independent,50,30
NA-80,Chaudhry Imranullah,Independent,45,31
NA-80,Ehsan Yousaf,Independent,31,32
NA-80,Muhammad Irfan,Independent,25,33
NA-80,Muhammad Faisal Ikram,Independent,23,34
NA-81,Azhar Qayyum Nahra,PML-N,110057,1
NA-81,Chaudhry Bilal Ejaz,Independent,106860,2
NA-81,Ch. Zulfiqar Ali Gujjar,TLP,18555,3
NA-81,Babar Ijaz Virk,PMML,9065,4
NA-81,Muhammad Razzaq,JIP,4039,5
NA-81,Muhammad Malik,PPP,2516,6
NA-81,Amir Ali Hussain Khan,Independent,2212,7
NA-81,Aytzaz Ijaz,Independent,877,8
NA-81,Momin Masud Khan,Independent,363,9
NA-81,Sana Khalid,Independent,315,10
NA-81,Mujahid Hussain Manj,Independent,251,11
NA-81,Usman Ghani,MQM,197,12
NA-81,Irshad Ullah Sindhu,Independent,183,13
NA-81,Muhammad Bin Imtiaz,Independent,137,14
NA-81,Gulnaz Anjum,Independent,124,15
NA-81,Chaudhari Muhammad Yousaf Aujala,Independent,73,16
NA-81,Chaudhry Rafaqat Hussain,Independent,72,17
NA-82,Mukhtar Ahmed Malik,PML-N,108954,1
NA-82,Nadeem Afzal Gondal,PPP,87458,2
NA-82,Haroon Ehsan Paracha,Independent,60538,3
NA-82,Saqib Hussain Ansari,TLP,14914,4
NA-82,Zubair Ahmad Gondal,JIP,3994,5
NA-82,Chaudhry Sohail Akhtar,Independent,3161,6
NA-82,Sajjad Haider Gondal,Independent,2855,7
NA-82,Ayaz Asghar,Independent,2086,8
NA-82,Abdul Qayyum,JUI-F,336,9
NA-82,Akhtari Bibi,PMML,305,10
NA-82,Muhammad Farooq Baha ul Haq,Independent,233,11
NA-83,Usama Ahmed Mela,Independent,136604,1
NA-83,Mohsin Nawaz Ranjha,PML-N,98700,2
NA-83,Muhammad Younis,TLP,12333,3
NA-83,Rao Abdul Ghaffar Khan Advocate,PPP,6845,4
NA-83,Sajjad Haider Gondal,Independent,4607,5
NA-83,Asadullah,JIP,3592,6
NA-83,Ahmad Bilal Siddique,Independent,3254,7
NA-83,Faisal Ahmed Cheema,PMML,1413,8
NA-83,Ahmed Hasan Mela,Independent,548,9
NA-83,Rukhshanda Nawaz,Independent,105,10
NA-83,Shameem Aftab,Independent,105,11
NA-84,Shafqat Abbas Awan,Independent,101949,1
NA-84,Liaqat Ali Khan,PML-N,77478,2
NA-84,Tasneem Ahmed Qureshi,PPP,33869,3
NA-84,Aamir Mahmood,JIP,6364,4
NA-84,Muhammad Munir,TLP,6103,5
NA-84,Khawar Abbas,Independent,3187,6
NA-84,Muhammad Furqan Zulqarnain,Independent,1883,7
NA-84,Hamza Mateen Qureshi,Independent,1876,8
NA-84,Muhammad Akmal Javed,PMML,785,9
NA-84,Sajjad Haider Gondal,Independent,642,10
NA-84,Muhammad Bilal Khan,Independent,355,11
NA-84,Rao Rahat Ali Khan,Independent,339,12
NA-84,Rao Muhammad Sarwar,Independent,245,13
NA-84,Imran Raza,Independent,232,14
NA-84,Muhammad Mumtaz Akhtar khalu,Independent,207,15
NA-84,Ali Asif,Independent,200,16
NA-84,Mian Muhammad Anwar Khurshid,Independent,155,17
NA-84,Abdullah Mumtaz Kahloon,Independent,125,18
NA-84,Hafiz Abdul Rehman Sahi,Independent,87,19
NA-84,Nasir Iqbal,Independent,79,20
NA-84,Ansar Abbas Baloch,Independent,72,21
NA-84,Muhammad Azhar Malhi,Independent,65,22
NA-84,Muhammad Sabatin Shah Naqvi,Independent,59,23
NA-84,Waseem Abbas,Independent,56,24
NA-84,Zahida Parveen,Independent,51,25
NA-85,Zulfiqar Ali Bhatti,PML-N,121015,1
NA-85,Khudadad Ahmed Kalyar,Independent,111165,2
NA-85,Tariq Mehmood,PPP,9127,3
NA-85,Majid Ali,Independent,5698,4
NA-85,Hafiz Muhammad Masood,PMML,5594,5
NA-85,Zulfiqar Ahmad,Independent,3883,6
NA-85,Chaudhry Alhamza Hussain Cheema,TLP,3657,7
NA-85,Salman Ahmed,JIP,3565,8
NA-85,Nazir Ahmed,Independent,1736,9
NA-85,Nadeem Muhammad Akram,Independent,1589,10
NA-85,Rana Munawwar Husain,Independent,675,11
NA-85,Hafiz Abdul Rehman Sahi,Independent,637,12
NA-85,Muhammad Mumtaz Akhtar khalu,Independent,632,13
NA-85,Rai Muhammad Munir Kharal,Independent,624,14
NA-85,Chaudhary Amir Sultan Cheema,Independent,328,15
NA-85,Muhammad Ali,Independent,305,16
NA-85,Saddam Hussain,Independent,298,17
NA-85,Akmal Shameen,Independent,268,18
NA-85,Sardar Ahsan Raza,Independent,185,19
NA-85,Muhammad Sarwar Bhatti,Independent,175,20
NA-86,Muhammad Miqdad Ali Khan,Independent,105882,1
NA-86,Syed Javed Hasnain Shah,PML-N,94487,2
NA-86,Muhammad Jamshed,PPP,20951,3
NA-86,Haji Allah Dad,TLP,17299,4
NA-86,Muhammad Shafqat Hayat Khan,Independent,5428,5
NA-86,Muhammad Arshad Iqbal,JIP,4893,6
NA-86,Muhammad Shafqat Abbas,Independent,3557,7
NA-86,Sahibzada Naeem Ud Din Sialvi,Independent,2152,8
NA-86,Iftikhar Ahmed,PMML,1982,9
NA-86,Ghulam Ali Asghar Khan Lehri,Independent,1229,10
NA-86,Shaukat Ali,Independent,907,11
NA-86,Noor Hayat,Independent,744,12
NA-86,Hassan Asghar,Independent,567,13
NA-86,Malik Muhammad Ali Khan Tiwana,PTI-N,515,14
NA-86,Ansar Abbas Baloch,Independent,242,15
NA-87,Malik Shakir Bashir Awan,PML-N,117775,1
NA-87,Malik Umar Aslam Khan,Independent,108314,2
NA-87,Muhammad Ali Sawal,PPP,14998,3
NA-87,Zamurd Abbas Khan,TLP,14955,4
NA-87,Abdullah Ahmad,JUI-F,9298,5
NA-87,Alhaj Chauhdary Muhammad Nasir Nadeem,JIP,2544,6
NA-87,Rana Shahid Iqbal Chachar,PMML,1262,7
NA-87,Nisar Aslam Awan,Independent,735,8
NA-87,Bahadar Khan,ANP,523,9
NA-87,Haji Fateh Deen,PAT,496,10
NA-87,Raees Muhammad Mumtaz Chachar,Independent,463,11
NA-88,Gul Asghar Khan Baghoor,IPP,82577,1
NA-88,Muhammad Moazzam Sher Kallu,Independent,64156,2
NA-88,Muhammad Akram Khan,Independent,55015,3
NA-88,Haroon Bandial,Independent,47137,4
NA-88,Hafiz Sher Muhammad Sialvi,TLP,11613,5
NA-88,Habib Ur Rehman,Independent,4379,6
NA-88,Sultan Ahmad,JUI-F,3170,7
NA-88,Muhammad Waris,JIP,1785,8
NA-88,Muhammad Rehman Waris Khan,Independent,1211,9
NA-88,Syed Faiz Ul Hassan,Independent,761,10
NA-88,Shahid Iqbal,Independent,709,11
NA-88,Muhammad Shoaib Ahmad,PMML,638,12
NA-88,Mustafa Hussain Khan,Independent,355,13
NA-89,Muhammad Jamal Ahsan Khan Niazi,Independent,217613,1
NA-89,Obaid Ullah Khan Shadi Khel,PML-N,34573,2
NA-89,Pir Muhammad Amin Uddin Sialvi,TLP,16354,3
NA-89,Khurram Hameed Khan Rokhari,Independent,12454,4
NA-89,Nawab Malik Amir Muhammad Khan,PPP,11881,5
NA-89,Maulna Ameer Ullah Khattak,JUI-F,1701,6
NA-89,Umar Farooq Kanju,JIP,1639,7
NA-89,Imran Khan,Independent,1160,8
NA-89,Salah Ud Din,Independent,900,9
NA-89,Tasneem Gul,PMML,736,10
NA-89,Umair Khan Niazi,Independent,403,11
NA-89,Rehmat Ullah Khan Niazi,Independent,380,12
NA-89,Muhammad Sardar Bahadur Khan,SIC,371,13
NA-89,Harris Khan Niazi,Independent,337,14
NA-89,Atta Ullah Khan,JUP-IN,274,15
NA-89,Lamia Niazi,Independent,212,16
NA-89,Abdul Hameed Khan,MQM,151,17
NA-90,Umair Khan Niazi,Independent,179956,1
NA-90,Muhammad Humair Hayyat Khan Niazi,PML-N,51266,2
NA-90,Ali Haider Noor Khan Niazi,Independent,23983,3
NA-90,Muhammad Tayyab,TLP,12690,4
NA-90,Aziz Ur Rehman,PPP,6980,5
NA-90,Muhammad Aslam Khan,JIP,2822,6
NA-90,Qaiser Obaid Khan,Independent,2067,7
NA-90,Muhammad Rafi,Independent,1432,8
NA-90,Pervaiz Iqbal,Independent,936,9
NA-90,Azam Khan Niazi,Independent,595,10
NA-90,Tahir Javed Khan Niazi,PMML,552,11
NA-90,Taj Muhammad,Independent,390,12
NA-90,Zubair Hamza Khan,Independent,357,13
NA-90,Zia Ullah Khan,Independent,313,14
NA-90,Gul Kamand Khan,Independent,282,15
NA-90,Muhammad Imran,Independent,195,16
NA-91,Muhammad Sana Ullah Khan Masti Khel,Independent,106153,1
NA-91,Abdul Majeed Khan Khanankhel,PML-N,85532,2
NA-91,Saeed Akbar Khan Nawani,Independent,71922,3
NA-91,Ameer Muhammad Khan,Independent,10064,4
NA-91,Malik Muhammad Younas Raza,TLP,9489,5
NA-91,Taimoor Hassan Khan,Independent,7524,6
NA-91,Farooq Ahmad Khan,Independent,5431,7
NA-91,Ejaz Ali Khan Shahani,PPP,3434,8
NA-91,Rustam Ali Saqi,JIP,2104,9
NA-91,Sawda Kashmir Khan,Independent,1785,10
NA-91,Gul Meer Khan,SKQM,920,11
NA-91,Muhammad Arshad,KIAP,715,12
NA-91,Shahzad Hassan Khan,Independent,633,13
NA-91,Muhammad Arshad Awan,Independent,593,14
NA-91,Sundas Khan,Independent,513,15
NA-91,Farhan Khan,Independent,397,16
NA-91,Sheraz Ahmad Khan,Independent,272,17
NA-92,Rasheed Akbar Khan Nawani,Independent,143604,1
NA-92,Muhammad Afzal Khan Dhandla,Independent,131789,2
NA-92,Zaheer Abbas Naqvi,Independent,38918,3
NA-92,Muhammad Amjad Jameel,TLP,13320,4
NA-92,Rafiq Ahmad Khan Niazi,Independent,7532,5
NA-92,Muhammad Safi Ullah,JUI-F,3531,6
NA-92,Ejaz Ali Khan Shahani,PPP,3425,7
NA-92,Muhammad Sher Chheena,Independent,2821,8
NA-92,Farhan Nisar,Independent,1211,9
NA-92,Malik Matee Ullah,JIP,1098,10
NA-92,Tahir Hameed Khan,Independent,716,11
NA-92,Abdul Rehman,Independent,643,12
NA-92,Habib Ullah Khan Shahani,Independent,491,13
NA-92,Syed Ali Abbas Shah Bukhari,Independent,118,14
NA-93,Mehar Ghulam Muhammad Lali,Independent,94406,1
NA-93,Malik Ghulam Abbas Niswana,Independent,59909,2
NA-93,Ghulam Bibi Bharwana,Independent,42432,3
NA-93,Syed Muhammad Raza Bukhari,PML-N,13485,4
NA-93,Muhammad Sarfraz,TLP,6561,5
NA-93,Allah Yar Supra,PPP,4333,6
NA-93,Syed Zahid Hussain,Independent,3909,7
NA-93,Zulfiqar Ali Shah,JIP,1008,8
NA-93,Jahanzaib Zahid,PMML,782,9
NA-93,Waqas Ahmad,BPP,661,10
NA-93,Ijaz Hussain,NP,412,11
NA-93,Muhammad Ameer Ali Lali,Independent,386,12
NA-93,Muhammad Ahsan Lali,Independent,280,13
NA-93,Syed Babar Ali,Independent,244,14
NA-94,Qaiser Ahmad Sheikh,PML-N,79623,1
NA-94,Muhammad Khalid,Independent,72476,2
NA-94,Syed Inayat Ali Shah,PPP,69452,3
NA-94,Rehmat Ullah,TLP,13772,4
NA-94,Muhammad Afzal Shah,Independent,3585,5
NA-94,Muhammad Idrees,Independent,1983,6
NA-94,Abdul Qadir,PRP,1746,7
NA-94,Khurram Abbas,Independent,1308,8
NA-94,Zulfiqar Ali Shah,JIP,1280,9
NA-94,Imran Ali,PMML,1038,10
NA-94,Zahid Qasim,Independent,512,11
NA-94,Nabeel Irfan,Independent,491,12
NA-94,Ali Raza,Independent,294,13
NA-94,Muhammad Adnan,Independent,251,14
NA-94,Jahangir Ahmed,Independent,171,15
NA-94,Muhammad Kamal,ANP,143,16
NA-94,Sahibzada Muhammad Noor Ul Qamar Sialvi,Independent,138,17
NA-94,Muhammad Nawaz,Independent,137,18
NA-94,Syed Shafqat Ali Shah,Independent,131,19
NA-94,Arshad Ahmad Qamar,PML-Q,119,20
NA-94,Syed Azhar Hussain,Independent,28,21
NA-95,Ali Afzal Sahi,Independent,144229,1
NA-95,Azad Ali Tabassum,PML-N,93586,2
NA-95,Ghulam Meeran Shah Gillani,TLP,19071,3
NA-95,Usman Nawaz,PPP,8788,4
NA-95,Talha Zafar,Independent,2396,5
NA-95,Amjad Tufail,Independent,2172,6
NA-95,Muhammad Aamir Nawaz,Independent,1433,7
NA-95,Muhammad Zafar Iqbal,PMML,1214,8
NA-95,Muhammad Naeem,JIP,1134,9
NA-95,Khalil Ur Rehman,PAT,1074,10
NA-95,Malik Shamsheer Khan,Independent,616,11
NA-95,Ghulam Asghar,Independent,237,12
NA-95,Huma Batool,Independent,217,13
NA-95,Tariq Mehmood,Independent,165,14
NA-95,Khurram Babar Rafiq,Independent,163,15
NA-95,Muhammad Shahbaz Khan,Independent,161,16
NA-95,Aamir Farooq,Independent,158,17
NA-95,Qamar Mehmood,Independent,109,18
NA-95,Rana Fayyaz Ahmad,Independent,93,19
NA-95,Muhammad Waqar Azeam,Independent,84,20
NA-95,Sana Ullah Qamar Bajwa,Independent,76,21
NA-95,Muhammad Zaman Tariq,Independent,64,22
NA-95,Muhammad Zubair Ahsan Khan,Independent,62,23
NA-95,Muhammad Tehseen Alvi,Independent,33,24
NA-95,Kashif Hameed Awan,Independent,25,25
NA-96,Rai Haidar Ali Khan,Independent,134724,1
NA-96,Nawab Sher Waseer,PML-N,92554,2
NA-96,Syed Asif Ullah Shah Bukhari,TLP,18481,3
NA-96,Muhammad Shah Jahan Khan,PPP,12332,4
NA-96,Abdul Waheed Khan,JIP,5231,5
NA-96,Kashif Altaf,PMML,4343,6
NA-96,Imtiaz Hussain Khan,Independent,2091,7
NA-96,Muhammad Akram Choudhary,Independent,1272,8
NA-96,Haroon Touqeer Ahmed Khan,Independent,534,9
NA-96,Muhammad Tallal Badar,Independent,494,10
NA-96,Umair Wasi Chaudhary,Independent,475,11
NA-96,Munir Ahmed,Independent,312,12
NA-96,Irfan Shahid Wassir,Independent,294,13
NA-96,Riaz Ahmad,PPP-SB,293,14
NA-96,Mohammad Amir Hafeez Khokhar,Independent,283,15
NA-96,Taimoor Ali Khan,Independent,223,16
NA-96,Nasir Abbas,PTI-N,206,17
NA-96,Sadia Akhtar,Independent,175,18
NA-96,Imran Hussain,Independent,169,19
NA-96,Muhammad Mehmood Chaudhary,Independent,145,20
NA-96,Arshad Mehmood,Independent,111,21
NA-96,Zaheer Ud Din,Independent,91,22
NA-96,Muhammad Shafqat Rana,Independent,87,23
NA-96,Muhammad Ashraf Choudhary,Independent,83,24
NA-97,Mohammad Saad Ullah Khan Baloch,Independent,72846,1
NA-97,Ali Gohar Khan Baloch,PML-N,70532,2
NA-97,Muhammad Khan Nadeem Baloch,PPP,32651,3
NA-97,Humayun Akhtar Khan,IPP,30447,4
NA-97,Hafiz Abid Hussain Rizvi,TLP,10442,5
NA-97,Pir Mudasser Ahmad Shah Chishti,JIP,6902,6
NA-97,Zulfiqar Ali Wattoo,Independent,5743,7
NA-97,Chaudhary Nadeem,Independent,2277,8
NA-97,Mehar Ghulam Hyder Fatyana,Independent,2123,9
NA-97,Azeem Ali,Independent,1999,10
NA-97,Qaisar Haroon Toor,PMML,1623,11
NA-97,Mohammad Riaz Khan,Independent,1593,12
NA-97,Waseem Baqir Noor,Independent,1003,13
NA-97,Muhammad Akhtar,MQM,989,14
NA-97,Muntazir Mehdi,Independent,491,15
NA-97,Muhammad Amin Watoo,AJPP,277,16
NA-97,Ehsan Riaz,Independent,171,17
NA-97,Khalid Mehmood,Independent,141,18
NA-97,Rai Naeem Asad,Independent,109,19
NA-97,Sakhawat Imran,Independent,96,20
NA-97,Ayesha Rajab Baloch,Independent,87,21
NA-97,Rai Wajid Ali,Independent,80,22
NA-98,Chaudhary Muhammad Shahbaz Babar,PML-N,119559,1
NA-98,Mumtaz Ahmad,Independent,105653,2
NA-98,Rana Muhammad Farooq Saeed Khan,PPP,29507,3
NA-98,Muhammad Jawad Saleem,TLP,15606,4
NA-98,Chaudhary Iftikhar Rasool Ghuman,Independent,3602,5
NA-98,Usman Ali,JIP,2722,6
NA-98,Muhammad Tahir,Independent,2360,7
NA-98,Muhammad Sohail Sarwar,Independent,2290,8
NA-98,Hafiz Safi Ur Rehman,PMML,1925,9
NA-98,Muhammad Nadeem,Independent,696,10
NA-98,Khalid Abdullah,Independent,483,11
NA-98,Muhammad Usman,PAT,397,12
NA-98,Muhammad Farooq Arshad,Independent,278,13
NA-98,Muhammad Bilal Farooq Khan,Independent,188,14
NA-98,Muhammad Irfan,Independent,169,15
NA-98,Ch. Shafqat Rasool Ghuman,Independent,151,16
NA-98,Abdul Satar,Independent,148,17
NA-98,Muhammad Anwar Chaudhry,Independent,120,18
NA-98,Muhammad Rafay,Independent,101,19
NA-98,Muhammad Inam Ul Haq,Independent,99,20
NA-99,Umar Farooq,Independent,120797,1
NA-99,Muhammad Qasim Farooq,PML-N,80401,2
NA-99,Imran Khan,TLP,15102,3
NA-99,Shah Nawaz,PMML,4137,4
NA-99,Adeeba Kousar,Independent,4112,5
NA-99,Sajjad Hussain Tayyab,Independent,3835,6
NA-99,Neha Javed,PPP,3794,7
NA-99,Rana Munawar Khan,Independent,3535,8
NA-99,Mubashar Shahzad,Independent,2970,9
NA-99,Asim Munir,JIP,2823,10
NA-99,Raza Nasrullah Khan,Independent,2525,11
NA-99,Mehar Atta Ur Rehman,Independent,1577,12
NA-99,Muhammad Muzammil Nazir,PNP,768,13
NA-99,Muhammad Fayyaz,Independent,678,14
NA-99,Ahsan Raza,Independent,477,15
NA-99,Shehzad Bashir Cheema,Independent,459,16
NA-99,Javed Niaz Manj,Independent,339,17
NA-99,Sana Ullah,Independent,281,18
NA-99,Rai Imtiaz Ahmad Asif,Independent,276,19
NA-99,Muhammad Naeem,Independent,212,20
NA-99,Muhammad Tariq Chaudhary,Independent,167,21
NA-99,Adil Rafi Cheema,Independent,118,22
NA-99,Muhammad Hanif Jatt,Independent,97,23
NA-99,Muhammad Furqan Mushtaq,Independent,91,24
NA-99,Muhammad Imran Waince,Independent,77,25
NA-100,Dr. Nisar Jutt,Independent,131980,1
NA-100,Rana Sana Ullah Khan,PML-N,112651,2
NA-100,Ibrar Hussain,TLP,14747,3
NA-100,Sidra Saeed Bandesha,PPP,7055,4
NA-100,Sameera Nisar,Independent,2424,5
NA-100,Muaz Azeam Randhawa,JIP,2195,6
NA-100,Malik Abdul Rehman,PMML,1803,7
NA-100,Jahanzeb Imtiaz Gill,Independent,1072,8
NA-100,Nabila Sana,Independent,284,9
NA-100,Muqadas Ahsan,Independent,230,10
NA-100,Ch. Ahmed Nawaz,Independent,183,11
NA-100,Ahmad Sheheryar,Independent,171,12
NA-100,Muhammad Maqsood,Independent,151,13
NA-100,Arooj Jahanzeb Gill,Independent,75,14
NA-100,Saif Ur Rahman,Independent,55,15
NA-101,Rana Atif,Independent,134886,1
NA-101,Mian Irfan Ahmad,PML-N,89612,2
NA-101,Muhammad Asad Iqbal,TLP,11445,3
NA-101,Muhammad Mushtaq Ahmad,JIP,5984,4
NA-101,Mohammad Ijaz,Independent,3744,5
NA-101,Khalid Shafique,Independent,3671,6
NA-101,Muhammad Muzammal Dogar,Independent,2909,7
NA-101,Sheikh Fiaz Ahmed,PMML,1687,8
NA-101,Ibrar Ali,Independent,1012,9
NA-101,Komal Nadeem Sindhu,Independent,768,10
NA-101,Muhammad Nouman Afzal,Independent,547,11
NA-101,Nadeem Sadiq Dogar,Independent,519,12
NA-101,Fahmeed Nawaz,PNP,359,13
NA-101,Muhammad Latif Nazar,Independent,326,14
NA-101,Basharat Ali,Independent,198,15
NA-101,Shafqat Hameed,Independent,196,16
NA-101,Rana Fayyaz Ahmad,Independent,157,17
NA-101,Rosheela Asad,Independent,138,18
NA-101,Mohammad Akram Sahi,Independent,134,19
NA-101,Changez Ahmed Khan,Independent,132,20
NA-101,Mohammad Saqib Majeed,Independent,94,21
NA-101,Muhammad Usman,Independent,84,22
NA-101,Muhammad Abdullah Khan,Independent,73,23
NA-101,Shabir Hussain,Independent,68,24
NA-101,Mehboob Alam,Independent,67,25
NA-101,Zafar Iqbal,Independent,64,26
NA-101,Shafaat Ali,Independent,47,27
NA-101,Nadeem Aftab Sandhu,Independent,45,28
NA-101,Sadaf Rasheed Choudhary,Independent,35,29
NA-101,Muhammad Tariq,Independent,32,30
NA-101,Mohsin Raza,Independent,28,31
NA-101,Waleed Arshad,Independent,23,32
NA-101,Saif Muazzam,Independent,20,33
NA-102,Changez Ahmed Khan,Independent,132553,1
NA-102,Chaudhary Abid Sher Ali,PML-N,100328,2
NA-102,Raja Saleem Abid,TLP,9407,3
NA-102,Naeem Dastgir Khan,PPP,3378,4
NA-102,Hafiz Bahadar Ali,Independent,2894,5
NA-102,Zafar Hussain Khan,JIP,2731,6
NA-102,Rana Abu Khubaib Rehman Khan,PMML,1419,7
NA-102,Abid Sharif,Independent,1228,8
NA-102,Uroj Jahanziib Gill,Independent,1085,9
NA-102,Muhammad Islam,Independent,891,10
NA-102,Sajjad Murshid Gill,Independent,859,11
NA-102,Arslan Arshad,Independent,498,12
NA-102,Muhammad Tayyab,Independent,330,13
NA-102,Khurram Shehzad,PNP,314,14
NA-102,Ch. Abdul Ghafoor Ghafari,Independent,240,15
NA-102,Jahanzeb Imtiaz Gill,Independent,172,16
NA-102,Muhammad Tariq Chaudhary,Independent,153,17
NA-102,Shahid Javed,Independent,111,18
NA-102,Rana Adnan Javed,Independent,91,19
NA-102,Umer Farooq,Independent,88,20
NA-102,Malik Asghar Ali Qaiser,Independent,85,21
NA-102,Adil Rafi Cheema,Independent,77,22
NA-102,Muhammad Adil Waseem,Independent,75,23
NA-102,Hassan Akash,Independent,64,24
NA-102,Shafaat Ali,Independent,60,25
NA-102,Sana Ullah Shami,Independent,59,26
NA-102,Muhammad Latif,Independent,54,27
NA-102,Muhammad Waris,Independent,48,28
NA-102,Safeer Shehzad,Independent,47,29
NA-102,Abdur Rasheed Chaudhary,Independent,47,30
NA-102,Zeeshan Ali,Independent,44,31
NA-102,Javed Niaz Manj,Independent,39,32
NA-102,Muhammad Yaqub,Independent,36,33
NA-102,Ghulam Mustafa,AJPP,36,34
NA-102,Khalid Shafique,Independent,36,35
NA-102,Muhammad Waqar Ahmed,Independent,30,36
NA-102,Muhammad Jawad,Independent,27,37
NA-102,Sardmad Fazal Hussain,Independent,27,38
NA-102,Hanan Tahir Shah,Independent,18,39
NA-102,Shahzad Karim,Independent,18,40
NA-103,Muhammad Ali Sarfraz,Independent,147987,1
NA-103,Haji Muhammad Akram Ansari,PML-N,86643,2
NA-103,Muhammad Ghulam Rasool,TLP,11844,3
NA-103,Rana Mubashir Hussain,PPP,3224,4
NA-103,Muhammad Afzaal,JIP,3092,5
NA-103,Muhammad Asif,PMML,1700,6
NA-103,Haleem Aslam,Independent,1679,7
NA-103,Ch Imran Iqbal Kahloon,Independent,557,8
NA-103,Ali Raza,Independent,442,9
NA-103,Muhammad Umar Javed,Independent,426,10
NA-103,Khurram Shehzad,Independent,345,11
NA-103,Hassan Masood,Independent,278,12
NA-103,Amjad Hussain,Independent,232,13
NA-103,Iqra Mubarik,PTI-N,188,14
NA-103,Abrar Ul Haq,Independent,187,15
NA-103,Muhammad Amin,MQM,145,16
NA-103,Hanzla Bin Haleem,Independent,144,17
NA-103,Rana Abdul Razzaq Khan,Independent,137,18
NA-103,Malik Muhammad Nawaz,Independent,133,19
NA-103,Shiekh Salman Arif,Independent,98,20
NA-103,Abrar Rashid,Independent,97,21
NA-103,Munir Ahmad,Independent,88,22
NA-103,Sajid Sohail,Independent,83,23
NA-103,Muhammad Islam,Independent,66,24
NA-103,Sardar Muhammad,Independent,65,25
NA-103,Muhammad Shahbaz,Independent,59,26
NA-103,Hamd Islam,Independent,58,27
NA-103,Khurram Ijaz,Independent,51,28
NA-103,Abdul Rehman,Independent,51,29
NA-103,Muhammad Ilyas,Independent,50,30
NA-103,Chaudhary Imtiaz Rabbani,Independent,49,31
NA-103,Amina Sarfraz,Independent,49,32
NA-103,Abdul Ghafar,Independent,41,33
NA-103,Munawar Fayyaz Sunny,Independent,37,34
NA-103,Munir Ahmad Babar,Independent,33,35
NA-103,Aneeq Zafar,Independent,33,36
NA-103,Muhammad Kashif,AJPP,31,37
NA-103,Hanan Tahir Shah,Independent,26,38
NA-103,Muhammad Tayyab,Independent,24,39
NA-103,Fozia Sikandar Ranjha,Independent,22,40
NA-103,Muhammad Anwaar,Independent,22,41
NA-103,Faisal Sattar,Independent,21,42
NA-103,Muhammad Younas Khaleeque,Independent,21,43
NA-103,Muhammad Usman Gujjar,Independent,19,44
NA-103,Syed Asim Ali Naqvi,Independent,16,45
NA-104,Sahibzada Muhammad Hamid Raza,Independent,132655,1
NA-104,Raja Daniyal Ahmad,PML-N,92610,2
NA-104,Hafiz Muhammad Abu Bakr,TLP,14626,3
NA-104,Basharat Ali,PPP,3488,4
NA-104,Rana Muhammad Sikander Azam Khan,JIP,3270,5
NA-104,Shakeel Shahid,Independent,2716,6
NA-104,Haq Nawaz,PMML,2630,7
NA-104,Imran Khan,Independent,1892,8
NA-104,Soba Khan,Independent,1331,9
NA-104,Hassan Javid,Independent,556,10
NA-104,Raja Riaz Ahmed,Independent,377,11
NA-104,Rana Muhammad Javed Ashraf,Independent,317,12
NA-104,Muhammad Aslam Iqbal,PNP,313,13
NA-104,Syed Zia Alamdar Hussain,Independent,144,14
NA-104,Hassan Masood,Independent,140,15
NA-104,Muhammad Aaim Zahoor,Independent,130,16
NA-104,Muhammad Nadeem Pasha,Independent,117,17
NA-104,Najam Hussain,Independent,101,18
NA-104,Muhammad Ateeq Ur Rehman,Independent,88,19
NA-104,Hafiz Abid Hussain,PAT,85,20
NA-104,Kashif Nawaz,Independent,84,21
NA-104,Sadiq Ali,Independent,65,22
NA-104,Abdul Manan Aslam,Independent,64,23
NA-104,Firdous Raana,Independent,63,24
NA-104,Rana Ijaz Ahmed,Independent,45,25
NA-104,Sarfraz,Independent,41,26
NA-104,Mian Muhammad Raqafiluz,Independent,34,27
NA-104,Younas Suleman,Independent,29,28
NA-105,Usama Hamza,Independent,138494,1
NA-105,Chaudhary Khalid Javed Warraich,PML-N,108003,2
NA-105,Muhammad Mazhar Mahmood,TLP,15002,3
NA-105,Abdul Rauf,KIAP,8551,4
NA-105,Atta Ullah Hameed,JIP,3837,5
NA-105,Sarshar Hassan Cheema,PPP,3250,6
NA-105,Mohsin Raza,Independent,2874,7
NA-105,Hassam Ali,Independent,2587,8
NA-105,Taj Mehmood,PMML,1266,9
NA-105,Mujahid Islam,Independent,547,10
NA-105,Muhammad Khalid Bashir,Independent,289,11
NA-105,Farkhanda Amjad,Independent,222,12
NA-105,Ikrema Hamza,Independent,158,13
NA-105,Muhammad Arshad,Independent,134,14
NA-105,Irfan Ghafoor,Independent,107,15
NA-105,Mushtaq Ahmad Ishtiaq Dhool,Independent,81,16
NA-105,Arslan Khan Manj,AJPP,71,17
NA-106,Muhammad Junaid Anwar Chaudhry,PML-N,137779,1
NA-106,Khalid Nawaz,Independent,137105,2
NA-106,Mohsin Raza,TLP,11313,3
NA-106,Kamran Mahmood,Independent,8291,4
NA-106,Muhammad Zubair,JIP,3970,5
NA-106,Muhammad Zulfiqar Ali,PPP,3360,6
NA-106,Khalid Mahmood,PMML,1777,7
NA-106,Saeed Akbar,Independent,1264,8
NA-106,Muhammad Tareej,Independent,456,9
NA-106,Chaudhry Muhammad Ashfaq,Independent,390,10
NA-106,Sobia Junaid,Independent,340,11
NA-106,Abdul Basit,Independent,196,12
NA-106,Tanveer Hussain,Independent,178,13
NA-106,Muhammad Ajmal Siddique,BPP,110,14
NA-106,Muhammad Irfan Ali Akram,Independent,109,15
NA-106,Muhammad Momin Junaid,Independent,79,16
NA-107,Muhammad Riaz Khan Fatyana,Independent,129971,1
NA-107,Chaudhary Asad Ur Rehman,PML-N,96083,2
NA-107,Haider Ali Khan Kharal,Independent,16139,3
NA-107,Hafiz Farukh Saleem Chishti,TLP,14411,4
NA-107,Syed Azher Hasan Shah,Independent,12957,5
NA-107,Sardar Saeed Ahmad Gujjar,Independent,4828,6
NA-107,Malik Amjad Yaqub,PPP,3778,7
NA-107,Haji Muhammad Rizwan Sarwar,PMML,2789,8
NA-107,Syed Iqtidar Hussain Shah,Independent,1999,9
NA-107,Sohail Ahmad Haider,Independent,1259,10
NA-107,Muhammad Ahmad Raza,JIP,747,11
NA-107,Khurram Saeed,Independent,575,12
NA-107,Muhammad Saleem,Independent,379,13
NA-107,Sardar Raheel Anwer,Independent,261,14
NA-107,Sarwar Chaudhary,Independent,137,15
NA-107,Ahsan Riaz,Independent,130,16
NA-107,Bilal Ahmad,Independent,94,17
NA-107,Kamal Ali Khan,Independent,89,18
NA-107,Irfan Ul Hassan Chaudhary,Independent,88,19
NA-107,Ahmad Nawaz,Independent,74,20
NA-107,Rasheed Ahmad,Independent,70,21
NA-107,Mahmood Ul Haq Doagr,Independent,69,22
NA-107,Ghulam Abbas,Independent,56,23
NA-107,Mubarik Ali,Independent,39,24
NA-107,Ghulam Yaseen,Independent,31,25
NA-107,Sajida Abbas Kharal,Independent,31,26
NA-108,Sahibzada Muhammad Mehboob Sultan,Independent,169676,1
NA-108,Makhdoom Syed Faisal Saleh Hayat,PML-N,134369,2
NA-108,Ghulam Bibi Bharwana,Independent,7317,3
NA-108,Muhammad Ramzan Awan,TLP,5920,4
NA-108,Malik Asif Tanveer,Independent,3967,5
NA-108,Pir Muhammad Haider Shah,PPP,3651,6
NA-108,Maulana Muhammad Riaz Khan,JUI-F,3453,7
NA-108,Qari Muhammad Nasrullah Jabwana,PMML,2076,8
NA-108,Mian Muazzam Akram Azam Chela Sial,Independent,1376,9
NA-108,Naveed Mukhtar Ahmed Khan,Independent,735,10
NA-108,Hafiz Allah Ditta,PNP,591,11
NA-108,Syed Haider Ali Shah Bukhari,Independent,409,12
NA-108,Sahibzada Naeem Uddin Sialvi,Independent,396,13
NA-108,Sheikh Muhammad Akram,Independent,349,14
NA-108,Muhammad Saleem Tahir,Independent,313,15
NA-108,Saleem Abbas Khan,Independent,225,16
NA-108,Ijaz Ahmad,JWP,144,17
NA-109,Sheikh Waqas Akram,Independent,176699,1
NA-109,Muhammad Yaqub Sheikh,PML-N,61803,2
NA-109,Muhammad Ahmad Ludhyanvi,PRP,36410,3
NA-109,Nasir Ali,TLP,7353,4
NA-109,Muhammad Haider Ali Bukhari,PPP,3257,5
NA-109,Sheikh Muhammad Akram,Independent,2981,6
NA-109,Suhaib Farooq,Independent,2546,7
NA-109,Abdul Jabbar Khan,JIP,2403,8
NA-109,Muhammad Mansha,PMML,1676,9
NA-109,Syeda Sughra Imam,Independent,1064,10
NA-109,Muhammad Anas,Independent,801,11
NA-109,Muhammad Azad,Independent,796,12
NA-109,Zawar Hussain,Independent,498,13
NA-109,Abdul Hannan,Independent,375,14
NA-109,Muhammad Saleem Tahir,Independent,172,15
NA-109,Fawad Akram,Independent,171,16
NA-109,Mahr Shahid Saleem,Independent,162,17
NA-109,Ghulam Bibi,Independent,152,18
NA-109,Zubaida Begum,Independent,127,19
NA-109,Hakim Ali,Independent,94,20
NA-109,Muhammad Iqbal Khan,TJP,63,21
NA-110,Sahibzada Muhammad Ameer Sultan,Independent,199853,1
NA-110,Muhammad Asif Muavia Sial,PML-N,104422,2
NA-110,Muhammad Amad Khan Wajid,TLP,6964,3
NA-110,Saima Akhtar,Independent,5961,4
NA-110,Muhammad Hamid Nawaz,Independent,4566,5
NA-110,Talib Raza Khan Sial,Independent,4527,6
NA-110,Muhammad Nasir,Independent,3088,7
NA-110,Babar Ali Khan,Independent,3081,8
NA-110,Umar Aftab,PPP,3065,9
NA-110,Jawad Ali Khan Seyal,Independent,2054,10
NA-110,Nazar Abbas,Independent,706,11
NA-110,Ahmad Sher,PMML,560,12
NA-110,Sana Ashraf,Independent,422,13
NA-110,Tanveer Hussain,Independent,302,14
NA-110,Madhulal Hussain,Independent,285,15
NA-111,Muhammad Arshad Sahi,Independent,113711,1
NA-111,Muhammad Barjees Tahir,PML-N,93467,2
NA-111,Muhammad Rizwan Wahga,TLP,25345,3
NA-111,Muhammad Waqas,PPP,4530,4
NA-111,Muhammad Faisal Bin Zair,JIP,2527,5
NA-111,Mubarak Raza Wagha,Independent,2182,6
NA-111,Muhammad Saleem,Independent,2148,7
NA-111,Shahbaz Hussain Sidhu,PMML,1152,8
NA-111,Muhammad Ashraf Ali Khan,Independent,806,9
NA-111,Muhammad Atif,Independent,613,10
NA-111,Muhammad Ammar Arshad Sahi,Independent,491,11
NA-111,Muhammad Adnan Ashraf,Independent,290,12
NA-111,Muhammad Ahsan Raza Wagha,Independent,254,13
NA-111,Naeem Iqbal,Independent,146,14
NA-111,Faiza Iqbal,Independent,134,15
NA-111,Imran Saeed Cheema,Independent,123,16
NA-111,Atiq Ur Rehman Sahi,Independent,94,17
NA-111,Muhammad Usman Ashraf,Independent,81,18
NA-111,Arslan Aswad Naeem,Independent,41,19
NA-112,Dr. Shizra Mansab Ali Khan Kharal,PML-N,105646,1
NA-112,Ijaz Ahmad Shah,Independent,93329,2
NA-112,Rai Abrar Ahmed Siddiqui,TLP,20895,3
NA-112,Rai Shahjahan Ahmad Khan Bhatti,PPP,13452,4
NA-112,Muhammad Ahsan,Independent,7678,5
NA-112,Shahid Manzoor,Independent,1102,6
NA-112,Rashid Farooq,JIP,892,7
NA-112,Syed Izhar Ul Hassan,Independent,384,8
NA-112,Rana Falak Shair Sikandar,PTI-N,303,9
NA-112,Rana Muhammad Zulqarnain Khan,Independent,278,10
NA-112,Tauseef Ahmad Rai,Independent,224,11
NA-112,Agha Muhammad Ali Khan,MQM,164,12
NA-112,Rai Muhammad Aslam Khan,Independent,67,13
NA-112,Saeed Ahmad Zafar,Independent,50,14
NA-113,Ahmad Atteeq Anwar,PML-N,119407,1
NA-113,Rahat Aman Ullah Bhatti,Independent,90872,2
NA-113,Muhammad Nouman Khalid,TLP,26257,3
NA-113,Umar Sikandar,Independent,6820,4
NA-113,Sabir Hussain,PPP,6404,5
NA-113,Khurram Ijaz Chatha,Independent,1871,6
NA-113,Zaheer Baber,JIP,1642,7
NA-113,Muhammad Anwar Rasheed,Independent,1228,8
NA-113,Rana Afzaal Hussain,Independent,1160,9
NA-113,Umer Aftab Dhillon,Independent,1111,10
NA-113,Muhammad Asif Sulehria,PAT,772,11
NA-113,Chaudhary Aftab Iqbal Ahmad Dhilu,Independent,745,12
NA-113,Ahmad Sikandar,Independent,269,13
NA-113,Muhammad Riaz Shahid,Independent,218,14
NA-113,Usman Nasir,Independent,217,15
NA-114,Rana Tanveer Hussain,PML-N,101111,1
NA-114,Arshad Mehmood Manda,Independent,82026,2
NA-114,Asif Mahmood,TLP,37329,3
NA-114,Sardar Ali,PPP,2294,4
NA-114,Muhammad Touseef,JIP,1122,5
NA-114,Muhammad Safdar Bhatti,Independent,1050,6
NA-114,Asim Nisar,PMML,795,7
NA-114,Hafiz Mahmood Ul Hassan,JUI-F,754,8
NA-114,Rana Afzaal Hussain,Independent,448,9
NA-114,Anser Ali,Independent,290,10
NA-114,Abid Hafeez,Independent,290,11
NA-114,Akhtar Hasan Chaudhry,Independent,260,12
NA-114,Shabana Asghar,Independent,204,13
NA-114,Muhammad Khalil Rana,PAT,159,14
NA-114,Rana Abbas Ali Khan,Independent,82,15
NA-114,Mian Jalil Ahmad Sharaqpuri,Independent,77,16
NA-114,Muhammad Ashfaq,Independent,76,17
NA-114,Ch. Muhammad Suleman,Independent,71,18
NA-114,Muhamamd Sikander Zulqarnain,Independent,60,19
NA-114,Syed Muhammad Ali Mehdi Bukhari,Independent,51,20
NA-114,Malik Javed Iqbal,Independent,51,21
NA-115,Khurram Shahzad Wirk,Independent,130416,1
NA-115,Mian Javed Latif,PML-N,94161,2
NA-115,Nadeem Zafar,TLP,28960,3
NA-115,Muhammad Saeed Virk,Independent,4507,4
NA-115,Altaf Hussain Virk,PPP,3129,5
NA-115,Tohfa Dastgir Ahmad,JIP,2166,6
NA-115,Waqar Murtaza,PMML,1273,7
NA-115,Abdullah Tahir,Independent,1123,8
NA-115,Zulqarnain Dogar,Independent,874,9
NA-115,Shafique Ahmad,PAT,416,10
NA-115,Ahmed Raza Khan Kirmani,Independent,278,11
NA-115,Mian Muhammad Munawar Latif,Independent,265,12
NA-115,Malik Javaid Akbar,Independent,207,13
NA-115,Umar Bashir,Independent,123,14
NA-115,Mian Khalid Mahmood,Independent,116,15
NA-115,Ali Bashir,Independent,94,16
NA-115,Akhtar Iqbal Dar,PTI-N,66,17
NA-115,Tahir Zaman Virk,Independent,66,18
NA-115,Tanveer Ahsan,Independent,64,19
NA-115,Ghulam Rasool S/O Eid Muhammad,Independent,62,20
NA-115,Liaqat Ali,Independent,61,21
NA-115,Ghulam Rasool S/O Allah Ditta,Independent,61,22
NA-115,Muhammad Arif Khan Sandhila,Independent,58,23
NA-115,Muhammad Nawaz,Independent,43,24
NA-115,Muhammad Afzaal,Independent,42,25
NA-115,Muhammad Murad Bashir,Independent,39,26
NA-115,Usman Virk,Independent,33,27
NA-116,Khurram Munawar Manj,Independent,135129,1
NA-116,Sardar Muhammad Arfan Dogar,PML-N,89960,2
NA-116,Pir Syed Zaheer Ul Hassan Bukhari,TLP,43253,3
NA-116,Rai Ijaz Ahmad Khan,PPP,7059,4
NA-116,Mian Asadullah,JIP,4417,5
NA-116,Muhammad Imran Hashmi,Independent,2124,6
NA-116,Ijaz Ahmad,Independent,2019,7
NA-116,Haji Chaudhary Muhammad Yaqoob Chahal,PMML,1699,8
NA-116,Maria Amir,Independent,1661,9
NA-116,Muhammad Ijaz Shahid,Independent,1657,10
NA-116,Hamza Qamar,Independent,1468,11
NA-116,Sardar Muhammad Shahzad Dogar,Independent,1049,12
NA-116,Rai Azeem Saeed,Independent,450,13
NA-116,Rana Waheed Ahmad,Independent,404,14
NA-116,Sardar Muhammad Bilal Dogar,Independent,216,15
NA-116,Ghulam Rasool,Independent,209,16
NA-116,Saif Ullah,PTI-N,199,17
NA-116,Waqas Mahmood Maan,Independent,150,18
NA-116,Shabbir Abbas,Independent,147,19
NA-116,Muhammad Shabbir,Independent,129,20
NA-116,Tahira Nazeer,Independent,83,21
NA-116,Arshad Ullah,Independent,80,22
NA-116,Sabir Hussain Bhatti,Independent,69,23
NA-116,Sana Ullah Chaudhry,Independent,54,24
NA-116,Tahir Saeed Gujjar,Independent,48,25
NA-117,Abdul Aleem Khan,IPP,91490,1
NA-117,Ali Ijaz,Independent,80854,2
NA-117,Saif Ur Rehman,TLP,38162,3
NA-117,Syed Asif Akhter Hashmi,PPP,3950,4
NA-117,Jahangir Ahmad,JIP,3165,5
NA-117,Muhammad Imran Khan,Independent,2831,6
NA-117,Muhammad Hussain Amir,PMML,1844,7
NA-117,Zaman Naseeb,Independent,1666,8
NA-117,Muhammad Latif Khan,Independent,1510,9
NA-117,Azeem Yaseen,Independent,1252,10
NA-117,Muhammad Atif,Independent,378,11
NA-117,Ibrar Ul Haq,Independent,225,12
NA-117,Furrukh Rafique,Independent,192,13
NA-117,Syed Asghar Raza Naqvi,Independent,177,14
NA-117,Mian Mehmood Ahmad,Independent,153,15
NA-117,Muhammad Tanveer,Independent,146,16
NA-117,Akmal Khan,Independent,134,17
NA-117,Muhammad Rauf Mirza,Independent,120,18
NA-117,Ch Muhammad Asghar,Independent,91,19
NA-117,Ch. Jawad Khalid,Independent,80,20
NA-118,Muhammad Hamza Shehbaz Sharif,PML-N,105948,1
NA-118,Aliya Hamza Malik,Independent,100984,2
NA-118,Abid Hussain,TLP,36333,3
NA-118,Muhammad Shoukat,JIP,4136,4
NA-118,Muhammad Ijaz Malik,PMML,2984,5
NA-118,Shahid Abbas,PPP,2528,6
NA-118,Muhammad Afzal,JUI-F,1944,7
NA-118,Saba Dewan,Independent,1431,8
NA-118,Tahir Naveed,Independent,1308,9
NA-118,Muhammad Latif Khan,Independent,398,10
NA-118,Moqaddus Aleem Qureshi,Independent,149,11
NA-118,Faisal Raza,Independent,136,12
NA-118,Rizwan Zia Khan,Independent,96,13
NA-119,Maryam Nawaz Sharif,PML-N,83856,1
NA-119,Shehzad Farooq,Independent,68384,2
NA-119,Muhammad Zaheer,TLP,30530,3
NA-119,Zulfiqar Ali,JIP,2435,4
NA-119,Hafiz Abdur Rauf,PMML,2081,5
NA-119,Iftikhar Shahid,PPP,2056,6
NA-119,Muhammad Ahmad Mughal,Independent,1669,7
NA-119,Chaudhry Ayyaz Imran,Independent,1500,8
NA-119,Nadeem Altaf Khan Sherwani,Independent,1099,9
NA-119,Sanam Javed Khan,Independent,708,10
NA-119,Imran Aslam,Independent,706,11
NA-119,Abdul Karim Khan,Independent,465,12
NA-119,Rizwan Ul Haq,Independent,437,13
NA-119,Rashid Ahmad Khan,JUI-F,398,14
NA-119,Chaudhry Muhammad Ilyas,Independent,208,15
NA-119,Muhammad Siddique Akbar,Independent,106,16
NA-119,Kiran Muhammad Ali,MQM,100,17
NA-119,Adnan Faisal,IJI,79,18
NA-119,Akmal Khan,Independent,56,19
NA-119,Ahsan Ikram,Independent,26,20
NA-120,Sardar Ayaz Sadiq,PML-N,68037,1
NA-120,Usman Hamza,Independent,49309,2
NA-120,Rashid Ali,TLP,24166,3
NA-120,Munir Ahmad,PPP,8049,4
NA-120,Rasheed Ahmad,JIP,3743,5
NA-120,Umar Farooq,PMML,2140,6
NA-120,Hafiz Muhammad Akram,Independent,1202,7
NA-120,Shakeel Ahmad,Independent,635,8
NA-120,Ijaz Ahmad,Independent,367,9
NA-120,Sanam Javed Khan,Independent,331,10
NA-120,Qadeer Ahmad,Independent,214,11
NA-120,Zafar Ali Shah,Independent,182,12
NA-120,Humayun Shoukat Ali Butt,Independent,172,13
NA-120,Javed Anwar Awan,Independent,167,14
NA-120,Muhammad Rafiq,PTE,162,15
NA-120,Hafiz Mansab Awan,Independent,136,16
NA-120,Qadeer Hussain,PL,116,17
NA-120,Maqsood Ellahi,Independent,114,18
NA-120,Muhammad Ahmad Akmal,Independent,101,19
NA-120,Abdul Basit,Independent,97,20
NA-120,Muhammad Umer,Independent,92,21
NA-120,Azhar Nawaz,Independent,77,22
NA-120,Muhammad Nawaz Awan,Independent,72,23
NA-120,Muhammad Athar Amin,Independent,58,24
NA-120,Chaudhary Shafaqat Amin,Independent,46,25
NA-121,Waseem Qadir,Independent,78707,1
NA-121,Sheikh Rohail Asgher,PML-N,70598,2
NA-121,Muhammad Yousaf,TLP,24883,3
NA-121,Amir Siddique,JIP,3424,4
NA-121,Iftikhar Shahid,PPP,2246,5
NA-121,Shouban Akhtar,PMML,1313,6
NA-121,Mian Awais Anjum,Independent,1213,7
NA-121,Rizwan Zia Khan,Independent,469,8
NA-121,Asghar Ali,Independent,383,9
NA-121,Imran Aslam,Independent,217,10
NA-121,Imran Ashraf,MQM,217,11
NA-121,Mehmood Ahmad,Independent,165,12
NA-121,Muhammad Qasim,Independent,155,13
NA-121,Asif Mehmood,Independent,96,14
NA-122,Sardar Muhammad Latif Khan Khosa,Independent,117124,1
NA-122,Khawaja Saad Rafique,PML-N,77913,2
NA-122,Muhammad Imtiaz,TLP,15469,3
NA-122,Chaudhary Atif Rafique,PPP,4745,4
NA-122,Zeba Basharat,JIP,4688,5
NA-122,Muhammad Iqbal,Independent,2602,6
NA-122,Hafiz Talha Saeed,PMML,2044,7
NA-122,Syed Shahid Zulfiqar Ali,Independent,957,8
NA-122,Bahadur Khan,Independent,571,9
NA-122,Chaudary Muhammad Umar Akbar,Independent,256,10
NA-122,Aasim Mobeen,Independent,239,11
NA-122,Rukhsana Naveed,Independent,145,12
NA-122,Tahir Bashir,Independent,136,13
NA-122,Muhammad Jahanzaib,Independent,128,14
NA-122,Muhammad Tusadduq,Independent,93,15
NA-122,Chaudhary Sajjad Ahmad,Independent,59,16
NA-122,Neelam Irshad Shaikh,Independent,58,17
NA-122,Habib Ullah,Independent,48,18
NA-122,Rizwan Zia Khan,Independent,42,19
NA-122,Muhammad Nadeem Bajwa,Independent,38,20
NA-122,Ejaz Hussain Minhas,Independent,36,21
NA-123,Mian Muhammad Shehbaz Sharif,PML-N,63953,1
NA-123,Afzaal Azeem Pahat,Independent,48489,2
NA-123,Amjad Naeem,TLP,20160,3
NA-123,Mian Muhammad Saleem,Independent,8457,4
NA-123,Muhammad Zia Ul Haq,PPP,5698,5
NA-123,Liaqat Baloch,JIP,3207,6
NA-123,Rashid Mahmood,PMML,1557,7
NA-123,Haider Ali,JUI-F,1389,8
NA-123,Abdul Samad Khan,Independent,809,9
NA-123,Muzammil Hussain,Independent,664,10
NA-123,Atif Atta,PTE,505,11
NA-123,Latif Ahmed Hussain,PAT,391,12
NA-123,Muhammad Zahid Bashir,Independent,217,13
NA-123,Tariq Shabbir,Independent,77,14
NA-123,Arshad Hussain,Independent,76,15
NA-124,Rana Mubashir Iqbal,PML-N,55391,1
NA-124,Rana Zameer Ahmad Jedhu,Independent,43603,2
NA-124,Irfan Ali Bhatti,TLP,18101,3
NA-124,Muhammad Javed Kasuri,JIP,2534,4
NA-124,Azeem Ullah Khan,Independent,1546,5
NA-124,Muhammad Amin,PMML,1265,6
NA-124,Rizwan Zia Khan,Independent,918,7
NA-124,Muhammad Nouman Faiz,Independent,456,8
NA-124,Muhammad Muzzamil,Independent,381,9
NA-124,Muhammad Sajjad Hassan,Independent,287,10
NA-124,Mujahid Mahmood,PAT,249,11
NA-124,Muhammad Saeed Ahmad,Independent,142,12
NA-124,Muhammad Nawaz Awan,Independent,131,13
NA-125,Muhammad Afzal Khokhar,PML-N,65102,1
NA-125,Javaid Umar,Independent,51144,2
NA-125,Khuram Shahzad,TLP,25490,3
NA-125,Chaudhry Abdul Ghafoor Khan,PPP,11297,4
NA-125,Zabeeh Ullah Balagan,JIP,2712,5
NA-125,Nizam Din,JUI-F,1916,6
NA-125,Rana Tariq Jamal,PMML,938,7
NA-125,Ahmad Ikhwan,PAT,283,8
NA-125,Aqil Omar,Independent,259,9
NA-125,Shabbir Ahmad,Independent,176,10
NA-125,Bilawal Ayub,Independent,154,11
NA-125,Mubeen Akram,Independent,153,12
NA-125,Zahid Iqbal,Independent,120,13
NA-125,Sardar Kamil Umar,Independent,107,14
NA-125,Awais Ahmad Bhatti,Independent,92,15
NA-125,Saif Ul Malook,Independent,78,16
NA-126,Malik Saif Ul Mulook Khokhar,PML-N,67121,1
NA-126,Malik Touqeer Abbas Khokhar,Independent,60506,2
NA-126,Muhammad Ahmad Majeed,TLP,10124,3
NA-126,Ameer Ul Azim,JIP,7424,4
NA-126,Chaudhary Amjad Ali Jutt,PPP,3068,5
NA-126,Imran Liaqat,PMML,619,6
NA-126,Malik Muhammad Zaman,Independent,550,7
NA-126,Malik Nadeem Abbas,Independent,467,8
NA-126,Salman Raza Bara,Independent,260,9
NA-126,Mian Muhammad Jamil,Independent,235,10
NA-126,Muhammad Sarfraz Ali,Independent,189,11
NA-126,Malik Khadim Hussain,Independent,131,12
NA-126,Malik Jahangir Hussain,Independent,130,13
NA-126,Bilawal Ayub,Independent,108,14
NA-126,Zafar Iqbal,Independent,96,15
NA-126,Asim Malik,Independent,94,16
NA-126,Abdul Aziz Abid,Independent,79,17
NA-126,Malik Nisar Ahmad Khokhar,Independent,59,18
NA-126,Shahid Siddique Khan,Independent,51,19
NA-127,Attah Ullah Tarrar,PML-N,98214,1
NA-127,Malik Zaheer Abbas Khokhar,Independent,82282,2
NA-127,Bilawal Bhutto Zardari,PPP,15005,3
NA-127,Matloob Ahmad,TLP,12914,4
NA-127,Syed Ihsan Ullah Waqas,JIP,5296,5
NA-127,Muhammad Muzzamil,HKP,604,6
NA-127,Asma Zaheer Abbas,Independent,525,7
NA-127,Shabbir Ahmed,Independent,413,8
NA-127,Chaudhry Muhammad Atif,Independent,323,9
NA-127,Chaudhry Zahid Akram,PTI-N,323,10
NA-127,Waqif Tahmasb Kiyani,Independent,262,11
NA-127,Sami Ullah,Independent,250,12
NA-127,Khalid Naik,Independent,158,13
NA-127,Muhammad Mansha,Independent,94,14
NA-127,Javed Sharif,PTE,87,15
NA-127,Salman Amjad,Independent,66,16
NA-127,Muhammad Saleem Khan,PMP-N,59,17
NA-127,Ch. Zubair Ahmad Kassana,Independent,49,18
NA-127,Khalid Ahmad,Independent,48,19
NA-127,Jamil Asghar Bhatti,Independent,47,20
NA-127,Abdul Karim Rahi Kalwar,Independent,42,21
NA-127,Abdul Sammi Khan,Independent,35,22
NA-127,Muhammad Asif Jutt,Independent,30,23
NA-127,Shahid Siddique Khan,Independent,30,24
NA-127,Muhammad Saeed Ahmad,Independent,21,25
NA-128,Mohammad Awn Saqlain,IPP,172578,1
NA-128,Salman Akram Raja,Independent,159026,2
NA-128,Asim Irshad Khan,TLP,14655,3
NA-128,Liaqat Baloch,JIP,9249,4
NA-128,Adeel Ghulam Mohiuddin,PPP,4374,5
NA-128,Muhammad Nauman Qaiser,Independent,3816,6
NA-128,Khurram Taseer,Independent,2493,7
NA-128,Muhammad Nawaz,Independent,2129,8
NA-128,Muhammad Shafiq,PMML,1864,9
NA-128,Ghazanfar Aziz,JUI-F,1603,10
NA-128,Shafqat Mehmood,Independent,1047,11
NA-128,Zeeshan Akhtar,Independent,806,12
NA-128,Rubina Shaheen,Independent,733,13
NA-128,Taimoor Tahir,PPP-SB,656,14
NA-128,Attiq Ur Rehman,Independent,435,15
NA-128,Majid Ikram Mian,Independent,424,16
NA-128,Irfan Ali Shah,PML-KQK,310,17
NA-128,Chaudhry Abdul Rasheed Shahid,Independent,297,18
NA-128,Agha Muhammad Ali Khan,MQM,173,19
NA-128,Mian Muhammad Affan,Independent,144,20
NA-128,Muhammad Zahid,IJI,129,21
NA-128,Naeem Asghar,Independent,97,22
NA-129,Mian Muhammad Azhar,Independent,103739,1
NA-129,Hafiz Muhammad Numan,PML-N,71546,2
NA-129,Bilal Liaqat,TLP,19384,3
NA-129,Ahmad Jamil Rashid,JIP,4195,4
NA-129,Aurangzeb Shaafi Burki,PPP,3005,5
NA-129,Muhammad Haris,PMML,2608,6
NA-129,Muhammad Irshad Dogar,Independent,2192,7
NA-129,Bajjash Khan Niazi,Independent,1091,8
NA-129,Muhammad Faisal,Independent,534,9
NA-129,Muhammad Akram Dogar,Independent,447,10
NA-129,Shafqat Mehmood,Independent,255,11
NA-129,Muhammad Bilal,NPC,229,12
NA-129,Abdul Waheed,Independent,102,13
NA-129,Aziz Ul Islam,PTE,68,14
NA-129,Muhammad Arshid,Independent,64,15
NA-129,Muhammad Farooq Ul Hassan,Independent,55,16
NA-129,Muhammad Qasim,Independent,35,17
NA-129,Tayyaba Mubarak,PDQM,31,18
NA-129,Tallat Aslam,Independent,24,19
NA-130,Mian Muhammad Nawaz Sharif,PML-N,179312,1
NA-130,Dr. Yasmeen Rashid,Independent,104491,2
NA-130,Muhammad Khurram Riaz,TLP,20082,3
NA-130,Sufi Khalique Ahmad Butt,JIP,3624,4
NA-130,Iqbal Ahmad Khan,PPP,2604,5
NA-130,Khalid Masood Sandhu,PMML,2123,6
NA-130,Saleem Ullah,JUI-F,1453,7
NA-130,Muzammil Qadir Butt,Independent,449,8
NA-130,Muhammad Amir,Independent,383,9
NA-130,Ch Muhammad Asghar,Independent,359,10
NA-130,Muhammad Imtiaz Chaudhary,Independent,272,11
NA-130,Ali Shan,Independent,123,12
NA-130,Samia Naz,MQM,102,13
NA-130,Hasnain Ahmad Shahzad,Independent,84,14
NA-130,Habib Ur Rehman,Independent,78,15
NA-130,Hafiz Adnan Munir,Independent,69,16
NA-130,Agha Usama Ahmad,Independent,55,17
NA-130,Ishtiaque Ahmad Samsialvi,Independent,54,18
NA-131,Saad Waseem,PML-N,110556,1
NA-131,Muhammad Maqsood Sabir Ansari,Independent,79545,2
NA-131,Chaudary Manzoor Ahmed,PPP,44681,3
NA-131,Hafiz Muneeb Ahmad,TLP,33711,4
NA-131,Muhammad Yaqoob Nadeem Sethi,Independent,7519,5
NA-131,Zubair Ahmad,JUI-F,5898,6
NA-131,Asad Ullah,JIP,4108,7
NA-131,Abdul Hannan Sabir,Independent,3768,8
NA-131,Muhammad Imran,PMML,2017,9
NA-131,Waseem Akhtar Sheikh,Independent,588,10
NA-131,Junaid Waseem,Independent,520,11
NA-131,Barrister Shahid Masood,Independent,402,12
NA-131,Muhammad Saleem Mahar,Independent,368,13
NA-131,Amjad Ali,Independent,364,14
NA-131,Faaiz Mahmood,JUP-N,140,15
NA-131,Sarah Kasuri,Independent,123,16
NA-131,Bakhtiar Mahmud Kasuri,Independent,117,17
NA-131,Maryam Nazir,Independent,109,18
NA-132,Mian Muhammad Shehbaz Sharif,PML-N,137234,1
NA-132,Sardar Muhammad Hussain Doger,Independent,111128,2
NA-132,Faqeer Hussain Bhatti,TLP,22245,3
NA-132,Hafiz Ebtisam Elahi Zaheer,Independent,11944,4
NA-132,Chaudhary Shaheem Safdar,PPP,6219,5
NA-132,Maulana Muhammad Rafique Kasori,JUI-F,3269,6
NA-132,Tanveer Arshad,Independent,2823,7
NA-132,Rashid Tufail,Independent,574,8
NA-132,Shabbir Hussain,Independent,321,9
NA-132,Nasir Mehmood,Independent,308,10
NA-132,Muhammad Dawar Hayat,Independent,264,11
NA-132,Muhammad Zakaria,Independent,212,12
NA-132,Ahsan Amjad,Independent,198,13
NA-132,Javed Hussain Baitu,Independent,181,14
NA-132,Haji Muhammad Dogar,Independent,176,15
NA-132,Hassan Ali Khan,Independent,160,16
NA-132,Muhammad Maroof,JUP-N,138,17
NA-132,Manzoor Elahi,Independent,109,18
NA-132,Muhammad Saleem Mahar,Independent,92,19
NA-132,Nabi Ahmad,Independent,89,20
NA-132,Amjad Ali Tufail,Independent,69,21
NA-132,Hameedan Begum,Independent,45,22
NA-133,Dr. Azeem Ud Din Zahid Lakhvi,Independent,130167,1
NA-133,Rana Muhammad Ishaq Khan,PML-N,119343,2
NA-133,Ghulam Murtaza,TLP,21950,3
NA-133,Muhammad Irshad Khan,PPP,10903,4
NA-133,Sardar Muhammad Ayyan Nakai,Independent,8712,5
NA-133,Waqas Hassan Mokal,Independent,6033,6
NA-133,Muhammad Hashim Dogar,IPP,4289,7
NA-133,Abdul Haleem,JUI-F,3485,8
NA-133,Rana Arshad Ali,Independent,3066,9
NA-133,Muhammad Hussam Hashim,Independent,2749,10
NA-133,Rana Liaquat Ali Khan,Independent,1546,11
NA-133,Malik Muhammad Naeem Haider,JIP,1198,12
NA-133,Mirza Jahanzaib Baig,Independent,1077,13
NA-133,Jahanzaib Hasan Moakal,Independent,720,14
NA-133,Rizwan Babar,Independent,478,15
NA-133,Zaeem Ud Din Abid,MJAH,175,16
NA-133,Rana Muhammad Saeed Akhtar,Independent,149,17
NA-133,Ijaz Ali Bhatti,Independent,141,18
NA-134,Rana Muhammad Hayat Khan,PML-N,142322,1
NA-134,Sidra Faisal,Independent,76887,2
NA-134,Sardar Ahmad Ayaz Nakai,Independent,47954,3
NA-134,Manzoor Elahi,TLP,22392,4
NA-134,Rubina Ansari,Independent,3730,5
NA-134,Muhammad Sufyan Muavia,JUI-F,3450,6
NA-134,Mudassir Zahoor,Independent,3238,7
NA-134,Syed Raza Abbas,PPP,3054,8
NA-134,Haji Muhammad Ramzan,JIP,1539,9
NA-134,Muhammad Arshad Saqi,Independent,1290,10
NA-134,Maqbool Bibi,PMML,701,11
NA-134,Syed Hassan Raza Kazami,Independent,463,12
NA-134,Imran Ashfaq,Independent,385,13
NA-134,Rana Khizer Hayat,Independent,382,14
NA-134,Abdul Jabbar Chaudhary,Independent,202,15
NA-134,Abdul Wahab,Independent,139,16
NA-134,Qasim Ishaq,Independent,132,17
NA-134,Sardar Muhammad Ayyan Nakai,Independent,120,18
NA-134,Junaid Saleem,Independent,109,19
NA-134,Muhammad Ali Babar,Independent,74,20
NA-134,Sardar Muhammad Atif Nakai,Independent,74,21
NA-134,Jahan Zaib Noor,Independent,49,22
NA-134,Sarwat Robina,Independent,38,23
NA-135,Nadeem Abbas,PML-N,129281,1
NA-135,Malik Muhammad Akram Bhatti,Independent,106755,2
NA-135,Rai Ali Noor Kharal,Independent,20060,3
NA-135,Farzand Naseem,TLP,18951,4
NA-135,Rai Ghulam Mujtaba Kharal,PPP,11717,5
NA-135,Hammad Hasan Lashari,JIP,3440,6
NA-135,Balqees Begum,PMML,1084,7
NA-135,Hafiz Sadaqat Ali,Independent,378,8
NA-135,Hissan Bukhari,Independent,310,9
NA-135,Rao Ayyaz Ul Kareem,Independent,218,10
NA-135,Rana Abdul Rehman,Independent,205,11
NA-135,Muhammad Arif Lashari,Independent,188,12
NA-135,Salman Akram,Independent,148,13
NA-135,Numan Aslam,Independent,142,14
NA-136,Riaz ul Haq Jujj,PML-N,127806,1
NA-136,Rao Hassan Sikandar,Independent,80191,2
NA-136,Munawar Javed,TLP,11978,3
NA-136,Masood Shafqat,Independent,9427,4
NA-136,Mehar Abdul Sattar,Independent,9374,5
NA-136,Sajjad Ul Hassan,PPP,8697,6
NA-136,Babar Rashid,JIP,3891,7
NA-136,Muhammad Saleem Sadiq,Independent,2373,8
NA-136,Rao Abdul Khaliq Khan,Independent,1261,9
NA-136,Hafeez Ullah Khan,PMML,1060,10
NA-136,Khalil Ur Rehman,KI,744,11
NA-136,Muhammad Ashraf Khan,Independent,289,12
NA-136,Ch Muhammad Abdullah Tahir,Independent,246,13
NA-136,Ali Hassan,PAT,216,14
NA-136,Muhammad Arshad Iqbal,Independent,186,15
NA-136,Zahid Hussain,Independent,139,16
NA-136,Azam Ali Habib,Independent,93,17
NA-136,Zaeem Ud Din Abid,MJAH,73,18
NA-136,Noor Ul Ain Rai,Independent,69,19
NA-137,Syed Raza Ali Gillani,Independent,132067,1
NA-137,Rao Muhammad Ajmal Khan,PML-N,105470,2
NA-137,Muhammad Anwar,TLP,17378,3
NA-137,Muhammad Yasin,PPP,5846,4
NA-137,Rao Muhammad Safdar Khan,Independent,4253,5
NA-137,Muhammad Awais Anwar,Independent,3646,6
NA-137,Syed Muhammad Ali Gillani,Independent,2931,7
NA-137,Muhammad Jabbir,JIP,1713,8
NA-137,Rao Muhammad Azfar,Independent,1282,9
NA-137,Abdul Aziz Aziz,PMML,1141,10
NA-137,Syed Tanseer Haider Kirmani,Independent,861,11
NA-137,Syed Muratab Ali Kirmani,Independent,735,12
NA-137,Muhammad Atique Khan,Independent,470,13
NA-137,Syed Ali Hassnain Shah Naqvi,Independent,440,14
NA-137,Syed Sajjad Hasan,Independent,434,15
NA-137,Syed Afzaal Ali Gillani,Independent,379,16
NA-137,Syed Gulzar Husnain,Independent,369,17
NA-137,Farzand Naseem,Independent,368,18
NA-137,Muhammad Rafi,PAT,230,19
NA-137,Rao Saad Ajmal,Independent,216,20
NA-137,Syed Ali Abbas Gillani,Independent,209,21
NA-137,Kamran Kirmani,Independent,184,22
NA-137,Chaudhry Tariq Irshad Khan,Independent,162,23
NA-137,Syed Abbas Raza Rizvi,Independent,151,24
NA-137,Azeem Sarwar,Independent,104,25
NA-137,Malik Yawar Farid Khan,Independent,95,26
NA-137,Sardar Shehryar Mokal,Independent,88,27
NA-137,Mian Khurram Jahangir Watto,Independent,87,28
NA-137,Bilal Umar Bodla,Independent,83,29
NA-137,Malik Shamshad Hussain,Independent,62,30
NA-137,Jahan Ara Wattoo,Independent,51,31
NA-137,Tahir Irshad,Independent,47,32
NA-137,Muhammad Shakir Raza Rizvi,Independent,38,33
NA-137,Adeel Ali Khan,Independent,35,34
NA-138,Mian Muhammad Mueen Wattoo,PML-N,122775,1
NA-138,Mian Manzoor Ahmed Khan Wattoo,Independent,79731,2
NA-138,Mian Arshad Ali,Independent,48245,3
NA-138,Muhammad Mushtaq Rehmani,TLP,17848,4
NA-138,Rai Ahmed Hassan,PPP,4922,5
NA-138,Dr. Wasim Shoukat,PMML,2001,6
NA-138,Syed Ghulam Ali Shah,Independent,1555,7
NA-138,Akhtar Hussain,JIP,858,8
NA-138,Fazal Abbas,Independent,667,9
NA-138,Fakhar Hayat,Independent,595,10
NA-138,Majid Hussain,Independent,565,11
NA-138,Muhammad Rafi,PAT,516,12
NA-138,Abrar Hussain,PMLO,466,13
NA-138,Muhammad Hussain,Independent,462,14
NA-138,Sardar Ali Haider Wattoo,Independent,357,15
NA-138,Abdul Majeed Safdar,Independent,295,16
NA-138,Javed Ahmad,Independent,236,17
NA-138,Chand Bibi,Independent,171,18
NA-138,Syed Ali Abbas Gillani,Independent,156,19
NA-138,Tahir Masood Khan,Independent,70,20
NA-139,Mian Ahmed Raza Maneka,PML-N,121870,1
NA-139,Rao Umar Hasham Khan,Independent,116746,2
NA-139,Ghulam Mohyu Din Arain Rizvi,TLP,26344,3
NA-139,Pir Ahmad Shah Khagga,Independent,24327,4
NA-139,Mian Humayun Sarwar Bodla,PPP,7175,5
NA-139,Rao Usman Hashim Khan,Independent,6861,6
NA-139,Tariq Qayyum Shah,Independent,3708,7
NA-139,Faheem Ahmad,Independent,1871,8
NA-139,Mian Atta Muhammad Maneka,Independent,1653,9
NA-139,Ch. Muhammad Iqbal Kamboh,PMML,1651,10
NA-139,Dr. Shaukat Ali Bhatti,JIP,1383,11
NA-139,Rao Azmat Ullah,JUP-N,697,12
NA-139,Shafiq Ahmad,Independent,662,13
NA-139,Mazhar Fareed Wattoo,Independent,360,14
NA-139,Rao Naseem Hashim Khan,Independent,321,15
NA-139,Rao Jamil Hashim Khan,Independent,280,16
NA-139,Asghar Ali,Independent,192,17
NA-139,Waqar Ahmad Khan,Independent,145,18
NA-140,Rana Iradat Sharif Khan,PML-N,139434,1
NA-140,Raja Talia Saeed,Independent,104915,2
NA-140,Waseem Zafar,TLP,27025,3
NA-140,Junaid Mumtaz Joia,Independent,10377,4
NA-140,Shaukat Ali Bajwa,PPP,9214,5
NA-140,Muhammad Shahbaz,Independent,7791,6
NA-140,Saif Ali Sukhera,Independent,7435,7
NA-140,Saima Kashifa Tul Firdous,Independent,4790,8
NA-140,Imran Ali,Independent,4225,9
NA-140,Abdul Razzaq Khalil,JIP,2710,10
NA-140,Ahmad Zeeshan,PMML,2457,11
NA-140,Muhammad Naeem Ibrahim,Independent,648,12
NA-140,Chaudhary Muhammad Shahzad,Independent,508,13
NA-140,Muhammad Aslam Sukhera,Independent,359,14
NA-140,Ahmad Iqtidar Ashraf,Independent,325,15
NA-140,Syed Fahmeed Kamal,Independent,311,16
NA-140,Allah Ditta,Independent,270,17
NA-140,Rana Shahzad Hamid,Independent,210,18
NA-140,Nighat Rana,Independent,202,19
NA-140,Robina Ramzan,Independent,85,20
NA-140,Muhammad Murad,Independent,82,21
NA-140,Imbsat Khizra Rana,Independent,65,22
NA-141,Syed Imran Ahmad Shah,PML-N,118242,1
NA-141,Rana Aamir Shahzad Tahir,Independent,107060,2
NA-141,Muhammad Zaki Chaudhry,PPP,25627,3
NA-141,Abdul Qadir,TLP,14691,4
NA-141,Altaf Nawaz,Independent,6798,5
NA-141,Muhammad Rehmat Ullah,JIP,3430,6
NA-141,Muhammad Shahid Ali Chohan,Independent,2574,7
NA-141,Chaudhary Asif Ali,Independent,1193,8
NA-141,Rahila Khanum,PMML,845,9
NA-141,Rana Sher Khan,Independent,658,10
NA-141,Hafiz Khalid Mehmood Zafar,Independent,573,11
NA-141,Masood Akhtar,Independent,315,12
NA-141,Surkhab Sikandar,Independent,196,13
NA-141,Haroon Zaman Khagga,Independent,167,14
NA-141,Muhammad Nawaz,Independent,156,15
NA-141,Imran Ali Ghazali,Independent,83,16
NA-141,Muhammad Ali Shakoor,Independent,81,17
NA-141,Jahanzaib Rasool,Independent,62,18
NA-141,Muhammad Naeem Asif,Independent,49,19
NA-141,Mian Anwar Ul Haq Ramay,Independent,44,20
NA-141,Muhammad Umar Ishaq Chaudhary,Independent,21,21
NA-142,Usman Ali,Independent,107498,1
NA-142,Chaudhry Muhammad Ashraf,PML-N,96126,2
NA-142,Ayesha Arshad Khan Lodhi,Independent,29649,3
NA-142,Rai Munsaf Shabeer Ahmad,TLP,29349,4
NA-142,Mehar Ghulam Farid Kathiya,PPP,28191,5
NA-142,Malik Faisal Ahmad Dhakku,Independent,3697,6
NA-142,Qaisar Sardar,PMML,3642,7
NA-142,Muhammad Shahid Abbas,JIP,2493,8
NA-142,Zahid Iqbal,Independent,1681,9
NA-143,Rai Hassan Nawaz Khan,Independent,147887,1
NA-143,Chaudhary Muhammad Tufail Jatt,Independent,83806,2
NA-143,Malik Nauman Ahmed Langriyal,IPP,32273,3
NA-143,Ch. Zahid Iqbal,Independent,19990,4
NA-143,Majid Hussain Rizvi,TLP,17687,5
NA-143,Ali Javed,PPP,6363,6
NA-143,Rai Muhammad Iqbal Ahmad Khan,Independent,4698,7
NA-143,Faiz Miran Gujjar,JIP,3166,8
NA-143,Ch. Arshad Nawab,PMML,2813,9
NA-143,Naseem Aslam,Independent,812,10
NA-143,Raja Kamran Akhtar,Independent,672,11
NA-143,Ahmed Murtaza,Independent,576,12
NA-143,Salwat Shahzad Aziz,PAT,460,13
NA-143,Rai Muhammad Murtaza Iqbal,Independent,454,14
NA-143,Ahmad Ali Nasir,Independent,354,15
NA-143,Faisal Farrukh Nawab,Independent,352,16
NA-143,Yasar Altaf Rana,NP,220,17
NA-144,Muhammad Raza Hayat Hiraj,Independent,119133,1
NA-144,Syed Abid Hussain Imam,Independent,78384,2
NA-144,Syed Muhammad Mukhtar Hussain,PML-N,28838,3
NA-144,Muhammad Ahsan,Independent,22049,4
NA-144,Muhammad Zaman,PPP,7330,5
NA-144,Muhammad Mushtaq,TLP,4826,6
NA-144,Syed Fakhar Imam,Independent,1016,7
NA-144,Aamir Raza,Independent,990,8
NA-144,Shahbaz Ahmad Khan,Independent,839,9
NA-144,Manzoor Hussain,JIP,818,10
NA-144,Abdul Rauf,PMML,498,11
NA-144,Sultan Ahmad,Independent,457,12
NA-144,Abdul Khaliq Rehmani,PRP,279,13
NA-144,Irfan Ahmad,Independent,260,14
NA-145,Muhammad Khan Daha,PML-N,102952,1
NA-145,Abid Mehmood,Independent,56217,2
NA-145,Sardar Hamid Yar Hiraj,Independent,53132,3
NA-145,Muhammad Wakeel,TLP,14766,4
NA-145,Rana Abdul Rehman Khan,PPP,10583,5
NA-145,Abdul Hameed Alias Arfan,JIP,1299,6
NA-145,Choudhry Rafi Ahmed,Independent,668,7
NA-145,Shoaib Khan,Independent,599,8
NA-145,Imran Pervaiz,Independent,377,9
NA-145,Muhammad Tariq,Independent,374,10
NA-145,Humayun Khan,Independent,354,11
NA-145,Syed Muhammad Saqlain Shah,Independent,342,12
NA-145,Irfan Ahmad,Independent,84,13
NA-146,Zahoor Hussain Qureshi,Independent,112777,1
NA-146,Peer Muhammad Aslam Bodla Siddiqi,PML-N,104875,2
NA-146,Pir Muhammad Imran Shah Khagga,Independent,15437,3
NA-146,Hafiz Muhammad Imran Siddiq Gujjar,TLP,12863,4
NA-146,Chaudhary Shahid Bashir,PPP,12004,5
NA-146,Syed Ayaz Mahmood Gillani,Independent,3272,6
NA-146,Muhammad Munawar,PMML,3178,7
NA-146,Umar Draz,Independent,2161,8
NA-146,Usama Taimoor Khalid,Independent,1472,9
NA-146,Mufti Abdul Aziz,JUI-F,1394,10
NA-146,Mehr Ghulam Haider Sanpal,JIP,1234,11
NA-146,Sadaqat Hussain Shah,Independent,869,12
NA-146,Mian Noor Ahmed,PAT,504,13
NA-146,Rana Muhammad Imran,Independent,367,14
NA-146,Muhammad Afzal Kaifi,Independent,202,15
NA-146,Amir Hussain,Independent,137,16
NA-146,Kanwar Tahseen Ashraf,Independent,129,17
NA-146,Muhammad Yousaf Khan,Independent,120,18
NA-146,Mazhar Hussain,Independent,112,19
NA-146,Aamir Aziz,Independent,100,20
NA-147,Chaudry Iftikhar Nazir,PML-N,107933,1
NA-147,Naveed Hameed,Independent,83813,2
NA-147,Muhammad Ayaz Khan Niazi,IPP,61824,3
NA-147,Ghulam Abbas,TLP,14057,4
NA-147,Atta Ur Rehman,Independent,3059,5
NA-147,Muhammad Hussain Khan Niazi,Independent,2930,6
NA-147,Junaid Javed,Independent,1607,7
NA-147,Abdul Hameed Alias Arfan,JIP,1355,8
NA-147,Muhammad Shamshad,PMML,1145,9
NA-147,Hamza Humayun Khan,Independent,488,10
NA-147,Humayun Khan,Independent,400,11
NA-147,Chaudhary Zulfqar Ali Siddhu,Independent,367,12
NA-147,Rao Muhammad Arif,Independent,214,13
NA-147,Muhammad Jamil Shah,Independent,209,14
NA-148,Syed Yousuf Raza Gilani,PPP,68110,1
NA-148,Barrister Taimur Altaf Malik,Independent,67979,2
NA-148,Malik Ahmad Hussain Dehr,PML-N,58525,3
NA-148,Malik Azhar Ahmad Sandila,TLP,12550,4
NA-148,Asif Nazar,Independent,4459,5
NA-148,Muhammad Atif Imran,JIP,2465,6
NA-148,Rana Jang Sher Ali,Independent,2082,7
NA-148,Sajjad Ahmad,JUI-F,1218,8
NA-148,Syed Azhar Abbas Haider,Independent,511,9
NA-148,Saqib Mehmood Mahay,Independent,454,10
NA-148,Muhammad Fahad Saleem,Independent,310,11
NA-148,Aneela Iftikhar,PML-Q,260,12
NA-148,Qaiser Ali Haider Mahay,Independent,192,13
NA-149,Malik Mohammad Amir Dogar,Independent,143692,1
NA-149,Jahangir Khan Tareen,IPP,50175,2
NA-149,Rizwan Ahmad Makki Haans,PPP,14662,3
NA-149,Zahid Hameed Gujjar,TLP,10659,4
NA-149,Muhammad Safdar Iqbal,JIP,6814,5
NA-149,Muhammad Naheed,Independent,3601,6
NA-149,Mazhar Abbas,Independent,846,7
NA-149,Shah Jahan,Independent,469,8
NA-149,Muhammad Ismail,Independent,448,9
NA-149,Makhdoom Muhammad Javed Hashmi,Independent,357,10
NA-149,Javed Ali,Independent,345,11
NA-149,Shoaib Amjad Pervaiz,APMM,308,12
NA-149,Zafar Iqbal,SDP,301,13
NA-149,Muhammad Usman Dogar,Independent,184,14
NA-149,Umair Farooq,Independent,143,15
NA-149,Muhammad Sadiq Serani,JUP-N,138,16
NA-149,Muhammad Rashid Saleem Khanzada,MQM,119,17
NA-149,Ejaz Hussain Janjua,Independent,74,18
NA-150,Makhdoom Zain Hussain Qureshi,Independent,126775,1
NA-150,Javed Akhtar Ansari,PML-N,76760,2
NA-150,Rana Mahmood Ul Hassan,PPP,25553,3
NA-150,Muhammad Hussain Babar,TLP,9936,4
NA-150,Naveed Ul Haq,Independent,4058,5
NA-150,Muhammad Kashif,JIP,2277,6
NA-150,Sohail Ahmad,PMML,1149,7
NA-150,Rana Shahid Mehmood,Independent,533,8
NA-150,Rana Nadeem Ahmad,Independent,282,9
NA-150,Muhammad Javed,Independent,269,10
NA-150,Rana Anas Sajjad,Independent,263,11
NA-150,Muhammad Rehan Joyia,Independent,222,12
NA-150,Rana Sajjad Hussain,Independent,210,13
NA-150,Muhammad Waseem Thaheem,Independent,142,14
NA-150,Abdul Waheed Chaudhry,Independent,86,15
NA-150,Sheheryar Khan,ANP,65,16
NA-151,Syed Ali Moosa Gilani,PPP,79082,1
NA-151,Mehar Bano Qureshi,Independent,71659,2
NA-151,Malik Abdul Ghaffar Dogar,PML-N,71466,3
NA-151,Irshad Ali Babar,TLP,10271,4
NA-151,Rao Muhammad Mustaqeem,Independent,1960,5
NA-151,Muhammad Bilal,JIP,1555,6
NA-151,Saeed Ahmad Khalid,PMML,1119,7
NA-151,Arif Mansoor Hayat,Independent,442,8
NA-151,Muhammad Ramzan,Independent,342,9
NA-152,Syed Abdul Qadir Gilani,PPP,97065,1
NA-152,Syed Jawaid Ali Shah,PML-N,71376,2
NA-152,Muhammad Imran Shaukat Khan,Independent,62166,3
NA-152,Syed Atta Ullah Shah,TLP,18428,4
NA-152,Zain Ali Shah,Independent,4233,5
NA-152,Rana Ejaz Ahmad Noon,Independent,4196,6
NA-152,Abdul Waheed Akhtar,JIP,2052,7
NA-152,Irfan Shaukat Khan,Independent,1300,8
NA-152,Muhammad Amir Ghani,Independent,794,9
NA-152,Rana Talal Ahmad Noon,Independent,689,10
NA-152,Muhammad Arshad Bhatti,PMML,657,11
NA-152,Rana Mehmood Ul Hassan,Independent,652,12
NA-152,Rana Shahid Mehmood,Independent,308,13
NA-152,Muhammad Huzaifa Ghani,Independent,272,14
NA-152,Ashiq Ali,JUP-N,213,15
NA-152,Syed Ghulam Shabbir Shah,PTI-N,179,16
NA-153,Rana Muhammad Qasim Noon,PML-N,95202,1
NA-153,Dewan Ashiq Hussain Bukhari,Independent,49104,2
NA-153,Qasim Abbas Khan,Independent,47881,3
NA-153,Riaz Hussain Laang,Independent,39694,4
NA-153,Hamid Ali,PPP,17628,5
NA-153,Syed Shahid Zahoor Gilani,TLP,10532,6
NA-153,Rana Ghazanfar Ali Pehlwan,Independent,3244,7
NA-153,Muhammad Abbas Bokhari,Independent,2685,8
NA-153,Muhammad Iqbal,TTNP,1251,9
NA-153,Azhar Ul Haq,JIP,1109,10
NA-153,Ahmad Abbas Khakhi,Independent,1099,11
NA-153,Malik Muhammad Akram Kanhoon,Independent,762,12
NA-153,Naghma Mushtaq Laang,Independent,682,13
NA-153,Muhammad Nazik Kareem,Independent,480,14
NA-153,Tanveer Iqbal,Independent,322,15
NA-153,Siddique Ahmad,Independent,313,16
NA-153,Rana Ejaz Ahmed Noon,Independent,303,17
NA-153,Muhammad Ayub,JUP-N,216,18
NA-153,Mehdi Abbas Khan,Independent,166,19
NA-154,Abdul Rehman Khan Kanju,PML-N,127984,1
NA-154,Rana Muhammad Faraz Noon,Independent,120683,2
NA-154,Imdad Ullah Abbasi,PPP,16783,3
NA-154,Muhammad Zubair,TLP,13930,4
NA-154,Rana Muhammad Afzal Noon,Independent,4701,5
NA-154,Zafar Iqbal,Independent,1002,6
NA-154,Asmat Bibi,PMML,482,7
NA-154,Irfan Ahmed,Independent,428,8
NA-154,Muhammad Ajmal Kanju,Independent,210,9
NA-154,Muhammad Akhtar Khan Kanju,Independent,133,10
NA-155,Khan Muhammad Saddique Khan Baloch,PML-N,117687,1
NA-155,Jahangir Khan Tareen,IPP,71131,2
NA-155,Muhammad Qasim,Independent,53174,3
NA-155,Rana Muhammad Rafiq,TLP,14366,4
NA-155,Ghulam Mustafa,Independent,11461,5
NA-155,Muhammad Azhar,PPP,9004,6
NA-155,Iffat Tahira Somro,Independent,2593,7
NA-155,Saleem Abbas,SDP,1980,8
NA-155,Zia Ur Rehman Tamini,JUI-F,1505,9
NA-155,Muhammad Umair Baloch,Independent,1384,10
NA-155,Mudassir Jahanzib Shah,Independent,1126,11
NA-155,Ahmed Deen Malik,PML-Z,545,12
NA-155,Muhammad Iqbal Shah,Independent,526,13
NA-155,Sajid Iqbal,PMML,452,14
NA-155,Waseem Ahmad,PPAP-A,376,15
NA-155,Muhammad Akram Qaiser,Independent,300,16
NA-155,Syed Ali Muhammad Shah Bukhari,Independent,206,17
NA-156,Ayesha Nazir Jatt,Independent,119758,1
NA-156,Chaudhry Nazeer Ahmad Arrain,PML-N,90065,2
NA-156,Shehbaz Ahmad,TLP,18640,3
NA-156,Ch. Irshad Ahmad Arain,Independent,13860,4
NA-156,Kamran Yousaf Ghuman,PPP,5187,5
NA-156,Shaheen Iqbal,JUI-F,2502,6
NA-156,Anam Hamza Dogar,JIP,2376,7
NA-156,Muhammad Abu Zar Saleem,PMML,1644,8
NA-156,Abdul Basit Sattar,Independent,473,9
NA-156,Umar Usman,Independent,265,10
NA-156,Asghar Ali,Independent,183,11
NA-157,Syed Sajid Mehdi,PML-N,99615,1
NA-157,Sabeen Safdar,Independent,80187,2
NA-157,Bilal Akbar Bhatti,Independent,31386,3
NA-157,Muhammad Ali Langrial,TLP,24954,4
NA-157,Muhammad Akram,Independent,4760,5
NA-157,Adnan Hameed,Independent,3546,6
NA-157,Amjad Hameed Chohan,Independent,939,7
NA-157,Syed Salman Shahid Mehdi,Independent,664,8
NA-157,Mubashir Iqbal,Independent,535,9
NA-157,Syed Shahid Mehdi Naseem,Independent,492,10
NA-157,Umar Nazir Chaudhry,Independent,370,11
NA-157,Qudsia Sajid,Independent,312,12
NA-157,Syed Muhammad Ismail Shah,Independent,199,13
NA-157,Tahir Anwar Wahla,Independent,116,14
NA-157,Muhammad Sohail Akhter,TJP,112,15
NA-158,Begum Tehmina Doultana,PML-N,111219,1
NA-158,Tahir Iqbal Chaudhry,Independent,103137,2
NA-158,Syed Muhammad Ismail Shah,TLP,18756,3
NA-158,Aftab Ahmad Khan Khichi,Independent,12736,4
NA-158,Sagheer Ahmad,Independent,5142,5
NA-158,Muhammad Kashif Mushtaq Bhabha,PPP,3393,6
NA-158,Kamran Irshad,Independent,1672,7
NA-158,Syed Javed Hussain Bhatti,JIP,1540,8
NA-158,Nairab Khurshid,Independent,1456,9
NA-158,Salma Bibi,PMML,1346,10
NA-158,Muhammad Naveed Akhtar,PAT,669,11
NA-158,Zahid Iqbal Chaudhry,Independent,286,12
NA-158,Muhammad Sajid,Independent,246,13
NA-158,Muhammad Arif,Independent,210,14
NA-158,Ghayoor Aslam Mujeeb,Independent,121,15
NA-159,Aurangzeb Khan Khichi,Independent,116302,1
NA-159,Saeed Ahmad Khan Manais,PML-N,96637,2
NA-159,Mahmood Hayat Khan Tochi Khan,PPP,26804,3
NA-159,Muhammad Iqbal,TLP,12660,4
NA-159,Syed Muhammad Athar,JUI-F,4569,5
NA-159,Abdullah Hayat Khan,Independent,1778,6
NA-159,Sajid Bashir,PMML,1612,7
NA-159,Anwar Ahmad Khan,Independent,1265,8
NA-159,Mohammad Riaz,JIP,1072,9
NA-159,Rao Dill Nawaz,Independent,349,10
NA-159,Farid Ahmed Yasin Khan,Independent,333,11
NA-159,Muhammad Alamgir Khan Khichi,Independent,275,12
NA-159,Aasim Saeed Khan,Independent,239,13
NA-159,Muhammad Farooq,Independent,232,14
NA-159,Salman Ali Bhabha,Independent,119,15
NA-160,Muhammad Abdul Ghafar Wattoo,PML-N,118557,1
NA-160,Syed Muhammad Asghar Shah,Independent,110492,2
NA-160,Hafiz Muhammad Saad,TLP,21967,3
NA-160,Noor Muhammad Ghafari,Independent,8498,4
NA-160,Muhammad Adam Riaz,Independent,874,5
NA-160,Nazar Muhammad alias Ahmad Nadeem,Independent,465,6
NA-160,Fakhar Ud Din,Independent,383,7
NA-160,Muhammad Umar Zaman Laleka,Independent,354,8
NA-160,Safoora Naqeeb,Independent,258,9
NA-160,Aftab Ahmad Joiya,Independent,242,10
NA-160,Muhammad Aasim,TAP,141,11
NA-161,Alam Dad Laleka,PML-N,100679,1
NA-161,Shahid Amin,Independent,81772,2
NA-161,Aftab Ahmad Joiya,TLP,25698,3
NA-161,Arslan Khan Khakwani,JIP,11153,4
NA-161,Najeeb Ur Rahman,PPP,9661,5
NA-161,Ehtsham Ul Haq Laleka,Independent,3617,6
NA-161,Abdul Khaliq,JUI-F,2567,7
NA-161,Hafiz Ameer Hamza,PMML,1162,8
NA-161,Imtiaz Alam,HKP,939,9
NA-161,Muhammad Abbas,Independent,812,10
NA-161,Nazar Muhammad (Ahmad Nadeem),Independent,789,11
NA-161,Fazal Mehmood,Independent,621,12
NA-161,Hafiz Muhammad Sabir,Independent,611,13
NA-161,Ahmad Rasheed,Independent,586,14
NA-161,Muhammad Ajmal Qadri,JUI-N,524,15
NA-161,Talib Hussain,Independent,497,16
NA-161,Muhammad Aslam,Independent,311,17
NA-161,Rao Sami Ullah,Independent,262,18
NA-161,Syed Fazal Mehmood Shah,Independent,185,19
NA-161,Rana Atif Rauf,Independent,110,20
NA-162,Chaudhary Ehsan Ul Haq Bajwa,PML-N,114379,1
NA-162,Khalil Ahmed,Independent,97980,2
NA-162,Muhammad Allah Dad Cheema,PML-Z,24475,3
NA-162,Muhammad Athar,TLP,14097,4
NA-162,Mian Muhammad Ali Laleka,PPP,8722,5
NA-162,Imran Hussain Chattha,Independent,1697,6
NA-162,Muhammad Ijaz Ul Haq,Independent,1641,7
NA-162,Suraiya Sultana,Independent,1012,8
NA-162,Iftkhar Nadeem,JIP,949,9
NA-162,Asad Ali Khan,Independent,580,10
NA-162,Khadija Khanum,Independent,473,11
NA-162,Khalid Hussain,Independent,437,12
NA-162,Kashif Sana,Independent,356,13
NA-162,Mariam Tahir,Independent,255,14
NA-162,Ghulam Murtaza,Independent,216,15
NA-162,Shahzad Mahmood,Independent,192,16
NA-162,Zafar Iqbal Chaudhry,Independent,70,17
NA-163,Muhammad Ijaz Ul Haq,PML-Z,84343,1
NA-163,Ch. Shoukat Mehmood Basra,Independent,75198,2
NA-163,Noor Ul Hassan Tanvir,PML-N,72182,3
NA-163,Pir Hafiz Muhammad Ahmad Bukhari,TLP,19280,4
NA-163,Chaudhary Shahid Anjum,KI,5676,5
NA-163,Mian Aitzaz Rasheed,PPP,5619,6
NA-163,Israr Hasan,Independent,3162,7
NA-163,Waheed Ahmad,JUI-F,2340,8
NA-163,Muhammad Umar Farooq Ramay,JIP,1616,9
NA-163,Fatima Tahir Cheema,Independent,1539,10
NA-163,Khalid Hussain,Independent,1047,11
NA-163,Hafiz Ameer Hamza,PMML,840,12
NA-163,Munawar Ali Naveed,Independent,557,13
NA-163,Muhammad Aamir Watto,Independent,426,14
NA-163,Mian Abdul Wahid,Independent,302,15
NA-163,Mian Abdul Rasheed,Independent,222,16
NA-163,Tallat Mehmood,Independent,161,17
NA-163,Zafar Iqbal Chaudhry,Independent,132,18
NA-163,Abdul Mannan,Independent,41,19
NA-164,Mian Riaz Hussain Pirzada,PML-N,123377,1
NA-164,Malik Ejaz Ahmad Gaddan,Independent,117176,2
NA-164,Syed Irfan Ahmed Gardezi,PPP,12565,3
NA-164,Qari Ghulam Farid,TLP,9464,4
NA-164,Choudhary Aasim Ayaz,Independent,7315,5
NA-164,Iftikhar Ahmad Shaikh,JIP,1965,6
NA-164,Muhammad Amjad,PMML,1331,7
NA-164,Malik Muhammad Naeem,Independent,1117,8
NA-164,Sayed Ali Zain Bukhari,Independent,608,9
NA-164,Faryad Hussain,Independent,597,10
NA-164,Muhammad Afzal Dharala,Independent,315,11
NA-164,Rao Tariq Mahmood,Independent,266,12
NA-164,Syed Gulam Abbas Shah,Independent,253,13
NA-165,Tariq Bashir Cheema,PML-Q,116571,1
NA-165,Ch. Saud Majeed,Independent,105758,2
NA-165,Basharat Ali,Independent,50349,3
NA-165,Muhammad Arshad,TLP,11391,4
NA-165,Muhammad Yousaf,Independent,5224,5
NA-165,Quttab Din,PPP,3162,6
NA-165,Muhammad Safdar Shahbaz,JUI-F,1618,7
NA-165,Hassan Raza,Independent,1237,8
NA-165,Wali Daad Cheema,Independent,913,9
NA-165,Muhammad Hakim Ali Randhawa,Independent,892,10
NA-165,Irfan Aslam Chaudhry,JIP,748,11
NA-165,Lala Akmal Lal Bheel,Independent,707,12
NA-165,Khalil Ahmad,Independent,564,13
NA-165,Farzana Rauf,Independent,220,14
NA-165,Iftkhar Ahmed,Independent,108,15
NA-166,Makhdoom Syed Sami Ul Hassan Gillani,PML-N,62157,1
NA-166,Prince Bahawal Khan Abbasi,Independent,48606,2
NA-166,Makhdoom Syed Ali Hassan Gillani,PPP,48380,3
NA-166,Kanwal Shauzab,Independent,35407,4
NA-166,Sayed Ishrat Jahanian Bukhari,TLP,7630,5
NA-166,Saif ur Rahman Rasheed,JUI-F,4865,6
NA-166,Raheem Baksh,PKI-CA,2033,7
NA-166,Haider Ali Khalid,Independent,1486,8
NA-166,Sheikh Muhammad Hassan Ali,Independent,1127,9
NA-166,Mehar Muhammad Mujahid,PMML,525,10
NA-166,Malik Khalid Mehmood Babar,Independent,416,11
NA-166,Malik Jahanzaib Warran,TJP,172,12
NA-167,Muhammad Usman Awaisi,PML-N,88670,1
NA-167,Malik Aamir Yar Warn,Independent,64037,2
NA-167,Mahboob Ahmad,Independent,35446,3
NA-167,Shah Rukh Malik,PPP,23645,4
NA-167,Muhammad Akhtar Abbasi,TLP,11134,5
NA-167,Muhammad Safdar Shahbaz,JUI-F,5271,6
NA-167,Malik Ahmad Yar,Independent,2758,7
NA-167,Mian Najeeb Ud Din Awaisi,Independent,1075,8
NA-167,Shafqat Shabeen,Independent,681,9
NA-167,Sheikh Dilshad Ahmad,Independent,465,10
NA-167,Syed Ejaz Hussain,Independent,390,11
NA-168,Malik Muhammad Iqbal Channar,PML-N,122302,1
NA-168,Samiullah Chaudhary,Independent,50360,2
NA-168,Hussain Ahmad Madni,PPP,9461,3
NA-168,Syed Muhammad Irfan Shah,TLP,7644,4
NA-168,Kamran Malik,JIP,6702,5
NA-168,Muhammad Safdar Shahbaz,JUI-F,3726,6
NA-168,Muhammad Saif Ullah Saif,PMML,1291,7
NA-168,Munawar Hayyat Abbasi,Independent,685,8
NA-168,Sumera Sami,Independent,633,9
NA-168,Chaudhary Tariq Bashir Cheema,PML-Q,359,10
NA-168,Muhammad Nabeel ur Rehman,Independent,323,11
NA-168,Jam Iqbal Haider,Independent,308,12
NA-168,Rabia Ateeq,Independent,304,13
NA-168,Muhammad Bilal Goheer,Independent,291,14
NA-168,Muhammad Bilal Balouch,Independent,265,15
NA-168,Khalid Mehmood Somra,Independent,258,16
NA-168,Asia Kamil,Independent,248,17
NA-168,Sahibzada Muhammad Omar Abbasi,Independent,200,18
NA-168,Alampir Mansha,Independent,184,19
NA-168,Muhammad Asad Shakir,Independent,161,20
NA-168,Syed Tabish Alvari,Independent,159,21
NA-168,Qayyum Azam Khan,Independent,155,22
NA-168,Saqib Tariq,Independent,126,23
NA-168,Abdul Qadir Khan Abbasi,Independent,106,24
NA-169,Makhdoomzada Syed Murtaza Mahmood,PPP,81187,1
NA-169,Syed Mubeen Ahmed,PML-N,73533,2
NA-169,Raja Muhammad Saleem,Independent,70823,3
NA-169,Rashid Rafiq,Independent,5676,4
NA-169,Muhammad Sohail Manzoor,TLP,5324,5
NA-169,Shameel Mirza,Independent,3543,6
NA-169,Robina Naz,Independent,3488,7
NA-169,Muhammad Asad Nawaz,Independent,3006,8
NA-169,Chaudhry Masood Ahmad,Independent,2670,9
NA-169,Mulazeem Hussain Awan,Independent,2659,10
NA-169,Asghar Ali Nasir,JUI-F,1337,11
NA-169,Muhammad Sami ul Qazi,JIP,1262,12
NA-169,Sardar Khurram Shahzad Khan Dahir,Independent,375,13
NA-169,Syed Baqir Hussain Shah,Independent,219,14
NA-169,Zulfiqar Ali Khan,Independent,152,15
NA-170,Mian Ghous Muhammad,Independent,113336,1
NA-170,Sheikh Fayyaz uddin,PML-N,79144,2
NA-170,Syed Hamid Saeed Kazmi,PPP,35549,3
NA-170,Hafiz Muhammad Ahmad Bukhari,TLP,6635,4
NA-170,Muhammad Arshad,Independent,2019,5
NA-170,Mian Abdul Hanan,Independent,1808,6
NA-170,Muhammad Tariq Javed,JIP,1738,7
NA-170,Muhammad Yousaf Sial,Independent,994,8
NA-170,Muhammad Nadeem Tabasum,PMML,793,9
NA-170,Muhammad Majeed,PSDP,686,10
NA-170,Ammad Ud Din,Independent,610,11
NA-170,Raja Muhammad Saleem,Independent,440,12
NA-170,Sabir Ali,Independent,254,13
NA-170,Hussain Majid,Independent,247,14
NA-170,Fayyaz Ahmad,Independent,158,15
NA-171,Mumtaz Mustafa,Independent,103834,1
NA-171,Makhdum Hashim Jawan Bakht,Independent,56028,2
NA-171,Makhdoom Tahir Rashid ud Din Shah,PPP,49019,3
NA-171,Makhdoom Moein ud Din Ali Hashmi,PML-N,10645,4
NA-171,Allama Muhammad Farooq ul Hassan,TLP,9146,5
NA-171,Shafiq Ahmad Rauf,JIP,2387,6
NA-171,Makhdoom Hassan Raza Hashmi,Independent,1632,7
NA-171,Ahmad Khan,Independent,1609,8
NA-171,Shahid Nawaz,Independent,1031,9
NA-171,Rashid Saeed Khan,Independent,461,10
NA-171,Samina Bibi,Independent,405,11
NA-172,Javed Iqbal Waraich,Independent,129727,1
NA-172,Mian Imtiaz Ahmad,PML-N,84893,2
NA-172,Choudhary Zafar Iqbal Warriach,PPP,21080,3
NA-172,Muhammad Abbas,TLP,9275,4
NA-172,Dr. Anwar ul Haq,JIP,3935,5
NA-172,Anwaar Ahmad Najmee,Independent,1767,6
NA-172,Noor Ahmad Sial,JUP-N,1215,7
NA-172,Saif Ullah,PMML,926,8
NA-172,Hasnain Waraich,Independent,344,9
NA-172,Muhammad Amin Baig,Independent,305,10
NA-172,Shahzaib Javed,Independent,268,11
NA-172,Rana Raheel Ahmad Khan,Independent,91,12
NA-173,Syed Mustafa Mehmood,PPP,83120,1
NA-173,Barrister Muhammad Nabeel Dahar,Independent,80304,2
NA-173,Uzair Tariq,PML-N,47298,3
NA-173,Allah Baksh,TLP,9625,4
NA-173,Zubair Tariq,Independent,2402,5
NA-173,Muhammad Arshad Khan Laghari,Independent,2242,6
NA-173,Raees Muhammad Hamza,Independent,1965,7
NA-173,Muhammad Zakriya,JUI-F,1939,8
NA-173,Bilal Ahmad,Independent,1787,9
NA-173,Tasnim Khursheed,JIP,1433,10
NA-173,Aamir Nazir,Independent,1171,11
NA-173,Rais Muhammad Mehboob Ahmad,Independent,1052,12
NA-173,Syed Zulfiqar Haider Shah,Independent,771,13
NA-173,Muhammad Safdar Khan Leghari,Independent,700,14
NA-173,Ruqaiya Bibi,PMML,543,15
NA-173,Maryam Batool,Independent,294,16
NA-173,Shakeel Ahmad,Independent,151,17
NA-174,Muhammad Azhar Khan Leghari,PML-N,78680,1
NA-174,Syed Usman Mehmood,PPP,71559,2
NA-174,Rais Muhammad Mehboob Ahmad,Independent,67358,3
NA-174,Nadeem Abbas Cheema,Independent,16802,4
NA-174,Allah Baksh,TLP,8173,5
NA-174,Saeed Ahmad,JIP,3045,6
NA-174,Muhammad Ahmad Khan,Independent,2831,7
NA-174,Muhammad Arshad Khan Laghari,Independent,2049,8
NA-174,Chudhary Muhammad Shafique Anwar,Independent,1130,9
NA-174,Syed Muhammad Hussain,Independent,1113,10
NA-174,Asma Ilyas,Independent,717,11
NA-174,Rais Muhammad Hamza,Independent,658,12
NA-174,Rais Nabeel Ahmad,Independent,518,13
NA-174,Rais Munir Ahmad,Independent,489,14
NA-175,Jamshed Ahmad Khan Dasti,Independent,113391,1
NA-175,Mehar Irshad Ahmad Khan Sial,PPP,72058,2
NA-175,Hammad Nawaz Khan Tipu,PML-N,47426,3
NA-175,Muhammad Yar Mehboob Ghazi Khar,TLP,9941,4
NA-175,Sardar Abdul Hai Dasti,Independent,6274,5
NA-175,Dr. Sohail Alam,Independent,2660,6
NA-175,Shoaib Kamran Khan Qalandrani,Independent,1740,7
NA-175,Najam Ul Hassan,Independent,1703,8
NA-175,Muhammad Ajmal Khan,PMML,1660,9
NA-175,Syed Abdul Wadood Azad,JUI-F,1240,10
NA-175,Rana Muhammad Afzal,JIP,1238,11
NA-175,Mian Muhammad Ayub Qureshi,Independent,1230,12
NA-175,Muhammad Farhan Khan Shehryar,Independent,1038,13
NA-175,Ameer Akbar Sial,Independent,873,14
NA-175,Muhammad Usman Farooq Baloch,Independent,770,15
NA-175,Samad Raza,Independent,690,16
NA-175,Khadim Hussain Ghouri,Independent,576,17
NA-175,Nazia,Independent,559,18
NA-175,Shaista Kanwal,Independent,451,19
NA-175,Mute Ur Rahman,Independent,299,20
NA-175,Muhammad Zahid,Independent,218,21
NA-175,Fazal Ur Rahman,MQM,189,22
NA-175,Muhammad Naved Asghar,Independent,187,23
NA-175,Syed Ghulam Ali Bukhari,Independent,180,24
NA-175,Mehr Muhammad Javed Hasan,Independent,166,25
NA-175,Zulfiqar Ali Dasti,PAAM,142,26
NA-175,Sajid Waheed Khan,Independent,78,27
NA-176,Nawabzada Iftikhar Ahmed Khan Babar,PPP,53944,1
NA-176,Makhdoomzada Syed Basit Ahmad Sultan Bukhari,PML-N,43711,2
NA-176,Nazia Jamshid Dasti,Independent,35475,3
NA-176,Malik Ahmad Kareem Qaswar Langrial,Independent,32246,4
NA-176,Nawabzada Muhammad Ahmad Khan Babar,Independent,31130,5
NA-176,Rana Abdul Wahab,TLP,15428,6
NA-176,Nawabzada Bilal Ahmad Khan,Independent,6582,7
NA-176,Muhammad Ghayour,Independent,2811,8
NA-176,Syeda Shehr Bano Bukhari,Independent,1910,9
NA-176,Mian Muhammad Imran,Independent,1316,10
NA-176,Nawabzada Mansoor Ahmad Khan,Independent,897,11
NA-176,Jamshed Ahmed Khan Dasti,Independent,695,12
NA-176,Muhammad Shahid,Independent,449,13
NA-176,Samad Raza,Independent,280,14
NA-176,Shaista Kanwal,Independent,251,15
NA-176,Mustafa Ahmad,Independent,232,16
NA-176,Humaira Ahmad,Independent,222,17
NA-176,Bilal Hussain,Independent,166,18
NA-176,Allah Bachaya,Independent,163,19
NA-176,Malik Anayat Ullah Khokhar,ATP,148,20
NA-176,Muhammad Azeem Ayub Qureshi,Independent,148,21
NA-177,Muhammad Muazzam Ali Khan Jatoi,Independent,114057,1
NA-177,Syeda Shehr Bano Bokhari,PML-N,68333,2
NA-177,Rao Atif Ali Khan,TLP,15682,3
NA-177,Muhammad Zafar Ullah Khan Laghari,PPP,5606,4
NA-177,Liaqat Ali,Independent,5032,5
NA-177,Syed Haroon Ahmad Sultan Bukhari,JUI-F,4405,6
NA-177,Ashiq Hussain Khan,Independent,4180,7
NA-177,Shahzaib Ahmad,Independent,1531,8
NA-177,Muhammad Zia Ullah Khan Jatoi,Independent,1180,9
NA-177,Muhammad Zahid,JIP,506,10
NA-177,Syed Basit Ahmad Sultan Bukhari,Independent,435,11
NA-177,Zareena Kausar,Independent,425,12
NA-177,Muhammad Ibraheem,Independent,405,13
NA-177,Allah Wasaya alias Sardar Chunnu Khan Leghari,Independent,378,14
NA-177,Muhammad Abdullah Fahad Langrial,Independent,318,15
NA-177,Muhammad Dawood Khan Jatoi,Independent,296,16
NA-177,Rana Aman Ullah Aamir,Independent,250,17
NA-177,Muhammad Yahya Abbasi,Independent,196,18
NA-177,Abdul Hai,Independent,192,19
NA-177,Syed Muhammad Raham Ali Bukhari,Independent,157,20
NA-177,Muhammad Asif Saleem,Independent,135,21
NA-177,Muhammad Qasim,Independent,122,22
NA-177,Zahra Bibi,Independent,56,23
NA-178,Amir Talal Gopang,PML-N,114678,1
NA-178,Abdul Qayyom Khan Jatoi,Independent,88404,2
NA-178,Muhammad Shafi Khan,TLP,9992,3
NA-178,Syed Javed Saeed Kazmi,Independent,6950,4
NA-178,Yassir Arafat Khan,Independent,1519,5
NA-178,Abdul Rahman,JIP,1098,6
NA-178,Sardar Ashiq Hussain Goppang,Independent,819,7
NA-178,Muhammad Dawood Khan Jatoi,Independent,806,8
NA-178,Syed Basit Ahmad Sultan Bukhari,Independent,452,9
NA-178,Ghous Bakhsh Fareedi,JUP-N,408,10
NA-179,Mian Muhammad Shabbir Ali Qureshi,Independent,104329,1
NA-179,Malik Ghulam Qasim Hanjra,PML-N,83851,2
NA-179,Syed Muhammad Sarwar Shah,TLP,11836,3
NA-179,Tahir Mehmood,Independent,4295,4
NA-179,Mian Amjad Abbas Qureshi,PPP,4102,5
NA-179,Syed Muhammad Shahbaz Ghous Bukhari,Independent,2543,6
NA-179,Saddam Ul Haq,JIP,801,7
NA-179,Imran Ali,PMML,678,8
NA-179,Ghulam Shabbir,PRP,645,9
NA-179,Malik Tahir Sultan Meladi Khar,Independent,457,10
NA-179,Khalida Perveen,Independent,444,11
NA-179,Abdul Salam,SKQM,272,12
NA-179,Muhammad Sajjad Shahid,Independent,205,13
NA-179,Muhammad Ashraf Khan Rind,Independent,175,14
NA-179,Muhammad Suleman,Independent,154,15
NA-179,Rabia Malik,Independent,136,16
NA-179,Muhammad Asif Khan,Independent,122,17
NA-179,Benazir Fatima Qurashi,Independent,112,18
NA-179,Muhammad Arshad Siddiqui,Independent,97,19
NA-179,Muhammad Tayyab Tahir Pattal,Independent,94,20
NA-179,Safdar Abbas Chandia,Independent,81,21
NA-179,Muhammad Asghar,Independent,78,22
NA-179,Rauf Ur Rehman,Independent,47,23
NA-180,Mian Fiaz Hussain,Independent,96275,1
NA-180,Malik Raza Rabani Khar,PPP,49515,2
NA-180,Mufti Allah Bachaya Qadri,TLP,18960,3
NA-180,Malik Abdul Khaliq Khar,PML-N,15648,4
NA-180,Mian Tariq Ahmad Gurmani,Independent,3363,5
NA-180,Muhammad Kashif,Independent,2732,6
NA-180,Ghulam Shabbir,PRP,2038,7
NA-180,Malik Bilal Ahmad Khar,Independent,1624,8
NA-180,Mubashir Fiaz,Independent,1149,9
NA-180,Ishfaq Ahmad,Independent,1028,10
NA-180,Muhammad Zeeshan Gurmani,Independent,920,11
NA-180,Mian Aamir Sultan Goraya,Independent,821,12
NA-180,Khalil Ur Rehman Khan Gurmani,Independent,813,13
NA-180,Mahboob Ali,Independent,669,14
NA-180,Muhammad Shabbir Ali Qureshi,Independent,523,15
NA-180,Muhammad Arif Khan Baloch,Independent,505,16
NA-180,Imtiaz Hussain,Independent,496,17
NA-180,Ali Abbas Qureshi,Independent,430,18
NA-180,Muhammad Asghar,Independent,392,19
NA-180,Mussarrat Farooq Khar,Independent,202,20
NA-180,Malik Muhammad Mudassir Abbas Khar,Independent,191,21
NA-180,Zaffar Iqbal Gurmani,PIRP,109,22
NA-180,Muhammad Nadeem Kausar,Independent,105,23
NA-180,Malik Ghulam Mustafa Khar,Independent,91,24
NA-180,Ayunia Mustafa Khar,Independent,80,25
NA-180,Sooba Khan,Independent,79,26
NA-180,Muhammad Sheraz,Independent,60,27
NA-181,Umber Majeed Niazi,Independent,120544,1
NA-181,Sahibzada Faiz ul Hassan Sewag,PML-N,95109,2
NA-181,Bahadur Ahmad Khan Sehar,PPP,70936,3
NA-181,Muhammad Shahid Iqbal,TLP,15385,4
NA-181,Altaf Hussain,Independent,11895,5
NA-181,Sahibzada Mahboob ul Hassan,Independent,5883,6
NA-181,Aiman Javed,IPP,2025,7
NA-181,Faheem Ul Hassan,Independent,1693,8
NA-181,Syed Rafaqat Ali Gillani,Independent,1327,9
NA-181,Altaf Hussain,Independent,990,10
NA-181,Muhammad Duriyab Mehwish,Independent,794,11
NA-181,Shakeela Yasmeen,PMML,743,12
NA-181,Bushra Bibi,Independent,677,13
NA-181,Waseem Ul Hassan,Independent,480,14
NA-182,Awais Haider Jhakkar,Independent,141973,1
NA-182,Pir Syed Muhammad Saqlain Bukhari,PML-N,118686,2
NA-182,Muhammad Ramzan,PPP,21365,3
NA-182,Iftikhar Ali Babar Khitran,Independent,12238,4
NA-182,Muhammad Yousaf,TLP,10589,5
NA-182,Noor Mahboob,Independent,8387,6
NA-182,Nisar Ahmad,Independent,3327,7
NA-182,Farooq Elahi,Independent,1852,8
NA-182,Niaz Ahmad Jakhar,Independent,730,9
NA-182,Aman Ullah,PAT,627,10
NA-182,Sibtul Hassan Anjum Sehrai,Independent,536,11
NA-182,Ashiq Ali,PMML,478,12
NA-183,Khawja Sheraz Mehmood,Independent,134501,1
NA-183,Sardar Muhammad Amjad Farooq Khan Khosa,PML-N,88489,2
NA-183,Khawaja Mudassar UL Mehmood Taunsvi,JUI-F,14001,3
NA-183,Naeem Ullah Arbi,JIP,5676,4
NA-183,Dr. Maqsood Ahmad Chakrani,TLP,4860,5
NA-183,Manziir Ahmad Rehmani,Independent,4040,6
NA-183,Sardar Fayyaz Fareed Khan Malghani,Independent,3266,7
NA-183,Shair Afgan Buzdar,BNP,2619,8
NA-183,Muhammad Iqbal,Independent,1458,9
NA-183,Rashida Naseem,AATP,806,10
NA-183,Muhammad Iqbal Khan,Independent,722,11
NA-183,Muhammad Tahir Khan,Independent,628,12
NA-183,Jaffar Khan Buzdar,Independent,486,13
NA-183,Ruqia Bano,Independent,349,14
NA-183,Muhammad Tariq,Independent,222,15
NA-183,Riaz Fareed,Independent,170,16
NA-183,Muhammad Zahid,Independent,130,17
NA-183,Kaleem Saif Ullah,Independent,129,18
NA-184,Abdul Qadir Khan Khosa,PML-N,112296,1
NA-184,Ali Muhammad,Independent,109856,2
NA-184,Sardar Zulfiqar Ali Khan Khosa,Independent,8643,3
NA-184,Irfan Ullah,TLP,8633,4
NA-184,Sardar Karam Khan,JIP,2553,5
NA-184,Abdul Aziz,JUI-F,2409,6
NA-184,Ahmed Bakhsh,PMML,749,7
NA-184,Akhlaq Ahmad,Independent,710,8
NA-184,Ghulam Mustafa Lashari,Independent,698,9
NA-184,Sardar Javaid Akhtar Khan Lund,Independent,545,10
NA-184,Arshad Abbas Khan Lund,Independent,454,11
NA-184,Muhammad Zaman,Independent,173,12
NA-185,Zartaj Gull,Independent,94927,1
NA-185,Mehmood Qadir Khan Leghari,Independent,39235,2
NA-185,Sardar Dost Muhammad Khan Khosa,PPP,26627,3
NA-185,Shiekh Usman Farooq,JIP,4563,4
NA-185,Zaka Ullah,TLP,3739,5
NA-185,Javed Iqbal,Independent,3586,6
NA-185,Hafiz Abdul Salam Nasir,JUI-F,3473,7
NA-185,Muhammad Sharif Leghari,Independent,3116,8
NA-185,Sardar Zulfiqar Ali Khan Khosa,Independent,1725,9
NA-185,Abdul Rehman Muslim,PMML,921,10
NA-185,Muhammad Hanif Pitafi,Independent,706,11
NA-185,Ruqia Bano,Independent,541,12
NA-185,Abdul Razaq Shahid,PST-T,347,13
NA-185,Muhammad Uzair,Independent,316,14
NA-185,Zia ur Rehman Khan,Independent,218,15
NA-185,Khalil Ahmad,SDP,189,16
NA-185,Azhar ul Haq Qureshi Siddique,MQM,147,17
NA-185,Muhammad Rafiq,Independent,119,18
NA-185,Jahangir Ahmad Bhatti,Independent,77,19
NA-185,Malik Muhammad Ramzan,Independent,67,20
NA-186,Sardar Awais Ahmad Khan Leghari,PML-N,100252,1
NA-186,Mehar Sajjad Hussain Cheena,Independent,97990,2
NA-186,Sardar Dost Muhammad Khan Khosa,PPP,4083,3
NA-186,Syed Muneer Hussain,TLP,3429,4
NA-186,Munir Ahmad Anjum,JIP,1547,5
NA-186,Nizamuddin,JUI-F,1436,6
NA-186,Sardar Arslan Mehmood,Independent,1355,7
NA-186,Muhammad Uzair,Independent,326,8
NA-186,Sardar Ahmad Ali Khan Dreshak,Independent,308,9
NA-186,Sardar Muhammad Khan Leghari,Independent,299,10
NA-186,Muhammad Faheem Saeed,Independent,249,11
NA-186,Saeed Ahmad Khan,Independent,237,12
NA-186,Khadim Hussain,Independent,235,13
NA-186,Shahriyar Khan,Independent,223,14
NA-186,Safdar Ali Niazi,Independent,221,15
NA-186,Muhammad Ramzan Qadir,Independent,193,16
NA-186,Shabbir Khan Laghari,Independent,89,17
NA-187,Ammar Ahmad Khan Leghari,PML-N,79811,1
NA-187,Atif Ali Khan Dareshak,Independent,67321,2
NA-187,Sardar Athar Hassan Khan Gorchani,PPP,18299,3
NA-187,Sardar Muhammad Awais Dreshak,Independent,10170,4
NA-187,Ghulam Yaseen,TLP,4379,5
NA-187,Abdul Mohsin,JIP,2808,6
NA-187,Abdul Basit,JWP,1697,7
NA-187,Akthar Hassan Khan Gorchani,Independent,643,8
NA-187,Sardar Muhammad Khan Laghari,Independent,641,9
NA-187,Sardar Ahmad Ali Khan Dreshak,Independent,447,10
NA-187,Raheela Zafaryab,Independent,418,11
NA-187,Khadim Hussain,Independent,375,12
NA-187,Shazia Abid,Independent,229,13
NA-187,Ehsan Ahmad,Independent,218,14
NA-187,Allah Yar Khan,Independent,214,15
NA-187,Muhammad Zubair,Independent,206,16
NA-187,Ruqaiya Bibi,Independent,115,17
NA-187,Shahzaib Rasool,Independent,103,18
NA-188,Hafeez Ur Rehman Khan Dreshak,PML-N,85979,1
NA-188,Sardar Ahmad Ali Khan Dreshak,Independent,70262,2
NA-188,Liaqat Ali Gorpang,PPP,13579,3
NA-188,Muhammad Irfan ullah,JIP,6754,4
NA-188,Sohail Anwar,TLP,3452,5
NA-188,Sardar Muhammad Yousaf Dreshak,Independent,495,6
NA-188,Shoukat Mehmood,Independent,421,7
NA-188,Sardar Aziz ur Rehman Dareshak,Independent,376,8
NA-188,Atif Ali Khan Dareshak,Independent,268,9
NA-188,Sardar Muhammad Awais Dreshak,Independent,224,10
NA-189,Shamsher Ali Mazari,Independent,83628,1
NA-189,Sardar Riaz Mehmood Khan Mazari,PML-N,73394,2
NA-189,Zahid Mehmood Khan Mazari,Independent,10831,3
NA-189,Qari Ghulam Akbar,TLP,5427,4
NA-189,Khizar Hussain Mazari,Independent,2419,5
NA-189,Muhammad Nasrullah,JUI-F,2331,6
NA-189,Ghulam Mohyu Din urf Shahab,Independent,2274,7
NA-189,Afifa Athar,JIP,1843,8
NA-189,Moeen Azam Mazari,Independent,1193,9
NA-189,Shair Ali Mazari,Independent,1136,10
NA-189,Sardar Safdar Hussain Mazari,Independent,914,11
NA-189,Sangeeta Maryam,Independent,429,12
NA-190,Mir Aijaz Hussain Jakhrani,PPP,126411,1
NA-190,Muhammad Mian Soomro,Independent,61555,2
NA-190,Waseem Nisar,TLP,2847,3
NA-190,Sardar Qadir Khan Khoso,Independent,2268,4
NA-190,Nagina,JIP,1427,5
NA-190,Abdul Wali Khan,Independent,712,6
NA-190,Tariq Ali,Independent,708,7
NA-190,Maula Buksh Soomro,Independent,675,8
NA-190,Parvez Ahmad,Independent,655,9
NA-190,Suleman Khan,Independent,615,10
NA-190,Koonaj Khatoon,Independent,530,11
NA-190,Mir Asghar Ali Panhwar,Independent,493,12
NA-190,Muhammad Salman,Independent,211,13
NA-190,Mir Khalid Nawaz Jakhrani,Independent,148,14
NA-191,Ali Jan Mazari,PPP,103548,1
NA-191,Mir Shah Zain Khan Bijarani,JUI-F,101874,2
NA-191,Hafiz Nasarullah Channa,JIP,2935,3
NA-191,Meer Hassan,Independent,1286,4
NA-191,Muhammad Akram,Independent,1009,5
NA-191,Noor Muhammad,TLP,872,6
NA-191,Shahbaz Ali,Independent,831,7
NA-191,Ghazane Khan,Independent,684,8
NA-191,Abdul Wahid Khoso,Independent,645,9
NA-191,Jeal Shah,Independent,594,10
NA-191,Ghulam Asghar Khan Chachar,Independent,295,11
NA-191,Mir Fayyaz Ahmad,IPP,191,12
NA-191,Inayatullah,Independent,131,13
NA-191,Naveed Ali,Independent,103,14
NA-192,Mir Shabir Ali Bijarani,PPP,124979,1
NA-192,Muhammad Ibrahim Jatoi,JUI-F,76970,2
NA-192,Kamran Mahar,Independent,2128,3
NA-192,Ameer Ali Jatoi,Independent,1753,4
NA-192,Mir Haider Ali Bijarani,Independent,1661,5
NA-192,Naeem Ahmad Khan Jatoi,Independent,1144,6
NA-192,Muhammad Alam,Independent,1013,7
NA-192,Abdul Fateh Pathan,JIP,766,8
NA-192,Sandeep Kumar,Independent,701,9
NA-192,Muhammad Zaheer uddin Pechuho,TLP,541,10
NA-192,Iltaf Hussain Khoso,Independent,303,11
NA-193,Muhammad Shahryar Khan Mahar,PPP,138634,1
NA-193,Maulana Rashid Mehmood Soomro,JUI-F,59519,2
NA-193,Maqsood Ali Domki,MWM,4272,3
NA-193,Shah Waliullah Shah,Independent,3781,4
NA-193,Mahmood Alias Mahmood Ellahi Bakro,JIP,2599,5
NA-193,Israr Ahmad,TLP,2324,6
NA-193,Aftab Ahmed Soomro,Independent,2254,7
NA-193,Ghous Bux Khan Mehar,Independent,718,8
NA-193,Agha Fahad Khan,Independent,692,9
NA-193,Ahsan Ali,Independent,457,10
NA-193,Abdul Jaleel,MQM,380,11
NA-193,Babar Ahmad,Independent,291,12
NA-193,Masood Ahmed,Independent,277,13
NA-193,Agha Shafqatullah,PPP-SB,260,14
NA-194,Bilawal Bhutto Zardari,PPP,136167,1
NA-194,Rashid Mahmood Soomro,JUI-F,35526,2
NA-194,Dr. Tariq Hussain Somro,Independent,5066,3
NA-194,Muhammad Ashique Dhamra,JIP,2039,4
NA-194,Aijaz Ahmad Leghari,Independent,1138,5
NA-194,Zamir Ahmad,MQM,1067,6
NA-194,Gull Hassan Mirjat,PAT,464,7
NA-194,Abdul Nabi,JUP-N,457,8
NA-195,Nazir Ahmed Bughio,PPP,133830,1
NA-195,Safdar Ali Abbasi,GDA,48893,2
NA-195,Hafiz Shaukat Ali Jatoi,TLP,3585,3
NA-195,Khalid Ahmad,Independent,1081,4
NA-195,Ghulam Murtaza Shah,Independent,578,5
NA-195,Ghulam Yaseen,MQM,480,6
NA-195,Ghulam Murtaza Bughio,Independent,384,7
NA-195,Muhammad Ali Bughio,Independent,262,8
NA-195,Hizbullah Bughio,Independent,142,9
NA-196,Bilawal Bhutto Zardari,PPP,85370,1
NA-196,Nasir Mahmood Somro,JUI-F,34499,2
NA-196,Naheed Kuhawar,Independent,5624,3
NA-196,Saddam Hussain,TLP,2706,4
NA-196,Sultan Ahmed Khan Khuhawar,Independent,2465,5
NA-196,Muhammad Ibrahim,JIP,1389,6
NA-196,Muneer Ahmed,Independent,971,7
NA-196,Nawabuddin,PPP-SB,677,8
NA-196,Muhammad Ishaq,PRP,476,9
NA-196,Mehmood ul Hassan,Independent,375,10
NA-196,Ejaz ali Junajo,MQM,368,11
NA-196,Sohail Nazir Magsi,Independent,319,12
NA-196,Khursheed Ahmad Junejo,Independent,140,13
NA-197,Mir Amir Ali Khan Magsi,PPP,88130,1
NA-197,Muhammad Uzair Jagirani,JUI-F,24199,2
NA-197,Ghulam Rasool,TLP,5652,3
NA-197,Farhana,PPP-SB,3404,4
NA-197,Nawabzada Sardar Khan Chandio,Independent,1052,5
NA-197,Pir Bakhsh,Independent,593,6
NA-197,Ahmed Ali Buriro,MQM,589,7
NA-197,Nawabzada Burhan Chandio,Independent,499,8
NA-197,Asgher Ali,PRP,275,9
NA-197,Abdul Manan Chandio,Independent,262,10
NA-197,Abdul Monnium Khan Chandio,Independent,217,11
NA-198,Khalid Ahmad Khan Lund,PPP,120259,1
NA-198,Abdul Haque Alias Mian Mitha,Independent,90629,2
NA-198,Abdul Sattar Samo,Independent,10755,3
NA-198,Shahbaz Ahmed Khan Lund,Independent,4012,4
NA-198,Ghulam Rasool Kalwar,TLP,2605,5
NA-198,Abdul Bari Pitafi,Independent,1717,6
NA-198,Mian Rafiq Ahmed,Independent,1571,7
NA-198,Islam Khan,Independent,1175,8
NA-198,Muhammad Yaseen,MQM,901,9
NA-198,Mohammad Ishaq Laghari,Independent,825,10
NA-198,Mohammad Yousif,JIP,575,11
NA-198,Salar Ahmed Khan,Independent,163,12
NA-198,Sagheer Ahmed Khan Lund,Independent,135,13
NA-199,Ali Gohar Khan Mahar,PPP,154832,1
NA-199,Abdul Qayyum,JUI-F,40204,2
NA-199,Manzoor Ahmad,TLP,5192,3
NA-199,Ghulam Ali Abbas,Independent,2833,4
NA-199,Shakeela,JIP,800,5
NA-199,Haji Khan Maher,Independent,795,6
NA-199,Abdul Bari Pitafi,Independent,552,7
NA-199,Muhammad Shahid,MQM,291,8
NA-199,Siraj Ahmad,Independent,248,9
NA-200,Nauman Islam Shaikh,PPP,98244,1
NA-200,Deedar Ali Jatoi,GDA,41970,2
NA-200,Gohar Ali Khoso,Independent,19511,3
NA-200,Hizbullah Jakhro,JIP,4813,4
NA-200,Sajid Ali,TLP,3153,5
NA-200,Ali Nawaz,PRP,916,6
NA-200,Abdul Khalique Jatoi,Independent,893,7
NA-200,Ali Murtaza,Independent,871,8
NA-200,Syed Muhammad Ayub,Independent,680,9
NA-200,Mohsin Sajjad Utraa,MWM,270,10
NA-200,Shahid Hussain,Independent,252,11
NA-200,Abdul Hameed Mahar,Independent,236,12
NA-200,Dawood Khan,Independent,220,13
NA-200,Muhammad Amir Sheikh,Independent,191,14
NA-200,Shaheena,Independent,184,15
NA-200,Abdul Razzaque,Independent,178,16
NA-200,Rab Dino,Independent,168,17
NA-200,Aftab Ahmed Kalwar,Independent,148,18
NA-200,Abdul Qadir,PML-Q,125,19
NA-200,Syed Naseem Ahmed Hashmi,Independent,121,20
NA-200,Zeeshan Ahmed,Independent,114,21
NA-200,Ameer Ali,Independent,109,22
NA-200,Amjad Mehmood,Independent,104,23
NA-200,Wizarat Hussain Sial,Independent,103,24
NA-200,Muhammad Ramzan Malik,Independent,68,25
NA-201,Syed Khursheed Ahmed Shah,PPP,121556,1
NA-201,Maulana Muhammad Saleh Indhar,JUI-F,53625,2
NA-201,Syed Hamid Mehmood Faizi,TLP,2843,3
NA-201,Sultan Ahmad,JIP,1172,4
NA-201,Saba Anwar,MQM,656,5
NA-201,Inayatullah,Independent,539,6
NA-201,Syed Tahir Hussain Shah,Independent,476,7
NA-201,Ghulam Nabi,PRP,359,8
NA-201,Badaruddin Samejo,Independent,191,9
NA-201,Syed Zeerak Shah,Independent,182,10
NA-201,Syed Shakir Hussain Shah,Independent,159,11
NA-201,Shah Jahan Mangrio,Independent,137,12
NA-202,Nafisa Shah,PPP,152511,1
NA-202,Syed Ghous Ali Shah,GDA,30026,2
NA-202,Ambreen Malik,Independent,8592,3
NA-202,Hafeezullah,Independent,2258,4
NA-202,Mumtaz Hussain,JIP,1640,5
NA-202,Ghulam Shabbir Jatoi,Independent,1348,6
NA-202,Imam Bux Phulpoto,Independent,583,7
NA-202,Sayed Shahzad Ali Shah Jeelani,Independent,270,8
NA-202,Hubdar Ali Panhwar,MQM,211,9
NA-202,Veero Mal,Independent,127,10
NA-202,Mirzan Katohar,Independent,110,11
NA-202,Riaz ul Rehman,Independent,94,12
NA-202,Ghulam Mustafah,Independent,94,13
NA-202,Abdul Salam,Independent,51,14
NA-203,Pir Syed Fazal Ali Shah Jillani,PPP,128830,1
NA-203,Pir Syed Sadaruddin Shah Rashidi,GDA,98236,2
NA-203,Pir Sayed Ali Raza Shah Jillani,Independent,4571,3
NA-203,Abdul Rehman Shar,Independent,1274,4
NA-203,Jameel Ahmed Lund Baloch,Independent,622,5
NA-203,Khalid Hussain Sheikh,Independent,318,6
NA-203,Ameer Ali Rajpar,Independent,258,7
NA-203,Aziz Ahmed,Independent,181,8
NA-203,Sakeena,JIP,174,9
NA-203,Ismail Shah,Independent,93,10
NA-203,Sayed Ali Ahmad Shah Jillani,Independent,89,11
NA-203,Ghulam Abbas Jogi,Independent,58,12
NA-203,Faqir Ushaque Ali Hisbani,Independent,14,13
NA-203,Niaz Hussain Khaskheli,PMML,9,14
NA-204,Syed Javed Ali Shah,PPP,113022,1
NA-204,Mozzam Ali Khan Abbasi,GDA,87501,2
NA-204,Syed Niaz Hussain Shah Jilani,Independent,3737,3
NA-204,Lal Bux Sial,Independent,609,4
NA-204,Mir Khan Mangnejo,Independent,549,5
NA-204,Mahreen Razzaq Bhutto,Independent,487,6
NA-204,Aijaz Ali Khokhar,PKI,429,7
NA-204,Shafqat Ali Shah,Independent,242,8
NA-204,Syed Muharram Ali Shah,Independent,233,9
NA-204,Asadullah Shaikh,Independent,217,10
NA-204,Ijaz Ahmed,Independent,173,11
NA-204,Syed Fahad Ali Shah Jillani,Independent,153,12
NA-204,Abdullah Phullphoto,Independent,76,13
NA-205,Syed Abrar Ali Shah,PPP,126056,1
NA-205,Asghar Ali Shah,PML-N,55001,2
NA-205,Gul Hassan,Independent,26055,3
NA-205,Bhaly Rakhio Lakho,Independent,2762,4
NA-205,Naseer Ahmed,TLP,2706,5
NA-205,Asadullah Shah,Independent,2444,6
NA-205,Ghazala Hussain,Independent,1285,7
NA-205,Shakeel Ahmed Jalbani,Independent,576,8
NA-205,Ghulam Rasool,MQM,455,9
NA-205,Syed Zaheer Hussain Shah,Independent,189,10
NA-205,Naimatullah,PRP,174,11
NA-205,Shahid Ikram,Independent,138,12
NA-205,Nisar Ahmed Channa,Independent,119,13
NA-205,Shahriyar Ali,Independent,114,14
NA-205,Ali Ashraf Ujjan,Independent,104,15
NA-205,Muhammad Ubaid Sanwal Rajper,Independent,68,16
NA-205,Sayed Ghulam Murtaza Shah,Independent,63,17
NA-205,Abdul Sattar Rajper,Independent,43,18
NA-206,Zulfiqar Ali Behan,PPP,135864,1
NA-206,Ghulam Murtaza Khan Jatoi,GDA,77202,2
NA-206,Muhammad Rashid Shah,TLP,3165,3
NA-206,Amanullah,Independent,1658,4
NA-206,Muhammad Shabbir Khanzada,JIP,1589,5
NA-206,Abdul Ahad,PRP,1271,6
NA-206,Rafique Ahmad,Independent,739,7
NA-206,Imran Khan Rajpot,MQM,427,8
NA-206,Ali Gul,Independent,417,9
NA-206,Riaz Ahmad Behan,Independent,190,10
NA-206,Meer Muhammad,Independent,146,11
NA-206,Mumtaz Ali Chandio,Independent,135,12
NA-206,Aziz Ahmad Behan,Independent,112,13
NA-206,Bilal Khan Jatoi,Independent,109,14
NA-206,Waleed Ali Jamali,Independent,84,15
NA-207,Asif Ali Zardari,PPP,147465,1
NA-207,Sardar Sher Muhammad Rind,Independent,51925,2
NA-207,Saeed Ahmed,TLP,7633,3
NA-207,Sajjad Hussain Shah Taqvi,Independent,3066,4
NA-207,Farooq Ahmed Chandio,Independent,1894,5
NA-207,Muhammad Nadeem,Independent,1548,6
NA-207,Allah Bukhsh,Independent,392,7
NA-207,Ali Akbar Jamali,Independent,336,8
NA-207,Aamir Khan,PNP,288,9
NA-207,Faziullah Pechuho,Independent,179,10
NA-207,Shahid,Independent,168,11
NA-207,Syed Ghulam Mohiuddin Shah,Independent,166,12
NA-207,Aashiq Hussain,Independent,151,13
NA-208,Syed Ghulam Mustafa Shah,PPP,127181,1
NA-208,Syed Zain Ul Abdin,GDA,59402,2
NA-208,Ghulam Mustafa Shah,Independent,6465,3
NA-208,Syed Ghulam Ali Shah,Independent,3717,4
NA-208,Gul Muhammad Rind,Independent,2580,5
NA-208,Aashiq Hussain,TLP,2420,6
NA-208,Muhammad Anwar Khan,JIP,1008,7
NA-208,Asadullah Unar,Independent,991,8
NA-208,Ghullam Ullah Mari,Independent,786,9
NA-208,Danish Anam,PMML,589,10
NA-208,Abdul Qayyum,Independent,575,11
NA-208,Najma,MQM,424,12
NA-208,Aneela,JUI-F,278,13
NA-208,Khan Muhammad Dahri,Independent,221,14
NA-208,Farooq Ahmed Chandio,Independent,183,15
NA-208,Ghulam Rasool Khan Unar,Independent,178,16
NA-208,Jaam Tabraiz,Independent,138,17
NA-208,Pervaiz Ahmad Chandio,Independent,47,18
NA-208,Syed Mehmood Ahmad Shah,Independent,39,19
NA-209,Shazia Jannat Marri,PPP,156723,1
NA-209,Muhammad Khan Junejo,GDA,140370,2
NA-209,Hameeda Masood Shah,Independent,4078,3
NA-209,Muhammad Ali,Independent,1494,4
NA-209,Zaheer ul Sin Babar Jatoi,JIP,1107,5
NA-209,Shahbana Kousar,TLP,903,6
NA-209,Seeta,Independent,503,7
NA-209,Mushtaq,Independent,211,8
NA-209,Quratulain Marri,Independent,194,9
NA-209,Nawab ali,MQM,92,10
NA-209,Aurangzeb,Independent,76,11
NA-209,Asghar Ali,Independent,69,12
NA-209,Abid farooq,Independent,66,13
NA-209,Shagufta,Independent,41,14
NA-209,Salahuddin Junejo,Independent,40,15
NA-209,Meer Afsar Din Talpur,Independent,11,16
NA-210,Salahuddin Junejo,PPP,150196,1
NA-210,Saira Bano,GDA,108194,2
NA-210,Monochaher,Independent,7834,3
NA-210,Kamran Aziz Ghauri,JIP,3407,4
NA-210,Roshanuddin Junejo,Independent,1474,5
NA-210,Muhammad Khan Wassan,Independent,1142,6
NA-210,Abid,Independent,1007,7
NA-210,Raza Ullah,PMML,599,8
NA-210,Muhammad Zakir Sheikh,MQM,485,9
NA-210,Atta Muhammad,Independent,342,10
NA-210,Muhammad Ayoob,Independent,264,11
NA-210,Niaz Muhammad,Independent,127,12
NA-211,Pir Aftab Hussain Shah Jeelani,PPP,84512,1
NA-211,Ali Nawaz Shah,Independent,53881,2
NA-211,Abdul Haq,Independent,22525,3
NA-211,Tehseen,JIP,3950,4
NA-211,Manzoor Ahmed,Independent,3776,5
NA-211,Javed Ali,Independent,3098,6
NA-211,Munawar Ali,TLP,2802,7
NA-211,Syed Imam Ali Shah,Independent,1648,8
NA-211,Adnan Khan,Independent,1528,9
NA-211,Muhammad Asad Ali Khan Junejo,PML-N,1043,10
NA-211,Abdul Rasheed,PRP,703,11
NA-211,Masood Ahmad Wasan,Independent,692,12
NA-211,Sanjay Perwani,Independent,490,13
NA-211,Usman Mughal,Independent,338,14
NA-211,Imam ali,Independent,295,15
NA-211,Muhammad Kashif Abbasi,Independent,285,16
NA-211,Muhammad Jibran,PMA,200,17
NA-211,Aslam Khan,Independent,46,18
NA-212,Mir Munwar Ali Talpur,PPP,122291,1
NA-212,Ali Nawaz Shah,Independent,45359,2
NA-212,Faisal Kachelo,Independent,20979,3
NA-212,Muhammad Umar Jan,TLP,2994,4
NA-212,Muhammad Haneef Khan,JIP,2109,5
NA-212,Mir Allahdad Khan,Independent,894,6
NA-212,Masood Ahmad Wasan,Independent,816,7
NA-212,Syed Mumtaz Ali Shah,Independent,794,8
NA-212,Ghulam Qadir,JUI-F,456,9
NA-212,Bhooro,Independent,189,10
NA-213,Nawab Muhammad Yousif Talpur,PPP,179188,1
NA-213,Mir Amanullah Khan Talpur,PML-N,44961,2
NA-213,Lal Chand,Independent,38648,3
NA-213,Malik Kamran Rasheed,TLP,5997,4
NA-213,Haji Baqa Palli,Independent,4209,5
NA-213,Akbar Ali,Independent,3215,6
NA-213,Prem Chand,MQM,1542,7
NA-213,Muhammad Ejaz,JIP,1230,8
NA-213,Lekhraj Mal,Independent,1225,9
NA-213,Mir Ghazanfar Ali Talpur,Independent,1058,10
NA-213,Dr. Farzana,Independent,628,11
NA-213,Syed Hassan Raza Shah Jaffri,Independent,622,12
NA-213,Tirath Meghwar,Independent,589,13
NA-213,Muhammad Jam,Independent,528,14
NA-213,Syed Noor Ali Shah,Independent,449,15
NA-213,Bhamar Lal,Independent,446,16
NA-213,Muhammad Taimur Talpur,Independent,335,17
NA-213,Fakir Ghulam Nabi Mangrio,Independent,248,18
NA-213,Bilal Ur Rehman,Independent,111,19
NA-214,Pir Ameer Ali Shah Jellani,PPP,132365,1
NA-214,Abdul Razzaque Rahimoon,GDA,60829,2
NA-214,Makhdoom Zain Hussain Qureshi,Independent,16844,3
NA-214,Maulana Abdul Aziz,JUI-F,1686,4
NA-214,Gul Hassan,TLP,880,5
NA-214,Pir Shan Ali Shah Jillani,Independent,866,6
NA-214,Umaid Khan,Independent,366,7
NA-214,Makhdoom Shah Mehmood Qureshi,Independent,345,8
NA-214,Wali Muhammad Rahmo,Independent,97,9
NA-214,Nizam ul Din,Independent,93,10
NA-214,Dilawar Khan,Independent,83,11
NA-215,Mahesh Kumar Malani,PPP,135287,1
NA-215,Arbab Ghulam Rahim,GDA,114329,2
NA-215,Mehar Un Nisa Baloch,Independent,6735,3
NA-215,Muhammad Meean,Independent,3548,4
NA-215,Aziz Ullah,JUI-F,2231,5
NA-215,Arbab Zakaullah,Independent,2148,6
NA-215,Arbab Ibrahim Rahim,Independent,1225,7
NA-215,Lajpat Rai,Independent,1146,8
NA-215,Abdul Karim,Independent,884,9
NA-215,Mir Muhammad,JIP,753,10
NA-215,Hemoon,Independent,650,11
NA-215,Ghaman,Independent,273,12
NA-215,Arbab Zafarullah,Independent,201,13
NA-215,Manoj Kumar,Independent,199,14
NA-215,Vijay Kumar,Independent,148,15
NA-215,Arbab Anwar Jabbar,Independent,144,16
NA-215,Tirath Meghwar,Independent,104,17
NA-215,Gamoon,Independent,82,18
NA-215,Arbab Togachi Fawad Razzaq,Independent,67,19
NA-215,Kalaram,Independent,45,20
NA-216,Makhdoom Jamil uz Zaman,PPP,124536,1
NA-216,Bashir Ahmad,PML-N,80439,2
NA-216,Nazish Bhatti,Independent,4045,3
NA-216,Khalid Ahmad Memon,Independent,2616,4
NA-216,Atta Ur Rahman Korejo,JIP,2142,5
NA-216,Behzad Ahmad,Independent,669,6
NA-216,Suohail Ahmed,Independent,459,7
NA-216,Muharram Khaskheli,Independent,431,8
NA-216,Amjad Hussain,Independent,373,9
NA-216,Imdad Ali,PRP,335,10
NA-216,Noor Muhammad Memon,Independent,180,11
NA-216,Syed Ali Murtaza Shah,Independent,89,12
NA-217,Zulfiqar Bachani,PPP,119530,1
NA-217,Raheela Magsi,GDA,73778,2
NA-217,Rozeena Bhutto,Independent,6006,3
NA-217,Muhammad Jahangeer,TLP,3219,4
NA-217,Muhammad Sikandar,PRP,1528,5
NA-217,Deedar Hussain,JIP,1416,6
NA-217,Muhammad Khalid Khanzada,Independent,807,7
NA-217,Rashid Hussain,Independent,778,8
NA-217,Zeeshan,KS,330,9
NA-217,Mir Muhammad Khokhar,Independent,262,10
NA-217,Abdul Sattar Bachani,Independent,241,11
NA-217,Muhammad Jaffar,Independent,194,12
NA-217,Javed Ali,Independent,173,13
NA-217,Immam ud Din Sheikh,Independent,153,14
NA-217,Ghulam Shabbir,Independent,108,15
NA-218,Syed Hussain Tariq,PPP,108598,1
NA-218,Muhammad Rizwan,GDA,7942,2
NA-218,Zubair Khadim,JIP,5139,3
NA-218,Muharram Khan,Independent,2936,4
NA-218,Muhammad Umar,TLP,2749,5
NA-218,Sajjad Ahmad,Independent,2077,6
NA-218,Mehak Rafiq,PMML,989,7
NA-218,Kamran,Independent,978,8
NA-218,Muhammad Bux,Independent,746,9
NA-218,Naseem Akhtar,MQM,742,10
NA-218,Muhammad Rizwan Sheikh,JUP-N,507,11
NA-219,Abdul Aleam Khan,MQM,55050,1
NA-219,Mustansar Billah,Independent,38316,2
NA-219,Ali Muhammad Sahito,PPP,26649,3
NA-219,Muhammad Momin Kanwar,Independent,6373,4
NA-219,Muhammad Irfan Qureshi,TLP,5806,5
NA-219,Meraj Ul Huda Siddiqui,JIP,4675,6
NA-219,Husnain Rashid,PML-N,1576,7
NA-219,Muhammad Rasheed Khan,Independent,700,8
NA-219,Muhammad Abid,PMML,658,9
NA-219,Syed Aftab Ahmad,Independent,498,10
NA-219,Shafiq Ahmad,Independent,469,11
NA-219,Mirza Faheem Baig Mughal,Independent,427,12
NA-219,Sadaf Sheikh,Independent,392,13
NA-219,Shaikh Mian Imran Alvi,Independent,374,14
NA-219,Irfan Gul Magsi,Independent,354,15
NA-219,Tahira,Independent,342,16
NA-219,Jamshed Ali Shaikh,Independent,250,17
NA-219,Hakeem Khan,SKQM,211,18
NA-219,Faisal Mughal,Independent,211,19
NA-219,Mehmood Ahmed Qadri,JUP-N,179,20
NA-219,Tahir Majeed,Independent,160,21
NA-219,Syed Muhammad Ahmad Rasheed,Independent,157,22
NA-219,Mehmood Hussain,Independent,127,23
NA-219,Iqrar Ahmed Khan,Independent,125,24
NA-219,Zuhaib Hussain,Independent,113,25
NA-219,Taimoor Hussain,Independent,108,26
NA-219,Muhammad Rehan,Independent,108,27
NA-219,Abdul Majeed Bhatti,Independent,102,28
NA-219,Ahsan Magsi,Independent,98,29
NA-219,Rasheed Ahmed Khan,Independent,81,30
NA-219,Muhammad Ashraf,PKMAP,66,31
NA-219,Bilal Ahmed Khan,Independent,66,32
NA-219,Atiq Ur Rehman,Independent,63,33
NA-219,Aagha Sadar,Independent,63,34
NA-219,Syed Liaquat Ali Shah,Independent,62,35
NA-219,Syed Sohail Mehmood,Independent,58,36
NA-219,Obaid Ullah Khan,Independent,53,37
NA-219,Muhammad Shoukat,Independent,32,38
NA-220,Syed Waseem Hussain,MQM,64531,1
NA-220,Faisal Mughal,Independent,52025,2
NA-220,Waseem Ahmad Rajput,PPP,28099,3
NA-220,Ghulam Qadir,TLP,7584,4
NA-220,Abdul Majeed Bhatti,Independent,4473,5
NA-220,Tahir Majeed,JIP,4365,6
NA-220,Rasheed Ahmad Khan,Independent,3884,7
NA-220,Khalid Aziz,PML-N,1969,8
NA-220,Syed Muhammad Hussain,AL,1401,9
NA-220,Nisar Ahmad Qazi,Independent,1096,10
NA-220,Arman Ahmed,JUI-S,869,11
NA-220,Sahibzada Shabbir Hassan Ansari,Independent,707,12
NA-220,Shahbaz,PMML,565,13
NA-220,Shusheel Gobind,Independent,528,14
NA-220,Shakir Mahmod,Independent,488,15
NA-220,Muhammad Adnan,Independent,427,16
NA-220,Sahibzada Abul Khair Muhammad Zubair,JUP-N,341,17
NA-220,Muhammad Rizwan,Independent,217,18
NA-220,Mazhar Rafi Memon,Independent,214,19
NA-220,Asfand Mari,Independent,187,20
NA-220,Salahuddin,Independent,179,21
NA-220,Aamir,Independent,166,22
NA-220,Nisar Ahmad Khan,Independent,159,23
NA-220,Nizam Uddin,Independent,145,24
NA-220,Malik Abdul Rasheed,TJP,144,25
NA-220,Azhar Bin Qayyum,Independent,121,26
NA-220,Zulfiqar Ali Halepoto,Independent,101,27
NA-220,Habib Ullah Khan,Independent,96,28
NA-220,Qazi Muhammad Ilyas,Independent,92,29
NA-220,Muhammad Iqbal Arain,Independent,58,30
NA-220,Nazim Ali Arain,Independent,51,31
NA-221,Syed Naveed Qamar,PPP,111738,1
NA-221,Dr. Muhammad Irfan Nizamani,Independent,23840,2
NA-221,Lal Bux,Independent,7975,3
NA-221,Ahmed Nonari,KS,7857,4
NA-221,Ameen,TLP,4143,5
NA-221,Ijaz Ali Nizamani,JIP,2043,6
NA-221,Abdul Raheem,Independent,1428,7
NA-221,Muhammad Altaf Nizamani,Independent,1103,8
NA-221,Mir Ali Nawaz Talpur,GDA,714,9
NA-221,Pir Aqib Jan Sarhandi,Independent,412,10
NA-221,Imtiaz Hussain,MQM,392,11
NA-221,Abdul Jabbar Memon,Independent,307,12
NA-221,Muhammad Hassan Nizamani,Independent,294,13
NA-221,Fayaz Rahim Katiar,Independent,239,14
NA-221,Abdul Latif Somroo,Independent,186,15
NA-221,Ghulam Hussain,Independent,154,16
NA-221,Kashaf ul Hussain Shah,Independent,113,17
NA-222,Mir Ghulam Ali Talpur,PPP,113989,1
NA-222,Mir Hussain Bux Talpur,GDA,67011,2
NA-222,Shah Nawaz,Independent,6932,3
NA-222,Abdullah,PRP,3587,4
NA-222,Pir Muhammad Ali Sarhandi,TLP,1671,5
NA-222,Hassnain Ali Mirza,Independent,1577,6
NA-222,Safia Khanum,JIP,1122,7
NA-222,Azhar Ali,JUI-F,954,8
NA-222,Muhammad Hashim Dil,Independent,666,9
NA-222,Muhammad Akram,Independent,524,10
NA-222,Mir Noor Muhammad Talpor,Independent,503,11
NA-222,Muhammad Shoaib,PMML,453,12
NA-222,Asad Kamal Khan Chang,Independent,411,13
NA-222,Muhammad Tahir,Independent,345,14
NA-222,Muhammad Siddique,Independent,82,15
NA-223,Haji Rasool Bakhsh Chandio,PPP,115299,1
NA-223,Muhammad Hassam Mirza,GDA,78711,2
NA-223,Maulana Fateh Muhammad,JUI-F,5829,3
NA-223,Sardar Kamal Khan Chang,Independent,5250,4
NA-223,Muhammad Qasim Jakhro,TLP,3754,5
NA-223,Aziz Ullah Dero,Independent,2566,6
NA-223,Fehmida Mirza,Independent,2471,7
NA-223,Muhammad Musa Mallah,JIP,2078,8
NA-223,Muhammad Anwar,PMML,1451,9
NA-223,Zulfiqar Ali Mirza,Independent,672,10
NA-223,Ghulam Qadir,Independent,618,11
NA-223,Paras,MQM,578,12
NA-223,Gulzar Ahmed,Independent,543,13
NA-223,Sajjad Ali,Independent,446,14
NA-223,Asad Kamal Khan Chang,Independent,154,15
NA-223,Kamran,Independent,119,16
NA-224,Syed Ayaz Ali Shah Sheerazi,PPP,134056,1
NA-224,Molvi Muhammad Saleh Alhadad,JUI-F,15314,2
NA-224,Mumtaz Ali Shah,Independent,10949,3
NA-224,Ghulam Sarwar Khatti,TLP,9688,4
NA-224,Abdur Rahman Mallah,Independent,6301,5
NA-224,Lal Bux Jotoi,Independent,5553,6
NA-224,Munawar Ali Laghari,Independent,2714,7
NA-224,Muhammad Ramzan Lashari,MQM,927,8
NA-224,Syed Naseer Ahmad Shah Sheerazi,Independent,547,9
NA-225,Sadiq Ali Memon,PPP,140773,1
NA-225,Rasool Bux Jakhro,PML-N,28899,2
NA-225,Syed Jamil Ahmad Shah Bukhari,Independent,6324,3
NA-225,Imtiaz Ahmad,JIP,4100,4
NA-225,Meer Murtaza,Independent,3240,5
NA-225,Muhammad Junaid Niaz Siddiqui,MQM,764,6
NA-225,Ghulam Rasool Shoro,Independent,628,7
NA-225,Mumtaz Ali Memon,Independent,545,8
NA-225,Javed Hussain Shah Hussaini,Independent,507,9
NA-225,Shams ul Nisa Memon,Independent,468,10
NA-225,Noor Hassan,Independent,453,11
NA-226,Malik Asad Sikandar,PPP,165044,1
NA-226,Syed Muneer Haider Shah,GDA,30876,2
NA-226,Peer Rahmen Shah Jeellani,Independent,7891,3
NA-226,Abdul Hakeem Chandio,Independent,5795,4
NA-226,Ubedullah Jamro,TLP,3983,5
NA-226,Roshan Ali Buriro,Independent,2681,6
NA-226,Malik Pahar Khan,Independent,2407,7
NA-226,Liaquat Ali,Independent,1765,8
NA-226,Syed Mussrat Ali,Independent,820,9
NA-226,Aisha,PMML,743,10
NA-226,Nawab Khan,Independent,334,11
NA-227,Irfan Ali Leghari,PPP,104141,1
NA-227,Liaquat Ali Jatoi,GDA,94877,2
NA-227,Moundar Buriro,Independent,1952,3
NA-227,Hajan Khan Leghari,JUI-F,1821,4
NA-227,Zulfiqar Ali,MQM,686,5
NA-227,Mussarat,Independent,479,6
NA-227,Shabana Nawab,Independent,395,7
NA-227,Madad Ali Sodhar,Independent,307,8
NA-227,Nabi Bux Jatoi,Independent,246,9
NA-227,Imdad Ali,Independent,165,10
NA-227,Altaf Ahmad,Independent,96,11
NA-227,Qazi Abdul Waheed Mahesar,Independent,61,12
NA-228,Rafiq Ahmad Jamali,PPP,98873,1
NA-228,Karim Ali Jatoi,GDA,49302,2
NA-228,Rashid Ali,TLP,6692,3
NA-228,Gaji Khan Leghari,Independent,3989,4
NA-228,Zulfiqar Ali Mallah,Independent,3405,5
NA-228,Abu Bakar Brohi,JUI-F,1774,6
NA-228,Khalil Ahmad Qurashi,Independent,1735,7
NA-228,Syed Ameer Ahmad Bukhari,Independent,1018,8
NA-228,Afzal Khan,Independent,873,9
NA-228,Zafar Ali,JIP,697,10
NA-228,Muhammad Imran Khan,Independent,403,11
NA-228,Abdul Majeed Chahwan,MQM,374,12
NA-228,Saeed Ahmed Jamali,Independent,278,13
NA-228,Syed Zafar Ali Shah,Independent,184,14
NA-228,Mir Shujaullah Panhwar,Independent,136,15
NA-229,Jam Abdul Karim Bijar,PPP,55730,1
NA-229,Qadir Bux,PML-N,21841,2
NA-229,Wali Muhammad,Independent,14131,3
NA-229,Muhammad Ijaz,TLP,5277,4
NA-229,Mumtaz Hussain,JIP,5219,5
NA-229,Shahid Hussain,Independent,334,6
NA-229,Sajid Mahmood,ANP,231,7
NA-229,Farooq Khan,Independent,201,8
NA-229,Junaid Anwar,Independent,177,9
NA-229,Shazia Subohi,Independent,152,10
NA-229,Fouzia Hameed,MQM,148,11
NA-229,Abdul Raheem,PMML,108,12
NA-229,Bakht Amin Shah,Independent,60,13
NA-229,Erum Wahab Butt,Independent,59,14
NA-229,Sher Muhammad,Independent,43,15
NA-230,Syed Rafi Ullah,PPP,32099,1
NA-230,Masroor Ali,Independent,23370,2
NA-230,Hafiz Aurangzaib Farooqui,PRP,15593,3
NA-230,Haji Muzafar Ali Shujra,PML-N,14805,4
NA-230,Muhammad Islam,JIP,4789,5
NA-230,Muhammad Anwar,TLP,3591,6
NA-230,Zahid Iqbal,Independent,1298,7
NA-230,Asif Ali,ANP,1007,8
NA-230,Sardar Khan,Independent,580,9
NA-230,Muhammad Wali Shah,JUI-F,404,10
NA-230,Farid Ullah,Independent,377,11
NA-230,Abdul Aziz,Independent,267,12
NA-230,Riaz Raza,Independent,266,13
NA-230,Essa Khan,SKQM,200,14
NA-230,Mir Raja Khan Jakhrani,Independent,186,15
NA-230,Muhammad Ajaz Raza,Independent,171,16
NA-230,Muhammad Rafiq,Independent,98,17
NA-230,Muhammad Shoaib,Independent,85,18
NA-230,Farzana Parveen,PCP,73,19
NA-230,Amanullah Khan,Independent,61,20
NA-230,Ahsanullah,Independent,55,21
NA-230,Jamal Abdul Nasir,Independent,49,22
NA-230,Shahbaz Ali,PMA,47,23
NA-230,Abdul Razzaq,PKMAP,38,24
NA-230,Muhammad Kashif Imran,Independent,37,25
NA-231,Abdul Hakeem Baloch,PPP,43634,1
NA-231,Khalid Mehmood Ali,Independent,43245,2
NA-231,Umar Farooq,JIP,14143,3
NA-231,Jamil Ahmad Khan,PML-N,9999,4
NA-231,Muhammad Ismail Hussaini,TLP,7308,5
NA-231,Nisar Ahmed,Independent,4530,6
NA-231,Tahir Malik,Independent,1468,7
NA-231,Tariq Aziz,PRP,1241,8
NA-231,Abdul Qayyum,ANP,792,9
NA-231,Aurangzaib Khan,GDA,640,10
NA-231,Muhammad Ismail,Independent,560,11
NA-231,Malik Ishtiaq Ahmed Bashir,Independent,389,12
NA-231,Sheezan,Independent,372,13
NA-231,Muhammad Wali Shah,JUI-S,329,14
NA-231,Baber Hakeem Baloch,Independent,298,15
NA-231,Syed Arif Raza Zaidi,MWM,225,16
NA-231,Muhammad Rizwan Chandna,Independent,136,17
NA-231,Qadir Bux,Independent,133,18
NA-231,Syed Atif Shahzad Nabi,Independent,131,19
NA-231,Muhammad Qasim,IPP,124,20
NA-231,Salman Abdullah,Independent,102,21
NA-231,Syed Zahid Abbas Naqvi,Independent,100,22
NA-231,Rashid Jahangir,Independent,79,23
NA-231,Wajahat Ullah Safi,Independent,58,24
NA-231,Syed Tahir Hussain Shah,Independent,45,25
NA-232,Aasia Ishaq Siddique,MQM-P,84592,1
NA-232,Adeel Ahmad,Independent,66753,2
NA-232,Taufeeq Uddin Siddiqui,JIP,41439,3
NA-232,Muhammad Akram,Independent,15704,4
NA-232,Muhammad Yaseen,TLP,14602,5
NA-232,Mohammad Aftab Uddin Baqai,Independent,12220,6
NA-232,Muhammad Owais Siddiqui,JUP-N,2967,7
NA-232,Ashraf Waheed,Independent,2138,8
NA-232,Aleem Adil Sheikh,Independent,1873,9
NA-232,Shaukat Ullah Farooqui,MQM-H,1424,10
NA-232,Muhammad Anwar,Independent,1321,11
NA-232,Abdul Haleem,Independent,955,12
NA-232,Abdul Haq Malik,PRP,807,13
NA-232,Ashfaq Ahmad Mangi,Independent,413,14
NA-232,Muhammad Shahid Siddique,PMML,401,15
NA-232,Nouman Ali,Independent,383,16
NA-232,Adeel Azam,Independent,372,17
NA-232,Muhammad Tanveer Qurashi,Independent,352,18
NA-232,Noman Adil Malik,Independent,326,19
NA-232,Arshad Ali Khan,PML-Z,322,20
NA-232,Rehan Ahmad,Independent,290,21
NA-232,Mohammad Ashraf Alam,Independent,278,22
NA-232,Syed Imran Haider Aabdi,Independent,216,23
NA-232,Muhammad Mumtaz,PIRP,211,24
NA-232,Syed Akbar Shah Mewati,Independent,207,25
NA-232,Syed Sajid Tirmizi,Independent,193,26
NA-232,Suroor Zafar,Independent,188,27
NA-232,Tariq Mahmood Qadri,IPP,187,28
NA-232,Nisar Ahmed,Independent,181,29
NA-232,Zeeshan Abbas Malik,Independent,171,30
NA-232,Muhammad Ibrahim Ali,MOTP,145,31
NA-232,Ghulam Ali,Independent,120,32
NA-232,Fayyaz Ahmed Tabassum,PAT,108,33
NA-232,Muhammad Ehsan,Independent,77,34
NA-232,Muhammad Qavi Ullah Khan Shirazi,Independent,72,35
NA-232,Muhammad Arif Khan,PMA,39,36
NA-233,Muhammad Javed Haneef Khan,MQM-P,103967,1
NA-233,Muhammad Haris,Independent,58753,2
NA-233,Abdul Jamil Khan,JIP,29071,3
NA-233,Shahzada Shahbaz,TLP,15298,4
NA-233,Nida Aasim,PPP,7227,5
NA-233,Syed Rafi Uddin,MQM-H,7090,6
NA-233,Muhammad Farooq,Independent,6739,7
NA-233,Syed Rauf Ur Raza Rizvi,Independent,4429,8
NA-233,Hamza Tariq,PRP,3242,9
NA-233,Asad Mujahid,Independent,3050,10
NA-233,Zain ul Abdin Ansari,PML-N,2801,11
NA-233,Muhammad Farooq Ul Hassan,Independent,934,12
NA-233,Zeeshan Ahmed,Independent,613,13
NA-233,Syed Waqar Muhammad Shah,Independent,589,14
NA-233,Muhammad Younus Tanoli,Independent,465,15
NA-233,Syed Faizan Anees,PML-Q,391,16
NA-233,Muhammad Ashraf Qureshi,Independent,281,17
NA-233,Mudassir Yaqoob,PMML,214,18
NA-233,Shabbir Ahmed Qaimkhani,Independent,208,19
NA-233,Muhammad Ishtiaq Khan Jadoon,JUP-N,190,20
NA-233,Syed Mahmood Saeed,Independent,167,21
NA-233,Faraz Ur Rehman,Independent,158,22
NA-233,Muhammad Shahid,Independent,142,23
NA-233,Abdul Hafiz,Independent,102,24
NA-233,Imtiaz Alam,Independent,100,25
NA-233,Abdul Sattar,Independent,88,26
NA-233,Rao Liaquat Ali,Independent,82,27
NA-234,Muhammad Moin Aamir Pirzada,MQM-P,72009,1
NA-234,Faheem Khan,Independent,44487,2
NA-234,Muhammad Ali Rashid,PPP,18038,3
NA-234,Akhter Hussain Qureshi,JIP,13521,4
NA-234,Abdul Sattar,TLP,8763,5
NA-234,Saleem Zia,PML-N,6580,6
NA-234,Syed Abdul Rafay,PRP,3257,7
NA-234,Ghulam Muhammad Banglani,Independent,2418,8
NA-234,Muhammad Shahid,Independent,1064,9
NA-234,Muhammad Sadiq,MQM,500,10
NA-234,Ghulab Khan,SKQM,460,11
NA-234,Sardar Babar Abbasi,Independent,353,12
NA-234,Faraz Ur Rehman,Independent,312,13
NA-234,Muhammad Daniyal Ahmed,Independent,282,14
NA-234,Rasheed Ahmed,IPP,212,15
NA-234,Dilawar Gulzar,GDA,212,16
NA-234,Muhammad Mazhar Jaffar,BPP,210,17
NA-234,Sarfaraz Ahmad Chaudhary,Independent,158,18
NA-234,Nawabzada Sardar Rafique Ahmed Abbasi,Independent,143,19
NA-234,Haris Khalid Mehmood Khan,Independent,108,20
NA-235,Muhammad Iqbal Khan,MQM-P,20185,1
NA-235,Saif Ur Rehman S/O Taj Alam Khan,Independent,14167,2
NA-235,Muhammad Asif Khan,PPP,11431,3
NA-235,Meraj Ul Huda Siddiqui,JIP,6652,4
NA-235,Sharafat Khan,PML-N,5041,5
NA-235,Saif Ur Rehman S/O Farooq Jan,Independent,2548,6
NA-235,Salman,Independent,1933,7
NA-235,Muhammad Arif,TLP,1563,8
NA-235,Muhammad Ashraf,PRP,1166,9
NA-235,Muhammad Anwar Khan Tareen,Independent,857,10
NA-235,Muhammad Khan,SKQM,508,11
NA-235,Syed Ali Hussain,IPP,203,12
NA-235,Faisal Nadeem Shaikh,PMML,190,13
NA-235,Nushera Bibi,Independent,158,14
NA-235,Kamran Raza,Independent,102,15
NA-235,Janbaz Khan,Independent,95,16
NA-235,Kareem Bakhsh Gabol,Independent,95,17
NA-235,Jhangeer Hussain Jafari,PCP,62,18
NA-235,Khuda Dad,Independent,59,19
NA-235,Muhammad Sher Khan,NDM,52,20
NA-235,Kaleem Ullah Khaskheli,Independent,51,21
NA-235,Awal Khan,Independent,40,22
NA-235,Rehman Dino Mahsera,Independent,37,23
NA-235,Manzoor Ahmed,PKMAP,27,24
NA-235,Muhammad Maqsood,Independent,24,25
NA-235,Shafaqat Ahmed,PDQM,14,26
NA-236,Hassan Shabbir,MQM-P,38871,1
NA-236,Muhammad Muzammil Qureshi,PPP,32231,2
NA-236,Muhammad Usama Razi Khan,JIP,21082,3
NA-236,Sabeen Malik,PDQM,5765,4
NA-236,Manzoor Hussain,Independent,5132,5
NA-236,Sadia Qaisar,Independent,4060,6
NA-236,Noor Uddin,Independent,3479,7
NA-236,Mitha Khan,Independent,2254,8
NA-236,Muhammad Luqman,TLP,2107,9
NA-236,Muhammad Asghar,Independent,1705,10
NA-236,Perveen Bashir,PML-N,1574,11
NA-236,Osama Bin Iqbal,Independent,1542,12
NA-236,Muhammad Owais Rabbani,Independent,1449,13
NA-236,Babar Siraj Mirza,MQM-H,1273,14
NA-236,Muhammad Ashraf Jabbar,Independent,1225,15
NA-236,Khalid,Independent,1188,16
NA-236,Muhammad Alamgeer Khan,Independent,1154,17
NA-236,Shafaq Naseem,Independent,1062,18
NA-236,Khurshid Hassan Khan Afridi,Independent,947,19
NA-236,Syed Firdous Shameem Naqvi,Independent,754,20
NA-236,Syed Mushtaq Hussain,GDA,683,21
NA-236,Daud Ahmad Fakhri,PCP,628,22
NA-236,Jamil Ahmed,Independent,611,23
NA-236,Shakeel Ahmad,PRP,609,24
NA-236,Imran Ali,PMML,544,25
NA-236,Syed Muhammad Umar Feroz,Independent,491,26
NA-236,Faysal Mujeeb,Independent,454,27
NA-236,Shaikh Khalid Sultan,Independent,426,28
NA-236,Abdul Rasheed,Independent,422,29
NA-236,Majid Maqsood,Independent,408,30
NA-236,Syed Azhar Fakhar Uddin,Independent,375,31
NA-236,Imran Saif Khan Ghauri,Independent,333,32
NA-236,Abdul Qadir Khanzada,Independent,326,33
NA-236,Fizza Zishan,Independent,0,34
NA-237,Asad Alam Niazi,PPP,40840,1
NA-237,Zahoor Ud Din,Independent,33322,2
NA-237,Irfan Ahmad,JIP,22257,3
NA-237,Muhammad Abdul Rauf Siddiqui,MQM-P,15412,4
NA-237,Muhammad Shahid,TLP,8826,5
NA-237,Rehan Qaisar Sheikh,PML-N,8188,6
NA-237,Syed Muhammad Danish,Independent,3007,7
NA-237,Ghulam Ali,Independent,2397,8
NA-237,Rameez H Loan,Independent,2115,9
NA-237,Muhammad Mohsin,Independent,1868,10
NA-237,Aamir Nawaz,Independent,1121,11
NA-237,Talha Ahmad Baig,Independent,953,12
NA-237,Babar Siraj Mirza,MQM-H,920,13
NA-237,Muhammad Shoaib,Independent,336,14
NA-237,S Muhammad Yousuf Ali Bhaati,PMML,307,15
NA-237,Ali Akbar,Independent,274,16
NA-237,Muhammad Mubeen Qadri,Independent,261,17
NA-237,Zunaira Rahman,IPP,215,18
NA-237,Ahsan Ullah,Independent,206,19
NA-237,Farhan Ghani,Independent,201,20
NA-237,Umbreen Malik,Independent,199,21
NA-237,Ahmad Zaman,ANP,196,22
NA-237,Jahangeer Khan,Independent,187,23
NA-237,Muhammad Saeed Shafiq,Independent,183,24
NA-237,Mir Raja Khan Jakhrani,Independent,163,25
NA-237,Muhammad Ahmed Shaikhani Haji,Independent,109,26
NA-237,Muazzam Ur Rahman,Independent,106,27
NA-237,Syed Akif Uddin,Independent,95,28
NA-237,Muhammad Zahid Bashir,PCP,95,29
NA-237,Syed Marghoob Hussain Abidi,Independent,89,30
NA-237,Najam Hameed,Independent,81,31
NA-237,Musarrat Nazeer Niazi,Independent,57,32
NA-237,Sheikh Khalid Sultan,Independent,41,33
NA-237,Liaquat Hussain Khan,Independent,35,34
NA-237,Niaz Muhammad Khan Mehmand,Independent,29,35
NA-237,Waleed Ahmad,Independent,24,36
NA-238,Sadiq Iftikhar,MQM-P,54885,1
NA-238,Haleem Adil Shaikh,Independent,36885,2
NA-238,Saif Uddin,JIP,36281,3
NA-238,Muhammad Waseem,TLP,10594,4
NA-238,Pir Umar Uddin Zafar,PPP,10464,5
NA-238,Shoaib Akhtar,Independent,4267,6
NA-238,Syed Arshad Hasan,Independent,3984,7
NA-238,Sidra Tul Muntaha,PML-N,3604,8
NA-238,Nawab Saleem Khan,Independent,3413,9
NA-238,Ali Ahmad Palh,Independent,930,10
NA-238,Jalal Uddin Bachlani,Independent,800,11
NA-238,Nadeem Sabir,Independent,286,12
NA-238,Syed Marghoob Hussain Abidi,Independent,236,13
NA-238,Mahmood Baki Maulvi,IPP,191,14
NA-238,Tabassum Abdul Qadir,Independent,178,15
NA-238,Aziz Ur Rahman,ANP,175,16
NA-238,Rehan Uddin,Independent,168,17
NA-238,Muhammad Ayub Awan,Independent,158,18
NA-238,Kausar Fatima Zaidi,GDA,129,19
NA-238,Muhammad Shahid,MQM-H,103,20
NA-238,Muhammad Imran,Independent,95,21
NA-238,Muhammad Ehtisham,Independent,60,22
NA-238,Muhammad Ashraf,Independent,49,23
NA-238,Mushtaq Ahmad,Independent,37,24
NA-238,Sehar Yahya,Independent,33,25
NA-239,Nabeel Ahmad Gabool,PPP,40027,1
NA-239,Muhammad Yasir,Independent,37285,2
NA-239,Fazal ur Rahman Niazi,JIP,22377,3
NA-239,Muhammad Sharjeel Goplani,TLP,14761,4
NA-239,Moulana Noor ul Haq,JUI-F,11813,5
NA-239,Abdul Shakoor Shad,Independent,1333,6
NA-239,Muhammad Irshad,Independent,213,7
NA-239,Hamza,PMML,201,8
NA-239,Saeed Ahmad,Independent,196,9
NA-239,Anwar Shah,Independent,173,10
NA-239,Maula Bakhsh Soomro,Independent,160,11
NA-239,Habibullah Khan,Independent,140,12
NA-239,Muhammad Akhtar,Independent,118,13
NA-239,Rasheed,Independent,96,14
NA-239,Faisal Allana,Independent,89,15
NA-239,Suleman Khan,Independent,77,16
NA-239,Shaista Ameer,GDA,66,17
NA-239,Abdul Wahab,Independent,53,18
NA-239,Faisal Jamal,Independent,44,19
NA-240,Arshad Abdullah Vohra,MQM-P,30573,1
NA-240,Ramzan,Independent,27318,2
NA-240,Syed Zaman Ali Jaffri,TLP,17091,3
NA-240,Saleem Mandvi Wala,PPP,17025,4
NA-240,Syed Abdul Rasheed,JIP,16128,5
NA-240,Sakeena Anwar,PML-N,2513,6
NA-240,Shahnaz,Independent,2161,7
NA-240,Muhammad Tehseen Chaudhary,Independent,466,8
NA-240,Mehdi Ishaq,PMML,343,9
NA-240,Shumaila,GDA,302,10
NA-240,Ali Ahmad Palh,Independent,222,11
NA-240,Raees Uddin,Independent,205,12
NA-240,Muhammad Saleem,Independent,169,13
NA-240,Aleem Adil Sheikh,Independent,121,14
NA-240,Muhammad Aslam,JUP-N,116,15
NA-240,Fazal Haq,Independent,74,16
NA-240,Sabir Ali Bangash,Independent,67,17
NA-240,Abdul Wahab,Independent,48,18
NA-240,Raghib Bashir,Independent,40,19
NA-241,Mirza Ikhtiar Baig,PPP,52456,1
NA-241,Khurram Sher Zaman,Independent,48610,2
NA-241,Naveed Ali Baig,JIP,4112,3
NA-241,Muniza Shahzil,Independent,1347,4
NA-241,Muhammad Jibran Nasir,Independent,1035,5
NA-241,Jairam Das,IPP,814,6
NA-241,Muhammad Farooq Sattar,MQM-P,511,7
NA-241,Mir Masood Rashid,Independent,327,8
NA-241,Manzoor Elahi,Independent,242,9
NA-241,Muhammad Waseem,TLP,189,10
NA-241,Nusrat Wahid,Independent,129,11
NA-241,Asadullah Khan,PNAP,80,12
NA-241,Waheed Hussain Rind,Independent,74,13
NA-241,Rozina,PML-N,73,14
NA-241,Shahab Imam,Independent,39,15
NA-241,Abdul Rab,PKMAP,29,16
NA-241,Muhammad Ilyas,Independent,26,17
NA-241,Mir Jawad Afsar Talpur,Independent,24,18
NA-241,Sadeed Anwar Malik Kashir,ALI,15,19
NA-241,Syed Khurram Kamal,Independent,14,20
NA-241,Javed Iqbal Jathari,Independent,14,21
NA-241,Taj Mehal,PMML,13,22
NA-241,Muhammad Tariq Hassan,PML-Q,11,23
NA-241,Ghulam Muhammad Banglani,Independent,8,24
NA-241,Shaheena,GDA,7,25
NA-241,Awab Alvi,Independent,5,26
NA-241,Zunaira Rehman,Independent,4,27
NA-241,Abdan Xavier Fernandes,Independent,3,28
NA-241,Karam Ullah,Independent,3,29
NA-241,Saif Ullah Khan,Independent,3,30
NA-241,Reshma Kanwal,Independent,3,31
NA-241,Samina Rizwan,Independent,3,32
NA-241,Raj Kumar,ATP,2,33
NA-241,Owais Khan,ANP,2,34
NA-241,Abdul Khurshid Khan,Independent,1,35
NA-241,Muhammad Siddique Mirza,Independent,1,36
NA-241,Syed Naeem Hasan,Independent,1,37
NA-242,Syed Mustafa Kamal,MQM-P,71727,1
NA-242,Dawa Khan Sabir,Independent,53770,2
NA-242,Qadir Khan Mandokhel,PPP,17464,3
NA-242,Fazal Ahad,JIP,13706,4
NA-242,Muhammad Sajid,TLP,13547,5
NA-242,Ghulam Shoaib,PML-N,11894,6
NA-242,Muhammad Anwar Khan Tareen,Independent,1771,7
NA-242,Abdur Rahman,SKQM,1291,8
NA-242,Arshad Suhail,ANP,725,9
NA-242,Gul Faraz,PRP,437,10
NA-242,Abdul Waheed Abid,PMML,403,11
NA-242,Asad Ullah,Independent,380,12
NA-242,Haider Ali,Independent,336,13
NA-242,Ghulam Muhammad Banglani,Independent,266,14
NA-242,Fayyaz Naseem,Independent,159,15
NA-242,Muhammad Masood Khan,Independent,153,16
NA-242,Nasir Khan,Independent,144,17
NA-242,Muhammad Siddiq,HQMP,133,18
NA-242,Liaquat Ali Afridi,Independent,122,19
NA-242,Bakhtiyar Ali,IPP,121,20
NA-242,Muhammad Saleem,Independent,110,21
NA-242,Hafiz Syed Habib Shah,Independent,74,22
NA-242,Muhammad Younis,PML-C,74,23
NA-242,Sarwat Israr,Independent,60,24
NA-242,Hazrat Umar,PMA,52,25
NA-242,Ashfaq Hussain,Independent,35,26
NA-242,Mohsin Abbas,Independent,34,27
NA-242,Muhmmad Essa Achakzai,PNAP,31,28
NA-242,Shabbir Ahmad Anjum,PDQM,16,29
NA-243,Abdul Qadir Patel,PPP,60266,1
NA-243,Shujaat Ali,Independent,48690,2
NA-243,Akhtar Hussain Jadoon,PML-N,19595,3
NA-243,Shiraz Khan Jadoon,JIP,13082,4
NA-243,Syed Kashif Ali Shah,TLP,12569,5
NA-243,Humayun Sultan,MQM-P,7176,6
NA-243,Abdul Raheem,PMML,1309,7
NA-243,Yousuf Khan,Independent,1090,8
NA-243,Sachanand Lakhwani Sachal,Independent,552,9
NA-243,Ghulam Mustafa,Independent,544,10
NA-243,Habib Ur Rehman,Independent,529,11
NA-243,Syed Fida Hussain Shah,Independent,361,12
NA-243,Muzaffar Ahmed,PML-SB,352,13
NA-243,Subhan Ali Sahil,Independent,227,14
NA-243,Muhammad Rahim,PKMAP,169,15
NA-243,Muhammad Moosa,Independent,159,16
NA-243,Hamid Khan Jadoon,Independent,134,17
NA-243,Faisal Somroo,Independent,114,18
NA-243,Luqman Khan Jadoon,Independent,95,19
NA-244,Muhammad Farooq Sattar,MQM-P,20048,1
NA-244,Aftab Jehangir,Independent,14073,2
NA-244,Hafiz Abdul Berr,PPP,7450,3
NA-244,Irfan Ahmed,JIP,6141,4
NA-244,Zameer Hussain,TLP,4340,5
NA-244,Ghulam Rasool,PML-N,2277,6
NA-244,Syed Muhammad Rehmat Ali Rehmani,Independent,2155,7
NA-244,Syed Kamran Shehzad Siddiqui,Independent,867,8
NA-244,Saeed Khan,PRP,728,9
NA-244,Muhammad Farooq Khan,Independent,305,10
NA-244,Abdul Wahaj Khan,Independent,190,11
NA-244,Muhammad Azhar,IPP,178,12
NA-244,Ikhtiar Ahmad,JWP,171,13
NA-244,Muhammad Tahir,PPP-SB,118,14
NA-244,Muhammad Ahmad,Independent,89,15
NA-244,Muhammad Abul Khair,Independent,84,16
NA-244,Muhammad Ishaq,ANP,40,17
NA-244,Raghib Bashir,Independent,29,18
NA-244,Muhammad Ashraf,Independent,24,19
NA-244,Riaz Khan,Independent,23,20
NA-244,Haji Khan Mashori,Independent,17,21
NA-244,Muhammad Yunus Qasmi,Independent,17,22
NA-244,Timoor Ahmed Yar Khan,PDQM,17,23
NA-244,Muhammad Bilal Hussain,PCP,10,24
NA-245,Syed Hafeez Uddin,MQM-P,57356,1
NA-245,Atta Ullah,Independent,36788,2
NA-245,Muhammad Ishaq Khan,JIP,15700,3
NA-245,Siddque Akbar,PPP,12526,4
NA-245,Amin Ullah,JUI-F,9676,5
NA-245,Wazir Ahmad Norani,TLP,8854,6
NA-245,Syed Majed Ullah,Independent,5639,7
NA-245,Muhammad Idrees,Independent,4618,8
NA-245,Khuda Nazar,PRP,1696,9
NA-245,Subhan Ali,Independent,1356,10
NA-245,Muhammad Ameer Hamza,Independent,1172,11
NA-245,Syed Rabab Haider,PMML,807,12
NA-245,Amir Nawab,ANP,733,13
NA-245,Eid Muhammad,SKQM,520,14
NA-245,Shah Zia Uddin Khan,TTP,400,15
NA-245,Fayyaz Kaim Khani,Independent,343,16
NA-245,Abdul Jalil Khan,Independent,276,17
NA-245,Imdad Ullah,Independent,192,18
NA-245,Muhammad Arif,Independent,148,19
NA-245,Noor Hussain,PAAM,105,20
NA-245,Parveen Usman,PNAP,81,21
NA-245,Shahbaz Khalid,Independent,63,22
NA-245,Waqar Ahmad,Independent,54,23
NA-246,Syed Amin ul Haq,MQM-P,74177,1
NA-246,Hafiz Naeem Ur Rehman,JIP,32011,2
NA-246,Malik Muhammad Arif Awan,Independent,29159,3
NA-246,Muhammad Ali,TLP,18279,4
NA-246,Waseem Akhter,PPP,7964,5
NA-246,Muhammad Kamal,Independent,4157,6
NA-246,Muhammad Mudassir Hussain Ansari,Independent,3297,7
NA-246,Syed Muhammad Saleem Ashrafi,PML-N,2633,8
NA-246,Muhammad Mustafa,Independent,2532,9
NA-246,Dost Muhammad,ANP,1639,10
NA-246,Saeed Ahmed,Independent,1051,11
NA-246,Sohail Khan,Independent,893,12
NA-246,Amir Shehzad,Independent,705,13
NA-246,Muhammad Saleem,Independent,704,14
NA-246,Shagufta Yasmin,Independent,690,15
NA-246,Amjad Islam Amjad,PMML,541,16
NA-246,Sajjad Ahmed Khan,Independent,512,17
NA-246,Shahbaz,Independent,492,18
NA-246,Gull Mola,Independent,479,19
NA-246,Rehman Uddin,Independent,443,20
NA-246,Hafiz UL Haque,Independent,362,21
NA-246,Rizwan Ahmed Khan,PCP,360,22
NA-246,Irfan Karim,PMA,331,23
NA-246,Muhammad Ishaque,Independent,321,24
NA-247,Khawaja Izhar Ul Hassan,MQM-P,65050,1
NA-247,Syed Abbas Husnain,Independent,52058,2
NA-247,Monam Zafar Khan,JIP,23863,3
NA-247,Muhammad Farooq,TLP,14836,4
NA-247,Syed Muhammad Asif Raza,Independent,10323,5
NA-247,Shaikh Muhammad Maaz Feroz,PPP,6355,6
NA-247,A Rashid Mehmood,Independent,4806,7
NA-247,Muhammad Ashraf Jabbar,Independent,2175,8
NA-247,Naheed Parveen,PML-N,2167,9
NA-247,Muhammad Tehamas Ali Khan,Independent,1167,10
NA-247,Hafiz Ahmad Ali,RJUI,889,11
NA-247,Danish Inder Gul Afridi,Independent,458,12
NA-247,Qazi Saleem Haidar,Independent,353,13
NA-247,Sheikh Muhammad Anus Feroz,Independent,333,14
NA-247,Dawood Ahmed Fakhri,PCP,329,15
NA-247,Muhammad Ameen,PMML,327,16
NA-247,Sharafat Hussain,Independent,276,17
NA-247,Amber Naeem,GDA,209,18
NA-247,Fayyaz Ahmed,Independent,193,19
NA-247,Zain ul Abideen,ALI,174,20
NA-247,Khalid Mumtaz,Independent,155,21
NA-247,Muhammad Asghar Ali,Independent,116,22
NA-247,Muhammad Ali,Independent,108,23
NA-247,Tabish Tofeeq,Independent,74,24
NA-247,Riaz Ahmad,Independent,62,25
NA-247,Naveel Ahmed Attari,Independent,51,26
NA-247,Shahida Suleman,Independent,46,27
NA-248,Khalid Maqbool Siddique,MQM-P,103082,1
NA-248,Arsalan Khalid,Independent,86342,2
NA-248,Muhammad Babar Khan,JIP,38881,3
NA-248,Muhammad Amjid Ali,TLP,13134,4
NA-248,Muhammad Hassan Khan,PPP,5448,5
NA-248,Nisar Ahmad,Independent,4490,6
NA-248,Shaikh Muhammad Owais Qarni,Independent,2230,7
NA-248,Syed Saif Uddin Qadri,Independent,1907,8
NA-248,Muhammad Anwar Azeem Khan,IPP,1334,9
NA-248,Muhammad Asif Khan,Independent,687,10
NA-248,Syed Naveed Aziz,Independent,683,11
NA-248,Muhammad Aslam Khan,Independent,673,12
NA-248,Jowhar Abid,Independent,651,13
NA-248,Syed Sadiq Raza Rizvi Jarchvi,Independent,541,14
NA-248,Noreen Kamran,PMML,467,15
NA-248,Naveed Hasan,MQM,386,16
NA-248,Talha Jameel,Independent,375,17
NA-248,Sheraz Ahmad Nagani,Independent,357,18
NA-248,Rashid Zameer Khan,Independent,355,19
NA-248,Muhammad Imran Shah,Independent,306,20
NA-248,Misbah,Independent,304,21
NA-248,Shaheen Khan,GDA,302,22
NA-248,Sarwat Israr,Independent,288,23
NA-248,Muhammad Aftab Uddin Baqai,Independent,266,24
NA-248,Rana Muhammad Waseem Akram,Independent,233,25
NA-248,Sumbul Akhtar,PCP,229,26
NA-248,Shahid Zafar Khan,Independent,225,27
NA-248,Syed Aamir Wahidi,Independent,208,28
NA-248,Uzma Muneeb,Independent,171,29
NA-248,Atta ul Mustafa Jameel Rathore,Independent,165,30
NA-248,Jalal Uddin Bachlani,Independent,140,31
NA-248,Ghulam Ali,Independent,118,32
NA-248,Sheikh Salahuddin,Independent,116,33
NA-248,Abdul Samad Khan,PMA,99,34
NA-249,Ahmad Saleem Siddique,MQM-P,77529,1
NA-249,Uzair Ali Khan,Independent,51152,2
NA-249,Mian Muslim Parvaiz,JIP,27205,3
NA-249,Muhammad Zahid Qureshi,Independent,15764,4
NA-249,Hafiz Muhammad Hamid Mahmood Kagani,TLP,9494,5
NA-249,Abdul Waheed,PPP,7502,6
NA-249,Syed Ansub Raza Fatmi,PML-N,1804,7
NA-249,Abid Hussain Qureshi,Independent,1416,8
NA-249,Muhammad Imran Khan,Independent,909,9
NA-249,Atta ul Mustafa Jamil Rathore,Independent,764,10
NA-249,Muhammad Jameel Ahmad Khan,PML-Q,704,11
NA-249,Muhammad Faisal,GDA,681,12
NA-249,Ahmed Niazi,Independent,641,13
NA-249,Syed Ali Salman,Independent,596,14
NA-249,Adeel Arif,Independent,547,15
NA-249,Abdul Azeem Khan,PMML,520,16
NA-249,Rao Asif Ali,Independent,519,17
NA-249,Niamat Khalil,ANP,490,18
NA-249,Abdus Samad Sardar,Independent,451,19
NA-249,Saeed Ahmed,Independent,381,20
NA-249,Sidra Imran,Independent,348,21
NA-249,Syed Mushahid Hussain,Independent,307,22
NA-249,Shumaila Abdul Hakeem Khan,Independent,248,23
NA-249,Qasim Jahangir,Independent,173,24
NA-249,Nosherwan Adil,Independent,171,25
NA-249,Ghulam Mohiuddin Ghouri,Independent,72,26
NA-249,Yasir Ali,PMA,45,27
NA-250,Farhan Chishti,MQM-P,79925,1
NA-250,Hafiz Naeem Ur Rehman,JIP,43659,2
NA-250,Muhammad Riaz Haider,Independent,37629,3
NA-250,Jowhar Abid,Independent,5906,4
NA-250,Sohail Mansoor Khawaja,PPP,5720,5
NA-250,Asad Jawad Khan Sherwani,TLP,3768,6
NA-250,Furqan Ali,PML-N,3315,7
NA-250,Maryum Salman,Independent,2244,8
NA-250,Tabish Tofeeq,Independent,2032,9
NA-250,Noureen Iqbal,IPP,1109,10
NA-250,Muhammad Bilal Haider,PMML,814,11
NA-250,Muhammad Khan Afridi,ANP,471,12
NA-250,Imrana Saeed Jameel,Independent,446,13
NA-250,Danish Naseem,Independent,222,14
NA-250,Sidra Imran,Independent,207,15
NA-250,Muhammad Mushtaq Ahmad,GDA,175,16
NA-250,Sara Ashfaq,PMA,123,17
NA-250,Abdul Rehman Jameel,PML-Z,117,18
NA-250,Faraz Ahmad,Independent,102,19
NA-250,Fazal Kareem,Independent,92,20
NA-250,Muhammad Behzad,Independent,84,21
NA-250,Syed Muhammad Ishrat Ghazali,PCP,64,22
NA-250,Abdul Samad Sardar,Independent,61,23
NA-250,Abu Bakar Siddique,Independent,54,24
NA-250,Muhammad Akram Tareen,PKMAP,25,25
NA-251,Maulana Syed Sami Ullah,JUI-F,46210,1
NA-251,Khushal Khan Kakar,PNAP,46117,2
NA-251,Nawab Muhammad Ayaz Khan Jogezai,PKMAP,24231,3
NA-251,Dawood Ullah,Independent,9824,4
NA-251,Toor Gul Khan Jogezai,PML-N,3886,5
NA-251,Abdul Malik,RJUI,2122,6
NA-251,Fareed Ahmad,Independent,1506,7
NA-251,Abdul Kabir,JIP,1352,8
NA-251,Muhammad Shafi,ANP,1301,9
NA-251,Ajab Khan,SKQM,978,10
NA-251,Muhammad Amin Khan Jogezai,Independent,953,11
NA-251,Abdul Ghafoor,Independent,813,12
NA-251,Abdul Razaq,Independent,378,13
NA-251,Muhammad Nasim,Independent,338,14
NA-251,Abdul Baqi,PPP,188,15
NA-251,Daulat Khan,Independent,159,16
NA-251,Malak Atta Muhammad Mardanzai,Independent,115,17
NA-252,Sardar Yaqoob Khan Nasir,PML-N,55003,1
NA-252,Sardar Babar Khan Musakhel,Independent,53125,2
NA-252,Mir Jahanzaib Khan Khetran,Independent,23001,3
NA-252,Amanullah Khan Nasir,JUI-F,19643,4
NA-252,Sardar Mir Baz Muhammad Khan Khatran,Independent,11402,5
NA-252,Sardar Taimoor Shah,PKMAP,6307,6
NA-252,Sardar Muhammad Israr Tareen,PPP,5961,7
NA-252,Ahsan Ayaz Khetran,Independent,4238,8
NA-252,Kaleemullalh,PNAP,3605,9
NA-252,Farooq Ahmad,Independent,1833,10
NA-252,Sardar Muhammad Shafique Tareen,Independent,1714,11
NA-252,Azam Khan Tareen,Independent,1653,12
NA-252,Aimal Khan Nasar,NDM,877,13
NA-252,Shazia Bibi,ANP,836,14
NA-252,Abdul Kareem,Independent,481,15
NA-252,Sikandar Hayat Khan Jogezai,Independent,423,16
NA-252,Muhammad Iqbal,RJUI,422,17
NA-252,Haji Haq Nawaz Buzdar,BNP,386,18
NA-252,Muhammad Akhlas,Independent,351,19
NA-252,Abdul Bari,JIP,301,20
NA-252,Shafi ud Din,JUI-N,261,21
NA-252,Mir Ibrar Khan Kethran,Independent,194,22
NA-252,Naimat Ullah Jalalzai,Independent,177,23
NA-252,Muhammad Aslam,Independent,175,24
NA-252,Mir Shah Jahan Khan Khetran,BAP,168,25
NA-252,Jamal Ud Din,Independent,136,26
NA-252,Jalil Ahmed Khan,IPP,135,27
NA-252,Sardar Taran Khan,Independent,119,28
NA-252,Muhammad Tariq,Independent,83,29
NA-252,Muhammad Dawood Khan,Independent,78,30
NA-252,Sher Muhammad,Independent,53,31
NA-252,Muhammad Ramazan Hashmi,Independent,49,32
NA-252,Parvaiz Khan,Independent,39,33
NA-252,Muhammad Nouman Khan Nasar,Independent,37,34
NA-252,Wali Dad,MQM-P,33,35
NA-253,Mian Khan Mandrani Bugti,Independent,54506,1
NA-253,Mir Dostain Khan Domki,PML-N,45532,2
NA-253,Naseer Ahmed Kakar,JUI-F,32600,3
NA-253,Nawabzada Shahzain Bugti,JWP,32345,4
NA-253,Sadam Tareen,Independent,29795,5
NA-253,Habib Ur Rehman Dummar,PKMAP,12887,6
NA-253,Malik Gaman Khan Marri,BNP,9059,7
NA-253,Sardarzada Akbar Khan,Independent,3483,8
NA-253,Mir Bangul Marri,Independent,2264,9
NA-253,Malik Faisal Bashir Awan,TLP,2078,10
NA-253,Farid Ullah Dumar,ANP,1355,11
NA-253,Yar Muhammad,NP,957,12
NA-253,Ahmad Jan,NDM,787,13
NA-253,Khuda e Dad Khan,Independent,650,14
NA-253,Babar Marghzani,Independent,593,15
NA-253,Naqeeb Ullah,RJUI,560,16
NA-253,Abdul Jabbar,BNP-A,560,17
NA-253,Jaleel Ahmad,Independent,511,18
NA-253,Mahr Ullah,PNAP,455,19
NA-253,Muhammad Saleem,MQM-P,420,20
NA-253,Mir Abdul Nabi Khan,Independent,331,21
NA-253,Attaullah,Independent,292,22
NA-253,Mir Sardar Khan Rind,Independent,290,23
NA-253,Mir Liaqat Ali Khan,Independent,218,24
NA-253,Mir Durakh Khan Domki,Independent,217,25
NA-253,Abdul Baqi Tareen,Independent,88,26
NA-253,Kohda Yar Marri,Independent,85,27
NA-253,Kalsoom Panezai,Independent,79,28
NA-253,Khudai Dost Kakar,Independent,57,29
NA-253,Mir Balach Khan Domki,Independent,38,30
NA-254,Khalid Hussain Magsi,BAP,79304,1
NA-254,Meer Nizam ud Din Lehri,JUI-F,44814,2
NA-254,Sardar Yar Muhammad Rind,Independent,4540,3
NA-254,Mir Ghulam Fareed Raisani,PPP,3129,4
NA-254,Yasmeen Bibi Lehri,NP,3090,5
NA-254,Allama Wahid Bakhsh Jalali,TLP,2919,6
NA-254,Mir Muhammad Faiq Abro,JQM,2040,7
NA-254,Pir Bakhsh Jamote,Independent,1716,8
NA-254,Meer Moula Dad Raija,Independent,504,9
NA-254,Khuda Bukhsh,BNP,409,10
NA-254,Muhammad Ibrahim,JIP,322,11
NA-254,Syed Asghar Ali Shah,MQM-P,322,12
NA-254,Sajid Ali,BNP-A,276,13
NA-254,Muhammad Rafique,Independent,273,14
NA-254,Syed Akbar Shah,Independent,241,15
NA-254,Mir Humayun Aziz Kurd,Independent,187,16
NA-254,Siraj Ali,Independent,153,17
NA-254,Muhammad Momin Kurd,Independent,125,18
NA-254,Ghulam Farooq,Independent,101,19
NA-254,Mir Farooq Aziz,Independent,81,20
NA-254,Mir Hakim Miran,Independent,74,21
NA-254,Muhammad Iqbal,Independent,61,22
NA-254,Mir Sardar Khan Rind,Independent,60,23
NA-254,Mir Beer Burg,Independent,55,24
NA-254,Meer Khan,Independent,53,25
NA-254,Mir Ghulam Jan,Independent,47,26
NA-254,Mir Raza Ali Khan Umrani,Independent,34,27
NA-255,Mir Khan Muhammad Jamali,PML-N,45404,1
NA-255,Mir Changez Khan Jamali,PPP,39398,2
NA-255,Meer Javed Khan Jamali,Independent,23415,3
NA-255,Mir Nisar Ahmad Khosa,Independent,18367,4
NA-255,Muhammad Arif Murad Rind,Independent,13492,5
NA-255,Mohammad Rafique Bhatti,JIP,10340,6
NA-255,Majida Abro,JQM,6937,7
NA-255,Mir Hussain Sasoli,JUI-F,4501,8
NA-255,Mir Shakir Hussain Khan Khosa,Independent,3485,9
NA-255,Azhar Hussain Lashari,TLP,2420,10
NA-255,Ghulam Mujtaba Abro,Independent,1903,11
NA-255,Mir Muhammad Naeem Khoosa,NP,1810,12
NA-255,Mir Moazam Ali Bhangar,Independent,1760,13
NA-255,Haji Abdul Ghafoor Mengal,BNP,1392,14
NA-255,Mir Muhammad Sadiq Umrani,Independent,1098,15
NA-255,Hazoor Bakhsh Jakhrani,JWP,1025,16
NA-255,Mamtaz Ali,Independent,944,17
NA-255,Farooq Jamali,Independent,557,18
NA-255,Ghulam Nabi,Independent,437,19
NA-255,Abdul Sattar,MQM-P,300,20
NA-255,Nasibullah,Independent,284,21
NA-255,Sardar Abdul Sattar Khan,PMML,280,22
NA-255,Syed Akbar Shah,Independent,249,23
NA-255,Abdul Farooque,Independent,224,24
NA-255,Sabir Hussain,Independent,222,25
NA-255,Izhar Hussain,Independent,210,26
NA-255,Muhammad Akbar,Independent,192,27
NA-255,Ahmad Nawaz,Independent,185,28
NA-255,Asadullah Khan,Independent,181,29
NA-255,Imran Khan,Independent,174,30
NA-255,Muhammad Dawood Naqshbandi,JUP-N,151,31
NA-255,Sahib Jan Lashari,Independent,147,32
NA-255,Wahid Bakhsh,Independent,143,33
NA-255,Ameer Zadi,Independent,141,34
NA-255,Muhammad Najeeb,Independent,129,35
NA-255,Azizullah Satankzai,RJUI,127,36
NA-255,Khurram Fattah,Independent,122,37
NA-255,Mir Godha Khan Hejwani,Independent,90,38
NA-255,Muhammad Ismail,ANP,90,39
NA-255,Abdul Latif,JUI-N,74,40
NA-255,Adam Khan,Independent,57,41
NA-255,Muhammad Waris,Independent,55,42
NA-255,Nobat Khan,Independent,38,43
NA-255,Asif Hussain,Independent,36,44
NA-255,Ruqia Sultana,MWM,34,45
NA-255,Zameer Hussain,Independent,33,46
NA-256,Muhammad Akhtar Mengal,BNP,65952,1
NA-256,Mir Abdul Rehman Zehri,PPP,29074,2
NA-256,Nawabzada Meer Israr ullah Zehri,Independent,18318,3
NA-256,Mir Shafiq Ur Rehman Mengal,Independent,12127,4
NA-256,Tahir Uddin Shah,TLP,4206,5
NA-256,Mir Ikhalaq Ahmad Khurani,Independent,1790,6
NA-256,Maulana Muhammad Aslam Gazgi,JIP,1344,7
NA-256,Abdul Khaliq,PML-N,1063,8
NA-256,Yasir Ahmad,Independent,953,9
NA-256,Manzoor Ali,Independent,649,10
NA-256,Abdul Quddus,Independent,528,11
NA-256,Sanaullah,PRP,277,12
NA-256,Shahzadi Laiba,Independent,169,13
NA-256,Mohy Uddin,Independent,141,14
NA-256,Muhammad Hassan,RJUI,57,15
NA-257,Jam Kamal Khan,PML-N,78649,1
NA-257,Muhammad Aslam Bhotani,Independent,59350,2
NA-257,Mir Abdul Wahab Bizenjo,PPP,18817,3
NA-257,Haji Muhammad Akbar Lasi,TLP,7662,4
NA-257,Mir Muhammad Alam Nousherwani,JUI-F,4656,5
NA-257,Muhammad Akram,Independent,3241,6
NA-257,Mir Ali Ahmed Zehri,Independent,2284,7
NA-257,Shah Nawaz Hassan,Independent,1018,8
NA-257,Niaz Muhammad,JIP,874,9
NA-257,Muhammad Anwar Roonjho,Independent,822,10
NA-257,Maria Kamal,Independent,354,11
NA-257,Muhammad Sharif,Independent,333,12
NA-257,Abdul Khalid,MQM-P,188,13
NA-257,Muhammad Siddique,Independent,142,14
NA-257,Muhammad Haneef,Independent,139,15
NA-257,Muhammad Qasim Khan,Independent,117,16
NA-257,Wazir Ahmad Noorani,Independent,114,17
NA-257,Nawaz Ali Burfat,ANP,102,18
NA-258,Phullain,NP,22318,1
NA-258,Noor Ahmad Adil Baloch,BNP-A,13798,2
NA-258,Mir Aslam Buledi,PML-N,10379,3
NA-258,Haji Zahid Hussain Baloch,BNP,6591,4
NA-258,Sardar Zafarullah Khan Gichki,JUI-F,2552,5
NA-258,Sabir Ali Baloch,PPP,2355,6
NA-258,Jasim,BAP,592,7
NA-258,Muhammad Javed,PMML,196,8
NA-258,Hidayat ur Rehman Baloch,HDT,156,9
NA-258,Zafarullah,Independent,143,10
NA-258,Muhammad Ismail Buledi,RJUI,129,11
NA-258,Shabir Ahmed,Independent,116,12
NA-258,Muhammad Noor,Independent,80,13
NA-258,Mohammad Yaseen,Independent,72,14
NA-258,Saeedullah,Independent,28,15
NA-258,Mir Chakar Piral,Independent,25,16
NA-258,Muhammad Ayub,Independent,20,17
NA-258,Shey Naseem Buledi,Independent,12,18
NA-259,Haji Malik Shah Gorgaij,PPP,40778,1
NA-259,Abdul Malik Baloch,NP,22313,2
NA-259,Waja Hussain Wadela Baloch,HDT,21352,3
NA-259,Yaqoob Bizenjo,Independent,20613,4
NA-259,Syed Ehsan Shah,BNP,5493,5
NA-259,Saeed Faiz Baloch,BNP-A,572,6
NA-259,Fida Ahmed,Independent,476,7
NA-259,Qasim,Independent,422,8
NA-259,Ayaz Qadir,Independent,401,9
NA-259,Khalid Waleed Saifi,JUI-F,253,10
NA-259,Kauda Babar,BAP,214,11
NA-259,Barkat Ali,Independent,167,12
NA-259,Naveed Jan Baloch,Independent,148,13
NA-259,Raheem Imam Bakhsh,Independent,144,14
NA-259,Salman,Independent,66,15
NA-259,Khalil Baloch,Independent,59,16
NA-259,Syed Taimoor Shah,Independent,53,17
NA-259,Hafeez Ullah,Independent,35,18
NA-259,Saeed Ahmed,MJAH,18,19
NA-260,Muhammad Usman Badini,JUI-F,42800,1
NA-260,Sardar Fateh Muhammad Mohammad Hassni,PML-N,35629,2
NA-260,Muhammad Hashim Notezai,BNP,27940,3
NA-260,Mir Ejaz Khan Sanjrani,Independent,26926,4
NA-260,Abdul Qadir Baloch,PPP,23869,5
NA-260,Haji Khuda Nazar Samalani,Independent,3430,6
NA-260,Ghulam Qadir Sanjrani,Independent,2342,7
NA-260,Mufti Naimat Ullah Habibi,TLP,2091,8
NA-260,Mir Muhammad Asim Khan Sanjrani,JIP,1053,9
NA-260,Shah Faisal,Independent,630,10
NA-260,Maulana Abdul Qudoos,TLI,591,11
NA-260,Abdul Khalique,NP,519,12
NA-260,Sardar Fateh Muhammad Zehri,Independent,433,13
NA-260,Haji Muhammad Azeem,BNP-A,348,14
NA-260,Abdul Ghafoor,Independent,295,15
NA-260,Muhammad Jan,JUI-N,274,16
NA-260,Pasund Khan,Independent,218,17
NA-260,Sardar Changaz Khan Sasoli,Independent,202,18
NA-260,Hameed Ullah,Independent,168,19
NA-260,Pir Bakhsh,Independent,137,20
NA-260,Aziz Ahmed Mengal,Independent,71,21
NA-260,Mir Muhammad Ishaq,Independent,64,22
NA-260,Shazia Nosherwani,Independent,59,23
NA-260,Liaqat Ali,Independent,54,24
NA-260,Palwasha Ramzan,PKMAP,34,25
NA-261,Maulana Abdul Ghafoor Haidari,JUI-F,31713,1
NA-261,Sardar Muhammad Akhtar Mengal,BNP,27465,2
NA-261,Sardar Sanaullah Khan Zehri,PPP,24269,3
NA-261,Mir Kabir Ahmed,NP,11951,4
NA-261,Bahi Khan Sumalani,BAP,7047,5
NA-261,Mir Sami Ullah,Independent,2572,6
NA-261,Abdul Latif Muhammad Hassni,Independent,1355,7
NA-261,Mir Muhammad Aslam,TLP,1275,8
NA-261,Mir Attaullah Langove,PML-N,1199,9
NA-261,Muhammad Ishaque,Independent,1089,10
NA-261,Takari Shafqatullah Langove,Independent,639,11
NA-261,Ghulam Farooq,BNP-A,541,12
NA-261,Hafiz Shams Ud Din,Independent,419,13
NA-261,Mubark Khan,JUI-N,387,14
NA-261,Rameen Rustam,Independent,324,15
NA-261,Saddam Hussain,Independent,279,16
NA-261,Naseer Ahmed,MQM-P,243,17
NA-261,Hassan Ali Sasoli,Independent,198,18
NA-261,Muhammad Raza,TLI,163,19
NA-261,Bashir Ahmad,Independent,139,20
NA-261,Mir Israrullah Zehri,Independent,95,21
NA-261,Abdul Haq,Independent,89,22
NA-261,Munir Ahmed,Independent,85,23
NA-261,Muhammad Anwar Shahwani,Independent,62,24
NA-261,Muhammad Iqbal,Independent,60,25
NA-261,Zulfiqar Ali,Independent,24,26
NA-261,Muhammad Essa,JUP-N,15,27
NA-262,Adil Khan Bazai,Independent,20278,1
NA-262,Malik Sikandar Khan,JUI-F,12887,2
NA-262,Khushal Khan Kakar,PNAP,8835,3
NA-262,Nawab Muhammad Ayaz Khan Jogezai,PKMAP,8447,4
NA-262,Muhammad Ramzan,PPP,6923,5
NA-262,Aziz Ullah,HDP,4264,6
NA-262,Manzoor Ahmed Kakar,BAP,2970,7
NA-262,Nawab Salman Khan Khilji,PML-N,2510,8
NA-262,Saifullah Khan,Independent,2278,9
NA-262,Nawabzada Aurangzaib Jogezai,BNP,1893,10
NA-262,Jaffar Ali,MWM,1060,11
NA-262,Noor Ali,JIP,1007,12
NA-262,Abdul Manan S/O Habib Ullah,Independent,888,13
NA-262,Malik Amjad Khan Kakar,JUI-N,742,14
NA-262,Muhammad Asif S/O Paind Khan,TTP,474,15
NA-262,Ajab Khan,MOTP,324,16
NA-262,Gul Muhammad,Independent,305,17
NA-262,Muhammad Raza,Independent,291,18
NA-262,Sabira Asad,NP,266,19
NA-262,Muhammad Asif S/O Muhammad Ameer,Independent,167,20
NA-262,Abdul Bari,RJUI,155,21
NA-262,Muhammad Shareef,Independent,150,22
NA-262,Muhammad Zahir,Independent,135,23
NA-262,Salar Khan Kakar,Independent,112,24
NA-262,Muhammad Dawood,Independent,108,25
NA-262,Abdul Manan S/O Haji Abdus Salam,Independent,84,26
NA-262,Noor Muhammad Khan,Independent,82,27
NA-262,Gul Baran,Independent,74,28
NA-262,Hayatullah Khan,Independent,64,29
NA-262,Ali Muhammad,MJAH,59,30
NA-262,Abdul Wajid,Independent,57,31
NA-262,Dawood Shah,Independent,44,32
NA-262,Muhammad Arif,Independent,44,33
NA-262,Abdul Khaliq,JUI-S,38,34
NA-262,Hikmat Ullah Kakar,Independent,17,35
NA-262,Muhammad Farooq,Independent,14,36
NA-262,Abdul Hakeem,Independent,10,37
NA-263,Haji Jamal Shah Kakar,PML-N,27175,1
NA-263,Sallar Khan Kakar,Independent,25372,2
NA-263,Mehmood Khan Achakzai,PKMAP,15304,3
NA-263,Rozi Khan Kakar,PPP,9076,4
NA-263,Nawabzada Haji Mir Lashkari Raisani,Independent,8562,5
NA-263,Nasrullah Khan Bareach,PNAP,7650,6
NA-263,Mirza Hussain Hazara,HDP,6395,7
NA-263,Mir Maqbool Ahmad Lehri,BNP,4416,8
NA-263,Arbab Liaqat Ali Hazara,MWM,3288,9
NA-263,Maulana Anwar Ul Haq Haqqani,Independent,2811,10
NA-263,Wali Muhammad Noorzai,Independent,2080,11
NA-263,Moulana Muhammad Ramzan Mengal,PRP,1320,12
NA-263,Mulana Abdul Qadir Looni,JUI-N,1042,13
NA-263,Muhammad Jawad,JWP,743,14
NA-263,Atta ur Rehman,JIP,609,15
NA-263,Rubina Irfan,BAP,551,16
NA-263,Wazeer Ahmad Noorani,TLP,537,17
NA-263,Abdul Razzaq,Independent,444,18
NA-263,Niaz Muhammad,NP,440,19
NA-263,Sardar Aurangzaib Rakhsani,Independent,405,20
NA-263,Naeem Kareem,Independent,381,21
NA-263,Shakeel Ahmed,PML-Q,319,22
NA-263,Habib ur Rehman,BNP-A,292,23
NA-263,Abdul Sadiq,RJUI,277,24
NA-263,Asghar Khan Achakzai,ANP,219,25
NA-263,Nawabzada Sharif Jogezai,Independent,211,26
NA-263,Nida Muhammad,Independent,181,27
NA-263,Naimat Ullah Khan,Independent,179,28
NA-263,Nasir Haidar Kasi,Independent,159,29
NA-263,Habib Ullah Khan,Independent,154,30
NA-263,Sardar Zulfiqar Ali,Independent,103,31
NA-263,Abdul Ghaffar Khan Kakar,Independent,98,32
NA-263,Abdul Wahid,JUI-S,89,33
NA-263,Umar Khan Achakzai,Independent,79,34
NA-263,Munawara Bibi Baloch,Independent,78,35
NA-263,Abdul Hadi,Independent,77,36
NA-263,Abdul Salam,Independent,67,37
NA-263,Iqbal Hassan Lehri,Independent,56,38
NA-263,Muhammad Rahim,Independent,41,39
NA-263,Abdul Mateen,Independent,39,40
NA-263,Syed Iqbal Shah,Independent,39,41
NA-263,Shah Faisal,Independent,15,42
NA-264,Nawabzada Mir Jamal Khan Raisani,PPP,14977,1
NA-264,Muhammad Akhtar Mengal,BNP,10057,2
NA-264,Maulana Abdul Rehman Rafiq,JUI-F,8872,3
NA-264,Sardar Zain ul Abideen Khan Khilji,Independent,6021,4
NA-264,Mir Kabir Ahmed,NP,4100,5
NA-264,Jamal Khan,PKMAP,3591,6
NA-264,Haji Noor Gul Khan,PNAP,3578,7
NA-264,Haji Arz Muhammad Barech,PML-N,2477,8
NA-264,Mir Humayun Aziz Kurd,Independent,1698,9
NA-264,Ghulam Farooq,BNP-A,621,10
NA-264,Abdul Wajid,TLP,563,11
NA-264,Mehr Ullah,JUI-N,517,12
NA-264,Akhtar Muhammad,JIP,427,13
NA-264,Feroz Khan,MQM-P,394,14
NA-264,Prince Ahmad Umar Ahmedzai,BAP,306,15
NA-264,Musa Khan,Independent,285,16
NA-264,Shahzad Ahmad,Independent,240,17
NA-264,Mir Tanveer Ahmad,Independent,220,18
NA-264,Rameen Rustam,Independent,174,19
NA-264,Abdul Ghaffar,Independent,132,20
NA-264,Muhammad Ali Reki Baloch,JWP,126,21
NA-264,Noor Ahmad,ANP,118,22
NA-264,Shams Ur Rehman,Independent,101,23
NA-264,Muhammad Qasim,PRP,76,24
NA-264,Haji Naseem Khan,JUI-S,55,25
NA-264,Amin Ullah,Independent,55,26
NA-264,Zulfiqar Ali Khan,Independent,53,27
NA-264,Mir Hazoor Bakhsh,PMML,52,28
NA-264,Abdullah,Independent,51,29
NA-264,Sardar Abdul Razzaq Satoryani,Independent,51,30
NA-264,Ghulam Nabi Marri,Independent,49,31
NA-264,Muhammad Hashim,Independent,46,32
NA-264,Bangul Khan,Independent,31,33
NA-264,Abdul Malik,RJUI,21,34
NA-264,Saif Ullah,Independent,19,35
NA-265,Moulana Fazal ur Rehman,JUI-F,52436,1
NA-265,Khushal Khan Kakar,PNAP,31438,2
NA-265,Syed Zahoor Ahmad Agha,Independent,21573,3
NA-265,Abdur Rauf,Independent,7508,4
NA-265,Asfand Yar Khan Kakar,Independent,4036,5
NA-265,Abdul Rasheed Nasir,ANP,2513,6
NA-265,Samina Saeed,JIP,776,7
NA-265,Muhammad Bilal Khan,Independent,550,8
NA-265,Saad Ullah Tareen,PML-N,518,9
NA-265,Syed Sana Ullah,Independent,486,10
NA-265,Khair Muhammad Khan Tareen,PPP,441,11
NA-265,Taimoor Shah Jalalzai,Independent,437,12
NA-265,Syed Kaleem Ullah,PRP,305,13
NA-265,Ahmad Yar Khan Kakar,Independent,305,14
NA-265,Najeeb Ullah,Independent,250,15
NA-265,Muhammad Salman,Independent,250,16
NA-265,Naqeeb Ullah,MOTP,134,17
NA-265,Muhammad Anwar,JUI-N,102,18
NA-265,Niamat Ullah Khan,Independent,100,19
NA-265,Syed Abdul Karim,BAP,91,20
NA-265,Moheb Ullah,RJUI,67,21
NA-265,Dolat Shah,Independent,40,22
NA-265,Masood Ahmad,MJAH,22,23
NA-266,Mehmood Khan Achakzai,PKMAP,67028,1
NA-266,Maulana Salahuddin,JUI-F,58439,2
NA-266,Muhibullah Kakar,ANP,38635,3
NA-266,Nazar Muhammad,PPP,9849,4
NA-266,Asmat Ullah Khan Kakar,Independent,8176,5
NA-266,Abdul Khaliq Khan,Independent,6631,6
NA-266,Muhammad Sadiq,MOTP,5634,7
NA-266,Salah Uddin S/O Abdul Wahid,Independent,3819,8
NA-266,Abdul Khaliq Khan,PML-N,980,9
NA-266,Abdul Wahid,JUI-N,724,10
NA-266,Sharaf Ud Din,JIP,638,11
NA-266,Abdul Hameed,Independent,423,12
NA-266,Mohammad Azam,PNAP,206,13
NA-266,Naseeb Ullah,Independent,89,14
NA-266,Fazal Muhammad Kakar,RJUI,40,15
NA-266,Abdul Khaliq,PRP,38,16
NA-266,Allauddin,Independent,23,17
NA-266,Hussain Ahmad,Independent,22,18
