{"type": "FeatureCollection", "features": [{"type": "Feature", "properties": {"na": "NA-4", "src": "commons-1997", "inset": false, "hex": "#00ab9e"}, "geometry": {"type": "Polygon", "coordinates": [[[67.37286116486791, 29.976128831599695], [67.38478747381293, 29.948592402507245], [67.36714174384738, 29.931448290160972], [67.34942329900943, 29.931003560098468], [67.33754108579666, 29.947408303247197], [67.29618959599073, 29.946376038953453], [67.24898348207842, 29.928495800887056], [67.2373384727595, 29.883656125186743], [67.2019776400083, 29.854929992752563], [67.2020885318332, 29.827088316713624], [67.2496437916608, 29.767033612551767], [67.25085679287697, 29.499858659259694], [67.27460210869651, 29.483779924052268], [67.3337771120148, 29.47976292066075], [67.35757398762645, 29.452567344373104], [67.38276769847464, 29.17509645001859], [67.30023178941256, 29.117235282035406], [67.28275810254168, 29.066697417672437], [67.24741647677027, 29.032359703290336], [67.24761088377872, 28.998988538207133], [67.21811810784111, 28.97593247985427], [67.20063384060546, 28.925388625408882], [67.14168019949598, 28.86814306803485], [67.13038181232608, 28.773259495542877], [67.05919101093521, 28.77129896246157], [67.02961613002653, 28.753794953140766], [66.94653567129195, 28.74595769605649], [66.86923268652801, 28.760556282376143], [66.77415749448532, 28.757994401024334], [66.70884615757006, 28.739539386171863], [66.64950855619833, 28.710108453773824], [66.56073542325547, 28.60747954605705], [66.47156848878141, 28.57167531758721], [66.37031878639533, 28.557844355840697], [66.31676238663007, 28.5341379771413], [66.28112823049298, 28.4997571678347], [66.19229322172413, 28.346913592647503], [66.16297706873335, 28.22908314446339], [66.1213698204326, 28.183377067707042], [66.0616613087611, 28.17062838829602], [66.03189923437556, 28.141958462680606], [65.99656147836184, 28.023939617524736], [65.94279599614556, 28.00576603750655], [65.93108719783964, 27.94969861785704], [65.80596511912505, 27.812499559575258], [65.75839061981793, 27.733142847030866], [65.75849638629911, 27.710841387658608], [65.71071779850507, 27.6705055463317], [65.69340047306909, 27.53062811897293], [65.66342887088986, 27.52422637866343], [65.65161993583432, 27.484868021541722], [65.60971415776898, 27.461406838907298], [65.58007969062348, 27.382516975724293], [65.58036174450409, 27.326762200516377], [65.56259948407454, 27.276082386973826], [65.5147030256325, 27.241287170732], [65.48485094479109, 27.20141721571869], [65.48505307211725, 27.162387303313814], [65.39524822632141, 27.08179242588342], [65.36536516151638, 27.04191252100656], [65.3595209541346, 27.008284515302524], [65.34152259179997, 26.996622948263965], [65.1006129675063, 26.98432009207633], [65.04648213069801, 26.95491878066383], [64.96807591296876, 26.952760537540804], [64.72039928851096, 26.990719655803584], [64.70201990141025, 27.062856880958634], [64.67172334436188, 27.089991147829053], [64.39354636786408, 27.116272537496183], [64.33285444571467, 27.19301681168701], [64.26022027047212, 27.196770550808893], [64.21777847035479, 27.229271685058247], [64.13307072958808, 27.18798102679202], [64.09672212548645, 27.187073948383713], [64.0421336174073, 27.219302732417827], [64.01183052085533, 27.21855478603576], [63.975522041234726, 27.17287281008006], [63.945204245796454, 27.172125303590285], [63.86024919542215, 27.20364202451084], [63.805664211187015, 27.17991168371166], [63.79350007264073, 27.2076221395476], [63.76314474012812, 27.21809193791651], [63.763122719763956, 27.24610078776311], [63.73882928764808, 27.26792703592131], [63.42292425754694, 27.238045265524022], [63.38034798738032, 27.18658862989851], [63.25863952188519, 27.161325818817883], [63.19777695124345, 27.204797848210333], [63.14905928261242, 27.203683686101307], [63.10643357934123, 27.21954668254423], [63.02722333076326, 27.217756209114327], [62.97843090959037, 27.18859455885793], [62.85648190559565, 27.202711540608497], [62.807647057545964, 27.18478378101521], [62.77108251547897, 27.217672034433452], [62.77721271440564, 27.234655154638116], [62.81385108660227, 27.25230767370636], [62.79569083724088, 27.336153710387773], [62.838487921445534, 27.393247183105938], [62.856884249907004, 27.449809209070118], [62.845693913060295, 27.8765446694946], [63.187128579617095, 28.175662244299087], [63.266114381465066, 28.188512046978957], [63.333093219699556, 28.27411672075839], [63.59994674162204, 28.296488234409775], [63.78766421727388, 28.283638829297363], [63.957181005947064, 28.393825653956785], [64.01765131852862, 28.417554633380586], [64.05994992844236, 28.418469279907118], [64.17476272348328, 28.49382524656763], [64.29546862313819, 28.513271055064685], [64.31960865269522, 28.536211261088745], [64.33169261923692, 28.57569422479046], [64.3618418993343, 28.57635407961287], [64.39196611259763, 28.52660062209019], [64.42210870093957, 28.527268127724554], [64.53058784311018, 28.61928253331869], [64.5787652420675, 28.625952797736804], [64.66905572358064, 28.683954622085377], [64.7472651831063, 28.67451164241774], [64.81339922020405, 28.720776571837387], [64.9576262408619, 28.718454533162564], [65.01766297830035, 28.74779926478891], [65.08962622115403, 28.838942666233347], [65.22755589226865, 28.870070405573394], [65.2814392631148, 28.93281677460424], [65.35928654828595, 28.968156181927387], [65.47291590330336, 29.07139602572427], [65.61049389249177, 29.074592437546404], [65.73584513297915, 29.172498730662447], [65.83140536495846, 29.169160832891745], [65.8493372203687, 29.158416193059463], [65.91498065820817, 29.16555994351191], [65.98049748606768, 29.217369302434747], [66.02210668677536, 29.279769391065365], [66.03978083461455, 29.380677966100883], [66.05764845156487, 29.386681787680182], [66.08752591856987, 29.348311436654917], [66.1113594599779, 29.34887781148624], [66.12318780314176, 29.388231255056432], [66.18262000994463, 29.445455971498543], [66.21819078958065, 29.513272812038082], [66.2180615163737, 29.57466599227396], [66.24177196632978, 29.61987424375645], [66.25925852038988, 29.815654611732263], [66.33647837026561, 29.850919550362143], [66.42547880881793, 29.91436123439184], [66.52029398266542, 30.005830322177246], [66.5973738764737, 30.029925145737803], [66.62694542729916, 30.06966102292371], [66.63868073820495, 30.131300730638152], [66.65642047800858, 30.1540238620004], [66.69792892179709, 30.143819777513563], [66.71574144317323, 30.12749608954699], [66.7277168277038, 30.07199639528775], [66.77517221559079, 30.050797128493276], [66.84030151058843, 30.063480527058736], [66.90546386526086, 30.053871267846418], [66.94083910352016, 30.104881694352354], [66.96449404829482, 30.111016784547214], [66.9584995862228, 30.138746637954966], [66.98801959524904, 30.161741890965022], [67.04126777641538, 30.157430559155756], [67.10064056814333, 30.080834493341634], [67.09485430489676, 30.04169134238326], [67.14229148745942, 30.003845041350534], [67.21330970542161, 29.98330537956846], [67.26624263137336, 30.051441594568548], [67.2898712212464, 30.05202279388559], [67.37286116486791, 29.976128831599695]]]}}, {"type": "Feature", "properties": {"na": "NA-196", "src": "commons-1997", "inset": true, "hex": "#e1ae00"}, "geometry": {"type": "Polygon", "coordinates": [[[67.09497674746237, 25.504808146332984], [67.51183338048264, 25.50743202580189], [67.51337347204706, 24.765820225193117], [67.50640563515347, 24.775516236090514], [67.50177389478658, 24.775487081874193], [67.48481685207311, 24.76285765736717], [67.4832816070503, 24.758673764057118], [67.47863830877297, 24.764210176824726], [67.46860576078899, 24.762755617610047], [67.46628411165034, 24.765523823993853], [67.45934805901042, 24.759914525685442], [67.45470765021071, 24.764059546707067], [67.45159381800097, 24.776562636276697], [67.43845610624008, 24.7834369913937], [67.40914775588158, 24.77072982230982], [67.38906821252554, 24.774777662610376], [67.38290700609106, 24.767781831592036], [67.36977796276298, 24.770482011471092], [67.36512599605284, 24.78019259947665], [67.3628101258694, 24.78017802236849], [67.35438217037077, 24.749513954560282], [67.3466481557046, 24.75642232292966], [67.33353355976455, 24.7521655440788], [67.32426141059794, 24.756281410884107], [67.31192455034093, 24.74924670757734], [67.31193321877376, 24.74507253233939], [67.31812620946192, 24.736763054151922], [67.3428663879609, 24.718830450607857], [67.33824331602682, 24.71462712115359], [67.33051219083823, 24.720144097776984], [67.31740048437581, 24.714495927180145], [67.29267475326486, 24.725471571994294], [67.2726616678938, 24.697517402137247], [67.26030458129354, 24.700222441052357], [67.24874545671956, 24.690409813289676], [67.24024815375837, 24.69313914738505], [67.2355817396602, 24.709806694120523], [67.22783616708358, 24.722280629473833], [67.22705265244535, 24.727841337421708], [67.26255399349203, 24.73223902831812], [67.26565048883612, 24.728084289224384], [67.2671741759485, 24.737833749518373], [67.26330283439898, 24.743375021322034], [67.2648409688994, 24.746167522886108], [67.2856780215952, 24.74908150035152], [67.30957978538142, 24.763146047929002], [67.32424118425469, 24.766021153105985], [67.32576487136707, 24.77577061339997], [67.32421228947862, 24.779935070565813], [67.33346421230199, 24.785558945982384], [67.33653181286999, 24.795318124348476], [67.33961675030366, 24.796728952238674], [67.34580974099183, 24.788419474051206], [67.3496695246309, 24.788443769231474], [67.3565997983156, 24.79683585103185], [67.34957417186988, 24.834359696848903], [67.35110363793747, 24.841326373650922], [67.34799558468295, 24.851046679728586], [67.29939987403948, 24.83265246775944], [67.25772865812549, 24.82543312108264], [67.256161628849, 24.836554536978394], [67.23840373463165, 24.837834170895146], [67.23836617142275, 24.85592226359292], [67.23217029125699, 24.86562313352637], [67.22676370468467, 24.86698051201998], [67.22447095032207, 24.855834800943956], [67.22368454620623, 24.862786900637815], [67.21594475258483, 24.872478052499158], [67.21359998762532, 24.886377392850825], [67.21590718937594, 24.890566145196935], [67.21589274198791, 24.897523103926847], [67.25371573217325, 24.899152588439453], [67.25679489065169, 24.903346199821616], [67.25678333274126, 24.908911766805545], [67.25368105844197, 24.915849289391247], [67.25443567830415, 24.924202498903195], [67.25751483678258, 24.928396110285355], [67.26677831751637, 24.928454418717997], [67.27062654324502, 24.934044280882198], [67.2713435998983, 24.960485583091923], [67.26899305598357, 24.977167706935553], [67.27822186298609, 24.99392271631999], [67.27894758807219, 25.016189843291766], [67.28741599625731, 25.027374426656216], [67.29894622605522, 25.051100971878725], [67.29892888918958, 25.05944932235462], [67.29272723006859, 25.071932975780037], [67.29732140722659, 25.09005022269413], [67.28878943053414, 25.1094762577413], [67.29186858901257, 25.113669869123463], [67.29185703110214, 25.11923543610739], [67.28798857903026, 25.123385316165074], [67.2926029825315, 25.13176282085729], [67.29406310113654, 25.172122899562897], [67.3303652936871, 25.162611532035534], [67.33883948082743, 25.171013331908018], [67.348097182606, 25.173854423832626], [67.36579439779362, 25.20179401658151], [67.37041746972768, 25.20599734603578], [67.37968383993909, 25.20466426272244], [67.3888750837327, 25.23950736480465], [67.34780823484532, 25.312993598430893], [67.34008288861196, 25.315727791562324], [67.33315261492726, 25.307335709761947], [67.33006189853839, 25.308707665363716], [67.32773735992212, 25.3128672634935], [67.32998966159822, 25.34349245901328], [67.32221519424554, 25.369880311826417], [67.30364489061387, 25.390634571150873], [67.29207420812946, 25.386387510372124], [67.2743567665986, 25.368187659845116], [67.25275064665259, 25.363877431597672], [67.22491975176474, 25.383181990743502], [67.1947989919919, 25.389949447067327], [67.18705630889289, 25.401031990674653], [67.18551817439248, 25.39823948911058], [67.18478955982877, 25.377363753884786], [67.1794031995997, 25.368981390156517], [67.15543497782853, 25.38691885273663], [67.15154918889101, 25.399417083270208], [67.1538448327312, 25.409171402600247], [67.15152607307016, 25.41054821723807], [67.143043217497, 25.406320592603535], [67.13534098708448, 25.3979236517671], [67.12684946307851, 25.397870202370513], [67.11530767537018, 25.379709224131933], [67.09987143029147, 25.37822065166488], [67.08676550278426, 25.369789697576074], [67.07753958525936, 25.35164329644566], [67.06833967303292, 25.320974369601394], [67.06529518828576, 25.30008405726744], [67.06295620228146, 25.31120061412714], [67.04976070096843, 25.3459028041638], [67.06280017049069, 25.386335768410206], [67.06972755469779, 25.39611924195657], [67.0735613330384, 25.408666062850678], [67.07588009269946, 25.40728924821286], [67.10821270146188, 25.45062647185257], [67.11127163359708, 25.464559825456607], [67.11046500313799, 25.481251667372348], [67.09730706503385, 25.49786576471123], [67.09497674746237, 25.504808146332984]]]}}, {"type": "Feature", "properties": {"na": "NA-197", "src": "commons-1997", "inset": false, "hex": "#228b22"}, "geometry": {"type": "Polygon", "coordinates": [[[67.30107944209587, 30.219380487978597], [67.31320466295416, 30.13056269055942], [67.27202690601328, 30.084999953590696], [67.27210876895414, 30.06272435039451], [67.24851900891022, 30.05100645959253], [67.21915800684633, 30.00015837906456], [67.19553677647083, 29.994007938977514], [67.10666275883364, 30.047548970432967], [67.11244783183567, 30.08669120603571], [67.04714899410368, 30.168717114650462], [66.982073334627, 30.17275002013532], [66.94665016097714, 30.144041411575714], [66.95264381154851, 30.116310235268212], [66.91718024582087, 30.09874709558675], [66.89951296671447, 30.064879721313975], [66.79881345424957, 30.073657562479095], [66.78106929200203, 30.06208861386788], [66.73955541736083, 30.07784954823236], [66.72758003729537, 30.13334774111284], [66.70383164439541, 30.15511245792316], [66.65047177310143, 30.165046049707488], [66.62681331687179, 30.136608180144144], [66.61507482096881, 30.07496654795244], [66.59142007241503, 30.040946149823547], [66.51433876342487, 30.01685391820201], [66.419519500176, 29.92538616054188], [66.24735717798333, 29.820965114737177], [66.22986161080975, 29.625177833849257], [66.20614799619166, 29.57996878026342], [66.20627475092319, 29.518573206073043], [66.17069922429418, 29.450755162378478], [66.1112613953594, 29.39353061700025], [66.10537664403091, 29.359899251790182], [66.0635849280224, 29.397987226733854], [66.0278495322276, 29.385980396753094], [66.01017026346418, 29.28506860855333], [65.96855621145492, 29.222667769138532], [65.90898961981043, 29.176584295111695], [65.85528478435093, 29.169725734841006], [65.83735413967042, 29.18047067030095], [65.72985320902224, 29.183530949446176], [65.60449744895408, 29.08562707376944], [65.46691845586284, 29.082436435989205], [65.35328445662095, 28.97919833962856], [65.27543533238862, 28.9438611884195], [65.22154923737496, 28.881115231759168], [65.08361750265932, 28.849992426898666], [65.01165034499601, 28.75884935139831], [64.9516121113799, 28.729506290662616], [64.80738425511092, 28.731834522337117], [64.74124804236862, 28.685571011116], [64.6630384392989, 28.695017590197473], [64.57274518367021, 28.637017852403694], [64.52456722358961, 28.63034942843552], [64.41608390472173, 28.53833685505726], [64.39197215322305, 28.54340531171578], [64.36787692005635, 28.58769077812368], [64.3256690757566, 28.586768229014893], [64.28944248643415, 28.524344718523743], [64.16873507800136, 28.504903427195284], [64.0539186984341, 28.429550047533358], [64.01161978298474, 28.42863715832393], [63.951148186165135, 28.404910017703244], [63.78162614849627, 28.294727031975285], [63.60602632984247, 28.307838701488862], [63.33920269497099, 28.291087351181343], [63.3027190716077, 28.262264694584744], [63.26006937986931, 28.19961932086561], [63.18108258671872, 28.186772445949714], [63.09579494395226, 28.10639381137906], [63.06536579425366, 28.09453839517593], [62.84572539457113, 27.887784538885768], [62.833559310031085, 27.893156102418622], [62.827632452714575, 27.949236774810693], [62.79738786836598, 28.016078074754695], [62.797533596209036, 28.061052080884256], [62.84673187419411, 28.208187063549644], [62.84090578572885, 28.281161147016277], [62.828776092045054, 28.292171237915102], [62.761822420724855, 28.29088047900143], [62.706890409278934, 28.256082503139982], [62.63988564931632, 28.254801880824303], [62.57916637659568, 28.304285378895827], [62.57936274694963, 28.349301440205387], [62.512718288309024, 28.43248091748433], [62.40293250176278, 28.419222608832428], [62.244708740233406, 28.48960090126291], [62.147042902664026, 28.48789094078499], [62.013149643233, 28.564484725971553], [61.958739078093565, 28.65376705056849], [61.93441010604479, 28.6702788266272], [61.903855825281056, 28.669775732758445], [61.75809473367542, 28.80279405999173], [61.67368602236998, 28.95948891718012], [61.64333245496243, 28.987251452839086], [61.63776201842334, 29.054908682364438], [61.61357906832824, 29.08842390486248], [61.61381262591761, 29.116657468250356], [61.53522549836707, 29.22281459439994], [61.49937993591805, 29.31833586207408], [61.46900370653404, 29.340512456467643], [61.46936538335915, 29.380067102939634], [61.50030433743297, 29.420040853319797], [61.500512618920666, 29.442643695978635], [61.47626570414124, 29.46491613639006], [61.43957512158673, 29.46442177179654], [61.39708428874666, 29.49776380741295], [61.35492492392738, 29.565040375896462], [61.29425342152043, 29.61514226572968], [61.16757102811161, 29.78890306745764], [61.03452206401216, 29.934474383317937], [61.06513318768044, 29.934824350942467], [61.11984279882195, 29.901500363866884], [61.241842700126334, 29.868995833542836], [61.314811603302985, 29.830286494580253], [61.375890357578506, 29.825383315626546], [61.412274729571294, 29.79756511986024], [61.56456615430188, 29.75428393352573], [61.61314792009401, 29.72666269003329], [61.649780992936726, 29.727144690432436], [61.66793531255293, 29.71043579135313], [61.880770049982736, 29.634260943185158], [62.0267422313331, 29.596807906604607], [62.26947731400415, 29.487550530669672], [62.34855375597858, 29.48311276016977], [62.585100648450364, 29.396635676628385], [62.7067589782568, 29.42112541391914], [63.01632847798463, 29.44311858098412], [63.03457803565093, 29.454680575720058], [63.68214060229789, 29.499701577951853], [63.86913140068097, 29.469420451500593], [63.9414196532407, 29.4426937743842], [64.09812439012651, 29.434435722770186], [64.15225504717536, 29.401807464389577], [64.19442124719897, 29.402624155028423], [64.2306134505719, 29.425767713166376], [64.22471136616298, 29.470534744221197], [64.26697226767283, 29.516231595945307], [64.39341857890113, 29.557944300811744], [64.57376662800812, 29.572696949244584], [64.61585884007901, 29.59595368033884], [64.85590804713779, 29.58957098448663], [64.96978925749337, 29.55830396019316], [65.22136938823705, 29.580369247178083], [65.35300390784451, 29.633530633763783], [65.46060874638869, 29.652620700196305], [65.49645961777127, 29.675766137037122], [65.72330877497049, 29.731021592397834], [65.74119665338428, 29.74818358121754], [65.89023476775304, 29.773825103181807], [66.08669834228294, 29.845247632311676], [66.21162604103903, 29.85365099077694], [66.23532424602537, 29.91560807459843], [66.3005889293351, 30.000832411883795], [66.27677066302415, 30.039383658494874], [66.21730472027414, 30.071567951555135], [66.2232314835221, 30.088454215504093], [66.25886928262143, 30.10599710578446], [66.28258198204087, 30.156782995211795], [66.30038441279484, 30.17392934776049], [66.40726480503615, 30.170715826513078], [66.45470498757265, 30.19968773047118], [66.46059433715659, 30.233313786921702], [66.53772877024205, 30.21829304907603], [66.57928220417182, 30.191325778515218], [66.63262793976797, 30.19811613405019], [66.69174664420922, 30.277572095520593], [66.76848033058137, 30.424365257501528], [66.80987179659853, 30.44761123084166], [66.83946705436614, 30.44269924699436], [66.89873482847257, 30.3882678690897], [66.95789035316196, 30.3840467669813], [67.01689705291156, 30.435586128641233], [67.09364880135014, 30.465229799726746], [67.10557378905897, 30.42091037737553], [67.19443515988222, 30.32824932010433], [67.14138446160538, 30.287986096971593], [67.14144949317645, 30.26569682061003], [67.1888510807307, 30.222249389289185], [67.23020003532207, 30.223241288376993], [67.25375009972805, 30.24609093241226], [67.27738743819816, 30.241089059510596], [67.30107944209587, 30.219380487978597]]]}}, {"type": "Feature", "properties": {"na": "NA-138", "src": "commons-1997", "inset": true, "hex": "#228b22"}, "geometry": {"type": "Polygon", "coordinates": [[[67.38733405975466, 25.23810625498656], [67.37890610425606, 25.20744218717835], [67.36963973404465, 25.20877527049169], [67.36578861883841, 25.204576800073475], [67.34646947429977, 25.214195066394016], [67.32633792034683, 25.24328795812226], [67.32171195893515, 25.240476020413976], [67.3163284881837, 25.23070226493972], [67.31013549749554, 25.23901174312719], [67.30550375712865, 25.23898258891087], [67.29780730567134, 25.227802864582472], [67.2970237910331, 25.233363572530347], [67.29393018516663, 25.2361269198781], [67.27313358515731, 25.21373345796893], [67.26927380151824, 25.213709162788664], [67.2638585465131, 25.21924071652022], [67.25924414301186, 25.210863211828002], [67.24996332541242, 25.219153253871255], [67.2430157148621, 25.219109522546773], [67.23762646515543, 25.212118550564487], [67.21679230193722, 25.207813181353092], [67.21599722938855, 25.2189394562849], [67.21135682058885, 25.22308447730653], [67.18897874391502, 25.218769390023027], [67.17585259006455, 25.2200781781561], [67.16505386430795, 25.215835976413405], [67.1519305999351, 25.215753372800496], [67.14421970108977, 25.21153060720201], [67.1380700525657, 25.19896920919974], [67.13808161047612, 25.19340364221581], [67.14816039010182, 25.172595933494765], [67.14200785210015, 25.161425927238476], [67.14205986269708, 25.136380875810787], [67.1320330936683, 25.13214353310414], [67.11041541581187, 25.133398871840622], [67.10576633857934, 25.141718068100197], [67.09650285784555, 25.141659759667554], [67.0864847572496, 25.133248241722963], [67.08110417597574, 25.122083094502727], [67.07570625783625, 25.119266297758386], [67.07187536897324, 25.105328085118295], [67.06649189822178, 25.095554329644038], [67.05955006662666, 25.092727814827594], [67.047195869504, 25.09404146199672], [67.04100287881583, 25.102350940184188], [67.02632992203213, 25.105041401991137], [67.02246146996023, 25.109191282048815], [67.01165407577082, 25.109123255544066], [66.99392218685192, 25.097880363746974], [66.98233705697949, 25.100590261698137], [66.98080181195667, 25.09640636838808], [66.97540389381717, 25.093589571643744], [66.97157300495415, 25.07965135900365], [66.97160189973023, 25.06573744154382], [66.97624808748516, 25.05880963703023], [66.97319782378278, 25.04070210818824], [66.94773480967531, 25.034976193014543], [66.94233978101343, 25.03076800452422], [66.93850022371758, 25.021003967122073], [66.93930107522146, 25.0070949086983], [66.93777160915387, 25.00012823189628], [66.93006071030854, 24.995905466297796], [66.92852546528573, 24.991721572987743], [66.91618571555111, 24.986078261426954], [66.91620305241675, 24.97772991095106], [66.92164142324273, 24.96106722325164], [66.91868362282379, 24.898435158538206], [66.92255785385089, 24.89150249498856], [66.92644942174364, 24.876221480963018], [66.92339915804128, 24.85811395212103], [66.90641033107413, 24.860789836819816], [66.89021946613325, 24.850948054840813], [66.88560795210961, 24.841179158402614], [66.8764224872712, 24.803553272828438], [66.87334621827037, 24.797968269700295], [66.86640149719764, 24.79653314662983], [66.85093635734287, 24.808958491622604], [66.83935700642564, 24.8088856060818], [66.82316614148478, 24.7990438241028], [66.81853440111787, 24.79901466988648], [66.79842596298579, 24.816976427646857], [66.79147835243545, 24.816932696322375], [66.78224665595535, 24.801569078683926], [66.77069331033657, 24.78897366742928], [66.76530983958511, 24.779199911955025], [66.76609046474574, 24.77503059575313], [66.76455233024532, 24.772238094189056], [66.75759316178456, 24.777759929848507], [66.73755985007026, 24.75954550221334], [66.71596239855707, 24.751061098727945], [66.70826305762216, 24.74127276614553], [66.70132411550463, 24.7370548595831], [66.69360454822647, 24.737006269222565], [66.67889113875628, 24.75917621547327], [66.68428616741818, 24.763384403963595], [66.68659047969119, 24.768964548055685], [66.68191250768258, 24.791197661775087], [66.68419659361236, 24.806517548089058], [66.6972649579107, 24.83303659487564], [66.70339438009151, 24.85533773509979], [66.71568789818443, 24.8832433145963], [66.71644540752419, 24.89020513236227], [66.71951878704743, 24.897181527236395], [66.73493480578288, 24.908409841925327], [66.73954920928414, 24.916787346617543], [66.74492112212516, 24.93212666907573], [66.74794538052907, 24.96275672363156], [66.75332596180293, 24.973921870851797], [66.76257210567107, 24.982328529760334], [66.76795557642254, 24.992102285234587], [66.77027144660599, 24.992116862342748], [66.77950025360848, 25.008871871727184], [66.80484768861169, 25.070253456740193], [66.80712599558625, 25.088356126546127], [66.8109684423597, 25.09672877220229], [66.8179073844772, 25.10094667876472], [66.82791681664034, 25.11353237194726], [66.83332051373505, 25.113566385199636], [66.84414813426771, 25.103894669482507], [66.85263098984086, 25.10812229411704], [66.86262597461597, 25.127664946029494], [66.86874094940873, 25.15692304498356], [66.87566544413822, 25.168097910275904], [66.88026251077383, 25.184823765444015], [66.88872802948134, 25.19739974055445], [66.89721088505449, 25.201627365188987], [66.91184627862931, 25.21702499607981], [66.92726229736476, 25.228253310768743], [66.95118428749421, 25.23257811612435], [66.97588690278431, 25.232733605278064], [66.9859136718131, 25.23697094798471], [66.99361012327039, 25.248150672313106], [67.00440018059417, 25.25656704929375], [66.99431273253563, 25.281548933252743], [67.05211124488316, 25.32922068032017], [67.06141517830345, 25.30979950430905], [67.06375416430774, 25.29868294744935], [67.0660729239688, 25.297306132811528], [67.0683772362418, 25.30288627690362], [67.06988647596616, 25.31959269592752], [67.0790863881926, 25.350261622771782], [67.08985332969553, 25.36980913372029], [67.1006491659745, 25.375442727208966], [67.1160854110532, 25.37693129967602], [67.12762719876154, 25.395092277914603], [67.1361187227675, 25.395145727311192], [67.14382095318003, 25.403542668147622], [67.15230380875319, 25.40777029278216], [67.15000816491298, 25.398015973452118], [67.15466880005593, 25.384131210208615], [67.1786370218271, 25.366193747628497], [67.18095289201054, 25.366208324736657], [67.186336362762, 25.37598208021091], [67.18783404457592, 25.39825406621874], [67.1940328142193, 25.387161804539307], [67.22415357399214, 25.380394348215482], [67.25198446887998, 25.361089789069652], [67.27513450228163, 25.365409735389203], [67.2928519438125, 25.38360958591621], [67.30287871284126, 25.387846928622853], [67.3082910783688, 25.38370676663728], [67.31448984801217, 25.37261450495785], [67.32067417026752, 25.368479202008327], [67.3284486376202, 25.342091349195194], [67.3261963359441, 25.31146615367541], [67.32929572076578, 25.305920022835696], [67.33393035061029, 25.304557785306034], [67.34086062429498, 25.31294986710641], [67.34704205707271, 25.310205955902873], [67.38733405975466, 25.23810625498656]]]}}, {"type": "Feature", "properties": {"na": "NA-207", "src": "commons-1997", "inset": false, "hex": "#00ab9e"}, "geometry": {"type": "Polygon", "coordinates": [[[65.40808531971659, 26.931588006290927], [65.4022211902504, 26.903541158738292], [65.3542490433075, 26.868715780077302], [65.2825925321739, 26.755137354335673], [65.2345397144746, 26.72587679441183], [65.19867949971429, 26.669077043715742], [65.16253229880478, 26.6624637473498], [65.0906326350603, 26.57115519129787], [65.02451350973114, 26.519051576683864], [64.92211368205376, 26.46590471060862], [64.92241015957906, 26.410115336429158], [64.95878206603743, 26.38884578326634], [64.91673121078149, 26.3429986475623], [64.72332046189246, 26.320705152690312], [64.65661879773467, 26.34672244864248], [64.58390005233474, 26.36142234137369], [64.51731392755576, 26.35397063931989], [64.4444983816225, 26.379870398303165], [64.40210442911338, 26.37310905705951], [64.32361774214675, 26.29271526707834], [64.32373368108334, 26.264781490101534], [64.33593340385279, 26.248359274557682], [64.38446701519177, 26.244126870632286], [64.4514811942214, 26.173399309593506], [64.48790103509073, 26.163262493777435], [64.48238765219443, 26.051426475866155], [64.44011123158316, 26.01671168390246], [64.36737735526091, 26.00346237522442], [64.3435145483793, 25.91900673413417], [64.25901374367568, 25.81604805550561], [64.22934489266976, 25.675564116843397], [64.24766131804793, 25.659343509101735], [64.2841446391838, 25.65482457504375], [64.28420448644427, 25.643658681063908], [64.23577336352616, 25.608737347999213], [64.15061297765365, 25.617424859042792], [64.1142127836236, 25.59961109651902], [64.0597754774563, 25.536583462040635], [64.06003123036643, 25.48631559564737], [63.88961996021412, 25.470197730958382], [63.84098875626593, 25.446441830907574], [63.70693983735428, 25.431419332671798], [63.69457524577657, 25.470203588506312], [63.6273746814562, 25.496259730157167], [63.23654588852814, 25.49659447906569], [63.13264889192929, 25.476966361600763], [63.01027907988917, 25.473656749206448], [62.97352423044694, 25.483871868065858], [62.76525719989079, 25.483937531275455], [62.68564857578186, 25.43700106706868], [62.66111899121035, 25.43635629301065], [62.60586049278791, 25.468548153927024], [62.56906010385748, 25.461983293439264], [62.501534338654885, 25.477057217087438], [62.440110034016385, 25.509131110055897], [62.3909902856992, 25.507876007456897], [62.29272838513001, 25.482934621572205], [62.20671850765041, 25.430250189108303], [62.15752711466765, 25.42900795274292], [62.132917883477354, 25.445228280584242], [62.12675258336615, 25.478754882856514], [62.10829567100164, 25.495135575633544], [62.07138934320984, 25.494216867765072], [62.04678432604587, 25.476761346834877], [61.97909097395998, 25.486315711005187], [61.929844214515654, 25.468253402189504], [61.89290239266457, 25.484196295394817], [61.874438179897574, 25.523066407245], [61.83748746527592, 25.52216750842712], [61.80667103735406, 25.476472840017934], [61.775864595344565, 25.475724015535384], [61.738905570399695, 25.50292467759987], [61.67725676765171, 25.484580413010157], [61.677241692212405, 25.46209976333891], [61.578560649831395, 25.448488604748544], [61.59104721044891, 25.60057214627494], [61.62811608475132, 25.66890976461072], [61.658965350815336, 25.697743792177153], [61.73904360128962, 25.68276783259261], [61.77606299390137, 25.751089402806997], [61.776128974319114, 25.812919123597005], [61.831573474736715, 25.853563248512643], [61.82545702191537, 25.8871437062047], [61.788528316760456, 25.886283058055653], [61.76392741262711, 25.902576298518614], [61.763966020687995, 25.930686335941328], [61.782462903502115, 25.953600989510864], [61.79498540511453, 26.094443057841247], [61.844373163665665, 26.20239219588192], [61.86899641069697, 26.219815952464703], [61.9243279362177, 26.226690923078948], [61.992032965475545, 26.301304057188926], [62.05957246345112, 26.291598083888314], [62.12704322635751, 26.24257120551318], [62.21298405641824, 26.261415533214823], [62.22526615165326, 26.27293600178077], [62.2253127787975, 26.317879235587487], [62.26215088887981, 26.352436670102392], [62.256036503164495, 26.36914883079927], [62.23151050343608, 26.37420267754166], [62.23153076401816, 26.39105795485425], [62.30514488036112, 26.420838242599423], [62.31133273993573, 26.471538635683466], [62.34814376647891, 26.506086645836266], [62.427791341909135, 26.513532151402835], [62.48905440652209, 26.543024945291272], [62.69098773035664, 26.56456825500931], [62.7766012463467, 26.628315420594927], [62.85602838321463, 26.602133211035813], [63.0148001661297, 26.594709180520066], [63.033107755877246, 26.60636681377223], [63.094129121721814, 26.607840874860333], [63.11851885092288, 26.636467739311435], [63.1612127702698, 26.637502833897965], [63.19776208950478, 26.705667496856247], [63.203818171245395, 26.806735958560026], [63.24646064230635, 26.847005583736387], [63.25252894141697, 27.049015889178573], [63.26470900508755, 27.071733278012008], [63.30732385179254, 27.072732570546886], [63.31949750204998, 27.084233279787913], [63.319498260103266, 27.11227032372643], [63.264723732313975, 27.150249608738175], [63.386430477091565, 27.175516769074907], [63.4290045342658, 27.226973650805288], [63.73276679577017, 27.256576968243873], [63.75098809655824, 27.240207131766407], [63.751009621917405, 27.212197587734384], [63.78744145276696, 27.196272907142234], [63.79960657433067, 27.168562610543386], [63.82388115789245, 27.169153480292117], [63.8541947111252, 27.192293941447414], [63.93915525169501, 27.160778634529922], [63.981601313145184, 27.161826391258213], [64.01790783536102, 27.207508530185937], [64.09068232549052, 27.175729935568025], [64.13914844277262, 27.176940799323013], [64.21174576664315, 27.21792985297811], [64.25419045574719, 27.18542939476373], [64.32682913816782, 27.1816769104078], [64.3875254478116, 27.104933545946498], [64.66571980574517, 27.078656943850802], [64.6899586869854, 27.056949329876034], [64.69619570910892, 27.001245277085975], [64.71439958603804, 26.979386109418083], [64.9620918298513, 26.941431230962323], [65.05256300226564, 26.943924185008736], [65.1066923865442, 26.973326916266576], [65.20915861547557, 26.970597250879926], [65.23919329687537, 26.988173489134162], [65.3295705701306, 26.97955400599246], [65.365924611539, 26.935965773582392], [65.40808531971659, 26.931588006290927]]]}}, {"type": "Feature", "properties": {"na": "NA-202", "src": "commons-1997", "inset": false, "hex": "#ffaec9"}, "geometry": {"type": "Polygon", "coordinates": [[[67.11125005366303, 30.51580773742536], [67.18787352089414, 30.573313940860313], [67.34716682495852, 30.577007907640727], [67.4119712388947, 30.595239175077097], [67.47080295595792, 30.630044034402033], [67.58274753683531, 30.621553046056682], [67.63590760841977, 30.572713582881], [67.7477648893792, 30.564285812636655], [67.78314866649801, 30.542887920005818], [67.9123644407867, 30.57944649900179], [67.900751956701, 30.54578043122296], [67.93021305637697, 30.529821836204167], [67.97137416407398, 30.525284127026097], [67.9947496031696, 30.553676599329403], [68.01822122651568, 30.55982377249119], [68.04787555384569, 30.499395310620052], [68.1477533638356, 30.490804505692356], [68.19465155975628, 30.50311746367983], [68.25353312165998, 30.465721772411257], [68.24778574466912, 30.44334414556486], [68.2126067262168, 30.43687980012822], [68.2068267239729, 30.420057526540145], [68.25389623261911, 30.399045187696956], [68.21281566058887, 30.397981448419966], [68.20113643803556, 30.38656436154309], [68.20128745601569, 30.358780509338178], [68.24830593786957, 30.34888848898995], [68.24253046418141, 30.33206784785607], [68.15461821009026, 30.301993471367645], [68.08412906254809, 30.30016877607711], [67.91331136820943, 30.368094092179586], [67.88978852064707, 30.36750127049241], [67.88401078445428, 30.345107152375878], [67.93124565094651, 30.30737207160434], [67.9549599807245, 30.26905112053261], [68.00202447476431, 30.26469807783528], [68.008105603122, 30.22593733870885], [68.0967005937267, 30.15042370801931], [68.14958644323622, 30.15181421264582], [68.15559058733064, 30.129745683691453], [68.23239334296476, 30.059563568250383], [68.2853893684292, 30.038769907469398], [68.36798473161556, 29.979925858624362], [68.53222989033858, 29.98999385252744], [68.64878683561079, 30.087563317344706], [68.72493331349477, 30.089678911064635], [68.76625521400749, 30.04645557512162], [68.80723704765582, 30.0476083960078], [68.84803635424446, 30.07094327813323], [68.9533394328019, 30.073926814786056], [68.99404823445948, 30.102806313647744], [69.09340769733069, 30.105646848924565], [69.1689263217444, 30.157694796021396], [69.19812108874994, 30.158534974570905], [69.21577739190153, 30.142421214670712], [69.21596754748538, 30.12026344522655], [69.13524899124076, 29.99601982843867], [69.05927120062918, 29.993815965052832], [68.90240367441528, 29.861792338167426], [68.82048236501366, 29.853887903729536], [68.80908542083904, 29.814746071631042], [68.90333997718778, 29.750952157463253], [68.95612244110855, 29.74141184665402], [68.99733525176437, 29.714915851651106], [69.07924540045357, 29.71734092195467], [69.1956210266904, 29.781738164785676], [69.25932451621836, 29.844560908749084], [69.45774533109359, 29.856053620918882], [69.46368783976423, 29.845162767780273], [69.4580717857102, 29.822851654428323], [69.40550010406673, 29.826796447790603], [69.37642357731323, 29.814846765530095], [69.33024986780157, 29.758088293042395], [69.32549156798233, 29.647216699540103], [69.30294648905026, 29.563488659582802], [69.32659921398367, 29.536537153796502], [69.36154259214251, 29.548683542506822], [69.40277398688048, 29.51675154356692], [69.4030039379157, 29.4946227899638], [69.37980925581695, 29.477300245532806], [69.3802712125081, 29.433042723197175], [69.40965929318656, 29.41735987698983], [69.42163802860976, 29.390069655539108], [69.44506474864708, 29.385273073117574], [69.45168606805063, 29.313562293831072], [69.41710977524382, 29.268209816023415], [69.42946848126581, 29.20775138085633], [69.47615771814475, 29.214773936729525], [69.53508115383103, 29.17242267206305], [69.50637557204348, 29.127257000425328], [69.54772246376908, 29.089889227418126], [69.55382316206563, 29.067971532628093], [69.58303306758386, 29.06892368232501], [69.61184561963265, 29.103033866376027], [69.62942992529096, 29.098079651146378], [69.62962664714958, 29.081502287061973], [69.59537191957871, 29.014045173350787], [69.59590167235373, 28.969840107153896], [69.57319468027028, 28.91381489118446], [69.53234664208817, 28.906939901335573], [69.4803194755666, 28.8554701541954], [69.45173584287876, 28.799240438381567], [69.35895785952903, 28.72429832961243], [69.34804197060278, 28.65758353123648], [69.39508484660347, 28.642559813049278], [69.3666856026113, 28.56974132248038], [69.26877335060742, 28.428241999483944], [69.21027526557076, 28.415222722494516], [69.17535268427221, 28.391934565812235], [69.17575658204454, 28.358767498786314], [69.26504904105437, 28.256731467667446], [69.2068745683636, 28.216055782417275], [69.13064644386239, 28.207942959836387], [69.11276134878337, 28.229458689507087], [69.04229795756675, 28.227088892172546], [69.03068519414596, 28.215636927892923], [68.89559870254485, 28.205592373206414], [68.88377595541894, 28.21073270970117], [68.88274369314502, 28.29923690841], [68.8230786752447, 28.37476414555451], [68.81682804920476, 28.407773190886594], [68.75166915187039, 28.449951721721824], [68.70955611245842, 28.537198641435428], [68.66216148012943, 28.56892043076693], [68.53238975535875, 28.59806606964633], [68.49674514613231, 28.630199770421083], [68.42577665235657, 28.661249618630638], [68.40270179783758, 28.610647605195034], [68.34395348200452, 28.59219786648737], [68.31470157710532, 28.569117653399566], [68.1497082156678, 28.55295457407636], [68.14910591889688, 28.6194955870266], [68.17244768348267, 28.647938599317367], [68.1718057138827, 28.720029025526465], [68.13594449179286, 28.77442659156216], [68.13532834500334, 28.846535748796576], [68.0760427904466, 28.883621598198648], [68.06987328373901, 28.91673843863623], [68.05204793777936, 28.932865005857924], [67.8164637864812, 28.864926139989436], [67.75144206017552, 28.868601545248715], [67.78651547253774, 28.919599201782948], [67.84535988571615, 28.949062164048616], [67.85089066869187, 28.99920354472451], [67.84478306059468, 29.026797791479645], [67.76763613960692, 29.08015024195529], [67.74946055624905, 29.146307959450432], [67.80822271991556, 29.18684968186578], [67.87266141890203, 29.25532359970213], [67.866457751677, 29.299591940250966], [67.89571605472386, 29.333741285058768], [67.9011239068916, 29.406112537986452], [67.87142653229525, 29.438626732017404], [67.83604889691897, 29.43765213569873], [67.81267399668592, 29.40366748055043], [67.75965211862396, 29.39109489387965], [67.74184553100473, 29.407280264253597], [67.74726309653951, 29.485243165253085], [67.66423080665959, 29.555273082310116], [67.66378847914473, 29.633106811278225], [67.61637031869502, 29.670778735551785], [67.59276444950308, 29.670156565041253], [67.57517620870965, 29.64744525527043], [67.52178413494369, 29.696108748056197], [67.46864004924004, 29.694724997659467], [67.42127926822563, 29.715756081344953], [67.3974397361253, 29.75966373872985], [67.39115246500495, 29.842989819965485], [67.37328621469847, 29.875935034338728], [67.37309470463646, 29.920464034996318], [67.39076343022022, 29.932042282926652], [67.39654976066194, 29.960021480605896], [67.28392273593735, 30.063014593583716], [67.28386074933826, 30.079720702180534], [67.32503434183451, 30.125283341261753], [67.31286742368806, 30.225235789717253], [67.27142771751447, 30.25765725154341], [67.19472353598034, 30.233533195639534], [67.1532500091731, 30.27154934720801], [67.20623011173004, 30.334100828030014], [67.1173745164528, 30.42675867751138], [67.11729063243399, 30.46020182243237], [67.08771477113167, 30.476242477355022], [67.11125005366303, 30.51580773742536]]]}}, {"type": "Feature", "properties": {"na": "NA-200", "src": "commons-1997", "inset": false, "hex": "#528d6b"}, "geometry": {"type": "Polygon", "coordinates": [[[69.85999988717757, 31.833640351297294], [69.81998299919222, 31.755008253287343], [69.8441142562248, 31.61709755138266], [69.80946541800708, 31.599557546713754], [69.7808374057478, 31.548926048655467], [69.7462075470399, 31.52584192633867], [69.71141282644258, 31.524922459348588], [69.65370847917194, 31.479057977363222], [69.47982873925623, 31.4301436866273], [69.44514846103318, 31.401511411657896], [69.42190273819632, 31.400905801180294], [69.39305417109676, 31.366877695962685], [69.39356086968871, 31.28924684078241], [69.37626249012396, 31.26660924712333], [69.37652071269405, 31.22779594692276], [69.41783932727573, 31.1401729063841], [69.39476685998116, 31.111833882696892], [69.38933930566508, 31.056244224971152], [69.34349328391221, 30.955211386182526], [69.2334712081795, 30.863520930005567], [69.22273474207246, 30.735693991331313], [69.17054727872362, 30.69545355949132], [69.17070914837221, 30.673277535733575], [69.24696514945543, 30.61439091854828], [69.25305081747375, 30.58129975275077], [69.21802399297844, 30.58587058993199], [69.17111837078954, 30.61784023416919], [69.07115248108039, 30.72603059223756], [68.95438708143784, 30.72844259996218], [68.94249088490697, 30.761418542703947], [68.90724343652124, 30.793780501711918], [68.87220511548325, 30.792855937874037], [68.73853038736115, 30.672764758624897], [68.5986402255556, 30.585801332110215], [68.5693723653332, 30.58503393392027], [68.49869763947169, 30.655400559136535], [68.2586431863145, 30.610356035896952], [68.2057437713271, 30.63125258730068], [68.17038370623868, 30.663721542067492], [68.10006809817314, 30.639722637058064], [68.00612604679428, 30.637389503189482], [67.95311980208561, 30.669460560647828], [67.84736845632025, 30.66131524014892], [67.81788961253586, 30.682861014273875], [67.78826821031137, 30.743371790191595], [67.7705906260651, 30.75408185998995], [67.72368212269441, 30.713994866860567], [67.7120546568958, 30.674748481825958], [67.58848885868102, 30.666237708538628], [67.54116366023567, 30.737524003446794], [67.38220464074728, 30.700402105339858], [67.31725050835861, 30.74348957329429], [67.34655249264803, 30.81660971706745], [67.35228266932519, 30.889194656484698], [67.51107390674619, 30.98194995014433], [67.64597957209885, 31.141001515817795], [67.68118988478281, 31.164079322917342], [67.66349323124224, 31.191534972770867], [67.5694378454699, 31.18943206030667], [67.51643307148153, 31.227269314398743], [67.4752882069191, 31.20964258978462], [67.45169634500013, 31.242571384221783], [67.41050707168255, 31.24167365297862], [67.32806028789359, 31.267770604717086], [67.32804565618835, 31.278923564924142], [67.39275279891528, 31.30819600093196], [67.41037373187623, 31.330878633075855], [67.53385516826206, 31.350274028755102], [67.65708951782486, 31.44770419920516], [67.63941177096356, 31.480759341963676], [67.49250545537735, 31.4831802888563], [67.46306448784856, 31.521587482100067], [67.46301003546469, 31.571774552784646], [67.51000387740538, 31.59506753890941], [67.52764451384998, 31.58428740141804], [67.58051066312886, 31.59098129772432], [67.69194361567352, 31.682537056058347], [67.69191325195176, 31.70483253705612], [67.75058506636954, 31.706077975320348], [67.81505498011303, 31.73531724741348], [67.87943693742231, 31.797986168378774], [67.93213229074895, 31.82139888930052], [67.97306458783599, 31.861272532592867], [67.97300790494084, 31.89469765263268], [67.99639063492316, 31.91747994580101], [68.01981621270957, 31.91240880614279], [68.1136086107014, 31.83645745726103], [68.21888800084156, 31.844330375565907], [68.34762497790372, 31.79709675162881], [68.37676156388355, 31.825573958261092], [68.37666781898936, 31.85896029264369], [68.33571068633087, 31.880309621198823], [68.2948327500668, 31.86827242708544], [68.28894610976164, 31.884841136112804], [68.34726607458923, 31.930656565405396], [68.42339619722591, 31.86000638806694], [68.46428931942602, 31.85536239332331], [68.48197786996593, 31.80013100926666], [68.50542292927906, 31.772852563981644], [68.56383708141765, 31.763069216994715], [68.59901339560155, 31.719394923601705], [68.64575867207762, 31.703803716586336], [68.68672764117517, 31.67140919119439], [68.71006095324013, 31.671959568703276], [68.77965321685721, 31.76809203118041], [68.8668336618918, 31.825721795677758], [68.89581822630483, 31.85974747735957], [68.93616686676195, 31.960721264659103], [69.04055590917395, 32.04651078918147], [69.06963164854147, 32.047191741622306], [69.08133078999987, 32.03079997340873], [69.18014660021676, 32.0331358478436], [69.19228280530892, 31.922357240266205], [69.22747922942598, 31.856579359218085], [69.34954208382533, 31.848467166296835], [69.4771675072331, 31.868276871719875], [69.56361562009344, 31.97029069837806], [69.73151182028951, 32.00221910874227], [69.69119390853558, 31.962386202469702], [69.69132688394303, 31.940207002015196], [69.7786366987986, 31.87588927265821], [69.73840292477439, 31.8249628338222], [69.74437529157287, 31.797396480913367], [69.7618662301361, 31.78121639167284], [69.7908341492729, 31.781965211631498], [69.8483461571261, 31.84442359473191], [69.85999988717757, 31.833640351297294]]]}}, {"type": "Feature", "properties": {"na": "NA-206", "src": "commons-1997", "inset": false, "hex": "#228b22"}, "geometry": {"type": "Polygon", "coordinates": [[[67.53679976216945, 26.032841151622875], [67.53737008565157, 25.98854877719308], [67.51439035080735, 25.92125768956963], [67.52224756440219, 25.777544431495585], [67.46356013387744, 25.703417166302394], [67.44087737167258, 25.613980520444162], [67.2876072614649, 25.458833596486325], [67.28207664065468, 25.42539606421639], [67.21758003920058, 25.32886112205375], [67.21219813659006, 25.28434844526016], [67.17092257037672, 25.23851169523751], [67.14796412539005, 25.165650423573254], [66.93967234165407, 25.05823302824208], [66.84498453041041, 24.960531244332163], [66.89156762057819, 25.067550273283228], [66.88419723077487, 25.172595681255324], [66.84709706782435, 25.259952639557028], [66.76254095932019, 25.30682226976182], [66.67823757779283, 25.331552067240196], [66.50392924762919, 25.347598605961917], [66.49773216344026, 25.364031456516237], [66.51561582828799, 25.37575722808976], [66.5816427943473, 25.37807311160572], [66.58738376117033, 25.400470601069408], [66.54498829118609, 25.43228252473248], [66.49677812620102, 25.44725301779279], [66.48346376228268, 25.56336446951216], [66.45339080312911, 25.567881548260296], [66.41179147293045, 25.52758668931389], [66.38783119980053, 25.52121109149381], [66.36326559514397, 25.570346678146777], [66.27881274859476, 25.60079812352214], [66.16478903162795, 25.580280627074426], [66.07497050090784, 25.538363611494326], [66.03920507212688, 25.50381830016591], [66.02756164844135, 25.464524240189114], [66.03971205796007, 25.45381873389739], [66.08785422947179, 25.455444002806846], [66.129621774967, 25.49019460470278], [66.23196454485962, 25.482557997281432], [66.24386921585484, 25.49407281873312], [66.29195097803463, 25.495713614505952], [66.34032193299616, 25.469604009664014], [66.41252806350309, 25.460986667862482], [66.43154517354323, 25.37282248184122], [66.28642033020674, 25.451094219726755], [66.1842160222617, 25.447602216548066], [66.1483045695407, 25.429714004560275], [65.75713940129437, 25.388771170804826], [65.72117281689415, 25.365332140645116], [65.6669401062165, 25.357972500946342], [65.59479117382958, 25.327775288364965], [65.53442473335345, 25.32578631159691], [65.43749806325556, 25.356000525671117], [65.41333435332142, 25.355213772358997], [65.40139807413563, 25.33812833502124], [65.35305539857289, 25.33655734946234], [65.32873520785189, 25.352469309907704], [65.27442292629458, 25.339580434496842], [65.18365934846764, 25.342230305317756], [65.14786376514846, 25.279823596118845], [65.11778745648049, 25.256581016446944], [65.0390831462312, 25.254059957734594], [65.02078177032072, 25.27018772662556], [64.7660868738346, 25.284439862490967], [64.74777162327045, 25.30059219047101], [64.71744566111738, 25.299647759404618], [64.6994070011519, 25.276784984995064], [64.64483790823184, 25.269513402873294], [64.59647643966218, 25.240131796037748], [64.57246418688942, 25.20035016157132], [64.57885174717171, 25.15593642036586], [64.63349616747102, 25.157642686472492], [64.63369920353605, 25.129771571337955], [64.56107120424292, 25.094042058925126], [64.53057929765427, 25.10981925910494], [64.5545599399101, 25.15517997295076], [64.55428587933437, 25.19420929851395], [64.46894629722019, 25.23619692869617], [64.42033930135969, 25.234706377648337], [64.38409315549848, 25.20012083379669], [64.34761876230424, 25.199005391517233], [64.26213743913925, 25.252215978793693], [64.21347659301303, 25.25074808399549], [64.17049638112569, 25.316452451130345], [64.1400742569357, 25.315545278639608], [64.12803097568226, 25.292851476163335], [64.06713269040297, 25.296624176365444], [64.00600612953409, 25.339499446562822], [64.0302712013067, 25.35697071388658], [64.08505501963201, 25.358586723189575], [64.13355167203824, 25.393527830065427], [64.12728443907098, 25.426849590507267], [63.8898614846556, 25.41991130735798], [63.865681751998856, 25.380093998467288], [63.96346488403051, 25.321490344139107], [63.963641744759656, 25.287978506014817], [63.951488283804146, 25.282034310074536], [63.725765745101604, 25.3145661702335], [63.695166480120555, 25.336044162818386], [63.60362484170911, 25.339012174915442], [63.463366412720035, 25.29587480427015], [63.402453159497, 25.249399644257497], [63.42120234221129, 25.149252504040245], [63.33564262968033, 25.141216468557225], [63.274377912954456, 25.167451886591305], [63.16421206005223, 25.17554433651684], [63.060016949583535, 25.211826506092123], [63.02940055776297, 25.210979798660947], [62.96827204097081, 25.170097291883707], [62.876351969353614, 25.167569655463875], [62.84565473425636, 25.183533526625546], [62.606376372601154, 25.19387652375313], [62.508074828529445, 25.22489498304951], [62.446654091546314, 25.22327337389909], [62.40367458816745, 25.20531949054708], [62.37299279716088, 25.17647270603514], [62.37302049292495, 25.159649225636894], [62.299264302696486, 25.14649403147994], [62.243977427830494, 25.10017088667414], [62.24403682143964, 25.060907135575974], [62.2563588067401, 25.050013556436756], [62.32404834806159, 25.03497928827503], [62.23794646201888, 25.021482838147044], [62.14559659338666, 25.041495216438808], [62.22557910980966, 25.06042179503659], [62.23165758533663, 25.111067426793422], [62.20701081316656, 25.138474028325856], [62.05310177051361, 25.17377860993971], [61.96075449636701, 25.126510480596146], [61.98545881406953, 25.054171999941858], [61.831369447886544, 25.050223969550043], [61.80054175086902, 25.03820913135339], [61.695694424688554, 24.95692197519024], [61.68336217706018, 24.92852669940998], [61.66484261864878, 24.92805562178469], [61.621610760978406, 24.971897393028865], [61.61543036714696, 25.00544772778812], [61.68331920047864, 25.057710909997787], [61.689480324098426, 25.125273693575586], [61.640116749239716, 25.14651664622449], [61.58456476779436, 25.128283781421924], [61.553703984669056, 25.15561908210257], [61.522834235303264, 25.160480434735984], [61.5228437347364, 25.18296164385499], [61.5475445633109, 25.19480692481538], [61.57855113824182, 25.437245822134127], [61.68339989794477, 25.45100848566294], [61.683414125625525, 25.473488463684312], [61.74506185607509, 25.491834734989613], [61.76969773595033, 25.46433689655017], [61.81282790260021, 25.465386498468327], [61.843642416765235, 25.511081078804256], [61.86827688241962, 25.51168105762146], [61.88058532046729, 25.478277445461725], [61.92368674107886, 25.456868898160216], [61.985246405123924, 25.4752362308115], [62.05293970096167, 25.465684963964428], [62.10214878214941, 25.48375417018936], [62.12061941153594, 25.43930611630004], [62.1513837741813, 25.4176272668246], [62.21287465517628, 25.41918184462789], [62.29888201412786, 25.471868280513753], [62.43398316366915, 25.497755407830553], [62.51383205268549, 25.46055065094804], [62.5997440393785, 25.457175215572526], [62.655006169990166, 25.424984241539146], [62.69180153070737, 25.425952472034126], [62.771407891875874, 25.472890856530036], [62.96743002515008, 25.47250526547428], [63.00418720012582, 25.46229075851457], [63.138797600856364, 25.465935253310747], [63.24269321962118, 25.48556713480836], [63.621320285456974, 25.484904397612713], [63.68852517720612, 25.45884936401505], [63.70089084772722, 25.420065246773266], [63.84713430948771, 25.43544135508458], [63.895764316493754, 25.45919859184791], [63.96884178990797, 25.461315040749408], [63.98705064581296, 25.473017976042854], [64.06617394062424, 25.475323149980344], [64.09671447883514, 25.45387523620061], [64.16971170062618, 25.456022656932937], [64.26725199569091, 25.414248456286582], [64.3462639211683, 25.41661107329226], [64.44918884991388, 25.475510047210157], [64.54642341316094, 25.461706935938267], [64.72207388695928, 25.50610034654098], [65.05511154023239, 25.527552984439172], [65.10317261985057, 25.573630157667843], [65.14550752351049, 25.574956170402814], [65.15773033257301, 25.558627648953873], [65.27249568263395, 25.57338792292664], [65.42963274609603, 25.567255788786365], [65.68875709525281, 25.609007589156786], [65.74872529208815, 25.644336384982346], [65.86893695936969, 25.67607094266784], [66.20607251396358, 25.659455144087705], [66.24768112752204, 25.705299107829422], [66.28973013384814, 25.70671135375865], [66.42247098972075, 25.6501104904727], [66.54248163175879, 25.65421678021121], [66.6082035293133, 25.678680625153852], [66.64979502313659, 25.71341471435944], [66.65510772414441, 25.774649892263], [66.57646266511146, 25.83857991627624], [66.59966395796124, 25.911542174902095], [66.56341185380474, 25.938080950933756], [66.55706968052661, 25.97118522521828], [66.5026109235453, 26.019346459947727], [66.47263687636841, 26.018348750151517], [66.43694040422872, 25.989388095753707], [66.40656528189315, 26.027267685050237], [66.3524711535504, 26.036594457669185], [66.32204393551017, 26.080049775409613], [66.3152526266567, 26.16319049413399], [66.29084329095214, 26.20686379157278], [66.25959173811076, 26.34483730316624], [66.25828139015928, 26.49492327497523], [66.37859539023044, 26.448703196801315], [66.49829191369251, 26.463654874738147], [66.53442260620861, 26.442592482572948], [66.57632521399935, 26.44394798196321], [66.60005334416775, 26.466939504069526], [66.67788430258568, 26.46391273964704], [66.70290679846629, 26.353653439771477], [66.76961196711511, 26.267019750240294], [66.77634710958463, 26.195073922413528], [66.80080583123576, 26.14593665143789], [66.80146229960972, 26.08490387658], [66.83814945548124, 26.01400348139895], [66.8386425180836, 25.969627377969555], [66.86899545970485, 25.931828293443406], [66.87599220563881, 25.84330242466204], [66.93673603027582, 25.76775928206726], [66.99064349208173, 25.764102276757615], [67.02028158181398, 25.78732418290001], [67.01981724286742, 25.826125044248457], [66.99537323009696, 25.869637195244714], [67.0132459977658, 25.875806168908877], [67.04826475617496, 25.94912114433696], [67.04748838805027, 26.015646451890728], [67.06509267212613, 26.04398611399413], [67.06985708736073, 26.149532938865594], [67.09324197881928, 26.194708173618714], [67.09815227907, 26.289174341508293], [67.04290753714973, 26.426011211543166], [67.00667439616892, 26.463645053100272], [67.00018035979846, 26.513378077605967], [66.97004220302715, 26.540131736281197], [66.93342904466708, 26.616643734280327], [67.0521706705216, 26.68160372610065], [67.25499571918529, 26.677224190481667], [67.26763420397003, 26.611081502214695], [67.25005809819221, 26.58275689730315], [67.25091306936747, 26.505132549381777], [67.2880573589317, 26.384389115069105], [67.3787687442389, 26.27663202255511], [67.39135378292687, 26.22164152372928], [67.43971133479525, 26.16791321276292], [67.46437530564653, 26.102288662150716], [67.53679976216945, 26.032841151622875]]]}}, {"type": "Feature", "properties": {"na": "NA-199", "src": "commons-1997", "inset": false, "hex": "#228b22"}, "geometry": {"type": "Polygon", "coordinates": [[[70.15810274583427, 31.448372162674666], [70.15856445115706, 31.39303406502038], [70.17624996110486, 31.35478478853921], [70.15917438193713, 31.321100428006677], [70.17166217898485, 31.2163063758977], [70.14345134367326, 31.13250269258667], [70.14389770489962, 31.082716032194803], [70.17909663005412, 31.033933015983237], [70.09820775527416, 31.009474889375806], [70.08097512011453, 30.992380075204256], [70.08152933517427, 30.931530197011693], [70.058954906221, 30.86448094572598], [70.0598345644376, 30.770451578630997], [70.04280315600106, 30.731226509267792], [70.07802550530634, 30.688007143619483], [69.99116808600503, 30.668854034525452], [69.96267559204257, 30.61268906018954], [69.93380706252115, 30.595240774229836], [69.92831676382723, 30.561880942490532], [69.91100124872655, 30.550304293183714], [69.91223051749328, 30.423088260985104], [69.90099132407421, 30.384026868299163], [69.82592356301699, 30.33199046246138], [69.76847290681316, 30.25834197972835], [69.78070625195501, 30.197845096493996], [69.72334104772013, 30.11312108996249], [69.73525887321556, 30.085816857356434], [69.76424771024392, 30.097760821167427], [69.75893253267786, 30.047808726320266], [69.78221242411776, 30.04851833783287], [69.81678428256836, 30.082762973297218], [69.9100756462144, 30.063498360276906], [69.8464457691414, 30.028359657417862], [69.78877503143912, 29.97680925564636], [69.76012986062626, 29.931678062326274], [69.76647451683576, 29.882093063611524], [69.68609453874622, 29.768979590518118], [69.69810174804982, 29.736165244233582], [69.75672450976651, 29.70481409414389], [69.71113543013475, 29.609370759372307], [69.5664788284107, 29.49973267359876], [69.49077685050385, 29.48076098733953], [69.43874996874523, 29.429336897331016], [69.43904522768065, 29.40168187914656], [69.39189871740248, 29.438939074070507], [69.39155126602417, 29.47213114641429], [69.41474392822249, 29.48945397690308], [69.41439801780972, 29.522646037899822], [69.36727159541397, 29.559929809925226], [69.33233035093672, 29.547784074403342], [69.31441193972096, 29.585983114898355], [69.33722948001586, 29.64203874117502], [69.34198286752803, 29.75290621677139], [69.3939885552225, 29.809840678437165], [69.46401556601869, 29.811961808764536], [69.47530056002162, 29.851049692268706], [69.46347065510771, 29.867297528408848], [69.25338069180914, 29.85546071638566], [69.18967439081773, 29.79263888688339], [69.07329556028593, 29.728244817921208], [69.00308882912934, 29.726168325048302], [68.96187885949723, 29.752665006408378], [68.90909983591374, 29.762206245389354], [68.8207540297023, 29.820626945350174], [68.82642899549181, 29.84296918291582], [68.90834948188252, 29.850876964075443], [68.96073873780311, 29.885653726178067], [69.06521095499014, 29.98290350719714], [69.14118817817835, 29.98511063417188], [69.22769176831606, 30.11506254519486], [69.22740555108037, 30.148298129953165], [69.20386544914648, 30.16978294267498], [69.16299392317532, 30.168607940348263], [69.08747282388153, 30.116561745628104], [68.9881126189952, 30.113725478121374], [68.94740245210377, 30.084846897014437], [68.84209858788326, 30.08186787917701], [68.80129812800045, 30.058534082718797], [68.77202620956349, 30.05771153040195], [68.73070729396343, 30.100935521735572], [68.64284843297789, 30.098497125578568], [68.5262870117729, 30.000929827155307], [68.3737805164273, 29.991189085959384], [68.29119088325137, 30.05003449719655], [68.23819839405022, 30.070829065504896], [68.16730844950028, 30.135611955245963], [68.15539751210997, 30.163081010359342], [68.1025150070118, 30.161691454548947], [68.01983411421203, 30.231799698596838], [68.01375279008487, 30.27055940935971], [67.96078436762542, 30.28032117015044], [67.94297914110949, 30.31323161438457], [67.89574755951053, 30.350965271264837], [67.90748324109072, 30.356823364324633], [68.07831233538464, 30.28890097133009], [68.18988245643567, 30.297353314280468], [68.26597454516818, 30.338236510219634], [68.25411236822636, 30.36015313321875], [68.21299728124409, 30.364641540603866], [68.21874538090229, 30.387019910780896], [68.26566251585704, 30.393793820759807], [68.2479064537022, 30.42111826085745], [68.21853496295273, 30.425917087101865], [68.26538724489555, 30.443798768738283], [68.25344380587244, 30.48239180503518], [68.20046267748792, 30.514382767703538], [68.11834423140186, 30.50117626485853], [68.10654692829674, 30.511997034163116], [68.05369596160877, 30.510663250244065], [68.04171465270038, 30.560410881558404], [68.02404401987788, 30.571092125691216], [67.9888247943629, 30.564652881976436], [67.96544812097731, 30.536260574291987], [67.91248367600865, 30.551633721488738], [67.93004304082257, 30.568757025909566], [67.91819411482348, 30.590716708545287], [67.88292952067853, 30.589848864173266], [67.86536340930631, 30.5727257650291], [67.82420585401283, 30.571716250372326], [67.78898622798458, 30.554160510810707], [67.7536048723253, 30.575558994696863], [67.64175474771571, 30.58398874735308], [67.59450462195484, 30.627401202552356], [67.59441239675544, 30.655240996561805], [67.71797706642369, 30.663756873887966], [67.76475022310737, 30.742809324511725], [67.80615231345165, 30.677011960161497], [67.84153369954959, 30.650043899705686], [67.94729168617461, 30.658191128159004], [68.00030156307251, 30.62612095758366], [68.10598932245354, 30.62874894140962], [68.16456943550021, 30.65245598962275], [68.1999320179741, 30.6199876054669], [68.25283496922476, 30.599091961590528], [68.49290432229266, 30.644140879469923], [68.56358413088807, 30.573775385153375], [68.60456028303601, 30.574850990261893], [68.7444462181962, 30.66181792317673], [68.87811549168308, 30.781911350305894], [68.9014750282817, 30.782528439136446], [68.94862222156415, 30.717191256912564], [69.06539510119487, 30.714781347346005], [69.16536826738508, 30.606592575042125], [69.21227715016195, 30.574623712263907], [69.25896683414243, 30.57037819962592], [69.2585819101241, 30.62025637170226], [69.18225002134022, 30.6902283825377], [69.23443288267498, 30.730469403599642], [69.24516341635713, 30.858291806209916], [69.35517549689614, 30.949983240304938], [69.38391640152336, 31.00065679746661], [69.40643966295248, 31.106601755764483], [69.429509652442, 31.13494063024503], [69.38792988221324, 31.261370322272725], [69.40522634618611, 31.284007749618738], [69.40471644226182, 31.36163555794783], [69.42778629029978, 31.389967096281346], [69.45103183854485, 31.39057371094016], [69.47412808115772, 31.413358793009802], [69.54364495561468, 31.442902011543527], [69.65958753014216, 31.468127131414164], [69.71728974541621, 31.513992780552766], [69.76943922025946, 31.520915772268335], [69.82109453629641, 31.59432360459015], [69.8441930643028, 31.60601747055527], [69.83887646328277, 31.539385808915615], [69.81585463219304, 31.51660901258998], [69.81613691488116, 31.477831264139056], [69.90923765639008, 31.430481367693943], [69.91602713636316, 31.303282500120886], [69.9335468248457, 31.287151197636643], [69.96822606318808, 31.299182560209502], [69.9965224424265, 31.38301993140624], [70.02556824164274, 31.372744673956436], [70.03705983699211, 31.384134714957757], [70.07758705795214, 31.385253066230828], [70.12912940884158, 31.453107253030225], [70.15810274583427, 31.448372162674666]]]}}, {"type": "Feature", "properties": {"na": "NA-116", "src": "commons-1997", "inset": false, "hex": "#228b22"}, "geometry": {"type": "Polygon", "coordinates": [[[72.5242044547456, 29.756802947989353], [72.55344033483922, 29.72498819930344], [72.53133975835628, 29.680235140629925], [72.53798042052156, 29.631097155829107], [72.56109641924891, 29.62101249715424], [72.57234680256205, 29.632421432085135], [72.64188487276868, 29.591219901750595], [72.63657459333258, 29.569069036222636], [72.6595804266139, 29.564479183504762], [72.67769818683212, 29.515818466076187], [72.70642703147668, 29.511459853625766], [72.71819264403246, 29.49546847884416], [72.70727393155292, 29.467616998707577], [72.73059808677733, 29.446599998845564], [72.73102544765491, 29.42468157316656], [72.71968247279408, 29.41874928741848], [72.72021764083827, 29.391351447579645], [72.66359062289894, 29.35620601651414], [72.64683176510232, 29.33360538803392], [72.64758081669979, 29.295244715110652], [72.68292744689737, 29.247296790336], [72.7292999832797, 29.221736385153086], [72.69525529744546, 29.203924209016783], [72.70142145455824, 29.182240042522775], [72.77644091851414, 29.157848975680064], [72.66747630379437, 29.158947072719155], [72.61545481107872, 29.17880038017498], [72.51786279352112, 29.18040310096466], [72.45560102684279, 29.13404934820991], [72.31143565903307, 29.16129374221129], [72.24342389518104, 29.109231872003377], [72.25658323066557, 29.021928730782044], [72.28616243967043, 28.97919289474555], [72.31479138861502, 28.98581473244958], [72.33128811073944, 29.024879314684675], [72.4071362278617, 28.967543262542833], [72.4490719636459, 28.881461563445974], [72.44972768163505, 28.848580766338532], [72.49733026727965, 28.76825270947849], [72.49799810764105, 28.735381154096736], [72.37257431693618, 28.68092202480541], [72.2653814574772, 28.572352222099695], [72.2105738519348, 28.432982245364208], [72.2006107484642, 28.35578011435297], [72.16184309324458, 28.27739438500292], [71.88990682474123, 28.019314476448095], [71.85280294203984, 27.8531576234204], [71.66336372880113, 27.773974762262924], [71.20025299275747, 27.722169483999306], [71.08492426287926, 27.67357011968264], [71.07716903385044, 27.77772036539466], [71.03519167786193, 27.84754278820996], [71.03439116535515, 27.891506763921583], [70.99884181568049, 27.92861198526996], [70.99224424617036, 27.972358379802433], [70.90258677981413, 28.111934994241885], [70.89301860342627, 28.331716189927768], [70.87486006055332, 28.37506857056162], [70.8895446106067, 28.540778662303214], [70.96325295415892, 28.64812489303686], [70.97957182980174, 28.71479475094627], [70.99669547303341, 28.731944575685272], [70.99633785310998, 28.753953046273477], [70.9788580378695, 28.75881351575799], [70.9781484043792, 28.80283480201425], [70.99509437031053, 28.830987657426146], [70.99474142863427, 28.852998964639465], [70.97129611817346, 28.86865947152285], [70.99421396538955, 28.886017107386568], [70.98218728335459, 28.913110396431108], [71.01080798957706, 28.936180827532034], [71.05135600017762, 28.937662351511698], [71.07399322175286, 28.97152474115004], [71.17854699370622, 28.953343164739092], [71.21317585974647, 28.9601246322456], [71.26442505947438, 29.011547065036233], [71.44900973184079, 29.04040519811265], [71.54009453545096, 29.120805616550946], [71.6208785274595, 29.123828583063293], [71.64366914720526, 29.141178910946646], [71.67260002218372, 29.136767858664065], [71.73112017926, 29.089502071551983], [71.82920056866803, 29.087734664012512], [72.01168537363073, 29.1936055764407], [72.05681521165108, 29.24477074025132], [72.07981952874681, 29.245652427671104], [72.09161955432661, 29.229628668633847], [72.06326257224859, 29.20657005959078], [72.08121809583703, 29.168816114480823], [72.1442730862733, 29.18223466864983], [72.19489239939475, 29.244591557501874], [72.21061765250468, 29.327560077374336], [72.24447806482493, 29.361807370181882], [72.2205057098842, 29.41579777485457], [72.18554944563674, 29.44192165541044], [72.18505662558242, 29.46936349564892], [72.24188648142562, 29.5044771594009], [72.2467396582709, 29.554086874723637], [72.30907451597719, 29.600385669649206], [72.30868019228299, 29.622335633247936], [72.27357238445951, 29.65944914876164], [72.30167012392462, 29.693460981454326], [72.35308752045825, 29.706385901571487], [72.40972374000344, 29.74696467893838], [72.51867757835362, 29.745614407236605], [72.5242044547456, 29.756802947989353]]]}}, {"type": "Feature", "properties": {"na": "NA-24", "src": "commons-1997", "inset": false, "hex": "#228b22"}, "geometry": {"type": "Polygon", "coordinates": [[[73.89335134859773, 36.77315867827675], [73.8826021930585, 36.71779031246789], [73.78772097762007, 36.737732467696546], [73.76557403197522, 36.715184960656416], [73.72089403273996, 36.725229814293094], [73.69319203721729, 36.69704378982821], [73.65406950707244, 36.70721805398042], [73.62066186159697, 36.69545587356784], [73.59819700405797, 36.71703513181102], [73.57035838759253, 36.70539725370785], [73.41371472298098, 36.74619779083661], [73.30216887685619, 36.699680782529114], [73.20153337951858, 36.68653509334415], [73.18465643621063, 36.7027555351559], [73.16226860484376, 36.70229320742802], [73.10648156204853, 36.662473876512045], [73.06727631245897, 36.66166833619404], [73.05612835847272, 36.65038941376769], [73.0563526155706, 36.6061932962882], [73.07899284077992, 36.56246540610499], [73.03460046758532, 36.47867361584759], [73.00099316148749, 36.4724466458602], [72.95630389524923, 36.43836376206828], [72.88339827064496, 36.43132389565517], [72.81067168017806, 36.380079177031675], [72.7376051823045, 36.38963405402361], [72.69856104557692, 36.32802039389845], [72.68162240428167, 36.34426026694669], [72.6422745589786, 36.34345852789862], [72.57487042284474, 36.32550196911459], [72.53020623245878, 36.24716752552819], [72.54733997382617, 36.19221299009184], [72.50253950114289, 36.141520600852004], [72.50261630313082, 36.12493093081315], [72.56483286448362, 36.06539564336816], [72.564970250329, 36.03775404957427], [72.52575137043613, 35.99822776015702], [72.50904907740065, 35.95917237676961], [72.4751960694281, 35.969519869592624], [72.41350643771312, 35.90739624351375], [72.37968216961833, 35.906688082739365], [72.32373651382768, 35.811489847763625], [72.31237380161545, 35.82784494409542], [72.26728556246012, 35.81583892305564], [72.25592151630924, 35.83219844554752], [72.20509569820946, 35.836677634044584], [72.15442324061398, 35.8024316247671], [72.13166411130408, 35.84070144128383], [72.09777214459857, 35.840009241958946], [72.04726207745624, 35.755954096792614], [72.05307948532786, 35.717330131799706], [72.01364578729977, 35.68330845629466], [71.95147718433505, 35.6709598936002], [71.88382111590752, 35.60867507454881], [71.85014696106289, 35.53600791994606], [71.86729849557952, 35.49760885641229], [71.83341110606474, 35.47476063693449], [71.81669974824035, 35.407977175143266], [71.74885539648814, 35.367805563229496], [71.6981494891423, 35.28922715968201], [71.63597439770545, 35.23255046044731], [71.5451672573358, 35.2251202067288], [71.5109636862152, 35.257651375784654], [71.56172633242277, 35.34732913251743], [71.60695838898769, 35.39256942256522], [71.6068747334266, 35.41472541088616], [71.5442774040247, 35.463321445671774], [71.57239931735556, 35.535914704060694], [71.48719453127164, 35.561935958896036], [71.45303721079219, 35.594523880083244], [71.50391508316724, 35.662028742554284], [71.50386622282394, 35.67865627847728], [71.46974502128079, 35.705714155376974], [71.42999152878792, 35.71604068414674], [71.42982018335785, 35.782571585319246], [71.321745790879, 35.88593097641119], [71.3103167856753, 35.92455338889893], [71.2648870081012, 35.929276438780924], [71.23076827588578, 35.95640503642562], [71.20237026639877, 35.95589660016949], [71.13981035132015, 36.00473859804648], [71.13978951313456, 36.021390690637375], [71.20784832899642, 36.100291033822934], [71.28727738373144, 36.12943327123253], [71.38359169994321, 36.208812267928884], [71.3835593001491, 36.23100548191502], [71.4572003629045, 36.26004133512602], [71.48548472765879, 36.28827746040621], [71.51946114944765, 36.294424755154836], [71.52509699778767, 36.31116496762548], [71.5080717636816, 36.3330533804408], [71.57027385559114, 36.384068863794006], [71.58716568046036, 36.43983193434189], [71.6211066752358, 36.4459721152554], [71.76265460825597, 36.36531917285048], [71.81352916613166, 36.36624279495819], [71.82474383694344, 36.405246171462586], [71.77948423172234, 36.42660232759494], [71.77941640123694, 36.459863938327985], [71.79633662982451, 36.476797802557925], [71.85847058990363, 36.48345528486078], [71.92046480529764, 36.539996452995396], [71.96562062400244, 36.540811367668766], [72.01069615684739, 36.56933452337847], [72.0614479886169, 36.575798136854644], [72.07265726597701, 36.603703861412605], [72.06135221012005, 36.61457946656114], [72.07260278915994, 36.625864459872254], [72.16839717775116, 36.638689924360385], [72.17963661539831, 36.64997390025945], [72.17952039759078, 36.69428470315056], [72.21884781793959, 36.73377375465795], [72.28079725484581, 36.72936692251014], [72.37638267218233, 36.75881452798751], [72.4494949988366, 36.76017377632557], [72.53922836470696, 36.82273708895501], [72.58978602122913, 36.823686977406176], [72.61219353206492, 36.84071025840888], [72.89833752367277, 36.840677012163226], [72.92626599750378, 36.86333912683129], [73.02709776845815, 36.86532560754401], [73.0550192331468, 36.88246039798453], [73.12773156107502, 36.89496142265106], [73.31795362111698, 36.88224096430196], [73.38491635961026, 36.90018495196775], [73.55802107470613, 36.89827369050064], [73.5802410271108, 36.915298721809634], [73.66944096441942, 36.92270633921354], [73.70320010208717, 36.87377562197253], [73.75361584968472, 36.83625355889128], [73.79262569086008, 36.837103698356024], [73.89335134859773, 36.77315867827675]]]}}, {"type": "Feature", "properties": {"na": "NA-201", "src": "commons-1997", "inset": false, "hex": "#ffaec9"}, "geometry": {"type": "Polygon", "coordinates": [[[67.30214244473628, 29.935388267507793], [67.36128270299832, 29.92016697338674], [67.38565039977462, 29.753795983620606], [67.41542544234423, 29.704475310821575], [67.46278938802062, 29.683445029239437], [67.5159368181356, 29.684829728452282], [67.56933266797974, 29.636167091582944], [67.61052918732199, 29.659501351121136], [67.6520191424591, 29.62723318140076], [67.65246008395998, 29.54939750871346], [67.73549804815238, 29.479364995718896], [67.73007859936608, 29.401400207504164], [67.75382235179326, 29.37981951319381], [67.8186442420237, 29.392718341292856], [67.84201769602714, 29.426702993147543], [67.86560344218462, 29.427353436965277], [67.88937030166538, 29.40023081679303], [67.88388517080301, 29.338966542776415], [67.85462382773788, 29.304817065868328], [67.86082599660533, 29.260546749523055], [67.73761378537995, 29.151531903769982], [67.75586535585941, 29.074261767802003], [67.83301775092512, 29.02090719440403], [67.83920760086698, 28.982206929091852], [67.82178397473882, 28.942829623036303], [67.76292912180475, 28.913367096664402], [67.73950192060703, 28.884921408706035], [67.73966602267744, 28.862707964798087], [67.82245458996383, 28.85399328824145], [68.04624040830092, 28.921593923885045], [68.06429420001392, 28.877725048867322], [68.12358403393901, 28.840637662566056], [68.12419889371554, 28.768526700449534], [68.1600621092206, 28.714127407019227], [68.16060351052353, 28.65312585503031], [68.13725926813264, 28.624682693532872], [68.14426593766032, 28.502871423452373], [68.07975422240102, 28.45652073302255], [68.04988525287109, 28.494437513246893], [68.01445962415181, 28.493358813497643], [67.99718853217801, 28.44290110225112], [67.87383813876625, 28.35591415125362], [67.88004516331745, 28.322809205594638], [67.9216757077742, 28.29634168956731], [67.92804282778403, 28.24660668621626], [67.96967760794801, 28.220158303606222], [67.97712209894556, 28.05954754019651], [67.96551141985479, 28.03699905714361], [67.96621807030668, 27.96492940857257], [67.88415121620723, 27.8846897955287], [67.79583120224287, 27.83197515941599], [67.80832911249873, 27.765812012737744], [67.87391786990791, 27.72354261673258], [67.81519510780811, 27.671749751094048], [67.66114930831024, 27.66128519723474], [67.61391885244129, 27.637594052136595], [67.5309073971566, 27.629420080594464], [67.4951399552329, 27.644943851402243], [67.45860926784437, 27.743715915219244], [67.43466714128398, 27.765179671086113], [67.38727085671711, 27.752609978001104], [67.36931058868323, 27.76871395973333], [67.3631788732036, 27.79073700685708], [67.3807504140417, 27.819041572503718], [67.35643150513063, 27.884938154722345], [67.30285290099148, 27.899972904716325], [67.27882382738079, 27.9325759737285], [67.26357497172108, 28.37110685046018], [67.25139165205708, 28.41522273859597], [67.20947388334244, 28.46961134542475], [67.13228853598503, 28.472971685898088], [67.0725614779232, 28.526898154771867], [67.07832080913111, 28.554870779628654], [67.12551928263862, 28.600691463178777], [67.14770799025894, 28.8516186724618], [67.2125196384024, 28.92015158989994], [67.23000084528464, 28.970694189871132], [67.25949103910858, 28.99375055138817], [67.2592952583863, 29.027120410678013], [67.29463351087854, 29.061458227698438], [67.31210413739602, 29.111994837587208], [67.39463309128269, 29.169857115588734], [67.3693711562188, 29.458442314165143], [67.33963422179451, 29.491045580007746], [67.26266202073593, 29.505731362446692], [67.26144426747179, 29.77289965155868], [67.21389189653345, 29.832952376480918], [67.21382486950856, 29.849656847400308], [67.24918255793294, 29.87838330010506], [67.25493731582644, 29.917506524816407], [67.30214244473628, 29.935388267507793]]]}}, {"type": "Feature", "properties": {"na": "NA-19", "src": "commons-1997", "inset": true, "hex": "#e1ae00"}, "geometry": {"type": "MultiPolygon", "coordinates": [[[[67.05176935411194, 24.750391995919262], [67.06103572432335, 24.74905891260592], [67.06334292607396, 24.75324766495203], [67.07419944138269, 24.729662031775074], [67.06181634948398, 24.74488959640403], [67.05564069566145, 24.7448507241156], [67.00611699649939, 24.801586807393466], [66.98731432289158, 24.816847196446098], [67.00766090995502, 24.801596525465573], [67.05176935411194, 24.750391995919262]]], [[[67.11490510556922, 24.830099766396664], [67.11338430793445, 24.818958914356696], [67.10646848163779, 24.803609873826407], [67.1064771500706, 24.799435698588457], [67.10030438572569, 24.798005434554046], [67.08871636637564, 24.802106724251193], [67.0856429868524, 24.795130329377063], [67.08565743424043, 24.78817337064715], [67.07639684298427, 24.786723670468525], [67.06870905995977, 24.77136977090218], [67.05939067915148, 24.79774790564321], [67.06934232176248, 24.8381614337454], [67.07473735042436, 24.842369622235726], [67.07089779312854, 24.83260558483358], [67.07014895222157, 24.821469591829665], [67.07557576513713, 24.810372471114178], [67.08945653884977, 24.817416892493053], [67.10182518336046, 24.809146286594014], [67.10800083718298, 24.809185158882443], [67.11338141845684, 24.82035030610268], [67.11410714354294, 24.842617433074455], [67.11236634011058, 24.844484879100413], [67.11410425406534, 24.84400882482044], [67.11490510556922, 24.830099766396664]]], [[[67.09865934055381, 24.846694427591334], [67.08193987639535, 24.852819381643844], [67.10417331718106, 24.846729134991715], [67.09865934055381, 24.846694427591334]]], [[[66.95277107690715, 24.840210502793287], [66.92494596097451, 24.856732278447154], [66.92800778258731, 24.869274240305213], [66.92799044572168, 24.877622590781108], [66.92409887782892, 24.892903604806648], [66.92022464680181, 24.899836268356296], [66.92318244722077, 24.96246833306973], [66.91774407639478, 24.97913102076915], [66.91773251848436, 24.984696587753078], [66.92930320096876, 24.98894364853183], [66.93083844599158, 24.993127541841883], [66.9385493448369, 24.997350307440367], [66.94084787815471, 25.005713235024423], [66.94004702665083, 25.019622293448197], [66.94311751669645, 25.027990080068307], [66.95314139624762, 25.033618814520935], [66.96934959805414, 25.035112246024042], [66.97628276121644, 25.042112936078436], [66.97778911146318, 25.06021074684832], [66.97314292370825, 25.06713855136191], [66.9731198078874, 25.078269685329772], [66.9761816295002, 25.09081164718783], [66.9815795476397, 25.09362844393217], [66.9831147926625, 25.097812337242225], [66.99469992253495, 25.09510243929106], [67.01243181145385, 25.106345331088153], [67.02169529218764, 25.106403639520796], [67.02556374425953, 25.102253759463117], [67.04023670104323, 25.099563297656168], [67.04411093207035, 25.092630634106524], [67.04952040812027, 25.089881863866932], [67.06032780230969, 25.08994989037168], [67.06726963390481, 25.09277640518813], [67.07342217190647, 25.10394641144442], [67.07648399351928, 25.116488373302477], [67.08188191165877, 25.119305170046815], [67.08726249293262, 25.13047031726705], [67.09728059352858, 25.138881835211645], [67.10500016080674, 25.13893042557218], [67.10964923803927, 25.130611229312603], [67.11351191115594, 25.129244132746887], [67.14284048785771, 25.13221155960889], [67.14519392125005, 25.114138044019278], [67.13907027802445, 25.08905412030316], [67.11677599620123, 25.04438867238616], [67.102143492104, 25.02759964974935], [67.10292411726465, 25.023430333547456], [67.10910555004239, 25.020686422343918], [67.10989484363584, 25.012342930904076], [67.1068156851574, 25.008149319521912], [67.10837115652345, 25.00259347061009], [67.10762231561651, 24.991457477606176], [67.10998441744165, 24.969209786778613], [67.11463638415178, 24.959499198773056], [67.11622941872673, 24.935855257163457], [67.11237541404287, 24.933048178491223], [67.10465295728712, 24.93439097987667], [67.09923770228198, 24.939922533608225], [67.08688928411453, 24.938453397285386], [67.05606880455407, 24.910431200923593], [67.05685809814752, 24.90208770948375], [67.06614180522455, 24.892406275694515], [67.07003915207251, 24.874342478177006], [67.0777702772611, 24.868825501553612], [67.0770098784437, 24.863255075533626], [67.07928283722644, 24.853792752720274], [67.07625525858153, 24.854901866021677], [67.06699177784775, 24.854843557589035], [67.0623773743465, 24.84646605289682], [67.0539609767583, 24.81023641810468], [67.05316301473202, 24.82275408478247], [67.06002105147655, 24.865930960232415], [67.05769940233789, 24.86869916661622], [67.04913275191416, 24.90482190261518], [67.03755051151931, 24.90614040882036], [67.02444169453449, 24.899100846477538], [67.0205761319402, 24.901859334789236], [67.01750853137217, 24.892100156423144], [67.01056669977706, 24.889273641606696], [67.00515144477193, 24.89480519533825], [66.98892879557737, 24.90026872256506], [66.98037659254166, 24.929434499834105], [66.97806072235821, 24.929419922725945], [66.97037293933374, 24.914066023159602], [66.97195152652064, 24.897379040279915], [66.98587275291979, 24.884943977215034], [66.98665337808043, 24.88077466101314], [66.98203030614636, 24.87657133155887], [66.98591320560628, 24.865464492771277], [66.97819652780574, 24.86402451066476], [66.97206999510253, 24.840331978694625], [66.96822176937388, 24.83474211653043], [66.96900239453451, 24.830572800328532], [66.97127642485337, 24.82886831357189], [66.96515127932827, 24.826374329910315], [66.95277107690715, 24.840210502793287]]]]}}, {"type": "Feature", "properties": {"na": "NA-176", "src": "commons-1997", "inset": false, "hex": "#a6caf0"}, "geometry": {"type": "Polygon", "coordinates": [[[70.34495128696291, 25.795756337197936], [70.34991277500075, 25.559637588709585], [70.41599430962196, 25.49110732949558], [70.44053600628482, 25.442747947478793], [70.54818529977543, 25.354169678567214], [70.58096282518284, 25.201908418196272], [70.65947701333921, 25.106674966367038], [70.72693044788532, 24.98356446359183], [70.65156474822813, 24.941679860645067], [70.64866192481935, 24.81534586554655], [70.68479294676344, 24.778622450200157], [70.75521382839476, 24.78190956255635], [70.75574080067581, 24.75999510875069], [70.69784301775418, 24.72437570983326], [70.63312931880557, 24.726840518746467], [70.56355529893358, 24.685194145459874], [70.54083122454587, 24.651213737663753], [70.58222396192116, 24.642170008646588], [70.57073405941372, 24.630660401364107], [70.49484830938029, 24.605173606241046], [70.40664049443272, 24.601075398422264], [70.30623370812826, 24.612903861739557], [70.31097737052553, 24.662536269249973], [70.28655607087143, 24.699851870725183], [70.32135584794341, 24.723410020715427], [70.32085236449944, 24.745350380479334], [70.30282692402315, 24.760999466906952], [70.27378355058701, 24.743198772356845], [70.22657705209132, 24.746538438427713], [69.91047804188767, 24.638824340208437], [69.84739009780746, 24.553535539010092], [69.80655277823678, 24.529707728475955], [69.55828803376585, 24.52409727307251], [69.45578380771168, 24.61309357140346], [69.42029195531516, 24.611534557468122], [69.36749493541197, 24.58720552252594], [69.31399733214619, 24.595873845475314], [69.1601223577864, 24.58367589233318], [69.11908185862602, 24.55987098214276], [69.07165845960158, 24.557821090464014], [68.97590502095584, 24.597772883034036], [68.986473112983, 24.664340146590522], [69.0620327047454, 24.744696929747768], [69.11471085088627, 24.77999862537284], [69.1200950857726, 24.807771566831313], [69.1018951321244, 24.829031855978606], [69.1139566130271, 24.818527443838533], [69.13161766717316, 24.824788796212403], [69.14238691467109, 24.880334334978443], [69.13032992333878, 24.890839955166577], [69.17683715191077, 24.936885032130668], [69.1646778756756, 24.952895658083257], [69.25290675313305, 24.98418248447417], [69.30516881879254, 25.035972657331456], [69.30087788201735, 24.9531822679572], [69.33658082591653, 24.943695824922614], [69.48181346783605, 25.076547620888146], [69.52861783601556, 25.100572950690353], [69.62117758024988, 25.1981123369409], [69.80386017579967, 25.211482955685085], [69.78494391026247, 25.271183191768497], [69.7489143098774, 25.302647557085933], [69.71933206832385, 25.306882349479444], [69.77071390418672, 25.39162397058787], [69.85284262208108, 25.411646213596054], [70.0011272886273, 25.363036065773034], [70.07748851348235, 25.37185311195569], [70.15334907461774, 25.40264888187458], [70.22212945683776, 25.488105100553145], [70.22673358952972, 25.548772162105166], [70.19622001563853, 25.602424707664852], [70.1486580531417, 25.627864364135167], [70.15351698190659, 25.677562919998483], [70.14154398012963, 25.688047402334746], [70.088779414244, 25.680288446470104], [70.11150032979337, 25.719758743882668], [70.06981831635181, 25.74548278038969], [70.15648356054524, 25.820673613663853], [70.15615093397848, 25.837158997573347], [70.20367312453885, 25.811686820040403], [70.25638320108557, 25.819439558331602], [70.34495128696291, 25.795756337197936]]]}}, {"type": "Feature", "properties": {"na": "NA-198", "src": "commons-1997", "inset": false, "hex": "#528d6b"}, "geometry": {"type": "Polygon", "coordinates": [[[67.66942289099353, 31.169384615121462], [67.63420966293502, 31.146307345924697], [67.50516226203911, 30.99296008359108], [67.34048602321573, 30.89450264770439], [67.33475253689767, 30.82191511380681], [67.30541984865333, 30.759939659705257], [67.31139489711798, 30.726636013974776], [67.37634009581032, 30.689122529299343], [67.50002475389593, 30.70871198113457], [67.53530886075484, 30.726247335787722], [67.58263765552898, 30.654961750083242], [67.58271064983059, 30.63268912314192], [67.46487765351802, 30.64104534668028], [67.40604422833748, 30.60624199033352], [67.34123869845493, 30.588012980658036], [67.18194421589597, 30.584325792100714], [67.09942463300504, 30.52111098920131], [67.07589939917374, 30.475970407267514], [67.03460208423809, 30.447144240391886], [67.01096139557153, 30.446601230296064], [66.95195235188571, 30.3950628678769], [66.89278531520134, 30.404863636211847], [66.83352069365162, 30.459300488843198], [66.78027223307478, 30.452525965525904], [66.62668075578613, 30.209140669238234], [66.58519279046213, 30.202620474505387], [66.5436421975561, 30.229588431423352], [66.45464737096172, 30.244346777810733], [66.44283021153227, 30.205005286093208], [66.4013151146737, 30.18174922977264], [66.29443414870897, 30.18496743774792], [66.24696343705841, 30.128073357364475], [66.24697984573503, 30.11131892566518], [66.19945701142085, 30.08792936101304], [66.19347884302735, 30.126897066207587], [66.22315630870831, 30.172232902967394], [66.22313033224908, 30.205746859999685], [66.2587364749318, 30.25679387982102], [66.25869594800722, 30.318237836668988], [66.3180104155181, 30.414475969253356], [66.30611647688178, 30.46449688954828], [66.23487192764807, 30.541212864615407], [66.2289361111394, 30.602559574997294], [66.30015328709317, 30.749329759278467], [66.30017119302907, 30.81639388475017], [66.3298357931089, 30.87288504662493], [66.3476631119299, 30.973847038721235], [66.40692878644612, 31.014158609488398], [66.4898353410105, 31.021417973507223], [66.54903215618728, 31.050553473438985], [66.64960856953421, 31.1475614136184], [66.67327921807335, 31.25417459691093], [66.73828339169194, 31.266652686854417], [66.79736120984256, 31.346034431682316], [66.9331128005594, 31.376696012591694], [66.9567104010653, 31.37159284341109], [66.96261242973496, 31.35496495344077], [66.92721691862337, 31.34307701218325], [66.92722188575495, 31.31516204641375], [66.94492919051484, 31.293194235761714], [67.00983768008388, 31.261044275068382], [67.0569962994039, 31.301092117153015], [67.08647561512093, 31.30170579946922], [67.16314709594448, 31.247519744473863], [67.21028817071975, 31.248520124026474], [67.22794439448393, 31.265630157546866], [67.31628506186152, 31.26751769524329], [67.38108840952121, 31.235459178732313], [67.44583160686895, 31.231294074521454], [67.46942524297084, 31.198365639847236], [67.51057256485312, 31.215993133395997], [67.56358101899373, 31.178156755864727], [67.65764235038621, 31.180261355113124], [67.66942289099353, 31.169384615121462]]]}}, {"type": "Feature", "properties": {"na": "NA-18", "src": "commons-1997", "inset": false, "hex": "#228b22"}, "geometry": {"type": "Polygon", "coordinates": [[[71.29473204351687, 32.513897250678355], [71.31789656321553, 32.48691344018989], [71.30173298497493, 32.375978715729346], [71.27901635837414, 32.35324719080165], [71.25030546071308, 32.35797008723532], [71.20474409463, 32.32355098702753], [71.13672191455986, 32.2332475708677], [71.13718322201304, 32.18353168005259], [71.14876450097469, 32.17280684371047], [71.05168232919824, 32.11482441032457], [71.04624632735232, 32.0815154945585], [71.0579404482308, 32.0597416413119], [71.04671161757055, 32.0317963444579], [71.01249855904656, 32.00320055141135], [71.01323046618735, 31.9258612662382], [70.97905689889295, 31.891734727359264], [70.99097922188008, 31.847870896790663], [70.96222969198091, 31.847049027282267], [70.93379111543037, 31.81308175750328], [70.93416290644706, 31.77441179279997], [70.87720889199073, 31.71199257992354], [70.82059744240513, 31.610891365983083], [70.82695066504868, 31.55028827219735], [70.79852869664339, 31.510781369526814], [70.82744273154917, 31.500571526837803], [70.81054495858513, 31.46139970047983], [70.82833051157, 31.41219408126836], [70.77103438572745, 31.37735947719998], [70.77131307805915, 31.349740319892735], [70.73145509698195, 31.298836953968152], [70.72036879827273, 31.254305036475387], [70.67377499068989, 31.29714119313215], [70.58160526731018, 31.27786433991391], [70.4889543202563, 31.302819256281648], [70.39687806146085, 31.261457530926663], [70.33948080422395, 31.21556188351091], [70.33329182874911, 31.259634146203318], [70.27457921588758, 31.357545770102945], [70.23254881440059, 31.53898968843358], [70.17975300580888, 31.631644889961223], [70.17948999890653, 31.66485530154038], [70.14445692197667, 31.708202400619772], [70.14989884839623, 31.752647002426478], [70.13825297912493, 31.76340994058714], [70.14357606485603, 31.82446785793346], [70.10231083074885, 31.93415030884415], [70.03833970319705, 31.98788207645918], [70.03796456924739, 32.04328054695573], [69.98550014223376, 32.10843568822303], [70.02564023489978, 32.15933609249903], [70.07753445510754, 32.177282604858625], [70.15217463925119, 32.24567760916339], [70.21570537658435, 32.24176281434127], [70.26167746115031, 32.270640297654325], [70.27879413969067, 32.298775260037495], [70.31905018931475, 32.31642574844824], [70.37635484062484, 32.3677437550565], [70.40467142900799, 32.440464582851234], [70.44503420409599, 32.43596170590386], [70.49710225256777, 32.40408354684033], [70.53732697112981, 32.41619927082158], [70.54920549166293, 32.366687989864886], [70.62420095956068, 32.34651788793502], [70.64747516876655, 32.313930382184076], [70.60177179375114, 32.26844822214518], [70.60190034903523, 32.25184997649307], [70.63670132013631, 32.21957703063196], [70.65972523843767, 32.220193474650635], [70.6768580747147, 32.23725063309645], [70.86057578303034, 32.28092345084862], [70.95782557829185, 32.33333199854949], [71.0209402705557, 32.34058296440229], [71.09506604416529, 32.39788865363099], [71.14674277341484, 32.39378050374638], [71.20334413429168, 32.47823076197256], [71.23773379206311, 32.479175587412264], [71.27754585346986, 32.513423930103194], [71.29473204351687, 32.513897250678355]]]}}, {"type": "Feature", "properties": {"na": "NA-132", "src": "commons-1997", "inset": false, "hex": "#228b22"}, "geometry": {"type": "Polygon", "coordinates": [[[70.66811598786963, 31.28592213129966], [70.70900089895, 31.23739221397916], [70.65191766528564, 31.17491896493598], [70.65340065535078, 31.031298320540515], [70.67678611889237, 31.004377177670747], [70.6778502856501, 30.904973064448697], [70.644092837023, 30.821086108197175], [70.65576794639281, 30.810395487802726], [70.68458996295959, 30.8168015704783], [70.68477273561545, 30.800237617733504], [70.64469796441765, 30.76586767910749], [70.66258391000335, 30.716709186524877], [70.62243714481995, 30.68785476736861], [70.61155418198578, 30.62676280323292], [70.65220724541146, 30.611456899284658], [70.68154955120909, 30.57371821069128], [70.68920344371796, 30.4138460478154], [70.66061766448769, 30.38533500114097], [70.66081441162196, 30.368778930667858], [70.71978044759292, 30.276825611041065], [70.69106487355792, 30.25934347331554], [70.65696031452714, 30.208568756071298], [70.65723076292134, 30.1864987606554], [70.68064816785873, 30.165178446203424], [70.66376722108542, 30.125997300817318], [70.68174976323539, 30.076912993104735], [70.6466781954734, 30.10336584298091], [70.61201328187732, 30.096721921045027], [70.600297994347, 30.107382299299022], [70.61133527312278, 30.151898917286783], [70.58791066193227, 30.173225976162218], [70.49519099012736, 30.17577811109988], [70.42638023052413, 30.112837606368323], [70.36860485497704, 30.094428039303658], [70.2654154394722, 29.986191831310784], [70.12020144783247, 29.98711798715199], [70.01634745522328, 29.917527734795794], [69.91749131377634, 29.914432545341164], [69.82986299653301, 29.944890025209446], [69.79511700484652, 29.927225081700858], [69.77811938185535, 29.88245321640751], [69.77183155943064, 29.92650704537824], [69.80047323232058, 29.971637671333585], [69.86971451491831, 30.029075063446342], [69.89873724707903, 30.035499127807313], [69.92164641614461, 30.069384498598087], [69.89821341442173, 30.085254417970976], [69.81085312594773, 30.09364539708381], [69.76464011620497, 30.05904681112944], [69.7758302181055, 30.10364457503002], [69.74096827888857, 30.097055291606367], [69.73503719066353, 30.107941482719266], [69.79239562800495, 30.19266457215352], [69.78016043090946, 30.253158591956158], [69.83184547528933, 30.321101571574474], [69.91266614621948, 30.378844091606133], [69.92390307045059, 30.41790443034372], [69.92266853578072, 30.545115457001106], [69.94568265011242, 30.567926147181172], [69.94547118491334, 30.59005113594387], [69.97433736127343, 30.607499942699974], [69.99707601610861, 30.657962349204052], [70.06664019500708, 30.66554475674376], [70.08967763293955, 30.682819891683277], [70.08946316696014, 30.704939120518855], [70.05445545158106, 30.726036107842077], [70.07148425756878, 30.76526035799554], [70.07060070716292, 30.859286025342666], [70.09317105564496, 30.92633360399611], [70.09261432210981, 30.987181088234177], [70.15029302197713, 31.016505609921143], [70.17924981682397, 31.017340839521882], [70.20743518589097, 31.10113563367729], [70.27647254856493, 31.147375138524588], [70.33431641291536, 31.149042939348355], [70.34572685785612, 31.165964514927055], [70.33958329666592, 31.204502862264928], [70.40276063889807, 31.2505660390122], [70.49483471574888, 31.2919306057047], [70.57594046275872, 31.26664356033066], [70.66811598786963, 31.28592213129966]]]}}, {"type": "Feature", "properties": {"na": "NA-134", "src": "commons-1997", "inset": false, "hex": "#a6caf0"}, "geometry": {"type": "Polygon", "coordinates": [[[70.46111309911599, 29.214315887632615], [70.47411384122229, 29.115477886963898], [70.46280436983886, 29.093023280274966], [70.39368204201841, 29.046497946524376], [70.41213246209996, 28.97543260749628], [70.36199489838033, 28.81924277097347], [70.36287111501251, 28.758607208013586], [70.31057237091207, 28.75124567982101], [70.28752484048826, 28.73388609751508], [70.28856002814433, 28.662219020610635], [70.25976181062508, 28.639136577662054], [70.21906592672528, 28.63218082374208], [70.20789036902448, 28.598688054171554], [70.1144792958141, 28.606426943610018], [70.10896218421156, 28.58416236088687], [70.13251864264643, 28.568440457867275], [70.09186127513509, 28.55597200660352], [70.05757278588366, 28.505103275427768], [70.02840288633496, 28.504075214876107], [70.01113236069422, 28.486911999913833], [69.9527683013636, 28.48486085040827], [69.9412472922165, 28.473418050834198], [69.94739490777579, 28.451556813189026], [70.01168041453754, 28.448303123324486], [69.98312507684402, 28.403147888105487], [69.85472370444374, 28.39310608345532], [69.83827532461324, 28.3152471672027], [69.78020887223873, 28.285601245881672], [69.76251481143989, 28.296020884911393], [69.76790227840262, 28.32933572647838], [69.7267459631745, 28.34446088186998], [69.70358039810348, 28.327087033151827], [69.70388281771965, 28.30500994363661], [69.72750529174797, 28.289271722775066], [69.68648625048439, 28.29335828017789], [69.66923822627776, 28.27066729759776], [69.5227600266538, 28.276621556466743], [69.49911657107506, 28.292378853475842], [69.51068262214807, 28.30382711485134], [69.50460848072076, 28.320192226648633], [69.39895989620909, 28.333148243465867], [69.32863531387824, 28.330753813407664], [69.27649854201978, 28.27923269268704], [69.25890490533433, 28.278635283131493], [69.18742159192067, 28.364688554570566], [69.19294987592637, 28.392523302929064], [69.26311519513911, 28.411464859454743], [69.29215226307605, 28.43455608542769], [69.40706420858417, 28.620845712126346], [69.40672601140326, 28.64847607412974], [69.35968681629988, 28.663498923774014], [69.37073267355484, 28.71915765478372], [69.46350234835047, 28.794100690151758], [69.49208202521082, 28.850329403336403], [69.53832512424913, 28.89608069064009], [69.58494960821731, 28.908675719821044], [69.60765297773416, 28.964699698422674], [69.61276430492944, 29.025671573101327], [69.64137137391852, 29.0763589341179], [69.6292337882132, 29.114657369808924], [69.60587554666162, 29.113896026244], [69.57706150473528, 29.079786089944662], [69.5595360533543, 29.079215334830483], [69.55934228307547, 29.095795907138697], [69.51799817900563, 29.133162312758582], [69.5468908370419, 29.161744276316544], [69.5467004825975, 29.178327156219417], [69.48187673525032, 29.22601883074504], [69.44109606730093, 29.21365387608183], [69.42885848607357, 29.263050395361226], [69.46343094769664, 29.308402540542765], [69.45049070691447, 29.424172104288708], [69.49673355283012, 29.46988280747538], [69.56082302897192, 29.48296026178669], [69.58398434070538, 29.50028354682602], [69.59595607293247, 29.473005808497977], [69.59699648136908, 29.379018981765693], [69.62071346567788, 29.3465959596097], [69.65585123896064, 29.336662994783925], [69.67963442281581, 29.298726491851397], [69.6742478929116, 29.259853430071765], [69.6861117111795, 29.243652951434093], [69.73304810393542, 29.22306780652084], [69.89041867393065, 29.233749738912238], [69.9658243644304, 29.263859989583377], [70.01824143446534, 29.265595227784395], [70.14090893188842, 29.236553113839523], [70.39653355660505, 29.261757230260596], [70.46111309911599, 29.214315887632615]]]}}, {"type": "Feature", "properties": {"na": "NA-17", "src": "commons-1997", "inset": false, "hex": "#a6caf0"}, "geometry": {"type": "Polygon", "coordinates": [[[72.75159481847156, 35.87042829106341], [72.79083319293423, 35.893387414727265], [72.8470545341726, 35.894625855360545], [72.91470077013601, 35.86299251674517], [72.94841161150639, 35.86374752662621], [72.99324002065966, 35.88131890283695], [73.04377510539815, 35.88245916857546], [73.0997193985655, 35.911326400945725], [73.15609160782674, 35.87397892428412], [73.13446192026026, 35.75759642823788], [73.17967862659943, 35.71451057974139], [73.2077751823339, 35.709653521604025], [73.30368350192815, 35.64022781041757], [73.3878278674409, 35.63673951815329], [73.41047212454309, 35.609723559606536], [73.41083581084735, 35.56563152862964], [73.44997618249529, 35.57761393739349], [73.48322406857986, 35.622522716491716], [73.56201064693211, 35.58037541742462], [73.64014140827406, 35.60986513118189], [73.66267222683398, 35.593900559082385], [73.73534919376348, 35.60123221439173], [73.77464732704888, 35.58570246681326], [73.80850377427659, 35.55352331355582], [73.81456425917722, 35.504124535847716], [73.75340738579818, 35.46401455162163], [73.74812569708561, 35.43084079118777], [73.720408055867, 35.40259659060861], [73.71528350521787, 35.352906627344986], [73.7493464583652, 35.30423678902336], [73.74423568558008, 35.25455525028087], [73.77798423001632, 35.23892580690204], [73.80563487646677, 35.27267957161421], [73.83360924342182, 35.27341554501414], [73.88988115520556, 35.24188403511332], [73.91784240996515, 35.242628142831386], [73.96233926465948, 35.26582365464173], [73.94574103350074, 35.24887456739816], [73.93507722350725, 35.19907150096429], [73.91293902651084, 35.17646987323795], [73.85699941153123, 35.174973512095], [73.83484472400791, 35.152370175678236], [73.83535921198796, 35.10285711145651], [73.81319900599878, 35.080250928705446], [73.70663129250221, 35.09391986067433], [73.64555004439683, 35.037249494790665], [73.61713993125097, 35.07503836525723], [73.58911072954092, 35.07430099440044], [73.51151109878289, 34.978644879166374], [73.47239216363089, 34.96109360707868], [73.42743364584804, 34.96542242729012], [73.38792193840203, 34.986426399407215], [73.3487663758141, 34.96888146967219], [73.28129953237249, 34.972646777109745], [73.25335225293675, 34.95539470632955], [73.23086876535476, 34.95481646540398], [73.19688976509958, 34.981504221428644], [73.15210141604426, 34.95831301706784], [73.08459712426288, 34.95659858570904], [73.03357354147637, 34.99942579891722], [72.9772391434829, 35.003533135610766], [72.87631564421261, 34.94586283769008], [72.90390008484756, 35.01826280355191], [72.86425002321067, 35.04487313948778], [72.83048964839624, 35.03852901303264], [72.80248570623955, 35.01577200366125], [72.77981205862326, 35.03177465845836], [72.7908719876798, 35.05963729897982], [72.75108402812502, 35.10282914209264], [72.76190445525187, 35.16380637344762], [72.69379400531595, 35.2284367184747], [72.69923607798304, 35.2561720064644], [72.74392764906659, 35.31243486378465], [72.72664389393188, 35.36724586021278], [72.74902380221462, 35.38985329561946], [72.74872243853949, 35.43402031311754], [72.7034797272982, 35.460589520003154], [72.70337073037304, 35.477155531404286], [72.72568143560899, 35.5108030569679], [72.73074089069544, 35.59928655076869], [72.78076406353742, 35.69983277882169], [72.78031736646159, 35.771627192957226], [72.79702249338061, 35.79961707785198], [72.78543964924837, 35.85459916968049], [72.75159481847156, 35.87042829106341]]]}}, {"type": "Feature", "properties": {"na": "NA-133", "src": "commons-1997", "inset": false, "hex": "#a6caf0"}, "geometry": {"type": "Polygon", "coordinates": [[[70.58225507837615, 30.16200302671775], [70.5998247634702, 30.14600758220234], [70.58878569821135, 30.101489966525822], [70.60635985620802, 30.085499248785993], [70.64102695144867, 30.092143813588148], [70.72324188271128, 30.00102135153681], [70.71237746689262, 29.94548949924933], [70.75383087458621, 29.87514858238312], [70.73734100303811, 29.808404540537577], [70.77823272634086, 29.78219921382731], [70.77853000620571, 29.760148639839805], [70.75581901004983, 29.726291732756714], [70.75641718381596, 29.682191515194017], [70.7166244106161, 29.625692464397826], [70.61350210615554, 29.53394494079022], [70.61410155563439, 29.489837615901223], [70.59105468813816, 29.478021712010687], [70.59180786777571, 29.422888324939127], [70.55172579507588, 29.382907929765256], [70.55790713949615, 29.35553968179863], [70.59325680988006, 29.318145743533965], [70.5065804348357, 29.28758869594078], [70.49557724220294, 29.243082095168532], [70.46096090664781, 29.225343433843197], [70.4021940046007, 29.272985436315626], [70.1465855864505, 29.247785989517645], [70.02392618043176, 29.276830255433666], [69.95986267635448, 29.27471136932474], [69.88445535873323, 29.24460354268015], [69.82033253240256, 29.24249897712816], [69.80297288218816, 29.230878295435698], [69.70361632635215, 29.24422075884323], [69.68585380296221, 29.265757187766887], [69.6912391426219, 29.304629334190892], [69.6674572547099, 29.342564639247986], [69.6264242959006, 29.357837980614633], [69.60860667748567, 29.384918950493468], [69.60756458603205, 29.47890341699531], [69.59559335327504, 29.506180348130005], [69.65915042155554, 29.563490692879387], [69.68824323001256, 29.569938298305125], [69.7285597552183, 29.61544990099806], [69.76831504117415, 29.7107075924316], [69.70381073326377, 29.747405066749316], [69.697807209559, 29.763811833302668], [69.74364866793736, 29.83713864672467], [69.80134779632695, 29.88870305497082], [69.80681693303792, 29.922055690816745], [69.84161905151193, 29.93419299985989], [69.91179468688247, 29.903196922857273], [70.02228407817377, 29.90665963870621], [70.12613474184423, 29.97625239492816], [70.2540010075206, 29.96925551910706], [70.37453245721349, 30.08357021960326], [70.4323067604622, 30.101981793383516], [70.47807425115246, 30.153143747796445], [70.50111466495403, 30.164923463621506], [70.53599799825646, 30.1549968784964], [70.58225507837615, 30.16200302671775]]]}}, {"type": "Feature", "properties": {"na": "NA-52", "src": "commons-1997", "inset": false, "hex": "#228b22"}, "geometry": {"type": "Polygon", "coordinates": [[[72.001480052945, 31.294138599005553], [71.99146123237455, 31.189193131062748], [71.88825254035984, 31.19682580392672], [71.79695366190182, 31.166314115179304], [71.77997830390856, 31.14923656644942], [71.77490500383496, 31.099492919220374], [71.7344789582403, 31.120214350114296], [71.6886006232002, 31.118728714876415], [71.595960618338, 31.181883910714717], [71.51567760799215, 31.17381570496447], [71.4819836768336, 31.112101022335878], [71.44779606779336, 31.08896007801692], [71.33874447980693, 31.074475798642577], [71.315413255779, 31.10131718726707], [71.31488152188228, 31.14542616683158], [71.29743736517544, 31.161428643985], [71.2686901650269, 31.160531699792557], [71.17539635499628, 31.268002330967757], [71.04862747043545, 31.280698776273443], [71.03117743911315, 31.2967336236491], [70.96784513778663, 31.294825078918553], [70.94451441705156, 31.321736869813854], [70.8526889313461, 31.285855536637012], [70.82347170661166, 31.323655936433955], [70.76006259717171, 31.321782106462017], [70.78289832265793, 31.34455622599069], [70.78261848556468, 31.372174295136798], [70.83990990508457, 31.40700994079798], [70.83957366459325, 31.44014899516603], [70.82201261273693, 31.46726033482953], [70.83890820098135, 31.50643135883979], [70.80999645426125, 31.51664064133483], [70.83852433475548, 31.545098690921293], [70.83216892689742, 31.605699156013905], [70.94561407731709, 31.78026589536002], [71.00334157084882, 31.759827828503372], [71.10106638829369, 31.762662515897425], [71.11808159949803, 31.785249945681972], [71.17541594068638, 31.797966815213595], [71.20441696635396, 31.771206740733636], [71.30219329861289, 31.757528331326455], [71.33077044317469, 31.769415372723273], [71.35910364694644, 31.803372959612716], [71.42787155990007, 31.81093610235405], [71.49057176665677, 31.845914960018373], [71.61667853120356, 31.844184139837168], [71.70199038314783, 31.896399658732175], [71.68532512409084, 31.851776409984218], [71.61718070840253, 31.800074261387383], [71.61176842741028, 31.772332896899606], [71.6463904210385, 31.751326390940374], [71.70378425776012, 31.74205361656768], [71.7388577686738, 31.682487119425854], [71.75104147083053, 31.622226482723296], [71.83200369890872, 31.558623178714473], [71.91840038107479, 31.51727925839044], [71.94750386434112, 31.479646622906454], [71.98783377947855, 31.458908095136522], [71.96553228015613, 31.414128568143823], [72.001480052945, 31.294138599005553]]]}}, {"type": "Feature", "properties": {"na": "NA-22", "src": "commons-1997", "inset": false, "hex": "#228b22"}, "geometry": {"type": "Polygon", "coordinates": [[[72.4808840439492, 35.95857988213939], [72.55993392012019, 35.92155011470177], [72.56571084191407, 35.894033639067175], [72.58832402506408, 35.87793579433343], [72.62773461322595, 35.87878483762532], [72.65034293514903, 35.8626945614178], [72.69530339442025, 35.87472363248685], [72.7742242412561, 35.848827689552735], [72.7857396976898, 35.80489011873732], [72.76903242622659, 35.776899849897276], [72.76947614692237, 35.70510260654279], [72.7194458535909, 35.604554573757255], [72.71438240200659, 35.516067832579445], [72.69206899001327, 35.48241994017693], [72.69224983167194, 35.454809030001755], [72.73749602580851, 35.42823867689905], [72.73772106470491, 35.39511234436755], [72.71533890756943, 35.37250497738643], [72.73262137296368, 35.317691100420184], [72.68792484626996, 35.26142794468658], [72.68255895717262, 35.222650510323646], [72.75067418594696, 35.158017821204034], [72.73985167533404, 35.09703917564903], [72.77964232354357, 35.05384582631182], [72.76858090500698, 35.02598260461285], [72.7969357408386, 35.00459974113875], [72.85307012324107, 35.03356394141531], [72.892679573454, 35.012469090108034], [72.86491228689448, 34.96213074366285], [72.85963617545491, 34.91786499936652], [72.9839892867469, 34.87134232005868], [72.96165041016941, 34.84871866544053], [72.92230999611235, 34.83669456998349], [72.8888739454881, 34.79172717405835], [72.82113215830692, 34.80105358557527], [72.77656411759367, 34.73373364922107], [72.77684122966522, 34.700640309477045], [72.79385881445224, 34.69003768809263], [72.79399937540823, 34.6734925885292], [72.76597596814214, 34.650716624485646], [72.80589994538333, 34.602089921364794], [72.80604411710074, 34.58554724758874], [72.78926001382581, 34.56857043310029], [72.76658987257905, 34.57902154643888], [72.71592709882039, 34.56117973900015], [72.71611602979365, 34.539118319050225], [72.75597270747781, 34.5015280527249], [72.71654492555928, 34.489482428920766], [72.70539392989494, 34.47264740498101], [72.68825926695024, 34.49427360769459], [72.68797560116268, 34.52736675644135], [72.66515067518333, 34.55437168555288], [72.61435602313914, 34.547567965053425], [72.58027206347357, 34.56878316942157], [72.54066652423943, 34.57330967214128], [72.47291163554641, 34.560580137527126], [72.36480920918926, 34.64074043101471], [72.4210425760223, 34.68629016812113], [72.43808944724645, 34.67566290288883], [72.4663168969116, 34.681875738530984], [72.48871758623177, 34.7100307836237], [72.50571509965582, 34.70492666896135], [72.52814944403951, 34.727560380041844], [72.56668459625746, 34.86099974035822], [72.56635549600283, 34.90516034267696], [72.54929412275621, 34.92131327533595], [72.56018426052405, 34.976791536485834], [72.53732514818545, 35.01490091336902], [72.4808579956116, 35.013562441318], [72.45837967449727, 34.99646112630235], [72.39619270402156, 35.00052107532955], [72.37912795956514, 35.01669552131056], [72.37883557858096, 35.060888790840366], [72.33881643369543, 35.131798531601966], [72.23679720655988, 35.17369339723133], [72.2535941517683, 35.20171277473053], [72.3044644419296, 35.202862788138454], [72.30429759159975, 35.23049577632619], [72.26447714287953, 35.27382375122976], [72.26431738555874, 35.301462419366096], [72.30351932154453, 35.36314782998201], [72.33740923924259, 35.36390227565118], [72.347825172639, 35.51892378844139], [72.2569642358729, 35.61649197459216], [72.25101409526765, 35.67720637011119], [72.16591632742364, 35.758402572852724], [72.16011984931764, 35.791482197193396], [72.21079064244377, 35.825729458403764], [72.25032868274005, 35.82101761064776], [72.26169361598238, 35.80465826803734], [72.30678473202178, 35.8166651531136], [72.32943160115323, 35.800547783636446], [72.36305917081937, 35.84550162305914], [72.37414997050226, 35.884449249521985], [72.41919722369768, 35.896455341599385], [72.4808840439492, 35.95857988213939]]]}}, {"type": "Feature", "properties": {"na": "NA-1", "src": "commons-1997", "inset": false, "hex": "#9b2b2b"}, "geometry": {"type": "Polygon", "coordinates": [[[69.1181050878819, 34.81935955915327], [69.12395484323481, 34.869618510467355], [69.1874810483752, 34.909647567312966], [69.19920635716603, 35.02688040027583], [69.24546068081555, 35.10563768784543], [69.24553198158098, 35.144656584825036], [69.21676016410294, 35.16651125455921], [69.21680501623894, 35.18881104657325], [69.33224136915605, 35.30763249773048], [69.36681234108819, 35.32488012590746], [69.48186514816375, 35.31550617453236], [69.48753073783155, 35.2598805226352], [69.6082440269721, 35.228378127318756], [69.81505435986308, 35.237318437476276], [69.94129809537021, 35.22273295543796], [70.0215891776196, 35.19072004752375], [70.12476908481322, 35.19250259542747], [70.17635275704112, 35.15448322324496], [70.18782675058576, 35.12688773407947], [70.2451525283249, 35.0723236727799], [70.24521591466454, 35.00562895834226], [70.21090636150807, 34.93830934281342], [70.08489820148053, 34.797039999346374], [69.97588174925579, 34.75056673965772], [69.78627531349838, 34.74714689846015], [69.65399725691965, 34.68359695692149], [69.56765201205118, 34.67094725745956], [69.4697206288169, 34.602437815805686], [69.31405322060708, 34.59417739418516], [69.28521640726949, 34.60482398304682], [69.17568721955621, 34.71998114905939], [69.16420638305333, 34.76994560621095], [69.1181050878819, 34.81935955915327]]]}}, {"type": "Feature", "properties": {"na": "NA-31", "src": "commons-1997", "inset": false, "hex": "#a6caf0"}, "geometry": {"type": "Polygon", "coordinates": [[[70.19011467466413, 32.640082261814634], [70.19037635233649, 32.595748695258926], [70.21964639534526, 32.52442933388793], [70.0816776659027, 32.43786650632636], [70.06422666081978, 32.45960703396706], [70.02374515385577, 32.46969664667508], [69.93747895951881, 32.40104301540615], [69.9377015505051, 32.362235141527236], [69.9551676435883, 32.340489190077726], [69.93795983874301, 32.31788564951989], [69.93815628389898, 32.28462518521235], [69.95559604996258, 32.26842807023632], [69.94440508412224, 32.20716805340484], [69.96188504657786, 32.18543457524007], [69.95035706740491, 32.17960090764579], [69.95652090390139, 32.1187839421771], [70.02644048013637, 32.03744253504577], [70.02681462407604, 31.98204267617837], [70.10250859245151, 31.906459422336376], [70.13205696598065, 31.818623275468813], [70.12664882980101, 31.76863728342146], [70.00479848332871, 31.820796361071373], [69.9816572594297, 31.820188522323743], [69.97020210517191, 31.80326660447504], [69.94122904149313, 31.808047720261833], [69.90052364800438, 31.834692258988873], [69.87157914267968, 31.833940532298815], [69.85406259183704, 31.855656437520597], [69.82518414953644, 31.843825401880384], [69.78496797082522, 31.792899686636975], [69.76758771127312, 31.792450929365753], [69.75002665514954, 31.819717151913895], [69.7902916805529, 31.865100600773484], [69.7901849411516, 31.881728742336296], [69.70288139684706, 31.94604395808886], [69.73743735767162, 31.980187346534382], [69.73723707795213, 32.0134537606678], [69.64464257599201, 31.99449665372637], [69.60983694800991, 31.99917644589482], [69.55775515726309, 31.98124084108668], [69.47130257477005, 31.87922775768353], [69.34367555528847, 31.85942307151968], [69.32038512158712, 31.869951903232014], [69.23323566528649, 31.867823430765146], [69.22726003328297, 31.90099132823079], [69.20388017964193, 31.928189475836433], [69.19169307236831, 32.05007161917958], [69.17418768222923, 32.06631897802338], [69.17359667585521, 32.20517223226315], [69.19095259955006, 32.22224136652539], [69.19068272862978, 32.28889788490999], [69.14403177923333, 32.33783018721157], [69.14961292515471, 32.39908046327471], [69.17850025446761, 32.438632613067064], [69.20746090232339, 32.45595851690914], [69.23653932085348, 32.43995143063973], [69.3699275258068, 32.44856560974305], [69.51466486320936, 32.48524120854924], [69.58400623465481, 32.52016991761249], [69.99443402757711, 32.54660338925794], [70.02314847508448, 32.57502561975414], [70.06923107365314, 32.59278021423815], [70.1499724031754, 32.60029781561304], [70.19011467466413, 32.640082261814634]]]}}, {"type": "Feature", "properties": {"na": "NA-182", "src": "commons-1997", "inset": false, "hex": "#484848"}, "geometry": {"type": "Polygon", "coordinates": [[[68.12255409515933, 25.468060303017275], [68.26141080895292, 25.340838160414737], [68.40383520286579, 25.35748868973914], [68.4166298051901, 25.30277343838315], [68.4286009548099, 25.29772673602218], [68.39323642018954, 25.27975746360709], [68.33948708893794, 25.294197327513206], [68.34021690092912, 25.250043584019362], [68.27555658279218, 25.20329885633582], [68.26457666539103, 25.147631189362354], [68.22376216912666, 25.096300538663687], [68.17579623538425, 25.11649386565872], [68.14053925631107, 25.08747691720315], [68.11763277616201, 25.031324110906855], [68.1419958630626, 24.999146164834443], [68.10013230915449, 25.008531644298348], [68.07062586997976, 24.99078712432993], [68.06530487836417, 24.95190167243501], [68.07758400402763, 24.930291390947186], [68.01973632946586, 24.823017039058275], [68.03230301740109, 24.784848628638166], [68.06256995226413, 24.75844404143484], [68.02186607053257, 24.69604429913752], [68.04674910605182, 24.63629083581382], [67.95131992106108, 24.632436776291208], [67.93957348875239, 24.620914578023932], [67.94003950847132, 24.59331088893506], [67.95822062627353, 24.577472601261505], [67.95272336377224, 24.549630155435132], [67.90479234215051, 24.55874121790591], [67.89304083370543, 24.547217466017997], [67.93017132181616, 24.471381033611426], [67.88231718860331, 24.474963331841785], [67.86487307492393, 24.446633546081298], [67.86543818389598, 24.413509614163985], [67.81793462806554, 24.395006933988082], [67.81821667678395, 24.378443715658896], [67.87312121450375, 24.31439064845575], [67.87350425953203, 24.29231200822338], [67.84430215953935, 24.252450130434745], [67.86280600255574, 24.220069183384524], [67.8698483968985, 24.159606588959463], [67.82762417198151, 24.179958629302636], [67.79773560740118, 24.17872997491359], [67.79214196295617, 24.156404613831782], [67.81624876361424, 24.146349551362494], [67.74459241155807, 24.13787867207513], [67.70803876996966, 24.17505493334303], [67.68420632316915, 24.168556063694766], [67.66578749402562, 24.19543348521562], [67.62988892618948, 24.193973252520866], [67.5876263550832, 24.214366189909434], [67.60493067138175, 24.253756176820954], [67.59250196287195, 24.280890914558086], [67.5510694473255, 24.251582186295938], [67.53900641030098, 24.256624272751715], [67.55042851821025, 24.290252527812086], [67.49538338436692, 24.359921946282494], [67.48859314456703, 24.40941767069648], [67.4581336045032, 24.44138977365788], [67.4573416733201, 24.491133579830922], [67.43296387789312, 24.517827917320368], [67.43261620917178, 24.539939513785015], [67.47987996911873, 24.580514625648963], [67.49080416338897, 24.647316115943834], [67.44858604020234, 24.667792965657558], [67.47798195049405, 24.702130056486], [67.47764023493275, 24.72424400167552], [67.42919670053507, 24.761090148293913], [67.55391359751874, 24.821247662785957], [67.53564316192524, 24.84266510015207], [67.54128118226568, 24.865010718831705], [67.51131238268306, 24.869383989834013], [67.46888260335596, 24.906478317135672], [67.48067234388799, 24.91799759007241], [67.53446296886995, 24.920067978869263], [67.55853299027332, 24.909932730809913], [67.57014549916008, 24.932508629601784], [67.55196979895337, 24.948403838940646], [67.55769321326626, 24.965220876386173], [67.62407663807787, 24.9235317327799], [67.65402299684575, 24.91916270716009], [67.66528241626102, 24.963844368702652], [67.61658450769535, 25.0228071820339], [67.6159160033231, 25.067036557539456], [67.64610259695009, 25.046069612815877], [67.71184552807405, 25.043074521851864], [67.75872898589225, 25.10018922854231], [67.77688003109931, 25.084300997478373], [67.81862989891181, 25.08591880693046], [67.86546865783765, 25.143025724494173], [67.93033487713642, 25.189769702544453], [67.94181894811257, 25.21785622029684], [67.934918313687, 25.278402813909405], [68.01708518560429, 25.3589695941505], [68.01053529517388, 25.397414827215247], [68.07514000737451, 25.455180032008304], [68.12255409515933, 25.468060303017275]]]}}, {"type": "Feature", "properties": {"na": "NA-95", "src": "commons-1997", "inset": false, "hex": "#228b22"}, "geometry": {"type": "Polygon", "coordinates": [[[79.61364042934838, 30.975172675023025], [79.60877260310227, 30.958741937029398], [79.57004074115761, 30.97280403164069], [79.5484287499217, 30.966242303472264], [79.56691111599551, 30.907964240136828], [79.52990284840702, 30.87361488873161], [79.54236284057484, 30.831180775010164], [79.47357092270654, 30.768145262692922], [79.40106115389098, 30.807324225018412], [79.3027508816259, 30.802007234784423], [79.21815887451216, 30.716551912320902], [79.18553664344675, 30.709400313453664], [79.12687643323606, 30.66309032311235], [79.06685670535488, 30.654470481468525], [79.02229958756969, 30.673666186709625], [78.97848439439674, 30.671325969762645], [78.93104590245, 30.614826243133447], [78.91174617053493, 30.53823699321769], [78.84687763139081, 30.50778192730803], [78.80504447573269, 30.4461697068522], [78.82432694493166, 30.366238443079148], [78.78684290351192, 30.33723714502067], [78.79914347458646, 30.300116195632217], [78.7669507317228, 30.27679321376731], [78.72188100654314, 30.30676094737414], [78.62278312740922, 30.306862528555513], [78.615615265804, 30.355082798002076], [78.64253744093163, 30.372715109594406], [78.6469196390296, 30.405348898804455], [78.67476039669626, 30.396029157619203], [78.67951075690723, 30.417880871212635], [78.65111805813403, 30.44337363987243], [78.53974073159618, 30.48070272018123], [78.57162133815406, 30.514792021021677], [78.62033731177354, 30.53896250010607], [78.63553250899353, 30.577571759132745], [78.68440048205737, 30.596347686161646], [78.68220137536824, 30.66104287261249], [78.72518879394177, 30.690305359814214], [78.70744840749276, 30.727180370325442], [78.7453022553302, 30.745367614735926], [78.74841429677255, 30.815740878884355], [78.77491920908022, 30.844130617386874], [78.77328203492333, 30.89265299436691], [78.72285442026897, 30.922438735916778], [78.70532403673556, 30.95394314459231], [78.82156285787522, 31.08960379908878], [78.85020865435922, 31.053280748681082], [78.86645510499764, 31.059525058168468], [78.86464693008595, 31.11343833129], [78.84768156265179, 31.128763625544995], [78.84660242188794, 31.1611157937695], [78.89460372818154, 31.201401689583207], [78.9489529902299, 31.2150122618043], [78.94204067855733, 31.257857643098433], [78.7939352642078, 31.26104929877483], [78.84159736006842, 31.31211133206099], [78.9398849599553, 31.32255502224674], [78.9446364664745, 31.344402990201637], [79.0648799410931, 31.350601523324585], [79.07088634182374, 31.334715179175053], [79.11968457754608, 31.348041806416024], [79.13679620616647, 31.32733817971704], [79.18102694751504, 31.313449071064813], [79.24107025464814, 31.316586214341726], [79.24143842984651, 31.30581304192795], [79.17083963036825, 31.29132880657814], [79.14426694378857, 31.268352717223237], [79.16377691376825, 31.177623728642136], [79.18071777513866, 31.162324296586068], [79.27937523624318, 31.15673609863691], [79.30289155048274, 31.109432126929633], [79.32472373680616, 31.110591905351303], [79.33507527114868, 31.127323398380895], [79.4061871102931, 31.125716538137787], [79.45209349193127, 31.063467291278787], [79.49609817649834, 31.05504957868543], [79.55253128973924, 31.00419220798918], [79.59106892898009, 30.995501928798735], [79.61364042934838, 30.975172675023025]]]}}, {"type": "Feature", "properties": {"na": "NA-139", "src": "commons-1997", "inset": false, "hex": "#228b22"}, "geometry": {"type": "Polygon", "coordinates": [[[70.75440897651839, 31.310564667278456], [70.81782217357218, 31.312439656914528], [70.82381465824565, 31.290520242047947], [70.84704159205381, 31.274639711982342], [70.93887273560152, 31.310522793876494], [70.96220518255653, 31.283611373066318], [71.02554157149687, 31.28552107746099], [71.0429928615119, 31.269486515390817], [71.16977006518938, 31.256792358446837], [71.2630707800998, 31.149323207612117], [71.30345009386, 31.13955226058313], [71.3039810357487, 31.095442170321938], [71.33313032150267, 31.063268406395306], [71.45367854307052, 31.078120489108425], [71.49353869110271, 31.106956029998234], [71.52155638039935, 31.162976609912526], [71.59036231875668, 31.17068144834735], [71.6830088447948, 31.10752781542701], [71.7059511597167, 31.108270472256848], [71.71234089018938, 31.05889242683386], [71.77110239058968, 30.956155443978577], [71.77147864284329, 30.92862952616418], [71.73192525045593, 30.883260038301653], [71.7322272053684, 30.861238778643493], [71.78439708661452, 30.824422656430702], [71.7678776895053, 30.774310577583815], [71.790983468899, 30.76407170606292], [71.79656553681382, 30.775271358177836], [71.79672078708816, 30.764264186037675], [71.73429259333935, 30.7126117638344], [71.72886193732504, 30.690402551892117], [71.68300604709252, 30.68335767525999], [71.62633516881176, 30.62638352130929], [71.62105107106882, 30.5931596133864], [71.59821863804781, 30.581377575883163], [71.59301074555262, 30.542647298548598], [71.57032583725275, 30.519852413682123], [71.57653966698871, 30.487014626326634], [71.51926685598025, 30.468560060185734], [71.43857171229945, 30.476871340570817], [71.36890779466168, 30.518635306297043], [71.28721070902748, 30.598623046083887], [71.20032391970568, 30.63438782449388], [71.19983227173014, 30.67297297819681], [71.17040655939937, 30.72165970557519], [71.19289294134285, 30.766503265952796], [71.19248118228973, 30.799582344602502], [71.16341604484163, 30.82071864368739], [71.17405589624292, 30.892767035365846], [71.15638284865169, 30.925308346764016], [71.10449076918876, 30.929193414424574], [71.08740829121884, 30.912104129156745], [71.02416292253046, 30.899086415186687], [70.90297524934353, 30.906355871127648], [70.7981022591226, 30.997004083739327], [70.72897587106128, 30.98385784589431], [70.68839122396932, 30.999202586410313], [70.66488985523051, 31.037168063234898], [70.66351700588451, 31.169736688122043], [70.73196093440872, 31.249122529673663], [70.75440897651839, 31.310564667278456]]]}}, {"type": "Feature", "properties": {"na": "NA-192", "src": "commons-1997", "inset": true, "hex": "#e1ae00"}, "geometry": {"type": "Polygon", "coordinates": [[[67.36424759486037, 25.203175690255385], [67.348860470901, 25.178033458106626], [67.3380617451444, 25.17379125636393], [67.32958755800406, 25.165389456491443], [67.29328536545351, 25.174900824018806], [67.29105617959826, 25.133144494531166], [67.28644755505222, 25.121984206346983], [67.29031600712412, 25.117834326289305], [67.2872426276009, 25.110857931415175], [67.2895816136052, 25.099741374555474], [67.29578038324857, 25.08864911287604], [67.29194371543035, 25.077493683727912], [67.28190538849114, 25.0788219080052], [67.28037592242354, 25.07185523120318], [67.27575285048948, 25.06765190174891], [67.27499245167209, 25.062081475728927], [67.26422551016917, 25.042533964780418], [67.25342389493497, 25.039683154783706], [67.24954388495264, 25.049398601825317], [67.23873360128562, 25.05072196706655], [67.234899822945, 25.03817514617244], [67.22642274632707, 25.031164738045934], [67.22023553459412, 25.03669143274144], [67.21867717375045, 25.043638673399244], [67.21404543338356, 25.043609519182922], [67.21479427429053, 25.054745512186837], [67.20859261516955, 25.067229165612254], [67.20625362916523, 25.078345722471955], [67.21009896541628, 25.085326976382134], [67.20698513320656, 25.097830065951765], [67.21314056068584, 25.10760868046207], [67.21543042557083, 25.120145783284077], [67.21385472786152, 25.13544137441778], [67.21614170326889, 25.14936986898577], [67.21379693830939, 25.163269209337432], [67.21685587044458, 25.177202562941474], [67.21373048032443, 25.195271219495037], [67.21602612416461, 25.205025538825076], [67.23840420083845, 25.209340626108574], [67.24379345054511, 25.216331598090864], [67.24919714763983, 25.21636561134324], [67.2561620950558, 25.20806099219182], [67.26002187869489, 25.20808528737209], [67.26463628219614, 25.21646279206431], [67.26850762374563, 25.210921520260644], [67.27391132084034, 25.21095553351302], [67.29470792084966, 25.233348995422187], [67.29704112789874, 25.225015222054452], [67.30628149281166, 25.236204664454956], [67.30936931972293, 25.23622410059917], [67.31479035368328, 25.22790976337565], [67.31710622386673, 25.22792434048381], [67.32557174257423, 25.240500315594243], [67.34570329652718, 25.211407423865996], [67.36424759486037, 25.203175690255385]]]}}, {"type": "Feature", "properties": {"na": "NA-25", "src": "commons-1997", "inset": false, "hex": "#228b22"}, "geometry": {"type": "Polygon", "coordinates": [[[72.1260630065812, 35.82951830770016], [72.15464473828757, 35.75263522560425], [72.23974847967956, 35.67143609274705], [72.24569802851138, 35.61072011351614], [72.33656513906004, 35.51314852423447], [72.32608148683174, 35.369177807421536], [72.29780727274783, 35.374077884250546], [72.25298278228104, 35.30673860878395], [72.25320529469356, 35.268043225750496], [72.2930284320685, 35.22471374462251], [72.29312805033645, 35.20813341700591], [72.24787556389055, 35.21264021894515], [72.20306359890854, 35.13976190672704], [72.17474887825246, 35.14465206895544], [72.15224794976487, 35.12202962750244], [72.17527393961834, 35.056206633981255], [72.15280522289747, 35.02805330677823], [72.15307396664305, 34.98383309560629], [72.1249387803735, 34.955547343225476], [72.09656174115875, 34.96595596745057], [72.04562384292402, 34.9592675894931], [71.96671572987692, 34.88558582149715], [71.84763420019343, 34.88289857045326], [71.8081009163301, 34.8488178534776], [71.79125772874953, 34.815244218695995], [71.73451915806723, 34.80843964671643], [71.70624464565925, 34.78567345275782], [71.62668550470167, 34.789438401369985], [71.57559324999961, 34.777239036916335], [71.5868223477396, 34.80516480117673], [71.56406006119254, 34.81020082220461], [71.54668794962068, 34.87625924234837], [71.47819492403197, 34.93569712205819], [71.51217904567719, 34.96411385956089], [71.48347187428458, 35.02996435876704], [71.57411624301878, 35.0928025902153], [71.63628328315217, 35.160568497346425], [71.62483485297884, 35.18247702139657], [71.55656861833099, 35.21427880725315], [71.65302257176954, 35.227370151939624], [71.70951698093855, 35.28392818351203], [71.75457146719623, 35.35685098965439], [71.79984425748347, 35.3744073005281], [71.82805543355958, 35.40267855820746], [71.84476304417362, 35.46946011262781], [71.8786475183139, 35.492308870008394], [71.86149538091374, 35.53070570590072], [71.87827384007515, 35.580878879490356], [71.9571802389765, 35.6600052903825], [72.01934793793454, 35.67235627875034], [72.0644085813131, 35.71202940411327], [72.0585899040362, 35.75065161094196], [72.09784156823696, 35.82340658679103], [72.1260630065812, 35.82951830770016]]]}}, {"type": "Feature", "properties": {"na": "NA-181", "src": "commons-1997", "inset": false, "hex": "#a6caf0"}, "geometry": {"type": "Polygon", "coordinates": [[[68.99480404632384, 25.8279767658552], [69.07603049187195, 25.919463138772596], [69.05746348655742, 25.968376191450712], [69.06243867267108, 26.023740819478608], [69.09140911786922, 26.057982028266938], [69.13826711318364, 26.081892601021732], [69.14960581279382, 26.10992019515094], [69.11953813104545, 26.141838914802687], [69.12479521437875, 26.180663460228644], [69.20103600691307, 26.21123150206147], [69.26590843064936, 26.213779822364714], [69.39624737494536, 26.1803370161614], [69.7609727065741, 26.20601061166236], [69.79067069211453, 26.19069469403186], [69.95549954944384, 26.180920363111696], [69.9971284409105, 26.155113467171937], [69.97447706792099, 26.110143748686685], [69.9752136923783, 26.071645624892138], [70.00040885846957, 25.984637711929267], [70.15005821141094, 25.84789999380401], [70.09111446552457, 25.856402002519914], [69.96794504116795, 25.840202950280947], [69.90980069132294, 25.80474161561907], [69.86820520892594, 25.825012511246612], [69.83291229065583, 25.82353720014651], [69.78112366848104, 25.76082173544086], [69.75169334111418, 25.759592686842744], [69.72278576360166, 25.730859209104455], [69.65990264567996, 25.629128824861315], [69.63075820630725, 25.611391745852256], [69.54244330918971, 25.602200634272634], [69.51285515442503, 25.606477993580576], [69.53002467179556, 25.634730016770348], [69.50002353562489, 25.66102729503412], [69.46463885314554, 25.659565069350247], [69.43555621922347, 25.636328526367816], [69.29961275975991, 25.641761817230424], [69.25267413726, 25.623308015561914], [69.18158937123226, 25.63143505333802], [69.15696993829195, 25.685568123390766], [69.15628455330206, 25.724135932054985], [69.12034935269257, 25.750258820537834], [69.06125342743748, 25.74788676504862], [69.06677995398522, 25.770169392495436], [69.01901729055773, 25.79584089781047], [68.99480404632384, 25.8279767658552]]]}}, {"type": "Feature", "properties": {"na": "NA-203", "src": "commons-1997", "inset": false, "hex": "#a6caf0"}, "geometry": {"type": "Polygon", "coordinates": [[[69.11883679821939, 28.213073689154296], [69.11897368958294, 28.202018581653352], [69.0838806847215, 28.18977324269219], [68.46042746629247, 28.152563167308625], [68.39610602817899, 28.100626637950874], [68.35564683416473, 28.021757498079573], [68.22029357738288, 27.978593628232183], [68.0562184037491, 27.8402874517127], [68.01493404531436, 27.827871803483593], [67.98564081157384, 27.79921072171773], [67.96254331839903, 27.743027501166058], [67.88576025332131, 27.723922847923436], [67.87369334087809, 27.74571611118649], [67.82011977981942, 27.771733647970816], [67.808001238869, 27.799080263631083], [67.81946518367157, 27.838269902025033], [67.89017909652631, 27.873789174740907], [67.97810173526992, 27.959760940510616], [67.97739210843798, 28.031827759862708], [67.98900120519778, 28.054375841863934], [67.98144633353677, 28.226070275146284], [67.93981453903051, 28.252517568043178], [67.93344702524921, 28.302251265356496], [67.89181946645022, 28.328717691670686], [67.88571054702867, 28.35072671022432], [68.00905050767732, 28.437715326249336], [68.02046339914757, 28.482445664292513], [68.04408114086704, 28.483165510397303], [68.0680486443559, 28.44506812642105], [68.0857590008468, 28.445611520703014], [68.1561172921145, 28.497689339593716], [68.15570886736437, 28.542045519788438], [68.32070058278, 28.558215292555094], [68.34995142168094, 28.581296089219517], [68.4086986652156, 28.599747834642777], [68.43177143768607, 28.650349341047335], [68.52661534725019, 28.58680287672072], [68.65639553502645, 28.557659495236482], [68.69785419237597, 28.531286882932797], [68.7399691284347, 28.444037346298117], [68.80513270337393, 28.40185708322266], [68.81138323264544, 28.3688471483641], [68.87105183690709, 28.293317402460797], [68.87802692511941, 28.199474993594883], [69.11883679821939, 28.213073689154296]]]}}, {"type": "Feature", "properties": {"na": "NA-191", "src": "commons-1997", "inset": true, "hex": "#228b22"}, "geometry": {"type": "Polygon", "coordinates": [[[67.13559479490708, 24.903974722907197], [67.14100716043461, 24.899834560921622], [67.1418080119385, 24.885925502497848], [67.14490739676017, 24.880379371658133], [67.16808921441549, 24.869394008771877], [67.17351602733105, 24.85829688805639], [67.17198945074105, 24.849938819508385], [67.17431687883494, 24.844387829632616], [67.18434942681893, 24.845842388847295], [67.192884292989, 24.825024962054144], [67.18979935555534, 24.823614134163947], [67.18903606726035, 24.819435099889944], [67.19367936553766, 24.813898687122336], [67.19218746267896, 24.78884391762254], [67.19456401189214, 24.759639268065065], [67.20078878683398, 24.736024480671787], [67.21318921559835, 24.712448565566937], [67.22557519697467, 24.695829609192], [67.22328244261207, 24.684683898115978], [67.22793440932222, 24.67497331011042], [67.22640783273224, 24.66661524156242], [67.22023795786492, 24.663793585782024], [67.21409119881847, 24.649840796033768], [67.20407598770012, 24.640037886343194], [67.19248218939485, 24.646921959532307], [67.18009331854091, 24.664932307653224], [67.16768422134373, 24.69268239799602], [67.16456749965641, 24.706576879311633], [67.15216129193684, 24.73293557790845], [67.1366701467836, 24.75788344861507], [67.11424005951285, 24.778613412759253], [67.08720134769607, 24.788183088719258], [67.08949410205867, 24.79932879979528], [67.09953820795309, 24.795217792026026], [67.10802395300385, 24.79805402491458], [67.10801528457102, 24.80222820015253], [67.11416782257268, 24.81339820640882], [67.11645190850246, 24.828718092722788], [67.11642301372639, 24.842632010182616], [67.11255167217689, 24.84817328198628], [67.11021268617259, 24.85928983884598], [67.12716394993085, 24.87470204684497], [67.12559692065436, 24.885823462740724], [67.12712927619957, 24.891398747796764], [67.13329337211167, 24.89700318706912], [67.13559479490708, 24.903974722907197]]]}}, {"type": "Feature", "properties": {"na": "NA-42", "src": "commons-1997", "inset": false, "hex": "#228b22"}, "geometry": {"type": "Polygon", "coordinates": [[[71.69601505091073, 33.03857087441977], [71.68966818992561, 33.11019332718956], [71.72905959058698, 33.1720027183981], [71.72867189514234, 33.21617507697898], [71.68262250403023, 33.26466194472814], [71.69949566352373, 33.2927281725945], [71.69342116219205, 33.33676104138617], [71.7500523055256, 33.3824431646569], [71.8125381544556, 33.406183714592395], [71.83536920046511, 33.40126461473565], [71.85800613101439, 33.41843140111244], [71.88021005318483, 33.48528665857617], [71.92522099267157, 33.54721689235967], [71.9190160243737, 33.60780063805799], [71.94153886722543, 33.636001429308834], [72.00457260246061, 33.5824376569089], [72.06711352223337, 33.58409343244084], [72.09573065926689, 33.5627754027742], [72.186541431032, 33.57624491212494], [72.20388824002765, 33.54360365559848], [72.24947856559179, 33.528286002195166], [72.36841554275706, 33.55911029803037], [72.41963549593811, 33.54397183305874], [72.45928113150516, 33.550579741919236], [72.49936226064666, 33.51309633085532], [72.50554030574382, 33.4636525897805], [72.54540018232579, 33.448233791672564], [72.56298785750181, 33.393613439771805], [72.61406295216284, 33.38955252142639], [72.65349219677701, 33.4127166930693], [72.67621364208054, 33.40785507407889], [72.69917435702979, 33.3809652640581], [72.74448474846594, 33.38226817145058], [72.71665613906835, 33.33739712147599], [72.71702548909496, 33.304356636093125], [72.64409386498167, 33.23613967313317], [72.63349609101091, 33.169724412806424], [72.61660825099376, 33.158214988630185], [72.59940937645256, 33.174242788916736], [72.55970448797734, 33.17309266026028], [72.480986518798, 33.1046923488802], [72.3959903524217, 33.085708237203534], [72.28803088973912, 33.08261916387701], [72.20252026491369, 33.10225227143287], [72.18562788209778, 33.085230448292556], [72.18591094659945, 33.05766319731316], [72.10051035660673, 33.060772041922256], [71.96881509934965, 33.13435566586688], [71.92894659088425, 33.13325961579549], [71.91807644115941, 33.07776777200724], [71.82160127281611, 33.03095535823891], [71.82201713614491, 32.986805122815326], [71.79967612261304, 32.93650746656864], [71.74828112887782, 32.94060994702887], [71.71368659270291, 32.97831007930771], [71.71338326216778, 33.01143244247994], [71.69601505091073, 33.03857087441977]]]}}, {"type": "Feature", "properties": {"na": "NA-175", "src": "commons-1997", "inset": false, "hex": "#228b22"}, "geometry": {"type": "Polygon", "coordinates": [[[70.144407805598, 25.836659800520973], [70.12158194367649, 25.802688658679294], [70.08090612523421, 25.778957936658], [70.05828731329345, 25.73399085129802], [70.09986179106158, 25.713761737681132], [70.07713819355509, 25.67429069442481], [70.08911454718603, 25.663803163732766], [70.14188113182954, 25.67156440757255], [70.1370208148181, 25.62186465867942], [70.18458626021024, 25.596423855992004], [70.20888277559102, 25.55899175424392], [70.21026442652396, 25.493085012651715], [70.18181054619052, 25.44786834110095], [70.1123114512944, 25.395361846828916], [70.04208214674321, 25.37581180118382], [69.94171040180399, 25.387964246313608], [69.85850838233449, 25.42289255766767], [69.80550672980172, 25.420623989764074], [69.76460172591487, 25.402368689680966], [69.72434343132127, 25.351121727379958], [69.70765258936773, 25.300879189277047], [69.74324249642272, 25.291398993192175], [69.77326920791221, 25.265178438162934], [69.79196038994392, 25.216469540249314], [69.61505706118369, 25.208857874187807], [69.52249301560833, 25.11131965015008], [69.4756874504867, 25.087295657060388], [69.38289649852476, 24.995234471597094], [69.31862108133481, 24.95394045389527], [69.31645615642195, 25.063989170465874], [69.28592927085619, 25.112265877141315], [69.2443230167284, 25.121527021534046], [69.19129871415313, 25.108276966403576], [69.1549622471998, 25.150831915503574], [69.19014445569381, 25.16883496426556], [69.20103435701708, 25.218879992643203], [69.26058455054283, 25.199335727903808], [69.30787604641382, 25.20132343613589], [69.39470013602691, 25.298612282571785], [69.38805399228454, 25.336888234119634], [69.33437110431699, 25.36218497675733], [69.35052912604029, 25.4454943416755], [69.32038134741025, 25.477301100505198], [69.32546545277471, 25.521591053130535], [69.27649754180003, 25.61325932996468], [69.30571838140874, 25.63098962471785], [69.44166126084879, 25.625562443722075], [69.47074282877256, 25.648799570281124], [69.49433327299874, 25.649775100342335], [69.51833581753684, 25.628737077252875], [69.50095631451802, 25.611491950383158], [69.50716611463125, 25.595225906514948], [69.63686307918809, 25.60063495517623], [69.67757708814948, 25.62986868977298], [69.73466736054903, 25.725849819724733], [69.7577917869575, 25.7488368023938], [69.78722189608463, 25.75006710621842], [69.83900779409184, 25.812782983294586], [69.91589647509417, 25.793991334005923], [69.97403911682188, 25.829454171645985], [70.12657094955979, 25.846902895123044], [70.144407805598, 25.836659800520973]]]}}, {"type": "Feature", "properties": {"na": "NA-9", "src": "commons-1997", "inset": false, "hex": "#228b22"}, "geometry": {"type": "Polygon", "coordinates": [[[70.41088196591015, 33.338257561753544], [70.43961757524764, 33.338924010693226], [70.46251782799752, 33.356086159148745], [70.51996271019327, 33.3574247567323], [70.56572757162722, 33.391747673652894], [70.66320826984901, 33.410660196994975], [70.68029802355181, 33.433224913035644], [70.67429166527228, 33.48294994250762], [70.69708497633093, 33.511187091949374], [70.81759610512371, 33.491866403615454], [70.95510839589934, 33.489614578454876], [71.02352853871895, 33.535552658939004], [71.04045655536079, 33.57471142292117], [71.0861185823078, 33.59241743582843], [71.07420591399791, 33.66963093388889], [71.11998435595557, 33.665190578751584], [71.1660311594883, 33.61648796221712], [71.2749766893584, 33.563818174206546], [71.29782805254455, 33.564381976001336], [71.30910103434539, 33.586787704222964], [71.36057483951315, 33.576998450138234], [71.38329659362867, 33.59415515219158], [71.41766423528331, 33.57841927819451], [71.56025545043487, 33.587530149143326], [71.58864084388003, 33.604831687394295], [71.60595409106057, 33.577633476116766], [71.60037947748283, 33.56090996138235], [71.56620807309636, 33.55451381231511], [71.52648992612707, 33.52586626914605], [71.5609687417895, 33.49357742263837], [71.65216273834113, 33.50144272034889], [71.79402331984974, 33.576932885971374], [71.79375471458972, 33.61007275821008], [71.7653269630605, 33.603815332762636], [71.7424139338101, 33.61980218738494], [71.76501896141131, 33.64248315295409], [71.79340021287973, 33.65426146079233], [71.84467555660925, 33.6500571325457], [71.90699532467087, 33.68480998979131], [71.93548179917477, 33.68002517305363], [71.93575802443672, 33.64689583178901], [71.90759059520596, 33.61302523817938], [71.91379337828928, 33.55243886378796], [71.86877725424011, 33.49050811395889], [71.84656925159844, 33.42365118386289], [71.74426044142292, 33.39333854661611], [71.68197141287823, 33.341984584705294], [71.68804441585232, 33.297949740117204], [71.6712627065422, 33.25883723197692], [71.71731518454557, 33.21034866266231], [71.71760497226913, 33.177218324318716], [71.67820872030619, 33.115408182326], [71.68445394739018, 33.05482513244742], [71.62143111796028, 33.08074342999235], [71.57528748092192, 33.134754520936134], [71.58066904572306, 33.17357142911374], [71.51732397709391, 33.23821347580459], [71.49457365685676, 33.226566191005965], [71.50046343270837, 33.20461409830315], [71.4774413737847, 33.226119227935236], [71.45472793031847, 33.20894617910029], [71.37955956161562, 33.32309581914412], [71.35687194845855, 33.3003992809313], [71.29975970062331, 33.29341286710942], [71.25953812831547, 33.320045105681075], [71.17947297142081, 33.318029135313445], [71.15647411409343, 33.33405026673614], [71.00773127131463, 33.31929103208031], [70.96749745255174, 33.34044231477221], [70.95618400341641, 33.31802304796111], [70.88166254255297, 33.32173770548934], [70.82444345747818, 33.30373621781843], [70.79604450941056, 33.25874694143197], [70.77317027132864, 33.247115839350364], [70.71573357568613, 33.256802309551105], [70.70992999639125, 33.267740108285146], [70.65827965701897, 33.26649978309964], [70.64115457613546, 33.24947027043816], [70.64128273399483, 33.227314313304724], [70.66437581308006, 33.2057125614987], [70.66450736197362, 33.18355929096478], [70.63596419948738, 33.155172792281746], [70.61273445975685, 33.19892947727829], [70.5725003546566, 33.203505251455425], [70.50912305277518, 33.235244062916415], [70.41088196591015, 33.338257561753544]]]}}, {"type": "Feature", "properties": {"na": "NA-146", "src": "commons-1997", "inset": false, "hex": "#228b22"}, "geometry": {"type": "Polygon", "coordinates": [[[73.23686500106842, 29.58191931781835], [73.26594933561127, 29.555713166838515], [73.23365278706297, 29.461299518358924], [73.06265940768814, 29.164029942628957], [72.93418918053858, 29.010846802438852], [72.92377486308426, 28.961114342946253], [72.88438284946554, 28.92661880051467], [72.74778013716838, 28.877161119303096], [72.50937364636378, 28.74132820014394], [72.50870521199637, 28.77419892250318], [72.46110511923705, 28.854524444775272], [72.46044880724192, 28.887404408860206], [72.41851496810445, 28.973483491035985], [72.3774557405195, 29.015736485141375], [72.33682175798765, 29.03607288716204], [72.2916986760249, 28.9903873931925], [72.26797381007323, 29.027865962964306], [72.25502106872091, 29.104196997761704], [72.31738725586877, 29.15055033171059], [72.37523392143329, 29.130873585520224], [72.46155280411763, 29.12331322131653], [72.52381239515141, 29.169668392269827], [72.63870941536554, 29.163278271544446], [72.66196325015946, 29.147759821278218], [72.78800595403062, 29.15283484396851], [72.78183594064156, 29.174511091017507], [72.71277067541219, 29.18817807224968], [72.70682293804349, 29.198904832274557], [72.73524669829808, 29.211009957659524], [72.74064602493897, 29.227673725540196], [72.67092872345422, 29.27423652626536], [72.65839657693196, 29.32857891020933], [72.73177583075336, 29.386325845034783], [72.7312395179476, 29.413722596712482], [72.74258159733436, 29.419655134305565], [72.7419395721581, 29.452531703416142], [72.71861700987982, 29.473547921913976], [72.72953423287929, 29.501398820873046], [72.71193990625714, 29.522645474986305], [72.68904286033768, 29.521747857229027], [72.68300293807988, 29.537966661263912], [72.72868782800803, 29.545240715120144], [72.751260435037, 29.562579236692855], [72.83155932607757, 29.55477073682061], [72.9337116627246, 29.59718547915474], [72.96799651554888, 29.598544711353018], [73.00260105530016, 29.583477446263572], [73.03797211570257, 29.530087704585533], [73.08377320199659, 29.526445697193022], [73.16280484513464, 29.573453627728505], [73.23686500106842, 29.58191931781835]]]}}, {"type": "Feature", "properties": {"na": "NA-43", "src": "commons-1997", "inset": false, "hex": "#228b22"}, "geometry": {"type": "Polygon", "coordinates": [[[72.46975358492159, 33.09334603142863], [72.51498220350322, 33.11118673374318], [72.56549943576745, 33.162240565927625], [72.62240339812328, 33.14736590848795], [72.69585613099824, 33.17154475188484], [72.7412567810044, 33.16736886079859], [72.82108657098901, 33.12567673844959], [72.93426052079131, 33.13455905745838], [72.95750652839662, 33.085725231315585], [73.00270976564444, 33.09259414006725], [73.05438884774269, 33.0336429127783], [73.08253118355323, 33.04550613021707], [73.09900648064992, 33.08451771396832], [73.13335483962193, 33.05256487604869], [73.20647962412357, 33.08231409584693], [73.23494746653799, 33.06669536655538], [73.20705448905714, 33.03833718708652], [73.20183629091306, 33.00518081696044], [73.23655165846547, 32.945777337835935], [73.18075429507576, 32.88904838989065], [73.1811224193733, 32.86156719307532], [73.14219289170477, 32.81085836172913], [73.15365519687504, 32.80022137246595], [73.23290926760811, 32.79722490668077], [73.26743952664256, 32.7543471714484], [73.32442980635868, 32.7231948428558], [73.31328008003437, 32.71184599365872], [73.21723095299717, 32.70327648749393], [73.18313836006308, 32.713185750023264], [73.09363968109999, 32.63337206739221], [73.05936692136869, 32.65428070878493], [73.00832020705481, 32.658169869640766], [72.9861011375184, 32.62447097630287], [72.94098694065679, 32.60655031119074], [72.82213290127717, 32.586323875116776], [72.79348400381613, 32.60744194392121], [72.75944181409494, 32.60638587520644], [72.70899497923816, 32.55529124337025], [72.61259523729883, 32.54130475973571], [72.5377837840335, 32.61609919744365], [72.5259520309957, 32.65428897845], [72.47434685361753, 32.69128723014796], [72.48519147815142, 32.735678220007586], [72.45626355625612, 32.778884434646976], [72.44981840460183, 32.84480475806687], [72.5399325098285, 32.91357753620773], [72.54510194341852, 32.95779985329008], [72.5276316198566, 32.995849743953265], [72.50479877413147, 33.00620024657123], [72.51004250788526, 33.04492211337379], [72.46975358492159, 33.09334603142863]]]}}, {"type": "Feature", "properties": {"na": "NA-51", "src": "commons-1997", "inset": false, "hex": "#228b22"}, "geometry": {"type": "Polygon", "coordinates": [[[71.74977430309052, 32.22875826247077], [71.85166141068548, 32.32001303521891], [71.83963876662517, 32.37481525202408], [71.78787933097031, 32.406402489846606], [71.85582127801268, 32.463543357603484], [71.94137372587309, 32.471555979102334], [72.00358021415408, 32.52300937918551], [72.0944304862348, 32.55875934721064], [72.15085452525672, 32.610035648639624], [72.15618252142067, 32.64326821122958], [72.19053707902144, 32.62774161197188], [72.2360865126561, 32.6290870469913], [72.28143348494513, 32.6469638776235], [72.3213921887927, 32.63713054618043], [72.39069575378973, 32.55105933166379], [72.41344798345904, 32.55174700721817], [72.52053604844893, 32.63209650110862], [72.52648599681615, 32.61024912747807], [72.59562130583365, 32.53527722417434], [72.62977494896255, 32.530824391880195], [72.64289566414409, 32.39362614126736], [72.65447336015171, 32.37747790319721], [72.74542577262325, 32.374836514291175], [72.74571821289028, 32.35283801415327], [72.70654552562382, 32.30758198035145], [72.70683878904914, 32.285582876011766], [72.75840702659741, 32.254215266068236], [72.79255704355829, 32.24980701452746], [72.7984614817668, 32.23349519103332], [72.72491936535853, 32.20913574664986], [72.62778998132305, 32.2445610901011], [72.60534000595099, 32.22183853252647], [72.60592356317159, 32.17783284902152], [72.58930220671155, 32.14428711555651], [72.48689244554348, 32.14104212356243], [72.41929403572877, 32.083861298018476], [72.36810495949246, 32.07674384578899], [72.34552895677803, 32.059516364887365], [72.35628838030406, 32.109409379467316], [72.33912795733028, 32.11437885586585], [72.33308204536308, 32.141723481830375], [72.31015468754305, 32.15202385490275], [72.20763392163131, 32.14334124106294], [72.1096939972893, 32.22298852802693], [72.05271209330508, 32.21574954225457], [72.01328093764542, 32.17046222877513], [71.95054541072884, 32.16305424941554], [71.81835667737614, 32.23078487024827], [71.74989442633562, 32.21772939723984], [71.74977430309052, 32.22875826247077]]]}}, {"type": "Feature", "properties": {"na": "NA-16", "src": "commons-1997", "inset": false, "hex": "#228b22"}, "geometry": {"type": "Polygon", "coordinates": [[[74.14158747645656, 35.22665741822646], [74.08640108744075, 35.164661712694965], [74.08664359700501, 35.14267139592725], [74.11494447961589, 35.11045509194953], [74.07607824233465, 35.087390962875126], [74.08222099209473, 35.03807146170719], [74.04911581448602, 34.998665098665484], [74.04383483088407, 34.971024994052826], [73.94407535964793, 34.88577117689048], [73.91037212336464, 34.89583912136854], [73.86570778357085, 34.883607088185904], [73.83795024817101, 34.86083917949587], [73.78187536812094, 34.864802666636145], [73.68234694822021, 34.735518767476854], [73.682585269792, 34.713514405310924], [73.70525807634858, 34.69213003730335], [73.68306503176704, 34.6695075720625], [73.67251106635408, 34.6086903748375], [73.62726146860271, 34.64045324839584], [73.57686686765277, 34.62805896691003], [73.52054562354168, 34.643028878123275], [73.50346738249492, 34.66458319359778], [73.4585347502403, 34.66336374868461], [73.36780234952096, 34.74352857777072], [73.35094291011328, 34.743079992494565], [73.32873201427117, 34.71494888100668], [73.28884220906095, 34.76897890741604], [73.25510648080729, 34.76809118177346], [73.22662322908309, 34.805915299083146], [73.19870831055262, 34.78314508699859], [73.17703637647706, 34.69440977852839], [73.12633139011379, 34.69859166685974], [73.0983890314681, 34.67581611935475], [73.0987507275974, 34.63724622808806], [73.07658787698439, 34.5980853671329], [73.04842354224402, 34.5973458801606], [73.00867967509542, 34.62938034561922], [72.93566435416099, 34.599918309825796], [72.9129644119127, 34.615872042634145], [72.94095335146739, 34.63865021983377], [72.96305223151226, 34.68884309712607], [72.92899472258254, 34.7155388212592], [72.9173381015554, 34.759358090422396], [72.87769479725611, 34.7804135322217], [72.90582901381458, 34.78664090764919], [72.92803843759849, 34.82580892194493], [72.96737812224065, 34.83783443889413], [72.99520441636588, 34.87714054733011], [72.89917032070444, 34.9078172161715], [72.8708162107309, 34.92917625305542], [72.98296079030044, 34.99264496065111], [73.02803900357897, 34.9882578174905], [73.07906631448067, 34.94543147052092], [73.1578236172321, 34.947434135724706], [73.19136619549063, 34.97033925600951], [73.22534766516826, 34.943652080918], [73.25907388040113, 34.94452051171429], [73.28702030577823, 34.961773333983565], [73.35448683738413, 34.95801120700208], [73.38241100323586, 34.97526501840451], [73.43882079255093, 34.949196411499265], [73.4781120888253, 34.950229203230116], [73.51723008262273, 34.96778172889749], [73.59482549933563, 35.06343850425375], [73.61164351229162, 35.063881461471794], [73.65126586128953, 35.026390690484284], [73.71234450987109, 35.08306213874155], [73.81891202987556, 35.06939848037076], [73.84661024286008, 35.09765645940765], [73.84609369430927, 35.14716756493933], [73.87384069552762, 35.16992051298666], [73.9186476617507, 35.16561908920668], [73.94631836349427, 35.19387137446264], [73.95697944639522, 35.243672951683706], [73.97357599091438, 35.26062209024644], [74.02375554717105, 35.27296899166266], [74.06327578165427, 35.235529713610006], [74.12471469426679, 35.23719594235174], [74.14158747645656, 35.22665741822646]]]}}, {"type": "Feature", "properties": {"na": "NA-20", "src": "commons-1997", "inset": false, "hex": "#228b22"}, "geometry": {"type": "Polygon", "coordinates": [[[70.85563299879054, 32.922533582431114], [70.90184814973081, 32.87944023125943], [70.91962815474018, 32.80243547501909], [70.9486477358841, 32.75893042036735], [70.97172207761686, 32.74293751113453], [71.04623563515355, 32.75042250212234], [71.0925000755529, 32.701876642278336], [71.09299754516681, 32.64106951033669], [71.12189430974558, 32.61420059664082], [71.12203355222516, 32.59761958845648], [71.16822535688013, 32.5601734491413], [71.23136470668122, 32.5508382511013], [71.20295350211794, 32.52243065663565], [71.17492458358143, 32.449819528055606], [71.14090893760539, 32.404673194957965], [71.1236038150396, 32.41525190058594], [71.08923202746396, 32.40878377216274], [71.01510356703463, 32.35147966739824], [70.9519881827037, 32.34423129513127], [70.85473573797033, 32.291825503988264], [70.67101514934288, 32.248159544298396], [70.64236991510572, 32.230794769711046], [70.61332813461874, 32.26322121097998], [70.65902701192863, 32.308703507869986], [70.65885505432757, 32.330832592077655], [70.61831995198551, 32.36296560714908], [70.58378689873156, 32.36205833833514], [70.55488095565174, 32.37790703160513], [70.543003609988, 32.427418430510194], [70.5027813967088, 32.415303465141406], [70.43339906025724, 32.452275873059], [70.42157642395419, 32.49627738788422], [70.35186704834783, 32.58313966651205], [70.33999476910557, 32.638243958269555], [70.32843856268599, 32.64349701877336], [70.33375645946565, 32.71565867073621], [70.31045134120293, 32.75941618864569], [70.356357434179, 32.788248015811874], [70.38524494548682, 32.77233557131348], [70.46578832601747, 32.77986687983542], [70.506132540564, 32.76979229484528], [70.53507427432582, 32.7428240909469], [70.6154718801594, 32.76145884952544], [70.62685757876653, 32.77835680467511], [70.6443652283532, 32.74004273773656], [70.67896655714748, 32.72431390307822], [70.74768270447282, 32.759279440085145], [70.72443359623671, 32.79743407731365], [70.76433073679163, 32.84272988506799], [70.82744567107832, 32.84986985847644], [70.82721118246307, 32.883070609440644], [70.85563299879054, 32.922533582431114]]]}}, {"type": "Feature", "properties": {"na": "NA-153", "src": "commons-1997", "inset": false, "hex": "#484848"}, "geometry": {"type": "Polygon", "coordinates": [[[69.17071428994466, 27.833401151664418], [69.22937698197184, 27.840977999684014], [69.28177288474203, 27.875967381711906], [69.30525210083643, 27.876790969394747], [69.32353873556184, 27.82771193568487], [69.3646201753278, 27.829163160754828], [69.3758979136327, 27.862704944193563], [69.34001320921261, 27.911160363339643], [69.34565564418983, 27.927932523012732], [69.38123306369728, 27.901560907465544], [69.45161445514073, 27.904045741164587], [69.46897446402211, 27.921228915617615], [69.4753770691482, 27.882796819988467], [69.49929598705495, 27.850514045894688], [69.52876557965148, 27.840522404773786], [69.55111410795473, 27.918621553905037], [69.51540831502366, 27.95600834658831], [69.50916329625247, 27.98340027488042], [69.5265139022137, 28.000580871903125], [69.52620761440862, 28.022660502091686], [69.54455515652387, 27.968085353954955], [69.56213316123538, 27.968708754658277], [69.57939849852485, 27.99140828708044], [69.57839558223284, 28.063157938886935], [69.53092640986453, 28.105670010511318], [69.57192740623405, 28.107109016620008], [69.65320606969539, 28.15966687812531], [69.68862904850819, 28.138831024091605], [69.74254773815753, 28.052420924453312], [69.73765047745029, 27.986011650040894], [69.74999802181954, 27.942302609828594], [69.88697847384924, 27.78728256420702], [69.99320156918945, 27.730544434636336], [70.04006327798251, 27.726775349600924], [70.11073178521829, 27.69634374025569], [70.01816492960543, 27.632233795504522], [69.95584296173277, 27.503092155125803], [69.89748383400774, 27.489869913841634], [69.86855848295205, 27.46672752253174], [69.82135527487523, 27.48701712858851], [69.70442194769656, 27.466111928259892], [69.53434270176271, 27.459826841343194], [69.46945605615123, 27.47952696870236], [69.43350359976094, 27.52790155430372], [69.3801833185096, 27.559098518674407], [69.25072330987979, 27.571013426421665], [69.21507847514847, 27.59736216851286], [69.17287369026316, 27.67321702680944], [69.1543441878958, 27.738876901912793], [69.17071428994466, 27.833401151664418]]]}}, {"type": "Feature", "properties": {"na": "NA-53", "src": "commons-1997", "inset": false, "hex": "#228b22"}, "geometry": {"type": "Polygon", "coordinates": [[[71.51170407130736, 33.22701380937251], [71.56929871394338, 33.16774551204045], [71.5639159588977, 33.12892768850719], [71.6158192919229, 33.06954536184909], [71.68455293817217, 33.04378266559864], [71.70232413335056, 32.97247786450828], [71.75414231323398, 32.9242090563211], [71.81683958495984, 32.931462762156606], [71.8570792985215, 32.89946562651289], [71.86913556259944, 32.833579506572], [71.9556167946166, 32.74223544504226], [71.87645492111436, 32.67377166197691], [71.8593386592856, 32.67328301249632], [71.8017730228048, 32.721311102996715], [71.74469193759889, 32.719702305710506], [71.69346192915631, 32.70170444939363], [71.65892554215078, 32.7283414708856], [71.59026181834366, 32.73747677539373], [71.49972268700887, 32.63556595988305], [71.45963205227045, 32.63997921891771], [71.4482921697366, 32.62861917533822], [71.44318568802827, 32.56219865426676], [71.41508664767406, 32.5061853852081], [71.32945392934539, 32.47618508762887], [71.30036030249067, 32.52510234988674], [71.27171747229562, 32.52431437343475], [71.23190383371542, 32.49006678058611], [71.20324608639433, 32.48928049925291], [71.24272704212733, 32.56220082670246], [71.1738622227485, 32.57138077477829], [71.13345316487104, 32.603455064262576], [71.13331362538848, 32.62003565593566], [71.10441885199238, 32.6469035929263], [71.10392029336747, 32.70770919766001], [71.05770269780494, 32.75072430918543], [71.10334122392206, 32.77957651291183], [71.12591105787638, 32.82440804615622], [71.10828723682745, 32.879245640716924], [71.16500794049139, 32.95261554933853], [71.2219566209041, 32.992806697068104], [71.28486136407471, 32.99998009213095], [71.30792402376919, 32.97847350267854], [71.34229106195033, 32.97385237778251], [71.44488660621495, 33.015257206791084], [71.45599286524606, 33.0542341816982], [71.4042386108943, 33.09155569973016], [71.42102586053015, 33.1362129995526], [71.38612394401471, 33.21269223561375], [71.40872041206879, 33.246445488494714], [71.44910417673299, 33.19774530139313], [71.4718189627153, 33.214918802890686], [71.48913165456658, 33.19326445846106], [71.50626416768088, 33.19371346250755], [71.51170407130736, 33.22701380937251]]]}}, {"type": "Feature", "properties": {"na": "NA-41", "src": "commons-1997", "inset": false, "hex": "#228b22"}, "geometry": {"type": "Polygon", "coordinates": [[[71.94704132170787, 33.658234940013884], [71.97543012498019, 33.66449750770821], [72.02026001260371, 33.7429741704694], [72.071030034244, 33.788467964616316], [72.17344991581558, 33.76906396991162], [72.23011885922253, 33.78159663347733], [72.2413222512048, 33.79844938968529], [72.23468252851792, 33.90866230549007], [72.25713574374996, 33.93684600095606], [72.33066232011652, 33.96084253443016], [72.44907181785196, 34.03016328796335], [72.52263330894696, 34.03761914298434], [72.5797998231608, 33.978468563111946], [72.63638789385372, 33.97998622544267], [72.64780886522347, 33.969265799305816], [72.5973556918727, 33.91827964704467], [72.63163383826084, 33.88612353495705], [72.69936752054329, 33.90450477550001], [72.7442293918193, 33.944314224465394], [72.73264827256139, 33.97156080263678], [72.76075409885141, 33.988861404832065], [72.78341970934083, 33.98396622288387], [72.79522158677534, 33.934684764221174], [72.84060547731174, 33.91939982678608], [72.81251483306298, 33.90209361465244], [72.77260915236921, 33.934065462545234], [72.74428413232582, 33.93880357937881], [72.72764808979684, 33.90527657986288], [72.66591275244645, 33.853977878812785], [72.66629654289814, 33.81539986958553], [72.72344006023607, 33.761856007484354], [72.69616837819976, 33.661896363342024], [72.7928374935303, 33.62053106699922], [72.79307480329145, 33.59850087261958], [72.85602815632237, 33.53419391843174], [72.86217650166031, 33.49030999930315], [72.83985451477096, 33.46212926786563], [72.7892272983571, 33.433131536032334], [72.77852059977468, 33.37774222909428], [72.75587172009061, 33.377088088988124], [72.750025071965, 33.39344473378393], [72.7047176533389, 33.39214266978355], [72.68175866460963, 33.419032849889454], [72.6590387536741, 33.42389488025373], [72.57993637408049, 33.399604897186315], [72.56281284491098, 33.41014273295385], [72.55668043520349, 33.454063040921], [72.51682374228128, 33.46948102698997], [72.51064530341262, 33.518923462027075], [72.46484156988261, 33.56176124514323], [72.42519848756139, 33.55515408457302], [72.39667441148598, 33.57091490488326], [72.36263458253028, 33.569983185513536], [72.25505260932682, 33.53947143707418], [72.20946540046172, 33.55478990290303], [72.19211999404772, 33.58743141376842], [72.10131507197681, 33.57396361184624], [72.04991373580047, 33.60019871155904], [72.01016315264262, 33.5936275114764], [71.94704132170787, 33.658234940013884]]]}}, {"type": "Feature", "properties": {"na": "NA-28", "src": "commons-1997", "inset": false, "hex": "#a6caf0"}, "geometry": {"type": "Polygon", "coordinates": [[[69.78164603446004, 33.86856613380454], [69.8161653880213, 33.891491757303], [69.81610393481834, 33.91927475060941], [69.83333478418358, 33.94184933078351], [69.93691475691858, 33.96616819853839], [70.00031102406976, 33.92858022150777], [70.07507361755256, 33.93567719592343], [70.11543917915381, 33.89764914876624], [70.22466748216509, 33.89439792251879], [70.27644993851747, 33.873299853731616], [70.38553640507733, 33.88119348229393], [70.39705898052895, 33.87034718929769], [70.39153235786473, 33.81475126821376], [70.47788325805044, 33.755638387103545], [70.48965112234764, 33.68935584826213], [70.51849747943893, 33.65673548305643], [70.52436451829168, 33.62914659418069], [70.57048529254372, 33.58584677647806], [70.63935696150303, 33.58188527077592], [70.65088464700044, 33.57106736408008], [70.63958312851773, 33.537555076036114], [70.68555606780632, 33.521999580469874], [70.66278969304346, 33.488222015899375], [70.66311750272092, 33.42727993670028], [70.60585223853103, 33.403770691696735], [70.55992815597664, 33.40269619737647], [70.53136233086101, 33.374318175043264], [70.45671635504603, 33.36703819421291], [70.43381529188547, 33.349876546201166], [70.31876287938711, 33.363861291842234], [70.25001917894177, 33.301285008471986], [70.23828440212525, 33.35093519914304], [70.18059464783012, 33.3829149004282], [70.17476889111416, 33.39942765359972], [70.09971420663868, 33.453243961825684], [70.12806828099755, 33.5648595490189], [70.07043487290247, 33.58580639421429], [70.08186776337568, 33.60825705811381], [70.05295552604989, 33.64649200882871], [70.01843502595192, 33.64020064806663], [69.90316759318861, 33.66551913691735], [69.87993474057599, 33.731684353873], [69.80482206092178, 33.813469229662985], [69.78164603446004, 33.86856613380454]]]}}, {"type": "Feature", "properties": {"na": "NA-6", "src": "commons-1997", "inset": false, "hex": "#484848"}, "geometry": {"type": "Polygon", "coordinates": [[[68.03987041367284, 27.706729473526842], [68.00472231834502, 27.67232980568098], [68.02312684788986, 27.61196272225494], [68.06503135619768, 27.569004982722575], [68.0652749565199, 27.54684809576603], [68.04764333741788, 27.535183740825484], [68.05392862701576, 27.50214430548596], [68.02506976040803, 27.434695228654714], [67.98948146737085, 27.439056554847348], [67.96017503887175, 27.410377663499418], [67.95468058272706, 27.371403288903064], [67.97276096532498, 27.344297450034322], [67.91406700741683, 27.29246874252324], [67.91481355254203, 27.2259953339024], [67.87955598238456, 27.19710739052989], [67.88005754077359, 27.152792234859437], [67.9102131624753, 27.10948018480754], [67.73229733131065, 27.09796285383252], [67.66662891313993, 27.129040270864227], [67.58348266181227, 27.126291253770063], [67.49960556580638, 27.19009721040484], [67.47583432797467, 27.189322753160347], [67.44634166802646, 27.16617224697835], [67.40450068251756, 27.18700637124866], [67.3747695061981, 27.186044306571155], [67.32680720446989, 27.223344909988295], [67.29106265304488, 27.227748782509128], [67.29642351757376, 27.28897674246789], [67.35524972633995, 27.357457318942615], [67.35487933332794, 27.396298869856707], [67.3723947624816, 27.430157765879812], [67.46082506422962, 27.505112253354575], [67.46035135161792, 27.55504652684673], [67.49524367451156, 27.63384687908443], [67.52507755097692, 27.618137115713317], [67.643628677197, 27.632989196935526], [67.66718711289727, 27.650381585311873], [67.82123156560883, 27.66085249843651], [67.88587323564346, 27.71283669355122], [67.96265804256377, 27.731943427458948], [67.96874896125486, 27.715508961964478], [68.03987041367284, 27.706729473526842]]]}}, {"type": "Feature", "properties": {"na": "NA-54", "src": "commons-1997", "inset": false, "hex": "#228b22"}, "geometry": {"type": "Polygon", "coordinates": [[[71.87656841971769, 32.66274059253171], [71.91842943465987, 32.48191526302259], [71.84999476200561, 32.47440643041012], [71.77639588762926, 32.411585732240134], [71.78811381615246, 32.38434236937115], [71.81096293339309, 32.38500879788396], [71.82827585915108, 32.36896657856212], [71.84017796997715, 32.32519021337203], [71.73828120044938, 32.23393618380333], [71.73948954947222, 32.12365027041235], [71.67675519362838, 32.10524026481107], [71.59056402577626, 32.135803851068076], [71.55049395662517, 32.134630794851134], [71.48212300670198, 32.09952066990816], [71.38454866378851, 32.11325053948626], [71.31592353513052, 32.09470870442586], [71.2813518201657, 32.11028368642934], [71.24704608569435, 32.09825692500376], [71.18940552201448, 32.12423383636826], [71.18329847158586, 32.16273075033392], [71.14860926525884, 32.189377681647976], [71.15388479723084, 32.239252715747995], [71.22194674484595, 32.32403055795504], [71.25614037466825, 32.34708367709667], [71.26197566885473, 32.336197853828246], [71.28485126602922, 32.34236220380196], [71.31324500477825, 32.37077686055962], [71.32955597458312, 32.46513950789639], [71.3867210156095, 32.47777816242286], [71.43225838067957, 32.50666448285359], [71.46545475426963, 32.62909370183165], [71.50554529541202, 32.62468236802656], [71.59607991346616, 32.72659417783758], [71.65331901535185, 32.71714337466649], [71.68785787177985, 32.690506934107674], [71.79617588196331, 32.710115621733536], [71.84227675371932, 32.66727892918618], [71.87656841971769, 32.66274059253171]]]}}, {"type": "Feature", "properties": {"na": "NA-44", "src": "commons-1997", "inset": false, "hex": "#228b22"}, "geometry": {"type": "Polygon", "coordinates": [[[71.83305607415048, 33.02574985368351], [71.93516789593252, 33.07823930754423], [71.93474723135517, 33.12238032708443], [71.96322555728517, 33.12316411116585], [72.03187583319605, 33.09195570857379], [72.09493003285297, 33.04958276746291], [72.19171280200727, 33.04679772432764], [72.20832029386052, 33.091386208283495], [72.28246268493794, 33.071433399376616], [72.40178974509688, 33.07485138124423], [72.45839852278961, 33.09301791319229], [72.47585681951551, 33.05494813906072], [72.49875045379581, 33.039083098716674], [72.49350552979745, 33.00036031655849], [72.51634016647071, 32.9900093102505], [72.53381128873826, 32.951958278215855], [72.52851353798776, 32.91874871000136], [72.43839135315929, 32.84997707609162], [72.4449617777433, 32.77303932084938], [72.47389139381829, 32.72983171299351], [72.46304498280132, 32.68543972544513], [72.51472036162205, 32.64293473525186], [72.39625271328487, 32.56224417913963], [72.3729782332433, 32.60561466912184], [72.31551197839792, 32.6534863587358], [72.26423442662966, 32.657476403524754], [72.19610776400539, 32.63892999445537], [72.15036488888366, 32.65412318392188], [72.1394004239428, 32.61521148488969], [72.11122005710331, 32.58681859442948], [71.99775695239006, 32.533867603939036], [71.92984207019448, 32.482248650958184], [71.88792160500098, 32.668582416163794], [71.9670760654232, 32.73704687398304], [71.96684745960026, 32.7591055156284], [71.89786869471735, 32.81231696697898], [71.86842971847439, 32.90530131063843], [71.81673409373725, 32.94249947491031], [71.83347376909778, 32.981601359317736], [71.83305607415048, 33.02574985368351]]]}}, {"type": "Feature", "properties": {"na": "NA-194", "src": "commons-1997", "inset": true, "hex": "#e1ae00"}, "geometry": {"type": "Polygon", "coordinates": [[[67.26980257592028, 24.959084473273833], [67.26907974031178, 24.935425954556074], [67.26600058183334, 24.93123234317391], [67.25673710109955, 24.931174034741268], [67.2521226975983, 24.92279653004905], [67.25214003446395, 24.914448179573156], [67.25524230876324, 24.907510656987455], [67.25447902046825, 24.903331622713456], [67.21511500630488, 24.90030102838276], [67.2143603864427, 24.89194781887081], [67.21205318469207, 24.8877590665247], [67.21207341103532, 24.878019324302823], [67.21750311342849, 24.865530811841353], [67.21442684442766, 24.85994580871321], [67.18895516188735, 24.85839406877746], [67.18433497943089, 24.852799347577207], [67.18434364786371, 24.84862517233926], [67.17508305660753, 24.847175472160636], [67.17352469576387, 24.85412271281844], [67.17505705130908, 24.85969799787448], [67.16885539218809, 24.872181651299893], [67.14567357453278, 24.88316701418615], [67.1433490359165, 24.88732661231594], [67.14254818441262, 24.901235670739712], [67.13094860715215, 24.910902527420788], [67.13479972235841, 24.915100997839005], [67.13245784687649, 24.927608946444686], [67.13938234160598, 24.93878381173703], [67.15326022584102, 24.94721962486189], [67.16174886036939, 24.948664466004463], [67.1756209656492, 24.959883062621287], [67.18177350365086, 24.971053068877577], [67.19183494641094, 24.958593710632428], [67.2188649897949, 24.95319820991037], [67.22502908570699, 24.95880264918273], [67.22423690263592, 24.968537532368554], [67.22654699386416, 24.97133489296868], [67.23503562839252, 24.97277973411125], [67.23659398923618, 24.965832493453444], [67.24431644599194, 24.964489692067996], [67.24971725360905, 24.965915097066354], [67.25819144074937, 24.974316896938838], [67.26591389750514, 24.97297409555339], [67.26745203200555, 24.975766597117463], [67.26980257592028, 24.959084473273833]]]}}, {"type": "Feature", "properties": {"na": "NA-94", "src": "commons-1997", "inset": false, "hex": "#228b22"}, "geometry": {"type": "Polygon", "coordinates": [[[78.7290152172008, 31.917221542157925], [78.76642815320962, 31.946097713930246], [78.77583399941346, 31.995224493723764], [78.80776493889718, 32.02382712654906], [78.82414953644364, 32.02463176518993], [78.86356404077604, 31.988728610644955], [78.86407546266163, 31.972536404574424], [78.89223152433284, 31.946901935194767], [78.96388346054036, 31.92884315915592], [78.98519356505247, 31.94611634459988], [79.01282000851604, 31.936687230191215], [79.02512069888841, 31.894077893322297], [79.00416464064992, 31.866013503793134], [79.00486110294436, 31.844436668393854], [79.02140703265952, 31.839864466467873], [79.05026629551695, 31.7926969661992], [79.05712994190613, 31.74983003594443], [79.1421658084804, 31.656941990328455], [79.24159143720244, 31.62424905199966], [79.28083962503047, 31.593887758404804], [79.24339951586367, 31.570364091564713], [79.24994094184026, 31.53831712990522], [79.27248095535288, 31.517896198930156], [79.30555983835234, 31.508820584549852], [79.31609714009345, 31.520160989952895], [79.35425040144975, 31.522146504656593], [79.38823409082427, 31.486153063052416], [79.46412978333356, 31.50091785321944], [79.4753925931566, 31.490721750496157], [79.59514874677927, 31.49703413058043], [79.12441894373704, 31.369880619053728], [79.097837579132, 31.346908910315424], [79.07598725872425, 31.345777179185124], [79.06998137348387, 31.361663597792106], [78.93881060933965, 31.354905839289724], [78.93405821141393, 31.333057450730255], [78.85200771995852, 31.328850893899567], [78.78404042145175, 31.395626136319507], [78.73459965962631, 31.39852394869881], [78.70757272361385, 31.386347249873076], [78.69044567920847, 31.407102093003076], [78.65793208121879, 31.39465148287644], [78.67827464491778, 31.444326572781613], [78.70478263739408, 31.472687959027052], [78.72685396748086, 31.468394318898785], [78.74805027644481, 31.491082177391274], [78.73640817954902, 31.512115774531956], [78.7404911904289, 31.555562479097546], [78.8209783967123, 31.608249558785147], [78.81308018254354, 31.683518060580933], [78.80179956498876, 31.693763821268977], [78.75822537200476, 31.686182394678205], [78.7298469799849, 31.71720554168357], [78.68044009733079, 31.720159796579242], [78.72266690145649, 31.770914986770496], [78.71498514966838, 31.84082684568728], [78.7290152172008, 31.917221542157925]]]}}, {"type": "Feature", "properties": {"na": "NA-147", "src": "commons-1997", "inset": false, "hex": "#228b22"}, "geometry": {"type": "Polygon", "coordinates": [[[70.69561366212284, 29.062585197775814], [70.74235515491031, 29.042196442612028], [70.76522825294492, 29.065053220993217], [70.81187055699196, 29.05018283952997], [70.85220444749028, 29.06815299417036], [70.85816857083448, 29.057347244596087], [70.81262162607922, 29.000620301619698], [70.81304116083119, 28.973086937251196], [70.84817440642527, 28.95231362199038], [70.90744380318363, 28.871836793847862], [70.95329820882522, 28.90655044416165], [70.9815782879459, 28.951635982116454], [70.99904667937854, 28.94676508394677], [70.97051050640019, 28.918191489468946], [70.98253671019538, 28.89109664278604], [70.95961684307885, 28.87373929298011], [70.98323868270845, 28.847071026579318], [70.96646671511775, 28.807911777146167], [70.96735211721408, 28.752883386979278], [70.98501180717456, 28.737018017382386], [70.95673601273444, 28.691927393590763], [70.95156385445013, 28.65319647868227], [70.8778468284126, 28.54584916453832], [70.86324610317368, 28.37463157212373], [70.81659995912702, 28.38389130791678], [70.78701193758022, 28.415821960025504], [70.74607383822695, 28.430817813907282], [70.60665099182704, 28.420149034596914], [70.56550373135903, 28.446183965873857], [70.56507169548117, 28.473718419196164], [70.52375555703627, 28.510783944122867], [70.38982600085774, 28.511441824566777], [70.37801609648211, 28.522042294248177], [70.37686086514867, 28.599189443650463], [70.3002054972536, 28.6626317670216], [70.29924758184345, 28.72878361665517], [70.36303127181097, 28.747583072371125], [70.38654737012713, 28.73187245697545], [70.40925405637876, 28.771278260818747], [70.40303545352502, 28.798630464467827], [70.42589959026517, 28.82701102414594], [70.466281255936, 28.850495270832727], [70.49478323672827, 28.890100044640892], [70.61605690015662, 28.9440120193768], [70.6618514758155, 28.989734151579512], [70.66152528445916, 29.011770662842423], [70.69561366212284, 29.062585197775814]]]}}, {"type": "Feature", "properties": {"na": "NA-97", "src": "commons-1997", "inset": false, "hex": "#228b22"}, "geometry": {"type": "Polygon", "coordinates": [[[78.68869396979225, 30.958485335443285], [78.71206825098298, 30.916476946756248], [78.76249974676912, 30.886689863648222], [78.76377195661011, 30.848948989465605], [78.73726423323652, 30.820559336495027], [78.73414888215326, 30.75018347786626], [78.69629201463273, 30.731997223729408], [78.69720417841991, 30.70503898250187], [78.71403179819822, 30.695119985576742], [78.67104056877608, 30.66585828812281], [78.67323692803751, 30.60116049008524], [78.62967452972414, 30.58806658215081], [78.61374582698136, 30.571024706040674], [78.61447771798282, 30.549456900872745], [78.56576050377326, 30.525288009546166], [78.52856360048634, 30.485517509402907], [78.53460897402834, 30.469628261559063], [78.64599411629527, 30.432301207153017], [78.66889547336685, 30.40651676534148], [78.63574540559183, 30.410155963509027], [78.6313615005191, 30.37752110324423], [78.60462213560261, 30.354498571213245], [78.61178893666715, 30.30627655203349], [78.5903549601068, 30.28893374707589], [78.54636128044716, 30.286592944538288], [78.48914412714622, 30.348381773701018], [78.45099704077515, 30.335563621792268], [78.42476062779441, 30.296359511273135], [78.42108934091314, 30.242137108195692], [78.3669399890348, 30.21225918796211], [78.32728549707193, 30.242590776729728], [78.34822528329273, 30.276116999148975], [78.33575625226051, 30.318695953825568], [78.3726666066827, 30.369269900472588], [78.41046961524206, 30.392867908686977], [78.40720879451558, 30.489969805069492], [78.30245764448448, 30.489924929871663], [78.17916117925303, 30.548445060170792], [78.04670447396389, 30.547076643745648], [78.04271200043429, 30.671315781501278], [78.10229333322405, 30.706797558353898], [78.19041895138837, 30.711276033692442], [78.21742238208904, 30.72887817511724], [78.37718525914521, 30.899255706187752], [78.39794005034933, 30.938162299018103], [78.48565394607235, 30.94804449171305], [78.48139900539012, 30.909987140118922], [78.51417107293145, 30.91707278169475], [78.58147489145533, 30.877300546306476], [78.59704656579478, 30.90512316093093], [78.63581618408692, 30.89631882118493], [78.68869396979225, 30.958485335443285]]]}}, {"type": "Feature", "properties": {"na": "NA-177", "src": "commons-1997", "inset": false, "hex": "#a6caf0"}, "geometry": {"type": "Polygon", "coordinates": [[[67.28522097658539, 27.21646076236828], [67.3209678055809, 27.21205751206932], [67.36893341586008, 27.17475767978899], [67.39866645018581, 27.175720271586556], [67.44051022875549, 27.154886843995577], [67.46428841729755, 27.155661692600496], [67.49377727909479, 27.17881279752693], [67.57766015307409, 27.115008192962087], [67.6608116068194, 27.117758685992413], [67.72648440038185, 27.086682366691733], [67.99932736860657, 27.095881618191044], [68.01157414899626, 27.063064732230565], [67.99405619218527, 27.040310863441768], [67.99451892286645, 27.00155481465016], [68.04793137066322, 26.997850049741544], [68.06597970359627, 26.97632090067315], [68.02530130078553, 26.908465006865875], [67.96634135782976, 26.878738262143703], [67.97247488313563, 26.86233538223291], [68.03198089006676, 26.847784809938112], [68.02632630543066, 26.82543956166327], [67.9850177890773, 26.807391234201123], [67.99149943592076, 26.763317399693722], [67.96777006269426, 26.762490543013087], [67.95638558506582, 26.72333092514579], [67.93858340758509, 26.72271011254704], [67.87841870886224, 26.78708334223862], [67.77761750095219, 26.77253193704653], [67.76593626477487, 26.755509296903547], [67.71253471864627, 26.748136404507065], [67.65355929312399, 26.707326611460143], [67.60005111722948, 26.70549875758086], [67.49223687232819, 26.76836765388262], [67.44463790377432, 26.766766885998784], [67.3557152587075, 26.73051154316816], [67.28979040914987, 26.76714210134375], [67.26608223944515, 26.75525966276679], [67.28232323018113, 26.91114420603243], [67.27557472738316, 26.988607183776036], [67.25114889691167, 27.048857949529456], [67.25049071227848, 27.115437894255315], [67.27992056519992, 27.149687087166825], [67.28522097658539, 27.21646076236828]]]}}, {"type": "Feature", "properties": {"na": "NA-180", "src": "commons-1997", "inset": false, "hex": "#a6caf0"}, "geometry": {"type": "Polygon", "coordinates": [[[68.89679086929422, 26.39817045699952], [68.93935067020116, 26.32249689653737], [68.9930275658892, 26.291436607729764], [69.08329526932981, 26.19007812464672], [69.11299131100208, 26.180202077706248], [69.10782486972934, 26.135863007077553], [69.13770849875118, 26.1149686936998], [69.12055776505966, 26.081195387254528], [69.08531871177354, 26.068776272450137], [69.05053292543059, 26.0287895746233], [69.04574168659744, 25.962396601319504], [69.06412106105931, 25.92450728942774], [68.98288628662192, 25.833020720735338], [68.98326257673264, 25.810968089535773], [69.05505508722676, 25.764184747725196], [69.04943175089123, 25.74741322767851], [68.97276037631337, 25.733316843668558], [68.93680171614308, 25.759469283192477], [68.9013095100989, 25.758060323062885], [68.88384107691006, 25.740814284967282], [68.83002500025368, 25.771795568073706], [68.78267246764155, 25.769930160601312], [68.74769839430978, 25.735436428325663], [68.71216484855181, 25.73403984372778], [68.70077471823366, 25.705990971155064], [68.68309382499824, 25.69977582737277], [68.6171027802591, 25.746883004620496], [68.58738114075337, 25.751247063012766], [68.61037275347476, 25.796318572646495], [68.57463949806359, 25.805976987360985], [68.53855034178717, 25.83772031642391], [68.56208213512507, 25.849675027985356], [68.56181923286198, 25.866234606206675], [68.53201240710536, 25.876133835972965], [68.52573826857314, 25.8979883603886], [68.48424575519742, 25.896397462945256], [68.51937933747188, 25.92536525691389], [68.54797438996559, 25.992750402525346], [68.56557499003539, 26.004471186474678], [68.55930799302273, 26.026328809485655], [68.51216748073227, 26.00795869027314], [68.48837878599659, 26.01257891297435], [68.51165750219069, 26.041089334103], [68.49303908501408, 26.095638037106536], [68.51047664885209, 26.118399685365954], [68.56987493042278, 26.10959845544095], [68.62874240949085, 26.133931960781045], [68.67026049205144, 26.129989302933765], [68.68115220424946, 26.191162102800075], [68.65097111206245, 26.228685133536345], [68.69238761646436, 26.230254006083918], [68.72711079372165, 26.281282243686125], [68.768760571427, 26.266293427799976], [68.80388824103994, 26.289719692712875], [68.89679086929422, 26.39817045699952]]]}}, {"type": "Feature", "properties": {"na": "NA-157", "src": "commons-1997", "inset": false, "hex": "#880f5a"}, "geometry": {"type": "Polygon", "coordinates": [[[69.70548757681392, 28.18911556554411], [69.68847430213944, 28.14986766090378], [69.65890547307299, 28.17091080212822], [69.63549364300067, 28.17008762858319], [69.56591879129668, 28.11794321165107], [69.52491748939151, 28.11650596285948], [69.48338426131565, 28.15372220648593], [69.45994686038426, 28.152907057279535], [69.45453155299752, 28.119572153409297], [69.49021566143533, 28.082150439265483], [69.51471742695722, 28.00568716844471], [69.49142774372376, 27.993820211442078], [69.43799218777664, 28.04165557967953], [69.41461624059869, 28.03531381356449], [69.40972837397923, 27.96332771894529], [69.4571714508245, 27.926334512694176], [69.44559729376945, 27.91487916329804], [69.38694777399981, 27.912810250895397], [69.33963875685367, 27.93877130352393], [69.3283524131919, 27.90522637147834], [69.36423921002817, 27.856769363774735], [69.35859960402203, 27.83999816570567], [69.32331168320998, 27.84427741076799], [69.3109714501034, 27.888041724625506], [69.27575360982168, 27.886807412509167], [69.22335604258217, 27.851819282414162], [69.17049402253626, 27.84997381428455], [69.153162447914, 27.82726209472664], [69.14824473204268, 27.755242372788924], [69.07741723503803, 27.774876697266897], [69.06007062837112, 27.752161342208783], [69.0480927204754, 27.768328398226195], [69.06536880412463, 27.796569209878673], [68.97057077941817, 27.848582600033225], [68.92939540722286, 27.847169266083007], [68.8996315677046, 27.873804512443765], [68.85878538568322, 27.844754708296016], [68.78800973457388, 27.85341093802413], [68.74036607653585, 27.89606396392477], [68.74010009583763, 27.918189154737178], [68.76345232316058, 27.935575264316522], [68.7811801927563, 27.93063902975408], [68.85146870892014, 27.96067442134405], [68.83909738726994, 28.010049734125904], [68.93232913473705, 28.085106390153754], [68.93206090836607, 28.107225017958225], [68.87253866744314, 28.166092595068363], [69.08988948775647, 28.178915775347008], [69.17760306867451, 28.209533248787544], [69.21288160703308, 28.20520291537351], [69.2710541596669, 28.245879935689395], [69.29395018878763, 28.290881542336475], [69.33463719714801, 28.319902860065802], [69.4988980727469, 28.30894585064263], [69.4874764297733, 28.28645272042545], [69.51705111718759, 28.265375414155283], [69.61657395641332, 28.2688299217765], [69.64058623674372, 28.225487565957692], [69.70548757681392, 28.18911556554411]]]}}, {"type": "Feature", "properties": {"na": "NA-135", "src": "commons-1997", "inset": false, "hex": "#228b22"}, "geometry": {"type": "Polygon", "coordinates": [[[71.75523222546099, 30.45454962210544], [71.73832311830712, 30.43195020874145], [71.66985454585543, 30.396572015131273], [71.52105622467461, 30.34193559164171], [71.4412635869717, 30.284143780086072], [71.32554352317385, 30.318802384127927], [71.26687922028023, 30.39399830516863], [71.20932456811545, 30.38657727609497], [71.19217842243451, 30.374984389473443], [71.19284122841965, 30.32539280382683], [71.15861280903584, 30.296692510686256], [71.14789177722703, 30.2356962163863], [71.15972667552037, 30.21404189376298], [71.12541043542369, 30.190844897024807], [71.07887601458403, 30.216859206273558], [70.96911448094596, 30.218740734892293], [70.83693743339033, 30.15923608815901], [70.75550328879666, 30.195200136078096], [70.72114552894371, 30.16649208796807], [70.70448059017161, 30.11076513635581], [70.68712149575444, 30.110199691940192], [70.67527265712911, 30.131889812793652], [70.69242565461526, 30.149003402364002], [70.69215141918284, 30.17107015583204], [70.66873560719158, 30.192389688919842], [70.67418276967054, 30.220162995380953], [70.73141377480955, 30.271681155666297], [70.71345927357514, 30.320778046542237], [70.67231549162166, 30.37466533381245], [70.70083271343125, 30.408694977941874], [70.69407253925176, 30.491291250327436], [70.77498064522422, 30.493851548712378], [70.8383226678784, 30.51242360599393], [70.95412648380297, 30.488541739421322], [71.04623337429807, 30.508064756851184], [71.07486008924612, 30.525538812114412], [71.06284001305488, 30.56376020764332], [71.11396312090788, 30.62608177541188], [71.18887294160317, 30.628502331816744], [71.24675725846393, 30.60832788833859], [71.36329996702375, 30.507427293205023], [71.46764634180379, 30.455807509368036], [71.56535116280986, 30.464605920092488], [71.5936310054423, 30.498606812142455], [71.63961269996679, 30.500161811773534], [71.6630723912929, 30.46791876538552], [71.70911794379228, 30.463982167690435], [71.74342336111201, 30.47616516030398], [71.75523222546099, 30.45454962210544]]]}}, {"type": "Feature", "properties": {"na": "NA-33", "src": "commons-1997", "inset": false, "hex": "#a6caf0"}, "geometry": {"type": "Polygon", "coordinates": [[[71.43914275419723, 33.77252170620656], [71.24507990079621, 33.76781674493069], [71.21635042693123, 33.794800692404756], [71.1931682124051, 33.84959996824065], [71.15295461442085, 33.88740322333107], [71.10153119596451, 33.88620001122834], [71.06170855282014, 33.85204741421474], [71.03340115397019, 33.801548771166765], [70.98764755964139, 33.8004804961639], [70.95938021211565, 33.73890025101513], [70.8851267834866, 33.70947340606158], [70.8681007300492, 33.68138048099279], [70.67905350643142, 33.67147034430299], [70.54688520199129, 33.723907199705906], [70.5240597594176, 33.695672257095296], [70.52418560520782, 33.66795254142338], [70.50110513368486, 33.695157397719605], [70.48933707585071, 33.76143815750807], [70.40299254521705, 33.82054866385096], [70.39718689261917, 33.83706432086318], [70.40853893587732, 33.87059614867207], [70.70667529769335, 33.88825629853731], [70.78102684984998, 33.91209433509769], [70.8440250577637, 33.90797446701767], [70.87242161360628, 33.95294534592503], [70.96386032803527, 33.97164036658629], [70.98664664720204, 33.98877802599711], [71.0095426494069, 33.98376100482402], [71.03226250082446, 34.011974854116254], [71.02632003875138, 34.05615264144317], [71.07751602480077, 34.10162676604402], [71.07122441683092, 34.21780984928591], [71.09958607644849, 34.2572206396066], [71.12807485258169, 34.26893557826073], [71.1279937401508, 34.28555147858843], [71.16223624004753, 34.28631665032807], [71.21384213529144, 34.237634716246575], [71.2141329302671, 34.182266674116505], [71.26001804455325, 34.139023875129], [71.30571515857702, 34.12900767956211], [71.33435842406739, 34.10753229635257], [71.3402551338052, 34.07446134369287], [71.31189773102405, 34.04612382609499], [71.32360256557591, 33.99658732839684], [71.3123580146013, 33.96865018497872], [71.3757361859428, 33.87055751291124], [71.38179919685498, 33.81537896155013], [71.43914275419723, 33.77252170620656]]]}}, {"type": "Feature", "properties": {"na": "NA-98", "src": "commons-1997", "inset": false, "hex": "#228b22"}, "geometry": {"type": "Polygon", "coordinates": [[[78.10379026969338, 31.36173141468507], [78.21506569506555, 31.32389153013477], [78.23839360335131, 31.281750431435615], [78.26003412820916, 31.29364449872206], [78.30499948338111, 31.263412100766594], [78.2888595433015, 31.251788620568316], [78.28936969043652, 31.235582756376918], [78.30069794439355, 31.22532646790211], [78.36609350936067, 31.244819012864063], [78.38874247909816, 31.224316151592777], [78.42717066734646, 31.226243207735443], [78.44843470773594, 31.248943071844373], [78.43866623883304, 31.210596513969012], [78.46628106204216, 31.206578444032612], [78.45565112057348, 31.195227946355025], [78.46183309657569, 31.17390963159481], [78.53334183562525, 31.172117737407554], [78.57296680420698, 31.13628827877143], [78.59508156422291, 31.132008897165548], [78.5910072228399, 31.088561035757987], [78.57029969185407, 31.049668513605788], [78.48530106047833, 30.958837968065296], [78.39209490534904, 30.948679000853883], [78.36601721722411, 30.904094026297987], [78.18456362653257, 30.721795809796124], [78.12398249359379, 30.71871761720646], [78.20912896202447, 30.81499861698997], [78.20808759659202, 30.847401588240576], [78.18538106357256, 30.86789216337539], [78.17901447880809, 30.89462087234941], [78.12930197769934, 30.897529596955025], [78.10659428760773, 30.918034380652234], [78.02864299839464, 30.941198200407104], [77.98788848839737, 31.009544509929427], [77.9551673736819, 30.99709697570833], [77.96017432798209, 31.01358693937922], [77.9488196624475, 31.023854377705742], [77.89387590346787, 31.015730233979344], [77.8823522775466, 31.031409035824506], [77.93563172241662, 31.093595197530007], [77.93446913236929, 31.13144363758459], [77.91193611077058, 31.146586023907677], [77.90527148371004, 31.184170781759356], [77.9772025977669, 31.176859221046755], [77.99839594290933, 31.204971909104245], [77.98589525205459, 31.253094021693705], [78.02359607733224, 31.282010797931743], [78.0117637659758, 31.308507388886984], [78.10379026969338, 31.36173141468507]]]}}, {"type": "Feature", "properties": {"na": "NA-68", "src": "commons-1997", "inset": false, "hex": "#228b22"}, "geometry": {"type": "Polygon", "coordinates": [[[72.28729676344393, 31.716326584297], [72.33885748696007, 31.70147887471953], [72.36197035672481, 31.680214057193268], [72.36227239613847, 31.658210501868034], [72.33975966976129, 31.635463931112085], [72.31123524145606, 31.634536012111745], [72.3058305720227, 31.612344787447526], [72.31746884087494, 31.59621285783947], [72.24950923500474, 31.555470771515413], [72.2558978634309, 31.506142105039245], [72.29030311293843, 31.49626202496533], [72.29060946574553, 31.474259036018406], [72.33157495649078, 31.404077433443902], [72.36613560594363, 31.383219247023444], [72.37866290933493, 31.306622299617914], [72.4364626000937, 31.25906806040076], [72.49955335345201, 31.23921312218425], [72.54601977099585, 31.185821182375136], [72.57462097629063, 31.181306492670473], [72.5522282393942, 31.153050454716205], [72.48972010355826, 31.13440971028216], [72.49013891186644, 31.10693442072448], [72.51330329430006, 31.085741828491372], [72.50793480385941, 31.063567163990424], [72.44002144624876, 31.02273930541655], [72.42927463053543, 30.978384097927457], [72.40105248967164, 30.955416010362907], [72.38349377063824, 30.982302360029127], [72.33198643927163, 30.986030647642043], [72.26298628806177, 31.011172107413305], [72.23367112789155, 31.05968594754865], [72.16473332581054, 31.079367624593825], [72.09499576575404, 31.154082420983023], [72.06074580277341, 31.147440317191556], [72.00305995094462, 31.178563452056988], [72.01284844196408, 31.300016066647036], [71.97690147457844, 31.420002642345683], [71.9993453963908, 31.45377093660205], [72.05051818044618, 31.477448969337534], [72.05550622775229, 31.532679444744893], [72.14576401499484, 31.623685958351636], [72.16802504787763, 31.668450463387238], [72.23089631383606, 31.66496444474927], [72.28729676344393, 31.716326584297]]]}}, {"type": "Feature", "properties": {"na": "NA-27", "src": "commons-1997", "inset": false, "hex": "#a6caf0"}, "geometry": {"type": "Polygon", "coordinates": [[[71.16045234320201, 34.67962515818738], [71.32620049771639, 34.57241741340018], [71.36606921638233, 34.57329639232197], [71.4000973101725, 34.601735255827585], [71.45699039335658, 34.60853279137517], [71.48003914042988, 34.55368702856152], [71.56577856366728, 34.483675219429806], [71.59993998373855, 34.478923234132644], [71.61725920635203, 34.43505743176325], [71.64010712452372, 34.418988596675476], [71.64020608540977, 34.40239415778666], [71.5836799231974, 34.34022305389957], [71.5098470341497, 34.31084302722118], [71.4815366459694, 34.28251839677492], [71.45910900440067, 34.22112545774317], [71.37407940981038, 34.14166625733786], [71.35153099517476, 34.09686348584807], [71.32852808753508, 34.1295368689425], [71.26566189104908, 34.15022636131073], [71.22551527835141, 34.18806345958754], [71.22522349336577, 34.243430113346754], [71.16788769876531, 34.297520650018974], [71.1165244903994, 34.296374824169334], [71.09361233754645, 34.31248555671606], [71.047911922781, 34.31701662159812], [70.95041110806909, 34.40910373787884], [70.95007485880144, 34.49224358990891], [71.03562478928046, 34.51624355742612], [71.05267746581858, 34.533235786529374], [71.04659127452246, 34.62732828473803], [71.12065481746563, 34.65106960202445], [71.16045234320201, 34.67962515818738]]]}}, {"type": "Feature", "properties": {"na": "NA-186", "src": "commons-1997", "inset": true, "hex": "#e1ae00"}, "geometry": {"type": "Polygon", "coordinates": [[[67.14345641279476, 25.207351572928008], [67.15270833561813, 25.212975448344583], [67.16583159999098, 25.213058051957493], [67.17663032574758, 25.21730025370019], [67.18975647959805, 25.215991465567118], [67.21059064281624, 25.22029683477851], [67.21445620541054, 25.217538346466814], [67.2152483884816, 25.207803463280985], [67.21218367739118, 25.19665289316891], [67.21531484646655, 25.175801453123384], [67.21225013537614, 25.16465088301131], [67.21460067929088, 25.14796875916768], [67.21230792492828, 25.136823048091657], [67.21388362263758, 25.121527456957953], [67.2115937577526, 25.108990354135948], [67.20543833027332, 25.09921173962564], [67.20544988818375, 25.093646172641712], [67.20855216248304, 25.08670865005601], [67.204706826232, 25.07972739614583], [67.20704870171392, 25.067219447540147], [67.19701326425232, 25.06715628007145], [67.195437566543, 25.082451871205155], [67.19311591740434, 25.085220077588957], [67.19227461321397, 25.118608620456488], [67.18146432954694, 25.119931985697722], [67.1806779254311, 25.126884085391584], [67.17835627629243, 25.129652291775386], [67.16754888210302, 25.129584265270637], [67.1590804739179, 25.118399681906187], [67.1498083247513, 25.122515548711494], [67.14672916627286, 25.11832193732933], [67.1459340937242, 25.12944821226114], [67.14360666563032, 25.13499920213691], [67.1435546550334, 25.1600442535646], [67.14970141407986, 25.173997043312852], [67.13962263445416, 25.1948047520339], [67.14345641279476, 25.207351572928008]]]}}, {"type": "Feature", "properties": {"na": "NA-65", "src": "commons-1997", "inset": false, "hex": "#228b22"}, "geometry": {"type": "Polygon", "coordinates": [[[75.32758664625025, 30.107779550078405], [75.38239852194143, 30.16470803455466], [75.50018444439785, 30.17542165813835], [75.55518451741818, 30.221460009289956], [75.67366886989275, 30.1995748920705], [75.7915046912312, 30.199484412058045], [75.88024502756222, 30.236186887715807], [75.9535913608687, 30.217787905822348], [76.07665529974625, 30.223466702691862], [76.1614007084345, 30.194779626476134], [76.2242223400732, 30.148792835305326], [76.13070628097678, 30.09004937608333], [75.9732240574668, 29.908679891974533], [75.83979306884531, 29.86436962415622], [75.77811545060435, 29.861498322430197], [75.61970009725631, 29.903156659019132], [75.58457845781328, 29.955984064347252], [75.52700751720572, 30.007808786608834], [75.36789628666469, 30.07144153040619], [75.32758664625025, 30.107779550078405]]]}}, {"type": "Feature", "properties": {"na": "NA-84", "src": "commons-1997", "inset": false, "hex": "#228b22"}, "geometry": {"type": "Polygon", "coordinates": [[[73.07993376220868, 32.39653194529265], [73.11912209261695, 32.43078188936431], [73.1644276759399, 32.43225149994687], [73.16977602161072, 32.454409184940495], [73.23125434529689, 32.51136148293959], [73.23070572567005, 32.549812793581864], [73.24752259824592, 32.561348014346564], [73.32670539346391, 32.563917640160774], [73.41642631584934, 32.616286307263714], [73.49543032515555, 32.62436473159161], [73.6505379320589, 32.45382989426825], [73.67328580270475, 32.44362032987036], [73.71278705823865, 32.444956556215814], [73.74637636063912, 32.46255752752419], [73.80294961477374, 32.45350751939209], [73.85324952059169, 32.48265370227559], [73.9043270492198, 32.46246104739977], [73.95039347643545, 32.40372145344693], [73.8271002646337, 32.355589408146734], [73.77624737642348, 32.35932842747315], [73.7312858220275, 32.346816181660046], [73.71461883645779, 32.32978569184025], [73.5853549537904, 32.28696481228403], [73.49074131271196, 32.19043518624555], [73.43427329097146, 32.18302900125947], [73.38437776011864, 32.11545212389167], [73.34424922203473, 32.147040519267556], [73.28738529010592, 32.1616030023297], [73.25775106941985, 32.24849952522908], [73.21819465843356, 32.241692733360146], [73.19602796266668, 32.207993358173155], [73.16729676823647, 32.234513753768034], [73.17798082582821, 32.278824183935605], [73.16649135131891, 32.289435783800144], [73.12148747785652, 32.26597550027517], [73.10440753699834, 32.27091081951298], [73.13202343965594, 32.321277554022686], [73.07993376220868, 32.39653194529265]]]}}, {"type": "Feature", "properties": {"na": "NA-55", "src": "commons-1997", "inset": false, "hex": "#a6caf0"}, "geometry": {"type": "Polygon", "coordinates": [[[70.94550732843206, 31.791313982041803], [70.96808611848851, 31.836165093868082], [71.00253109254895, 31.842676588426418], [70.9906076044651, 31.886538208459974], [71.02477779848037, 31.920664849977243], [71.02404268600725, 31.99800108829921], [71.05825260020438, 32.02659720161633], [71.0694796195813, 32.05454187978642], [71.06321954428653, 32.109622237738215], [71.1374417780794, 32.15591311962584], [71.17187491676026, 32.15688371552935], [71.17798177141944, 32.11838577320014], [71.24141780385763, 32.087049976746925], [71.27572567201057, 32.09907739136095], [71.33323569315147, 32.084163511475715], [71.40758491394283, 32.10287498163132], [71.48796634784183, 32.088652361380056], [71.55633550235183, 32.12376449139181], [71.58495780020014, 32.1246032798629], [71.67115482984904, 32.09404121303297], [71.75104855980739, 32.11296303736149], [71.7684490697834, 32.09142112668618], [71.76951019782103, 31.997702084365034], [71.70154987401251, 31.93499099547574], [71.7018641985166, 31.907425557956767], [71.61082661303489, 31.855039369307526], [71.48471910017285, 31.856775880397798], [71.42201714165088, 31.821798776756943], [71.35324849298223, 31.81423847864675], [71.32491379933292, 31.780281139508986], [71.29633601265212, 31.76839501751373], [71.21004511550944, 31.78241501532317], [71.18104618766307, 31.809175565312255], [71.1122241884407, 31.796125672793664], [71.095207998534, 31.773538324495135], [71.00898267808537, 31.771039803255515], [70.94550732843206, 31.791313982041803]]]}}, {"type": "Feature", "properties": {"na": "NA-145", "src": "commons-1997", "inset": false, "hex": "#228b22"}, "geometry": {"type": "Polygon", "coordinates": [[[73.34091406366815, 29.794236516651534], [73.26572271044184, 29.566657122728046], [73.2423437485987, 29.593095041846084], [73.15687479955756, 29.584171554264884], [73.09486057491446, 29.543328305507863], [73.0549969558102, 29.53624953778174], [72.99645267469457, 29.605155947880398], [72.92778114286743, 29.607914454977934], [72.82562653697983, 29.565503056071915], [72.74532745874727, 29.573315406403307], [72.68279316848054, 29.5489288758835], [72.66509675383426, 29.575665545035537], [72.6479217574909, 29.5749966434769], [72.65323114368546, 29.59714701016048], [72.57786932732007, 29.643609240787676], [72.55516454585253, 29.63175896630922], [72.54309896452295, 29.664221890974364], [72.5649936610157, 29.719942530879266], [72.59883879180201, 29.748679204021904], [72.63941415934592, 29.722801305272558], [72.67313546492326, 29.757020578252703], [72.77598631431823, 29.766478582825812], [72.79282713752495, 29.783586298238706], [72.79210261513721, 29.821954396890703], [72.81486260085913, 29.828319256985324], [72.849463600111, 29.81320560772656], [72.86068332006879, 29.824609597871696], [72.87086212561961, 29.890816553732947], [72.90502876834769, 29.897622548243177], [72.95144549288841, 29.861039681926435], [72.96233916008426, 29.888879276311428], [72.93908255237277, 29.90990968298226], [72.9670004520429, 29.943892972287518], [72.99606371517515, 29.9176058828085], [73.01868122548927, 29.929451365870307], [73.0361170498819, 29.913683769543614], [73.06453898451909, 29.920275427460634], [73.12093809085195, 29.955369304718552], [73.10319281647561, 29.987564625372517], [73.12008735693664, 29.999186507707382], [73.14891354243026, 29.983868904908025], [73.15525623079915, 29.951232730853643], [73.18429876394583, 29.924972359489978], [73.17924603138972, 29.891893485762157], [73.25444216647057, 29.840080472856574], [73.29981040213758, 29.852843428765116], [73.30058509359417, 29.814530298642488], [73.34091406366815, 29.794236516651534]]]}}, {"type": "Feature", "properties": {"na": "NA-173", "src": "commons-1997", "inset": false, "hex": "#484848"}, "geometry": {"type": "Polygon", "coordinates": [[[68.3571466155718, 24.952552458781245], [68.39196754851984, 25.00364385672373], [68.41574655136506, 25.004604653306107], [68.45054848354577, 25.05569077819523], [68.4867747862517, 25.024039656083744], [68.52845767496707, 25.020213474630367], [68.56906346416153, 25.07704787583518], [68.6047847176659, 25.07298237767549], [68.64020625801312, 25.08546046348873], [68.66453524404675, 25.05335164358372], [68.7125049365024, 25.02773650811291], [68.75986862750742, 25.035200442305555], [68.74850388284023, 25.0071557511812], [68.76067034322409, 24.9911123635438], [68.73733897498113, 24.968088372829076], [68.73774112005243, 24.94604448347379], [68.77998563318756, 24.909193389986743], [68.80964958851918, 24.910427142933365], [68.82202587390181, 24.88337479566571], [68.85771885502378, 24.879352630472987], [68.86999442403913, 24.857815507708782], [68.84106049467279, 24.818013662071277], [68.84168338085314, 24.784963773183158], [68.87176458034547, 24.764180726193928], [68.9372198149005, 24.75592271951666], [68.95543409673398, 24.734651432441762], [68.9851881338267, 24.730404803159256], [68.99758088635747, 24.70338235848688], [69.01536705160737, 24.70414068209983], [68.97450537803923, 24.669339354763835], [68.96414971847227, 24.591759878376994], [68.99424082896374, 24.571012956207653], [68.91172192545042, 24.539926143400955], [68.86327709879929, 24.587452215840518], [68.8335972618952, 24.586189260856372], [68.8103797497447, 24.55764413486335], [68.81091146875167, 24.53010904720533], [68.78736974698457, 24.518083121867946], [68.78005506106334, 24.589428307254288], [68.76796779443453, 24.59994115502103], [68.70898976055155, 24.575395918919558], [68.66729425266553, 24.579150351462616], [68.61339306081658, 24.598941298565382], [68.59494590426019, 24.63125833281318], [68.55938013346365, 24.624256580959564], [68.52289598965997, 24.666865168311688], [68.48126967901615, 24.665137197417312], [68.46183508891461, 24.75261319874523], [68.43160730292439, 24.778960969780005], [68.40186829894523, 24.777741158919966], [68.37729556374396, 24.82088969409541], [68.37556072980337, 24.920175827988768], [68.3571466155718, 24.952552458781245]]]}}, {"type": "Feature", "properties": {"na": "NA-26", "src": "commons-1997", "inset": false, "hex": "#228b22"}, "geometry": {"type": "Polygon", "coordinates": [[[72.11934460652539, 34.944362347244024], [72.11951449757328, 34.91672470107776], [72.09133557905791, 34.89396317534788], [72.09147206130194, 34.87185261558573], [72.1713230653279, 34.785272150339694], [72.17742833140206, 34.719100938337625], [72.09278380609376, 34.667359820843394], [72.07600125092625, 34.63380094680063], [72.07626043233337, 34.595118971228324], [72.104866919272, 34.55711713271553], [72.20143634831324, 34.526295626301525], [72.17901222931897, 34.492604080602995], [72.13351615394598, 34.513600886982005], [72.09950487830127, 34.51278079556863], [72.04318341805752, 34.456163747684045], [72.04306855307343, 34.47274015012369], [72.0203417857375, 34.47772119861255], [72.00317346088258, 34.499418664145686], [71.9634583372132, 34.498472620538394], [71.91831119457702, 34.45870297270631], [71.924245426792, 34.42014767522287], [71.88457501095124, 34.40814477778912], [71.83942980360521, 34.36283955081596], [71.79412014114246, 34.339643949348165], [71.73703614434112, 34.37700253234186], [71.71960598495126, 34.437433418610695], [71.65144812075195, 34.42478392762299], [71.63432167433882, 34.435451791331666], [71.60556441193785, 34.49011877554248], [71.62215599303309, 34.57349923064944], [71.71278000051076, 34.630892375232456], [71.72367494440671, 34.714131364482476], [71.76330367465502, 34.737158028953225], [71.75750248492724, 34.75915760751905], [71.71763263885485, 34.78039451585913], [71.74025676562259, 34.797501279164905], [71.79699468788576, 34.80430819368498], [71.8533681795745, 34.87196304094562], [71.97244879265108, 34.874655563940806], [72.05135353941161, 34.948338663708846], [72.09096561337836, 34.954770464993416], [72.11934460652539, 34.944362347244024]]]}}, {"type": "Feature", "properties": {"na": "NA-137", "src": "commons-1997", "inset": false, "hex": "#228b22"}, "geometry": {"type": "Polygon", "coordinates": [[[71.21533135452961, 29.95139718791568], [71.19319203393287, 29.884520300193316], [71.19975875481512, 29.829652463539446], [71.14819090145924, 29.800323301643413], [71.114090251394, 29.7605761339688], [71.1038110307191, 29.672062258746482], [71.12179180377038, 29.628613614429376], [71.07595804765353, 29.599467213509232], [71.09940384818496, 29.578248919097227], [71.08849354900164, 29.533794041660965], [71.10038332751377, 29.512176343717826], [71.0718014486466, 29.48913573531152], [71.01966846343107, 29.49281542449224], [70.97965669247147, 29.45835426531361], [70.91559531834996, 29.483671731898273], [70.88086229011496, 29.482464717171293], [70.82398117892288, 29.408833069049766], [70.70275666724409, 29.371553084285065], [70.63889518434516, 29.37486528915921], [70.62195627417492, 29.34119378637396], [70.59890505509978, 29.3293702722729], [70.56340631470172, 29.377791236281947], [70.60348445190922, 29.417771751200544], [70.60272898274859, 29.472902961949835], [70.62577405929667, 29.484719369530378], [70.62517277819934, 29.528824953361564], [70.72828542072712, 29.620573220148604], [70.76807357157769, 29.677071737792847], [70.76747356619308, 29.72117021429773], [70.7901818555916, 29.75502675454192], [70.78973495193438, 29.788101546115247], [70.74884621428937, 29.814305783112367], [70.76555226793268, 29.86450767666497], [70.85746172010789, 29.917220447730543], [70.93886259401746, 29.886872944876096], [70.98510548518561, 29.888437243147642], [71.07123626978063, 29.92994603273532], [71.14045373373192, 29.93781495001865], [71.18624244585818, 29.966931520723985], [71.21533135452961, 29.95139718791568]]]}}, {"type": "Feature", "properties": {"na": "NA-156", "src": "commons-1997", "inset": false, "hex": "#228b22"}, "geometry": {"type": "Polygon", "coordinates": [[[68.92036956499345, 28.101300200679376], [68.87980788107505, 28.05014674986467], [68.8272632942044, 28.015184800878867], [68.83963322180554, 27.965807059929748], [68.77515996297564, 27.94150258226394], [68.75743217437571, 27.946439737874762], [68.72825667410017, 27.92332472993098], [68.74056624430392, 27.87947048448996], [68.68166593524336, 27.87748716251335], [68.64598905482374, 27.903963789670396], [68.51042032690971, 27.8994500771251], [68.4224453877876, 27.852239482997323], [68.36343050179124, 27.850292805248536], [68.34590684498859, 27.833099538869988], [68.34162780959919, 27.688958507001296], [68.27677713894562, 27.67572666461904], [68.26483571184683, 27.686408900039936], [68.18209728860188, 27.68367693067785], [68.12834609220802, 27.731781769918438], [68.02200472428713, 27.717234384703215], [67.9745516567849, 27.726783865211917], [67.99753034532374, 27.794049486838432], [68.02096329671458, 27.816978552729562], [68.06224692573443, 27.829395622450832], [68.22631579067432, 27.967704798339422], [68.36166655997592, 28.01087326684143], [68.39080411928907, 28.04505778057316], [68.40796032814718, 28.095470517898864], [68.46644153182888, 28.141679592899067], [68.860778180169, 28.16570108886573], [68.92036956499345, 28.101300200679376]]]}}, {"type": "Feature", "properties": {"na": "NA-36", "src": "commons-1997", "inset": false, "hex": "#228b22"}, "geometry": {"type": "Polygon", "coordinates": [[[73.4984326132667, 34.10310273306775], [73.50968125120154, 34.10342621109481], [73.51595166779663, 34.048595622695885], [73.5903891581278, 33.940767977220354], [73.59120181012813, 33.8748056114658], [73.56951962975377, 33.80817892741099], [73.59813374653314, 33.77054510534128], [73.60431779514803, 33.72674913749814], [73.576742000196, 33.68193903054271], [73.57702307614889, 33.65995728226547], [73.60551768007639, 33.63333327765468], [73.64029011217134, 33.55744376057649], [73.61850280417285, 33.501817152385364], [73.64138545216127, 33.475043751357546], [73.60797378382615, 33.4465357156618], [73.58633046902358, 33.3799196594578], [73.51807354644745, 33.42728207255323], [73.42247500339367, 33.40786702905225], [73.348536809351, 33.45511649315323], [73.2018956589717, 33.44521980198868], [73.27948780929248, 33.56306222784683], [73.27848872152387, 33.64555842704484], [73.2951415128802, 33.66805635303942], [73.32903602740274, 33.663553825864405], [73.35661962078125, 33.713878792114265], [73.32260420764322, 33.72938361774187], [73.25981424762358, 33.79358328598136], [73.15215705466831, 33.834516921143035], [73.18575122355311, 33.8574979772084], [73.24213763300202, 33.85911582626004], [73.27551601321103, 33.89860204604417], [73.33186346354043, 33.90022530658584], [73.387481618814, 33.962359024148505], [73.39804018686496, 34.0231900280977], [73.4984326132667, 34.10310273306775]]]}}, {"type": "Feature", "properties": {"na": "NA-140", "src": "commons-1997", "inset": false, "hex": "#228b22"}, "geometry": {"type": "Polygon", "coordinates": [[[70.68850888301432, 30.988157489844514], [70.72332294654238, 30.972639144513316], [70.79245369789281, 30.98578666809086], [70.8973341923071, 30.895140177634232], [71.03005540982426, 30.888233622125043], [71.09329987450589, 30.901253761768462], [71.11038158571304, 30.918343296434774], [71.15075804614472, 30.914097312571517], [71.162808820717, 30.870345349590306], [71.1519654493479, 30.814838210494905], [71.18103267697967, 30.793701073541875], [71.15895467912516, 30.715776716811213], [71.18838198663461, 30.667088457379272], [71.18873234387674, 30.639526742132468], [71.10806107158278, 30.636922994040766], [71.0512376915371, 30.56890214742197], [71.06325683158393, 30.530678758990234], [70.94821812578398, 30.49938595741932], [70.84396450308282, 30.523641171382312], [70.6939431845888, 30.50232925533046], [70.69304497922164, 30.579599702879563], [70.65786188315282, 30.622677642119896], [70.62305458683876, 30.63264222900284], [70.6340586327874, 30.682690233758958], [70.6571142698628, 30.68892579894035], [70.67420192038308, 30.711545207924402], [70.67389324599911, 30.739149732187858], [70.65631491400924, 30.760701037601123], [70.69638597866701, 30.795071313604083], [70.6902441457238, 30.828021298848586], [70.65558679341581, 30.826961013692866], [70.68945951186865, 30.899802390568347], [70.68850888301432, 30.988157489844514]]]}}, {"type": "Feature", "properties": {"na": "NA-193", "src": "commons-1997", "inset": true, "hex": "#e1ae00"}, "geometry": {"type": "Polygon", "coordinates": [[[67.29738786521155, 25.05804821253653], [67.29663324534937, 25.04969500302458], [67.28663826057428, 25.030152351112125], [67.27740078513895, 25.017571516965642], [67.27514270450764, 24.989729104937826], [67.26513616182211, 24.975752020009303], [67.25741370506634, 24.97709482139475], [67.24893951792602, 24.968693021522267], [67.24122284012547, 24.96725303941575], [67.23736016700879, 24.968620135981464], [67.23580180616513, 24.97556737663927], [67.22885419561479, 24.975523645314787], [67.22269009970269, 24.96991920604243], [67.22348228277374, 24.960184322856605], [67.21808725411186, 24.95597613436628], [67.19260112418354, 24.961381353160444], [67.18253968142346, 24.973840711405593], [67.1879144837421, 24.987788642117795], [67.19716351708787, 24.99480390928035], [67.20023689661109, 25.00178030415448], [67.20174324685783, 25.01987811492436], [67.20944836674796, 25.02688366401481], [67.21405121233877, 25.040826735690956], [67.21791099597785, 25.040851030871224], [67.21946935682152, 25.03390379021342], [67.22565656855447, 25.028377095517918], [67.23567755862803, 25.035397221716526], [67.23951133696865, 25.047944042610638], [67.24877770718004, 25.046610959297297], [67.25265771716236, 25.036895512255686], [67.26346222187416, 25.03835493050642], [67.27653925460532, 25.06069980205505], [67.27729965342272, 25.066270228075034], [67.2819227253568, 25.070473557529304], [67.28268312417417, 25.076043983549287], [67.29117753765775, 25.074706041199892], [67.29351652366205, 25.06358948434019], [67.29738786521155, 25.05804821253653]]]}}, {"type": "Feature", "properties": {"na": "NA-187", "src": "commons-1997", "inset": true, "hex": "#e1ae00"}, "geometry": {"type": "Polygon", "coordinates": [[[67.15058606043434, 25.11973762425558], [67.15985820960093, 25.115621757450278], [67.16832661778605, 25.126806340814728], [67.17759009851983, 25.12686464924737], [67.18069815177435, 25.117144343169706], [67.19150843544136, 25.115820977928472], [67.19157489342632, 25.08381896777087], [67.19389654256497, 25.081050761387065], [67.19547224027428, 25.06575517025336], [67.20782643739695, 25.064441523084234], [67.2132532503125, 25.053344402368747], [67.21097783281554, 25.03385034081683], [67.2001964439246, 25.021259788598236], [67.19869009367784, 25.003161977828356], [67.19484764690442, 24.99478933217219], [67.19021879601513, 24.99336878620989], [67.18328852233043, 24.984976704409508], [67.1778732673253, 24.990508258141066], [67.17707241582141, 25.00441731656484], [67.17397880995495, 25.00718066391259], [67.17242044911127, 25.014127904570397], [67.16393470406052, 25.011291671681843], [67.16083820871644, 25.015446410775578], [67.16314252098947, 25.021026554867667], [67.16156393380254, 25.037713537747354], [67.15769548173066, 25.041863417805033], [67.1399404769909, 25.0417516599758], [67.13607202491899, 25.045901540033483], [67.13682375530357, 25.055646141291415], [67.12985302893239, 25.066733543934795], [67.1406170809577, 25.087672446629284], [67.14673494522808, 25.115539153837368], [67.15058606043434, 25.11973762425558]]]}}, {"type": "Feature", "properties": {"na": "NA-34", "src": "commons-1997", "inset": false, "hex": "#a6caf0"}, "geometry": {"type": "Polygon", "coordinates": [[[70.77375528406301, 33.15299288959884], [70.80839003782555, 33.120625145858654], [70.72280753710183, 33.04099416690619], [70.63120174033291, 32.99443169792105], [70.51629501337642, 32.986077284227996], [70.45869639591712, 33.00130008787165], [70.4473547346194, 32.97332065028295], [70.41865702875987, 32.96154328102032], [70.42450654899521, 32.945061399482455], [70.40155677992377, 32.93342237083624], [70.40168571829089, 32.9112602670476], [70.41898053481437, 32.90613990711713], [70.34461212392482, 32.82675002318408], [70.3333572797397, 32.782143159100954], [70.31035321237577, 32.7760387938193], [70.29896379162159, 32.75359323569255], [70.32227010682641, 32.70983438107055], [70.31695042579625, 32.63767098072955], [70.32850752768988, 32.63241766838075], [70.34037981139724, 32.57731187524447], [70.410093569838, 32.49044669717576], [70.42187837263285, 32.4519808487488], [70.38738647983547, 32.440022713057594], [70.36478941510737, 32.37298474314949], [70.27295095782567, 32.30970367622725], [70.25583308864329, 32.281568627417634], [70.20985959519555, 32.25269231290462], [70.1463285896746, 32.25661003713751], [70.07168529483195, 32.18821628147201], [70.01979004597374, 32.1702715247827], [69.97386634264876, 32.11922440128699], [69.96195404313197, 32.17435020023598], [69.97341193227474, 32.191268217005195], [69.95593306552774, 32.21300097030974], [69.967121947882, 32.27425957294119], [69.94968337652803, 32.29045610189409], [69.96669225449475, 32.346318887900495], [69.94922725712014, 32.36806411448979], [69.94906744367523, 32.39578313323002], [70.02958385439345, 32.458752398163334], [70.08751720159871, 32.42692577574242], [70.23121374172007, 32.51917638362719], [70.20187612145901, 32.60157446207521], [70.1896983176235, 32.71212968523611], [70.22954112991404, 32.801786125104655], [70.25831779670078, 32.808025646888936], [70.2811705739034, 32.84183502736857], [70.30993474492617, 32.848074180252375], [70.35004693141593, 32.88229904473978], [70.34403730267738, 32.92648985810178], [70.37256370699735, 32.971514259987444], [70.3666541204453, 32.999083385178274], [70.48115601170683, 33.096039976719304], [70.56726650610813, 33.11473437358613], [70.63028759469981, 33.14395677700773], [70.64183900305159, 33.133158527954066], [70.69351265776693, 33.134416136595036], [70.73929252540844, 33.15768618018665], [70.77375528406301, 33.15299288959884]]]}}, {"type": "Feature", "properties": {"na": "NA-172", "src": "commons-1997", "inset": false, "hex": "#484848"}, "geometry": {"type": "Polygon", "coordinates": [[[68.91414175536983, 25.36139751369357], [68.9792677409923, 25.36405399139808], [68.98698646878546, 25.265122724102696], [69.05322121714966, 25.20721767940483], [69.08291767584805, 25.202937983534227], [69.18559308543134, 25.097018067240892], [69.26819009015412, 25.111516536570438], [69.30473830903495, 25.05798421671619], [69.24677585441913, 24.99493779272606], [69.15273214838692, 24.957898688603063], [69.16489140428696, 24.941886940276557], [69.11837967800943, 24.89584200016358], [69.13065098212603, 24.874326633560827], [69.1196646744161, 24.829788229622675], [69.11341982096877, 24.84604921038401], [69.08994070201523, 24.83403268071418], [69.10835587726442, 24.801762286547426], [69.10275502672805, 24.784997021941145], [69.0210804709581, 24.715403466535907], [69.00329542051198, 24.71464545919499], [68.99090365099865, 24.741668063104463], [68.9611515198752, 24.745915209184844], [68.94293854469743, 24.767186771243033], [68.8774874936822, 24.775445916940065], [68.85344506405141, 24.790970649625944], [68.85302915069121, 24.813003195946067], [68.88216754803989, 24.841788679503146], [68.86947736349244, 24.885357316197204], [68.82775281523423, 24.894640602715857], [68.81537751286902, 24.92169310922061], [68.78571541554369, 24.920459883394045], [68.74950828625882, 24.952046234236704], [68.77263600516001, 24.986091881585317], [68.76016878358377, 25.01866711728811], [68.82923188023938, 25.13732543676148], [68.80521986897276, 25.152885407302925], [68.75788253139922, 25.145431670529817], [68.69769019015723, 25.19262734484868], [68.70333012747098, 25.20940788252941], [68.74484408652363, 25.211095220063807], [68.76214369444051, 25.239381644552946], [68.79158917468588, 25.251612193873182], [68.80858786427842, 25.29643278248283], [68.83782522059154, 25.319684929779516], [68.84996887382505, 25.303631549781795], [68.87968881767436, 25.29932723141258], [68.92075430107379, 25.32306291238793], [68.92628069558305, 25.345347427356803], [68.91414175536983, 25.36139751369357]]]}}, {"type": "Feature", "properties": {"na": "NA-67", "src": "commons-1997", "inset": false, "hex": "#228b22"}, "geometry": {"type": "Polygon", "coordinates": [[[72.57228750249224, 31.72560628614989], [72.61214478485057, 31.726919970132737], [72.58960534688644, 31.709675997847334], [72.58984083787463, 31.693183493565567], [72.60708119403036, 31.682754052367933], [72.590392590995, 31.654702362489754], [72.60771503625803, 31.63877854362001], [72.73368225302941, 31.593508470573358], [72.78580430132797, 31.534808629700027], [72.85992429862075, 31.526343831986058], [72.89472694404665, 31.483581383940827], [72.94047332598005, 31.468677329127726], [72.91238840141754, 31.44573331911427], [72.83481489525875, 31.31119738894957], [72.80600988376005, 31.33217624123016], [72.73777231285744, 31.324326941008625], [72.72689270275741, 31.29097941883411], [72.67638581499511, 31.239776518959104], [72.67102805262807, 31.217608231789715], [72.60900466315276, 31.17149766646082], [72.58619553470018, 31.17071113211996], [72.58594201758021, 31.187192942797964], [72.5284899927726, 31.212709305491884], [72.50509290417409, 31.250398749878382], [72.44200643028157, 31.270254806470273], [72.38999848067671, 31.312503496520744], [72.38333576136577, 31.378291490963516], [72.34291272371487, 31.40995567924752], [72.29007403057747, 31.512764680350013], [72.33519485559624, 31.552766163429624], [72.50525502378439, 31.62988498673122], [72.55020865253185, 31.675374084185446], [72.57228750249224, 31.72560628614989]]]}}, {"type": "Feature", "properties": {"na": "NA-70", "src": "commons-1997", "inset": false, "hex": "#228b22"}, "geometry": {"type": "Polygon", "coordinates": [[[72.08943017918607, 31.142889047927227], [72.13009903680286, 31.100216987118962], [72.09005305950268, 31.098877890979825], [72.0673987445184, 31.081609691816897], [72.03274960484, 31.10247323330027], [72.00428291554779, 31.090517858920048], [72.0400324124345, 30.99262980697392], [72.00654193550609, 30.93096092827441], [72.0069369446365, 30.903454461439384], [72.05403625665569, 30.816998695781965], [72.05452258491141, 30.784000295498338], [71.98182461326746, 30.660455970403465], [72.00008996969397, 30.58955419815787], [71.96045026043497, 30.555172144199016], [71.95455081244482, 30.565973436744365], [71.93177467296383, 30.554182901062614], [71.88555764038267, 30.574606907007706], [71.8053799412314, 30.56085577691863], [71.75969182795296, 30.54278305354245], [71.74270375195344, 30.525688258454508], [71.7375194992845, 30.48697380970861], [71.70321339619782, 30.47479198754193], [71.66866046399856, 30.47912138932857], [71.64520254685539, 30.511364795479526], [71.58772706846636, 30.509422828287235], [71.60978952873434, 30.576258153905233], [71.63262017080721, 30.588040695098485], [71.6379025615754, 30.621263531966623], [71.6889026719246, 30.67254072159874], [71.73475800103384, 30.679587438680795], [71.74585021986162, 30.707492970042033], [71.80827268716997, 30.75914601568003], [71.80214732905334, 30.78647088422436], [71.77927616959381, 30.78019858390791], [71.79579318398142, 30.830309582732916], [71.74362708486613, 30.86712422455048], [71.7830250073993, 30.923503887885264], [71.78249710640767, 30.96203892518283], [71.74741567665767, 31.010457957479424], [71.71742107143004, 31.10864223753563], [71.78078499117906, 31.088667639893973], [71.80283093137848, 31.155487825084464], [71.89412805177116, 31.186002690994325], [71.99161260543484, 31.178186366295037], [72.00336413267969, 31.156551108231053], [72.0551780345609, 31.136246301269495], [72.08943017918607, 31.142889047927227]]]}}, {"type": "Feature", "properties": {"na": "NA-188", "src": "commons-1997", "inset": true, "hex": "#e1ae00"}, "geometry": {"type": "Polygon", "coordinates": [[[67.12908685115978, 25.063945901406775], [67.13528273132555, 25.054245031473325], [67.13453100094098, 25.044500430215393], [67.13685553955723, 25.040340832085604], [67.14612479924624, 25.037616357026284], [67.15692930395805, 25.039075775277016], [67.16079775602994, 25.034925895219335], [67.16004602564537, 25.025181293961403], [67.16159571805622, 25.022408228541543], [67.15928562682798, 25.019610867941417], [67.1592971847384, 25.014045300957488], [67.16316852628792, 25.008504029153823], [67.17165427133867, 25.011340262042378], [67.17243778597691, 25.005779554094502], [67.17553139184339, 25.00301620674675], [67.17633224334728, 24.989107148322976], [67.18329430128564, 24.982193920917545], [67.18022959019524, 24.97104335080547], [67.17484322996617, 24.962660987077196], [67.16097112468636, 24.95144239046037], [67.14939755272434, 24.948586721427606], [67.13629451469471, 24.938764375592815], [67.13091104394326, 24.92899062011856], [67.13325002994756, 24.91787406325886], [67.13171478492475, 24.913690169948808], [67.13017087146913, 24.9136804518767], [67.12628797200918, 24.924787290664295], [67.12397210182574, 24.92477271355613], [67.12243685680293, 24.920588820246074], [67.12010942870906, 24.926139810121846], [67.12086982752645, 24.93171023614183], [67.11777333218237, 24.935864975235564], [67.11539678296917, 24.96506962479304], [67.11074481625904, 24.974780212798596], [67.10991218050148, 25.00399458042818], [67.10836248809063, 25.006767645848036], [67.11144164656908, 25.0109612572302], [67.11064657402041, 25.022087532162008], [67.10369029503725, 25.026217976075475], [67.11755373188426, 25.041610747930246], [67.12908685115978, 25.063945901406775]]]}}, {"type": "Feature", "properties": {"na": "NA-37", "src": "commons-1997", "inset": false, "hex": "#228b22"}, "geometry": {"type": "Polygon", "coordinates": [[[72.93372701567509, 33.17857617570355], [72.94997429329761, 33.23960804874193], [73.00607512480245, 33.27980548022393], [73.0168549957058, 33.324156817311405], [73.08448731718136, 33.342677611412284], [73.12922036115573, 33.38252975504116], [73.13453488000827, 33.41020110523958], [73.11154247593022, 33.44253711738576], [73.12250953282933, 33.470377521419806], [73.20774343592059, 33.42888891903282], [73.34303549188147, 33.44395118834266], [73.41697894840738, 33.39670300185417], [73.52955898546921, 33.41114442507822], [73.56387253802033, 33.373728849134885], [73.58647818834743, 33.368933218491506], [73.58670025465062, 33.35245385252384], [73.62664957987035, 33.31523379050503], [73.62732854619622, 33.2658059165095], [73.57136643631748, 33.236578248316754], [73.56603227983327, 33.21443168419209], [73.5431878566243, 33.235696420160785], [73.47004691189159, 33.222424050580216], [73.41328100005829, 33.24814862750286], [73.38543708267396, 33.2198010122646], [73.38572825217854, 33.197819867555], [73.35758549964957, 33.1914517463653], [73.38111174030917, 33.120714934317526], [73.3365407612346, 33.07534802646288], [73.26877125885936, 33.07324145007788], [73.18373225586501, 33.09261348437059], [73.13886692053045, 33.06373490952475], [73.1158994185579, 33.090534776265926], [73.09321203279319, 33.095343355530794], [73.05990598717989, 33.04481445315708], [73.00823077708576, 33.10376651571809], [72.95730323845801, 33.10222922203339], [72.93372701567509, 33.17857617570355]]]}}, {"type": "Feature", "properties": {"na": "NA-63", "src": "commons-1997", "inset": false, "hex": "#228b22"}, "geometry": {"type": "Polygon", "coordinates": [[[75.61580706201121, 30.70893158721314], [75.62741428132527, 30.6930957363946], [75.61729898895952, 30.649070727759337], [75.70840932729162, 30.593172369025524], [75.7429707109185, 30.55658729016381], [75.73778920820575, 30.540021205315494], [75.59573319288238, 30.39210628957683], [75.5753881472587, 30.30950337418161], [75.54859614136933, 30.259288190563215], [75.5605149135652, 30.232591276728222], [75.49429201116615, 30.186050848822514], [75.37650496016319, 30.17534232927766], [75.32169052859614, 30.118414676129703], [75.21228711295683, 30.21712614339817], [75.16462530985314, 30.324078769474696], [75.33480554134287, 30.495041320162155], [75.37209570282911, 30.578426978023227], [75.4221891920472, 30.59695535000151], [75.53791650047076, 30.683738181280912], [75.61580706201121, 30.70893158721314]]]}}, {"type": "Feature", "properties": {"na": "NA-113", "src": "commons-1997", "inset": false, "hex": "#228b22"}, "geometry": {"type": "Polygon", "coordinates": [[[74.19549187561844, 30.76431468815882], [74.18475545426367, 30.736538254418342], [74.2480605932328, 30.6843744911571], [74.25428698568804, 30.657282028728982], [74.30018308195538, 30.626323880639095], [74.24425636647901, 30.596727478632026], [74.2504890664829, 30.56963907548956], [74.21750086850112, 30.524561194441688], [74.18334093659615, 30.534118036582296], [74.11095590683271, 30.47650890756002], [74.11153328767848, 30.44918552443049], [74.08866468908187, 30.4592020138903], [74.07803598759246, 30.42595563732426], [74.01124029147933, 30.368561444698603], [74.02302933513172, 30.347156990341063], [73.94451628865221, 30.3056940019927], [73.92150193382992, 30.32118041583388], [73.88749034934698, 30.31981375477492], [73.85392499662211, 30.296578786949674], [73.79153370145939, 30.294080933810168], [73.74659094933979, 30.27039277644875], [73.7232186065673, 30.302305535558045], [73.75069951120125, 30.347190520893584], [73.75025430714322, 30.369069441193496], [73.69885444067887, 30.383460122049392], [73.72089057628149, 30.41717963812653], [73.72012093380042, 30.455474866611315], [73.67375045325007, 30.502938133145992], [73.60553964612474, 30.50575547322261], [73.55359178298427, 30.54756354615206], [73.55285015487335, 30.585883760029358], [73.64387106917734, 30.578447748584555], [73.67748077768651, 30.601659835180705], [73.705839929339, 30.60276181536208], [73.75163813170222, 30.582643429592956], [73.84788767946532, 30.591889500988167], [73.89843394715673, 30.615772670548903], [73.9429639833453, 30.65583864458691], [74.02198710842605, 30.669901686017706], [74.04949534399952, 30.70929197505922], [74.05958286193825, 30.769880516962825], [74.08187080304108, 30.787173733304023], [74.08142619418891, 30.809043557487353], [74.09872294943602, 30.793309271765967], [74.12676750749043, 30.805357783380714], [74.15005124992166, 30.77345255429741], [74.19549187561844, 30.76431468815882]]]}}, {"type": "Feature", "properties": {"na": "NA-21", "src": "commons-1997", "inset": false, "hex": "#228b22"}, "geometry": {"type": "Polygon", "coordinates": [[[72.24817143943928, 35.16289459253839], [72.26526658954734, 35.141171854530086], [72.3275484755714, 35.12601366180703], [72.3675698141067, 35.05510172063559], [72.36786140308286, 35.01090734040911], [72.39061603129298, 34.98934121195599], [72.46410512498642, 34.985549687262626], [72.48658263569007, 35.00265150272207], [72.53175766956235, 35.00372370624014], [72.5489328236349, 34.97100043676098], [72.53804070138199, 34.91552090024817], [72.55510326933823, 34.899367381566044], [72.53346205586311, 34.77185643180212], [72.49997914578077, 34.715827787147994], [72.48298171335249, 34.72093282285873], [72.44366041327494, 34.68684251123489], [72.41530533160912, 34.69719454824986], [72.32532238573253, 34.62321027752099], [72.23510314636748, 34.57130658190055], [72.20115862791904, 34.56496029262636], [72.18994696655847, 34.548115151864316], [72.16728388599773, 34.54756735940294], [72.11045885051509, 34.568303167522046], [72.08756017124145, 34.600914487868174], [72.10415440345265, 34.66210185171179], [72.18879186927697, 34.71384453159522], [72.18834620422949, 34.780146211675465], [72.10269678937209, 34.888696283294976], [72.13087312577382, 34.911458112189024], [72.13066807772945, 34.94462209998788], [72.16442784785059, 34.978565303562526], [72.16415727248653, 35.02278377367664], [72.18662351140232, 35.050936951672995], [72.18642329040658, 35.08410150206783], [72.16359610716465, 35.11675639465299], [72.18047057682917, 35.13372337610157], [72.20878529118515, 35.12883463701213], [72.23120859418061, 35.16251091229538], [72.24817143943928, 35.16289459253839]]]}}, {"type": "Feature", "properties": {"na": "NA-49", "src": "commons-1997", "inset": false, "hex": "#228b22"}, "geometry": {"type": "Polygon", "coordinates": [[[72.99721405130221, 31.84420823318917], [72.98602419542173, 31.83284171574676], [72.99203436994583, 31.81106519723926], [72.97483311303884, 31.82147493419858], [72.94083980356628, 31.814836037489737], [72.9176270875944, 31.847032100585288], [72.90058519538817, 31.84646220801559], [72.86706385465887, 31.80686665457335], [72.81014533006737, 31.810464610799606], [72.69143123896866, 31.757038906754815], [72.56643715116074, 31.73641505741848], [72.53873783316041, 31.68049652546661], [72.49940054570368, 31.640693916031417], [72.32933631286178, 31.56358044122671], [72.26724021372394, 31.512016978386765], [72.26100185867956, 31.55034092884163], [72.32895586275298, 31.591084308603488], [72.31709115991907, 31.623718798316652], [72.34561536998456, 31.624647972543492], [72.36820295824356, 31.641894253405855], [72.37330019047369, 31.686085700166394], [72.3271523137588, 31.723116582366714], [72.281444229715, 31.727147907830588], [72.22504143617091, 31.675786767523622], [72.1792991629159, 31.67982416314254], [72.21355207883397, 31.680923024170323], [72.27551867336028, 31.743472575692834], [72.27507962070611, 31.77648994779245], [72.29753030465609, 31.804734899550184], [72.27983971356194, 31.848213978680757], [72.29095678153213, 31.870590597207844], [72.28988226287976, 31.953146268675145], [72.34039849887284, 32.015306985314595], [72.34567055193982, 32.048508715095494], [72.36276302430639, 32.049046725688484], [72.37394344265702, 32.065915960494586], [72.42513191412212, 32.07303550421931], [72.49272768076507, 32.13021766318216], [72.52125389322835, 32.12561638399935], [72.53351143810994, 32.05996373721235], [72.57940335083408, 32.033918034453414], [72.56907054811359, 31.956554769676526], [72.59221221001903, 31.929794308647924], [72.62635303337224, 31.93090206846706], [72.6723258557482, 31.899397070112382], [72.70645219021448, 31.900514154249418], [72.81383592525474, 31.948032823383432], [72.8655294131119, 31.911256424412752], [72.8775359395185, 31.86767937252164], [72.91153958454342, 31.874309490954623], [72.95170526614257, 31.84817385161208], [72.99721405130221, 31.84420823318917]]]}}, {"type": "Feature", "properties": {"na": "NA-144", "src": "commons-1997", "inset": false, "hex": "#228b22"}, "geometry": {"type": "Polygon", "coordinates": [[[73.91303878671583, 30.184063892415267], [73.9202203101879, 30.113241343318244], [73.76387449068751, 29.986510538734755], [73.39072303773523, 29.867430968712796], [73.34571864204477, 29.83824480260405], [73.34638757336783, 29.805409845379963], [73.31187012092093, 29.820458963376627], [73.31690245360349, 29.853525151804604], [73.30528704063887, 29.864017381917584], [73.259921681856, 29.851255290045508], [73.19054001568972, 29.897818881356873], [73.20612840889923, 29.975151026085424], [73.18881552882682, 29.985431764279603], [73.1884940393462, 30.00186030265839], [73.24440116229722, 30.05885191799364], [73.24493815361015, 30.03147370367137], [73.27363575420148, 30.021642173179682], [73.29039792495963, 30.038739169779287], [73.28975018472532, 30.071589103912398], [73.30694106069731, 30.06678509427647], [73.33486710993813, 30.09527728048613], [73.36332751996511, 30.096396792165535], [73.40360046014554, 30.076073551909815], [73.4088533795289, 30.098191797006056], [73.40929079385819, 30.07629853882145], [73.42669003013488, 30.0605552085122], [73.44944778110421, 30.061457827400826], [73.4424412883592, 30.126905894339753], [73.45906706603641, 30.1494716646356], [73.53276360712091, 30.163340231743863], [73.56029947203604, 30.20824020892891], [73.59483546325913, 30.187706667642537], [73.61667290300977, 30.232376937915603], [73.63349108351787, 30.24399474737201], [73.67914401687838, 30.234859765531645], [73.70663715538618, 30.279749106823296], [73.74114026196614, 30.259227884668455], [73.79743227871556, 30.283370637379218], [73.82590816347405, 30.27903818795181], [73.88364864695136, 30.232113432524237], [73.91303878671583, 30.184063892415267]]]}}, {"type": "Feature", "properties": {"na": "NA-141", "src": "commons-1997", "inset": false, "hex": "#228b22"}, "geometry": {"type": "Polygon", "coordinates": [[[70.80483304168806, 29.13258857880599], [70.92049123897775, 29.15323230390181], [71.01197314544244, 29.233619262048496], [71.02959108562395, 29.217724722118202], [71.05274257553087, 29.21855385542095], [71.0698494105599, 29.235689421785544], [71.06934196021693, 29.268716389271482], [71.0808292262662, 29.274634679776508], [71.09265423117344, 29.25853591923481], [71.11000958667373, 29.25915819128327], [71.15007067191854, 29.288129631918352], [71.20262635203642, 29.25698557817835], [71.29492943376037, 29.27133761186226], [71.30657301980136, 29.266256405727436], [71.31296793085811, 29.227961878811772], [71.33047877763144, 29.217593905701058], [71.37091727739106, 29.219073404209578], [71.38797642836246, 29.236206578289824], [71.45167328248937, 29.22754142174684], [71.49712564648472, 29.273226341325287], [71.57222142855127, 29.27049708284077], [71.60170664644646, 29.233092123711394], [71.58505014733906, 29.193976099882786], [71.631757391783, 29.162726070893264], [71.63203916648754, 29.146241061436083], [71.61492164922198, 29.134602370045272], [71.53413704614216, 29.13158291816713], [71.4430485770099, 29.051184165679043], [71.25846166015056, 29.022333394402345], [71.2072101601344, 28.970911709807183], [71.15521841139557, 28.963492687285086], [71.1027667780244, 28.983588097808035], [71.0680271104089, 28.98231834753622], [71.04538844260405, 28.94845595460427], [71.01063336593255, 28.94718736474728], [70.99878572315917, 28.96327571995539], [70.97561084241585, 28.96243310149003], [70.91306837260906, 28.883056591855592], [70.85968660879442, 28.958237483717753], [70.82455595062152, 28.979009904606464], [70.8411955357895, 29.029192119919323], [70.86967789770952, 29.063268581426765], [70.85750064476485, 29.10140012455607], [70.80483304168806, 29.13258857880599]]]}}, {"type": "Feature", "properties": {"na": "NA-148", "src": "commons-1997", "inset": false, "hex": "#228b22"}, "geometry": {"type": "Polygon", "coordinates": [[[70.55352512267424, 28.467785555685374], [70.55387022542122, 28.445757358884048], [70.50775745753873, 28.416515919101144], [70.49706792721636, 28.35550795020721], [70.39329448943212, 28.285565846014503], [70.39980962476884, 28.241714642885036], [70.38859082114088, 28.21374565245886], [70.3538879170632, 28.195933079789505], [70.28393894879922, 28.193363080465954], [70.24852946920669, 28.219632305700845], [70.21353875851018, 28.218356532516857], [70.18487744742887, 28.18422927519236], [70.18529867107249, 28.15667526254455], [70.16212790651801, 28.144801696137126], [70.12110828195432, 28.15433637422448], [70.10918487142645, 28.170447833312785], [70.06256634129794, 28.16324298702712], [70.0387183083146, 28.195477065607296], [70.05006817173225, 28.2179507889976], [70.02638881747819, 28.23916488809385], [70.0259838603112, 28.26673408338662], [69.98471068566676, 28.292844841358633], [69.984311846874, 28.320419125636434], [70.00742614078099, 28.33779483593277], [70.04157053624924, 28.39970141030146], [70.04109461254995, 28.43278981391094], [70.01144514446503, 28.464849548334495], [69.95300033207842, 28.468311279107567], [70.06356349078963, 28.494279169111703], [70.09784981069664, 28.54514789534701], [70.14425702166236, 28.563337950399333], [70.12046574932712, 28.59560232532249], [70.21387654804961, 28.58786778843376], [70.22505074681665, 28.62136005262007], [70.26574611324119, 28.628317395944677], [70.30036605948114, 28.65160701031533], [70.36530075676461, 28.593261720356427], [70.36645460208408, 28.516112627234946], [70.38417068534869, 28.500211772354024], [70.51810883631914, 28.499556306340207], [70.55352512267424, 28.467785555685374]]]}}, {"type": "Feature", "properties": {"na": "NA-174", "src": "commons-1997", "inset": false, "hex": "#484848"}, "geometry": {"type": "Polygon", "coordinates": [[[68.907412969609, 25.74726728061593], [68.93107509621176, 25.74820730030762], [68.9670362258045, 25.722055441716844], [69.11463439628918, 25.739000074830802], [69.14456625409763, 25.718149190191586], [69.15155264199996, 25.65778138550248], [69.17587918602709, 25.620177134783013], [69.26468655083218, 25.61277591612715], [69.31375731418326, 25.515597453347038], [69.30215036607629, 25.50409773730833], [69.30867191957326, 25.47130644652897], [69.338821590385, 25.439498572156964], [69.3226605919341, 25.356187294194406], [69.38246463846727, 25.320129739877455], [69.38278170526435, 25.30361919911282], [69.30175384982526, 25.212082782521108], [69.19491222252398, 25.2296445294937], [69.17758441579863, 25.20688025901607], [69.17820932384961, 25.173845308749144], [69.14883722024747, 25.16159644576684], [68.99872670972185, 25.271119129659116], [68.98340866211115, 25.463481893180482], [68.92296046038942, 25.532735695732246], [68.91035358266237, 25.576358282290084], [68.92591473384226, 25.703865152453016], [68.89576816528388, 25.73576982164631], [68.907412969609, 25.74726728061593]]]}}, {"type": "Feature", "properties": {"na": "NA-151", "src": "commons-1997", "inset": false, "hex": "#484848"}, "geometry": {"type": "Polygon", "coordinates": [[[69.09519927816763, 27.76444140482118], [69.14251608108907, 27.743988428275554], [69.17332728518664, 27.64007962048095], [69.22721775136917, 27.57017314535241], [69.2097407937679, 27.55850030587807], [69.20997286809538, 27.54193551158363], [69.233638254871, 27.531734415001917], [69.22203912623318, 27.520270832918424], [69.1459186010207, 27.495449353202574], [69.14622741485104, 27.473360851935823], [69.19977560451225, 27.431088888388732], [69.15947338887888, 27.36887345195094], [69.03032192130756, 27.342129364923842], [69.01289067480013, 27.324927258301162], [69.00793189742261, 27.258441136627397], [68.96701194601899, 27.234865572402448], [68.87870013223201, 27.22617070073688], [68.87831916493266, 27.25379345232193], [68.79504043070749, 27.306115117732727], [68.78782026847223, 27.405387821444638], [68.7462639367891, 27.426052680473365], [68.72203566307348, 27.474984882326673], [68.6984507683592, 27.474165822518824], [68.68054822544342, 27.49014008441328], [68.66229655874696, 27.53376599636613], [68.82136753337751, 27.54480651384269], [68.86784133260944, 27.596192504950746], [68.87882971080334, 27.657401778649117], [68.9545578317737, 27.72085168498265], [69.0304517860241, 27.76771539691736], [69.05433640339864, 27.74090581633523], [69.09519927816763, 27.76444140482118]]]}}, {"type": "Feature", "properties": {"na": "NA-46", "src": "commons-1997", "inset": false, "hex": "#228b22"}, "geometry": {"type": "Polygon", "coordinates": [[[73.6281175704571, 32.81542595549438], [73.57340844652425, 32.69831690690776], [73.54567650662482, 32.66445742464333], [73.49526801398459, 32.63534374343756], [73.41061582988127, 32.62708353294981], [73.32089230167193, 32.57471737135944], [73.16263873073252, 32.55861068014637], [73.10089538075134, 32.51814750355689], [73.02143753459497, 32.526602562244705], [72.98781219732737, 32.498036475574764], [72.93127320921742, 32.485239245186804], [72.8639564445083, 32.42810032377524], [72.80758046617841, 32.39880862135188], [72.66576446518626, 32.383335186244565], [72.65418746665073, 32.39948289479553], [72.64113485846298, 32.53117509130345], [72.73737702231588, 32.55617185240674], [72.7652573195771, 32.59555977931086], [72.78795276863117, 32.59626453805934], [72.81660371595045, 32.57514695508621], [72.86764993875546, 32.57674340639573], [72.89578341292412, 32.59412919737445], [72.94680126134422, 32.59573241665722], [72.99191447320335, 32.61365458639434], [73.01413209651011, 32.64735347643861], [73.09945197553431, 32.62256027943191], [73.18894698897526, 32.70237562801318], [73.20607011930542, 32.69192672032432], [73.31908791698339, 32.70104181360301], [73.33557830618057, 32.734543427947116], [73.267210869123, 32.77082939721086], [73.30654993665725, 32.78857146862267], [73.28921337508912, 32.81550122271033], [73.31136307621352, 32.84918300636476], [73.32854261334391, 32.83324021838357], [73.36251712248352, 32.828827058567285], [73.36862894645124, 32.79605054526128], [73.39695091149677, 32.79146370251534], [73.45248561904971, 32.859179390763835], [73.45209716779702, 32.886638805444726], [73.48572924301875, 32.90419799479562], [73.5877544680883, 32.87452386952382], [73.5883940709751, 32.830607334873946], [73.60555734403263, 32.81469027802811], [73.6281175704571, 32.81542595549438]]]}}, {"type": "Feature", "properties": {"na": "NA-118", "src": "commons-1997", "inset": false, "hex": "#228b22"}, "geometry": {"type": "Polygon", "coordinates": [[[71.82178622988353, 29.516186932514067], [71.83422715513768, 29.46167132494311], [71.80618992829953, 29.41664911624196], [71.81241598924935, 29.38939393269632], [71.80127500788531, 29.366989089168314], [71.73187751156115, 29.38089993317846], [71.71515016263828, 29.34728802000879], [71.61753237320936, 29.321672841904064], [71.57203814241927, 29.281490644382817], [71.49117378595017, 29.28401010180773], [71.44571937725412, 29.238325847291918], [71.38202246687906, 29.246994101158137], [71.36496254914488, 29.229861176476387], [71.33607872634272, 29.228805283000717], [71.31848076232909, 29.24467407638349], [71.31804009711372, 29.272177290568987], [71.25973547523004, 29.30309078230361], [71.29974637103429, 29.332060901389138], [71.31069127368754, 29.370988592153214], [71.29198713956788, 29.458397708869796], [71.27440505465428, 29.474286095617256], [71.30268458552024, 29.513835903333074], [71.29657148032075, 29.535641225109252], [71.41123513721212, 29.589278824304188], [71.45643532164408, 29.65144167458065], [71.4385390329155, 29.689335709204215], [71.49042942762868, 29.691183508028058], [71.52458383820311, 29.719921136897806], [71.5598506210536, 29.677156998912153], [71.600182471252, 29.67860624072917], [71.62933643360564, 29.657649206943116], [71.6522874396446, 29.663980011190837], [71.67603445242726, 29.62083193954548], [71.65938008788702, 29.581721000997085], [71.67170894239202, 29.532665893692073], [71.82178622988353, 29.516186932514067]]]}}, {"type": "Feature", "properties": {"na": "NA-66", "src": "commons-1997", "inset": false, "hex": "#a6caf0"}, "geometry": {"type": "Polygon", "coordinates": [[[72.98438040650477, 31.942691800502377], [73.01876391955436, 31.921860565070542], [73.0983678079148, 31.91354901936615], [73.16117892256428, 31.888210074539728], [73.19588496552281, 31.8454553232185], [73.2022443688666, 31.801740334098746], [73.2539720407225, 31.759594821936883], [73.17012199650897, 31.67982592829379], [73.1372977549266, 31.601813217327418], [73.08148568911422, 31.53947095215647], [73.00789888990847, 31.5204446423305], [72.94030067652997, 31.47965803207954], [72.90024249712592, 31.494759198422283], [72.86544246501144, 31.537522196434093], [72.79132739446098, 31.54598834401585], [72.73920921816656, 31.604689020161256], [72.60170312924849, 31.660577098643774], [72.61838974556623, 31.688628263848408], [72.60107202214839, 31.70455458105259], [72.63483697900394, 31.733169234005015], [72.71426871036043, 31.752297584775924], [72.8159912612614, 31.799664619529274], [72.87290956131307, 31.79606934166849], [72.9064291565772, 31.835665225995243], [72.93532444144407, 31.80365966508717], [72.96931993256119, 31.81029920466228], [72.99787911634513, 31.800273407330987], [73.00848562042118, 31.850082594841567], [72.95721989716486, 31.85934982516512], [72.91705705658943, 31.885486150864814], [72.95681018744811, 31.886814081817583], [72.9791937844584, 31.90954518994005], [72.96743149640112, 31.93663068586654], [72.98438040650477, 31.942691800502377]]]}}, {"type": "Feature", "properties": {"na": "NA-104", "src": "commons-1997", "inset": false, "hex": "#228b22"}, "geometry": {"type": "Polygon", "coordinates": [[[73.93566437231428, 31.942677053804672], [73.9138596155769, 31.898045728197364], [73.94265367910246, 31.866196736208305], [73.92553102058282, 31.876541217769432], [73.87482722872626, 31.86923788330242], [73.858463682401, 31.835760696641856], [73.87042955791554, 31.797821476529055], [73.83128165427219, 31.77448464305538], [73.8319559116915, 31.736138198362454], [73.90011989878404, 31.71668568663749], [73.92904062009173, 31.67938050648806], [73.87870506501687, 31.65014307179354], [73.90228708354057, 31.59620785081714], [73.86313646794504, 31.572853000770035], [73.834586442706, 31.588248566603394], [73.78946758259644, 31.581121188299253], [73.7787476727314, 31.547843709472517], [73.79600324813188, 31.532031829147943], [73.79064482062353, 31.515393599611976], [73.73438811156491, 31.496892604117644], [73.6787885992024, 31.440044602035766], [73.64424770163762, 31.47167904216489], [73.60539507910465, 31.42640348320448], [73.58284170308283, 31.42010019959222], [73.50834943882982, 31.46676018948844], [73.54176434362597, 31.50087092834676], [73.54138506138281, 31.522795021274167], [73.51231603254679, 31.56563145225001], [73.48381068685997, 31.575584322110554], [73.50581221468235, 31.614768104294857], [73.43756876227228, 31.62880358405186], [73.40878469754793, 31.655222028941537], [73.40832960731079, 31.68264320473524], [73.3567951390195, 31.713764193036763], [73.35652624783171, 31.73022048660797], [73.46881175272682, 31.794514592458224], [73.58792895982154, 31.782248200780703], [73.6157489108009, 31.81065858843001], [73.62650528966931, 31.84394981095951], [73.74492823352429, 31.86459833901315], [73.86756652427985, 31.96217126107741], [73.89587987392234, 31.95769856355125], [73.91883279311392, 31.936592846588972], [73.93566437231428, 31.942677053804672]]]}}, {"type": "Feature", "properties": {"na": "NA-117", "src": "commons-1997", "inset": false, "hex": "#228b22"}, "geometry": {"type": "Polygon", "coordinates": [[[71.72387839085737, 29.870110490406574], [71.74654243589612, 29.89292741120898], [71.8842747237345, 29.91437615197616], [71.94649853174681, 29.97711129128478], [72.01532206954248, 29.98509637931749], [72.05586978061699, 29.964577324647898], [72.0961384388738, 29.96054706123911], [72.11317123298947, 29.972161491739815], [72.14778073684957, 29.962434126561465], [72.1646220595928, 29.985033536338417], [72.19977826390196, 29.94236078131174], [72.25157776725032, 29.933281536562426], [72.25233192219088, 29.88935785798612], [72.29886924147615, 29.852634506569583], [72.30565943294582, 29.79246922432032], [72.29476959064029, 29.75910662514384], [72.32431839845466, 29.710790586825308], [72.2957394654651, 29.704221266334848], [72.26200000140736, 29.66450483016517], [72.26822515932254, 29.63727910198457], [72.29730478012112, 29.616412886935223], [72.29196112061015, 29.594244522576474], [72.23516125882047, 29.559139594807927], [72.23030568814349, 29.509528155533776], [72.19050480310456, 29.486047227801546], [72.19546279957646, 29.530173968570583], [72.18378289559281, 29.540716889784772], [72.14961640295974, 29.522946471462905], [72.11495606682664, 29.532625371810965], [72.12605885797926, 29.555018040655202], [72.11437740836482, 29.565566133289714], [72.0740654925116, 29.569547447356403], [71.99256842672568, 29.62695634823849], [72.03741628254899, 29.69457051094171], [71.95622559995037, 29.73554815974965], [71.9498365376832, 29.77379607848468], [71.9264827495052, 29.794933933325236], [71.81706295507517, 29.801954941971683], [71.78281733469798, 29.784216028460946], [71.75387376543857, 29.794171791489248], [71.71298010237362, 29.831209123989126], [71.72387839085737, 29.870110490406574]]]}}, {"type": "Feature", "properties": {"na": "NA-14", "src": "commons-1997", "inset": false, "hex": "#228b22"}, "geometry": {"type": "Polygon", "coordinates": [[[73.50925638514052, 34.64822575154008], [73.44253946687135, 34.58034416128141], [73.43843959234748, 34.43709956048557], [73.41606957252493, 34.425471496213866], [73.37096542477502, 34.43523877957859], [73.31540858639974, 34.36763941851059], [73.28169973343661, 34.36120590677954], [73.25953036478458, 34.32755665927103], [73.22563312630736, 34.33764013795413], [73.19793311081196, 34.29282174044814], [73.13010212545771, 34.31299978558179], [73.08529578184621, 34.284236710096295], [73.01118579678575, 34.36488654498823], [73.02208599939672, 34.40375369924976], [72.98794174436301, 34.43591274181345], [72.98188554695703, 34.479846937899794], [73.00406960825224, 34.519015147105826], [73.03767411624234, 34.541947054096894], [73.04310042140423, 34.564136138561615], [73.09348398633334, 34.59852993304401], [73.11006429404279, 34.6320322187523], [73.10417416594525, 34.65943335634766], [73.12085710975121, 34.681914979511745], [73.18276857617573, 34.68353996116502], [73.19391709269274, 34.69485373123053], [73.22110305229585, 34.79475053047412], [73.24958849776722, 34.75692686802919], [73.28332645562844, 34.757815226215854], [73.32321934167732, 34.70378583455271], [73.36229203832102, 34.732366320895764], [73.44173832447811, 34.65740314930571], [73.50925638514052, 34.64822575154008]]]}}, {"type": "Feature", "properties": {"na": "NA-73", "src": "commons-1997", "inset": false, "hex": "#228b22"}, "geometry": {"type": "Polygon", "coordinates": [[[72.85100459639594, 30.674725730271216], [72.86278423284183, 30.65319785872577], [72.81175069663553, 30.634864669383706], [72.76687069937319, 30.58930520964007], [72.77875247502885, 30.562288210897076], [72.801666622814, 30.55763775221754], [72.7680035602012, 30.523464181428658], [72.70559861333592, 30.499216866930585], [72.63145930688138, 30.49101971557006], [72.5850218273785, 30.533272869078544], [72.51663751428694, 30.5198169201664], [72.5227180268061, 30.4980617065791], [72.51146954414224, 30.48666828741123], [72.38530979021208, 30.50411356235739], [72.32290678854784, 30.468908741696207], [72.24294007072456, 30.455067972272055], [72.2084053861754, 30.46483886709786], [72.19712490998772, 30.453443256436667], [72.13376277101081, 30.473201409699055], [72.22905815831554, 30.608523875951363], [72.23418228227933, 30.647194484428855], [72.26766248386618, 30.703351832827334], [72.2672366819876, 30.730830762725066], [72.28422817098797, 30.74242027013753], [72.35900416054702, 30.71754550652892], [72.43885855261917, 30.731349003524418], [72.46215607761292, 30.704692252427286], [72.53633600130048, 30.71281977346987], [72.60423046702414, 30.753696867168163], [72.64346481830547, 30.799044409465957], [72.68331425829285, 30.805958408575957], [72.76969004443316, 30.759626272606123], [72.77576161232429, 30.737880014897137], [72.75957787831317, 30.68238305467005], [72.7711716886464, 30.671821380395215], [72.85100459639594, 30.674725730271216]]]}}, {"type": "Feature", "properties": {"na": "NA-160", "src": "commons-1997", "inset": false, "hex": "#228b22"}, "geometry": {"type": "Polygon", "coordinates": [[[68.77711262444137, 26.49306876989627], [68.82496737989031, 26.456200708694276], [68.84336996337098, 26.412712257385493], [68.85004838662469, 26.363263752388587], [68.80945505328938, 26.312021081119344], [68.76267628592763, 26.277107944928172], [68.72102683850557, 26.292099021868832], [68.69762326126099, 26.274642406936035], [68.68630149190382, 26.241070779326193], [68.63905152791367, 26.233758790934598], [68.66940333536778, 26.185192042412964], [68.66417037798564, 26.140804057932787], [68.62265220182906, 26.144748641009627], [68.56378343852292, 26.120416974472647], [68.50438514435206, 26.129221050675593], [68.48110523691841, 26.100713026906202], [68.49972236435455, 26.046161443364543], [68.48219852605747, 26.028920331385336], [68.44613421565597, 26.060709848630882], [68.41641334958186, 26.065114724882708], [68.41616414755698, 26.08168544726016], [68.3801824835823, 26.107968978033014], [68.37359932966793, 26.151943604541856], [68.42036200654512, 26.197911782351486], [68.43091187747976, 26.286746835701933], [68.35885485107792, 26.35042435362473], [68.35245654364299, 26.38336566516994], [68.36391382254193, 26.411433979917607], [68.29742378752745, 26.503024999361706], [68.30912106958867, 26.514511467204272], [68.42157639574913, 26.524134434749666], [68.53419229705219, 26.517205658281057], [68.60550393335193, 26.49772931268581], [68.77711262444137, 26.49306876989627]]]}}, {"type": "Feature", "properties": {"na": "NA-75", "src": "commons-1997", "inset": false, "hex": "#228b22"}, "geometry": {"type": "Polygon", "coordinates": [[[73.80593627098548, 31.93256601438687], [73.73909073223166, 31.875358166329118], [73.62066623595086, 31.854714406489375], [73.58208726923144, 31.793012706590492], [73.52523140134991, 31.80746775770177], [73.4629697813487, 31.805284873956722], [73.36201334405305, 31.74138922278861], [73.27700106144576, 31.73843171572652], [73.2593785267066, 31.77625273397731], [73.20756957650407, 31.8238887264091], [73.20705335602104, 31.85682053452677], [73.26777142757483, 31.963231384247262], [73.27275456263686, 32.007333032010635], [73.30656998039227, 32.0194643722518], [73.37340048504755, 32.09311698351944], [73.37314405996047, 32.109580362979905], [73.39020821836071, 32.10466900779348], [73.44010081310637, 32.172246129619346], [73.47386344175251, 32.18437200738075], [73.53701592800714, 32.12614845720483], [73.53180072568685, 32.09852791321851], [73.56625378682139, 32.06678730958809], [73.61129638818734, 32.07931913506049], [73.63444018356472, 32.047202134909725], [73.72547557575437, 32.011983213913204], [73.72019412594186, 31.989858795538705], [73.80593627098548, 31.93256601438687]]]}}, {"type": "Feature", "properties": {"na": "NA-45", "src": "commons-1997", "inset": false, "hex": "#228b22"}, "geometry": {"type": "Polygon", "coordinates": [[[73.63311291318799, 33.25499942270135], [73.65046829555128, 33.222583462498356], [73.65108302158724, 33.178655626736195], [73.63441336773053, 33.16164722208497], [73.63479942802172, 33.134192859358315], [73.59010142290623, 33.10530591238549], [73.5904101165876, 33.08334106755736], [73.62485203903758, 33.04049442545739], [73.66430091108317, 33.04175908756], [73.70437739229172, 32.99911629902836], [73.69914357547927, 32.97149064033068], [73.74453814998935, 32.95100181980001], [73.75613010328426, 32.92941893871247], [73.65566414875218, 32.860254224411385], [73.62795574219095, 32.8264033687434], [73.5995950115019, 32.83646330712305], [73.59323514219176, 32.885685830355406], [73.49121689372274, 32.915361791326305], [73.45743207447413, 32.90878728649702], [73.44072956143482, 32.89177000999895], [73.44111686792597, 32.864309507156925], [73.39114707665327, 32.80226705453638], [73.37412348948496, 32.80721675181776], [73.36801232489643, 32.839993308614666], [73.33404009332733, 32.84440709065284], [73.31686181488969, 32.8603501639395], [73.27783335673368, 32.82063662309769], [73.28959383657364, 32.788031249871146], [73.26132951727554, 32.78713234149814], [73.22702953037938, 32.81353092849401], [73.15343321299783, 32.8167100090025], [73.19250627154521, 32.856426061073684], [73.19213700248612, 32.88390616972787], [73.24792874374396, 32.94063528873705], [73.24763381755157, 32.9626180960264], [73.21306767755824, 33.011028226479375], [73.21842934845073, 33.03319026454669], [73.24624711531847, 33.06704503902004], [73.34233439192778, 33.06453401941066], [73.38697732072737, 33.10440703500561], [73.39195680253243, 33.15403489817366], [73.36894517928704, 33.186305285697976], [73.39708603655927, 33.192674362948516], [73.39679395124548, 33.21465463712921], [73.41906744955138, 33.23733292979825], [73.44192234089675, 33.21605343010844], [73.49275021363874, 33.212139029577365], [73.53770114007986, 33.224534276557016], [73.54927461818404, 33.20291619313594], [73.57181903440923, 33.20362394009788], [73.5771522994869, 33.22577008361795], [73.63311291318799, 33.25499942270135]]]}}, {"type": "Feature", "properties": {"na": "NA-38", "src": "commons-1997", "inset": false, "hex": "#228b22"}, "geometry": {"type": "Polygon", "coordinates": [[[76.05450237111475, 31.746482839987397], [76.38207157968448, 32.01079708158275], [76.6417569407799, 31.624805290178312], [76.52742090367026, 31.532760700348987], [76.46562121782513, 31.557249458166297], [76.43297227361624, 31.528620811451674], [76.39323954917845, 31.559533231405464], [76.39811212394439, 31.58695156859296], [76.38672233079559, 31.59733994927374], [76.33113033230954, 31.59493196005168], [76.22900345567673, 31.672192445619032], [76.14527462024012, 31.679514036384155], [76.05450237111475, 31.746482839987397]]]}}, {"type": "Feature", "properties": {"na": "NA-130", "src": "commons-1997", "inset": false, "hex": "#228b22"}, "geometry": {"type": "Polygon", "coordinates": [[[72.17017380995875, 29.99622803313535], [72.21549811952512, 30.03085888644476], [72.22086243911453, 30.053036132544012], [72.26061851126056, 30.07647011091833], [72.30073257023133, 30.07793962285154], [72.34018262412204, 30.117845178850224], [72.39181859567695, 30.11424909648086], [72.44878449976324, 30.13282734518405], [72.45507740392576, 30.10010663825888], [72.50696878555546, 30.08006585646148], [72.54120327833887, 30.086831616603313], [72.56932260267328, 30.115332490902322], [72.639119395486, 30.052069164313746], [72.65094991095079, 30.03055932362819], [72.63448599506712, 29.991517133352282], [72.70450838879285, 29.917343891057005], [72.68826193066882, 29.867338940477865], [72.6373838207819, 29.83246980980543], [72.63799019337358, 29.799567603747587], [72.66158984441736, 29.762063092436538], [72.6334867119343, 29.733547282217803], [72.61590941889109, 29.754821407268484], [72.59291209855294, 29.759427777846593], [72.56479158929402, 29.730910989226803], [72.52973105546228, 29.76799136267372], [72.51275027403325, 29.756366495695495], [72.40379581831168, 29.757721705170443], [72.33568964141188, 29.716711255427374], [72.30614242877617, 29.765025761692343], [72.3172238840078, 29.787410415284498], [72.31023989935748, 29.858551339391596], [72.26370586496549, 29.895273266916856], [72.26295091801695, 29.939195834796482], [72.20532740095653, 29.95355472814209], [72.17017380995875, 29.99622803313535]]]}}, {"type": "Feature", "properties": {"na": "NA-105", "src": "commons-1997", "inset": false, "hex": "#228b22"}, "geometry": {"type": "Polygon", "coordinates": [[[74.09021910870679, 31.515527306484586], [74.10243576363406, 31.466702570648124], [74.13117184820658, 31.440407962226583], [74.12626110760968, 31.40189785345998], [74.10953866133777, 31.39031560587468], [74.12166808059565, 31.346976541812413], [74.09333739841732, 31.35137721564193], [74.05444045901388, 31.31705285206757], [73.99261686851065, 31.298287954840458], [73.9488633130789, 31.219965190004853], [73.9200778405442, 31.24626145613644], [73.81303241805263, 31.220325707179818], [73.79667135817421, 31.186840754928905], [73.77362642949353, 31.207892104871416], [73.73966637739957, 31.206622648428112], [73.71803527719058, 31.15101872971935], [73.68931689744764, 31.17186478981526], [73.6504760636488, 31.126573678463618], [73.47485655752087, 31.11457464940563], [73.4356402399589, 31.08571217485824], [73.4024774638299, 31.03513707174424], [73.41245617912072, 31.11227705913183], [73.47368004025154, 31.1803296276148], [73.5925189923916, 31.195673914802054], [73.7490709140628, 31.311088438178295], [73.73695464306655, 31.35448219353385], [73.74112567555814, 31.436846446613618], [73.72346646013094, 31.47456774052408], [73.80205102278917, 31.510331070850896], [73.79531617944592, 31.57037243661906], [73.82913167624157, 31.577088260628003], [73.84638165500287, 31.561278824635192], [73.86898492125047, 31.56210784850368], [73.90248565975234, 31.58525626582972], [73.90853264363652, 31.56356144348333], [73.97691031250696, 31.53321570827743], [74.04465874403772, 31.53573278697913], [74.09021910870679, 31.515527306484586]]]}}, {"type": "Feature", "properties": {"na": "NA-129", "src": "commons-1997", "inset": false, "hex": "#228b22"}, "geometry": {"type": "Polygon", "coordinates": [[[73.0531997487987, 30.215907787785362], [73.0478066272762, 30.199250127883914], [73.01940004568141, 30.1926797354812], [73.00270090100187, 30.170104543685746], [73.00476115311845, 30.06050540254555], [72.9712513733227, 30.02082787131331], [72.9775814734873, 29.98817026028392], [73.01234394492229, 29.962101143767125], [73.01276412037755, 29.94018639971691], [73.00156072002491, 29.928785278923005], [72.96108358991856, 29.95463076927923], [72.92755854788828, 29.91494682288906], [72.95102528628286, 29.882956140875102], [72.94552532072564, 29.871775713366997], [72.91053157492865, 29.908803662108447], [72.8762635503838, 29.907478839811112], [72.8537239496463, 29.890154541903957], [72.84354094676804, 29.823944814682758], [72.79750903489192, 29.838619057643015], [72.77505582965703, 29.81581069238996], [72.78128943130675, 29.78862475344052], [72.77006139803483, 29.777219710071147], [72.67293105735301, 29.76798612291263], [72.64892779795132, 29.827423527448182], [72.69980153477644, 29.862293464974794], [72.71584285180022, 29.923263486126388], [72.64582503891094, 29.99743410665496], [72.662286770075, 30.03647549458314], [72.56912955949264, 30.12630626603077], [72.568648088615, 30.153741393309378], [72.58551564644229, 30.170840081456596], [72.63144874666243, 30.161569877574404], [72.68850806032034, 30.169191325743753], [72.69392941917086, 30.18586115452349], [72.68230597408837, 30.196405068015256], [72.71038748060252, 30.224899180601824], [72.76238550743763, 30.19391503617627], [72.77882941622865, 30.232948206013244], [72.852847947858, 30.24670375037712], [72.90921362267751, 30.28723334704474], [72.92082260793842, 30.276698532343747], [72.91571807629691, 30.24358915372188], [72.96125296963078, 30.25079888268073], [73.00188407742861, 30.213948612669775], [73.0531997487987, 30.215907787785362]]]}}, {"type": "Feature", "properties": {"na": "NA-8", "src": "commons-1997", "inset": false, "hex": "#9b2b2b"}, "geometry": {"type": "Polygon", "coordinates": [[[72.70671303101867, 34.32375726067969], [72.75256682265203, 34.25327166733725], [72.73597621779594, 34.21423436137676], [72.7648008682977, 34.15435151804605], [72.69729116380424, 34.1194677130514], [72.62444624174836, 34.04583869150348], [72.57938689816086, 34.022578023601206], [72.55674848002128, 34.021975849121446], [72.52819350885179, 34.04879847276782], [72.44330952721364, 34.04104668232696], [72.32489656959564, 33.97172918579542], [72.25136857804718, 33.94773524426034], [72.21756680165058, 33.91925647908271], [72.20593751936602, 33.95207655796939], [72.22849036674934, 33.969221570018476], [72.23337550776317, 34.06319652646676], [72.17044692993187, 34.12785119916616], [72.1586224476341, 34.188300461528286], [72.19243259539056, 34.216762765844145], [72.2717960868481, 34.2187640721556], [72.26581911163736, 34.257263008878354], [72.29937583643719, 34.31332227424518], [72.35579237515746, 34.34234671506703], [72.36667522145291, 34.397828633467064], [72.41240648726641, 34.34377627263688], [72.44631938461143, 34.350155736095154], [72.44650219022277, 34.32808303645874], [72.41843064764728, 34.29977161042816], [72.43012123649835, 34.25591589606595], [72.40779963413144, 34.21671013294622], [72.51578468438535, 34.169839359341616], [72.54407838643526, 34.17057768025611], [72.57777678258049, 34.199041080003674], [72.58323633027372, 34.22124931610184], [72.60585878960208, 34.22184011389924], [72.62267472891425, 34.23882779062425], [72.6225265885694, 34.255371959067574], [72.6054654564997, 34.26595987764036], [72.68411142382135, 34.32316763696355], [72.70671303101867, 34.32375726067969]]]}}, {"type": "Feature", "properties": {"na": "NA-142", "src": "commons-1997", "inset": false, "hex": "#228b22"}, "geometry": {"type": "Polygon", "coordinates": [[[72.23289131878273, 29.36685270787686], [72.20457208954932, 29.343800821148665], [72.18329784600613, 29.249634437567607], [72.13832166357658, 29.192986785896814], [72.08676906490294, 29.1800139311695], [72.07486572678187, 29.2015237734397], [72.10332018990971, 29.219094635537296], [72.10302019534628, 29.235558904058916], [72.08537116929448, 29.256850099849178], [72.05086567751079, 29.25552863812744], [72.00573358285011, 29.20436397146699], [71.82324356623955, 29.098498070063943], [71.73669324044685, 29.10070644297165], [71.67817723105001, 29.147973191424178], [71.64348077452195, 29.15216844258941], [71.64319870281442, 29.16865303553534], [71.59649484226476, 29.199901779470675], [71.61361332791762, 29.211538087587552], [71.61314915665254, 29.23901700095156], [71.58366573193803, 29.276420705701543], [71.62348200185122, 29.3108935969434], [71.72109820150646, 29.33651237116835], [71.73782414784769, 29.370124029999086], [71.80722175621536, 29.356216702269958], [71.82402546066956, 29.384329935656822], [71.85837822247153, 29.396607139005642], [71.87602509199758, 29.375282048625646], [71.89329180121986, 29.37592974978504], [71.91592960222302, 29.39876294223039], [71.92225683686989, 29.366026836775088], [71.94536880763897, 29.361402106809557], [71.97950092587085, 29.384669188519585], [71.95601167079481, 29.411259611239085], [71.96157260182139, 29.422459177333657], [72.05377387159488, 29.414946821241376], [72.09381623585959, 29.42745035475419], [72.12849271482075, 29.417780650495143], [72.15643485627199, 29.46278358242576], [72.1736676011678, 29.463438243822022], [72.18010171803411, 29.42523796131955], [72.20911867888478, 29.40987079563306], [72.23289131878273, 29.36685270787686]]]}}, {"type": "Feature", "properties": {"na": "NA-92", "src": "commons-1997", "inset": false, "hex": "#228b22"}, "geometry": {"type": "Polygon", "coordinates": [[[78.52330353900417, 32.01538745787051], [78.48066684194434, 31.975448824309666], [78.48132565110879, 31.953834184568635], [78.53258485401493, 31.89138825680566], [78.63243216103798, 31.85299001148972], [78.66113746407815, 31.811134523036053], [78.68848873375929, 31.81248269029292], [78.70985626540516, 31.82975918457212], [78.71155769574025, 31.775771730546744], [78.62673428153805, 31.68505481585766], [78.57181343595501, 31.68774879670469], [78.55623031918797, 31.659936384878968], [78.4966436983507, 31.63536138930076], [78.45996534210167, 31.579457530642298], [78.48273834824683, 31.553534754608204], [78.4398929675885, 31.518959850266516], [78.41795628009523, 31.517876322836543], [78.37525211689267, 31.477896998718407], [78.35313484680515, 31.48221696121491], [78.2896176831676, 31.403331186289176], [78.19074227014957, 31.398469101321815], [78.35493388795625, 31.60135018845352], [78.33747727560036, 31.632967026816615], [78.32118536259844, 31.626760046527203], [78.28776665111663, 31.64136943453332], [78.22558678856774, 31.697902250186285], [78.21944347291763, 31.719262160198323], [78.24106895408856, 31.73113362286906], [78.29110768162448, 31.711899303108265], [78.35094601751682, 31.73104043804453], [78.35028501108026, 31.752657685907007], [78.29494938184925, 31.766217207963482], [78.33816495695288, 31.789958751423317], [78.33120459204764, 31.838339543777842], [78.34814391997139, 31.822918094891648], [78.36442508818472, 31.829117644709804], [78.40580098827573, 31.912303716987584], [78.4053088629599, 31.92851755327579], [78.3885455938846, 31.93853594684981], [78.43204115050541, 31.95145549760892], [78.49079314402569, 32.00299580433864], [78.52330353900417, 32.01538745787051]]]}}, {"type": "Feature", "properties": {"na": "NA-121", "src": "commons-1997", "inset": false, "hex": "#228b22"}, "geometry": {"type": "Polygon", "coordinates": [[[72.21752371770864, 30.613618381423244], [72.12221717011352, 30.478294682553955], [72.13402112069183, 30.45671295398488], [72.15702574405128, 30.45202545263951], [72.13445300300664, 30.42923298241267], [72.14660896483737, 30.385673355647526], [72.07817255410481, 30.361254477753672], [72.0507145818, 30.283291136061642], [72.005169159928, 30.259677467014374], [71.96500106611396, 30.258255782226374], [71.91865616482654, 30.284126362479032], [71.85550055810447, 30.28191080342704], [71.83852393370084, 30.26480963141492], [71.84468895572998, 30.237514534849392], [71.82762576717644, 30.225911381265455], [71.77017119860096, 30.223899610589726], [71.7360213067484, 30.2006933378018], [71.70136360368832, 30.21049259593406], [71.69520201211863, 30.237799508010966], [71.72944386522333, 30.25550147792122], [71.71720922620875, 30.30461501157549], [71.7401139515875, 30.3109121545587], [71.74561376675615, 30.327615013071892], [71.6934070257465, 30.358841979138145], [71.65900083826556, 30.352154579588795], [71.62418696136625, 30.372986036141167], [71.6757623224925, 30.385763039782567], [71.76121814525284, 30.438240867575622], [71.76663793932009, 30.460445511468592], [71.74892611085023, 30.49286869653738], [71.76559339579227, 30.531973729194316], [71.851293619807, 30.562425199114035], [71.96635008865645, 30.54437143852391], [72.03996391373771, 30.60743770955339], [72.21752371770864, 30.613618381423244]]]}}, {"type": "Feature", "properties": {"na": "NA-32", "src": "commons-1997", "inset": false, "hex": "#a6caf0"}, "geometry": {"type": "Polygon", "coordinates": [[[71.17176179570582, 34.702031565750396], [71.19444527768253, 34.73022036595679], [71.24565467078513, 34.74793290151448], [71.25114358253325, 34.79791599360293], [71.28517504042911, 34.831881223720345], [71.36474943569769, 34.861271519975666], [71.40440987426713, 34.9008912793297], [71.47255843560333, 34.92450009741716], [71.5353461211988, 34.8704763131131], [71.55271853647126, 34.804416057412446], [71.57548271296746, 34.79937967153163], [71.5699644697189, 34.76604350514011], [71.63242457738697, 34.77849576769516], [71.70630394554102, 34.774607392437545], [71.73485017414102, 34.747581433094595], [71.75188578773876, 34.74796540802247], [71.71228453704428, 34.71940745505584], [71.70138549234193, 34.636165670799635], [71.61637841149754, 34.58996925047466], [71.5941892044251, 34.489858306805885], [71.57140526943714, 34.49487138306152], [71.49139158428409, 34.55947730647103], [71.46262526269894, 34.619730720652846], [71.39434987779254, 34.612682977073135], [71.36032046241647, 34.58424478027697], [71.33184362610977, 34.583617829363256], [71.20612152950925, 34.663978296844746], [71.17176179570582, 34.702031565750396]]]}}, {"type": "Feature", "properties": {"na": "NA-23", "src": "commons-1997", "inset": false, "hex": "#9b2b2b"}, "geometry": {"type": "Polygon", "coordinates": [[[72.20690240556597, 34.554050234763025], [72.24084645018708, 34.560397862396556], [72.3535344289264, 34.63494297870335], [72.46734363067281, 34.54940081889083], [72.53510288265498, 34.56213163923751], [72.57471107106092, 34.5576058641637], [72.60879745218597, 34.53639125105089], [72.65959540067851, 34.54319593068863], [72.67672698541729, 34.52156302898842], [72.68280117743699, 34.47206740593629], [72.73961771423787, 34.43491942444265], [72.74565884807215, 34.39095427122304], [72.70641580396934, 34.356841477366345], [72.70096376904718, 34.33463783840794], [72.67836198725806, 34.334049218873], [72.6221344065786, 34.29949147507623], [72.59410724362725, 34.271181084988996], [72.61131637106291, 34.24404720559589], [72.57748229313385, 34.23213239440223], [72.56641415597593, 34.20426084945866], [72.52134640700305, 34.18101854681663], [72.41907746333248, 34.22251864541168], [72.44148957184092, 34.250688316561934], [72.42979781789313, 34.2945418203891], [72.45786654940265, 34.32285333195161], [72.45188714922264, 34.361335848026194], [72.4179764335222, 34.354957027434175], [72.37790935893645, 34.40915190556767], [72.32103547965573, 34.440862005824535], [72.27573108133531, 34.439739929941155], [72.24191064330928, 34.41681321950918], [72.19625349237495, 34.45987920366648], [72.20171725251454, 34.48763289045767], [72.19030489897041, 34.49840325221875], [72.21284672967244, 34.51552462710334], [72.20690240556597, 34.554050234763025]]]}}, {"type": "Feature", "properties": {"na": "NA-150", "src": "commons-1997", "inset": false, "hex": "#228b22"}, "geometry": {"type": "Polygon", "coordinates": [[[70.02358822952834, 28.43216993886801], [70.02981951892049, 28.404801831729902], [69.99567060541152, 28.342894271838407], [69.97255429160408, 28.325518847599852], [69.97311151807736, 28.28691360196834], [69.99095073050474, 28.2654802580691], [70.01438767837958, 28.260801754283186], [70.01479214054156, 28.233231864804992], [70.03847308774175, 28.212016984344572], [70.02712183384503, 28.189542818613834], [70.05689277025911, 28.152006295992322], [70.10351422523468, 28.15921199599227], [70.11543852285405, 28.143100716785437], [70.15054088402667, 28.13886487418966], [70.1507935069117, 28.12233168983806], [70.13345256381967, 28.110670183340098], [70.1287144701054, 28.038813824159377], [70.04696007909826, 28.03582257922578], [70.00698708441661, 27.97369565933241], [69.96632854668547, 27.955663782108804], [69.8669317206447, 27.952046860731826], [69.86660355261881, 27.97410408220716], [69.84889448915148, 27.984498437518468], [69.75520743539604, 27.986641724293985], [69.7541708542893, 28.058355596005704], [69.70033262541062, 28.13924484524235], [69.71711120134592, 28.19504642714562], [69.64628695887963, 28.23673157694239], [69.64013295044799, 28.258606008963632], [69.6752403331818, 28.25983308774541], [69.69248737868607, 28.28252415181155], [69.73350632635366, 28.278439519638294], [69.73904882106304, 28.300718911108216], [69.71535282546922, 28.321976077947628], [69.7327448783838, 28.333626999608512], [69.75628550503244, 28.323407688431274], [69.75089694682617, 28.29009207034574], [69.76282207000486, 28.273948305631002], [69.8269745673366, 28.2872490612983], [69.85004077383569, 28.310142263883343], [69.86071996388104, 28.382276380890683], [69.98912016408684, 28.392323540624975], [70.02358822952834, 28.43216993886801]]]}}, {"type": "Feature", "properties": {"na": "NA-15", "src": "commons-1997", "inset": false, "hex": "#228b22"}, "geometry": {"type": "Polygon", "coordinates": [[[72.83813930542343, 34.79044790687528], [72.90611393158993, 34.7535577386276], [72.91777075508415, 34.709737245759804], [72.95183075243409, 34.68304048841749], [72.9016387234319, 34.62109383255698], [72.92448864884881, 34.58860144851311], [73.00314649271156, 34.618211145485965], [73.05416034881935, 34.58647314326731], [72.97055813379902, 34.48506047015357], [72.97671770018898, 34.43010352058313], [73.0108643446419, 34.397943305973165], [72.99996245454888, 34.35907529285997], [73.03422678300747, 34.315911648040334], [72.97848553476597, 34.24828344083389], [72.9278678796578, 34.23038556381658], [72.9167969978466, 34.2080423883665], [72.8829286115058, 34.20713046220592], [72.87185216777833, 34.184785517394154], [72.85491294206821, 34.18432990471348], [72.83775913607356, 34.205918638054534], [72.80952146612879, 34.20516361430584], [72.77024114069114, 34.17654977715155], [72.74722540522195, 34.22004642874605], [72.7640196746023, 34.23703303162902], [72.76381382535844, 34.25908293235884], [72.71226341419411, 34.33493258503928], [72.75700325490232, 34.385734831540276], [72.75086244438636, 34.44072599483249], [72.7166890603763, 34.47293784136723], [72.75052086698524, 34.47932518639765], [72.76731186874001, 34.496304729874815], [72.76716629994603, 34.51284738403135], [72.72726607443335, 34.55595237902527], [72.77232928543111, 34.568136593105535], [72.79499967596533, 34.55768681977309], [72.81737684473039, 34.580322772902804], [72.81713573865143, 34.607893004689615], [72.77730828117022, 34.64548789504268], [72.80532910632265, 34.668264162250395], [72.78789232981532, 34.72850212477193], [72.8212700505485, 34.784507458917496], [72.83813930542343, 34.79044790687528]]]}}, {"type": "Feature", "properties": {"na": "NA-29", "src": "commons-1997", "inset": false, "hex": "#a6caf0"}, "geometry": {"type": "Polygon", "coordinates": [[[71.32615931797075, 33.59827208444838], [71.30331407499655, 33.5977089652566], [71.28061480450151, 33.57502152304761], [71.17167681468513, 33.627693210892545], [71.12563341562932, 33.67639657791944], [71.06842055611739, 33.680565174379346], [71.05711463314344, 33.65815096213938], [71.07464472600394, 33.59767652541995], [71.03466733261871, 33.58564431517143], [71.01204872702229, 33.540812154333025], [70.94931533934347, 33.50054871769758], [70.82326342077468, 33.50307829992154], [70.65679159326723, 33.53795410692581], [70.66232691370867, 33.5768735500643], [70.64503661216374, 33.59310025974921], [70.5761694503825, 33.59706302021731], [70.53581663521467, 33.63495000986986], [70.52997510964347, 33.656994451629444], [70.55267241243877, 33.712948434968474], [70.67337541389651, 33.660256132384376], [70.8738874036683, 33.67043728600438], [70.89091226646364, 33.698530124646716], [70.97654518715734, 33.73930215677354], [70.99342886592115, 33.78953904696491], [71.0391821110664, 33.79060933033017], [71.09591011606219, 33.86945769048366], [71.14730559016003, 33.876198143526345], [71.23369152034851, 33.76200923832932], [71.20533637670576, 33.728122675506704], [71.205510030916, 33.7004553936814], [71.27427588834668, 33.66892005242262], [71.2916672314623, 33.630616187025026], [71.32615931797075, 33.59827208444838]]]}}, {"type": "Feature", "properties": {"na": "NA-123", "src": "commons-1997", "inset": false, "hex": "#228b22"}, "geometry": {"type": "Polygon", "coordinates": [[[72.35724101454049, 30.470135383305934], [72.432878337677, 30.395924986401784], [72.46147672657796, 30.396960160940736], [72.47319060921255, 30.380903949567113], [72.47964895752735, 30.337191953341968], [72.46267473356694, 30.325586977656254], [72.46932469024287, 30.270898362734812], [72.45253401528224, 30.248311895061427], [72.45422434468318, 30.149505199323144], [72.38590478664506, 30.125017874938997], [72.33426863419822, 30.128616384628543], [72.29481679119444, 30.08871141055967], [72.25470242668801, 30.087243655943556], [72.21494520124779, 30.06381076323645], [72.20393830588215, 30.03593147948727], [72.15851813603453, 30.006793773450198], [72.1466796892433, 30.028346458102398], [72.1691648398604, 30.056646132771817], [72.16861780629243, 30.089603469122373], [72.11036527365661, 30.142465635944305], [72.11529713314312, 30.192121724333372], [72.07461977612331, 30.223654047302595], [72.08573836996023, 30.24604516919607], [72.06262195781095, 30.256218781467805], [72.08972562908765, 30.35616389726661], [72.1581571248804, 30.380584721494944], [72.16353765118579, 30.402768902791376], [72.14599999795294, 30.42414213772505], [72.16848368672757, 30.452430175385476], [72.19157140830171, 30.442250248925248], [72.22576094263279, 30.45445815775395], [72.27174442177547, 30.445098035620386], [72.35724101454049, 30.470135383305934]]]}}, {"type": "Feature", "properties": {"na": "NA-127", "src": "commons-1997", "inset": false, "hex": "#228b22"}, "geometry": {"type": "Polygon", "coordinates": [[[73.53560716019769, 30.596177238265252], [73.55401699994064, 30.52566714782588], [73.60007792994959, 30.494588505442216], [73.66829324425304, 30.491772420131557], [73.70888388916421, 30.449557709174773], [73.68761412007953, 30.377541385746582], [73.73323322264797, 30.368395009493902], [73.7392404387544, 30.35220996322453], [73.67324282749817, 30.245573990614133], [73.62758996883335, 30.25471131664182], [73.59406037288575, 30.22600493691426], [73.58893192364259, 30.198423315104762], [73.5714439298371, 30.219633427342174], [73.55439651829036, 30.2189590343128], [73.52685873961838, 30.174058969054496], [73.4588484424976, 30.1604176351577], [73.46967604850008, 30.188231189074113], [73.45808530684488, 30.198729773008544], [73.42986681785504, 30.186664679722565], [73.40678985864544, 30.202193381752206], [73.42363761667546, 30.213810458136784], [73.42309790333498, 30.241180717297926], [73.37684580198096, 30.277727509500124], [73.33112138513053, 30.286910726827898], [73.34207676219155, 30.309255400222874], [73.33522883820764, 30.369273421625966], [73.3007821320246, 30.384389787980783], [73.27843972031104, 30.361606385520744], [73.26095198856181, 30.38286114057789], [73.27781547338863, 30.394470801097953], [73.27750422709877, 30.410903540753765], [73.21449432988389, 30.43042587977427], [73.25381643003615, 30.459336093065193], [73.24202662229877, 30.480817061102144], [73.3324177651493, 30.517151462990633], [73.36136461667921, 30.49085226714382], [73.4298902519911, 30.477043222366145], [73.45220002449429, 30.499820886123725], [73.46272272658322, 30.544062238211197], [73.50174801608742, 30.58391759516901], [73.53560716019769, 30.596177238265252]]]}}, {"type": "Feature", "properties": {"na": "NA-39", "src": "commons-1997", "inset": false, "hex": "#228b22"}, "geometry": {"type": "Polygon", "coordinates": [[[72.8152749853406, 34.19429183633756], [72.89470634626153, 34.157844749221745], [72.90638119230564, 34.119584251527165], [72.94623199390178, 34.08760908189593], [73.00814252560255, 34.10583588621739], [73.03082451063737, 34.095442358930015], [73.03686865048724, 34.05704950922989], [73.05972630078196, 34.03014339207673], [73.0603725185736, 33.96957729203891], [73.08305995252812, 33.959198871657975], [73.0726137649525, 33.881808548888245], [73.12952870239457, 33.8393758995579], [73.08475316858026, 33.80506431549471], [73.02283664278755, 33.78678315944275], [72.99502407260017, 33.74744420918963], [72.94442144570267, 33.72397737465267], [72.90980243457791, 33.78909706470184], [72.83597882601892, 33.8200876701558], [72.88090583721394, 33.84888740912216], [72.88073259370334, 33.86541103685087], [72.84648320637262, 33.89752054450695], [72.85185106051613, 33.92522040842923], [72.8007629905601, 33.945859240095785], [72.78325552040909, 34.000497350414136], [72.72688562104484, 33.98242962978575], [72.72150150865461, 33.954720378215754], [72.73286566902169, 33.949516957785846], [72.69360206386341, 33.91537309397114], [72.63718563477825, 33.89730115070551], [72.60872855769298, 33.91307236815857], [72.65362578545687, 33.95288160419104], [72.65907036449403, 33.9750830714435], [72.64194013414055, 33.99116356028996], [72.58535577946024, 33.989646952199365], [72.56256201765571, 34.005584138304215], [72.63020713565231, 34.03496333058947], [72.70304873506959, 34.10859343286417], [72.77055664414982, 34.14347924292759], [72.77599602513676, 34.16567708142851], [72.8152749853406, 34.19429183633756]]]}}, {"type": "Feature", "properties": {"na": "NA-83", "src": "commons-1997", "inset": false, "hex": "#228b22"}, "geometry": {"type": "Polygon", "coordinates": [[[73.67265820412119, 32.85531745059654], [73.77434614520503, 32.84218197106245], [73.83697875213419, 32.800345034568075], [73.92724007011981, 32.79238070750491], [73.99581972803742, 32.7288586317854], [74.01912143753096, 32.68028613626334], [73.92931592736484, 32.660783071050226], [73.82982582737482, 32.53671758984068], [73.84743667314545, 32.493427063836904], [73.79713531479777, 32.46428230079874], [73.78004299353864, 32.474674378541835], [73.74056204806291, 32.47333515520878], [73.70697184795583, 32.4557351864348], [73.65601119700004, 32.46499159566804], [73.59871702723113, 32.5179634135482], [73.56973821776401, 32.5664113974228], [73.50688763283432, 32.613757074469675], [73.5122088235955, 32.63589957894616], [73.5514846734043, 32.653665216569614], [73.58477663016939, 32.693198936101865], [73.62876748254787, 32.77151787840112], [73.63931532732416, 32.82128273978244], [73.67265820412119, 32.85531745059654]]]}}, {"type": "Feature", "properties": {"na": "NA-82", "src": "commons-1997", "inset": false, "hex": "#228b22"}, "geometry": {"type": "Polygon", "coordinates": [[[73.6014513310369, 33.100172775749265], [73.6349543069678, 33.123211390050656], [73.6636718781029, 33.08567761793072], [73.73134636137875, 33.08235647047664], [73.83969832323793, 32.99253562867335], [73.87909770632186, 32.99382589662019], [73.8898570639688, 33.027110109280414], [74.00260502476924, 33.014356181409546], [74.06529973448205, 32.961577046834584], [74.26878753147258, 32.89166953606748], [74.23616776796247, 32.82477159954166], [74.17998356796858, 32.82285417235341], [74.15785985813861, 32.80016870974484], [74.1642854230984, 32.75104210338595], [74.15331174252472, 32.73421842372282], [74.12528950305501, 32.72777703536068], [74.07529716770034, 32.68768531061929], [74.03037608016994, 32.680669272064904], [74.00698694648273, 32.73472158789837], [73.932697632777, 32.803536518372916], [73.84244235633751, 32.81150251157592], [73.77981422072604, 32.85334052515693], [73.683851290081, 32.86117371505669], [73.76192665027871, 32.91862837847406], [73.77286535501403, 32.94094549326949], [73.71033209623036, 32.97734427173185], [73.7155649208003, 33.004969292748065], [73.68683855593937, 33.04248335345281], [73.62461738610745, 33.05696545032851], [73.6014513310369, 33.100172775749265]]]}}, {"type": "Feature", "properties": {"na": "NA-164", "src": "commons-1997", "inset": false, "hex": "#484848"}, "geometry": {"type": "Polygon", "coordinates": [[[68.01661611821541, 27.66717428055875], [68.07524366972652, 27.718965705104097], [68.1225530583107, 27.720509607695323], [68.17630803078274, 27.67240562437117], [68.25905165644531, 27.675139069669427], [68.40879956987817, 27.50296098039596], [68.4682562743285, 27.47177347402287], [68.49846074720121, 27.41746473684653], [68.44551660621757, 27.399044105249562], [68.36267065243399, 27.40728259825089], [68.33956634370524, 27.36220716176937], [68.30443165831161, 27.333327276191312], [68.31074710304586, 27.300326333084747], [68.26962072341709, 27.276774441844914], [68.25160952368455, 27.298305991309984], [68.25114519173701, 27.337048932680403], [68.23320430412741, 27.353051632169112], [68.14446196061424, 27.350051415580857], [68.10265088292957, 27.381880769647015], [68.07897452248874, 27.381087656208514], [68.06159362554074, 27.34726599399251], [68.04389390443043, 27.341132913207318], [67.99626737896101, 27.36170401932954], [67.97856044733514, 27.355573044868223], [67.96646644441893, 27.377336276501296], [67.97208226558779, 27.405230489182934], [67.9955257727855, 27.428173802739714], [68.03697240544514, 27.429549765934095], [68.06582685832072, 27.496997404871703], [68.05954052826988, 27.53003529967924], [68.07717068968465, 27.541699923571183], [68.07680430534137, 27.57493418459807], [68.0349024856883, 27.61789041790603], [68.01661611821541, 27.66717428055875]]]}}, {"type": "Feature", "properties": {"na": "NA-69", "src": "commons-1997", "inset": false, "hex": "#228b22"}, "geometry": {"type": "Polygon", "coordinates": [[[72.02145631206761, 31.091088311274543], [72.05038545091212, 31.07003355078468], [72.13597674185343, 31.089407608426097], [72.1706913068525, 31.063060690521297], [72.22811532308751, 31.048494918869793], [72.25743277293084, 30.99998151295483], [72.38954257519525, 30.960516732135783], [72.37879003319391, 30.916157925195694], [72.35080727000691, 30.87669984448612], [72.23231743227622, 30.768112239346337], [72.25613426827474, 30.708448394876765], [72.21735259859919, 30.624610178579257], [72.08555397609086, 30.625519926995615], [72.0340669842756, 30.618236998676768], [72.00565707718502, 30.600750395640482], [71.99337042804733, 30.65534966432606], [72.066059030349, 30.778892253113945], [72.06540928086147, 30.822888694281538], [72.01831236272656, 30.90934178651391], [72.03462195982712, 30.970432557424886], [72.05156082420605, 30.98751302508767], [72.02145631206761, 31.091088311274543]]]}}, {"type": "Feature", "properties": {"na": "NA-48", "src": "commons-1997", "inset": false, "hex": "#228b22"}, "geometry": {"type": "Polygon", "coordinates": [[[73.36182402024951, 32.10919658702468], [73.3007356883364, 32.030248735342425], [73.26133922198743, 32.0124376141537], [73.25635392204602, 31.968334460071123], [73.1957134798844, 31.856433106650652], [73.16668009211789, 31.8993820854712], [73.10387330489715, 31.924722138350834], [73.02427471488032, 31.933035139347016], [72.98989362329024, 31.953866966034187], [72.95599564118878, 31.941745549940347], [72.96775745100622, 31.91465849637549], [72.95096852654738, 31.897610315642474], [72.91113412899459, 31.901777903263778], [72.9056971505798, 31.885107397316972], [72.88305559320908, 31.87885667529809], [72.8768111316812, 31.917127681591968], [72.80799571643094, 31.95883734829045], [72.83561760106002, 32.014728049543805], [72.86378199534118, 32.03214655779446], [72.87443311631523, 32.08197842607208], [72.89675215371793, 32.11019872432317], [72.89060693095036, 32.14298716503521], [72.91300007254722, 32.16570964333745], [72.92435078524903, 32.16607959816042], [72.96494059750442, 32.10693652760441], [72.99898444361564, 32.10805707931946], [73.04979476767345, 32.12622203109761], [73.09977845712648, 32.19931484328046], [73.15038053002839, 32.22846022537976], [73.19052633679354, 32.19682255782818], [73.20752058973268, 32.1973872330353], [73.22402129591487, 32.23089830704898], [73.2522531954197, 32.237329956803535], [73.27614402791863, 32.155733451519005], [73.33875783335016, 32.13587233608066], [73.36182402024951, 32.10919658702468]]]}}, {"type": "Feature", "properties": {"na": "NA-126", "src": "commons-1997", "inset": false, "hex": "#228b22"}, "geometry": {"type": "Polygon", "coordinates": [[[72.5794930190223, 30.522087154266185], [72.62593385503908, 30.479834761572313], [72.69436863187431, 30.487824391950987], [72.75830457757071, 30.424291659362627], [72.77068328850015, 30.369857178241766], [72.82853966857117, 30.328103631518797], [72.89750542757159, 30.303252243902328], [72.8977040828589, 30.292286442529672], [72.84694212504233, 30.257455720327847], [72.77292260211038, 30.24370310372792], [72.75647707879806, 30.20466951163956], [72.70447993076922, 30.235656922947637], [72.6707796695499, 30.20146428856141], [72.68259821649886, 30.179948393146066], [72.57960522889738, 30.181601835586775], [72.55711351619279, 30.15880378520226], [72.55778642758489, 30.12039335936961], [72.51249895929065, 30.091253872984886], [72.46061111392423, 30.111295562309653], [72.47110927928632, 30.16660486587141], [72.46407069421105, 30.24324157812561], [72.48085945357978, 30.265827879485933], [72.4742075406416, 30.320514083346488], [72.49118030691474, 30.332119327983595], [72.48453595039781, 30.38680940099275], [72.46701228337497, 30.408148316745436], [72.43841575248031, 30.407113669326545], [72.36859461745945, 30.47603734442193], [72.39120893176103, 30.493333448984114], [72.42552624106234, 30.494563194144316], [72.46019884560405, 30.47383103523417], [72.51736857319486, 30.475894368684436], [72.53424007048949, 30.49298464779507], [72.52815897542199, 30.514738756114845], [72.5794930190223, 30.522087154266185]]]}}, {"type": "Feature", "properties": {"na": "NA-47", "src": "commons-1997", "inset": false, "hex": "#228b22"}, "geometry": {"type": "Polygon", "coordinates": [[[73.21938900208718, 32.54944694954468], [73.21985806869472, 32.51648749567922], [73.15837378961577, 32.459535603482635], [73.15860844374575, 32.443054649472415], [73.11330251123923, 32.441587047252256], [73.06852390851654, 32.40165994333038], [73.12077172208524, 32.31541369393145], [73.09315244223096, 32.265045992407785], [73.12731379765476, 32.255175966631555], [73.15532217346774, 32.27807823253329], [73.1667322941498, 32.272958761116016], [73.15588504488822, 32.23963170175972], [73.09394979969215, 32.21011395302587], [73.06632496169394, 32.159742332327006], [73.03270002178802, 32.13115367973692], [72.97045636798315, 32.11811169974266], [72.92986968452936, 32.17725539472272], [72.90716891503237, 32.176516198015406], [72.88477475108517, 32.153794052244486], [72.88400188149619, 32.20875551925638], [72.85523760672986, 32.23532173019251], [72.80981836775622, 32.233859916380005], [72.79808525707531, 32.260985070687056], [72.71812710196289, 32.2914430278252], [72.75714866511873, 32.34769815944005], [72.75678213246252, 32.37519529494522], [72.84163138325731, 32.399888503728356], [72.94835693901462, 32.480282429489], [72.99363040762401, 32.48722394765304], [73.0272544233057, 32.515790701032444], [73.10671208227005, 32.50733949280376], [73.16845346854636, 32.54780425550425], [73.21938900208718, 32.54944694954468]]]}}, {"type": "Feature", "properties": {"na": "NA-64", "src": "commons-1997", "inset": false, "hex": "#228b22"}, "geometry": {"type": "Polygon", "coordinates": [[[76.01678282137965, 30.367565115129636], [76.01765579053729, 30.33496617699806], [75.94181564112142, 30.23900754802211], [75.86875864000719, 30.2465446148643], [75.78561495157213, 30.210100884211563], [75.72958129021919, 30.207553105803395], [75.58309411865386, 30.228159259618845], [75.56009538182002, 30.248910718476942], [75.60708422516595, 30.38716559967603], [75.71650446907583, 30.495511566002644], [75.75416694868316, 30.55708543882746], [75.80439991142885, 30.564768761238753], [75.86246570403303, 30.485716299854058], [75.93059174736084, 30.450695223544198], [75.97547439546435, 30.44728925034369], [76.01678282137965, 30.367565115129636]]]}}, {"type": "Feature", "properties": {"na": "NA-125", "src": "commons-1997", "inset": false, "hex": "#228b22"}, "geometry": {"type": "Polygon", "coordinates": [[[72.97637408923075, 30.67931854166275], [73.05167713807106, 30.61077175934703], [73.06444656396799, 30.534445038173562], [73.12738389194662, 30.52035061317134], [73.17282359622732, 30.52754608659583], [73.20229404889888, 30.473825449251123], [73.24233385874818, 30.46438118082916], [73.20300828100821, 30.435471522547406], [73.15187339548592, 30.42804615777559], [73.13570530543028, 30.378080046764182], [73.08504736334662, 30.343252179093014], [73.02195818542603, 30.36280135256111], [72.9711523001066, 30.333456724233123], [72.96575034367984, 30.316795701094446], [72.91422203558025, 30.32582717632812], [72.88589690686028, 30.31378963917608], [72.86838579039086, 30.335081512765424], [72.83405072344291, 30.33928519501951], [72.78200316933761, 30.37576612322165], [72.76962446287324, 30.430199102963734], [72.70578704919514, 30.48824226839403], [72.77389956539794, 30.51270072017801], [72.8131702761435, 30.552570236935633], [72.77837497855408, 30.584234980133107], [72.81764211385592, 30.62409985824605], [72.87418543736345, 30.653614935002413], [72.9145610861067, 30.62765196267994], [72.93735682993236, 30.628490810005538], [72.97637408923075, 30.67931854166275]]]}}, {"type": "Feature", "properties": {"na": "NA-89", "src": "commons-1997", "inset": false, "hex": "#228b22"}, "geometry": {"type": "Polygon", "coordinates": [[[74.79134607260269, 32.236785751709405], [74.83534597281754, 32.28218370027994], [74.82298532442816, 32.341891361488926], [74.85005989128483, 32.39212432314802], [74.83740565116808, 32.4682410581646], [74.84238842855663, 32.501248036165386], [74.97631791293163, 32.528060835847484], [75.00471073035484, 32.5072384982165], [75.0494585679268, 32.50890181544727], [75.08354331564212, 32.482837283316044], [75.10590890821368, 32.483674219188885], [75.16094780930393, 32.52946627220834], [75.21714461279757, 32.51518075712963], [75.26861759159374, 32.45701769578928], [75.31876778491963, 32.464387834351534], [75.34757165411695, 32.42178471211732], [75.33830503345469, 32.32857050321403], [75.31060173681634, 32.31657995940136], [75.2146143138796, 32.36207604352877], [75.12516495780643, 32.35868036024676], [75.05277155985922, 32.33954763261701], [75.01984216256186, 32.30550606797875], [75.03233555935677, 32.240380612044326], [74.99390660322815, 32.20065850093059], [74.9713986046623, 32.2052723002298], [74.95405785649191, 32.23195250509624], [74.90353820878465, 32.23551739819248], [74.88059574125283, 32.26199845098659], [74.85839514386294, 32.25022956368825], [74.8423248972487, 32.21134502489516], [74.80308562024528, 32.20987567258354], [74.79134607260269, 32.236785751709405]]]}}, {"type": "Feature", "properties": {"na": "NA-79", "src": "commons-1997", "inset": false, "hex": "#228b22"}, "geometry": {"type": "Polygon", "coordinates": [[[73.72043887770428, 32.31901117465337], [73.74839091943579, 32.33642849530157], [73.75518845328041, 32.26534195022875], [73.83609093812822, 32.15296915261572], [73.86430022817936, 32.153957491120806], [73.90896090008557, 32.18294102680975], [73.9986942819293, 32.21351039607072], [73.99935039927834, 32.17516150298122], [74.02227084373159, 32.15404804422057], [74.01701350960543, 32.13193701640454], [74.05139909706976, 32.100277654339436], [74.02923751130646, 32.07756450790975], [73.98413848603812, 32.07595645388061], [73.93442571618796, 32.01389035441985], [73.88364849504161, 32.012083938697984], [73.87255042825512, 32.000725027542266], [73.87866540846962, 31.973530900923095], [73.8393428862714, 31.961167327039917], [73.817135646126, 31.938446928897555], [73.73139987063439, 31.99573733528205], [73.73094049647884, 32.02314448632192], [73.63991138565018, 32.05836502184734], [73.61676936445572, 32.090482381761014], [73.57172963997387, 32.077951420325114], [73.54302080019704, 32.1044016727524], [73.54823501027481, 32.13202157905726], [73.49656818642774, 32.17965465714596], [73.5911774825172, 32.276185696442546], [73.72043887770428, 32.31901117465337]]]}}, {"type": "Feature", "properties": {"na": "NA-124", "src": "commons-1997", "inset": false, "hex": "#228b22"}, "geometry": {"type": "Polygon", "coordinates": [[[73.33132723106105, 30.884443143735815], [73.34338307140449, 30.846507240135967], [73.3892222124751, 30.826288785377002], [73.36720652637601, 30.787085815739047], [73.36771047235577, 30.759692293099295], [73.41366083413233, 30.734013806814385], [73.41995375475899, 30.701363458104208], [73.41716409234067, 30.54779491095393], [73.38926818732999, 30.51932441437939], [73.38958064930715, 30.502894776101716], [73.36684198807019, 30.502023652410546], [73.34358283928901, 30.528540185833453], [73.25320116820436, 30.492206902395942], [73.20778172919913, 30.48499980703456], [73.17831361416367, 30.53872086827747], [73.14975438188434, 30.54312974515568], [73.1328768347301, 30.531526248567257], [73.06994373825422, 30.54562180226707], [73.06296799898978, 30.61667769836732], [72.9876701272244, 30.68522194124946], [73.03303661269645, 30.697868183753016], [73.06661494218166, 30.732028206500683], [73.15737063246385, 30.751841906868968], [73.17355495815791, 30.801811031138797], [73.19081182670269, 30.791478717022837], [73.21345944278049, 30.79780316177755], [73.2409036625899, 30.85366906360584], [73.33132723106105, 30.884443143735815]]]}}, {"type": "Feature", "properties": {"na": "NA-40", "src": "commons-1997", "inset": false, "hex": "#228b22"}, "geometry": {"type": "Polygon", "coordinates": [[[73.08238434062892, 33.51873086241283], [73.07134525245877, 33.49639048524301], [73.11114765744648, 33.47554561035565], [73.10031045732593, 33.43670163656384], [73.12330425634813, 33.40436456537931], [73.11785515579678, 33.38769412712275], [73.07870274319173, 33.353511646951446], [73.02224519527637, 33.34633247120487], [72.9944346040836, 33.30697967689222], [72.99469846656261, 33.28497109917497], [72.93859269978277, 33.24477449165354], [72.92220963528432, 33.194746037677966], [72.93412675465832, 33.14556310063424], [72.8266198094115, 33.13685241541352], [72.74679560554836, 33.178545931121214], [72.67872599128754, 33.182060116141336], [72.65623781922926, 33.16487869051925], [72.64483614872094, 33.170054728252154], [72.65549278806226, 33.23096102381354], [72.72841733235639, 33.29917842678877], [72.73918987513755, 33.34906481553887], [72.7955050794794, 33.378233598685654], [72.80060954332396, 33.42795137278877], [72.84563647124206, 33.451281162262], [72.87342831523007, 33.49614157975083], [72.90208315422127, 33.46392826576445], [72.93582635752908, 33.481426198759394], [72.92401681001448, 33.52513580147235], [72.95762580981959, 33.55363881373411], [72.94613368129612, 33.569826767903265], [72.98004667403667, 33.570805088362775], [72.9968122633893, 33.587807484396905], [73.08238434062892, 33.51873086241283]]]}}, {"type": "Feature", "properties": {"na": "NA-167", "src": "commons-1997", "inset": false, "hex": "#484848"}, "geometry": {"type": "Polygon", "coordinates": [[[68.40472312428207, 26.053620657427246], [68.44037434256842, 26.049439819663814], [68.49455991502192, 25.99623845665612], [68.55355551609996, 26.015060711319514], [68.50743972489809, 25.930432561160043], [68.47221717881494, 25.906986638207133], [68.47247483218757, 25.89042210416435], [68.49043266110358, 25.88006101997525], [68.51998466519144, 25.88671939226811], [68.53227368968963, 25.859572684606306], [68.5500541799341, 25.860257679851788], [68.52678280490416, 25.831742921899437], [68.56888968286266, 25.794708687155424], [68.59861039143412, 25.790339389377827], [68.5756159977546, 25.74526699506326], [68.61135609385978, 25.735615328838982], [68.67735165787961, 25.688509218355705], [68.70104912550032, 25.68944108781077], [68.71827034061516, 25.723239271568644], [68.74788192956858, 25.724404165266773], [68.78396410147273, 25.69271180504461], [68.7604631636524, 25.68074458196504], [68.74991797098845, 25.603059672577675], [68.72066929163559, 25.579822607266216], [68.67307811696227, 25.588976558534192], [68.66140922491836, 25.577475110162958], [68.66761358069776, 25.56116076320159], [68.62657969986574, 25.531935853462826], [68.54948585174994, 25.528891403447947], [68.48377423988696, 25.553919248304172], [68.4484382845306, 25.535967440288033], [68.41255705694147, 25.551134866393216], [68.39501477484019, 25.53387969651803], [68.45347831661498, 25.59139461850986], [68.45861162624642, 25.641304060541565], [68.49960357361354, 25.67603775189566], [68.47525952119592, 25.713755803681117], [68.39787374043394, 25.727338634436226], [68.36183645750788, 25.75357886673441], [68.37843859274756, 25.83157325696649], [68.3119890023496, 25.906416480003656], [68.3291221241078, 25.95128196972925], [68.37006104508252, 25.991517798958313], [68.3755752732887, 26.019360489956885], [68.40472312428207, 26.053620657427246]]]}}, {"type": "Feature", "properties": {"na": "NA-122", "src": "commons-1997", "inset": false, "hex": "#228b22"}, "geometry": {"type": "Polygon", "coordinates": [[[71.74751702886218, 30.201094948662693], [71.8449427532025, 30.221017290085257], [71.86141160067922, 30.271113555602266], [71.91308584560535, 30.27292788984761], [71.95943395951778, 30.247058101376133], [72.01108012735429, 30.248887585929744], [72.05088870863975, 30.272298798369608], [72.05123774202713, 30.25031459575639], [72.07435594512454, 30.24014047979465], [72.06323596080857, 30.21774891556075], [72.10391620448512, 30.18621536404131], [72.09898295675208, 30.13655808262242], [72.15723947175327, 30.08369396239005], [72.13538957434308, 30.01694260035918], [72.1587018419709, 29.995808662534213], [72.14185954052529, 29.973209334243286], [72.10151187062787, 29.98272944249491], [72.09021684971796, 29.971324528328623], [72.02088352950416, 29.99629360681656], [71.97494814455132, 29.994633729420013], [71.92352071992791, 29.976283486846903], [71.87835003602711, 29.92516173235449], [71.77512730388328, 29.904953093261785], [71.76911448496763, 29.921241398555], [71.74035582984418, 29.92021410040429], [71.75735125770314, 29.937325400852163], [71.75683223586795, 29.970316744565338], [71.80196630901442, 30.026938221616756], [71.78978194902636, 30.070519135377424], [71.76078314379335, 30.08600047569377], [71.75469482295445, 30.107795943262317], [71.77185550967347, 30.113903081813465], [71.77109435339592, 30.163399569583017], [71.74751702886218, 30.201094948662693]]]}}, {"type": "Feature", "properties": {"na": "NA-77", "src": "commons-1997", "inset": false, "hex": "#228b22"}, "geometry": {"type": "Polygon", "coordinates": [[[74.2261928241733, 32.0956026162071], [74.27595795876331, 32.146699678517805], [74.29175504283764, 32.20751997459298], [74.27361433441706, 32.278078214016595], [74.3292644014707, 32.31293851274585], [74.36920155662558, 32.28151223864176], [74.39730402615724, 32.282526250469864], [74.47215201708156, 32.186691314892], [74.56223003986764, 32.17905062557637], [74.63084692412937, 32.11592313065479], [74.6926943574805, 32.112757867599804], [74.70433921646134, 32.09131172971728], [74.63241597077301, 32.03391201334107], [74.53734090863782, 32.00847565189307], [74.46561718127141, 31.93465936718591], [74.31955394753459, 31.91829448040111], [74.29049956843544, 31.966504315735314], [74.30155507873621, 31.97786170845739], [74.29532377744454, 32.01048874395479], [74.2261928241733, 32.0956026162071]]]}}, {"type": "Feature", "properties": {"na": "NA-59", "src": "commons-1997", "inset": false, "hex": "#228b22"}, "geometry": {"type": "Polygon", "coordinates": [[[73.18272036203204, 31.257560819354033], [73.27404192523257, 31.233401813511215], [73.30195275210671, 31.261841211246463], [73.34735053053825, 31.263480282763975], [73.38782783612676, 31.221065273431567], [73.4615605182668, 31.223754597271107], [73.47348486369916, 31.191289342215658], [73.42869681843042, 31.156744526220635], [73.39024573156132, 31.08404083908887], [73.3912242604748, 31.029237959926714], [73.40834967418068, 31.02438703440265], [73.41382798196841, 31.0355563641772], [73.4206898806752, 30.97001273936326], [73.34757582462662, 30.928916067453073], [73.33112943048225, 30.895403316295205], [73.26324574200005, 30.87643489308703], [73.2457077588597, 30.903211689152148], [73.24512407519634, 30.936101645702397], [73.19917470264525, 30.961844523275445], [73.14222981849235, 30.96525154591799], [73.11872742283593, 31.008296368173273], [73.06166912787103, 31.017208447120808], [73.05579446693503, 31.027973966138163], [73.06661107395841, 31.061296403061398], [73.0946711333066, 31.084261057997725], [73.0826499620147, 31.122250478423066], [73.09346587305593, 31.155571958495983], [73.18272036203204, 31.257560819354033]]]}}, {"type": "Feature", "properties": {"na": "NA-11", "src": "commons-1997", "inset": false, "hex": "#228b22"}, "geometry": {"type": "Polygon", "coordinates": [[[73.50955291307315, 34.114425349426], [73.45355671480768, 34.09081097029773], [73.40347902935217, 34.0398538593398], [73.41935509482985, 34.12835181236636], [73.38540319335328, 34.14389715465488], [73.37940526490682, 34.176749771047916], [73.3510203802139, 34.19796685515446], [73.24433923950734, 34.16745314148098], [73.13704709739709, 34.186502900928694], [73.08671135592246, 34.1465592097719], [73.0359531773827, 34.14516301992947], [73.00802917125039, 34.11685112381841], [72.95176465945312, 34.098780432623194], [72.91761724462361, 34.125400513082774], [72.91164244167987, 34.158303227685856], [72.88309001550951, 34.19059977388098], [72.92254968774739, 34.19717538025892], [72.93361963450411, 34.21951838614972], [72.98423626096185, 34.23741801883731], [73.0399745294482, 34.305046721547114], [73.07977045194669, 34.273068230177465], [73.13584934182293, 34.30213929477113], [73.1755153785114, 34.28119159366273], [73.20368065116034, 34.281964933830984], [73.23137875289893, 34.32678324326371], [73.2652761533677, 34.31670160667735], [73.28744407579013, 34.350350850892234], [73.32115245492594, 34.356785700982606], [73.38795399709161, 34.42469546168929], [73.41056501598803, 34.414309484044225], [73.45100601842242, 34.31635811194891], [73.47924108338191, 34.30614411786697], [73.49030044039169, 34.32296450612739], [73.48541924486705, 34.25679180477656], [73.496788753395, 34.24610845751649], [73.50955291307315, 34.114425349426]]]}}, {"type": "Feature", "properties": {"na": "NA-154", "src": "commons-1997", "inset": false, "hex": "#484848"}, "geometry": {"type": "Polygon", "coordinates": [[[68.5930825233958, 27.891125994778566], [68.610958157923, 27.875116787146403], [68.5996261798595, 27.83599103245691], [68.64154500049075, 27.782054395245044], [68.65386805538071, 27.73819960678594], [68.62479667339953, 27.704010677217955], [68.61937226238042, 27.665089420207543], [68.62553974427423, 27.643164781662826], [68.64932944245865, 27.62737685761662], [68.65577553517801, 27.583334379628777], [68.63829189957538, 27.56613605236925], [68.63856835097913, 27.544014373297113], [68.5798556879746, 27.519866073435452], [68.50409045311285, 27.439794129956656], [68.4561099583172, 27.49903388511337], [68.42054506525882, 27.508895403220304], [68.2828106160856, 27.664849329319843], [68.35350238464713, 27.683816144347933], [68.35777513401558, 27.827951752517343], [68.36945675408325, 27.83941403034226], [68.42847120360011, 27.841363218544046], [68.51644379248589, 27.888576235051563], [68.5930825233958, 27.891125994778566]]]}}, {"type": "Feature", "properties": {"na": "NA-58", "src": "commons-1997", "inset": false, "hex": "#228b22"}, "geometry": {"type": "Polygon", "coordinates": [[[73.72990983276365, 31.430953745487592], [73.72573681801951, 31.348587466355507], [73.73765313700517, 31.316145479565357], [73.65919989937343, 31.269397556193912], [73.58665458061226, 31.206420705022857], [73.48472773746224, 31.197185275317114], [73.4670368367093, 31.23492250120684], [73.39330898538564, 31.232234547879457], [73.35283466470983, 31.274650212602463], [73.29608908143693, 31.272603155552133], [73.25682247234569, 31.243755472731856], [73.18821527264012, 31.268733806488886], [73.19334108213536, 31.30184687314931], [73.17044068712748, 31.31200852233047], [73.21458463529308, 31.39041886353772], [73.24818262355092, 31.419053183835896], [73.28250551246994, 31.403809194713265], [73.32221873352474, 31.405225379076608], [73.36154883479479, 31.42857810966236], [73.41285953539114, 31.413958152538495], [73.4971139023034, 31.46087077688435], [73.57737160548831, 31.408934850192875], [73.61125083870665, 31.415650980666086], [73.65010146018689, 31.46092695364383], [73.67332467494032, 31.428881075811184], [73.71254370599581, 31.45224237265698], [73.72990983276365, 31.430953745487592]]]}}, {"type": "Feature", "properties": {"na": "NA-100", "src": "commons-1997", "inset": false, "hex": "#228b22"}, "geometry": {"type": "Polygon", "coordinates": [[[73.77969377407324, 31.18620375592369], [73.78555776152052, 31.17546634080544], [73.7629182505666, 31.174617023966302], [73.74088679696202, 31.14091651407939], [73.75869148771343, 31.09775532393269], [73.75961983451668, 31.048484689034574], [73.80532919285271, 31.028306118922977], [73.81172281307404, 30.990208573626028], [73.83489375572746, 30.963709103826695], [73.86298437068604, 30.975736963668098], [73.85283059117324, 30.915110092601225], [73.87013316404261, 30.899348279084577], [73.86479282690172, 30.882715562248002], [73.81949665700155, 30.880972022547372], [73.80774660933693, 30.902426794654357], [73.75656165042602, 30.911422206280978], [73.73988129289592, 30.894352636732144], [73.68877910844327, 30.897882717683835], [73.62694321200723, 30.868138730127367], [73.58106294838058, 30.893799077993247], [73.50164518494567, 30.890806899585225], [73.40615818017899, 30.832405812004378], [73.3546440169304, 30.85241042504167], [73.34298525492453, 30.868425926774417], [73.34787219129146, 30.91247596061002], [73.4321406196939, 30.96495559344096], [73.41930601408083, 31.046725567883374], [73.44708517119643, 31.080651162875018], [73.48072523329334, 31.10382552487835], [73.65634317439526, 31.11583216842817], [73.69518200714137, 31.161123693797148], [73.7239010164031, 31.140279560577618], [73.74552982262394, 31.195882804342872], [73.77969377407324, 31.18620375592369]]]}}, {"type": "Feature", "properties": {"na": "NA-74", "src": "commons-1997", "inset": false, "hex": "#228b22"}, "geometry": {"type": "Polygon", "coordinates": [[[74.3020073932726, 32.58589604325718], [74.27541262191939, 32.49729072300902], [74.28693816465346, 32.48125916636808], [74.28798394057593, 32.42102809339858], [74.32906992875017, 32.32388643879855], [74.28990549379719, 32.31152926488287], [74.2677962393335, 32.288826281726905], [74.15984943819697, 32.34526114400031], [74.10403141172941, 32.31588877827839], [74.03100814897948, 32.30235724938667], [74.00414267289646, 32.224666141426326], [73.93114545232132, 32.20565156542033], [73.85847470800279, 32.16472052688862], [73.81861486357323, 32.185263786209376], [73.80669419265453, 32.223241397116205], [73.76056416774054, 32.28198494125781], [73.75958744364013, 32.34229862733231], [73.8329185851627, 32.34481924021597], [73.96175248619188, 32.39863116279439], [74.04596323703285, 32.41800538458701], [74.12910281358064, 32.49764857739277], [74.16848232853621, 32.49902172062419], [74.3020073932726, 32.58589604325718]]]}}, {"type": "Feature", "properties": {"na": "NA-158", "src": "commons-1997", "inset": false, "hex": "#c9735a"}, "geometry": {"type": "Polygon", "coordinates": [[[67.97827056396754, 26.87361198052101], [68.05480507596126, 26.920560652968607], [68.07783151510932, 26.976729886037145], [68.11930631523, 26.9781636283464], [68.1485818140536, 27.006860039129418], [68.20773014888404, 27.01444686798115], [68.22528302924502, 27.03166328377387], [68.37349818350141, 27.01470236649585], [68.42124537450111, 26.98318734474015], [68.44489866507723, 26.984023437734542], [68.463445570004, 26.923832853162548], [68.46418795340504, 26.868547518244277], [68.39394397149015, 26.810725566181624], [68.3941669512256, 26.794138707662093], [68.3591025945002, 26.759694895345774], [68.35400376017175, 26.698663580927875], [68.32387888942456, 26.736307765633853], [68.28857098861057, 26.718449575822675], [68.22341239350636, 26.716128674400515], [68.14530432319754, 26.796383449131373], [68.09788872020148, 26.79471932081959], [68.06852687926518, 26.771546426184546], [68.04459977281594, 26.787318535720907], [68.00908670898983, 26.780542188536316], [67.9969489718125, 26.80226848601324], [68.04411471243453, 26.826058838405274], [68.0437701900032, 26.853731665106945], [67.97827056396754, 26.87361198052101]]]}}, {"type": "Feature", "properties": {"na": "NA-163", "src": "commons-1997", "inset": false, "hex": "#484848"}, "geometry": {"type": "Polygon", "coordinates": [[[68.08502050452019, 27.370210516817554], [68.13867297936528, 27.338778751974928], [68.22742089689733, 27.341780549923367], [68.23938230643785, 27.33111198335834], [68.24596105786566, 27.27596604422806], [68.26384021727631, 27.26550384763264], [68.24683414834637, 27.204020879229947], [68.30055315612177, 27.16712050682661], [68.29498223114386, 27.13925165099848], [68.27702810978593, 27.155237070390694], [68.24751322860882, 27.148682975336673], [68.23106412214932, 27.04293504948605], [68.20167126373514, 27.025308072155564], [68.14252228048555, 27.017723585844365], [68.11324550372402, 26.989027590725495], [68.07769603603526, 26.987799956586], [68.05372337179037, 27.00912502978502], [68.00630843420004, 27.007497443356844], [68.02309775128514, 27.091152189187827], [68.00512320587747, 27.107157255827268], [67.92207167105137, 27.109880928151657], [67.89185372759239, 27.15872990255252], [67.89147657494067, 27.191965199897425], [67.93246964995674, 27.237669134931938], [67.92598170821839, 27.287324260574607], [67.99046896379163, 27.35042875108986], [68.00842486377125, 27.33440574891592], [68.04994163192701, 27.330255442931854], [68.07349793424953, 27.342125421819222], [68.08502050452019, 27.370210516817554]]]}}, {"type": "Feature", "properties": {"na": "NA-61", "src": "commons-1997", "inset": false, "hex": "#228b22"}, "geometry": {"type": "Polygon", "coordinates": [[[73.16439544877493, 31.333749465338993], [73.15917274232295, 31.306118890199745], [73.18207492827896, 31.295956737328574], [73.17685577475535, 31.26832803561101], [73.08200394288082, 31.160651006389013], [73.07155565904992, 31.105385527379926], [73.08320622675144, 31.089337276671806], [73.05514358528964, 31.066372924899646], [73.05029270030502, 31.016798004973026], [72.97678745303143, 30.98670474005333], [72.95438894815021, 30.96394002457392], [72.93161653147011, 30.963121756906048], [72.87963745831321, 31.00518823007625], [72.8400404085951, 30.987302732062446], [72.82837646031038, 31.003363701355983], [72.76543391101431, 31.017611471579503], [72.79908604910649, 31.051758095859466], [72.79294461055636, 31.079006210219994], [72.81555176964685, 31.09078893243015], [72.80932408925251, 31.12352748288113], [72.89374947754287, 31.186916725250153], [72.88761436440164, 31.21416289338124], [72.83542304584805, 31.272762038960973], [72.86965994756271, 31.268462337388804], [72.89767282145716, 31.29690528660788], [72.95455800276967, 31.298895137994574], [72.99365422051784, 31.34419993650232], [73.07251298376072, 31.39089522554177], [73.09568725737468, 31.364257535114607], [73.16439544877493, 31.333749465338993]]]}}, {"type": "Feature", "properties": {"na": "NA-35", "src": "commons-1997", "inset": false, "hex": "#228b22"}, "geometry": {"type": "Polygon", "coordinates": [[[72.82052994425734, 33.67640565463156], [72.90486291029812, 33.72285678066381], [72.96149309446947, 33.71344747412114], [73.00079399800718, 33.73659456931842], [73.02860486637735, 33.77593359941075], [73.09052027622371, 33.79421701322361], [73.13529418921661, 33.82852959817437], [73.25430438243026, 33.78241703978616], [73.31709900561954, 33.71821840734455], [73.34541423267648, 33.7080474892982], [73.3230663981861, 33.69088514214289], [73.32326545448217, 33.674386386421176], [73.2893708900116, 33.67889058778044], [73.26714327496727, 33.65072668989848], [73.26813892845124, 33.568227226217054], [73.1904702560989, 33.45588362517879], [73.08257866823973, 33.50222415633719], [73.14398409379122, 33.564567251167325], [73.08072466382411, 33.66180383461929], [72.97427021584872, 33.581650695041084], [72.9403569612205, 33.58067388085337], [72.93488961882734, 33.563996257786215], [72.94625793310817, 33.55881719220544], [72.91823821982995, 33.5359825753039], [72.82052994425734, 33.67640565463156]]]}}, {"type": "Feature", "properties": {"na": "NA-12", "src": "commons-1997", "inset": false, "hex": "#228b22"}, "geometry": {"type": "Polygon", "coordinates": [[[73.35683157021352, 34.181617302586616], [73.3742085107517, 34.13807634210771], [73.40816309865046, 34.12253024428417], [73.37615588775668, 33.967534997266775], [73.32610204767225, 33.9110648363335], [73.26975416086334, 33.90944408624483], [73.2363740351892, 33.86995819734522], [73.1799871892608, 33.868342858746594], [73.14081228970322, 33.839697965374164], [73.08383975342593, 33.887632557890434], [73.09428356051247, 33.965021049948895], [73.07159791750614, 33.975398966639816], [73.07095061070352, 34.0359635394697], [73.0480944543539, 34.0628687364216], [73.04205011873458, 34.10126055775816], [73.01936992464789, 34.11165358135555], [73.0417074939522, 34.13430329872281], [73.10368472513774, 34.141519596485075], [73.1147298342283, 34.16385608232718], [73.14279914472604, 34.17564652315015], [73.25009130528383, 34.15660220521302], [73.3231174949555, 34.175164516212305], [73.32862593470426, 34.186328659020155], [73.35683157021352, 34.181617302586616]]]}}, {"type": "Feature", "properties": {"na": "NA-114", "src": "commons-1997", "inset": false, "hex": "#228b22"}, "geometry": {"type": "Polygon", "coordinates": [[[71.61276733155378, 30.367089476820723], [71.65341312550599, 30.340951507387434], [71.68782149463148, 30.347639549803056], [71.73420368792293, 30.321716017634536], [71.70563288660259, 30.309719326646977], [71.7178661315681, 30.26060336482544], [71.68362159204119, 30.242902150450192], [71.68403278458459, 30.21539406909619], [71.70161203174413, 30.193989140141177], [71.74785153965296, 30.179093586669055], [71.76027415608434, 30.118997667109472], [71.74311224063035, 30.11289101514194], [71.74936970339118, 30.080095258416744], [71.77837069780887, 30.064613219069347], [71.79038295849273, 30.03202815110405], [71.7452439297361, 29.97540637563928], [71.74576157785742, 29.942413726132745], [71.7287644633589, 29.925302477004042], [71.69956972034066, 29.951774922636915], [71.71064730168119, 29.979680378298724], [71.68704132293051, 30.01736495875478], [71.61807844764552, 30.009432833597668], [71.59364592505071, 30.102155435737995], [71.54743872074732, 30.11156016297012], [71.52408787973667, 30.13277560974505], [71.49530202111194, 30.131781425295152], [71.47259122493004, 30.10897064929932], [71.42075317298999, 30.107185117319435], [71.36258435092437, 30.143749669485736], [71.32263428708276, 30.11484146177381], [71.32224372281011, 30.142374463280458], [71.36188026343525, 30.193305939853012], [71.41325430014585, 30.22810656011288], [71.45853444386515, 30.28473062058115], [71.52696704361512, 30.331121600327428], [71.61276733155378, 30.367089476820723]]]}}, {"type": "Feature", "properties": {"na": "NA-5", "src": "commons-1997", "inset": false, "hex": "#9b2b2b"}, "geometry": {"type": "Polygon", "coordinates": [[[71.6628543284565, 34.4195167894329], [71.71398946840695, 34.42623988245924], [71.72570171566691, 34.37120510430119], [71.78850931874821, 34.32845159790953], [71.77721453347083, 34.31712374074443], [71.77765231278815, 34.25078276109467], [71.85188090927177, 34.20282069324354], [71.84631360450835, 34.18610248188499], [71.86920138423503, 34.16455168298695], [71.88660659520905, 34.11523792180603], [71.84141428944586, 34.0754375315296], [71.80773676230415, 34.0138096386394], [71.79612352381528, 34.046686578726046], [71.75607562189579, 34.07887203677424], [71.68211216640056, 34.077072696554985], [71.65343401817752, 34.10955813531117], [71.61358918506798, 34.10860064785386], [71.56779313136134, 34.14622514726396], [71.5336257974367, 34.14541452118292], [71.47649596490228, 34.171730758273135], [71.47050204877382, 34.221390986832354], [71.49295857530808, 34.277249657232026], [71.51560525025076, 34.29990956206748], [71.58943651217697, 34.329292012772434], [71.6628543284565, 34.4195167894329]]]}}, {"type": "Feature", "properties": {"na": "NA-3", "src": "commons-1997", "inset": false, "hex": "#9b2b2b"}, "geometry": {"type": "Polygon", "coordinates": [[[71.33528089664118, 33.95259058273284], [71.35813438316244, 33.94759993044891], [71.41502909487653, 33.97108854116845], [71.47218254788358, 33.95032945040629], [71.54046126019176, 33.968570819639105], [71.56879881062498, 33.991379121544874], [71.62028301549562, 33.95944997261399], [71.64875467899807, 33.96014592306563], [71.67141248768894, 33.97728764073038], [71.72315426395362, 33.90669567211401], [71.79181473470398, 33.85866700871308], [71.79779851849882, 33.820135097930105], [71.82646244822314, 33.79323244857269], [71.81542632535054, 33.74875008008389], [71.78131946442235, 33.742357061759435], [71.74134161944956, 33.757922276215666], [71.72401027257781, 33.79064518998381], [71.69541658501976, 33.80650960698429], [71.6503412381722, 33.73905025671279], [71.54241627460391, 33.68659452281479], [71.491091882397, 33.68531627247186], [71.47386328690332, 33.70147871220417], [71.46781322566112, 33.75110210151531], [71.4505131350927, 33.77833110811339], [71.3931737581178, 33.821186687720704], [71.38711025443315, 33.87636379420699], [71.33528089664118, 33.95259058273284]]]}}, {"type": "Feature", "properties": {"na": "NA-7", "src": "commons-1997", "inset": false, "hex": "#9b2b2b"}, "geometry": {"type": "Polygon", "coordinates": [[[72.35530873543127, 34.403065140643214], [72.34442293309098, 34.34758151539814], [72.2936234318134, 34.324220927235025], [72.25444090311213, 34.26249830054392], [72.24899265955662, 34.234752391428295], [72.26041660891757, 34.22399760565696], [72.17537774054391, 34.221857416053744], [72.1752488365057, 34.238422587111096], [72.14676630621015, 34.254281030264224], [72.09016694207098, 34.2363027901825], [72.07293879571861, 34.26349822362403], [72.01614923285494, 34.2676252619418], [71.96470541539715, 34.31610402269518], [71.93631771310687, 34.315415757221594], [71.92507633649306, 34.298562253271314], [71.89084882895285, 34.319845167928236], [71.78869075984986, 34.30080933079554], [71.81681346763399, 34.34571355751881], [71.84518379260813, 34.3519193029899], [71.89032695525351, 34.39722519502569], [71.94127524345294, 34.42055489952354], [71.92970059425868, 34.45344577907002], [71.96920627940999, 34.48755386580965], [71.99757504477137, 34.488230502416705], [72.04893244470011, 34.445249850889255], [72.0770184940664, 34.48460967836589], [72.12792618873776, 34.50241517064967], [72.16209109027412, 34.48114342257005], [72.19042537933619, 34.48183332815983], [72.18496062695405, 34.454079003687184], [72.23632860185866, 34.40562932043374], [72.28147916617057, 34.42883699765354], [72.31545844877081, 34.42967962397402], [72.35530873543127, 34.403065140643214]]]}}, {"type": "Feature", "properties": {"na": "NA-72", "src": "commons-1997", "inset": false, "hex": "#228b22"}, "geometry": {"type": "Polygon", "coordinates": [[[72.82873748371905, 30.981408519951493], [72.80133463345686, 30.91452854982431], [72.767589322458, 30.885863474969884], [72.77926266984522, 30.86980418794511], [72.73410479885456, 30.840728742075306], [72.71763052533986, 30.801692204059727], [72.6888384523373, 30.817141593900583], [72.6489018866369, 30.815718749162993], [72.54749101499216, 30.7297003717813], [72.46769394873574, 30.71587972476556], [72.44439814996193, 30.742536845947804], [72.36454886438143, 30.728734845532856], [72.31265535886713, 30.75440840525616], [72.25562487466125, 30.74142453474012], [72.24392877505294, 30.757515886758515], [72.3229860573451, 30.826247871397715], [72.39030244581056, 30.911058475003397], [72.4012213528834, 30.94442544603717], [72.43515515244397, 30.96759180348947], [72.53221648239816, 30.97096373973351], [72.60692366467941, 30.940604033655433], [72.7833349998065, 30.968810035819807], [72.80576812213806, 30.99157631034326], [72.82873748371905, 30.981408519951493]]]}}, {"type": "Feature", "properties": {"na": "NA-112", "src": "commons-1997", "inset": false, "hex": "#228b22"}, "geometry": {"type": "Polygon", "coordinates": [[[74.07011671728154, 30.80859902856956], [74.01610494457076, 30.68061327555178], [73.93708078453946, 30.666553412930252], [73.87011050162847, 30.614658758144717], [73.75709053408815, 30.59380739609223], [73.7112954963869, 30.613926583964712], [73.67159383191, 30.61238505935337], [73.63798301375458, 30.589173807379154], [73.58680272538982, 30.592671752236388], [73.60287415131772, 30.642594313467704], [73.67063183162998, 30.66164131752971], [73.70305900812559, 30.745050428202262], [73.7253088181119, 30.767815548535413], [73.75353976907893, 30.77437996395349], [73.75311418151871, 30.796270463356926], [73.71847752544842, 30.82780322769142], [73.74082832501257, 30.845091913001355], [73.73442550934344, 30.883189027105075], [73.76243645309492, 30.900691931559727], [73.80229523703659, 30.891264460437625], [73.81404621975562, 30.86980985788991], [73.87066807189743, 30.87199106486226], [73.88156123868876, 30.89431315962855], [73.91541241725149, 30.9010949223357], [73.95012049760722, 30.86411687219098], [73.956430990398, 30.831517727313866], [73.98494057534919, 30.821681671838924], [74.03574235795368, 30.8291404955706], [74.07011671728154, 30.80859902856956]]]}}, {"type": "Feature", "properties": {"na": "NA-171", "src": "commons-1997", "inset": false, "hex": "#484848"}, "geometry": {"type": "Polygon", "coordinates": [[[68.28177640760066, 25.186975533793667], [68.35219444351115, 25.244995788746436], [68.34561169382216, 25.28339361771507], [68.41124248335508, 25.26942850560304], [68.44057166686022, 25.29268072077067], [68.48269898299236, 25.261232552939596], [68.48316674091667, 25.23364824076851], [68.50729569741604, 25.212533767286946], [68.63213967131875, 25.206523604312395], [68.68534166335425, 25.21971290395802], [68.68592340209459, 25.186632154949177], [68.75214929615574, 25.134165178636103], [68.79948955857634, 25.141619769123498], [68.81757464473841, 25.12581655024479], [68.76560062781597, 25.046467014574613], [68.74177271798588, 25.051002350308266], [68.73010628371681, 25.039491482998336], [68.67027338182736, 25.064619861348223], [68.64594616997668, 25.09672904101617], [68.56293220860555, 25.087835748370892], [68.52232399447908, 25.031001425358475], [68.4444157192119, 25.066483167899534], [68.41546066125771, 25.021153484738623], [68.38583244024974, 25.014437245668805], [68.3392093518411, 24.957348571973686], [68.2904021755762, 25.027164407976734], [68.32543286782054, 25.06722116731827], [68.32515300631152, 25.083775427343106], [68.27665451306125, 25.137064987483086], [68.28177640760066, 25.186975533793667]]]}}, {"type": "Feature", "properties": {"na": "NA-155", "src": "commons-1997", "inset": false, "hex": "#a6caf0"}, "geometry": {"type": "Polygon", "coordinates": [[[68.65036323438103, 27.544419984316338], [68.66742975911839, 27.594799601002922], [68.66105247207942, 27.63331068152452], [68.63726446584211, 27.64909796304363], [68.6310294512958, 27.67655334566919], [68.66558860774393, 27.7441307104561], [68.6412131584994, 27.809714617470263], [68.61134942534255, 27.8419191285239], [68.61672154799041, 27.886379941121852], [68.64022737887367, 27.89270119378157], [68.67590672871573, 27.866225147557664], [68.74658906730828, 27.868607272745468], [68.78225745668384, 27.842150769089734], [68.83524206784935, 27.84395218564095], [68.84715177331142, 27.83329493850165], [68.86480881930606, 27.833897692844804], [68.89388620634952, 27.862546377532155], [68.91181538980183, 27.841036422861613], [68.9648301170931, 27.837325678598837], [69.05368275692074, 27.79063523579886], [68.94853060213768, 27.731701408592492], [68.86698296435523, 27.66252150850786], [68.85599140116415, 27.601310310332227], [68.81533272970988, 27.55565680620786], [68.65036323438103, 27.544419984316338]]]}}, {"type": "Feature", "properties": {"na": "NA-71", "src": "commons-1997", "inset": false, "hex": "#228b22"}, "geometry": {"type": "Polygon", "coordinates": [[[72.82343129168967, 31.31080242893809], [72.82429941311412, 31.255893594714244], [72.86467156655407, 31.224343800630532], [72.88227748590313, 31.19200551242032], [72.79784458022418, 31.128617397176033], [72.80407122016551, 31.09587730619308], [72.78146227012691, 31.084095087672928], [72.78760289717637, 31.05684565041265], [72.75394738580503, 31.02269912877102], [72.76570129071165, 31.001141730979818], [72.78270757277286, 31.007236455956537], [72.79428278499338, 30.99666123620333], [72.77745671654355, 30.979586680669573], [72.6124538886148, 30.95178833143757], [72.53775182492775, 30.98214934609469], [72.44069681219499, 30.978779202058853], [72.46840097582073, 31.03471430388004], [72.51943359871572, 31.058467454348392], [72.52463148821953, 31.091630017305764], [72.50146869873207, 31.112821828174685], [72.50683932597926, 31.13499739259091], [72.61487658237924, 31.16070769644844], [72.66567046634025, 31.195439934853493], [72.73836934234703, 31.285880158709006], [72.7436375058109, 31.31353821140146], [72.80048940438591, 31.320996335197105], [72.82343129168967, 31.31080242893809]]]}}, {"type": "Feature", "properties": {"na": "NA-57", "src": "commons-1997", "inset": false, "hex": "#228b22"}, "geometry": {"type": "Polygon", "coordinates": [[[73.11529286423448, 31.55711965742274], [73.14873770304722, 31.596719340980993], [73.18155673973196, 31.674730413527893], [73.2598171106522, 31.748816427149578], [73.27150839120554, 31.727261398185693], [73.34519323273473, 31.72982499494663], [73.34555122836315, 31.70788263604154], [73.39708957778623, 31.676760306181862], [73.39754417301839, 31.64933843620274], [73.43208750408994, 31.61763600161747], [73.49457935118292, 31.608882440292067], [73.47257514140338, 31.569697912264004], [73.51835505564121, 31.54390725629427], [73.53034281145986, 31.505944255084156], [73.49692453338459, 31.471833618864164], [73.40700246005056, 31.424719609574854], [73.35569200244157, 31.439342329843836], [73.31636074787735, 31.415990684925305], [73.28799498129291, 31.41498001583905], [73.25367446587038, 31.430224606539202], [73.25303567089668, 31.468620964109796], [73.1838556794584, 31.53205837291638], [73.12700082637652, 31.53556299215122], [73.11529286423448, 31.55711965742274]]]}}, {"type": "Feature", "properties": {"na": "NA-78", "src": "commons-1997", "inset": false, "hex": "#228b22"}, "geometry": {"type": "Polygon", "coordinates": [[[73.88393115044339, 31.995647102963062], [73.95144285667874, 32.00901588835079], [73.98996664893369, 32.06520179562138], [74.03506532501841, 32.066811858012926], [74.06276526272063, 32.095203541648075], [74.13017747740868, 32.10857774239652], [74.15872579956988, 32.0876887109024], [74.21493417527941, 32.0951954255602], [74.28416765750445, 32.00460441497839], [74.27934215924984, 31.960618932566188], [74.30839813352767, 31.912407565178423], [74.20271619069551, 31.837325981135756], [74.15773777763776, 31.83019500282061], [74.1290576343674, 31.856530376192136], [74.07842069986572, 31.849202846008428], [74.04439024969135, 31.858921070403174], [74.02202701690504, 31.847150252449154], [73.95384240755511, 31.872080811696122], [73.92505023621126, 31.903928688142873], [73.94685221199047, 31.948559129069338], [73.9242843599508, 31.947750689414068], [73.89569013439969, 31.968655506608325], [73.88393115044339, 31.995647102963062]]]}}, {"type": "Feature", "properties": {"na": "NA-115", "src": "commons-1997", "inset": false, "hex": "#228b22"}, "geometry": {"type": "Polygon", "coordinates": [[[71.20529217414885, 29.846371361147632], [71.22679301804251, 29.957299927066156], [71.25500915990247, 30.002343374003043], [71.30763127506327, 29.954572104141963], [71.39427659468974, 29.946557015634117], [71.42276845404588, 29.96957472861827], [71.49832888165868, 29.928163830872457], [71.53288949054324, 29.929376854691085], [71.5498325239131, 29.951991253991167], [71.60715479197057, 29.970520323323207], [71.62400149653676, 29.998633101668865], [71.68145802231794, 30.006161678596126], [71.69922750512224, 29.97377303165272], [71.68814843430164, 29.945866994813407], [71.71150577900696, 29.924687676057193], [71.62629407458579, 29.850121499903747], [71.59174601871369, 29.848893465703778], [71.54643470544968, 29.797751450534683], [71.39707744618137, 29.759436610888105], [71.24666137445892, 29.781701462943015], [71.20529217414885, 29.846371361147632]]]}}, {"type": "Feature", "properties": {"na": "NA-111", "src": "commons-1997", "inset": false, "hex": "#228b22"}, "geometry": {"type": "Polygon", "coordinates": [[[73.7230933258609, 30.882756232840325], [73.72939008722595, 30.850131159864958], [73.70703726776132, 30.83284276061281], [73.70745841237672, 30.81094830632289], [73.74209922143403, 30.779415912120918], [73.71942862335605, 30.77854355067449], [73.69161431637121, 30.750087400856096], [73.66474717354151, 30.672368639784857], [73.60255702091841, 30.6590166289951], [73.57534485344459, 30.597707778331017], [73.51836354066315, 30.606472598795165], [73.45125569128018, 30.549101687497558], [73.4352579504764, 30.49368904907493], [73.40684158996956, 30.492596522888547], [73.40074003326427, 30.514283471129392], [73.42863312720901, 30.542754053235875], [73.43121090922395, 30.707271126162684], [73.42491789182881, 30.739920585346393], [73.37897101294756, 30.765597925414202], [73.40068090381912, 30.82123588946091], [73.44022544450796, 30.833684347077803], [73.47367641553419, 30.86783076232996], [73.54146118478693, 30.88682447508626], [73.5870423451941, 30.8775854185842], [73.61013904390823, 30.85654237595369], [73.69465485876682, 30.88714976624392], [73.7230933258609, 30.882756232840325]]]}}, {"type": "Feature", "properties": {"na": "NA-80", "src": "commons-1997", "inset": false, "hex": "#228b22"}, "geometry": {"type": "Polygon", "coordinates": [[[74.52229011514414, 32.84013817363366], [74.51164094490099, 32.8068997479629], [74.55174573731544, 32.75901198216759], [74.55231969570674, 32.72617216157982], [74.43584285478394, 32.64538398664627], [74.33515175936557, 32.619933327750445], [74.2293178324073, 32.56143410185925], [74.24488415873815, 32.63870477665154], [74.18250506807702, 32.66943367805896], [74.15956402768775, 32.69605479856546], [74.15911328786898, 32.723451817329256], [74.1756172406373, 32.74594747434134], [74.16918994836759, 32.795071887271575], [74.1857815040389, 32.81208613458682], [74.24196526755333, 32.814006072228075], [74.28001742076103, 32.89205263014471], [74.38251842142103, 32.80788471395363], [74.46658618476731, 32.81628342198093], [74.49425396467029, 32.839160428778946], [74.52229011514414, 32.84013817363366]]]}}, {"type": "Feature", "properties": {"na": "NA-189", "src": "commons-1997", "inset": true, "hex": "#484848"}, "geometry": {"type": "Polygon", "coordinates": [[[67.13405377092906, 24.902573613089107], [67.12788967501696, 24.896969173816746], [67.12405011772113, 24.887205136414597], [67.12019322355965, 24.885789449488346], [67.1147693001217, 24.89549517845785], [67.09624522813175, 24.893987169846582], [67.09239411292548, 24.88978869942837], [67.08158960821368, 24.888329281177636], [67.08003413684762, 24.89388513008946], [67.07462177132008, 24.898025292075033], [67.06844611749756, 24.897986419786605], [67.06690798299715, 24.89519391822253], [67.05762427592012, 24.904875352011768], [67.05761560748729, 24.909049527249717], [67.08226910165807, 24.932858676085136], [67.09847152450938, 24.93713489108021], [67.10388677951451, 24.93160333734865], [67.11855395734301, 24.931695659033668], [67.12012098661948, 24.920574243137914], [67.12321459248597, 24.91781089579016], [67.12552179423658, 24.921999648136275], [67.12940758317413, 24.909501417602698], [67.13405377092906, 24.902573613089107]]]}}, {"type": "Feature", "properties": {"na": "NA-81", "src": "commons-1997", "inset": false, "hex": "#228b22"}, "geometry": {"type": "Polygon", "coordinates": [[[74.14786934379835, 32.72306657988067], [74.15992578910455, 32.67413789271069], [74.2337359432503, 32.63283680946764], [74.2183525084506, 32.544609659765776], [74.16267213731471, 32.50978119156118], [74.12329231682351, 32.508409805646856], [74.05131830123909, 32.43463901542639], [73.96157101107754, 32.40959209241229], [73.90978359210433, 32.47361800471901], [73.8587095997395, 32.493811567122194], [73.84118611180199, 32.53161692887153], [73.85210834416098, 32.553932768393054], [73.87447368198929, 32.565664324483215], [73.93512176190272, 32.650008437794305], [74.08110101963298, 32.67691653289129], [74.14786934379835, 32.72306657988067]]]}}, {"type": "Feature", "properties": {"na": "NA-99", "src": "commons-1997", "inset": false, "hex": "#228b22"}, "geometry": {"type": "Polygon", "coordinates": [[[74.1209319247019, 31.385271663281756], [74.13765291328654, 31.396854179818455], [74.17161435368483, 31.392667416498668], [74.19908172038166, 31.432027927988678], [74.17066648950927, 31.441899973944647], [74.23196904027826, 31.482539105395443], [74.22121896752869, 31.454762914674085], [74.24388063008982, 31.45014964085659], [74.27143350345284, 31.484035924505562], [74.30514558256066, 31.49079037004498], [74.31599058820937, 31.5130935369364], [74.30408409368444, 31.54547871806782], [74.33746504937864, 31.568635588456377], [74.36605550002584, 31.547832092943256], [74.34394946143468, 31.525101984217468], [74.34448356278166, 31.497761224794314], [74.39539844118156, 31.488763439732736], [74.39052182321194, 31.45027792180712], [74.44088623105408, 31.468625750232878], [74.46362750057366, 31.458561028139684], [74.47423289833607, 31.49179020679592], [74.4964218678223, 31.50905450114076], [74.53713744302678, 31.444995486524448], [74.52632276523973, 31.422700253684784], [74.55513116750534, 31.391009488172774], [74.55028351672075, 31.352542945193125], [74.56739374707965, 31.342276315002643], [74.55084309694979, 31.32522472748823], [74.51132058546835, 31.329147784434227], [74.50591253362883, 31.317999487162623], [74.45533442391307, 31.310558126882086], [74.40993267297287, 31.325202861058084], [74.34870530240032, 31.284537104409598], [74.33786804165474, 31.262234124694672], [74.32084337885723, 31.26704565432446], [74.30425388736424, 31.249990124416474], [74.28689883046572, 31.271204963696334], [74.30912958773489, 31.288477738548444], [74.29741731753784, 31.30991217025339], [74.24622894212378, 31.329833643983882], [74.22452483597345, 31.285219961350315], [74.22941408783343, 31.3237165962911], [74.20663429259369, 31.333791025345562], [74.17309927014952, 31.316089781258295], [74.13285139601825, 31.35287564077919], [74.1209319247019, 31.385271663281756]]]}}, {"type": "Feature", "properties": {"na": "NA-85", "src": "commons-1997", "inset": false, "hex": "#228b22"}, "geometry": {"type": "Polygon", "coordinates": [[[74.7965736370755, 32.86075666333703], [74.79166395173372, 32.82226672913512], [74.74815545855567, 32.74955596179761], [74.78304377908273, 32.679656641624184], [74.74433805099079, 32.65089721111564], [74.74513706538625, 32.607141957550986], [74.77935159645804, 32.575546641541436], [74.77985750108347, 32.54820474393155], [74.74043786435138, 32.5577170537792], [74.7074171819802, 32.52368263731392], [74.66847794756788, 32.505851649087234], [74.58455352153892, 32.491871522306965], [74.57215128553244, 32.55712486481996], [74.54951692693743, 32.56726584182764], [74.52727013410947, 32.555519614090485], [74.52146443187378, 32.566264361428054], [74.5490294543105, 32.59462699342904], [74.48683028403906, 32.61979807874794], [74.46942103124607, 32.65204539817155], [74.48587247945815, 32.6745351095532], [74.56363012091107, 32.72109525292528], [74.56286353124278, 32.7648802544984], [74.52257264821995, 32.82371497640008], [74.53350312196145, 32.840529781250055], [74.59079702216361, 32.771341463103774], [74.64712997315212, 32.75690695715673], [74.73646426509066, 32.776507917615476], [74.75837112276724, 32.804658633269455], [74.74658730626602, 32.83708395388374], [74.7965736370755, 32.86075666333703]]]}}, {"type": "Feature", "properties": {"na": "NA-86", "src": "commons-1997", "inset": false, "hex": "#228b22"}, "geometry": {"type": "Polygon", "coordinates": [[[74.45829280426062, 32.64617530966635], [74.48141091293557, 32.60865221751224], [74.53790709963954, 32.58875458666047], [74.51033909601017, 32.560391542993855], [74.52185393977055, 32.544374366956646], [74.56103022680463, 32.55125126017597], [74.56772294110765, 32.49126536211591], [74.59597144538199, 32.481334337305896], [74.57392787923314, 32.45864070911228], [74.59676834445598, 32.437569289815414], [74.56360060114781, 32.40899685618137], [74.52411378511799, 32.41851913169185], [74.49102288349611, 32.38447373981745], [74.42914769347416, 32.387722158173936], [74.40144985137955, 32.36482163426549], [74.4075584191162, 32.33765873076177], [74.36269942328124, 32.33056962316415], [74.34622697017899, 32.30806993169735], [74.29913154196495, 32.42690198376444], [74.28637105518143, 32.51411448817302], [74.31867476425998, 32.59743890150421], [74.35771215674396, 32.61524525879142], [74.40263526719238, 32.61682447970288], [74.45829280426062, 32.64617530966635]]]}}, {"type": "Feature", "properties": {"na": "NA-87", "src": "commons-1997", "inset": false, "hex": "#228b22"}, "geometry": {"type": "Polygon", "coordinates": [[[74.35737167821364, 32.31394730268158], [74.41337372748396, 32.326915595884195], [74.4127844897887, 32.35975229902448], [74.43496091979335, 32.37697851626531], [74.49683584162752, 32.37373302731961], [74.53553829402271, 32.40798172566277], [74.57562510354126, 32.365639616165716], [74.64887059552068, 32.35189133556237], [74.67253626518254, 32.28709166347951], [74.72343130663316, 32.267085060039825], [74.74108948894994, 32.2239737298742], [74.78594984970067, 32.225644734748954], [74.7919780159539, 32.20399078337063], [74.73123445453898, 32.15249101517636], [74.70963443620275, 32.107920932936565], [74.69809593834425, 32.12390088321219], [74.67014043836444, 32.11738666419744], [74.63625264056994, 32.127067295609116], [74.56764079107911, 32.19019593175262], [74.47756880983913, 32.19783828720806], [74.42017879635728, 32.26145004024008], [74.41988130003062, 32.27786652885661], [74.40272651306489, 32.29367440749873], [74.37462590153953, 32.29266092279069], [74.35737167821364, 32.31394730268158]]]}}, {"type": "Feature", "properties": {"na": "NA-93", "src": "commons-1997", "inset": false, "hex": "#228b22"}, "geometry": {"type": "Polygon", "coordinates": [[[78.79667759770797, 31.68269745249279], [78.80986775890938, 31.61309556540588], [78.72937349314199, 31.56041004810747], [78.7256357847972, 31.50616877958993], [78.73693016499108, 31.49592690007586], [78.72103170656693, 31.47891115656533], [78.698960413828, 31.483205968787267], [78.66714836945411, 31.449172606010396], [78.64680241214081, 31.399496496369633], [78.62436844827357, 31.414586117272517], [78.6181974433922, 31.435901732781414], [78.51766853216573, 31.490361642378076], [78.52195555143373, 31.528433457092245], [78.47109799545781, 31.574597153646838], [78.51856104134828, 31.6364417995138], [78.56204642800506, 31.64940638996228], [78.57762835413008, 31.67721871536156], [78.62177069917682, 31.668585738958882], [78.66436542074169, 31.70854873547862], [78.72471994207281, 31.706137854006144], [78.75310047987686, 31.675115172187727], [78.79667759770797, 31.68269745249279]]]}}, {"type": "Feature", "properties": {"na": "NA-88", "src": "commons-1997", "inset": false, "hex": "#228b22"}, "geometry": {"type": "Polygon", "coordinates": [[[74.74624250013598, 32.54698260094575], [74.78566225521172, 32.53747238424014], [74.836993619444, 32.49010856890999], [74.82661558962086, 32.44596166287116], [74.83875193408122, 32.3971760016737], [74.81167364034938, 32.34694225501764], [74.8240324367851, 32.28723173037692], [74.76341651383538, 32.23027498256589], [74.74077621827658, 32.24037391569323], [74.7231203332705, 32.283486993456506], [74.68365272744617, 32.292973144715916], [74.6714098642215, 32.34724437560906], [74.65427688796447, 32.36303463496665], [74.58103637069037, 32.3767842551156], [74.56380014156947, 32.398055312852236], [74.60808857130662, 32.432505558839225], [74.60768868615516, 32.45438689687499], [74.58504962650291, 32.46451678699465], [74.61269983741538, 32.48741266523396], [74.67428505823257, 32.49511544387712], [74.71322335129031, 32.51294768568349], [74.74624250013598, 32.54698260094575]]]}}, {"type": "Feature", "properties": {"na": "NA-170", "src": "commons-1997", "inset": false, "hex": "#484848"}, "geometry": {"type": "Polygon", "coordinates": [[[68.40292691429184, 25.41267894571456], [68.42686095091307, 25.40257658385853], [68.43855403275181, 25.414082319949923], [68.44503879608861, 25.38120558706474], [68.48112075649726, 25.35502658166707], [68.51655166843999, 25.367475787637215], [68.52202400316848, 25.39529760754781], [68.5581867174272, 25.363612079365076], [68.61120781347395, 25.38780633510539], [68.6343695778492, 25.421847731893745], [68.6825629012544, 25.37962318510136], [68.7000650102341, 25.39688048159216], [68.73572775365437, 25.39279435721212], [68.76049333175492, 25.33310044998308], [68.79673479863463, 25.295951393676887], [68.79119804472562, 25.273661186000965], [68.7387190150178, 25.221879423227335], [68.65548773901071, 25.229539953204398], [68.55479289263137, 25.214441796395914], [68.51304493571887, 25.223804416410193], [68.4949494450455, 25.239640121162534], [68.49448119211618, 25.2672237391482], [68.42841669191881, 25.308762892351506], [68.40292691429184, 25.41267894571456]]]}}, {"type": "Feature", "properties": {"na": "NA-103", "src": "commons-1997", "inset": false, "hex": "#228b22"}, "geometry": {"type": "Polygon", "coordinates": [[[74.10670912070513, 31.844757585445162], [74.1463657254978, 31.835254695714994], [74.15230254960107, 31.819041244969746], [74.2085522322527, 31.826588418659078], [74.26959759671234, 31.878123333805423], [74.3098273857813, 31.835810521442042], [74.33244921157231, 31.831176398927965], [74.34913023189506, 31.84274539861104], [74.41197060966283, 31.795830249437298], [74.38977362008526, 31.778578918220482], [74.39019176727079, 31.756702190957565], [74.4302185742122, 31.725373057345394], [74.3970817951359, 31.691288218372677], [74.39750442871667, 31.669414369023613], [74.38050926615213, 31.67424490752936], [74.36945938036826, 31.662882370168273], [74.39251015982848, 31.636391458716815], [74.34830693877575, 31.59093720123844], [74.31282849205628, 31.677169780945043], [74.26233488594983, 31.664327660608667], [74.25013508081038, 31.71314356225299], [74.1487868778254, 31.703900471971554], [74.10871007122655, 31.735280104094027], [74.07357507201255, 31.805199782568433], [74.10710723158843, 31.822860828452665], [74.10670912070513, 31.844757585445162]]]}}, {"type": "Feature", "properties": {"na": "NA-76", "src": "commons-1997", "inset": false, "hex": "#228b22"}, "geometry": {"type": "Polygon", "coordinates": [[[74.26236483399566, 32.277675594521746], [74.28040689097674, 32.21258859801341], [74.26460628864436, 32.151766612199594], [74.22036734225014, 32.10634740221362], [74.16416263459023, 32.09884175211813], [74.13561636228727, 32.11973126944358], [74.06257372272977, 32.10615702874887], [74.02819052468465, 32.137815218767706], [74.03344696556925, 32.15992574773936], [74.01052811406214, 32.18103842513583], [74.00996493883, 32.213907953711605], [74.03682722951834, 32.29159796612387], [74.10984950096565, 32.30513242277955], [74.16566603125553, 32.33450645939212], [74.17730035806666, 32.31299885078646], [74.21115715763345, 32.30872147232154], [74.22841904889236, 32.28742014499832], [74.26236483399566, 32.277675594521746]]]}}, {"type": "Feature", "properties": {"na": "NA-190", "src": "commons-1997", "inset": true, "hex": "#e1ae00"}, "geometry": {"type": "Polygon", "coordinates": [[[67.06768571868018, 24.892415993766623], [67.07385559354748, 24.895237649547013], [67.07926795907503, 24.891097487561442], [67.08159538716889, 24.88554649768567], [67.08931495444705, 24.885595088046205], [67.09702296381477, 24.891209245390673], [67.11400312234909, 24.892707535929834], [67.11942704578705, 24.883001806960326], [67.12405589667634, 24.88442235292263], [67.12561714699761, 24.876083720518846], [67.10866588323934, 24.860671512519854], [67.11100486924364, 24.849554955660153], [67.10019747505423, 24.849486929155404], [67.080112152743, 24.856317552947928], [67.07931130123913, 24.870226611371702], [67.07698676262285, 24.874386209501488], [67.07158017605055, 24.875743587995096], [67.06768571868018, 24.892415993766623]]]}}, {"type": "Feature", "properties": {"na": "NA-2", "src": "commons-1997", "inset": false, "hex": "#9b2b2b"}, "geometry": {"type": "Polygon", "coordinates": [[[71.32333927418617, 34.040857184947164], [71.38551339491353, 34.13639849856695], [71.46487100436748, 34.2101924197813], [71.46513509926548, 34.16593093127954], [71.48232703674434, 34.14973562000877], [71.56216907565818, 34.1350282279105], [71.60796843791576, 34.0974044996372], [71.65354438690362, 34.092970849918245], [71.67076741929704, 34.0712683363513], [71.65949629647965, 34.05440652925474], [71.68275891780947, 33.983094361164504], [71.65425696874756, 33.987926276522096], [71.64298432654226, 33.97106320360429], [71.58019085228273, 33.99165490329407], [71.56281059928097, 34.03548062265321], [71.4544495905611, 34.049485611780575], [71.43745319035499, 34.032483531905875], [71.42639790068613, 33.97689271892438], [71.39215028257094, 33.98160934049995], [71.35236159272159, 33.9585298463854], [71.32373577068653, 33.974453345663385], [71.33494559434158, 34.0079233632442], [71.32333927418617, 34.040857184947164]]]}}, {"type": "Feature", "properties": {"na": "NA-62", "src": "commons-1997", "inset": false, "hex": "#228b22"}, "geometry": {"type": "Polygon", "coordinates": [[[73.2417779566832, 31.462734371858062], [73.23683212077712, 31.418650623459566], [73.20313965285436, 31.395501887734735], [73.18610762040633, 31.394898834433736], [73.19151254910494, 31.41155735653618], [73.13978064124194, 31.448161885927526], [73.11706499344592, 31.44736472884225], [73.04427915826372, 31.37892271877342], [72.98779179583269, 31.35497829176618], [72.94869357703179, 31.309673907275773], [72.89180795923977, 31.30768656634208], [72.8637938074074, 31.279244032787155], [72.84094086394781, 31.283941405349633], [72.89050222750471, 31.390040572639798], [72.95744184934937, 31.474757044001056], [73.04198789804019, 31.521625028553323], [73.08734037777621, 31.5286913235512], [73.10402489933712, 31.551236781496478], [73.1214998495697, 31.52438945656337], [73.17835846662716, 31.520885881246457], [73.2417779566832, 31.462734371858062]]]}}, {"type": "Feature", "properties": {"na": "NA-169", "src": "commons-1997", "inset": false, "hex": "#e1ae00"}, "geometry": {"type": "Polygon", "coordinates": [[[68.39519288984427, 25.522839418414602], [68.42460720871182, 25.540558578623028], [68.45455294669935, 25.525161280114382], [68.4780206374001, 25.54264879681605], [68.54373657669186, 25.517622060013025], [68.63269347647531, 25.521137560473107], [68.65141027862127, 25.466682708192085], [68.62787854779438, 25.454706977327866], [68.60508877572127, 25.398601602377024], [68.55206643908444, 25.374408934394534], [68.53370788544412, 25.40680302070433], [68.51590473457587, 25.40609697632388], [68.5045882651611, 25.37252158050567], [68.48687272824269, 25.366297384109522], [68.45682181061566, 25.387193379833715], [68.46248407024247, 25.40398277495729], [68.44430913329884, 25.425353746816413], [68.42074140783254, 25.413380305184344], [68.39680762049879, 25.423484007046504], [68.39519288984427, 25.522839418414602]]]}}]}