cluster_id,family_tokens,districts,n_members,n_winners,total_wins,span,members,member_ids
F0062,afzal|rasool|sahi|afzaal,bahawalnagar|bhakkar|faisalabad|gujranwala|gujranwala cum hafizabad|islamabad|jh,34,8,11,1993-2024,"Malik Muhammad Afzal Khokhar (3W/4C, PMLN|PPP); Lt. Col. (R) Ghulam Rasool Sahi (2W/2C, PMLN|PMLQ); Rana Muhammad Afzal Khan (1W/4C, IND|PMLN); Haji M. Nawaz Khokhar (1W/1C, PMLN); MUHAMMAD AFZAL (1W/10C, IND|JI|JUIF|MMA|MQM|PMLN|PPP|Pakistan Tehreek-e-Insaf Nazriati); Rana Afzaal Hussain (1W/6C, IND|PMLN); Muhammad Afzal Khan (1W/2C, PMLN|PTI); Ali Afzal Sahi (1W/1C, IND); Ghulam Rasool (0W/6C, IND|JWP|MMA|PPP|TLP); Ch. Ghulam Rasool (0W/2C, IND|PML-Z); Mohammad Akram Sahi (0W/1C, IND); Ch. Shafqat Rasool Ghuman (0W/1C, IND); Syed Ghulam Rasool Shah (0W/2C, IND); Waseem Afzal (0W/1C, IND)",P00239|P00495|P00989|P01094|P01222|P01304|P02898|P02936|P03215|P04081|P04214|P04517|P04575|P05823|P05842|P06302|P06377|P06447|P06489|P09102|P09126|P09127|P09201|P10105|P10226|P10274|P10435|P10474|P12704|P12850|P12896|P12901|P12941|P12947
F0047,leghari,dg khan|dg khan cum rajanpur|rajanpur|sahiwal,11,4,11,1993-2024,"Sardar M. Jafar Khan Leghari (5W/5C, IND|NA(alliance)|PMLN|PMLQ|PTI); Sardar Farooq Ahmad Khan Leghari (4W/5C, IND|NA(alliance)|PMLQ|PPP); Sirdar Muhammad Khan Laghari (1W/7C, IND|PTI); Ammar Ahmad Khan Leghari (1W/1C, PMLN); Sardar Owais Ahmad Khan Leghari (0W/1C, IND); ALI AHMAD KHAN LEGHARI (0W/1C, IND); Sardar Mansoor Ahmad Khan Leghari (0W/1C, IND); Sardar M. Yusuf Khan Leghari (0W/1C, IND); MUHAMMAD MOHSIN LEGHARI (0W/1C, IND); Meena Ihsan Leghari (0W/1C, IND); Sardar Imtiaz Ahmad Khan Leghari (0W/1C, PMLN)",P00187|P01508|P01509|P01511|P01512|P01513|P03121|P04751|P10848|P10850|P13860
F0051,siddiqi|siddiqui|siddiq|noorani,hyderabad|karachi|karachi central|karachi east|karachi south|karachi west|muzaff,29,4,8,1993-2024,"Dr. Khalid Maqbool Siddiqi (4W/4C, MQM); Haleem Ahmad Siddiqi (2W/5C, IND|PMLN); M. Abbdul Rauf Siddiqi (1W/1C, MQM); M. Shamim Siddiqi (1W/2C, IND|MQM); Zafar Ahmed Siddiqui (0W/2C, PPP); Muhammad Irshad Siddiqui (0W/1C, IND); Molana Shah Ahmad Noorani (0W/1C, IND); Syed Nawaz ul Huda (0W/1C, TLP); Muhammad Adil Siddiqui (0W/1C, PSP); Dr Mairaj Ul Huda Siddiqui (0W/1C, JI); Muhammad Abdul Rauf Siddiqui (0W/3C, MQM); M. Javed Siddiqi (0W/1C, IND); Ata ul Mustafa Jamil Rathore (0W/3C, IND); Javed Siddiqui (0W/1C, IND)",P00193|P00593|P00608|P00657|P00668|P00702|P01520|P01724|P01728|P01874|P01877|P01920|P03416|P03430|P03587|P03601|P03665|P03723|P03750|P03755|P05236|P08007|P11023|P11142|P11283|P11402|P11429|P11437|P14606
F0026,noon|kanju|kanjoo|ajmal,lodhran|multan cum lodhran,14,4,6,1993-2024,"Abdul Rehman Khan Kanju (3W/3C, IND|PMLN); M. Akhtar Khan Kanjoo (1W/5C, IND|PMLN|PMLQ|PTI); Rana Mumtaz Ahmad Noon (1W/2C, PPP); M. Siddiq Khan Kanju (1W/2C, PMLN); Khurshid Ahmad Khan Kanju (0W/1C, JI); Rana Muhammad Faraz Noon (0W/2C, IND|PPP); Rana Muhammad Jahangir Noon (0W/1C, IND); Muhammad Ajmal Khan Kanjoo (0W/1C, PMLQ); Rana M. Ajmal Noon (0W/1C, PMLN); RANA MOIN FAREED NOON (0W/1C, TLP); Rana Rab Nawaz Noon (0W/1C, PPP); Rana Riaz Ahmad Noon (0W/1C, IND); Muhammad Ajmal Kanju (0W/1C, IND); Rana Muhammad Afzal Noon (0W/1C, IND)",P00118|P00119|P00120|P01440|P03034|P03035|P03036|P04671|P04672|P06782|P06783|P10649|P13544|P13548
F0220,chattha|chatha|fayyaz|hayat,faisalabad|gujranwala|gujrat|rahim yar khan|rahimyar khan|wazirabad,18,4,5,1993-2024,"Sheikh Fayyaz Ud Din (2W/3C, PMLN); Ch. Hamid Nasir Chatha (1W/2C, PML-H|PMLJ); Muhammad Ahmad Chattha (1W/2C, IND|PTI); Hamid Nasir Chattha (1W/2C, PML-H); Saif Ali Chatha (0W/1C, PMLN); Hamid Nasir Chatha (0W/1C, PMLQ); FAYYAZ AHMED (0W/2C, AAT|IND); Munawar Fayyaz Sunny (0W/3C, IND); CH  ADIL BUKSH CHATTHA (0W/2C, IND); Shaukat Hayat Chattha (0W/1C, IND); Muhammad Fayyaz (0W/3C, IND|TLP); Ch Sajid Hussain Chatha (0W/1C, PMLQ); Ahmad Hassan Chattha (0W/1C, IND); Nauman Ullah Khan Chatha (0W/1C, IND)",P01184|P01185|P02560|P02722|P02726|P04387|P04389|P05985|P05997|P07217|P09204|P09354|P10085|P10086|P10088|P10303|P12496|P12863
F0059,cheema,bahawalpur|gujranwala,5,4,4,1993-2024,"Tariq Bashir Cheema (1W/2C, PMLQ|PPP); Chaudhary Tariq Bashir Cheema (1W/4C, IND|PML|PMLQ); Justice Iftikhar Ahmad Cheema (1W/2C, PMLN|PPP); Tariq Basheer Cheema (1W/1C, PMLQ); Wali Daad Cheema (0W/1C, IND)",P00226|P04386|P07144|P07151|P13638
F0117,qaimkhani|talpur|yousif,dadu|korangi karachi|mirpur khas|mirpurkhas cum umerkot|old mirpurkhas|umerkot,17,3,10,1993-2024,"Nawab Muhammad Yousif Talpur (6W/7C, PPP); Nawab Abdul Ghani Talpur (2W/4C, IND|PPP); Mir Munwar Ali Talpur (2W/2C, PPP); Jawaid Iqbal Qaimkhani (0W/1C, IND); Mir Behram Ali Talpur (0W/1C, IND); Mir Mehboob Ali Talpur (0W/1C, IND); Mir Ghazanfar Ali Talpur (0W/1C, IND); Mir Jan M. Khan Talpur (0W/1C, IND); Ali Hassan Khan Qaimkhani (0W/1C, PAT); Asif Raza Qaimkhani (0W/1C, IND); Muhammad Yousif Qaimkhani (0W/2C, IND); Zahid Ali Khan Qaimkhani (0W/1C, MQM-H); Shabbir Ahmed Qaimkhani (0W/6C, IND|MQM); Mir Amanullah Khan Talpur (0W/1C, PMLN)",P00489|P00493|P00496|P00501|P01775|P01790|P03481|P03487|P03488|P05111|P05112|P07793|P11073|P11074|P14066|P14074|P14081
F0115,jillani,mirpur khas|mirpurkhas cum umerkot|old mirpurkhas|tharparkar,9,3,9,1993-2024,"Pir Aftab Hussain Shah Gilani (5W/6C, IND|PPP); Pir Noor M. Shah Jilani (3W/4C, PMLF|PMLN|PPP); Pir Shafqat Hussain Shah Jilani (1W/2C, IND|PPP); Pir Ghous Ali Shah Jillani (0W/1C, IND); Pir Ghulam Dastgeer Shah Jeelani (0W/2C, IND); Pir Hassan Ali Shah Jillani (0W/1C, IND); Pir Imdad Ali Shah Jilani (0W/2C, IND|PPP); Pir Aftab Ali Shah Jeelani (0W/1C, IND); Pir Shan Ali Shah Jillani (0W/1C, IND)",P00482|P01781|P03505|P05094|P05098|P05099|P05122|P07805|P14086
F0028,dogar|hashmi|javaid|ikhlas,lahore|multan|multan cum khanewal|rawalpindi,20,3,7,1993-2024,"Makhdoom Muhammad Javed Hashmi (5W/11C, IND|PMLN); Raja Muhammad Javed Ikhlas (1W/3C, PMLN); Makhdoom Javaid Hussain Hashmi (1W/1C, PTI); Malik Muhammad Ahmad Akmel Dogar (0W/1C, IND); Admir R Javaid Iqbal (0W/1C, Pakistan Falah Party); Syed Asif Akhter Hashmi (0W/1C, PPP); Raja Qasim Javaid Ikhlas (0W/1C, PMLQ); Nasir Javaid Dogar (0W/1C, IND); Muhammad Irshad Dogar (0W/1C, IND); Faraz Hashmi (0W/2C, IND|PPP); Mubarak Shah Hashmi (0W/1C, IND); Syed Mehr Mohi Ud Din Hashmi (0W/1C, PMLF); Muhammad Imran Javaid (0W/1C, ST); Syed Asif Hashmi (0W/1C, PPP)",P00131|P04110|P04450|P05714|P06186|P06280|P06307|P06429|P06674|P06676|P06726|P08856|P10434|P10454|P10455|P10462|P13145|P13227|P13278|P13281
F0030,hiraj|yar|hayat,khanewal,8,3,7,1993-2024,"Muhammad Raza Hayat Hiraj (4W/5C, IND|PMLQ|PPP|PTI); Hamid Yar Hiraj (2W/4C, IND|PMLQ); Haji M. Iqbal Hiraj (1W/1C, PPP); Sardar Allah Yar (0W/1C, PPP); Mehar Allah Bakhsh Hiraj, Adv. (0W/1C, PAT); Mehar Khizar Hayat Hiraj (0W/1C, National Peoples Party); Sardar Allah Yar Hiraj (0W/1C, PPP); Ahmad Yar Hiraj (0W/1C, PTI)",P00134|P00137|P00141|P01458|P03038|P03042|P03046|P10592
F0065,warraich|iqbbal,gujrat|rahim yar khan|rahimyar khan,6,3,6,1993-2024,"Ch. M. Jaffar Iqbal (3W/6C, IND|PMLN); Javed Iqbal Warraich (2W/3C, IND|PPP); Ch. Zaffar Iqbbal Warraich (1W/2C, PMLQ|PPP); Zafar Iqbal Warraich (0W/2C, PPP); Hasnain Waraich (0W/1C, IND); Munir Ahmad Warraich (0W/2C, IND)",P00253|P00254|P03233|P03242|P04840|P13709
F0108,bachani,hyderabad|old hyderabad|tando allahyar,4,3,6,1993-2024,"Shamshad Sattar Bachani (2W/2C, PPP); Zulfiqar Bachani (2W/3C, IND|PPP); Abdul Sattar Bachani (2W/5C, IND|PPP); Masood Ul Nab Bachani (0W/1C, IND)",P00456|P03451|P05069|P07722
F0043,daultana|aqeel|tehmina|doultana,vehari,7,3,5,1993-2024,"Tehmina Daultana (3W/7C, PMLN); Azeema Daultana (1W/1C, PPP); Tehmina Aqeel Daultana (1W/1C, PMLN); Shahida Daultana (0W/1C, PPP); Mohtarma Tehmina Doultana (0W/1C, PMLN); Natasha Daultana (0W/2C, PPP); Mian Shaukat Ali Aqeel (0W/1C, IND)",P00173|P00178|P01494|P03097|P04717|P06924|P06934
F0046,khosa,dg khan|dg khan cum rajanpur|taunsa,8,3,5,1993-2024,"Sardar M. Amjad Farooq Khan (3W/7C, IND|PMLN); Sardar Muhammad Saif Ul Din Khan Khosa (1W/4C, IND|PMLN|PPP); Abdul Qadir Khan Khosa (1W/1C, PMLN); Sardar Zulfiqar Ali Khan Khosa (0W/3C, IND|PTI); Sardar Dost Muhammad Khan Khosa (0W/3C, IND|PPP); SARDAR MUHAMMAD IRFAN ULLAH KHOSA (0W/2C, PPP); Salauddin Khan Khosa (0W/1C, IND); Sardar M. Irfanullah Khan Khosa (0W/1C, PPP)",P00184|P00188|P03125|P04746|P10832|P10834|P10837|P13831
F0015,jadoon,abbottabad|abbottabad cum haripur,4,3,4,1993-2024,"Ali Khan Jadoon (2W/2C, IND|PTI); Amanullah Khan Jadoon (1W/4C, IND|PML-H|PMLQ); Dr Muhammad Azhar Khan Jadoon (1W/3C, IND|PTI); Ayaz Khan Jadoon (0W/3C, IND|PRHP)",P00073|P03102|P06947|P09530
F0042,khichi,vehari,8,3,4,1993-2024,"Aurangzeb Khan Khichi (2W/5C, IND|PMLQ|PTI); M. Nawaz Khan Alias Dilawar Khan Khichi (1W/1C, PMLN); Khan Aftab Ahmed Khan Khichi (1W/5C, IND|PMLQ|PTI); Ahmed Nawaz Khan Khichi (0W/3C, IND); Arsal Khan Khichi (0W/1C, IND); Ghulam Sarwar Khan Khichi (0W/3C, IND|PPP); Muhammad Alamgir Khan Khichi (0W/1C, IND); Haji M. Aslam Khan Khichi (0W/1C, IND)",P00170|P01487|P03098|P03109|P03111|P04723|P06958|P13588
F0168,mengal,kalat cum mastung cum kharan|khuzdar|lasbela cum gwadar|quetta,10,3,4,1993-2024,"Muhammad Akhtar Mengal (2W/5C, BNP|Balochistan National Movement (Mengal)); Abdur Rauf Mengal (1W/1C, BNP); Sardar M. Akhter Mengal (1W/1C, BNP); Mir Atta-Ur-Rehman Mengal (0W/1C, PMLQ); Mir M. Ishaq Mengal (0W/1C, Balochistan National Congress); Amir Bakhsh Mengal Advocate (0W/1C, IND); Moulana Muhammad Ramzan Mengal (0W/1C, PRHP); Moula Muhammad Ramzan Mengal (0W/1C, PRHP); Atta Ur Rehman Mengal (0W/1C, IND); MirShafiq U Rehman Mengal (0W/2C, IND)",P00819|P02045|P03852|P03854|P05448|P08391|P08397|P11574|P11620|P14871
F0200,mela,sargodha,6,3,4,1993-2024,"Ch. Ghias Ahmad Mela (2W/2C, PMLN|PMLQ); Usama Ahmed Mela (1W/2C, IND|PTI); Ghais Ahmed Mela (1W/2C, PMLQ); Ch. Qadir Bakhsh Mela (0W/1C, PMLN); Ali Nawaz Mela (0W/1C, IND); Ahmed Hasan Mela (0W/1C, IND)",P01057|P02411|P05779|P10164|P10166|P12741
F0595,asim,faisalabad,4,3,4,2002-2024,"Muhammad Asim Nazir (2W/2C, IND|PMLQ); Ch. M. Asim (1W/1C, PMLQ); Muhammad Asim Nazeer (1W/1C, PMLN); Asim Munir (0W/1C, JI)",P04224|P05837|P09130|P12912
F0727,jamali,jafarabad cum sohbatpur|old nasirabad|sohbatpur cum jaffarabad cum usta muhammad,10,3,4,2008-2024,"Mir Khan Muhammad Jamali (2W/2C, PMLN|PTI); Taj Muhammad Jamali (1W/1C, PPP); Zafarullah Khan Jamali (1W/1C, IND); Liaquat Ali Jamali (0W/1C, PMLN); Jaffar Jamali (0W/1C, IND); Mir Changez Khan Jamali (0W/3C, PPP); Meer Javed Khan Jamali (0W/1C, IND); Farooq Jamali (0W/2C, IND); Abdul Rehman Khan Jamali (0W/1C, PMLQ); Rahat Jamali (0W/1C, IND)",P05416|P05418|P05426|P05428|P08326|P08328|P08332|P11505|P11507|P14701
F0194,hayat|tamman,chakwal|talagang cum chakwal,5,3,3,1993-2024,"M. Faiz Malik Tamman (1W/2C, IND); Sardar Mansoor Hayat Tamman (1W/6C, IND|PMLN|PMLQ|PPP|PTI); Muhammad Faiz Tamman (1W/1C, PMLN); Alhaj Malik M. Hayat (0W/1C, PTI); Dr Maqsood Hayat Khan (0W/1C, IND)",P01041|P02398|P04150|P05767|P08982
F0199,hayat|awan|kalyar,sargodha,11,3,3,1993-2024,"Liaqat Hayat Badrana (1W/1C, PPP); Shafqat Abbas Awan (1W/1C, IND); Adnan Hayat Khan (1W/1C, PMLN); Begum Malik Shoaib Awan (0W/1C, PMLQ); SARDAR MUHAMMAD SHAFQAT HAYAT KHAN (0W/2C, IND); Nadeem Awan (0W/2C, IND|TLI); Khudadad Ahmed Kalyar (0W/1C, IND); Malik Khizar Hayat Awan (0W/1C, IND); Mehr Mansoor Hayat Luk (0W/1C, IND); Noor Hayat Kalyar (0W/1C, PTI); Noor Hayat (0W/1C, IND)",P01056|P02406|P02424|P05783|P09020|P09031|P09035|P10198|P12744|P12760|P12773
F0219,warraich,faisalabad|toba tek singh,4,3,3,1993-2024,"Farkhanda Amjad Warraich (1W/3C, IND|PMLQ|Pakistan National Muslim League); Chaudhry Khalid Javed Warraich (1W/2C, PMLN); Amjad Ali Warraich (1W/3C, IND|PML-H|Pakistan National Muslim League); Ch. Amjad Ali Warraich (0W/1C, IND)",P01183|P02550|P04317|P09307
F0234,tarar|tararr,mandi bahauddin|mandi bahauddin cum gujrat,9,3,3,1993-2024,"Muhammad Tariq Tarar (1W/2C, PPP); Zafarullah Tarar (1W/5C, PMLQ|PPP|PTI); Mumtaz Ahmad Tarar (1W/3C, IND|PMLN); Amjad Hussain Tarar (0W/1C, IND); Faraz Ahmad Tarar (0W/1C, IND); Munawar Hussain Tarar (0W/1C, IND); Nasar Abbas Tarar (0W/1C, IND); Shahzad Akhtar Tarar (0W/1C, IND); Adnan Rasool Tararr (0W/1C, IND)",P01249|P02627|P02632|P02754|P04408|P04409|P06081|P06094|P12530
F0652,awaisi,bahawalpur,3,3,3,2008-2024,"Mian Najibuddin Awaisi (1W/1C, PMLN); MIAN NAJEEB UD DIN AWAISI (1W/3C, IND|PMLN|PMLQ); Muhammad Usman Awaisi (1W/1C, PMLN)",P04795|P07120|P13651
F0724,bugti,dera bugti cum kohlu cum barkhan cum sibi cum lehri|old nasirabad|old sibi|quett,9,3,3,2008-2024,"Mian Khan Mandrani Bugti (1W/1C, IND); Nawabzada Shahzain Bugtti (1W/3C, JWP); Mir Ahmadan Khan Bugti (1W/2C, PMLQ); Mir Ali Murad Khan Bugti (0W/1C, IND); Nawab Muhammad Mir Ali Bugti (0W/1C, IND); Nawabzada Talal Akbar Bugti (0W/2C, JWP); Jalamb Khan Bugti (0W/1C, IND); Attaullah Khan Kalpar Bugti (0W/1C, IND); Nawabzada Guaram Khan Bugti (0W/2C, IND)",P05410|P08197|P08310|P08319|P08320|P08338|P11468|P11475|P14662
F0251,niazi,abbottabad cum haripur|bannu|di khan cum tank cum kulachi|islamabad|karachi east,8,2,10,1997-2024,"Imran Ahmed Khan Niazi (9W/21C, PTI); Asad Alam Niazi (1W/1C, PPP); Fazal ur Rahman Niazi (0W/1C, JI); Muhammad Shoaib Khan Niazi (0W/1C, IND); Bajjash Khan Niazi (0W/1C, IND); Musarrat Nazeer Niazi (0W/1C, IND); Faisal Imran Khan Niazi (0W/1C, ANP); Muhammad Arshad Khan Niazi (0W/2C, IND)",P01405|P04471|P05689|P06255|P13279|P14380|P14401|P14422
F0128,sheerazi,sujawal|thatta,7,2,7,1993-2024,"Syed Ayaz Ali Shah Sheerazi (5W/5C, IND|PMLQ|PPP); Syed Shafqat Hussain Shah Sheerazi (2W/3C, IND|PPP); Shafqat Hussain Shah Sheerazi (0W/1C, IND); Syed Riaz Hussain Shah Sheerazi (0W/2C, IND|PMLQ); Syed Naseer Ahmed Shah Sheerazi (0W/2C, IND); Syed Ghulam Akram Shah Sheerazi (0W/1C, IND); Syed Ijaz Ali Shah Sheerazi (0W/2C, IND)",P00563|P00564|P00566|P03537|P05200|P11161|P11162
F0098,bhutto,badin|dadu|hyderabad|karachi south|lahore|larkana|malakand|qambar shahdadkot|tha,5,2,6,1993-2024,"Bilawal Bhutto Zardari (3W/6C, PPP); Benazir Bhutto (3W/3C, PPP); Mir Murtaza Bhutto (0W/6C, Shaheed Bhutto Committee); Dilshad Ali Bhutto (0W/1C, IND); Rasool Bakhsh Bhutto Alias Aslam Bhutto (0W/1C, IND)",P00412|P00416|P01754|P07844|P09469
F0111,mirza,badin,7,2,6,1993-2024,"Dr. Fahmida Mirza (5W/6C, GDA|IND|PPP); Dr. Zulfiqar Ali Mirza (1W/3C, IND|PPP); Hasnain Ali Mirza (0W/1C, IND); Hassnain Ali Mirza (0W/1C, IND); Alizeh Mirza (0W/1C, IND); Dr. Fawad Hussain Mirza (0W/1C, IND); Muhammad Hassam Mirza (0W/3C, GDA|IND)",P00472|P01764|P01770|P07751|P07754|P11147|P14193
F0116,qureshi,mirpur khas|multan|old mirpurkhas|tharparkar|umerkot,4,2,6,1993-2024,"Makhdoom Shah Mehmood Qureshi (4W/10C, IND|PPP|PTI); MAKHDOOM ZAIN  HUSSAIN QURESHI (2W/3C, IND|PTI); Abdul Ghaffar Qureshi (0W/3C, IND|PMLQ); Abdul Saeed Qureshi (0W/2C, IND)",P00487|P02989|P03479|P10634
F0121,jamali,dadu,6,2,6,1993-2024,"Rafique Ahmed Jamali (5W/7C, IND|PPP); Rais M. Bakhsh Jamali (1W/1C, PPP); Saeed Ahmed Jamali (0W/2C, IND); Zubeer Ahmed Jamali (0W/1C, IND); Zubair Ahmed Jamali (0W/1C, IND); Muhammad Ameen Khan Jamali (0W/1C, IND)",P00526|P01805|P05166|P07847|P11184|P11185
F0275,mahar,shikarpur,7,2,6,1997-2024,"Ghous Bux Khan Mahar (5W/6C, GDA|IND|PMLF|PMLQ); Muhammad Shahryar Khan Mahar (1W/1C, PPP); Muhammad Arif Khan Mahar (0W/2C, IND); Moulana Muhammad Yakoob Mahar (0W/1C, JUIF); Bakhshan Khan Mahar (0W/1C, IND); Shah Nawaz Mahar (0W/1C, MQM); Faiz Muhammad Mahar (0W/1C, IND)",P01614|P04907|P04908|P07385|P07389|P10897|P13905
F0048,dreshak,dg khan|rajanpur,8,2,5,1993-2024,"Sardar Nasrullah Khan Dreshak (3W/7C, IND|PMLQ|PTI); Doctor Hafeez Ur Rehman Khan Drishak (2W/3C, IND|PMLN); Sardar Ali Raza Khan Dreshak (0W/3C, IND); SARDAR MUHAMMAD YOUSAF DRESHAK (0W/2C, IND); Sardar Muhammad Awais Dreshak (0W/3C, IND); Sardar Hasnain Bahadur Khan Dreshak (0W/1C, IND); Sardar Ahmad Ali Khan Dreshak (0W/3C, IND); Sardar Zulfiqar Khan Dreshak (0W/4C, IND)",P00190|P04750|P04753|P06994|P06995|P07002|P10859|P13853
F0050,jatoi,muzaffargarh,5,2,5,1993-2024,"Abdul Qayoom Khan Jatoi (3W/6C, IND|PMLN|PPP); Muhammad Moazam Ali Khan Jatoi (2W/2C, IND|PPP); Muhammad Zia Ullah Khan Jatoi (0W/1C, IND); Muhammad Ziaullah Jatoi (0W/1C, IND); Muhammad Dawood Khan Jatoi (0W/2C, IND)",P00192|P04765|P04770|P13762|P13766
F0074,lund,ghotki,8,2,5,1993-2024,"Khalid Ahmad Khan Lund (4W/6C, IND|PMLQ|PPP); Sardar Haji Noor M. Khan Lund (1W/1C, PPP); Akhtiar Ahmed Lund (0W/1C, IND); Dadan Khan Lund (0W/1C, IND); Zaheeruddin Babar Ali Lund (0W/1C, IND); Shahbaz Ahmed Khan Lund (0W/2C, IND); Sagheer Ahmed Khan Lund (0W/2C, IND); Mir Iftikhar Ahmed Khan Lund (0W/1C, IND)",P00291|P00295|P01605|P03293|P03297|P07372|P10938|P10944
F0225,dastgir|dastagir,gujranwala,3,2,5,1993-2024,"Khuram Dastgir Khan (3W/5C, PMLN); Ghulam Dastgir Khan (2W/2C, PMLN); Ghulam Dastagir (0W/1C, IND)",P01194|P04337|P12687
F0602,bharwana,chiniot|jhang,4,2,5,2002-2024,"Ghulam Bibi Bharwana (3W/5C, IND|PMLN|PMLQ); Saima Akhtar Bharwana (2W/3C, IND|PMLN); Ahmad Hassan Bharwana (0W/1C, IND); Mehar M. Nawaz Bharwana (0W/1C, NA(alliance))",P04285|P04287|P04311|P09269
F0032,bodla,khanewal,4,2,4,1993-2024,"Pir M. Aslam Bodla (3W/3C, PMLQ|PPP); Aslam Bodla (1W/2C, PMLN|PPP); Pir M Aslam Bodla Siddiqui (0W/1C, PMLN); Peer Muhammad Aslam Bodla Siddiqi (0W/1C, PMLN)",P00138|P01462|P10597|P13465
F0080,zardari,naushero feroz|nawabshah|shaheed benazirabad,3,2,4,1993-2024,"Asif Ali Zardari (3W/4C, PPP); Hakim Ali Zardari (1W/3C, IND|PPP); Aftab Ahmed Zardari (0W/1C, IND)",P00330|P00374|P07565
F0091,wassan|wasan,khairpur,8,2,4,1993-2018,"Manzoor Hussain Wassan (2W/2C, PPP); Nawab Ali Wassan (2W/2C, PPP); Mumtaz Ali Wassan (0W/1C, IND); M. Ali Wassan (0W/1C, IND); Fida Hussain Wassan (0W/1C, IND); Rahim Bakhsh Wassan (0W/1C, JUIS); Mureed Hussain Wassan (0W/1C, IND); Munwar Ali Wasan (0W/3C, IND)",P00385|P00389|P00390|P03393|P04994|P04997|P04998|P07592
F0210,tauseef|touseef,faisalabad,3,2,4,1993-2018,"Rana Zahid Tauseef (2W/2C, PMLN); Asif Tauseef (2W/3C, IND|PMLN|PMLQ); Rana Asif Touseef (0W/1C, PMLQ)",P01099|P04245|P09179
F0217,hayat,chiniot|jhang,4,2,4,1993-2024,"Makhdoom Syed Faisal Saleh Hayat (3W/8C, IND|PMLN|PMLQ|PPP); Makhdoomzada Syed Assad Hayat Shah (1W/1C, PPP); Makhdoom Syed Asad Hayat Shah (0W/1C, PPP); Makhdoomzada Syed Asad Hayat (0W/5C, IND|PPP)",P01151|P01163|P02509|P04286
F0247,barjees,nankana sahib|shekhupura,2,2,4,1997-2024,"Ch. M. Barjees Tahir (3W/4C, PMLN); Muhammad Barjees Tahir (1W/2C, PMLN)",P01369|P06495
F0250,nakai,kasur,6,2,4,1997-2024,"Sardar M. Asif Nakai (2W/13C, IND|PMLJ|PMLQ); Sardar Talib Hassan Nakai (2W/4C, PMLJ|PMLQ|PTI); Sardar Pervaiz Hussain Nakai (0W/1C, IND); Sardar Muhammad Ayyan Nakai (0W/2C, IND); Sardar Ahmad Ayaz Nakai (0W/3C, IND); Sardar Majid Akhtar Nakai (0W/4C, IND)",P01398|P01399|P01401|P02967|P04610|P13321
F0256,daha,khanewal,5,2,4,1997-2024,"Muhammad Khan Daha (3W/4C, PMLN); Aftab Ahmad Khan Daha (1W/1C, PMLN); Rizwan Ahmed Khan Daha (0W/1C, PMLN); Waqar Ahmad Kahn Daha (0W/1C, IND); Sohail Sikandar Khan Daha (0W/1C, IND)",P01457|P03043|P04679|P04680|P06805
F0295,faheem,hyderabad|old hyderabad,2,2,4,1997-2013,"Makhdoom Muhammad Ameen Faheem (3W/3C, PPP); Makhdoom M. Amin Faheem (1W/1C, PPP)",P01707|P03406
F0439,sheraz,dg khan|taunsa,2,2,4,2002-2024,"Khawja Sheraz Mehmood (3W/4C, IND|PMLQ|PPP|PTI); Kh. Sheraz Mehmood (1W/1C, PMLQ)",P03115|P04733
F0454,gilani,bahawalpur,4,2,4,2002-2024,"Makhdoom Syed Sami ul Hassan Gillani (2W/5C, Bahawalpur National Awami Party|IND|PMLN|PMLQ|PTI); Makhdoomzada Syed Ali Hassan Gilani (2W/5C, PMLN|PMLQ|PPP); Syed Sohail Hassan Gilani (0W/1C, IND); Mukhdoom Sohail Hassan Gilani (0W/1C, IND)",P03178|P03179|P04791|P04793
F0475,bughio,larkana,5,2,4,2002-2024,"Nazir Ahmed Bughio (3W/4C, IND|PPP); Hizbullah Bughio (1W/4C, IND|PPP); Sarfaraz Ali Bughio (0W/1C, PMLF); Ghulam Murtaza Bughio (0W/1C, IND); Muhammad Ali Bughio (0W/3C, IND)",P03316|P04922|P07410|P07423|P13924
F0613,qayyum|nahra,gujranwala,2,2,4,2008-2024,"Azhar Qayyum Nahra (3W/3C, PMLN); Haji Mudassar Qayyum Nahra (1W/1C, IND)",P04382|P05972
F0001,ghurki,lahore,3,2,3,1993-2018,"Samin Khalid Ghurki (2W/5C, IND|PPP); Ch. Khalid Javed Ghurki (1W/2C, PPP); Sohail Asghar Ghurki (0W/1C, IND)",P00016|P01360|P02708
F0005,manj|munj,shekhupura,6,2,3,1993-2024,"Khurram Munawar Manj (2W/5C, IND|PMLQ|PPP); Haji Munawar Hussain Manj (1W/5C, IND|PPP); M. Khan Manj (0W/1C, IND); Ch. M. Khan Manj (0W/1C, IND); Imran Yousaf Munj (0W/1C, IND); Sohail Anwar Manj (0W/1C, IND)",P00029|P00035|P01368|P02916|P02922|P04555
F0023,hayat|bosan,multan,7,2,3,1993-2024,"Haji Sikandar Hayat Bosan (2W/5C, IND|PMLN|PMLQ); Skindar Hayyat Khan Bosan (1W/1C, PMLN); Arif Mansoor Hayat (0W/1C, IND); Rana Shaukat Hayat (0W/1C, PPP); Sheikh Khizar Hayat (0W/1C, MMA); Zafar Ali Bosan (0W/1C, IND); Shoukat Hayat Khan Bosan (0W/2C, IND)",P00102|P00125|P01426|P02993|P06731|P06736|P13523
F0067,leghari,rahim yar khan|rahimyar khan,4,2,3,1993-2024,"Sardar Muhammad Arshad Khan Laghari (2W/5C, IND|PMLN); Muhammad Azhar Khan Leghari (1W/1C, PMLN); Muhammad Safdar Khan Laghari (0W/4C, IND); Sardar Rafiq Haider Khan Leghari (0W/3C, PPP|PTI)",P00266|P04846|P07271|P13723
F0119,leghari,dadu,8,2,3,1993-2024,"Irfan Ali Leghari (2W/2C, PPP); Mr Imran Zafar Leghari (1W/1C, PPP); Mumtaz Ali Leghari (0W/1C, IND); Dr. Manzoor Hussain Leghari (0W/2C, IND|PMLN); Hajan Khan Leghari (0W/1C, JUIF); Mumtaz Hussain Leghari (0W/1C, IND); Zafar Ali Leghari (0W/1C, IND); Gaji Khan Leghari (0W/1C, IND)",P00521|P00525|P05173|P07841|P07852|P11176|P14228|P14235
F0129,memon|nisa,thatta,8,2,3,1993-2024,"Sadiq Ali Memon (2W/2C, PPP); Shams un Nisa (1W/2C, IND|PPP); Rameez U Din Memon (0W/1C, PPP); Shams ul Nisa Memon (0W/1C, IND); Arbab Wazir Ahmed Memon (0W/3C, IND|PPP); Marvi Memon (0W/1C, PMLN); Mumtaz Ali Memon (0W/2C, IND); Abdur Rehman Memon (0W/1C, PPP)",P00565|P00567|P07889|P07890|P07894|P07900|P11167|P14216
F0166,jamali,jaffarabad cum nasirabad|nasirabad,3,2,3,1993-2002,"Mir Zafarullah Khan Jamali (2W/2C, IND|PMLQ); Mir Faridullah Khan Jamali (1W/1C, IND); Mir Ali Dost Jamali (0W/1C, IND)",P00814|P02035|P02041
F0196,mehdi,jhelum,4,2,3,1993-2024,"Nawabzada Iqbal Mehdi Khan (2W/2C, PMLN); Malik Iqbal Mehdi Khan (1W/1C, PMLN); Raja Talib Mehdi Khan (0W/1C, IND); Raja Matloob Mehdi (0W/2C, IND|PMLN)",P01048|P08994|P09997|P12428
F0224,tarar,hafizabad,6,2,3,1993-2024,"Saira Afzal Tarar (2W/3C, PMLN); Afzal Hussain Tarar (1W/2C, PMLN); Riaz Ahmad Tarar (0W/1C, PTI); Ahmad Bilal Tarar (0W/1C, PPP); Saira Tarar (0W/1C, PMLN); Brig. (R) M. Usman Tarar (0W/1C, PMLN)",P01193|P02728|P02729|P04391|P05998|P10149
F0350,qureshi,sargodha,4,2,3,1997-2024,"Tasneem Ahmed Qureshi (2W/5C, PPP); Mazhar Ahmed Qureshi (1W/2C, PMLQ); Akhtar Salim Qureshi (0W/1C, IND); Hamza Mateen Qureshi (0W/2C, IND)",P02423|P04176|P04186|P10176
F0399,saad,lahore,3,2,3,2002-2024,"Khawaja Saad Rafique (2W/4C, PMLN); Kh. Saad Rafiq (1W/1C, PMLN); Saad Sultan (0W/1C, JUIF)",P02813|P04490|P06293
F0420,afridi,kohat,7,2,3,2002-2024,"Shehryar Afridi (2W/3C, IND|PTI); Shehryar Khan Afridi (1W/1C, IND); Shamim Afridi (0W/1C, IND); Abbas Afridi (0W/2C, PMLN); Nighat Parveen Afridi (0W/1C, IND); Lal Saeed Afridi (0W/1C, IND); Yousaf Afridi (0W/1C, IND)",P02956|P06562|P09630|P09633|P11969|P11980|P11981
F0431,bukhari,multan,7,2,3,2002-2024,"Dewan Syed Ashiq Hussain Bukhari (2W/3C, IND|PMLN|PMLQ); Deewan Jaffer Hussain Bukhari (1W/1C, PMLN); Dewan Syed Muzafar Hussain Bukhari (0W/1C, IND); Muhammad Zulqarnain Bukhari (0W/1C, PMLN); Dewan Syed Muhammad Haider Abbas Bukhari (0W/1C, PPP); Dewan Syed Muhammad Haider Ali Bukhari (0W/1C, IND); Dewan Syed Muhammad Abbas Bukhari (0W/1C, IND)",P03027|P04665|P04666|P06758|P06762|P10642|P10643
F0434,jatt|jat,vehari,4,2,3,2002-2024,"Ch. Nazir Ahmad Jat (2W/2C, PMLQ); Ayesha Nazir Jatt (1W/1C, IND); Chaudhry Mukhtar Ahmed Jatt Advocate (0W/1C, IND); Mohtarma Ayesha Nazeer Jat (0W/1C, IND)",P03092|P04716|P06901|P13556
F0458,khusro,rahimyar khan,2,2,3,2002-2018,"Makhdoom Khusro Bakhtiar (2W/4C, IND|PMLQ); Makhdoom Khusro Bukhtyar (1W/1C, PTI)",P03227|P10739
F0460,tareen,lodhran|multan|rahimyar khan,4,2,3,2002-2024,"Jahangir Khan Tareen (2W/5C, IPP|PMLF|PMLQ|PTI); Hayat Ullah Khan Tareen (1W/1C, PPP); Jahangir Khan Tareen (Retired) (0W/1C, IND); Abdul Sattar Khan Tareen (0W/1C, IND)",P03230|P04670|P04830|P10620
F0606,fatyana,toba tek singh,2,2,3,2002-2024,"Riaz Fatiana (2W/3C, IND|PMLQ); Muhammad Riaz Khan Fatyana (1W/1C, IND)",P04324|P13033
F0621,tarakai,swabi,2,2,3,2008-2024,"Usman Khan Tarkai (2W/3C, Awami Jamhuri Ittehad Pakistan|IND|PPP); Shahram Khan Tarakai (1W/1C, IND)",P04459|P11821
F0624,rohale,lahore,2,2,3,2008-2018,"Sheikh Rohale Asghar (2W/2C, PMLN); Sh  Rohale Asghar (1W/1C, PMLN)",P04487|P10425
F0641,baloch|balooch,lodhran,3,2,3,2008-2024,"Muhammad Saddique Khan Baluch (2W/2C, IND|PMLQ); Khan Muhammad Saddique Khan Baloch (1W/2C, PMLN); MUHAMMAD UMAIR BALOOCH (0W/2C, IND)",P04668|P10651|P10661
F0645,sajid|mehdi,vehari,10,2,3,2008-2024,"Sajid Mehdi (2W/2C, PMLN); Syed Sajid Mehdi (1W/3C, IND|PMLN); Muhammad Sajid (0W/1C, IND); Syed Salman Shahid Mehdi (0W/1C, IND); Qudsia Sajid (0W/1C, IND); Dewan Ghulam Fareed Sajid (0W/1C, TLP); Sajid Sahrif (0W/1C, IND); Syed Shahid Mehdi Naseem (0W/1C, IND); Sajid Bashir (0W/1C, PMML); Sajid Sharif (0W/1C, IND)",P04713|P06921|P06923|P06930|P10665|P13568|P13570|P13572|P13580|P13584
F0767,ibrar,gujrat|rawalpindi,3,2,3,2008-2024,"Malik Abrar Ahmad (2W/2C, PMLN); Ibrar Ahmad (1W/2C, PMLN); Ch Ibrar Ahmed (0W/2C, IND)",P05726|P06076|P09952
F0014,lakhvi,kasur,5,2,2,1993-2024,"Dr. Azeem Ud Din Zahid Lakhvi (1W/2C, IND|PMLN); Molana Moeenuddin Lakhvi (1W/3C, IND|PMLN); Barakullah Anjum Lakhvi (0W/1C, IND); M. Hamood Lakhvi (0W/1C, IND); M. Zaid Lakhvi (0W/2C, IND)",P00068|P00069|P02963|P04599|P04601
F0036,kathia,sahiwal,2,2,2,1993-2024,"Ghulam Farid Kathia (1W/2C, PPP); Mehar Ghulam Fareed Kathia (1W/5C, PPP)",P00150|P04697
F0038,joiya,pakpattan|sahiwal,2,2,2,1993-2024,"Mian M. Amjad Joiya (1W/4C, PPP|PTI); Dr. Junaid Mumtaz Joiya (1W/2C, IND|PMLQ)",P00159|P03087
F0055,rabani,muzaffargarh,2,2,2,1993-2018,"Raza Rabani Khar (1W/1C, PPP); Malik Ghulam M. Noor Rabani Khar (1W/2C, PML-H|PMLN)",P00201|P10783
F0077,bhayo,shikarpur,6,2,2,1993-2018,"Abid Hussain Bhayo (1W/1C, PPP); Altaf Ali Bhayo (1W/1C, PPP); Wahid Bakhsh Khan Bhayo (0W/1C, PPP); Mir Hazar Khan Bhayo (0W/1C, IND); Sardar Wahid Bakhsh Bhayo (0W/3C, IND|PPP); Mir Ramzan Khan Bhayo (0W/1C, IND)",P00304|P00306|P00311|P01615|P04903|P10887
F0084,jatoi,naushahro feroze|naushero feroz|naushero feroze,11,2,2,1993-2024,"Ghulam Murtaza Khan Jatoi (1W/4C, GDA|IND|NP); Rais Ghulam Murtaza Jatoi (1W/1C, National Peoples Party); Asif Mustafa Jatoi (0W/1C, IND); Arif Mustafa Jatoi (0W/4C, IND); Saeed Ahmed Jatoi (0W/1C, IND); Masroor Ahmed Khan Jatoi (0W/1C, IND); Khalid Akhtar Jatoi (0W/2C, IND|NA(alliance)); Taimour Jatoi (0W/1C, IND); Ghulam Rasool Khan Jatoi (0W/4C, IND|National Peoples Party); Bilal Khan Jatoi (0W/1C, IND); Razi Ali Khan Jatoi (0W/1C, IND)",P00339|P01640|P01644|P03363|P04967|P07517|P07519|P07525|P07549|P11018|P14015
F0122,mahessar,dadu,3,2,2,1993-2008,"Talat Iqbal Mahessar (1W/2C, IND|PPP); Rafiq Ahmad Mahessar (1W/3C, PPP); Tufail Ahmed Mahessar (0W/1C, IND)",P00527|P03519|P05170
F0123,kundi,d khan cum tank|di khan|di khan cum tank|tank|tank cum di khan,11,2,2,1993-2024,"Dawar Khan Kundi (1W/8C, IND|PPP|PTI); Faisal Karim Kundi (1W/8C, IND|PPP); Ahmed Habibullah Khan Kundi (0W/1C, IND); Ahmad Karim Kundi (0W/2C, IND); Abdur Rahim Khan Kundi (0W/1C, IND); Mustafa Kundi (0W/4C, IND|PTI); Tariq Rahim Kundi (0W/1C, IND); Hamid Nawaz Khan Kundi (0W/1C, IND); Ahmad Kundi (0W/2C, IND); Habibullah Khan Kundi (0W/1C, PMLQ); Irfanullah Khan Kundi (0W/1C, IND)",P00536|P03556|P03652|P05213|P05265|P05266|P05271|P05272|P07929|P07951|P09685
F0137,hashmi|rehan,karachi|karachi central,10,2,2,1993-2013,"Muhammad Rehan Hashmi (1W/1C, MQM); Muzaffar Ahmad Hashmi (1W/2C, IND|JI); Muhammad Rehan Shamim (0W/1C, IND); Syed M. Nihal Hashmi, Adv. (0W/1C, PMLN); Syed Rehan Ali (0W/1C, AML); Syed Tariq Ali Hashmi (0W/1C, IND); Tahir Ashraf Hashmi (0W/1C, IND); Syed Muhammad Nihal Hashmi (0W/1C, PMLN); Zahid Hussain Hashmi (0W/1C, PTI); Faisal Ahmed Hashmi (0W/1C, IND)",P00612|P03680|P03740|P07990|P08005|P08085|P08087|P08113|P08122|P08147
F0206,tiwana,khushab,4,2,2,1993-2018,"Malik M. Saifullah Tiwana (1W/1C, IND); MALIK MUHAMMAD EHSAN ULLAH TIWANA (1W/2C, IND|PTI); Malik Ghulam M. Khan Tiwana (0W/2C, IND|PML-H); Malik Sultan Mehmood Wadhal Tiwana (0W/1C, PPP)",P01080|P04194|P05807|P05808
F0209,dhandla,bhakkar,2,2,2,1993-2024,"M. Zafarullah Khan Dhandla (1W/2C, PMLN); Dr Muhammad Afzal Khan Dhandia (1W/4C, IND|PMLN)",P01097|P04212
F0236,amir,sialkot,3,2,2,1993-2024,"Ch. Amir Hussain (1W/2C, PMLQ); Amir Hussain (1W/2C, PMLN); Amir Khalid (0W/1C, IND)",P01263|P02768|P12583
F0238,malhi|asjad,sialkot,4,2,2,1993-2024,"Ch. Sikandar Hayat Malhi (1W/2C, PMLN); Ali Asjad Malhi (1W/5C, IND|PMLQ|PTI); Sami Ullah Malhi (0W/1C, IND); Omer Asjad (0W/1C, IND)",P01270|P02781|P12596|P12597
F0307,jatoi,dadu,8,2,2,1997-2024,"Abdul Hameed Khan Jatoi (1W/1C, PMLN); Liaqat Ali Jatoi (1W/4C, GDA|PMLN|PMLQ|PTI); Sadaqat Ali Jatoi (0W/2C, IND|PMLN); Nabi Bux Jatoi (0W/1C, IND); Ahsan Ali Jatoi (0W/1C, IND); Karim Ali Jatoi (0W/4C, GDA|IND|PMLN|PTI); Ihsan Ali Jatoi (0W/1C, PMLQ); Liquat Ali Khan Jatoi (0W/1C, PMLQ)",P01807|P01810|P03518|P05159|P05168|P07837|P11182|P14232
F0309,rajar|sarfaraz,sanghar,6,2,2,1997-2008,"Ghulam Dastgir Rajar (1W/1C, PMLF); Qazi Abdul Qudus Rajar (1W/1C, PMLF); Sarfaraz Rajar (0W/1C, PPP); Jian Khan Sarfaraz Rajar (0W/2C, PPP); Haji Khuda Bakhsh Rajar (0W/1C, IND); Hafiz Junaid Rajar (0W/1C, IND)",P01822|P03524|P03526|P05184|P05185|P05186
F0362,lali,chiniot|jhang,5,2,2,1997-2024,"Mehar Ghulam Muhammad Lali (1W/1C, IND); Ghulam Muhammad Lali (1W/1C, PMLN); Muhammad Ameer Ali Lali (0W/1C, IND); Muhammad Ahsan Lali (0W/3C, IND); M. Ismail Bodhar Lali (0W/1C, IND)",P02504|P09253|P09256|P12827|P12834
F0453,gopang|talal,muzaffargarh,3,2,2,2002-2024,"Amir Talal Gopang (1W/1C, PMLN); Aamir Talal Khan (1W/1C, PTI); Ashiq Hussain Khan Gopang (0W/1C, PMLQ)",P03171|P10809|P13773
F0455,yar|waran,bahawalpur,5,2,2,2002-2024,"Aamir Yar Malik (1W/1C, PPP); Malik Aamir Yar Waran (1W/2C, IND); Khan Khuda Yar Khan (0W/1C, TLP); Malik Ahmad Yar (0W/1C, IND); Malik Yasir Yar Waran (0W/2C, IND)",P03182|P04794|P04799|P10715|P13655
F0481,mazari,jacobabad,4,2,2,2002-2013,"Sardar Saleem Jan Khan Mazari (1W/1C, NA(alliance)); Ihsan Ur Rahman Mazari (1W/1C, PPP); Awal Jan Mazari (0W/1C, ST); Nazar Ali Mazari (0W/1C, Pakistan Falah Party)",P03347|P07493|P07511|P07514
F0558,ibadullah,shangla|swabi|swat,2,2,2,2002-2018,"Ibadullah (1W/2C, IND|PMLN); Ibadullah Khan (1W/3C, IND|PMLN)",P03902|P09432
F0608,warraich|safdar,gujranwala,10,2,2,2002-2024,"Imtiaz Safdar (1W/1C, PPP); Imtiaz Safdar Warraich (1W/4C, IND|PPP); Ulfat Rasul Warraich (0W/1C, IND); Zaheer Ahmad Zia Warraich (0W/1C, Tehreek-e-Tahaffuze Pakistan); AMIR YAQOOB WARAICH (0W/1C, IND); Ulfat Rasool Waraich (0W/1C, IND); M. Ayub Safdar (0W/1C, MMA); SULTAN AHMAD WARRAICH (0W/2C, IND); Sarfraz Ahmad Warraich (0W/1C, IND); Hafiz Muhammad Safdar Qasmi (0W/1C, JUIS)",P04332|P04350|P05940|P05945|P09384|P09387|P09396|P10098|P10102|P12655
F0609,bhinder|bhindar,gujranwala,7,2,2,2002-2024,"Ch. Zulfiqar Ali Bhindar (1W/1C, PMLN); Ch. Shahid Akram Bhinder (1W/2C, PMLQ); Manzoor Qadir Bhinder (0W/1C, IND); Naveed Anwar Bhinder (0W/1C, IND); Ch Zulfiqar Bhindar (0W/1C, PPP); SAEED YOUSAF BHINDER (0W/2C, IND); Chaudhry Muhammad Anwar Bhinder (0W/1C, PMLQ)",P04343|P09382|P09409|P10107|P10124|P12676|P12682
F0644,gilani,pakpattan,2,2,2,2008-2013,"Syed Muhammad Athar Hussain Shah Gillani (1W/1C, PMLN); Syed Muhammad Salman Mohsin Gillani (1W/1C, PMLN)",P04709|P06881
F0769,ellahi,attock,2,2,2,2008-2013,"Muhammad Zain Ellahi (1W/1C, IND); Pervaiz Ellahi (1W/1C, PMLQ)",P05755|P08954
F0866,mazari,kashmore|rajanpur,2,2,2,2013-2024,"Shamsher Ali Mazari (1W/4C, IND|MMA); Ehsan ur Rehman Mazari (1W/1C, PPP)",P07012|P10874
F0882,bajwa,bahawalnagar,3,2,2,2013-2024,"Ehsan Ul Haq Bajwa (1W/2C, IND|PMLN); Chaudhary Ehsan Ul Haq Bajwa (1W/1C, PMLN); Ch Aman Ullah Bajwa (0W/1C, IND)",P07189|P07191|P13609
F0953,gulzar,peshawar|shangla,2,2,2,2013-2024,"Gulzar Khan (1W/2C, IND|PTI); Shandana Gulzar Khan (1W/1C, IND)",P08612|P11910
F0153,achakzai|acakzai,killa abdullah|killa abdullah cum chaman|pishin cum killa abdullah|quetta|quetta,7,1,5,1993-2024,"Mehmood Khan Achakzai (5W/11C, PkMAP); Umar Khan Achakzai (0W/1C, IND); Haji Behram Khan Achakzai (0W/1C, IND); Malik Muhammad Usman Achakzai (0W/1C, ANP); Asghar Khan Achakzai (0W/1C, ANP); Naseeb Ullah Acakzai (0W/1C, BAP); Haji Janan Khan Achakzai. (0W/1C, IND)",P00742|P05391|P05393|P11534|P11554|P14879|P14886
F0186,abbasi|abbassi,islamabad|rawalpindi,5,1,4,1993-2024,"Shahid Khaqan Abbasi (4W/7C, PMLN); Masood Ahmad Abbassi (0W/1C, IND); Yasir Riaz Abbasi (0W/1C, IND); Raja M. Yamin Abbasi (0W/1C, PAT); Asrar Ahmed Abbasi (0W/1C, IND)",P01000|P04084|P05713|P09877|P12167
F0314,gabol,karachi|karachi south,2,1,4,1997-2024,"Nabeel Ahmed Gabbol (4W/6C, IND|MQM|PPP); Ahmed Gabol (0W/1C, MQM)",P01895|P08164
F0344,parvaiz,rawalpindi,3,1,4,1997-2024,"Raja Pervaiz Ashraf (4W/6C, PPP); Zahid Parvaiz (0W/1C, PML-KQK); Khurram Pervaiz Raja (0W/2C, IND|PPP)",P02366|P05717|P12379
F0660,islam,sukkur,3,1,4,2008-2024,"Nauman Islam Shaikh (4W/4C, PPP); Salman Islam Shaikh (0W/1C, IND); Arsalan Islam Shaikh (0W/1C, IND)",P04852|P04860|P07306
F0017,rao|ajmal,okara,7,1,3,1993-2024,"Rao M. Ajmal Khan (3W/5C, IND|PMLN|PMLQ); RAO FAHAD AJMAL (0W/1C, IND); Col. (R) Ikhlaq Ahmed Rao (0W/1C, IND); Rao M. Ajmal (0W/1C, PPP); Khalil Akhtar Rao (0W/1C, IND); Rao Saad Ajmal (0W/3C, IND); Rao Abdul Majeeb Khan (0W/3C, IND)",P00078|P01418|P02979|P02980|P04622|P04631|P10544
F0161,sherani,old zhob|zhob cum killa saifullah,3,1,3,1993-2013,"Molvi M. Khan Sheerani (3W/5C, IJM|JUIF|MMA); Malik Mauladad Khan Sherani (0W/2C, PMLN); M. Ibrahim Sherani (0W/1C, IND)",P00794|P02022|P03823
F0291,magsi|yaseen,larkana|qambar shahdadkot,8,1,3,1997-2024,"Mir Ami Ali Khan Magsi (3W/3C, PPP); Yaseen Magsi (0W/1C, IND); Mir Nadir Ali Magsi (0W/1C, IND); Fida Hussain Magsi (0W/1C, PMLN); Ghulam Yaseen (0W/1C, MQM); Sohail Nazir Magsi (0W/1C, IND); Nazir Hussain Magsi (0W/1C, IND); Mir Amir Khan Magsi (0W/1C, IND)",P01702|P01704|P03326|P04929|P07444|P07459|P13923|P13930
F0330,orakzai,ta|ta frontier region kurram and parts of lower kurram|ta kurram agency,4,1,3,1997-2018,"Munir Khan Orakzai (3W/3C, IND|MMA); Malik Saifullah Khan Orakzai (0W/1C, IND); Malik M. Naseer Khan Orakzai (0W/1C, IND); Haji Suhbat Khan Orakzai (0W/2C, IND)",P02183|P02194|P03940|P03950
F0336,qadri,ta|ta jamrud landi kotal and mulagore tehsils of khyber agency|ta khyber agency,2,1,3,1997-2018,"Noor-Ul-Haq Qadri (3W/4C, IND|PTI); Pir Noor Ul Haq Qadri (0W/1C, IND)",P02304|P08716
F0374,subhani,sialkot,4,1,3,1997-2024,"Chaudhary Armaghan Subhani (3W/3C, PMLN); TARIQ SUBHANI (0W/1C, IND); Khush Akhtar Subhani (0W/1C, PMLJ); Amaghan Subhani (0W/1C, IND)",P02641|P02784|P06125|P10042
F0450,javid,abbottabad,3,1,3,2002-2024,"Murtaza Javed Abbasi (3W/5C, PMLN); Mohammad Javid Abbasi (0W/1C, IND); Lt Col. Abdul Ghaffar Javid (0W/1C, IND)",P03164|P04776|P04777
F0557,muqam|amir,peshawar|shangla|swat,3,1,3,2002-2024,"Amir Muqam (3W/5C, MMA|PMLN|PMLQ); Amir Sultan (0W/1C, MMA); Ameer Muqam (0W/3C, PMLN|PMLQ)",P03897|P05583|P09482
F0574,chudhary|asia,islamabad,3,1,3,2002-2024,"Dr. Tariq Fazal Chaudry (3W/5C, PMLN); Asia Chudhary (0W/1C, Pakistan Aman Party); Asia Bibi (0W/2C, IND)",P04082|P08833|P09878
F0590,awan,khushab,5,1,3,2002-2024,"Malik Shakir Bashir Awan (3W/4C, PMLN); Nisar Aslam Awan (0W/1C, IND); Malik Mazhar Iqbal Awan (0W/1C, IND); Malik Tanvir Sultan Awan (0W/1C, IND); Malik M. Shabbir Awan (0W/1C, PMLQ)",P04195|P05802|P05806|P10199|P12779
F0598,sherpao,charsadda,2,1,3,2002-2024,"Aftab Ahmad Khan Sherpao (3W/5C, QWP); Alaf Khan Sherpao (0W/1C, TLP)",P04241|P11867
F0771,bhatti,sargodha,3,1,3,2008-2024,"Zulfiqar Ali Bhatti (3W/4C, PMLN|PPP); Najaf Ali Bhatti (0W/1C, IND); Muhammad Sarwar Bhatti (0W/3C, IND)",P05792|P09034|P10187
F0941,magsi,jhal magsi cum kachhi cum nasirabad|nasirabad cum kachhi cum jhal magsi|old kach,3,1,3,2013-2024,"Khalid Hussain Magsi (3W/3C, BAP|IND); Aurangzeb Alamgir Magsi (0W/1C, IND); Mir Muhammad Magsi (0W/1C, PSP)",P08357|P11488|P11504
F0009,kasuri,kasur,5,1,2,1993-2024,"Mian Khurshid Mehmood Kasuri (2W/6C, PMLN|PMLQ|PTI); Sarah Kasuri (0W/1C, IND); Ahmad Raza Kasuri (0W/2C, IND|PTI); Nasir Mehmood Kasuri (0W/1C, IND); Bukhtiar Mehmood Kasuri (0W/5C, IND)",P00046|P00059|P02954|P04603|P13304
F0040,maneka,pakpattan,4,1,2,1993-2024,"Ahmad Raza Maneka (2W/6C, IND|PML-H|PMLN|PMLQ|PTI); Mian Muhammad Farrukh Mumtaz Khan Maneka (0W/1C, IND); Mian Atta Muhammad Maneka (0W/1C, IND); Mian Ghulam M. Ahmad Khan Maneka (0W/1C, IND)",P00166|P01485|P04708|P13405
F0054,khar,kot addu|lahore|muzaffaragrah|muzaffargarh,8,1,2,1993-2024,"Ghulam M. Mustafa Khar (2W/8C, IND|PMLF|PPP|PTI); Malik Muhammad Mudassar Abbas Khar (0W/2C, IND); Malik Bilal Ahmad Khar (0W/1C, IND); Mussarrat Farooq Khar (0W/1C, IND); Ayunia Mustafa Khar (0W/1C, IND); Malik Tahir Sultan Meladi Khar (0W/1C, IND); Malik Abdul Khaliq Khar (0W/1C, PMLN); Malik Raza Rabani Khar (0W/1C, PPP)",P00199|P07048|P13782|P13791|P13793|P13795|P13801|P13804
F0095,chandio,kamber shahdadkot|larkana|qambar shahdadkot,12,1,2,1993-2024,"Shabir Ahmad Chandio (2W/2C, PPP); Bakht Jamal Chandio (0W/1C, PTI); Burhan Chandio (0W/2C, IND); Nawabzada Rehan Cnandio (0W/2C, IND); Sarfraz Ahmed Chandio (0W/1C, Jannat Pakistan Party); Sardar Khan Chandio (0W/2C, IND|PMLQ); Abdul Manan Chandio (0W/2C, IND); Mushtaq Ahmad Chandio (0W/1C, IND); Nawabzada Sardar Khan Chandio (0W/1C, IND); Sardar Ahmad Sultan Chandio (0W/1C, PMLN); Abdul Monnium Khan Chandio (0W/1C, IND); Nawabzada Burhan Chandio (0W/1C, IND)",P00407|P00408|P00409|P01698|P04932|P07396|P07430|P07455|P10934|P13933|P13936|P13938
F0106,talpur,badin|hyderabad|old hyderabad|tando muhammad khan,16,1,2,1993-2024,"Mir Ghulam Ali Talpur (2W/2C, PPP); Mir Mushtaque Ali Talpur (0W/1C, IND); Mir Haider Ali Khan Talpur (0W/9C, IND|PMLN|PTI); Mir Sher M. Talpur (0W/1C, PTI); Dr. Aziz Talpur (0W/1C, AT); Mir Ghulam Ali Khan Talpur (0W/1C, IND); Mir Irfan Talpur (0W/1C, IND); Yar M. Talpur (0W/2C, IND); Mir Raheel Talpur (0W/1C, IND); Mir Hussain Bux Talpur (0W/1C, GDA); Mir Inayat Ali Talpur (0W/1C, IND); Nawab Arshad Ali Talpur (0W/1C, PMLN); Mir Ali Nawaz Talpur (0W/3C, GDA|National Peoples Party); Nawab Huma Talpur (0W/2C, IND|PMLN)",P00448|P01743|P01744|P01749|P03440|P03444|P03465|P05051|P05079|P07708|P07711|P07712|P07742|P11146|P11150|P14189
F0164,bugti,sibi cum dera bugti cum kohlu cum ziarat|sibi cum kohlu cum dera bugti cum ziara,2,1,2,1993-1997,"Nawab M. Akbar Khan Bugti (2W/2C, JWP); Raziq Bugti (0W/1C, IND)",P00809|P02030
F0171,aurangzeb,swat,3,1,2,1993-2008,"Mian Gul Aurangzeb (2W/2C, PMLN); Adnan Aurangzeb (0W/1C, PMLQ); Main Gul Adnan Aurangzeb (0W/1C, IND)",P00845|P03882|P05486
F0172,muhyuddin,chitral,2,1,2,1993-2008,"Shahzada Mohyuddin (2W/3C, PMLN|PMLQ); Shahzada Ghulam Muhyuddin (0W/1C, PPP)",P00859|P05510
F0183,bismillah,ta|ta bajaur agency,2,1,2,1993-2013,"Bismillah Khan (2W/3C, IND); Bismillah Jan (0W/2C, IND)",P00952|P08706
F0201,ranjha,sargodha,8,1,2,1993-2024,"Mohsin Shah Nawaz Ranjha (2W/5C, IND|PMLN); Riaz Ahmad Ranjha (0W/1C, PTI); Ch Altaf Hussain Ranjha (0W/1C, IND); Mian Saif Ahmad Ranjha (0W/1C, IND); Mian Manazir Ali Ranjha (0W/1C, PPP); Ch. Shah Nawaz Ranjha (0W/1C, IND); Dr. Khalid Ranjha (0W/1C, JI); Madiha Mazhar Ali Ranjha (0W/1C, IND)",P01058|P02412|P02414|P02418|P02419|P05780|P09014|P10167
F0242,aitzaz,bahawalpur|lahore,2,1,2,1993-2013,"Aitzaz Ahsan (2W/3C, PPP); Bushra Aitzaz Ahsan (0W/1C, PPP)",P01301|P06311
F0254,noon,multan,6,1,2,1997-2024,"Rana Muhammad Qasim Noon (2W/6C, IND|PMLN|PMLQ|PPP|PTI); Rana Ejaz Ahmad Noon (0W/2C, IND); Rana Talal Ahmad Noon (0W/1C, IND); Rana Shahzad Ahmad Noon (0W/1C, IND); Muhammad Sheharyar Noon (0W/1C, IND); Rana Shahzeb Ahmad Noon (0W/1C, IND)",P01445|P06760|P10647|P10648|P13525|P13528
F0258,qureshi,khanewal,5,1,2,1997-2024,"Zahoor Hussain Qureshi (2W/2C, IND|PTI); Pir Arif Zaman Qureshi (0W/1C, IND); Pir Shujat Hasnain Qureshi (0W/1C, IND); Haider Zaman Qureshi (0W/1C, PPP); Pir Haider Zaman Qureshi (0W/1C, PPP)",P01463|P01464|P04681|P10596|P10598
F0260,dogar,pakpattan,3,1,2,1997-2018,"Sardar Mansab Ali Doggar (2W/4C, IND|PMLN); Hameed Ghazi Dogar (0W/1C, SIC); Amir Hamza Dogar Advocate (0W/1C, Tehreek-e-Tahaffuze Pakistan)",P01486|P06878|P06892
F0265,wattoo,bahawalnagar,6,1,2,1997-2024,"Muhammad Abdul Ghafar Wattoo (2W/2C, IND|PMLN); Muhammad Murtaza Rizvi Wattoo (0W/1C, ST); Mian M. Akram Wattoo (0W/1C, PPP); Molanaa Moenuddin Wattoo (0W/1C, MMA); Mian Akhter Saeed Wattoo (0W/1C, PTI); Muhammad Amir Wattoo (0W/2C, IND|Pakistan Kissan Ittehad)",P01553|P03200|P03201|P07199|P07203|P10685
F0278,behan,naushahro feroze|naushero feroz|naushero feroze|thatta,6,1,2,1997-2024,"Zulfiqar Ali Behan (2W/6C, PPP|Sindh Ittehad); Riaz Ahmad Behan (0W/1C, IND); Qurban Ali Behan (0W/1C, IND); M. Younas Behan (0W/2C, IND|PPP-SB); Haji Rehmatullah Behan (0W/1C, PPP); Aziz Ahmed Behan (0W/4C, IND)",P01633|P01636|P01637|P03358|P04969|P14013
F0323,rind,bolan cum jhall magsi|jhal magsi cum kachhi cum nasirabad|kacchi|nasirabad cum k,4,1,2,1997-2024,"Sardar Yar M. Rind (2W/5C, IND|JWP|NA(alliance)|PMLQ|PTI); Mir Sardar Khan Rind (0W/3C, IND); Abdul Raheem Rind (0W/1C, IND); Mir Amir Khan Rind (0W/1C, IND)",P02025|P08358|P08363|P11501
F0347,farrukh,jhelum,2,1,2,1997-2024,"CHAUDHARY FARRUKH ALTAF (2W/4C, PMLN|PMLQ|PPP|PTI); Kashifa Farrukh (0W/1C, IND)",P02399|P12412
F0445,rabbani,muzaffargarh,2,1,2,2002-2013,"Hina Rabbani Khar (2W/2C, PMLQ|PPP); Ghulam Rabbani Khar (0W/1C, PPP)",P03143|P07032
F0473,jatoi,kashmore|shikarpur,3,1,2,2002-2024,"M. Ibrahim Jatoi (2W/5C, IND|JUIF|NA(alliance)|National Peoples Party); Naeem Ahmad Khan Jatoi (0W/3C, IND); Ameer Ali Jatoi (0W/3C, IND)",P03303|P07383|P07384
F0513,rizvi,karachi,3,1,2,2002-2013,"Syed Haider Abbas Rizvi (2W/3C, IND|MQM); Sher Ali Rizvi (0W/1C, Sindh Urban-Rural Alliance); Ali Syed Hassan Jaffer Rizvi (0W/1C, IND)",P03571|P03749|P08150
F0535,hakeem|baloch,karachi|malir,3,1,2,2002-2024,"Abdul Hakeem Baloch (2W/4C, IND|PMLN|PPP); Abdul Hakeem (0W/1C, IND); Baber Hakeem Baloch (0W/2C, IND)",P03764|P08080|P11209
F0555,jalal,kech|kech cum gwadar,2,1,2,2002-2018,"Zubaida Jalal (2W/3C, BAP|IND|PMLN); Zubeda Jalal (0W/1C, IND)",P03871|P05478
F0560,gulab,hangu|hangu cum orakzai|ta|ta orakzai agency,4,1,2,2002-2024,"Dr. Syed Ghazi Gulab Jamal (2W/5C, IND); Muhammad Gulab (0W/2C, IND); Dr. Gulab Akbar (0W/1C, IND); Gulab Khan (0W/1C, IND)",P03953|P05577|P08658|P09784
F0634,wirk,nankana sahib|shekhupura,2,1,2,2008-2018,"Ch. Bilal Ahmed Virk (2W/3C, PMLN|PTI); Ch.waqas Ahmed Virk (0W/2C, IND)",P04570|P04576
F0671,bijarani,jacobabad|kashmore,5,1,2,2008-2024,"Mir Shabbir Ali Bijarani (2W/4C, IND|PPP); Mir Haider Ali Bijarani (0W/1C, IND); Abdul Ghani Bijarani (0W/1C, GDA); Mir Salman Khan Bijarani (0W/1C, IND); Mir Irfan Ali Khan Bijarani (0W/2C, IND)",P04948|P07496|P10876|P10878|P13899
F0702,kumar|malani|malhani,tharparkar,5,1,2,2008-2024,"Mahesh Kumar Malani (2W/4C, IND|PPP); Manoj Kumar (0W/1C, IND); Vijay Kumar (0W/1C, IND); Dr. Manoj Kumar Malhani (0W/2C, IND); Kanwar Kumar (0W/1C, IND)",P05128|P05131|P11091|P14098|P14099
F0705,marri|mari,sanghar,6,1,2,2008-2024,"Shazia Jannat Marri (2W/2C, PPP); Quratulain Marri (0W/3C, IND); Shazia Marri (0W/1C, PPP); Zakir Hussain Mari (0W/1C, PMLN); Liaquat Ali Mari (0W/1C, IND); Ali Muhammad Marri (0W/1C, IND)",P05179|P05197|P07873|P07877|P11046|P11050
F0736,reki,kharan cum panjgur|panjgur cum washuk cum awaran,2,1,2,2008-2018,"Ehsanullah Reki (2W/3C, BAP|PMLQ|PPP); Mir Kulyan Khan Reki (0W/1C, IND)",P05468|P05476
F0775,masti,bhakkar,2,1,2,2008-2024,"MUHAMMAD SANA ULLAH KHAN MASTI KHEL (2W/4C, IND|PMLN); Aziz Ahmed Khan Masti Khel (0W/1C, IND)",P05816|P09084
F0790,amir,peshawar,2,1,2,2013-2024,"Arbab Amir Ayub (2W/2C, IND|PTI); Amir Syed (0W/1C, PPP-SB)",P05955|P09608
F0839,amir|ghani,multan,3,1,2,2013-2024,"Malik Muhammad Amir Doger (2W/3C, IND|PPP|PTI); Muhammad Amir Ghani (0W/1C, IND); Muhammad Huzaifa Ghani (0W/1C, IND)",P06677|P13527|P13529
F0922,rafi,karachi|malir,2,1,2,2013-2024,"Syed Rafiullah (2W/2C, PPP); Muhammad Rafiq (0W/3C, IND)",P08033|P11210
F0924,alvi,karachi|karachi south,2,1,2,2013-2024,"Arif Ur Rehman Alvi (2W/2C, PTI); Awab Alvi (0W/1C, IND)",P08057|P14464
F0949,turi,kurram|ta,6,1,2,2013-2024,"Mr Sajid Hussain Turi (2W/3C, IND|PPP); Zahid Hussain Turi (0W/1C, IND); Inayat Hussain Turi (0W/1C, IND); Muhammad Hussain Turi (0W/1C, IND); Mir Afzal Khan Turi (0W/1C, IND); Hamid Hussain Turi (0W/1C, IND)",P08561|P08566|P08571|P09786|P12004|P12010
F1064,haque,karachi west,2,1,2,2018-2024,"SYED AMIN UL HAQUE (2W/2C, MQM); Hafiz UL Haque (0W/1C, IND)",P11369|P14547
F0000,bilour,peshawar,3,1,1,1993-2024,"Haji Ghulam Ahmed Bilour (1W/5C, ANP); Ilyas Ahmad Bilour (0W/1C, IND); Usman Bashir Bilour (0W/1C, ANP)",P00001|P02712|P09627
F0002,diyal|dial|ashiq|dayal,islamabad|lahore,4,1,1,1993-2018,"Ch. M. Ashiq Diyal (1W/3C, IND|PMLN|PMLQ); Naila Joseph Dayal (0W/5C, Christian Progressive Movement|IND); Aneel Ashiq Mutu (0W/1C, NP); Ijaz Ahmad Dial (0W/3C, IND|PMLQ)",P00017|P00021|P04527|P10479
F0003,pannu,shekhupura,2,1,1,1993-1997,"Nisar Ahmad Pannu (1W/1C, PPP); Nasir Ahmad Pannu (0W/1C, PPP)",P00023|P01361
F0007,chattha|chatha,shekhupura,3,1,1,1993-2024,"Naeem Hussain Chattha (1W/2C, PMLN); Khurram Ijaz Chatha (0W/1C, IND); Abid Hussain Chattha (0W/1C, IND)",P00041|P06515|P13097
F0013,ashiq,kasur,3,1,1,1993-1997,"Sardar M. Ashiq Dogar (1W/1C, PPP); Malik Ashiq Hussain (0W/1C, IND); Sardar M. Ashiq (0W/1C, IND)",P00066|P00067|P01403
F0018,yasin,faisalabad|okara|toba tek singh,6,1,1,1993-2024,"Muhammad Zafar Yasin Wattoo (1W/1C, IND); Mehar Yasin Darsana (0W/1C, IND); Rana Muhammad Yasin (0W/1C, IND); Mian M. Javed Yasin Wattoo (0W/1C, PMLN); Haji Muhammad Yasin (0W/2C, IND|PPP); M. Yasin (0W/2C, IND|JI)",P00081|P02988|P04634|P05912|P09157|P09242
F0031,imam,jhang|khanewal,4,1,1,1993-2024,"Syed Fakhar Imam (1W/7C, IND|PMLN|PMLQ|PPP); Syed Faisal Imam (0W/3C, IND|JWP|PPP); Syeda Sughra Imam (0W/3C, IND|PPP); Syed Abid Hussain Imam (0W/2C, IND|PPP)",P00135|P04676|P05881|P09254
F0034,rasool|ramay,sahiwal,6,1,1,1993-2024,"Mian Anwar-Ul-Haq Ramay (1W/5C, IND|PMLN|PMLQ|PPP); Mian Khalid Mehmood Ramay (0W/1C, IND); Jahanzaib Rasool (0W/1C, IND); Hamaad Rasool Ramay (0W/1C, IND); Ghulam Rasool Tawan (0W/1C, IND); Choudhary Sharaqat Rasool Ghumman (0W/1C, PPP)",P00144|P01474|P04694|P06856|P06862|P13433
F0037,shahnaz,sahiwal,2,1,1,1993-2008,"Shahnaz Javed (1W/4C, PPP); Shahnaz Bibi (0W/1C, IND)",P00155|P00158
F0041,bhabha,vehari,4,1,1,1993-2024,"Mian Noor M. Khan Bhabha (1W/2C, PPP); M. Kashif Mushtaq Bhabha (0W/2C, PPP); Khizar Hayat Khan Bhabha (0W/1C, IND); Salman Ali Bhabha (0W/1C, IND)",P00167|P01489|P03100|P13590
F0056,baloch|buzdar,kot addu|lahore|multan|muzaffargarh,6,1,1,1993-2024,"Liaqat Baloch (1W/8C, JI|MMA); Muhammad Usman Farooq Baloch (0W/1C, IND); Niaz Ahmad Buzdar (0W/1C, PML-H); Niaz Ahmad Buzdar Baloch (0W/1C, IND); Muhammad Arif Khan Baloch (0W/3C, IND|PMLN); Sardar Rabnawaz Khan Mari Baloch (0W/1C, Mutahida Baloch Movement Pakistan)",P00202|P00211|P03141|P07040|P07041|P13742
F0058,qureshi,muzaffaragrah|muzaffargarh,2,1,1,1993-1997,"Mian Ghulam Abbas Qureshi (1W/2C, PMLN); Umer Farooq Ehsan Qureshi (0W/1C, PTI)",P00208|P01532
F0064,koreja|asgher,rahimyar khan,5,1,1,1993-2018,"Khawja Ghulam Rasool Koreja (1W/2C, PPP); Kh. M. Asghar Koreja (0W/1C, PMLN); Mian Muhammad Asgher (0W/1C, IND); Khawaja Muhammad Asgher Koreja (0W/1C, IND); Ghulam Fareed Koreja (0W/1C, Sairkistan Qaumi Ittehad)",P00246|P07206|P07229|P07238|P10728
F0068,bhutto|ghumro|kadir,karachi|karachi east|shikarpur|sukkur,8,1,1,1993-2018,"Asadullah Bhutto (1W/4C, JI|MMA); Abdul Qadir Ghumro (0W/3C, IND|PMLF); Ghanwa Bhutto (0W/1C, PPP-SB); H. M. Ramzan Bhutto (0W/1C, MMA); Yar M. Ghumro (0W/2C, IND|PMLN); Ghniva Bhutto (0W/1C, PPP-SB); Nadeem Kadir Bhutto (0W/1C, IND); Nadeem Qadir Bhutto (0W/1C, PMLF)",P00268|P00270|P00281|P03265|P03274|P07283|P08034|P08152
F0070,qureshi|jabbar|saghir|abbasi,karachi|karachi central|karachi east|naushero feroz|sukkur,14,1,1,1993-2024,"Muhammad Muzammil Qureshi (1W/3C, MQM|PPP|PSP); Abdul Jabbar (0W/4C, IND|MQM|PRHP|Tehreek-e-Tahaffuze Pakistan); Abdul Hameed Qureshi (0W/3C, IND|PPP); Col.(R) Abdul Jabbar Abbasi (0W/1C, IND); Ashraf Jabbar Qureshi (0W/2C, PTI); Javed Jabbar (0W/1C, NA(alliance)); Muhammad Ashraf Jabbar (0W/3C, IND|PTI); Anwar Ahmad Qureshi (0W/1C, MQM-H); Dr. Qadeer Ahmed Abbasi (0W/2C, IND|ST); Dr. Saghir Ahmad (0W/1C, IND); Abid Hussain Qureshi (0W/1C, IND); M. Zahid Qureshi (0W/3C, IND); Abdul Jabbar Lakho (0W/1C, IND); M. Saghir Qureshi (0W/1C, IND)",P00277|P00352|P00597|P00602|P00605|P00610|P00618|P01881|P03603|P03724|P05306|P08107|P11393|P14596
F0072,mahar,sukkur cum ghotki,2,1,1,1993-1997,"Sardar Ghulam M. Khan Mehar (1W/1C, PMLN); Sardar Ali Gohar Khan Mehar (0W/1C, IND)",P00283|P01601
F0101,soomro,jacobabad|larkana|shikarpur,10,1,1,1993-2024,"Mohammad Ayaz Soomro (1W/1C, PPP); Iftikhar Soomro (0W/3C, IND|PTI); Tarique Hussain Son of Aijaz Ali Soomro (0W/1C, IND); Ghulam Murtaza Son of Shah Muhammad Soomro (0W/1C, IND); Juniad Ahmed Soomro (0W/1C, IND); Rashid Mehmood Soomro (0W/3C, JUIF|MMA); Dr. Khalid Mehmood Soomro (0W/3C, IJM|JUIF|MMA); Junaid Ahmad Soomro (0W/1C, PPP-SB); Aftab Ahmed Soomro (0W/2C, IND|PTI); Tarique Hussain son of Piyaro Khan Dakhan Soomro (0W/1C, IND)",P00417|P01612|P01613|P04900|P07391|P10888|P10899|P10905|P10909|P10913
F0104,aurangzeb,hangu cum orakzai|kohistan|lower dir|mardan|north waziristan|peshawar|shangla,5,1,1,1993-2024,"Aurangzeb (1W/2C, IND); Malik Aurangzeb (0W/1C, PMLN); Alhaaj Malak Aurangzeb Khan (0W/1C, PMLQ); Shazia Aurangzeb Khan (0W/1C, PPP); Aurangzeb Khan (0W/6C, ANP|APML|IND|MQM)",P00441|P01732|P02528|P07818|P09289
F0109,wahab,hyderabad,3,1,1,1993-2002,"Prof. Khalid Wahab (1W/1C, MQM); Shahid Wahab (0W/1C, MQM); Shahid Ahmad Khanzada Alias Shahid Wahab (0W/1C, MQM)",P00463|P01750|P03410
F0125,dero|hayat|faraz,sanghar,7,1,1,1993-2018,"Naveed Dero (1W/3C, IND|PPP); Paras Dero (0W/1C, IND); Sikandar Hayat Dero (0W/1C, IND); Khizar Hayat (0W/1C, IND); Faraz Dero (0W/1C, IND); Fida Hussain Dero (0W/4C, IND|PPP); FARAZ (0W/1C, IND)",P00551|P03531|P05180|P07865|P07868|P11045|P11057
F0133,baloch,karachi|karachi west,3,1,1,1993-2018,"Mohammad Salman Khan Baloch (1W/2C, IND|MQM); Abdullah Baloch (0W/1C, National Peoples Party); K.s. Mujahid Khan Baloch (0W/3C, MQM|PMLJ|PMLQ)",P00574|P01853|P07909
F0136,rizvi|taqi,karachi|karachi central|karachi east,6,1,1,1993-2024,"Hafiz M. Taqi (1W/3C, MMA|PMLN); Syed Sadiq Raza Rizvi Jarchvi (0W/1C, IND); Syed Mazhar Taqi Rizvi (0W/1C, IND); Syed Rashid Rizvi (0W/1C, IND); Syed Kamran Ali Rizvi (0W/2C, MQM-H|Mohajir Qaumi Movement Pakistan); Muhammad Arshad Taqi (0W/1C, Tehreek-e-Tahaffuze Pakistan)",P00603|P00619|P01870|P08140|P11411|P14574
F0138,qadri,karachi central,4,1,1,1993-2024,"Usama Qadri (1W/1C, MQM); Muhammad Ali Qadri (0W/1C, TLP); Syed Saif Uddin Qadri (0W/1C, IND); Hamza Ali Qadri (0W/1C, PMLN)",P00613|P11392|P11428|P14571
F0139,farhan|chishti,karachi central,3,1,1,1993-2024,"Farhan Chishti (1W/1C, MQM); Amir Wali uddin Chishti (0W/1C, MQM); Farhan Zia (0W/1C, IND)",P00617|P11427|P14608
F0141,memon,badin|karachi|karachi south,8,1,1,1993-2018,"Abdul Aziz Memon (1W/5C, IND|PPP|PPP-SB); M. Ashraf Memon (0W/1C, PTI); Abubakar Memon (0W/1C, IND); Master Khursheed Ahmed Memon (0W/1C, IND); Noor Nabi M. Salih Memon (0W/1C, PTI); Ali Saleem Memon (0W/1C, IND); Mehmood Memon (0W/1C, PAT); Abdul Habib Memon (0W/4C, PPP|PPP-SB|Tehreek Inqilab Islami)",P00642|P00650|P03466|P03646|P03674|P05088|P05334|P08035
F0147,shaikhani,karachi|karachi east,3,1,1,1993-2024,"Abu Bakar Shaikhani (1W/3C, PMLN|PMLQ); Muhammad Ahmed Shaikhani Haji (0W/1C, IND); M. Haneef Shaikhani (0W/1C, IND)",P00685|P00694|P14397
F0155,kurd|saddiq,old kachhi|quetta cum chagai,8,1,1,1993-2013,"Mir Hamayun Aziz Kurd (1W/1C, IND); Sardar Zada Changaz Khan Kurd (0W/1C, IND); Molvi M. Saddiq Shah (0W/1C, IJM); Maj (R) Aamir Aziz Kurd (0W/1C, IND); Irfan Aziz Kurd (0W/2C, IND|PMLN); M. Sadiq Kurd (0W/1C, MQM); Major (Ret) Amir Aziz Kurd (0W/1C, PMLN); Haq Parat M. Saddiq Kurd (0W/1C, MQM)",P00744|P00751|P01976|P05431|P05435|P08230|P08359|P08362
F0156,baloch,quetta|quetta cum chagai,6,1,1,1993-2024,"Agha Hassan Baloch (1W/2C, BNP); Muhammad Ali Reki Baloch (0W/1C, JWP); Dr. M. Ishaq Baloch (0W/1C, Balochistan National Movement); Lt. General(R) Abdul Qadir Baloch (0W/1C, IND); Munawara Bibi Baloch (0W/1C, IND); M. Ismail Baloch (0W/1C, IND)",P00753|P01977|P05352|P08227|P14887|P14903
F0160,jogezai|aurangzaib,old zhob|quetta|sherani cum zhob cum killa saifullah|zhob cum killa saifullah,8,1,1,1993-2024,"Nawab M. Ayyaz Khan Jogezai (1W/5C, PkMAP); Sardar Aurangzaib Rakhsani (0W/1C, IND); Nawabzada Aurangzaib Jogezai (0W/1C, BNP); Toor Gul Khan Jogezai (0W/1C, PMLN); Nawabzada Sharif Jogezai (0W/1C, IND); Muhammad Amin Khan Jogezai (0W/2C, IND); Nawabzada Mohamamd Amin Khan Jogezai (0W/1C, ANP); Sardar Wazir Ahmad Jogezai (0W/2C, JUIS|PPP)",P00793|P02017|P05409|P08303|P14626|P14841|P14876|P14880
F0170,baloch|gulab,kech cum gwadar|turbat cum panjgur,10,1,1,1993-2024,"Shakeel Ahmad Baloch, Adv. (1W/1C, BNP); Abdul Malik Baloch (0W/1C, NP); Dr. M. Haider Baloch (0W/2C, PPP); Waja Hussain Wadela Baloch (0W/1C, HDT); Naveed Jan Baloch (0W/1C, IND); Khalil Baloch (0W/1C, IND); Babu Gulab (0W/1C, IND); Dr. M. Yasin Baloch (0W/1C, Balochistan National Movement); Gulab Baloch (0W/1C, JI); Saeed Faiz Baloch (0W/1C, BNP-A)",P00841|P02061|P02062|P08427|P08428|P14779|P14780|P14782|P14788|P14791
F0180,afzal,ta orakzai agency,2,1,1,1993-1997,"M. Afzal (1W/2C, IND); Khan Afzal (0W/1C, IND)",P00923|P02221
F0181,said,ta orakzai agency,3,1,1,1993-1997,"Syed Munir Said (1W/2C, IND); Alhaj Ghazi Said Jamal (0W/1C, IND); Said Ahmad (0W/1C, IND)",P00924|P00928|P00930
F0185,bukhari,islamabad|lahore,6,1,1,1993-2024,"Syed Nayyar Hussain Bokhari (1W/4C, PPP); Syed Faqir Hussain Shah Bukhari (0W/2C, APML|PML-KQK); Syed Sibt ul Haider Bukhari (0W/2C, PPP); Syed Zahid Bukhari (0W/1C, PPP); Syed Muhammad Ali Bukhari (0W/1C, IND); Sardar Hur Bukhari (0W/1C, IND)",P00990|P06339|P06341|P09879|P10476|P12192
F0188,qureshi|islam,rawalpindi,6,1,1,1993-2024,"Raja Qamar Ul Islam (1W/2C, PMLN); Talib Hussain Qureshi, Adv. (0W/1C, Jamiat Ulema-e-Pakistan); Aga Riaz-Ul-Islam (0W/2C, PPP); Khursheed Anwar Qureshi (0W/1C, IND); Qazi Noor Ul Islam Qureshi (0W/1C, IND); M. Siddiq Qureshi (0W/1C, PTI)",P01010|P02376|P04093|P08911|P09945|P12323
F0193,yar,attock,3,1,1,1993-2024,"Malik Allah Yar Khan (1W/2C, IND|PMLQ); Hassan Yar (0W/1C, IND); Malik Bahadur Yar (0W/1C, IND)",P01034|P12232|P12235
F0195,kiani,jhelum,4,1,1,1993-2024,"Bilal Azhar Kiani (1W/1C, PMLN); Mehdi Hassan Kiani (0W/1C, IND); Raja M. Nawaz Kiani (0W/1C, MMA); Raja Irshad-Ul-Haq Kiani (0W/1C, JI)",P01047|P01050|P04162|P12409
F0197,paracha,sargodha,4,1,1,1993-2024,"Inam-Ul-Haq Paracha (1W/3C, IND|PPP); Ihsan-Ul-Haq Paracha (0W/1C, PPP); Hasan Inam Paracha (0W/1C, IND); Haroon Ehsan Paracha (0W/3C, IND|PMLQ)",P01052|P01055|P02409|P04172
F0202,lak,sargodha,4,1,1,1993-2013,"Ahmad Zia-Ur-Rehamn Khan Lak (1W/1C, PMLN); Mehar Ahmed Shujjah Khan Lak (0W/1C, NA(alliance)); Mehar M. Yar Khan Lak (0W/3C, IND); Mehar Khaliq Yar Khan Lak (0W/2C, PPP)",P01061|P04173|P04175|P04181
F0207,rokhri|hayat|rokhari,mianwali,5,1,1,1993-2024,"Humair Hayat Rokhari (1W/3C, IND|PMLN); Khurram Hameed Khan Rokhari (0W/1C, IND); Gul Hameed Rokhri (0W/1C, IND); Gul Hamid Khan Rokhri (0W/1C, IND); Humair Hayat Khan (0W/1C, IND)",P01082|P01089|P02446|P02451|P12791
F0215,sarfraz,faisalabad|lahore|sialkot,9,1,1,1993-2024,"Muhammad Ali Sarfraz (1W/2C, IND); Sarfraz Ahmad (0W/2C, IND); Mian Khalid Sarfraz (0W/1C, PTI); Malik Hamid Sarfraz (0W/1C, IND); Malik Noor Muhammad Sarfraz Awan Advocate (0W/1C, Pakistan Justice Party); Sarfraz (0W/1C, IND); Mian Zahid Sarfraz (0W/3C, PML-H|PMLJ|PMLQ); Amina Sarfraz (0W/1C, IND); Muhammad Sarfraz Akbar (0W/1C, SIC)",P01134|P02495|P02818|P06289|P09155|P09209|P12977|P12993|P13017
F0216,yaseen,faisalabad|gujranwala|muzaffargarh,3,1,1,1993-2018,"Mian Amjad Yaseen (1W/1C, PMLN); Muhammad Yaseen Khan (0W/1C, IND); Muhammad Yaseen (0W/3C, IND|MQM)",P01138|P09192|P09195
F0218,kharal,toba tek singh,4,1,1,1993-2024,"Khalid Ahmad Khan Kharal (1W/3C, PPP); Javed Ahmad Khan Kharal (0W/1C, IND); Haida Ali Khan Kharal (0W/2C, IND|PPP); Sajida Abbas Kharal (0W/1C, IND)",P01173|P01180|P05909|P13049
F0230,fazlullah,lower dir|swabi,2,1,1,1993-2013,"Qazi Molana Fazlullah (1W/2C, IJM|JUIF); Fazlullah (0W/1C, JUIF)",P01223|P08508
F0232,shehzad,faisalabad|gujrat,3,1,1,1993-2024,"Khurram Shahzad (1W/4C, IND|PNP|PTI|Pakistan Awami Raj); Shehzad Anwar (0W/1C, IND); Safeer Shehzad (0W/1C, IND)",P01238|P10010|P12969
F0240,ishfaq,kasur|narowal,3,1,1,1993-2024,"M. Ishfaq (1W/2C, IND|PMLN); Imran Ishfaq (0W/2C, IND); M. Ishfaq Taj (0W/1C, IND)",P01291|P02660|P04611
F0289,junejo,larkana|qambar shahdadkot,2,1,1,1997-2024,"Khursheed Ahmed Junejo (1W/2C, IND|PPP); Moula Bakhsh Junejo (0W/1C, PTI)",P01692|P10915
F0320,tareen,loralai cum barkhan cum musakhel|loralai cum musa khail cum ziarat cum dukki cum,2,1,1,1997-2018,"Muhammad Israr Tareen (1W/2C, BAP|IND); Muhammad Iqbal Tareen (0W/1C, IND)",P01992|P11462
F0338,afridi,ta bara tehsil of khyber agency|ta khyber agency,3,1,1,1997-2002,"Molana Khalil-Ur-Rehman Afridi (1W/1C, IND); Mian Gul Afridi (0W/2C, IND); Dr. Bakht Wazir Afridi (0W/1C, IND)",P02307|P04039|P04042
F0341,afridi,ta tas attached to peshawar kohat bbannu di khan tank and lakki marwat districts,8,1,1,1997-1997,"Malik Haji Baz Gul Afridi (1W/1C, IND); Ibrahim Afridi (0W/1C, IND); Haji M. Jan Khan Afridi (0W/1C, IND); M. Azam Afridi (0W/1C, IND); Malik Taj Ali Afridi (0W/1C, IND); Masood Khan Afridi (0W/1C, IND); Ghulam Hassan Afridi (0W/1C, IND); Maliik Anayatullah Afridi (0W/1C, IND)",P02334|P02337|P02342|P02343|P02348|P02349|P02350|P02359
F0343,satti,rawalpindi,4,1,1,1997-2018,"Ghulam Murtaza Satti (1W/3C, PPP); Javed Iqbbal Satti (0W/2C, IND|PMLQ); MUHAMMAD MUNEEB SATTI (0W/1C, Pakistan Sunni Tehreek); Solat Majeed Satti Advocate (0W/1C, JI)",P02364|P04091|P08846|P09937
F0349,gondal|afzal,sargodha,4,1,1,1997-2024,"Nadeem Afzal Gondal (1W/4C, PPP|PTI); Zubair Ahmad Gondal (0W/2C, JI); Ch. M. Afzal Gondal (0W/1C, IND); Sajjad Haider Gondal (0W/3C, IND)",P02408|P05775|P09016|P12734
F0357,wirk,faisalabad,4,1,1,1997-2008,"Muhammad Ijaz Virk (1W/1C, PPP); M. Ijaz Virk, Adv. (0W/1C, IND); Ch. M. Ijaz Virk (0W/1C, PPP); Ch. M. Abid Virk (0W/1C, IND)",P02478|P04259|P04263|P05866
F0360,manan,bahawalnagar|faisalabad,2,1,1,1997-2024,"Mian Abdul Manan (1W/4C, IND|PMLN); Abdul Manan Aslam (0W/1C, IND)",P02492|P13014
F0365,abida,jhang,2,1,1,1997-2008,"Syeda Abida Hussain (1W/2C, PMLN|PPP); Abida Hussain (0W/1C, PMLQ)",P02520|P04290
F0379,dar|saira,lahore,3,1,1,1997-2013,"M. Ishaq Dar (1W/1C, PMLN); Saira Goga (0W/1C, APML); Saira Dar (0W/1C, IND)",P02691|P06250|P06332
F0385,sajid,peshawar,2,1,1,2002-2024,"Sajid Nawaz (1W/2C, IND|PTI); Sajid Abdullah (0W/1C, PTI)",P02713|P08453
F0395,anees,narowal,3,1,1,2002-2024,"Ch. Muhammad Tariq Anees (1W/1C, IND); Muhammad Talha Anees (0W/1C, IND); Muhammad Tariq Anees (0W/3C, IND|PPP)",P02797|P04442|P12617
F0396,riffat,narowal,2,1,1,2002-2024,"Riffat Javed (1W/1C, PMLQ); Riffat Javaid (0W/1C, IND)",P02803|P12636
F0398,qureshi|aleem,lahore,6,1,1,2002-2024,"Abdul Aleem Khan (1W/4C, IPP|PMLQ|PTI); M. Duryab Yousaf Qureshi Alhashmi (0W/2C, IND); Nouman hussain qureshi (0W/1C, Barabri Party Pakistan); Altaf Ahmed Qureshi (0W/1C, PPP); Noor Alam Qureshi (0W/1C, Qaumi Jamhoori Party); Moqaddus Aleem Qureshi (0W/1C, IND)",P02812|P02827|P02871|P02876|P10468|P13162
F0401,qadri,jhang|lahore|rawalpindi,7,1,1,2002-2018,"Dr. M. Tahir-Ul-Qadri (1W/3C, PAT); Syed Zaeem Hussain Qadri (0W/6C, IND); Hassan Mir Qadri (0W/1C, IND); Mian Ghulam Shabir Qadri (0W/1C, ST); Sajjad Haider Qadri (0W/1C, ST); Haji Rana Sharafat Ali Qadri (0W/1C, SIC); Rana Muhammad Riaz Qadri (0W/1C, ST)",P02838|P02841|P02875|P04123|P06257|P06340|P06351
F0408,bhutta,lahore,2,1,1,2002-2013,"Chaudry Nasir Ahmed Bhutta (1W/2C, PMLN); Sarfraz Asghar Bhutta (0W/1C, IND)",P02877|P06385
F0410,warraich,lahore,2,1,1,2002-2018,"Maj. (R) Habibullah Warraich (1W/2C, PMLQ); Waqar Nadeem Warraich (0W/2C, MMA)",P02884|P02894
F0413,dhillon,shekhupura,3,1,1,2002-2024,"Brig. (R) Zulfiqar Ahmad Dhillon (1W/2C, PMLQ); Muhtarma Amna Zulfiqar Dhillon (0W/1C, PMLQ); Umer Aftab Dhillon (0W/3C, IND)",P02896|P04541|P06443
F0414,sharaqpuri,shekhupura,2,1,1,2002-2024,"Mian Jalil Ahmad Sharkpuri (1W/2C, IND|PMLN); Sahhabzada Mian Jalil Sharaqpuri (0W/1C, IND)",P02899|P06454
F0417,haidar,shekhupura,2,1,1,2002-2013,"Mian Shamim Haider (1W/3C, PMLQ|PPP); Shehzad Ali Haidar (0W/1C, IND)",P02923|P04569
F0423,mujtaba|kharral,okara,5,1,1,2002-2024,"Capt. Rai Ghulam Mujtaba Kharral (1W/2C, PPP); Muhammad Aslam Khan Kharral (0W/1C, PMLQ); GHULAM MUJTABA (0W/1C, PPP); Rai Muhammad Saleem Raza Kharral (0W/1C, PMLN); Capt. (R) Ghulam Mujtaba Kharal (0W/1C, PPP)",P02968|P04612|P04613|P04614|P10529
F0424,gilani,okara,6,1,1,2002-2024,"Syed Raza Ali Gillani (1W/4C, IND); Syed Mehr Hassani Gillani (0W/1C, JI); Syed Aamir Hassain Gilani (0W/1C, IND); Syed Ali Abbas Gillani (0W/3C, IND); Syed Muhammad Ali Gillani (0W/3C, IND); Syed Afzaal Ali Gillani (0W/1C, IND)",P02969|P04635|P06649|P10545|P10546|P13375
F0425,bukhari,okara,2,1,1,2002-2024,"Syed Sumsan Ali Shah Bukhari (1W/4C, IND|PPP|PTI); Hissan Bukhari (0W/1C, IND)",P02976|P13350
F0433,khagga,pakpattan,4,1,1,2002-2024,"Pir M. Shah Khaggah (1W/2C, PMLQ); Pir Ahmad Shah Khagga (0W/1C, IND); Moeen Uddin Shah Khagga (0W/1C, IND); Muhammad Shah Khagga (0W/2C, PMLQ|PTI)",P03079|P06876|P06879|P13400
F0437,yousafzai,vehari,2,1,1,2002-2013,"Azhar Ahmad Khan Yousufzai (1W/3C, IND|PPP); Jahangir Ahmed Khan Yousafzai (0W/1C, IND)",P03108|P06957
F0449,bokhari,muzaffargarh,5,1,1,2002-2024,"Syed Basit Ahmad Sultan Bokhari (1W/3C, IND|PMLQ); Syed Jameel Ahmed Hussain Bokhari (0W/2C, PTI); Syeda Shehr Bano Bukhari (0W/2C, IND|PMLN); Makhdoom Jamil Ahmad Hussain Bokhari (0W/2C, PMLN); Syeda Maria Batool Bokhari (0W/1C, IND)",P03159|P03161|P07068|P07071|P13754
F0468,alamgir,peshawar,3,1,1,2002-2024,"Dr. Arbab Alamgir Khan (1W/5C, PPP); Asma Alamgir (0W/1C, PPP); Muhammad Alamgir Khalil (0W/1C, ANP)",P03275|P09601|P09615
F0477,memon,larkana,2,1,1,2002-2013,"Khalid Iqbal Memon (1W/2C, IND|PPP); Ali Muhammad Memon (0W/1C, MQM)",P03324|P07417
F0488,rashdi,khairpur,2,1,1,2002-2024,"Pir Syed Saddaruddin Shah Rashdi (1W/2C, GDA|PMLF); Syed Shahabuddin Shah Syed Deenar Ali Shah Rashdi (0W/1C, IND)",P03396|P05002
F0498,mehboobullah,kohistan|kohistan cum lower kolai pallas kohistan|kohistan upper cum kohistan lo,2,1,1,2002-2024,"Mehboobullah (1W/1C, IND); Mehboobullah Jan (0W/3C, PML|PMLQ|PPP)",P03499|P05134
F0502,nizamani,sanghar,3,1,1,2002-2018,"Haji Khuda Bakhsh Nizamani (1W/2C, IND|PMLF); SAEED KHAN NIZAMANI (0W/1C, IND); Nisar Ahmed Nizamani (0W/1C, IND)",P03520|P05198|P11042
F0504,soomro,thatta,2,1,1,2002-2013,"Dr. Abdul Wahid Soomro (1W/3C, IND|PPP); Molvi Ahmed Alias Abdu Alashraf Soomro (0W/1C, MMA)",P03538|P03540
F0505,malkani,thatta,3,1,1,2002-2013,"M. Ali Malkani (1W/1C, PMLQ); Haji Muhammad Usman Malkani (0W/1C, IND); Aslam Malkani (0W/1C, IND)",P03541|P07905|P07908
F0508,miankhel,di khan|di khan cum tank,3,1,1,2002-2024,"Fateh Ullah Khan Miankhel (1W/1C, PPP); Alhaj Sardar Umar Farooq Khan Miankhel (0W/1C, PMLQ); Alhaj Sanaullah Khan Miankhel (0W/2C, IND|PMLQ)",P03557|P03653|P12135
F0509,sarkaruddin,karachi,2,1,1,2002-2002,"Sarkaruddin, Adv. (1W/1C, MQM); Sarkaruddin (0W/1C, IND)",P03561|P03649
F0515,baig,karachi|karachi south,5,1,1,2002-2024,"Mirza Ikhtiar Baig (1W/3C, PPP); Mirza M. Ishtiaq Baig (0W/1C, IND); Sohail Baig Noori (0W/1C, ST); Naveed Ali Baig (0W/1C, JI); Mirza Shakeel Arman Baig (0W/1C, ST)",P03577|P03648|P03657|P05232|P14446
F0518,khanzada,karachi|karachi east|karachi west,3,1,1,2002-2024,"Dr. Abdul Qadir Khanzada (1W/3C, IND|MQM); Javed Iqbal Khanzada (0W/2C, IND|PML-Z); Khanzada Imran (0W/1C, PMLQ)",P03592|P03732|P05229
F0548,bugti,sibi cum kohlu cum dera bugti,2,1,1,2002-2002,"Haider Bugti (1W/1C, JWP); Tariq Hussain Bugti (0W/1C, IND)",P03826|P03833
F0556,subhan,swat,2,1,1,2002-2024,"Fazal-E-Subhan (1W/2C, JI|MMA); Fazale Subhan (0W/1C, JI)",P03892|P08465
F0569,afridi,ta tas of peshawar kohat bannu di khan tank and lakki marwat districts,4,1,1,2002-2002,"Dr. Aseem Afridi (1W/1C, IND); Shehzada Mehmood Afridi, Adv. (0W/1C, IND); Noor Aslam Afridi (0W/1C, IND); Said Anwar Afridi (0W/1C, IND)",P04050|P04057|P04058|P04062
F0583,kiani|kayani|wajid|khaliq,rawalpindi,10,1,1,2002-2024,"Aamir Mehmood Kiani (1W/2C, PTI); Muhammad Zubair Kayani (0W/3C, IND|JUIF); Wajid Kiani (0W/1C, PNP); Abdul Wajid Hussain (0W/1C, JUIF); Muhammad Ashraf Kayani (0W/1C, IND); Ziad Khaliq Kiani (0W/1C, IND); Group Captain (Ret.) Mushtaq Ahmed Kayani (0W/1C, IND); Wajid Murtaza (0W/1C, IND); Zahid Khaliq kayani (0W/1C, IND); Zahid Mehmood Kiani (0W/1C, MQM)",P04122|P05719|P05747|P08869|P08895|P09966|P12302|P12311|P12321|P12367
F0584,eman,attock,2,1,1,2002-2024,"Eman Wasim (1W/1C, PMLQ); Eman Waseem (0W/2C, IND)",P04136|P05750
F0592,wasi,faisalabad,4,1,1,2002-2024,"M. Wasi Zafar (1W/1C, PMLQ); Ch. Muhammad Wasi Zafar. (0W/2C, IND); UMAIR WASI CHOUDHARY (0W/2C, IND); Muhammad Waqar Wasi Chaudhary. (0W/3C, IND|PTI)",P04221|P05829|P05834|P10261
F0597,safdar,faisalabad,3,1,1,2002-2013,"M. Safdar Shaker (1W/1C, PMLQ); Muhammad Safdar Shakir (0W/2C, IND|PMLQ); Ch. Safdar-Ur-Rehman (0W/3C, IND|PMLN)",P04236|P04238|P05846
F0607,imranullah,gujranwala,2,1,1,2002-2024,"Ch. Imranullah, Adv. (1W/1C, PPP); Haji M. Imranullah Ch. (0W/3C, IND|PMLQ)",P04330|P04333
F0616,kaira,gujrat,2,1,1,2008-2024,"Qamar Zaman Kaira (1W/4C, PPP); Hamza Qamar Kaira (0W/1C, IND)",P04398|P12478
F0617,awan|ashiq,sialkot,5,1,1,2008-2024,"Dr. Fardos Ashiq Awan (1W/1C, PPP); Mubashir Maqsood Awan (0W/1C, IND); Nadeem Ahmad Awan (0W/1C, PPP); Dr Firdous Ashiq Awan (0W/3C, IPP|PPP); FIRDOUS ASHIQ (0W/1C, PTI)",P04421|P06118|P10035|P12553|P12578
F0622,yaseen|cheema,lahore,5,1,1,2008-2024,"Bilal Yaseen (1W/1C, PMLN); Tariq Yaseen (0W/1C, Pakistan Falah Party); Shoaib ullah Cheema (0W/1C, IND); Azeem Yaseen (0W/1C, IND); Ch Muhammad Yaseen Cheema (0W/1C, Pakistan Muhafiz Watan Party)",P04463|P06323|P06368|P10451|P13149
F0646,manais,vehari,3,1,1,2008-2024,"Saeed Ahmed Khan Manais (1W/5C, IND|PMLN); Asim Saeed Khan Manais (0W/1C, IND); Asif Saeed Manais (0W/2C, IND)",P04722|P04726|P06962
F0647,hayat,vehari,2,1,1,2008-2024,"Mehmood Hayat Khan (1W/2C, PPP); Abdullah Hayat Khan (0W/2C, IND)",P04729|P10684
F0653,saud,bahawalpur,2,1,1,2008-2024,"Ch. Saud Majeed (1W/2C, IND|PMLN); Saud Majeed (0W/2C, PMLN)",P04808|P07152
F0654,cheema,bahawalnagar,5,1,1,2008-2024,"Tahir Bashir Cheema (1W/2C, PMLN|PMLQ); Fatima Tahir Cheema (0W/2C, IND|PTI); Muhammad Allah Dad Cheema (0W/1C, PML-Z); Saif-Ur-Rahman Cheema (0W/1C, IND); Muhammad Nawaz Cheema (0W/1C, Tehreek-e-Tahaffuze Pakistan)",P04819|P07162|P07184|P10696|P13610
F0657,ghous,rahim yar khan|rahimyar khan,2,1,1,2008-2024,"Mian Ghous Muhammad (1W/3C, IND|PTI); Ghous Muhammad (0W/1C, IND)",P04834|P07218
F0696,chang,badin,4,1,1,2008-2024,"Sardar Kamal Khan Chang (1W/3C, IND|PPP); Asad Kamal Khan Chang (0W/2C, IND); Peroz Khan Chang (0W/1C, IND); Muhammad Aslam Chang (0W/1C, IND)",P05085|P07739|P07761|P14198
F0707,gandapur,d khan cum tank|di khan,6,1,1,2008-2024,"Ali Amin Khan Gandapur (1W/1C, IND); Fahimullah Gandapur (0W/1C, IND); Akram Rasti Gandapur (0W/1C, IND); Al-Haaj Ikram Ullah Khan Gandapur (0W/1C, IND); Hizbullah Gandapur (0W/2C, PMLN); Mohammad Younas Khan Gandapur (0W/1C, IND)",P05212|P05214|P05270|P07945|P08053|P12122
F0709,mehboob,karachi,2,1,1,2008-2013,"Mehboob Alam (1W/1C, MQM); Tariq Mahboob (0W/2C, IND|SIC)",P05238|P07982
F0713,akhter,karachi|karachi west,2,1,1,2008-2024,"Waseem Akhter (1W/2C, MQM|PPP); Kamran Akhter (0W/1C, IND)",P05282|P11358
F0714,abidi,karachi|karachi east,4,1,1,2008-2024,"Syed Ali Raza Abidi (1W/1C, MQM); Syed Marghoob Hussain Abidi (0W/4C, APML|IND); Syed Faisal Raza Abidi (0W/1C, PPP); Syed Sohail Abidi (0W/1C, PPP)",P05293|P05347|P07992|P08082
F0716,shahjahan,karachi|karachi east,2,1,1,2008-2018,"Shahjahan Baloch (1W/1C, PPP); Shahjahan (0W/2C, IND|PMLN)",P05318|P08030
F0717,zaidi,karachi|karachi east,4,1,1,2008-2024,"Syed Ali Haider Zaidi (1W/2C, PTI); Mir Humayun Ali Zaidi (0W/1C, IND); Kausar Fatima Zaidi (0W/1C, GDA); Syed Asghar Abbas Zaidi (0W/1C, MWM)",P05319|P08096|P08110|P14418
F0723,tareen,musakhel cum barkhan cum loralai cum duki|old loralai,4,1,1,2008-2024,"Sardar Muhammad Israr Tareen (1W/2C, PMLQ|PPP); Azam Khan Tareen (0W/1C, IND); Muhammad Asif Tareen (0W/1C, IND); Sardar Muhammad Shafique Tareen (0W/1C, IND)",P05397|P05401|P14643|P14644
F0725,domki,dera bugti cum kohlu cum barkhan cum sibi cum lehri|old sibi|ziarat cum harnai c,5,1,1,2008-2024,"Mir Dostain Khan Domki (1W/4C, BAP|IND|PMLN); Mir Ali Mardan Khan Domki (0W/1C, IND); Mir Balach Khan Domki (0W/1C, IND); Mir Durakh Khan Domki (0W/1C, IND); Mir Hair Bayar Khan Domki (0W/1C, IND)",P05411|P08313|P11466|P14678|P14682
F0735,marwat,lakki marwat,5,1,1,2008-2024,"Sher Afzal Khan Marwat (1W/1C, IND); Khan Bahader Marwat (0W/2C, IND); Rafi Ullah Khan Marwat (0W/1C, IND); Akhtar Munir Marwat (0W/1C, IND); Mansoor Kamal Marwat (0W/2C, IND|PMLN)",P05456|P09667|P12067|P12069|P12083
F0739,mulk,swat,2,1,1,2008-2013,"Muzafer Ul Mulk (1W/1C, ANP); Muzaffar-Ul-Mulk (0W/1C, ANP)",P05485|P08443
F0752,akhunzada,bajaur|ta,2,1,1,2008-2024,"Syed Akhun Zada Chittan (1W/5C, IND|PPP); Rehman Gul Akhunzada (0W/1C, IND)",P05620|P09830
F0759,bhattani,ta,4,1,1,2008-2013,"Zafar Baig Bhattani (1W/2C, IND); Ashfaq Khan Bhattani (0W/2C, IND); Kamran Khan Bhattani (0W/1C, IND); Abdullah Nanglal Bhattani (0W/1C, IND)",P05658|P05667|P08751|P08757
F0776,waseer,faisalabad,2,1,1,2008-2024,"Malik Nawab Sher Waseer (1W/3C, PMLN|PPP); Zia Shahid Waseer (0W/1C, IND)",P05827|P09123
F0777,tallal|badar,faisalabad,3,1,1,2008-2024,"Muhammad Tallal Choudhary (1W/2C, PMLN); MUHAMMAD BILAL BADAR (0W/1C, IND); MUHAMMAD TALLAL BADAR (0W/2C, IND|PMLN)",P05838|P10256|P10265
F0802,cheema,gujranwala|sialkot|wazirabad,8,1,1,2013-2024,"NISAR AHMED CHEEMA (1W/2C, PMLN); Shahbaz Ahmad Cheema (0W/1C, IND); Mumtaz Ahmad Cheema (0W/1C, IND); Fiaz Hussain Cheema (0W/1C, IND); Ch Ejaz Ahmed Cheema (0W/4C, IND|PPP); Omar Khalid Cheema (0W/1C, IND); Tasadduq Hussain Cheema (0W/1C, IND); Mubasar Hussain Cheema (0W/1C, IND)",P06138|P10084|P12489|P12492|P12493|P12497|P12500|P12502
F0814,hammad,lahore,2,1,1,2013-2018,"Muhammad Hammad Azhar (1W/2C, PTI); Saleem Hammad (0W/1C, IND)",P06254|P10409
F0816,khosa,lahore,2,1,1,2013-2024,"Sardar Muhammad Latif Khan Khosa (1W/1C, IND); Sardar Khurram Latif Khan Khosa (0W/1C, PPP)",P06350|P13198
F0823,sahi,nankana sahib|shekhupura,3,1,1,2013-2024,"Muhammad Arshad Sahi (1W/2C, IND|PTI); Atiq Ur Rehman Sahi (0W/1C, IND); Muhammad Ammar Arshad Sahi (0W/1C, IND)",P06496|P13081|P13086
F0876,channar,bahawalpur,4,1,1,2013-2024,"Malik Muhammad Iqbal Channar (1W/1C, PMLN); Malik Ejaz Ahmad Channar (0W/1C, MQM); Malik Abdul Majeed Channar (0W/1C, IND); Mian Zubair Mahmood Channar (0W/1C, IND)",P07126|P07136|P07143|P13659
F0885,attaullah,karachi|karachi west|multan|sukkur,2,1,1,2013-2024,"Attaullah (1W/4C, AAT|IND|JUIS|PTI); Syed Atta Ullah Shah (0W/3C, JI|MMA|TLP)",P07281|P07959
F0931,durrani,bannu,2,1,1,2013-2024,"Akram Khan Durrani (1W/2C, JUIF|MMA); Zahid Akram Durrani (0W/1C, JUIF)",P08212|P12046
F0950,qaisar,ta,2,1,1,2013-2018,"Qaisar Jamal (1W/2C, PTI); Sayed Qaisar Hussain (0W/1C, IND)",P08562|P08747
F0963,afridi,khyber|ta,5,1,1,2013-2024,"Alhaj Shah Jee Gul Afridi (1W/3C, IND|PMLN); Muhammad Iqbal Afridi (0W/1C, IND); Shah Faisal Afridi (0W/3C, IND|JI); Abid Afridi (0W/1C, IND); Hameed Ullah Jan Afridi (0W/1C, JUIF)",P08715|P08732|P11882|P11884|P11887
F0971,aqeel,rawalpindi,3,1,1,2013-2024,"Aqeel Malik (1W/1C, IND); Tahir Aqeel (0W/1C, JUIS); Zahid Aqeel (0W/1C, IND)",P08900|P12294|P12371
F0974,khadim,gujranwala|jhelum|sialkot,2,1,1,2013-2024,"Chaudhry Khadim Hussain (1W/3C, IND|PMLN); CHAUDHARY NADEEM KHADIM (0W/1C, PMLN)",P08985|P09990
F1029,malook,lahore,2,1,1,2018-2024,"Malik Saif Ul Mulook Khokhar (1W/2C, PMLN); Saif Ul Malook (0W/1C, IND)",P10482|P13237
F1037,fiaz,kot addu|muzaffargarh,2,1,1,2018-2024,"Mian Fiaz Hussain (1W/2C, IND); Mubashir Fiaz (0W/1C, IND)",P10784|P13796
F1042,magsi,kamber shahdadkot,2,1,1,2018-2018,"Mir Amer Ali Khan Magsi (1W/1C, PPP); Nazeer Hussain Magsi (0W/1C, IND)",P10926|P10931
F1062,aamir,karachi east,2,1,1,2018-2024,"Aamir Hussain (1W/1C, PTI); Aamir Nawaz (0W/1C, IND)",P11304|P14387
F1071,raisani|lashkari,quetta,3,1,1,2018-2024,"Nawabzada Mir Jamal Khan Raisani (1W/1C, PPP); Mir Lashkari Raisani (0W/1C, BNP); Nawabzada Haji Mir Lashkari Raisani (0W/1C, IND)",P11548|P14865|P14893
F1075,zeb,bajaur,2,1,1,2024-2024,"Mubarak Zeb Khan (1W/1C, IND); Khan Zeb (0W/1C, ANP)",P11720|P11722
F1089,ghuman,sialkot,3,1,1,2024-2024,"Muhammad Aslam Ghuman (1W/1C, IND); Fakhar Nishat Ghuman (0W/1C, IND); Chaudhry Azeem Ghuman (0W/1C, IND)",P12603|P12607|P12610
F1094,nawani,bhakkar,2,1,1,2024-2024,"Rasheed Akbar Khan Nawani (1W/1C, IND); Saeed Akbar Khan Nawani (0W/1C, IND)",P12810|P12819
F1109,qureshi,kot addu,3,1,1,2024-2024,"Mian Muhammad Shabbir Ali Qureshi (1W/2C, IND); Ali Abbas Qureshi (0W/1C, IND); Mian Amjad Abbas Qureshi (0W/1C, PPP)",P13776|P13778|P13800
F0004,gulfam,shekhupura,2,0,0,1993-2018,"Gulfam Jameel (0W/1C, IND); M. Gulfam Ashraf (0W/1C, IND)",P00028|P10399
F0006,awan,lahore|shekhupura,5,0,0,1993-2013,"Malik Maqsood Ahmad Awan (0W/4C, IND|MQM|PML-H); Malik Muhammad Asif Awan (0W/1C, MQM); M. Arif Awan (0W/1C, PPP); Muhammad Naseef Awan (0W/1C, JUIF); Sajid Ali Awan, Adv. (0W/1C, PPP)",P00037|P01373|P02901|P06457|P06461
F0008,noorka,shekhupura,2,0,0,1993-1997,"Malak Hussain Ali Noorka (0W/1C, IND); Malik Nazir Ali Noorka (0W/1C, IND)",P00042|P01378
F0010,hakim,kasur,2,0,0,1993-2013,"Chudhary Hakim Ali (0W/1C, IND); Tariq Hakim Ali (0W/2C, PPP)",P00054|P06538
F0011,mehdi,kasur,3,0,0,1993-2002,"Syeda Nelofar Mehdi (0W/1C, IND); Syeda Nelofar Qasim Mehdi (0W/1C, IND); Syeda Nielofer Mehdi (0W/1C, IND)",P00055|P01394|P02949
F0012,hashmi,kasur,2,0,0,1993-2002,"Allama Syed Shabbir Ahmed Hashmi (0W/1C, MMA); Allam Syed Shabbir Ahmad Hashmi (0W/1C, IJM)",P00065|P02962
F0016,abbasi,abbottabad cum haripur,4,0,0,1993-1997,"Abdul Latif Abbasi (0W/1C, PPP); Jamal Khan Abbasi (0W/1C, JI); S. M. Gulzar Abbasi (0W/1C, PPP); Col. (R) Abdur Razzaq Khan Abbasi (0W/1C, Hazara Front)",P00074|P00129|P01406|P01451
F0019,gill,okara,4,0,0,1993-2013,"Shahid Mehmood Gill (0W/1C, PAT); Major (Ret) Mahmood Ahmed Gill (0W/1C, IND); Ch. Mehmood Ahmad Gill (0W/1C, PTI); Maj. (R) Mehmood Ahmad Gill (0W/1C, National Democratic Alliance)",P00090|P01415|P02970|P06622
F0020,afzal,okara,2,0,0,1993-2013,"Rao M. Afzal Khan (0W/1C, PPP); Muhammad Ameer Afzal (0W/1C, IND)",P00092|P06658
F0021,kirmani,okara,6,0,0,1993-2024,"Kamran Kirmani (0W/1C, IND); Syed Ameer Hamza Kirmani (0W/1C, IND); Syed Shah Nawaz Kirmani (0W/2C, NA(alliance)|PMLF); Syed Muratab Ali Kirmani (0W/1C, IND); ALI NAWAZ SYED KIRMANI (0W/1C, IND); Syed Tanseer Haider Kirmani (0W/1C, IND)",P00093|P06642|P10548|P13370|P13371|P13377
F0022,shujah,okara,2,0,0,1993-1997,"Ahmad Shujah (0W/1C, IND); Mian Ahmad Shujah Wattoo (0W/1C, IND)",P00100|P01419
F0024,altaf,multan,2,0,0,1993-2024,"Barrister Taimur Altaf Malik (0W/1C, IND); M. Altaf (0W/1C, Pakistan Saraiki Party)",P00110|P13486
F0025,langah,multan|multan cum lodhran,2,0,0,1993-2002,"Barister Taj M. Khan Langah (0W/1C, Pakistan Saraiki Party); Taj M. Langah (0W/2C, Pakistan Saraiki Party)",P00116|P02998
F0027,rizvi,lodhran|multan cum lodhran,2,0,0,1993-2002,"Syed Nasir Ali Rizvi (0W/3C, IND|PMLN); Makhdoom Syed Akbar Ali Rizvi (0W/1C, IND)",P00122|P03037
F0029,gill,khanewal|multan cum khanewal,4,0,0,1993-2013,"Ch.muhammad Asad Iqbal Gill (0W/1C, IND); Muhammad Saqlain Razi Gill (0W/1C, IND); Captain (Ret) Asad Gill (0W/1C, PPP); Akhtar Hussain Gill (0W/3C, IJM|JUP|MMA)",P00133|P04685|P06806|P06815
F0033,farhatullah,khanewal,2,0,0,1993-2013,"Farhatullah Khan (0W/3C, IND|PMLN); Khan Farhatullah Khan (0W/1C, IND)",P00142|P03045
F0035,idrees,sahiwal,3,0,0,1993-2013,"Ch. M. Idrees (0W/1C, JI); Peer Ihsan Ul Haq Idrees Advocate (0W/1C, IND); Ehsan-Ul-Haq Idrees (0W/2C, PMLN)",P00146|P03069|P06850
F0039,sara,lahore|pakpattan|sahiwal,2,0,0,1993-2013,"Aish M. Khan Sara, Adv. (0W/1C, PTI); Aish M. Khan Sara (0W/4C, IND)",P00162|P03090
F0044,bhatti,vehari,7,0,0,1993-2024,"Taj M. Bhatti (0W/1C, IND); Abdul Hameed Bhatti (0W/1C, PPP); Syed Javed Hussain Bhatti (0W/1C, JI); Riasat Ali Bhatti (0W/1C, PTI); Abdul Rashid Bhatti (0W/1C, IND); Akbar Ali Bhatti (0W/1C, IND); Bilal Akbar Bhatti (0W/2C, IND)",P00174|P00176|P01495|P01501|P04718|P06902|P13576
F0045,dogar,vehari,5,0,0,1993-2024,"Tahir Naveed Dogar Advocate (0W/1C, IND); Haji Irshad Ahmad Dogar (0W/1C, MMA); Nazir Ahmad Mithoo Dogar (0W/1C, IND); Aqeel Ahmad Shani Dogar (0W/1C, IND); Anam Hamza Dogar (0W/1C, JI)",P00182|P03095|P04715|P06919|P13560
F0049,pachar,rajanpur,2,0,0,1993-2002,"M. Rafiq Pachar (0W/1C, JI); M. Rafi Pachar, Adv. (0W/1C, MMA)",P00191|P03131
F0052,kazmi|mehdi,muzaffargarh,5,0,0,1993-2024,"Dr. Syed Ather Mehdi Kazmi (0W/1C, MQM); Muzaffar Mehdi Hashmi (0W/1C, IND); Syed Javed Saeed Kazmi (0W/1C, IND); Dr. Syed Athar Mehdi Kazmi (0W/1C, Pakistan Saraiki Party); Riaz Ali Kazmi (0W/1C, JI)",P00197|P00205|P01526|P07088|P13774
F0053,rasool,muzaffargarh,3,0,0,1993-2013,"Tanveer Rasool Qureshi (0W/1C, JUIF); Jam Niaz Rasool Ganga (0W/1C, Pakistan Saraiki Party); Sardar Haji Rasool Bakhsh (0W/1C, IND)",P00198|P01517|P07069
F0057,arbi,muzaffargarh,2,0,0,1993-1997,"Malik Ghulam M. Fakhar-Ur-Rasul Arbi Khar (0W/1C, IND); Malik Ghulam M. Fakhar-Ur-Rusul Arbi (0W/1C, IND)",P00203|P01522
F0060,gardezi,bahawalpur,3,0,0,1993-2024,"Syed Irfan Ahmed Gardazi (0W/3C, IND|PPP); Syed Tasneem Nawaz Gardezi (0W/3C, IND|PMLN|PMLQ); Syed Salman Ahmad Gardezi (0W/1C, PPP)",P00230|P04805|P10714
F0061,khakwani,bahawalnagar,2,0,0,1993-2024,"Arslan Khan Khakwani (0W/2C, JI|MMA); Capt. M. Sadiq Khan Khakwani (0W/1C, JI)",P00238|P10693
F0063,bari,bahawalnagar|bahawalpur|rahimyar khan,2,0,0,1993-2013,"Ihsan Bari Doctor (0W/2C, IND); Ehsan Bari Mian Dr. Sahib (0W/7C, IND|JI|JUIF|MMA)",P00243|P07169
F0066,rabbani,rahimyar khan,2,0,0,1993-2013,"Abdur Rauf Rabbani (0W/1C, IJM); Allama Abdul Raoof Rabbani (0W/1C, JUIF)",P00255|P07209
F0069,nusrat,sukkur,2,0,0,1993-2018,"Nusrat Bano (0W/1C, IND); Nusrat Aziz (0W/1C, IND)",P00273|P10956
F0071,adil,sukkur,2,0,0,1993-2008,"Faruk Adil Sheikh (0W/2C, IND); Farrukh Adil Shaikh. (0W/1C, IND)",P00279|P04862
F0073,dharejo,ghotki|sukkur|sukkur cum ghotki,3,0,0,1993-2008,"Jam Zafarullah Khan Dharejo (0W/1C, IND); Jam Saifullah Khan Dharejo (0W/5C, IND|PPP); Jam Ghulam Qadir Khan Dharejo (0W/1C, IND)",P00284|P00288|P03300
F0075,pahore|alim,shikarpur,4,0,0,1993-2018,"Molvi M. Alim Pahore (0W/1C, JUIF); Hajid Khanwand Bux Khan Pahore (0W/1C, IND); Molvi M. Alim (0W/1C, IJM); Moulana Abdullah Pahore (0W/3C, JUIF|MMA)",P00297|P01611|P04899|P07378
F0076,nabi,larkana|shikarpur|sukkur,3,0,0,1993-2024,"Abdul Nabi (0W/3C, IND|JUP-N); Ghulam Nabi (0W/2C, IND|PRHP); Mufti Abdul Nabi Langah (0W/1C, JUIF)",P00300|P04917|P07439
F0078,abro,jacobabad,3,0,0,1993-2013,"Muhammad Aslam Abro (0W/1C, IND); M. Aslam Abro (Retired) (0W/1C, IND); Muhammad Imran Abro (0W/1C, IND)",P00322|P04941|P07475
F0079,khalique,jacobabad,2,0,0,1993-2013,"Faqir Abdul Khalique (0W/1C, IND); Pir Abdul Khalique Samejo (0W/1C, IND)",P00325|P07509
F0081,jamali,naushero feroz|nawabshah,5,0,0,1993-2008,"Dil Murad Jamali (0W/2C, IND); Ghulam Mustafa Jamali (0W/1C, IND); Khan M. Jamali (0W/3C, IND); Sher Muhammad Jamali (0W/1C, IND); Mumtaz Ali Jamali (0W/2C, IND|Saraiki National Party)",P00331|P00333|P00335|P01639|P04986
F0082,abbasi,naushero feroz,3,0,0,1993-2002,"Ghulam Hassan Abbasi (0W/1C, IND); Abdul Sattar Abbasi (0W/1C, IND); Ghulam Asghar Abbasi (0W/3C, IND|MQM)",P00334|P01642|P01645
F0083,saheto,naushero feroz,2,0,0,1993-1993,"Qadeer Ahmad Saheto (0W/1C, IND); Shabir Ahmad Saheto (0W/1C, IND)",P00337|P00340
F0085,rajpar,naushero feroz,3,0,0,1993-2002,"Mole Dino Rajpar (0W/1C, IND); Nadir Ali Rajpar (0W/1C, IND); Khalid Mian Rajpar (0W/3C, PMLN|PPP|Sindh Urban-Rural Alliance)",P00342|P00343|P01647
F0086,azizullah,nawabshah,2,0,0,1993-2013,"Kamran Azizullah (0W/1C, IND); Kamran Azizullah Abro (0W/2C, IND)",P00365|P01654
F0087,rind,nawabshah|sanghar|shaheed benazirabad,10,0,0,1993-2024,"Abid Hussain Rind (0W/1C, PPP); Sardar Sher Muhammad Rind (0W/2C, IND); Sardar Sher Muhammad Rind Baloch (0W/2C, GDA|IND); Inayat Ali Rind (0W/3C, IND|MQM); Altaf Hussain Rind (0W/1C, IND); Umaid Ali Rind (0W/1C, IND); Gul Muhammad Rind (0W/2C, IND|PTI); Fouzia Sikandar Rind (0W/1C, IND); Dr. Abdullah Rind (0W/2C, IND); Ali Asghar Rind (0W/3C, IND|MQM|PMLN)",P00371|P00559|P01833|P03521|P03536|P04983|P07550|P07568|P11019|P11034
F0088,chandio,naushero feroz|nawabshah|shaheed benazirabad,6,0,0,1993-2024,"Pervaiz Ahmad Chandio (0W/1C, IND); Mukhtar Ahmed Chandio (0W/1C, MWM); Farooq Ahmed Chandio (0W/6C, IND); Niaz Muhammad Chandio (0W/1C, JUP); Ali Bux Chandio (0W/1C, IND); Ghulam Qadir Chandio (0W/2C, IND)",P00379|P03376|P07554|P07580|P07583|P14032
F0089,tamachi|jam,nawabshah,3,0,0,1993-1997,"Jam Feroze (0W/1C, IND); Sardar Jam Tamachi Unar (0W/1C, IND); Sardar Jam Tamachi (0W/1C, IND)",P00380|P00383|P01662
F0090,khanzada,nawabshah,2,0,0,1993-2013,"Shabir Ahmad Khanzada (0W/1C, MQM); Muhammad Amjad Murad Khanzada (0W/1C, IND)",P00382|P07581
F0092,khuhro,larkana,3,0,0,1993-1997,"Rasheeda Khuhro (0W/1C, PMLN); Nisar Ahmad Khuhro (0W/1C, IND); Hameed Khuhro (0W/1C, PMLN)",P00401|P01688|P01693
F0093,mughal,larkana,4,0,0,1993-2013,"Khaksar Tariq Masood Mughal (0W/1C, Khaksaar Tehreek); Doolah Darya Khan Mughal (0W/1C, Sindh United Party); Dr. Mazhar Mughal (0W/1C, IND); Dr. Mazhar Ali Mughal (0W/2C, IND)",P00405|P01696|P03332|P07408
F0094,unar,larkana,7,0,0,1993-2018,"Altaf Hussain Unar (0W/3C, IND|PMLQ); Bahawal Khan Unar (Rtd) (0W/1C, IND); Hameer Imdad Unar (0W/1C, PMLN); Ghulam Umar Khan Unar (0W/1C, IND); Aadil Altaf Unar (0W/2C, IND); Shafqat Hussain Unar (0W/1C, IND); Allah Bakhsh Khan Unar (0W/2C, GDA|IND)",P00406|P01686|P03321|P04924|P07394|P07402|P10918
F0096,mugheri,larkana,4,0,0,1993-2013,"Molana M. Siddiq Mugheri (0W/2C, IJM|JUIF); Mir Ghaibi Khan Mugheri (0W/1C, IND); Abdul Hameed Mugheri (0W/1C, PMLN); Ghulam Shabir Mugheri Baloch (0W/1C, IND)",P00410|P01700|P07412|P07426
F0097,buledi,larkana,2,0,0,1993-2013,"Raees Haji Arbab Ali Buledi (0W/1C, IND); Shoukat Ali Buledi (0W/1C, IND)",P00411|P07420
F0099,umrani,larkana,2,0,0,1993-2018,"Inayat Ali Umrani (0W/1C, PPP-SB); M. Ali Umrani (0W/1C, IND)",P00414|P10902
F0100,abbasi,larkana,6,0,0,1993-2024,"Safdar Ali Abbasi (0W/3C, GDA|IND); Sanaullah Abbasi (0W/2C, IND); Ashraf Khatoon Abbasi (0W/1C, IND); Hafiz Ahmed Ali Abbasi (0W/2C, IND|JUP); Asghar Ali Abbasi (0W/1C, JUIS); Suhail Ahmed Abbasi Advocate. (0W/2C, MQM)",P00415|P01689|P04913|P04915|P04925|P07425
F0102,qureshi|islam,bahawalnagar|faisalabad|gujranwala|hyderabad|karachi south|karachi west|layyah|l,19,0,0,1993-2024,"Hamd Islam (0W/1C, IND); Yasir Irfan Ul Islam (0W/1C, IND); Makhdoom Shah Nawaz Qureshi (0W/1C, PMLN); Haji M. Islam Qureshi (0W/2C, PMLN|PMLQ); Muhammad Aslam (0W/17C, IND|JUP-N|Menecracy Action Party of Pakistan|PPP|PTI|Pakistan Justice Party); Saghir Ahmed Qureshi (0W/1C, IND); Naseer Ahmed Qureshi (0W/1C, IND); Alhaj M. Umer Qureshi (0W/2C, IND|PPP); Muhammad Fareed Qureshi (0W/1C, IND); Imran Qureshi (0W/1C, IND); Qamr-Ul-Islam (0W/1C, IND); M. Irfan Qureshi (0W/3C, PPP|TLP); Riaz Qureshi (0W/1C, MQM-H); Mina Muhammad Islam (0W/1C, IND)",P00422|P00663|P01717|P01720|P01823|P03427|P03432|P05020|P05045|P05182|P05988|P06135|P06150|P06773|P07656|P07674|P11137|P12991|P14544
F0103,rajput,hyderabad,4,0,0,1993-2024,"Samina Arif Rajput (0W/1C, MQM); Karamat Ali Rajput (0W/1C, MMA); Zafar Ali Rajput (0W/1C, IND); Waseem Ahmad Rajput (0W/1C, PPP)",P00439|P03453|P11135|P14157
F0105,baqi,kohistan,2,0,0,1993-2013,"Mehboobullah Jan Baqi (0W/1C, JUIF); Molana Abdul Baqi (0W/2C, IJM|PMLN)",P00443|P07816
F0107,miran,hyderabad|old hyderabad|tando muhammad khan,2,0,0,1993-2018,"Syed Miran M. Shah (0W/3C, IND); Miran M. Shah (0W/1C, IND)",P00450|P01747
F0110,halepoto|halepota,badin,6,0,0,1993-2013,"Ali Anwar Halepoto (0W/1C, IND); Ali Ashgar Halepoto (0W/1C, IND); Haji Abdullah Halepoto (0W/2C, PMLN|PPP-SB); Muhammad Halepoto (0W/1C, IND); Khan M. Halepota (0W/1C, PMLQ); Ali Asghar Halepoto (0W/1C, PMLF)",P00465|P00467|P00469|P03468|P07734|P07759
F0112,sheedi,badin,2,0,0,1993-2008,"Abdullah Sheedi (0W/3C, IND|PMLN); Master Abdullah Sheedi (0W/1C, IND)",P00474|P01772
F0113,maheri,badin,2,0,0,1993-2008,"Dr. Dodo Maheri (0W/1C, IND); Molvi Fateh Mohammad Maheri (0W/1C, IND)",P00475|P05083
F0114,thebo,badin,2,0,0,1993-2002,"Haji M. Thebo (0W/1C, IND); M. Ishaq Thebo (0W/1C, PMLN)",P00476|P03467
F0118,khoso,dadu,4,0,0,1993-2013,"Faqir Dad Khoso (0W/1C, IND); Mr Zulfiqar Ali Khoso (Ret) (0W/1C, Islami Inqalab Party); Sikiladho Khoso (0W/1C, IND); Qurban Ali Khoso (0W/1C, IND)",P00515|P05156|P07832|P07860
F0120,lal,dadu|tando muhammad khan|tharparkar,2,0,0,1993-2024,"Dr.mohan Lal (0W/2C, IND); Lal Bux (0W/3C, IND)",P00523|P05158
F0124,ghori,sanghar,2,0,0,1993-2002,"Amjad Ghori (0W/2C, MQM-H); Abdul Aziz Ghori (0W/1C, JI)",P00546|P00549
F0126,wassan,sanghar,2,0,0,1993-2024,"Mir M. Wassan (0W/1C, IND); Muhammad Khan Wassan (0W/1C, IND)",P00552|P14046
F0127,rajput,sanghar,2,0,0,1993-2013,"M. Younas Rajput (0W/1C, MQM); Muhammad Iqbal Rajput (0W/1C, IND)",P00556|P07878
F0130,khatak,karachi west,2,0,0,1993-1997,"Qamus Gul Khattak (0W/1C, ANP); M. Ameen Khattak (0W/1C, ANP)",P00570|P01849
F0131,afzal,karachi|karachi west|malir cum karachi east,2,0,0,1993-2013,"M. Afzal Rana (0W/1C, Pakistan Democratic Party); Qari Sher Afzal Khan (0W/3C, IJM|IND|JUIF)",P00571|P01965
F0132,rizvi,karachi west,2,0,0,1993-1993,"Syed Khalid Hussain Rizvi (0W/1C, Ghareeb Awam Party); Mustafa Kamal Rizvi (0W/2C, IND)",P00572|P00591
F0134,qureshi,karachi west,2,0,0,1993-1997,"M. Arshad Qureshi (0W/1C, IND); Shafiq Ahmad Qureshi (0W/2C, National Democratic Alliance|Pakistan Democratic Party)",P00576|P00579
F0135,farooqi,karachi west,2,0,0,1993-1997,"Molana M. Abdul Rehman Farooqi (0W/1C, JUIF); M. Abdul Haseeb Farooqi (0W/1C, IND)",P00592|P01851
F0140,baloch,karachi south,3,0,0,1993-1997,"M. Younas Baloch (0W/2C, PMLN); M. Saleem Baloch (0W/1C, IND); Abdur Rahim Baloch (0W/1C, IND)",P00626|P00632|P01893
F0142,minhas,karachi|karachi south,2,0,0,1993-2013,"Shamim Minhas (0W/1C, IND); Raja Arif Sultan Minhas (0W/4C, IND)",P00660|P03568
F0143,jalil,karachi|karachi south|karachi west,4,0,0,1993-2024,"ABDUL JALIL KHAN (0W/2C, IND); M. A. Jalil (0W/1C, MQM); M. Abdul Jalil (0W/1C, MQM); Nasreen Jalil (0W/3C, IND|MQM)",P00661|P01911|P03656|P11334
F0144,mirza,karachi east|karachi south,4,0,0,1993-2024,"Mushtaq Mirza (0W/1C, Pakistan Democratic Party); Muhammad Siddique Mirza (0W/1C, IND); Mushtaq Mirza (Rtd) (0W/2C, National Democratic Alliance); Babar Siraj Mirza (0W/2C, MQM-H)",P00666|P01913|P14364|P14471
F0145,naqvi,karachi east,2,0,0,1993-2024,"Masood Naqvi (0W/1C, IND); Syed Firdous Shameem Naqvi (0W/1C, IND)",P00678|P14369
F0146,bari,karachi east,2,0,0,1993-2018,"Syed Abdul Bari (0W/1C, IND); Syed Abdul Bari Jilani (0W/1C, IND)",P00681|P11276
F0148,bin,karachi east,2,0,0,1993-2024,"Osama Bin Iqbal (0W/1C, IND); Khalid Bin Waleed (0W/1C, MQM)",P00689|P14362
F0149,islam,karachi east,2,0,0,1993-1997,"Haji Shaukat Islam (0W/1C, IND); Kh. M. Sharif-Ul-Islam (0W/2C, IND|MQM-H)",P00691|P00706
F0150,qadri,karachi east|korangi karachi,3,0,0,1993-2024,"Muhammad Mubeen Qadri (0W/1C, IND); Mufti Abdul Aleem Qadri (0W/2C, IND); Tariq Mahmood Qadri (0W/1C, IPP)",P00722|P14296|P14391
F0151,adil,karachi|karachi east|karachi south|korangi karachi,4,0,0,1993-2024,"Rahim Adil Sheikh (0W/1C, PMLQ); Aleem Adil Sheikh (0W/6C, IND|PMLN|PMLQ); Noman Adil Malik (0W/1C, IND); Azim Adil (0W/1C, IND)",P00728|P00740|P03754|P14289
F0152,razi,karachi east,2,0,0,1993-2024,"M. Usman Razi Khan (0W/1C, JI); Muhammad Usama Razi Khan (0W/2C, JI|MMA)",P00729|P11281
F0154,hassani|hasni,chagai cum nushki cum kharan|chagai cum nushki cum kharan cum washuk|kharan cum ,4,0,0,1993-2024,"Mir Abdul Khaliq M. Hasni (0W/2C, IND|Pakistan Muslim League (Qaid-e-Azam)  (Malik Ahmed Suja Group)); Sardar Fateh M. M. Hasni (0W/7C, IND|PMLN|PMLQ|PPP); Muhammad Hayat Muhammad Hassani (0W/1C, JUIS); Mir Muhammad Ismail Muhammad Hassani (0W/1C, IND)",P00743|P00755|P05474|P08232
F0157,kakar,pishin cum killa abdullah|pishin cum ziarat|quetta cum chagai,7,0,0,1993-2013,"M. Sarwar Khan Kakar (0W/3C, PML-H|PMLQ); Malik Sher Zaman Kakar (0W/1C, Kakar Jamhoori Party Pakistan); Haji Abdul Salam Kakar (0W/1C, PPP); Naik Muhammad Kakar (0W/1C, ANP); Mehmood Khan Kakar (0W/1C, IND); Moulana Abdul Kabir Kakar (0W/1C, IND); Nasrullah Khan Kakar (0W/1C, JUIS)",P00759|P00762|P00763|P01978|P01980|P08241|P08245
F0158,tareen,pishin cum killa abdullah,2,0,0,1993-1997,"Abdul Haleem Tareen (0W/1C, JI); M. Wasey Tareen, Adv. (0W/1C, PPP)",P00761|P01984
F0159,khetran|khethran,dera bugti cum kohlu cum barkhan cum sibi cum lehri|loralai cum musakhel cum bar,9,0,0,1993-2024,"Mir Jahanzaib Khan Khetran (0W/1C, IND); Abdul Kareem Khetran (0W/1C, NP); Mir Baz M. Khan Khetran (0W/1C, PPP); Mir Shah Jehan Khan Khetran (0W/4C, BAP|IND); Shazia Shah Jehan Khetran (0W/1C, IND); Sardar Mir Baz Muhammad Khan Khethran (0W/4C, IND|PPP); Ahsan Ayaz Khetran (0W/1C, IND); Mir Sher Baz Khethran (0W/1C, IND); Mir Ibrar Khan Khetran (0W/2C, IND|PSP)",P00767|P00776|P05398|P05404|P08296|P08297|P08301|P14637|P14640
F0162,shafiq,zhob cum killa saifullah,2,0,0,1993-1993,"Malik M. Shafiq Jalalzai (0W/1C, IND); Molvi M. Shafiq (0W/1C, JUIS)",P00795|P00796
F0163,mandokhel,old zhob|zhob cum killa saifullah,7,0,0,1993-2013,"M. Anwar Mandokhel (0W/1C, PPP); Haji Ahmad Dir Mandokhel (0W/1C, PML-H); Jaffar Khan Mandokhel (0W/2C, PMLN|PMLQ); Malik Khalid Hasan Mandokhel (0W/1C, PTI); Sheikh Abdul Sattar Mandokhel (0W/1C, PMLN); Haji Akhtar Mohammad Mandokhel (0W/1C, PTI); Karim Dad Mandokhel (Retired) (0W/1C, IND)",P00797|P00798|P02018|P02020|P02024|P08305|P08306
F0165,ajab,islamabad|quetta|sherani cum zhob cum killa saifullah|sibi cum kohlu cum dera bu,2,0,0,1993-2024,"Ajab Gul (0W/3C, IND|PTI); Ajab Khan (0W/7C, IND|MOTP|PPP|QWP|SKQM)",P00812|P05610
F0167,khoso,jaffarabad cum nasirabad,3,0,0,1993-1997,"Mir Nabi Bakshah Khoso (0W/1C, PPP); Izhar Hussain Khoso (0W/1C, BNP); Mir Manzoor Ahmad Khoso (0W/1C, JWP)",P00815|P02036|P02039
F0169,baloch,khuzdar cum awaran,2,0,0,1993-1997,"Khair Jan Baloch (0W/1C, PPP); Mir Khair Jan Baloch (0W/1C, PPP)",P00829|P02054
F0173,nabi,chitral,2,0,0,1993-2024,"Ghulam Nabi Khan (0W/1C, IND); Pir Mukhtar Nabi (0W/1C, IND)",P00860|P11667
F0174,bakht,ta mohmand agency,3,0,0,1993-1997,"Bakht Muhammad (0W/1C, IND); Dr. Bakht M. Khan (0W/1C, IND); Bakht Jamal (0W/2C, IND)",P00871|P00886|P02113
F0175,said,ta khyber agency|ta mohmand agency,2,0,0,1993-1997,"Said Qahar (0W/2C, IND); Jan Said (0W/2C, IND)",P00874|P00875
F0176,mohmand|manan|bangash,ta|ta birmal wana trikhel and tiarzara tehsils of south waziristan agency|ta fro,14,0,0,1993-2013,"Fazl-E-Manan (0W/2C, IND); Gull Nawaz Khan Mohmand (0W/1C, IND); Rahim Shah Mohmand (0W/1C, IND); Shahbaz Khan Mohmand (0W/1C, IND); Mohabat Khan Bangash (0W/1C, IND); Dr. Abdul Janan (0W/5C, IND); Shah Sawar Khan Mohmand (0W/1C, IND); Dr. Gul Manan (0W/3C, IND); Fazal Manan Mohmand (0W/1C, IND); Malik Mehboob Ali Khan Bangash (0W/1C, IND); Malik Haji Abdul Manan Bangush (0W/1C, IND); Mir Zaman Bangash, Adv. (0W/1C, IND); Javid Yousaf Mohmand (0W/1C, IND); Abdul Manan Bangash (0W/1C, IND)",P00878|P00909|P00913|P00914|P02138|P02177|P02187|P05534|P05536|P05548|P05568|P08532|P08534|P08538
F0177,zareen,ta mohmand agency,2,0,0,1993-1997,"Zareen Khan (0W/1C, IND); Malik Zareen Khan (0W/1C, IND)",P00890|P02110
F0178,akhunzada,ta kurram agency,2,0,0,1993-1997,"Akhunzada M. Akram (0W/1C, IND); Akhunzada M. Saeed (0W/1C, IND)",P00903|P02195
F0179,khaista,ta kurram agency,2,0,0,1993-1997,"Malik Khaista Jan (0W/2C, IND); Khaista Jan (0W/1C, IND)",P00920|P02156
F0182,ajmal,muzaffargarh|ta|ta north waziristan agency,2,0,0,1993-2024,"M. Ajmal Khan (0W/5C, IND|PMML); Malik M. Ajmal Khan (0W/1C, IND)",P00937|P03968
F0184,burhanuddin,ta bajaur agency,2,0,0,1993-1997,"Burhanuddin (0W/1C, IND); Burhanuddin Khan (0W/1C, IND)",P00955|P02292
F0187,bhatti|faheem,rawalpindi,9,0,0,1993-2024,"Muhammad Akash Bhatti (0W/1C, IND); Raja Abdul Aziz Bhatti (0W/1C, PPP); Razaq Mehmood Bhatti (0W/1C, PSP); Tariq Aziz Bhatti (0W/1C, IND); Zahoor Alam Bhatti (0W/1C, PPP-SB); Alhaj Muhammad Asad Bhatti (0W/2C, PPP-SB); Farhat Faheem Bhatti (0W/1C, PTI); Faheem Raza (0W/1C, AAT); Razziq Mehmood Bhatti (0W/1C, MQM)",P01006|P02368|P08857|P08920|P09942|P09956|P09962|P12264|P12330
F0189,mirza,rawalpindi,3,0,0,1993-2024,"Irfan Saeed Mirza (0W/1C, IND); Khalid Mehmood Mirza (0W/2C, JI); M. Akmal Mirza (0W/3C, IND|JI|PTI)",P01011|P08875|P12378
F0190,shoaib,jhang|rawalpindi,2,0,0,1993-2013,"Raja Shoaib Adil (0W/1C, JI); Muhammad Shoaib (0W/2C, IND)",P01019|P08910
F0191,mughal,rawalpindi,4,0,0,1993-2018,"Prof. Mushtaq Hussain Mughal (0W/1C, MQM); Wajid Hussain Mughal (0W/1C, Markazi Jamiat Mushaikh Pakistan); Sardar Aftab Ahmad Mughal (0W/1C, IJM); Riaz Mehmood Mughal (0W/1C, IND)",P01020|P05731|P08941|P09944
F0192,saddiqui,attock,2,0,0,1993-2013,"Maulana Umar Farooq Saddiqui (0W/1C, JUIS); Maqbool Illahi Saddiqui (0W/1C, IND)",P01031|P08958
F0198,gujjar,sargodha,2,0,0,1993-1997,"Siraj Din Gujjar (0W/1C, PPP); Dr. Mobashar Ahmad Gujjar (0W/1C, JI)",P01053|P02432
F0203,kahloon|kaheloon,sargodha,4,0,0,1993-2024,"Ch Mumtaz Akhtar Kahloon (0W/2C, IND); Mumtaz Ahmad Kahloon (0W/1C, PPP); Abdullah Mumtaz Kahloon (0W/4C, IND|PTI); Iftikhar Ahmad Kahloon (0W/1C, IND)",P01062|P01068|P09018|P09030
F0204,kachela,sargodha,2,0,0,1993-1997,"Malik M. Aslam Kachela (0W/2C, IND|PPP); Malik M. Akram Kachela (0W/1C, IND)",P01064|P01070
F0205,awan,sargodha cum khushab,3,0,0,1993-1997,"Malik M. Bashir Awan (0W/1C, PPP); M. Aslam Awan (0W/1C, PTI); Tanveer Sultan Awan (0W/1C, IND)",P01078|P02439|P02441
F0208,awan|gulzar,attock|bhakkar|jhang|rawalpindi,16,0,0,1993-2024,"Muhammad Ramzan Awan (0W/3C, IND|TLP); Muhammad Ameer Awan (0W/1C, PAT); Tahir Mehmood Awan (0W/1C, IND); Z. Babar Awan, Adv. (0W/1C, PMLJ); Waseem Gulzar (0W/1C, PMLQ); Malik Aurangzeb Awan (0W/1C, IND); Haji Muhammad Gulzar Awan (0W/2C, PPP|Pakistan Aman Party); Malik Aurang Zaib Awan (0W/1C, MQM); Muhammad Arshad Awan (0W/3C, IND); Muhammad Hussain Awan (0W/1C, MQM); Malik Shakeel Ahmed Awan (0W/1C, PMLN); Abadat Ali Awan (0W/1C, IND); Malik M. Ramzan Awan, Adv. (0W/1C, IND); Abdul Qudoos Awan (0W/3C, PPP|PTI|Pakistan Muhafiz Party)",P01095|P02363|P04211|P04293|P04301|P05742|P05759|P08879|P08906|P08914|P08935|P08946|P08956|P09078|P09963|P12225
F0211,adil|saboor,faisalabad,4,0,0,1993-2024,"Mian Abdul Saboor Tariq (0W/2C, PMLF|PTI); Choudhyr Adil Saboor (0W/1C, PMLQ); Muhammad Yousaf Adil (0W/1C, IND); Muhammad Adil Waseem (0W/1C, IND)",P01101|P09121|P09152|P12966
F0212,awan,faisalabad,5,0,0,1993-2024,"Kashif Hameed Awan (0W/1C, IND); Malik Kashif Awan (0W/1C, IND); MUHAMMAD MANSOOR AHMAD AWAN (0W/1C, TLI); M. Akbar Awan (0W/1C, IND); Sajjad Ahmad Awan. (0W/1C, PPP)",P01103|P05839|P09213|P10304|P12868
F0213,randhawa|azeam,faisalabad,7,0,0,1993-2024,"Ch. M. Akram Randhawa (0W/2C, IND); Ch. M. Bashir Randhawa (0W/1C, JI); Muaz Azeam Randhawa (0W/1C, JI); Ch. M.  Randhawa (0W/1C, NA(alliance)); Engineer Muhammad Azeem Randhawa (0W/1C, JI); Muhammad Waqar Azeam (0W/1C, IND); Ch. M. Rasheed Randhawa (0W/1C, IND)",P01122|P01127|P02480|P04251|P09189|P12864|P12926
F0214,abdur,faisalabad,3,0,0,1993-1993,"Mehar Abdur Rasheed (0W/1C, PPP); Abdur Rashid (0W/1C, IND); Mehar Abdur Rauf (0W/1C, IND)",P01131|P01139|P01143
F0221,khizri,gujranwala,2,0,0,1993-2013,"Jameel Asghar Khizri (0W/1C, JUIS); Hakim Jamil Asghar Khizri (0W/1C, IND)",P01188|P05992
F0222,wajid,gujranwala,2,0,0,1993-2024,"Wajid Ali (0W/1C, IND); Sardar Wajid Ali (0W/1C, IND)",P01190|P12701
F0223,warriach,gujranwala,2,0,0,1993-2002,"Ch. M. Ashraf Warriach (0W/1C, PML-H); Irshadullah Warriach (0W/1C, IND)",P01191|P04352
F0226,awan,gujranwala,7,0,0,1993-2024,"Hameed U Deen Awan (0W/1C, JI); Malik Abdul Hameed Awan (0W/1C, MQM); Shabraz Abbas Awan (0W/1C, IND); Hameed Ud Din Awan (0W/2C, JI|MMA); Zahur-Ul-Haq Awan (0W/1C, IND); Malik Muhammad Imran Bashir Awan (0W/1C, IND); Fareed Iqbal Awan (0W/1C, IND)",P01197|P05938|P09365|P09366|P09397|P09399|P10104
F0227,butt,gujranwala,7,0,0,1993-2024,"Bilal Qudrat Butt (0W/3C, JI|MMA); Yahya Butt (0W/1C, IND); M. Numan Butt (0W/1C, IND); Aman Ullah Butt (0W/1C, AAT); Muhammad Furqan Aziz Butt (0W/1C, MMA); Muhammad Amin Butt (0W/1C, IND); Engineer Muhammad Ashraf Butt (0W/1C, IND)",P01200|P04353|P09359|P09393|P10113|P10115|P12715
F0228,butter,gujranwala,2,0,0,1993-2002,"Ch. M. Ishfaq Butter, Adv. (0W/1C, PAT); Naseem Ullah Butter (0W/1C, JI)",P01207|P04346
F0229,warraich,gujranwala cum hafizabad,4,0,0,1993-1997,"Ch. M. Abbas Warraich (0W/1C, IND); Ch. Liaqat Ali Warraich (0W/1C, IND); M. Ashraf Warraich (0W/1C, PPP); M. Abbas Warraich (0W/1C, IND)",P01218|P01219|P02585|P02593
F0231,tufail,gujrat|lahore,2,0,0,1993-2018,"Yasir Tufail (0W/1C, IND); Malik M. Tufail (0W/2C, IND|Tehreek-e-Istehkaam Pakistan)",P01230|P10460
F0233,baig,gujrat,2,0,0,1993-2013,"Mirza Bilal Baig (0W/1C, APML); Alhaj Mirza Saeed Baig (0W/2C, IND)",P01240|P06045
F0235,hayat,mandi bahauddin,2,0,0,1993-2024,"Umar Hayat Laleka (0W/2C, IND); Fakhar Umar Hayat (0W/2C, PPP)",P01257|P10146
F0237,mushtaq|awais|khichi,sialkot,6,0,0,1993-2024,"Khawaja Awais Mushtaq (0W/1C, PPP); Mohammad Awais Ghumman (0W/1C, JI); Col. (R) Mushtaq Khan Khichi (0W/1C, IND); Yasir Mushtaq Bajwa (0W/1C, PPP); Lt. Col. (R) Mushtaq Khichi (0W/1C, IND); Muhammad Awais (0W/1C, MMA)",P01265|P02644|P06139|P10065|P10067|P12565
F0239,bangash,kohat,2,0,0,1993-2024,"Gohar Muhammad Khan Bangash (0W/3C, JUIF|MMA); Haji-Ur-Rehman Bangash (0W/1C, IND)",P01282|P06561
F0241,afzal,narowal,2,0,0,1993-2002,"M. Afzal (0W/2C, IND); Attia Afzal Ch. (0W/1C, IND)",P01294|P02802
F0243,lodhi,lahore,3,0,0,1993-2008,"Azhar Khan Lodhi, (0W/1C, IND); Prof. Aftab Lodhi (0W/1C, Awami Tehreek-e-Inqilab Pakistan); Maj. (R) Aftab Ahmad Khan Lodhi (0W/2C, Tehrik-e-Istaqlal)",P01311|P02866|P04467
F0244,taseer,lahore,2,0,0,1993-2024,"Khurram Taseer (0W/1C, IND); Salman Taseer (0W/2C, PPP)",P01312|P13265
F0245,bahadur,lahore,2,0,0,1993-2024,"Bahadur Khan (0W/1C, IND); Qari Muhammad Zawar Bahadur (0W/5C, IJM|IND|JUIF|JUP)",P01332|P13203
F0246,altaf,karak,2,0,0,1997-2024,"Altaf Qadir (0W/4C, IND); Altaf Ahmad (0W/1C, IND)",P01355|P06716
F0248,kharal,sahiwal|shekhupura,5,0,0,1997-2013,"Rai Sarwar Khan Kharal (0W/1C, Pakistan Peoples Party (Z. A. Bhutto)); Haji Rai M. Nawaz Kharal (0W/3C, IND|Pakistan Justice Party); Dr. Rai Shabbir Ahmad Kharal (0W/1C, PPP-SB); Rai M. Hayat Kharal (0W/1C, PMLN); Ria Faiz Ahmed Kharal (0W/1C, IND)",P01380|P01384|P01476|P02934|P04574
F0249,mahar,kasur,2,0,0,1997-2024,"Muhammad Saleem Mahar (0W/4C, IND); Mehar M. Rafiq (0W/1C, IND)",P01385|P10498
F0252,safdar,okara,2,0,0,1997-2024,"Rao M. Safdar Khan (0W/4C, Awami Inqilabi Mahaz Pakistan|IND|PMLQ); Abdul Majeed Safdar (0W/1C, IND)",P01421|P13396
F0253,khakwani,multan,4,0,0,1997-2018,"M. Khalid Khan Khakwani (0W/1C, PMLQ); Ishaq Khan Khakwani (Retired) (0W/1C, PPP-SB); Muhammad Khalid Khakwani (0W/2C, IND); Hafiz M. Iqbal Khan Khakwani (0W/1C, PMLN)",P01432|P02994|P02995|P06694
F0255,wahla,multan cum khanewal,2,0,0,1997-1997,"Akhtar Hussain Wahla (0W/1C, PTI); Riaz Hussain Wahla (0W/1C, IND)",P01452|P01454
F0257,niazi,khanewal,3,0,0,1997-2024,"Muhammad Hussain Khan Niazi (0W/1C, IND); Muhammad Ayaz Khan Niazi (0W/1C, IPP); Hameedullah Khan Niazi (0W/1C, PTI)",P01459|P13479|P13480
F0259,afzal|qadri,bahawalnagar|khanewal,5,0,0,1997-2024,"Mehar M. Afzal Dullu (0W/1C, Jamiat Ulema-e-Pakistan); Muhammad Afzal Kaifi (0W/1C, IND); Muhammad Afzal Qadri (0W/1C, ST); Maulana Muhammad Ajmal Qadri (0W/2C, IND|JUI-N); Mehar M. Afzal (0W/1C, IND)",P01468|P03039|P04675|P06798|P13475
F0261,gujjar,gujranwala|vehari,6,0,0,1997-2024,"Muhammad Yasir Ghafran Gujjar (0W/1C, IND); Chaudhry Muhammad Tariq Gujjar (0W/1C, IND); Ch. M. Iqbal Gujjar (0W/2C, AML|PTI); Ch Muhammad Saeed Gujjar (0W/1C, PPP); Dr. Pervaiz Ameer Gujjar (0W/1C, PTI); Ch. Zulfiqar Ali Gujjar (0W/1C, TLP)",P01500|P02723|P04720|P09364|P12710|P12720
F0262,jamaluddin,dg khan,2,0,0,1997-2002,"Kh. Jamaluddin Asghar (0W/1C, PPP); Khawja Jamaluddin Asghar (0W/1C, PPP)",P01504|P03116
F0263,nabi,haripur|mansehra,2,0,0,1997-2013,"Molana Syed Ghulam Nabi Shah (0W/2C, JUIF|MMA); Ghulam Nabi (0W/3C, JI|MMA|MQM-H)",P01535|P03208
F0264,swati,mansehra,3,0,0,1997-2018,"Abdul Sattar Khan Swati (0W/1C, PTI); Muhammad Gulfam Swati (0W/1C, IND); Muhammad Azam Khan Swati (0W/1C, PTI)",P01538|P07344|P09512
F0266,chishti,bahawalnagar,3,0,0,1997-2013,"Ahmed Farid Chishti (0W/2C, IND|PMLN); Ahmad Fareed Chishti (0W/2C, IND); Zafar Ahmad Chishti (0W/1C, PPP-SB)",P01554|P03202|P07166
F0267,mushtaq|toor,faisalabad|gujranwala|jhelum|karachi central|karachi east|khanewal|rahimyar khan,8,0,0,1997-2024,"Muhammad Furqan Mushtaq (0W/1C, IND); Rais Mushtaq Ahmad (0W/1C, IND); Mushtaq Ahmad (0W/7C, GDA|IND|JI|JUIF); Muhammad Mushtaq (0W/2C, IND|TLP); Qaisar Haroon Toor (0W/1C, PMML); Waqar Mushtaq Toor (0W/1C, IND); Syed Mushtaq Hussain (0W/1C, GDA); Sheikh Muhammad Mushtaq (0W/1C, JI)",P01564|P07236|P09145|P09226|P09229|P12887|P12921|P14370
F0268,safdar,rahimyar khan,2,0,0,1997-2013,"Makhdoom Safdar Hussain (0W/1C, PTI); Syed Safdar Ali (0W/1C, PML-H)",P01570|P07250
F0269,akhter,rahimyar khan,2,0,0,1997-2013,"M. Sarwar Akhter (0W/1C, IND); Choudary Pervaiz Akhter (0W/1C, IND)",P01572|P07223
F0270,solangi,rahimyar khan,2,0,0,1997-2013,"M. Azim Solangi (0W/1C, IND); Sardar Shoukat Ali Khan Solangi (0W/1C, IND)",P01574|P07269
F0271,qureshi|qayoom,ghotki|sukkur,4,0,0,1997-2018,"Abdul Qayoom (0W/2C, JUIF|MMA); Abdul Qayoom Qureshi (0W/1C, IND); Liaqat Ali Qureshi (0W/1C, PMLQ); Ahmed Ali Qureshi (0W/1C, PMLQ)",P01585|P03251|P07299|P07314
F0272,mangi,sukkur,2,0,0,1997-2013,"Abdullah Mangi (0W/2C, IND|MWM); Shahid Hussain Mangi (0W/1C, PTI)",P01587|P03268
F0273,hidayatullah,lakki marwat|peshawar|sukkur|ta,3,0,0,1997-2024,"Hidayatullah (0W/1C, IND); Hidayat Ullah (0W/3C, IND); Hidayatullah Khan (0W/3C, IND|QWP)",P01591|P03889|P05459
F0274,soomro,ghotki,2,0,0,1997-2002,"M. Amin Soomro (0W/1C, IND); Abdul Shakoorr Soomro (0W/1C, MQM)",P01610|P03291
F0276,rafiuddin,shikarpur,2,0,0,1997-2002,"Agha Rafiuddin (0W/1C, IND); Agha Rafiuddin Khan (0W/1C, IND)",P01617|P03308
F0277,panhwar,dadu|jacobabad,10,0,0,1997-2024,"Shams Panhwar (0W/1C, PPP-SB); Shamusddin Panhwar (0W/1C, PPP-SB); Mir Shujaullah Panhwar (0W/1C, IND); Asghar Ali Panhwar (0W/2C, IND); Rasheedan Akhtar Panhwar (0W/1C, IND); Mir Zeeshan Ali Panhwar (0W/1C, PMLQ); Nisar Ahmed Panhwar (0W/1C, IND); Mir Asghar Ali Panhwar (0W/1C, IND); Meer Jan Muhammad Khan Panhwar (0W/1C, IND); Sardar Manzoor Ali Khan Panhwar (0W/1C, IND)",P01627|P05160|P05161|P05167|P07478|P07840|P07849|P11180|P13886|P14243
F0279,malak,naushero feroz,2,0,0,1997-2002,"M. Ali Malak (0W/1C, PTI); M. Sharif Malak (0W/1C, MQM)",P01646|P03366
F0280,khashkheli,nawabshah,2,0,0,1997-2002,"Ameer Ali Khashkheli (0W/1C, IND); Khan M. Khashkheli (0W/1C, IND)",P01655|P03381
F0281,dhari,nawabshah,2,0,0,1997-2008,"Rais Illahi Bakhsh Dhari (0W/1C, IND); Khan Muhammad Dhari (0W/1C, PMLQ)",P01656|P04990
F0282,rahu,nawabshah,4,0,0,1997-2008,"Ghulam Haider Rahu (0W/1C, MQM); Ghulam Hyder Rahu (0W/1C, IND); Mumtaz Ahmed Rahu (0W/1C, NA(alliance)); Mushtaq Ahmad Rahu (0W/1C, PPP)",P01660|P03372|P03382|P04988
F0283,dahri,nawabshah|shaheed benazirabad,3,0,0,1997-2024,"Dr. Bahadur Khan Dahri (0W/3C, IND); Khan Muhammad Dahri (0W/2C, IND); Sardar Asif Illahi Dahri (0W/1C, PPP-SB)",P01661|P03385|P11037
F0284,khaskheli,nawabshah,2,0,0,1997-2013,"Moula Bakhsh Khaskheli (0W/1C, IND); Mushtaque Hussain Khaskheli (0W/1C, IND)",P01664|P07572
F0285,phulpoto,khairpur,6,0,0,1997-2024,"Tahir Imtiaz Phulpoto (0W/3C, IND); Mobeen Ahmed Phulpoto (0W/1C, IND); Imam Bux Phulpoto (0W/1C, IND); Muhammad Ramzan Phulpoto (0W/1C, JUIF); Sher M. Phulpoto (0W/2C, IND); Ghulam Haider Phulpoto (0W/2C, PMLN)",P01669|P03386|P03389|P04999|P05014|P13976
F0286,solangi,khairpur,2,0,0,1997-2008,"Dr. Hassan Ali Solangi (0W/1C, IND); Abdul Qadir Solangi (0W/1C, MQM)",P01675|P05000
F0287,chandio|hafeezullah,khairpur,3,0,0,1997-2024,"Hafeezullah Chandio (0W/1C, JUIS); Shafi M. Chandio (0W/1C, IND); Hafeezullah (0W/1C, IND)",P01676|P07620|P13974
F0288,jillani,khairpur cum sukkur,2,0,0,1997-1997,"Pir Syed Haji Gul Shah Jilani (0W/1C, IND); Pir Syed Niaz Hussain Shah Jilani (0W/1C, PMLN)",P01681|P01684
F0290,tunio,larkana,6,0,0,1997-2013,"Roshan Ali Tunio (0W/1C, IND); Mukhtiar Ali Tunio (0W/1C, IND); Altaf Hussain Tunio (0W/1C, PMLN); Muhammad Ishaque Tunio (0W/1C, IND); Ali Gohar Tunio (0W/1C, IND); Altaf Hussain Tunio (Ret) (0W/1C, IND)",P01695|P03317|P03320|P04931|P07415|P07428
F0292,brohi,larkana,5,0,0,1997-2013,"Abdul Nabi Khan Brohi (0W/1C, PTI); Abdul Ghaffar Brohi (0W/1C, IND); Qadir Bakhsh Brohi (0W/1C, IND); Noor Ahmed Brohi (0W/1C, IND); Khushhal Khan Brohi (0W/1C, IND)",P01703|P03323|P04926|P04934|P07411
F0293,jatoi,larkana,3,0,0,1997-2024,"Babu Sarfraz Khan Jatoi (0W/3C, IND|PMLN); Abdul Rashid Jatoi (0W/1C, IND); Hafiz Shaukat Ali Jatoi (0W/1C, TLP)",P01705|P03311|P13921
F0294,jalbani,larkana,3,0,0,1997-2013,"Arif Ali Jalbani (0W/1C, PMLN); Allah Bakhsh Jalbani (0W/1C, IND); Abdul Sattar Jalbani (0W/1C, IND)",P01706|P03330|P07440
F0296,shahabuddin,hyderabad,2,0,0,1997-2002,"Shahabuddin Shah (0W/1C, PMLQ); Syed Shahabuddin Shah (0W/2C, PML-H|PMLQ)",P01708|P03408
F0297,naghar,hyderabad,2,0,0,1997-2002,"M. Rashid Naghar (0W/1C, PMLN); Ahmed Ali Khan Naghar (0W/1C, PTI)",P01725|P03417
F0298,bhatti,hyderabad,2,0,0,1997-2024,"Yusuf Ali Kousar Bhatti (0W/1C, PPP-SB); Abdul Majeed Bhatti (0W/2C, IND)",P01738|P14148
F0299,memon|nabi,hyderabad,7,0,0,1997-2024,"Mazhar Rafi Memon (0W/1C, IND); Farhan Nabi Memon (0W/1C, IND); Masood-Ul-Nabi (0W/1C, IND); Abdul Hameed Memon (0W/1C, IND); Rasool Bakhsh Memon (0W/1C, MQM); Shah Jahan Memon (0W/1C, IND); Abdul Hakeem Memon Wakil (0W/1C, IND)",P01739|P01741|P03407|P03456|P03458|P11117|P14166
F0300,sarhandi,hyderabad,2,0,0,1997-2002,"Pir Sajjad Sarhandi (0W/1C, IND); Pir Sajjad Saeed Jan Sarhandi (0W/1C, NA(alliance))",P01740|P03446
F0301,magsi,hyderabad|old hyderabad,5,0,0,1997-2024,"Irfan Gul Magsi (0W/1C, IND); Adeeba Gul Magsi (0W/2C, IND|PMLQ); Ahsan Magsi (0W/1C, IND); Dr Rahila Gul Magsi (0W/1C, PMLN); Allah Bakhsh Khan Magsi (0W/1C, PPP-SB)",P01748|P03452|P07714|P14139|P14149
F0302,magsi,badin|dadu|thatta,2,0,0,1997-1997,"Rafiq Ahmad Magsi (0W/1C, IND); Dr. Qadir Magsi (0W/3C, United National Alliance)",P01761|P01812
F0303,abbasi,badin,2,0,0,1997-2013,"Nadeem Abbasi (0W/1C, PTI); Kazi Amjad Abid Abbasi (0W/1C, IND)",P01768|P07750
F0304,junejo,mirpur khas|mirpurkhas cum umerkot|sanghar,3,0,0,1997-2024,"M. Asad Ali Khan Junejo (0W/5C, IND|PML-H|PMLJ|PMLN); Ghulam Jaffar Junejo (0W/1C, PMLN); Sarfraz Ali Junejo (0W/1C, IND)",P01782|P03476|P11067
F0305,rajput,dadu,2,0,0,1997-2008,"Abdul Salam Rajput (0W/1C, PMLN); Dr. Abdul Hameed Rajput (0W/2C, PMLN)",P01797|P03512
F0306,bhand,dadu,2,0,0,1997-2002,"Mumtaz Ali Bhand (0W/1C, PPP-SB); Zafar Ali Bhand (0W/1C, PMLN)",P01806|P03517
F0308,lund,dadu,3,0,0,1997-2018,"Moula Bux Lund (0W/1C, IND); Ahmed Khan Lund (0W/2C, PMLN|PMLQ); Ghulamullah Khan Lund (0W/1C, IND)",P01808|P03514|P07851
F0310,baig,sanghar,2,0,0,1997-2008,"Habib Baig Majahid (0W/1C, IND); Dr. Mir Baig (0W/1C, IND)",P01830|P05193
F0311,jokhio,thatta,2,0,0,1997-2013,"Muhammad Serwer Jokhio (0W/1C, IND); Aziz-Ur-Rehman Jokhio (0W/1C, IND)",P01843|P07895
F0312,soomro|bukhsh,jacobabad|karachi south,3,0,0,1997-2024,"Illah Bukhsh Soomro (0W/1C, PMLN); Maula Bukhsh Soomro (0W/3C, IND); Ahmad Ali Soomro (0W/1C, Pakistan Peoples Party (Z. A. Bhutto))",P01891|P07463|P10873
F0313,ashfaq,karachi|karachi south,2,0,0,1997-2013,"Mir Ashfaq Baloch (0W/1C, IND); M. Ashfaq (0W/2C, IND|PTI)",P01892|P08036
F0315,baz,bannu,2,0,0,1997-2013,"Doctor Raham Baz Khan (0W/1C, IND); Sher Ali Baz Khan (0W/1C, IND)",P01903|P08215
F0316,nusrat,karachi south,2,0,0,1997-2024,"Nusrat Wahid (0W/1C, IND); Syed Nusrat Ali (0W/1C, IND)",P01910|P14451
F0317,wahab|shar,ghotki|islamabad|karachi east|karachi south|kasur|lahore|mianwali|nawabshah,5,0,0,1997-2024,"Abdul Wahab (0W/10C, IND|PTI|Pakistan Justice & Democratic Party); Abdul Wahab Abbasi (0W/1C, IND); Sanwal Khan Shar (0W/1C, IND); Fouzia Wahab (0W/1C, PPP); Abdul Wahab Shar (0W/1C, Sindh United Party)",P01933|P02881|P04885|P07356|P07558
F0318,hashmi,malir cum karachi east,2,0,0,1997-1997,"S. Atiq-Ur-Rehman Shah Hashmi (0W/1C, PTI); Syed Mehmood Hussain Hashmi (0W/1C, IND)",P01953|P01962
F0319,khetran,loralai cum barkhan cum musakhel,3,0,0,1997-1997,"Abdul Majeed Khetran (0W/1C, Balochistan National Movement); Wadera Amir M. Khan Khetran (0W/1C, IND); Mir Baz M. Khetran (0W/1C, PPP)",P01990|P01994|P01995
F0321,paracha,peshawar,4,0,0,1997-2018,"Imtiaz Illahi Paracha (0W/1C, IND); Muhammad Siddiq Ur Rehman Paracha (0W/1C, MMA); Jan Alam Khan Paracha (0W/1C, QWP); Fakhri Alam Khan Paracha (0W/1C, IND)",P02007|P04368|P05954|P09620
F0322,kakar,zhob cum killa saifullah,3,0,0,1997-2002,"Malik Shamsuddin Kakar (0W/2C, Kakar Jamhoori Party Pakistan); Shamsullah Kakar (0W/1C, ANP); Fazal-Ur-Reham Kakar (0W/1C, PPP)",P02019|P03820|P03821
F0324,umrani,jaffarabad cum nasirabad,2,0,0,1997-1997,"Sardar Fateh Ali Khan Umrani (0W/1C, IND); M. Sadiq Umrani (0W/1C, PPP)",P02037|P02042
F0325,jattak,khuzdar|khuzdar cum awaran,2,0,0,1997-2008,"Mir Imran Jattak (0W/1C, PPP); Mir M. Ayub Jatak (0W/3C, Balochistan National Movement|NP)",P02052|P05447
F0326,gujjar,bunair cum shangla|buner|shangla|swat,2,0,0,1997-2024,"Fanoos Gujar (0W/7C, Awami Workers Party|Pakistan Awami Party); Usman Ghani Gujjar (0W/1C, AWP)",P02074|P11736
F0327,rooman,ta mohmand agency,2,0,0,1997-2002,"Rooman (0W/1C, IND); Maj. (R) Rooman Khan (0W/1C, IND)",P02114|P03923
F0328,dawood,ta|ta bajaur agency|ta kurram agency,2,0,0,1997-2013,"Dawood Khan (0W/3C, IND); Dawood Shah (0W/1C, PTI)",P02148|P08535
F0329,badshah,ta kurram agency,3,0,0,1997-1997,"Hajir Pir Badshah (0W/1C, IND); Wrakhmin Badshah (0W/1C, IND); Malik Gul Badshah (0W/1C, IND)",P02174|P02175|P02209
F0331,said,ta kurram agency,2,0,0,1997-1997,"Haji Gul Said (0W/1C, IND); Malik Said Abbas (0W/1C, IND)",P02193|P02203
F0332,afridi,peshawar,6,0,0,1997-2013,"Salim Akbar Afridi (0W/1C, PPP-SB); Hidayatullah Khan Afridi Advocate (0W/1C, IND); Muhammad Azam Afridi (0W/1C, PPP); Iqtidar Ahmad Afridi (0W/1C, IND); Bashir Ahmad Afridi (0W/1C, MQM); Ajmal Khan Afridi (0W/1C, IND)",P02228|P05497|P05582|P05958|P05962|P07339
F0333,qasmi,peshawar,2,0,0,1997-2008,"M. Naeem Qasmi (0W/1C, IND); Asif Ullah Qasmi (0W/1C, IND)",P02229|P04875
F0334,janat,ta north waziristan agency,2,0,0,1997-1997,"Janat Rehman (0W/1C, IND); Noor Janat Gul (0W/1C, IND)",P02233|P02248
F0335,mahsud,ta south waziristan agency,3,0,0,1997-1997,"M. Zaman Mahsud (0W/1C, IND); Gen. (R) Alam Jan Mahsud (0W/1C, IND); Abdul Karim Khan Mahsud (0W/1C, IND)",P02259|P02265|P02273
F0337,zakhakhel,ta khyber agency,2,0,0,1997-1997,"Malik Darya Khan Zakhakhel (0W/1C, IND); Ziarat Khan Zakhakhel (0W/1C, IND)",P02305|P02328
F0339,banori,ta khyber agency,2,0,0,1997-1997,"Pir Roohullah Shah Banori (0W/1C, IND); Sahabzada S. M. Umar Banori (0W/1C, IND)",P02311|P02315
F0340,shinwari,ta khyber agency,5,0,0,1997-1997,"Rafiullah Shinwari (0W/1C, IND); Saidan Shah Shinwari (0W/1C, IND); Khitab Gul Shinwari (0W/1C, IND); Saif-Ur-Rehman Shinwari (0W/1C, IND); Maj. (R) Bakhat H. Shinwari (0W/1C, IND)",P02324|P02325|P02326|P02327|P02333
F0342,said,ta tas attached to peshawar kohat bbannu di khan tank and lakki marwat districts,2,0,0,1997-1997,"Malik Said Amir (0W/1C, IND); Said Khan (0W/1C, IND)",P02336|P02353
F0345,cheema,gujranwala|rawalpindi,2,0,0,1997-2024,"Dr Sarfraz Ahmad Cheema (0W/2C, IND|Markazi Jamiat Mushaikh Pakistan); Haji M. Salim Khan Cheema (0W/1C, Jinnah Muslim League)",P02372|P08852
F0346,fozia,chakwal,2,0,0,1997-2008,"Fozia Behman (0W/1C, PPP); Fozia Behram (0W/1C, PMLJ)",P02397|P05765
F0348,mirza,jhelum,3,0,0,1997-2024,"Mazhar Hussain Mirza (0W/1C, PMLQ); Shahid Kamal Mirza (0W/1C, APML); Shaukat Iqbal Mirza (0W/1C, IND)",P02405|P10003|P12423
F0351,sialvi,jhang|sargodha,3,0,0,1997-2024,"SAHIBZADA NAEEM UD DIN SIALVI (0W/3C, IND|PTI); Sahabzada Ghulam Naseeruddin Sialvi (0W/1C, IND); Sahibzada Muhammad Amin-Ud-Din Sialvi (0W/1C, IND)",P02433|P05798|P10189
F0352,arain,sargodha,3,0,0,1997-2013,"Ch. Tahir Javed Arain (0W/1C, PTI); Haji Chaudhary Muhammad Ali Alias Nadeem Arain (0W/1C, IND); Chaudhary Mubashir Ahmed Arain (0W/1C, IND)",P02436|P09037|P09044
F0353,shadikhel,mianwali,2,0,0,1997-2024,"Obaidullah Khan Shadikhel (0W/4C, PMLN|PMLQ); Amanatullah Khan Shadikhel (0W/1C, IND)",P02445|P05810
F0354,khatak,mianwali,2,0,0,1997-2024,"Mursaleen Khan Khattak (0W/1C, IND); Maulna Ameer Ullah Khattak (0W/1C, JUIF)",P02449|P12792
F0355,hayat,faisalabad,3,0,0,1997-2018,"Nadeem Hayat Khan (0W/1C, IND); Rao Khizar Hayat Khan (0W/1C, PTI); M. Hayat Khan (0W/1C, PTI)",P02458|P02462|P10285
F0356,ghazi,faisalabad,3,0,0,1997-2013,"Ch. M. Abdullah Ghazi (0W/1C, PMLJ); Khalid Abdullah Ghazi (0W/1C, PTI); M. Abdullah Ghazi (0W/1C, PML-H)",P02472|P04240|P09151
F0358,mughal,faisalabad,2,0,0,1997-2013,"Qari Nasir Mahmood Mughal (0W/1C, Awami Justice Party Pakistan); Abdul Rahman Mughal (0W/1C, IND)",P02483|P09158
F0359,gujjar,faisalabad,4,0,0,1997-2024,"Sajid Iqbal Gujjar (0W/1C, IND); Muhammad Usman Gujjar (0W/1C, IND); Nisar Ahmad Gujjar (0W/1C, IND); Muhammad Zafar Iqbal Gujjar (0W/1C, Awami Justice Party Pakistan)",P02485|P09186|P09223|P13000
F0361,dogar,faisalabad,4,0,0,1997-2024,"Muhammad Muzammal Dogar (0W/1C, IND); Sardar Akbar Ali Dogar Advocate (0W/1C, IND); Nadeem Sadiq Dogar (0W/1C, IND); Ch. Hanif Ahmad Dogar (0W/1C, IND)",P02496|P09129|P12937|P12942
F0363,chaddar,jhang,2,0,0,1997-2002,"M. Ashraf Chaddar (0W/1C, IND); Ch. M. Khan Chaddar (0W/1C, PTI)",P02511|P04282
F0364,naul,jhang,2,0,0,1997-2008,"Mehr Ansar Javaid Naul (0W/1C, IND); M. Ajmal Nawaz Naul (0W/1C, IND)",P02518|P05890
F0366,sarfaraz,abbottabad|kohistan|mardan,2,0,0,1997-2013,"Abbas Sarfaraz Khan (0W/2C, IND); Sarfaraz Khan (0W/3C, IND|MQM|PPP)",P02523|P03500
F0367,tajammul,jhang,2,0,0,1997-2013,"Rana Tajammul Waseem (0W/1C, IND); Tajammul Hussain (0W/1C, IND)",P02531|P09251
F0368,awan,hafizabad,3,0,0,1997-2013,"Nasir Ayyub Awan Advocate (0W/1C, MQM); Malik Shoukat Hayyat Awan (0W/1C, PPP); Malik M. Wazir Awan (0W/1C, IND)",P02565|P04392|P06003
F0369,lone,gujranwala,2,0,0,1997-1997,"Kh. Khalid Aziz Lone (0W/1C, IND); Kh. M. Aslam Lone (0W/1C, PPP)",P02572|P02577
F0370,boota,gujranwala|sialkot,2,0,0,1997-2024,"Ch. M. Boota (0W/2C, IND|PTI); Hafiz Muhammad Boota (0W/1C, IND)",P02578|P05933
F0371,ghani,bahawalpur|gujranwala,2,0,0,1997-2024,"Abdul Ghani (0W/2C, IND); Usman Ghani (0W/1C, MQM)",P02579|P12726
F0372,mehdi,gujrat,2,0,0,1997-2013,"Dr. Zahoor Mehdi Faisal (0W/1C, Khaksaar Tehreek); Ch Zahoor Mehdi (0W/1C, IND)",P02608|P06068
F0373,khawar,gujrat,2,0,0,1997-2013,"Ch. Ajmal Ali Khawar (0W/1C, IND); Khawar Sahzad (0W/1C, IND)",P02615|P06024
F0375,kahloon,narowal|sialkot cum narowal,7,0,0,1997-2013,"Farooq Akbar Kahloon (0W/1C, PPP); Tariq Ashrif Kahloon (0W/1C, PPP); M. Akbar Kahloon (0W/2C, IND|PPP); Nadir Zia Kahloon (0W/1C, IND); Riffat Javad Kahloon (0W/1C, IND); Rifat Javed Kahloon (0W/1C, PMLQ); Ch. M. Akbar Kahloon (0W/1C, PPP)",P02648|P02792|P04439|P04445|P04447|P06165|P06179
F0376,mirza,lahore,2,0,0,1997-2024,"Air Marshal (R) Khurshid Anwar Mirza (0W/1C, PTI); Muhammad Rauf Mirza (0W/1C, IND)",P02666|P13154
F0377,ashfaq,lahore,2,0,0,1997-2013,"M. Ashfaq Ch. (0W/1C, IND); Dr. Qari Ashfaqullah (0W/3C, IND|PMLQ)",P02676|P02684
F0378,naik,lahore,2,0,0,1997-2024,"Kh. Sabahuddin Naik (0W/1C, PTI); Khalid Naik (0W/1C, IND)",P02689|P13254
F0380,hasan,lahore,2,0,0,1997-2018,"Khawaja Ahmad Hassan (0W/4C, IND|PMLN); Prof. Ijaz-Ul-Hasan (0W/2C, PPP)",P02692|P04474
F0381,sidhu,lahore,2,0,0,1997-2013,"Taliba Hussain Sidhu (0W/1C, PTI); M. Yaqoob Sidhu (0W/1C, IND)",P02704|P06427
F0382,nutt|natt|nat,lahore,4,0,0,1997-2013,"Dr. Ch. Zahid Akram Natt (0W/3C, IND|PPP); Ch Murtaza Akram Natt (0W/1C, IND); Zahid Akram Nutt (0W/1C, IND); Dr Malik Zahid Akram Nat (0W/1C, IND)",P02706|P04516|P06390|P06438
F0383,idrees,chiniot|lahore,2,0,0,1997-2024,"Muhammad Idrees (0W/2C, IND|PMLQ); M. Idrees (0W/1C, PTI)",P02709|P04499
F0384,siddiq,lahore,2,0,0,1997-2024,"Shahid Siddique Khan (0W/3C, IND|PTI); Ch. Kamran Siddiq (0W/1C, IND)",P02710|P02869
F0386,mubarak,gujranwala,2,0,0,2002-2013,"Rana Shabir Haider Mubarak (0W/1C, IND); Rana Safdar Raza Mubarak (0W/1C, IND)",P02724|P05982
F0387,warraich|shaheen,bahawalpur|gujrat,6,0,0,2002-2024,"Iftikhar Ahmed Warraich (0W/1C, APML); Hafiz Amjad Shaheen Warraich (0W/1C, MMA); Choudhry Naeem Ul Din Warraich (0W/2C, PTI); Aleem Ullah Waraich (0W/4C, IND); Gulrez Mehmood Akhtar Warraich, Adv. (0W/1C, PAT); Muhammad Nawaz Shaheen (0W/1C, IND)",P02737|P02740|P06035|P07145|P07147|P10016
F0388,gondal|afzal|hayat,gujrat,6,0,0,2002-2024,"Ch Tanveer Ahmad Gondal (0W/1C, IND); Mian M. Afzal Hayat (0W/2C, NA(alliance)|PTI); Mian Muhammad Mobeen Hayat (0W/1C, IND); Zeeshan Afzal Gondal (0W/1C, IND); Ch Nazir Ahmad Gondal (0W/1C, IND); Muhammad Afzal Gondal (0W/2C, IND|PTI)",P02743|P06021|P06022|P06029|P06050|P12468
F0389,nasar,gujrat,2,0,0,2002-2013,"Ch. Jamshed Nasar (0W/2C, IND); Ch Nasar Iqbal (0W/1C, IND)",P02745|P06048
F0390,ajmal,gujrat,2,0,0,2002-2013,"Malik Ajmal Siddiq (0W/1C, PMLN); Muhammad Ajmal Umar (0W/1C, ST)",P02748|P06031
F0391,sahi,mandi bahauddin,3,0,0,2002-2024,"Ijaz Ahmed Sahi (0W/1C, IND); Muhammad Riaz Farooq Sahi (0W/3C, JI|MMA); Ch. Akhtar Mehmood Sahi (0W/1C, IND)",P02755|P06079|P12527
F0392,baryar,sialkot,2,0,0,2002-2018,"Mudashar Saleem Baryar (0W/1C, IND); Qaiser Iqbal Baryar (0W/1C, IND)",P02778|P10064
F0393,gill,sialkot,3,0,0,2002-2024,"Haidar Ali Gill (0W/1C, IND); Col. (R) Zafar Hussain Gill (0W/1C, PMLN); Munawar Ahmad Gill (0W/4C, IND)",P02783|P04431|P12586
F0394,wirk,sialkot,2,0,0,2002-2024,"Ch. Javed Iqbal Virk (0W/1C, PMLN); Nabi Ahmad Virk (0W/1C, PMML)",P02787|P12577
F0397,wadood,lahore,2,0,0,2002-2018,"Hafiz Abdul Wadood Shahid (0W/1C, MMA); Hafiz Abdul Wadood (0W/2C, JUIF|MMA)",P02808|P06187
F0400,amir,faisalabad|gujranwala|lahore,7,0,0,2002-2024,"Muhammad Amin (0W/4C, IND|MQM|PMML); Amir Ayub (0W/1C, IND); Amir Siddique (0W/1C, JI); Dr. Amir Jalal (0W/1C, IND); Attia Amir (0W/1C, IND); Muhammad Hussain Amir (0W/1C, PMML); Barrister Mian Amir Hassan (0W/1C, PPP)",P02819|P06276|P06383|P06392|P10093|P13146|P13193
F0402,minhas,lahore|sargodha,3,0,0,2002-2024,"Colonel Ejaz Hussain Minhas (0W/2C, IND|PTI); Begum Shahmeem Arshad Minhas (0W/1C, AML); Ch. Ishtiaq Ahmed Minhas (0W/1C, IND)",P02839|P06275|P09015
F0403,arain,lahore,3,0,0,2002-2013,"Mian Muhammad Aslam Arain (0W/1C, PPP); Mian Muhammad Arshad Arain (0W/1C, IND); Haji M. Saeed Arain (0W/1C, PTI)",P02851|P06370|P06371
F0404,jalali,lahore,2,0,0,2002-2013,"Muhammad Abid Jalali (0W/1C, IND); Allam M. Abid Jalali (0W/1C, MMA)",P02855|P06397
F0405,rohail,lahore,2,0,0,2002-2024,"Sheikh Rohail Asgher (0W/1C, PMLN); Khurram Rohail Asghar (0W/1C, PMLQ)",P02856|P13192
F0406,kilcha,lahore,2,0,0,2002-2013,"Iftikhar Ali Kilcha (0W/1C, PAT); Adnan Iftikhar Kilcha (0W/1C, IND)",P02861|P06362
F0407,madni,lahore,3,0,0,2002-2013,"Hafiz Abdul Rehman Madni (0W/1C, IND); Qari Habib-Ur-Rehman Madni (0W/1C, MMA); Muhammad Madni (0W/1C, PTI)",P02862|P04503|P06204
F0409,bara,lahore,2,0,0,2002-2024,"Malik Jangir Hussain Bara (0W/1C, IND); Salman Raza Bara (0W/1C, IND)",P02883|P13241
F0411,asim,lahore,5,0,0,2002-2024,"Hafiz Asim Makhdoom (0W/1C, JUIS); Asim Aziz Advocate (0W/1C, IND); M. Ashraf Asim (0W/1C, IND); Asim Malik (0W/1C, IND); Asif Mehmood (0W/4C, Amun Taraqqi Party|IND|PPP)",P02886|P06279|P06435|P10406|P13245
F0412,sandhu|azim,lahore,3,0,0,2002-2024,"Khalid Masood Sandhu (0W/1C, PMML); AMEER UL AZIM (0W/2C, JI|MMA); Tanvir Azim Sandhu (0W/1C, IND)",P02889|P10484|P13290
F0415,mushtaq,shekhupura,3,0,0,2002-2013,"Ch. Mushtaq Ahmad (0W/1C, PPP); Sohaib Mushtaq (0W/1C, IND); Malik Mushtaq Ahmad (0W/3C, IND|PPP)",P02908|P04540|P06490
F0416,gujjar,shekhupura,2,0,0,2002-2024,"M. Afzal Gujjar, Adv. (0W/1C, IND); Tahir Saeed Gujjar (0W/1C, IND)",P02921|P13143
F0418,sindhu,kasur,2,0,0,2002-2018,"Tanveer Azam Sindhu (0W/1C, PAT); Ch. M. Arif Sindhu (0W/2C, IND|NA(alliance))",P02943|P02947
F0419,meo|nasira,kasur,3,0,0,2002-2018,"Nasira Arshad (0W/1C, PPP); Nasira Meo (0W/3C, IND|PPP); Maj. (R) Habib-Ur-Rehman Khan Meo, Adv. (0W/2C, IND)",P02946|P04608|P06536
F0421,khatak,kohat,2,0,0,2002-2002,"Fazal Rahim Khattak (0W/1C, ANP); Saifullah Khan Khattak, Adv. (0W/1C, PPP)",P02957|P02958
F0422,shinwari,kohat,2,0,0,2002-2024,"Farooq Zaman Shinwari (0W/1C, IND); Shahbaz Gul Shinwari (0W/1C, NA(alliance))",P02959|P11982
F0426,mahar,okara,2,0,0,2002-2008,"Mian Jahangir Ahmad Mahar (0W/1C, IND); Mian Jehangir Ahmad Mehar, Adv. (0W/1C, PPP)",P02986|P04640
F0427,salam,karak,2,0,0,2002-2018,"Rehmat Salam Khattak (0W/2C, PMLN); Rehmat Salam (0W/1C, PMLN)",P03003|P06701
F0428,awan,multan,2,0,0,2002-2013,"Ameer Ahmad Awan (0W/1C, Pakistan Falah Party); Malik Mukhtar Ahmad Awan (0W/1C, PPP)",P03012|P06684
F0429,sial|lajpal,multan,4,0,0,2002-2013,"M. Latif Unsar Sial Lajpal (0W/1C, PTI); Muhammad Lateef Lajpal Sial (0W/1C, Islami Inqalab Party); Bashir Ahmed Sial (0W/1C, PTI); Muhammad Lateef Ansar Sial Professor Lajpaal (0W/1C, IND)",P03015|P03022|P04657|P06698
F0430,bhatti,multan,4,0,0,2002-2024,"Muhammad Arshad Bhatti (0W/2C, AAT|PMML); Shahid Masood Manzar Bhatti, Adv. (0W/1C, Awami Qiadat Party); Mian Munir Ahmad Bhatti (0W/1C, IND); Muhammad Shafique Bhatti (0W/1C, MQM)",P03019|P06679|P06755|P10616
F0432,bangash,hangu|hangu cum orakzai,5,0,0,2002-2024,"Akhtar Munir Bangash (0W/2C, IND); Malak Riaz Bangash (0W/1C, IND); Shaharyar Khan Bangash (0W/1C, PMLQ); Zaman Noor Bangash (0W/1C, PTI); Azmat Ali Khan Bangash (0W/1C, IND)",P03055|P03057|P04690|P09642|P09644
F0435,ghuman,vehari,2,0,0,2002-2024,"Kamran Yousaf Ghuman (0W/2C, PPP); Mehmood Akhtar Ghumman (0W/2C, PPP)",P03093|P10667
F0436,ibrar,abbottabad,2,0,0,2002-2024,"Sardar Ibrar Ahmad (0W/1C, PPP); Sardar Ibrar Khan (0W/2C, IND|JUIF)",P03105|P07080
F0438,yasin,vehari,2,0,0,2002-2024,"Farid Ahmed Yasin Khan (0W/1C, IND); Ch. M. Yasin Kamboh (0W/1C, IND)",P03112|P13587
F0440,buzdar|salam,dg khan,6,0,0,2002-2024,"Abdul Salam Ansari (0W/1C, MQM); Maj. (R) Dr. M. Ashraf Buzdar (0W/1C, MMA); Dr. Saeed Ahmed Buzdar (0W/2C, IND|PPP-SB); Hafiz Abdul Salam Nasir (0W/1C, JUIF); Abdul Salam Buzdar Advocate (0W/1C, IND); Dr. Saeed Buzdar (0W/1C, PPP)",P03117|P03123|P04744|P04745|P06964|P13840
F0441,khetran,dg khan,2,0,0,2002-2008,"Sardar Marghoob Khetran (0W/1C, IND); Dastgir Muhammad Hamauyun Advocate Khetran (0W/1C, IND)",P03119|P04740
F0442,lund,dg khan,4,0,0,2002-2024,"Sardar Amjad Shabir Khan Lund (0W/1C, IND); Sardar Abbas Ali Khan Lund (0W/1C, IND); Sardar Javaid Akhtar Khan Lund (0W/1C, IND); Arshad Abbas Khan Lund (0W/1C, IND)",P03128|P06989|P13835|P13836
F0443,gurchani|gorchani,rajanpur,6,0,0,2002-2024,"ADEEL HASSAN KHAN GURCHANI (0W/1C, IND); Sardar Adeel Hassan Khan Gorchani (0W/1C, IND); ATHAR HASSAN KHAN GURCHANI (0W/2C, IND); Gorish Sardar Gurchani (0W/1C, PMLN); SARDAR SHER ALI GURCHANI (0W/1C, IND); Sardar Athar Hassan Khan Gorchani (0W/1C, PPP)",P03129|P06999|P10846|P10851|P10853|P13862
F0444,hanjra|yar,kot addu|muzaffargarh,3,0,0,2002-2024,"Ahmad Yar (0W/1C, IND); Malik Ahmad Yar Hanjra (0W/1C, IND); Malik Ghulam Qasim Hanjra (0W/3C, PMLN|PMLQ)",P03137|P03139|P10769
F0446,gurmani,kot addu|muzaffargarh,5,0,0,2002-2024,"Zaffar Iqbal Gurmani (0W/1C, PIRP); Mian Tariq Ahmad Gurmani (0W/1C, IND); Khalid Ahmad Gurmani (0W/3C, IND|PMLN|PMLQ); Muhammad Zeeshan Gurmani (0W/2C, IND); Khalil Ur Rehman Khan Gurmani (0W/1C, IND)",P03144|P10793|P13794|P13798|P13802
F0447,leghari,muzaffargarh,3,0,0,2002-2024,"Arshad Mehmood Leghari (0W/1C, MMA); Allah Wasaya alias Sardar Chunnu Khan Leghari (0W/1C, IND); Muhammad Zafar Ullah Khan Laghari (0W/2C, IND|PPP)",P03148|P10808|P13764
F0448,samad,muzaffargarh,2,0,0,2002-2024,"Alhaj Mian Zahoor-Us-Samad Bhatti (0W/1C, IND); Samad Raza (0W/2C, IND)",P03158|P13743
F0451,tanoli,abbottabad,3,0,0,2002-2018,"Nisar Ahmed Sultan Tanoli (0W/1C, MQM); Shouket Ali Tanoli (0W/1C, IND); Nawabzada Jehangir Saeed Tanoli (0W/1C, IND)",P03165|P04779|P09532
F0452,aurangzeb,abbottabad|islamabad,4,0,0,2002-2013,"Raja Aurangzeb Khan (0W/2C, IND|JUIF); Sardar Aurangzeb (0W/1C, IND); M. Aurangzeb Ch. (0W/1C, PAT); Aurangzeb Iqbal (0W/1C, IND)",P03168|P04727|P04778|P08813
F0456,safdar,bahawalpur,3,0,0,2002-2024,"Muhammad Safdar Shahbaz (0W/3C, JUIF); Muhammad Safdar (0W/1C, IND); M. Safdar Abbasi (0W/1C, PMLQ)",P03183|P07134|P13636
F0457,afzal|hayat|abasi,bahawalpur,5,0,0,2002-2024,"Sahibzada Najeeb Afzal Abasi (0W/1C, IND); Munawar Hayat Abbasi (0W/3C, IND|PMLN|PPP); Muhammad Waqas Afzal (0W/1C, IND); Sahabzada Munawar Hayat Abbbasi (0W/1C, PAT); Muhammad Afzal Dharala (0W/1C, IND)",P03191|P04798|P07137|P07140|P13633
F0459,rehmani,rahimyar khan,2,0,0,2002-2013,"Muhammad Muhsan Rahmani (0W/1C, JUIS); Molana M. Mohsin Rehmani (0W/1C, MMA)",P03228|P07240
F0461,afzal,rahimyar khan,2,0,0,2002-2013,"Rais Muhammad Afzal Warind (0W/1C, IND); M. Jawad Afzal (0W/1C, IND)",P03239|P07227
F0462,khoso,sukkur,5,0,0,2002-2024,"AMANULLAH KHOSO (0W/1C, IND); Sozal Khoso (0W/1C, IND); SOHAIL NIAZ KHOSO (0W/1C, PSP); GOHAR ALI KHOSO (0W/2C, IND); Sakhi Abdul Razzaq Khoso (0W/1C, MQM)",P03249|P07303|P10961|P10963|P10970
F0463,faizi,sukkur,3,0,0,2002-2024,"Mufti M. Iqbal Hussain Shah Faizi (0W/1C, Nizam-e-Mustafa Party); Syed Hamid Mehmood Faizi (0W/1C, TLP); Syed Muhammad Fahad Rafique Faizi. (0W/1C, IND)",P03255|P04864|P13966
F0464,afghan,sukkur,2,0,0,2002-2018,"Khursheed Afghan (0W/2C, IND); KHURSHID AFGHAN (0W/1C, IND)",P03257|P10971
F0465,abbasi,sukkur,2,0,0,2002-2013,"Ali Gul Abbasi (0W/1C, IND); Begum Zahida Abbasi (0W/1C, MQM)",P03264|P07323
F0466,mahar,sukkur,3,0,0,2002-2024,"Abdul Hameed Mahar (0W/1C, IND); Mir Ijaz Hussain Khan Mehar (0W/1C, PMLF); Khalid Mehmood Mahar (0W/1C, IND)",P03266|P07293|P13954
F0467,kalwar,sukkur,4,0,0,2002-2024,"Rab Nawaz Kalwar (0W/1C, PTI); Qurban Ali Kalwar (0W/1C, PPP-SB); Ijaz Ali Kalwar (0W/1C, PTI); Aftab Ahmed Kalwar (0W/1C, IND)",P03269|P07316|P07319|P13958
F0469,pitafi,ghotki,2,0,0,2002-2024,"Sardar Ahmed Ali Khan Pitafi (0W/3C, IND); Abdul Bari Pitafi (0W/4C, IND)",P03287|P04891
F0470,rasool,ghotki,2,0,0,2002-2024,"Ghulam Rasool Kalwar (0W/1C, TLP); Ghulam Rasool Kalhoro (0W/1C, MMA)",P03290|P13940
F0471,chachar,ghotki,3,0,0,2002-2008,"Ghulam Hassan Chachar (0W/1C, PMLF); Ijaz Ali Chachar (0W/1C, IND); Nadir Ali Chachar Advocate (0W/1C, IND)",P03295|P03302|P04897
F0472,bukhari,ghotki,2,0,0,2002-2013,"Syed Ayaz Hussain Shah Bukhari (0W/1C, IND); Syed Attaullah Shah Bukhari (0W/3C, PMLN)",P03296|P04898
F0474,bukhari,larkana,2,0,0,2002-2008,"Syed Peer Shah Bukhari (0W/1C, IND); Syed M. Younas Bukhari (0W/1C, PAT)",P03315|P04916
F0476,choliyani,larkana,2,0,0,2002-2013,"Manzoor Ali Choliyani (0W/1C, IND); Imdad Hussain Choliyani (0W/1C, IND)",P03322|P07431
F0478,rashidi,larkana,3,0,0,2002-2013,"Asghar Shah Rashidi (0W/1C, Sindh United Party); Syed Asghar Hussain Rashidi (0W/1C, NA(alliance)); Mehtab Akbar Rashidi (0W/1C, PMLF)",P03325|P04918|P07392
F0479,ubedullah,larkana,2,0,0,2002-2013,"Ubedullah (0W/1C, MQM); Ubedullah Lolai (0W/1C, MQM)",P03331|P07436
F0480,pathan,jacobabad,2,0,0,2002-2013,"Munir Ahmed Pathan (0W/1C, MQM); Agha Munir Ahmed Pathan (0W/1C, MQM)",P03334|P07481
F0482,domki,jacobabad,2,0,0,2002-2013,"Mir Ghalib Hussain Khan Domki (0W/1C, IND); Zaffarullah Khan Domki (0W/1C, IND)",P03350|P07494
F0483,chachar,jacobabad|jacobabad cum kashmore,2,0,0,2002-2024,"M. Murad Khan Chachar (0W/1C, PMLN); Ghulam Asghar Khan Chachar (0W/2C, IND)",P03354|P07498
F0484,sundrani,jacobabad,5,0,0,2002-2013,"Mir Ghulam Wahid Alias Nasrullah Khan Sundrani (0W/1C, IND); Mir Ghulam Abid Khan Sundrani (0W/2C, IND); Sardar Mir Hakim Ali Khan Sundrani (0W/1C, PMLF); Mir Qudaratullah Khan Sundrani (0W/1C, IND); Mir Iqbal Khan Sundrani (0W/1C, IND)",P03355|P03356|P04962|P07495|P07503
F0485,mughal,naushero feroz|naushero feroze,2,0,0,2002-2013,"Abdul Sattar Mughal (0W/1C, IND); M. Akram Mughal (0W/2C, PMLN)",P03359|P07523
F0486,soomro,khairpur,4,0,0,2002-2013,"Mohammad Ismail Soomro (0W/1C, IND); Naveed Ahmed Soomro (0W/1C, Sindh United Party); Allah Warayo Soomro (0W/1C, NA(alliance)); Zulfiqar Ali Soomro (0W/1C, Sindh United Party)",P03390|P07593|P07607|P07637
F0487,sahito,khairpur,3,0,0,2002-2013,"Mumtaz Hussain Sahito (0W/2C, JI|MMA); Ghulam Mustafa Sahito (Rtd) (0W/1C, IND); Noor Mohammad Sahito (0W/1C, MQM)",P03395|P03404|P05010
F0489,banbhan,khairpur,3,0,0,2002-2013,"Bashir Ahmed Banbhan (0W/1C, IND); Mohammad Rafique Banbhan (0W/1C, IND); Sajid Ali Banbhan (0W/2C, PPP)",P03397|P05003|P05009
F0490,rajpar,khairpur,2,0,0,2002-2024,"Ameer Ali Rajpar (0W/1C, IND); Shaukat Ali Rajpar (0W/2C, IND)",P03398|P13985
F0491,dino,khairpur,2,0,0,2002-2008,"Sardar Shah Dino (0W/1C, PMLN); Muhammad Dino (0W/1C, Sindh United Party)",P03403|P05017
F0492,qadri,hyderabad,2,0,0,2002-2024,"Mehmood Ahmed Qadri (0W/1C, JUP-N); Syed Mushtaq Ali Qadri (0W/1C, PAT)",P03415|P14143
F0493,dilshad,hyderabad,2,0,0,2002-2018,"Dilshad Ahmed (0W/1C, PMLQ); Dilshad Pathan (0W/1C, IND)",P03459|P11139
F0494,aleem,badin|karachi|karachi south|karachi west|keamari|sanghar,2,0,0,2002-2024,"M. Aleem Qaimkhani (0W/1C, MQM); Muhammad Saleem (0W/8C, IND|MQM|Pasban Pakistan.|ST)",P03461|P05075
F0495,gill,lahore|mirpur khas|old mirpurkhas,3,0,0,2002-2018,"Muazzam Iqbal Gill Advocate (0W/1C, IND); Ch. M. Aslam Gill (0W/3C, IND|PPP); Nasir Gill (0W/1C, MQM)",P03485|P04466|P06411
F0496,chand,mirpur khas|old mirpurkhas,2,0,0,2002-2018,"Roop Chand (0W/1C, IND); Kishan Chand Parwani (0W/2C, IND|NA(alliance))",P03489|P11072
F0497,lot,tharparkar,2,0,0,2002-2002,"Gul M. Lot (0W/1C, PPP); Ghulam M. Lot (0W/1C, IND)",P03494|P03508
F0499,shoro,dadu,2,0,0,2002-2013,"Suhail Ahmed Shoro (0W/2C, IND); Ali Nawaz Shoro (0W/2C, IND|MQM)",P03510|P05157
F0500,solangi,dadu,3,0,0,2002-2013,"Ghulam Murtza Solangi (0W/1C, MQM); Mr Mohammad Ashraf Solangi (0W/1C, IND); Hussain Bakhsh Solangi, Adv. (0W/1C, MQM)",P03515|P05163|P07855
F0501,channa,dadu,3,0,0,2002-2018,"Bashir Ahmed Channa (0W/1C, IND); Muhammad Channa (0W/2C, Sindh United Party); Shafi Muhammad Channa (0W/1C, IND)",P03516|P05164|P07846
F0503,shar,sanghar,2,0,0,2002-2008,"Riaz Shar (0W/1C, MQM); Abdul Malik Shar (0W/1C, MQM)",P03522|P05181
F0506,lal,karachi,3,0,0,2002-2013,"Muhammad Asghar Lal (0W/1C, PPP); Lal Badshan (0W/1C, IND); Arshad Lal Junejo (0W/1C, IND)",P03552|P08023|P08069
F0507,afridi,karachi|karachi central,8,0,0,2002-2024,"Gul Mohammad Afridi (0W/1C, IND); Doctor Saeed Ahmed Afridi (0W/1C, PTI); Wazeer Ahmed Afridi (0W/1C, PMLN); Rujhanullah Afridi (0W/1C, IND); M. Tariq Afridi (0W/1C, IND); Danish Inder Gul Afridi (0W/1C, IND); Wazirzada Afridi (0W/2C, IND|PMLN); Muhammad Khan Afridi (0W/2C, ANP|IND)",P03555|P03576|P05224|P05225|P07915|P07967|P08009|P14557
F0510,bhatti,karachi,2,0,0,2002-2002,"M. Iftikhar Ahmed Bhatti (0W/2C, ST); M. Iftikhar Ahmed Bhatti Qadri (0W/1C, ST)",P03564|P03644
F0511,bukhari,karachi,2,0,0,2002-2013,"Iftikhar Shah Bukhari (0W/2C, PAT); Syed Mustafir Hussain Bukhari (0W/1C, AML)",P03567|P08013
F0512,islam,karachi,2,0,0,2002-2008,"M. Islam (0W/1C, IND); Khizarul Islam (0W/1C, QWP)",P03569|P05244
F0514,ghori,karachi,2,0,0,2002-2013,"Zafar Ahmed Ghori (0W/1C, AML); Aurangzeb Ghori (0W/1C, IND)",P03572|P07981
F0516,swati,karachi,2,0,0,2002-2002,"Ali Asghar Khan Swati (0W/1C, PTI); Dr. Qari Naseeruddin Swati (0W/1C, MMA)",P03580|P03632
F0517,shakir,karachi,2,0,0,2002-2008,"Dr. M. Shakir Alam (0W/2C, PPP); Syed Shakir Ali (0W/1C, MQM-H)",P03589|P03693
F0519,jafri,karachi,3,0,0,2002-2013,"Syed Shahenshah Ali Jafri (0W/1C, PPP); Syed Adnan Haider Jafri (0W/1C, APML); Saman Sultana Jafri (0W/1C, IND)",P03604|P08024|P08068
F0520,idrees,karachi,2,0,0,2002-2008,"Hamid Idrees (0W/1C, ST); M. Idrees (0W/1C, Pakistan Muslim Alliance)",P03606|P05302
F0521,ameer,karachi,2,0,0,2002-2013,"Dr. Ameer Ahmed (0W/1C, PTI); Mohammad Ameer Tariq (0W/1C, IND)",P03626|P07922
F0522,nizamani,karachi,2,0,0,2002-2002,"Sohrab Nizamani (0W/1C, MQM); Qaiser Khan Nizamani (0W/1C, PPP)",P03634|P03670
F0523,shaheen,karachi,2,0,0,2002-2013,"Prof. Ali M. Shaheen Korai (0W/1C, NA(alliance)); Shaheen Munawer (0W/1C, APML)",P03637|P08118
F0524,noorani|siddiqui|owais,karachi|korangi karachi,6,0,0,2002-2024,"M. Fazal Abdul Majeed Noorani (0W/1C, ST); Muhammad Owais Siddiqui (0W/2C, JUP|JUP-N); Taufeequddin Siddiqui (0W/2C, JI); RASHEED SIDDIQUI (0W/1C, APML); Abdul Majeed Noorani (Mewawala) (0W/1C, MMA); Shah Muhammad Owais Noorani (0W/1C, JUP)",P03643|P03691|P08041|P08138|P08149|P11232
F0525,dars,karachi,2,0,0,2002-2013,"Akbar Dars (0W/2C, Pakistan Muslim League (Sher-e-Bangal)); Molana M. Asghar Dars (0W/1C, PTI)",P03645|P08159
F0526,muneer,karachi|qambar shahdadkot,2,0,0,2002-2024,"Muneer Ahmed (0W/2C, IND); M. Shahzad Muneer Qadri (0W/1C, ST)",P03647|P03672
F0527,wajid,karachi,2,0,0,2002-2008,"M. A. Wajid Jawad (0W/1C, PMLQ); Wajid Nazeer (0W/1C, IND)",P03659|P05292
F0528,altaf,karachi,2,0,0,2002-2013,"S. M. Altaf (0W/1C, Pakistan Mazdoor Kissan Party); Altaf Zikar (0W/1C, IND)",P03667|P08104
F0529,shafiq,karachi|karachi east,3,0,0,2002-2024,"Shafiq But Advocate (0W/1C, IND); Muhammad Saeed Shafiq (0W/3C, IND|PMLN|PSP); Muhammad Shafiq (0W/1C, IND)",P03692|P05219|P08075
F0530,asim,karachi,3,0,0,2002-2013,"Muhammad Asim Ahsan (0W/1C, IND); Wing Comdr. (R) M. Nawaz Asim (0W/1C, PMLQ); Muhammad Asim Ishtiaq (0W/1C, APML)",P03703|P05261|P08011
F0531,niazi,bhakkar|karachi,7,0,0,2002-2024,"Rab Nawaz Kahn Niazi, Adv. (0W/1C, PMLN); Sher Khan Niazi (0W/1C, IND); Najeeb Ullah Khan Niazi (0W/2C, IND|PMLN); Syed Sitwat Hussain Niazi, Adv. (0W/1C, PAT); Muhammad Nawaz Khan Niazi (0W/1C, IND); Rafique Ahmad Khan Niazi (0W/2C, IND|PTI); M. Tariq Khan Niazi (0W/2C, PPP)",P03705|P03769|P04210|P07957|P07984|P08090|P09087
F0532,awan,karachi,6,0,0,2002-2013,"Farah Awan (0W/1C, PMLN); Malik Matloob Ali Awan (0W/2C, ST); Malik Shamriz Awan (0W/1C, APML); Faheem Ahmed Awan (0W/1C, IND); Matloob Awan (0W/1C, ST); Akhtar Hussain Awan (0W/2C, PMLN)",P03719|P05220|P05237|P05346|P07998|P08072
F0533,naeemuddin,karachi,2,0,0,2002-2013,"Naeemuddin (0W/1C, IND); Syed Naeemuddin (0W/1C, PPP)",P03728|P08046
F0534,naz,karachi,2,0,0,2002-2013,"Naseem Naz (0W/1C, IND); Naz Baloch (0W/1C, PTI)",P03758|P07954
F0536,abideen,karachi|karachi central,2,0,0,2002-2024,"Zain-Ul-Abideen Ansari (0W/1C, PMLN); Molana Zain-Ul-Abdeen (0W/2C, ALI|Pakistan Muslim Alliance)",P03767|P05321
F0537,usmani,karachi,2,0,0,2002-2008,"Molvi Shabbir Ahmed Usmani (0W/1C, Pakistan Awami Party); Haji Nafees Ahmed Usmani (0W/1C, PPP)",P03771|P05316
F0538,soomro,karachi,2,0,0,2002-2013,"Gulzar Ahmad Soomro (0W/1C, Sindh Taraqi Passand Party); Nisar Ahmed Soomro (0W/2C, IND)",P03772|P08115
F0539,hazara|khaliq,khuzdar|killa abdullah cum chaman|old zhob|quetta,7,0,0,2002-2024,"Arbab Liaqat Ali Hazara (0W/1C, MWM); Abdul Kahliq Hazara (0W/2C, Hazara Democratic Party|IND); Mirza Hussain Hazara (0W/1C, HDP); Muhammad Ishaq Hazara (0W/1C, IND); Abdul Khaliq Khan (0W/2C, IND|PMLN); Abdul Khaliq (0W/5C, Hazara Democratic Party|IND|JUIS|PMLN|PRHP); Saadat Ali Hazara (0W/1C, Balochistan National Democratic Party)",P03782|P05360|P05408|P08207|P14867|P14868|P14932
F0540,khudai,quetta,2,0,0,2002-2008,"Khudai Dad (0W/1C, ANP); Khudai Noor (0W/2C, JWP|PMLN)",P03786|P05351
F0541,shahwani,kalat|kalat cum mastung|mastung cum shaheed sikandarabad cum kalat|quetta,7,0,0,2002-2018,"Ghulam Farooq Shahwani (0W/1C, MQM); M. Yousaf Shahwani (0W/1C, MQM); Malik Mehmood Yar Shahwani (0W/1C, IND); Mir Munir Ahmed Shahwani (0W/3C, BNP|IND); Sardar Ahmed Khan Shahwani (0W/1C, IND); Meer Riaz Ahmed Shahwani (0W/1C, PPP); Nawab Muhammad Khan Shahwani (0W/2C, NP)",P03788|P03850|P08389|P11572|P11573|P11575|P11580
F0542,kasi,quetta,3,0,0,2002-2024,"Nasir Haidar Kasi (0W/1C, IND); Malik Abdul Qahir Khan Kasi (0W/1C, ANP); Arbab Abdul Ghani Kasi (0W/1C, MQM)",P03791|P05355|P14882
F0543,sanjrani,quetta|quetta cum chagai cum mastung,2,0,0,2002-2013,"Sardar Atif Ali Sanjrani (0W/1C, IND); Sardarzada M. Najeeb Sanjrani (0W/2C, IND)",P03796|P08192
F0544,roshan,bannu,2,0,0,2002-2008,"M. Roshan (0W/1C, MQM); Muhammad Roshan Khan (0W/1C, MQM)",P03798|P05365
F0545,mengal,quetta cum chagai cum mastung,2,0,0,2002-2002,"Haji Baloch Khan Mengal (0W/1C, PMLQ); Mir Nauroz Mengal, Adv. (0W/1C, IND)",P03799|P03803
F0546,baloch,quetta cum chagai cum mastung,2,0,0,2002-2002,"Habib Jalib Baloch, Adv. (0W/1C, BNP); Ghulam Farooq Baloch (0W/1C, Balochistan National Movement)",P03800|P03801
F0547,tareen|kaleemullah,karachi east|keamari|pishin cum ziarat,6,0,0,2002-2024,"Noor Khan Tareen, Adv. (0W/1C, IND); Noor Khan Tareen Advocate (0W/1C, IND); Muhammad Anwar Khan Tareen (0W/4C, IND|MQM); Abbdul Hadi Tareen (0W/1C, IND); Kaleemullah Tareen (0W/1C, IND); Dr. Kaleemullah Khan (0W/1C, PkMAP)",P03808|P03815|P03817|P05381|P05384|P05386
F0549,khosa,nasirabad,3,0,0,2002-2002,"Dr. Hafeez-Ur-Rehman Khosa (0W/1C, MMA); Munawar Alii Khosa (0W/1C, PPP); Yasir Hussain Khosa (0W/1C, IND)",P03836|P03837|P03840
F0550,jamoot,kacchi,2,0,0,2002-2002,"Pir Bakhsh Jamoot (0W/1C, PTI); Mehar Ali Jamoot (0W/1C, IND)",P03846|P03847
F0551,zehri|sanaullah,kalat|kalat cum mastung|khuzdar|mastung cum shaheed sikandarabad cum kalat,9,0,0,2002-2024,"Sardar Sanaullah Zehri (0W/6C, Balochistan National Democratic Party|IND|NP|PMLN); Nawabzada Meer Israr ullah Zehri (0W/1C, IND); Mir Abdul Rehman Zehri (0W/2C, IND|PPP); Sanaullah (0W/1C, PRHP); Engineer Muhammad Khan Zehri (0W/1C, IND); Mir Zafarullah Zehri (0W/1C, IND); Mir Muhammad Ibrahim Zehri (0W/1C, IND); Mir Younas Aziz Zehri (0W/1C, IND); Sanaullah Brohi (0W/1C, TLP)",P03851|P03853|P03855|P05446|P08394|P08396|P11594|P14737|P14744
F0552,umrani,khuzdar,2,0,0,2002-2008,"Mir Mehrullah Khan Umrani (0W/1C, PMLN); Mir Meehrullah Umrani (0W/1C, PMLN)",P03857|P05453
F0553,lasi,awaran cum lasbela,2,0,0,2002-2002,"Allah Warayo Lasi (0W/1C, IND); Abdul Karim Lasi (0W/1C, PPP)",P03860|P03866
F0554,bizenjo,awaran cum lasbela,2,0,0,2002-2002,"Bizan Bizenjo (0W/1C, Balochistan National Democratic Party); Abdul Wahab Bizenjo (0W/1C, Balochistan National Movement)",P03863|P03864
F0559,chamkani,ta frontier region kurram and parts of lower kurram,3,0,0,2002-2002,"Haji Daulat Khan Chamkani (0W/1C, IND); Engr. Toor Gul Chamkani (0W/1C, IND); Engr. Rashid Ahmad Khan Chamkani (0W/1C, IND)",P03945|P03946|P03952
F0561,orakzai,ta orakzai agency,4,0,0,2002-2002,"Saifullah Khan Orakzai (0W/1C, IND); Engr. Naveed Yousaf Orakzai (0W/1C, IND); M. Jan Orakzai (0W/1C, IND); Syed Gul Hussain Orakzai, Adv. (0W/1C, IND)",P03956|P03957|P03958|P03960
F0562,abdur,peshawar,2,0,0,2002-2013,"Pir Abdur Rehman (0W/1C, IND); Haji Abdur Raziq (0W/1C, PMLN)",P03964|P05956
F0563,barki,peshawar,2,0,0,2002-2018,"Haji Javed Iqbal Barki (0W/1C, PTI); Muhammad Daud Khan Barki (0W/1C, IND)",P03965|P09611
F0564,laiq,ta|ta north waziristan agency,2,0,0,2002-2013,"Haji Laiq Zaman (0W/3C, IND); Laiq Zada (0W/1C, IND)",P03976|P08767
F0565,shahi,ta|ta ladha makin sarogha and sarakai tehsils of south waziristan agency,2,0,0,2002-2018,"Badshahi Khan (0W/2C, IND); Shahi Khan (0W/2C, ANP)",P04011|P08752
F0566,afridi,ta jamrud landi kotal and mulagore tehsils of khyber agency,4,0,0,2002-2002,"Nawab Shah Afridi (0W/1C, IND); Hidaytullah Afridi (0W/1C, IND); Sardar Khan Afridi (0W/1C, IND); Ajab Khan Afridi (0W/1C, IND)",P04027|P04033|P04035|P04037
F0567,shinwari,ta jamrud landi kotal and mulagore tehsils of khyber agency,2,0,0,2002-2002,"M. Zakria Shinwari (0W/1C, IND); M. Hassan Shinwari (0W/1C, IND)",P04030|P04038
F0568,ikramullah,ta|ta jamrud landi kotal and mulagore tehsils of khyber agency,2,0,0,2002-2013,"Ikramullah Jan (0W/2C, IND); Ikramullah Khan (0W/1C, IND)",P04032|P05553
F0570,awan|noon,islamabad,8,0,0,2002-2024,"Saeed Ahmed Awan (0W/1C, JUIF); Malik Ikhlaq Ahmad Awan (0W/1C, IND); Iftikhar Hussain Awan (0W/1C, IND); Malik Tariq Mehmood Noon (0W/1C, IND); Altaf Hussain Awan Pakistani (0W/1C, IND); M. Rahim Awan (0W/1C, PML-H); Chan Mehboob Noon Awan (0W/2C, IND); Dr. Babar Awan (0W/1C, PPP)",P04066|P04085|P08821|P08825|P09914|P12166|P12198|P12207
F0571,mughal,islamabad,4,0,0,2002-2024,"Muhammad Haneef Mughal (0W/1C, PTS); Jamshaid Ahmad Mughal (0W/1C, IND); Aammar Masood Mughal (0W/1C, IND); Munawar Mughal (0W/1C, PMLQ)",P04068|P12140|P12151|P12206
F0572,butt,islamabad,2,0,0,2002-2013,"Faisal Sakhi Butt (0W/1C, PPP); M. Farooq Butt (0W/1C, IND)",P04076|P08777
F0573,amir,islamabad,2,0,0,2002-2018,"Amir Naeem (0W/1C, PkMAP); Syed Shaukat Amir (0W/1C, IND)",P04080|P09911
F0575,gujjar,rawalpindi,2,0,0,2002-2013,"Ch Ijaz Hussain Gujjar Advocate (0W/1C, Pakistan Justice Party); Ch. Tariq Mehmood Naqshbandi Gujjar (0W/1C, MMA)",P04096|P08881
F0576,rizvi,rawalpindi,2,0,0,2002-2013,"Syed Saeed Ul Hassan Rizvi (0W/1C, IND); Syed Mozam Ali Rizvi (0W/1C, Pakistan Workers Party)",P04097|P08918
F0577,khokhar,rawalpindi,2,0,0,2002-2008,"Abdul Hafeez Khokhar (0W/1C, Shan-e-Pakistan Party); M. Saghir Khokhar (0W/2C, IND|PPP)",P04099|P04117
F0578,kazmi,rawalpindi,2,0,0,2002-2013,"Syed Zahid Abbas Kazmi (0W/2C, Pak Wattan Party|Pakistan Workers Party); Agha Syed Qamar Abbas Kazmi (0W/1C, Pakistan Workers Party)",P04104|P04111
F0579,siddiqi,rawalpindi,2,0,0,2002-2013,"Shaukat Aziz Siddiqi (0W/1C, MMA); Muhammad Awais Siddiqi (0W/1C, JUP)",P04108|P08902
F0580,butt,rawalpindi,7,0,0,2002-2024,"Rizwan Majeed Butt (0W/1C, IND); Zeeshan Siddique Butt (0W/1C, IND); Umair Tanveer Butt (0W/1C, IND); Naveed Sharif Butt (0W/1C, ST); Tariq Munir Butt (0W/1C, MMA); Shaukat Rasheed Butt (0W/1C, IND); Muhammad Nisar Butt (0W/1C, APML)",P04116|P04118|P08870|P09958|P12297|P12322|P12331
F0581,hayat,rawalpindi,4,0,0,2002-2024,"Mian Imran Hayat (0W/1C, IND); Nasir Hayat (0W/1C, IND); Sardar Shaukat Hayat Khan (0W/1C, PPP); Sardar Shoukat Hayat (0W/1C, PPP)",P04119|P05746|P12335|P12358
F0582,afzal,rawalpindi,3,0,0,2002-2013,"Ch Hamad Afzal (0W/2C, IND); Ch. Sarfraz Afzal (0W/1C, IND); Dr. M. Afzal Azaz (0W/1C, MMA)",P04120|P05722|P08877
F0585,hayat,attock|charsadda,2,0,0,2002-2018,"Dr. Sikandar Hayat Khan (0W/2C, PPP|QWP); ZULFIQAR HAYAT KHAN (0W/1C, PPP)",P04137|P09924
F0586,amir,chakwal,2,0,0,2002-2002,"M. Amir (0W/1C, MMA); Ayaz Amir (0W/1C, PMLN)",P04145|P04151
F0587,bukhari,chakwal,2,0,0,2002-2018,"SYED IMRAN HUSSAIN BUKHARI (0W/1C, MMA); Syed M. Ijaz Shabbir Bukhari (0W/1C, PPP)",P04152|P09981
F0588,mehboob,gujranwala|jhelum,2,0,0,2002-2024,"Mehboob Hussain (0W/1C, PTI); Mehboob Elahi (0W/3C, IND)",P04166|P05929
F0589,baig,jhelum,2,0,0,2002-2013,"Mirza Saeed Mehmood Baig (0W/1C, PTI); Mirza M. Nawazish Ali Baig (0W/1C, IND)",P04167|P08995
F0591,bhutta,faisalabad,3,0,0,2002-2002,"Prof. Dr. Saleem Iqbal Bhutta (0W/1C, PML-H); M. Athar Iqbal Bhutta (0W/1C, MMA); Prof. Dr. M. Jameel Bhutta (0W/1C, PML-H)",P04218|P04220|P04257
F0593,watto|bakar|bakr,faisalabad|lahore,5,0,0,2002-2024,"Abu Bakr Hamza (0W/2C, MMA|PML-Z); Muhammad Abu Bakar (0W/2C, Pakistan Quami Yakjehti Party|TLP); Mian Sarfaz Watto (0W/1C, MQM); Muhammad Abu Bakar Watto (0W/1C, Tehreek-e-Tahaffuze Pakistan); Zahoor Ahmad Watto (0W/1C, JI)",P04222|P06198|P06353|P06369|P10442
F0594,fiaz,faisalabad,2,0,0,2002-2024,"Rai Fiaz Hussain (0W/1C, IND); Sheikh Fiaz Ahmed (0W/1C, PMML)",P04223|P12938
F0596,kharal,faisalabad,2,0,0,2002-2013,"Rai Naeem Asad Kharal (0W/1C, PTI); Rai M. Akram Khan Kharal (0W/1C, MMA)",P04227|P09132
F0599,rahi,faisalabad,2,0,0,2002-2013,"Fazal Hussain Rahi (0W/1C, NA(alliance)); Raj Shuja Tanveer Rahi (0W/1C, IND)",P04267|P09113
F0600,qadri,faisalabad,3,0,0,2002-2013,"Sajid Mehmood Qadri (0W/1C, ST); Rana Asad Elahi Qadri (0W/1C, IND); Mian Riffat Javed Qadri (0W/1C, IND)",P04272|P09125|P09138
F0601,ghafari,faisalabad,2,0,0,2002-2024,"Ch. Abdul Ghafoor Ghafari (0W/1C, IND); M. Qasim Ghafari (0W/1C, IND)",P04273|P12963
F0603,qaiser,jhang,2,0,0,2002-2013,"Irfan Qaiser Sheikh (0W/1C, IND); Sheikh Qaiser Mahmood (0W/1C, IND)",P04292|P09243
F0604,cheema,jhang,2,0,0,2002-2018,"MUHAMMAD ISRAR UL HAQ CHEEMA (0W/1C, TLP); M. Anwar Cheema (0W/1C, MMA)",P04299|P10342
F0605,gilani,jhang,2,0,0,2002-2013,"Syed Tariq Gilani (0W/1C, PPP); Syed Abdul Basit Gilani (0W/2C, IND)",P04300|P09271
F0610,sindhu,gujranwala,3,0,0,2002-2024,"Irshad Ullah Sindhu (0W/1C, IND); Sardar Hassan Sindhu (0W/1C, IND); Allah Yar Sindhu (0W/1C, IND)",P04349|P12699|P12727
F0611,mughal,gujranwala,2,0,0,2002-2024,"Aamar Sohail Mughal (0W/1C, PMLN); Ali Ashraf Mughal (0W/1C, IND)",P04361|P12713
F0612,yawar,peshawar,2,0,0,2008-2024,"Yawar Aftab (0W/1C, PMML); Khawaja Yawar Naseer (0W/1C, IND)",P04372|P11926
F0614,fateh,gujranwala,2,0,0,2008-2013,"Saud Fateh Muhammad (0W/1C, IND); Tariq Yaqoob Fateh Muhammad (0W/1C, PPP)",P04383|P05979
F0615,mohal,hafizabad,2,0,0,2008-2018,"Afrasiab Mohal (0W/1C, IND); Mushtaq Ahmad Mohal (0W/1C, PPP)",P04394|P10159
F0618,rizvi,sialkot,2,0,0,2008-2018,"Syed Akhtar Hussain Rizvi (0W/1C, PTI); Dr.zaheer-Ul-Hassan Rizvi (0W/2C, PPP)",P04429|P06151
F0619,qayyum,sialkot,2,0,0,2008-2013,"Mirza Abdul Qayyum (0W/2C, IND|PTI); Ch Abdul Qayyum Bajwa Advocate (0W/1C, MQM)",P04430|P06141
F0620,sahi,sialkot,2,0,0,2008-2013,"Chaudhary Tariq Maqsood Sahi (0W/1C, JUP); Ahmed Jalal Sahi (0W/1C, IND)",P04432|P06146
F0623,jabbar,kasur|lahore,2,0,0,2008-2024,"Ch. Abdul Jabbar (0W/2C, IND); Zafar Jabbar Chishti (0W/1C, IND)",P04485|P10495
F0625,heera|ditta,lahore|shekhupura,4,0,0,2008-2013,"Malik Javed Shahbaz Heera (0W/2C, IND); Ch. Allah Ditta Hera (0W/2C, IND); Allah Ditta Heera (0W/1C, IND); Malik Javaid Shahbaz Heera (0W/1C, IND)",P04493|P04549|P06335|P06407
F0626,omer|aqil,lahore,4,0,0,2008-2024,"Omer Chaudhary (0W/1C, IND); Sardar Aqil Omer (0W/1C, PMLQ); Aqil Omar (0W/1C, IND); Rana Javed Omer (0W/1C, IND)",P04519|P06386|P06388|P13232
F0627,adil,lahore,2,0,0,2008-2018,"Sardar Adil Umar (0W/2C, IND|PMLN); Malik Adil Hsseeb (0W/1C, IND)",P04525|P06347
F0628,shehzad,lahore,2,0,0,2008-2024,"Shehzad Farooq (0W/1C, IND); Amir Shehzad Khan (0W/1C, IND)",P04539|P13166
F0629,nazar,shekhupura,2,0,0,2008-2013,"Nazar Hussain (0W/2C, IND); Saeeda Nazar (0W/2C, IND)",P04544|P04567
F0630,bukhari,shekhupura,6,0,0,2008-2024,"Syed Gayoor Abbas Bukhari (0W/2C, PPP); Pir Syed Zaheer Ul Hassan Bukhari (0W/1C, TLP); Syed Muhammad Ali Mehdi Bukhari (0W/2C, IND); Syed Taqawal Hussain Shah Bukhari (0W/2C, IND|ST); Syed Muqadas Abbas Bukhari (0W/1C, IND); Syed Muhammad Abu Talib Bukhari (0W/2C, IND)",P04545|P04552|P06446|P10386|P10397|P13131
F0631,gill,shekhupura,2,0,0,2008-2013,"Choudhary Anwar Ali Gill (0W/1C, MQM); Shahid Manzoor Gill. (0W/2C, PMLQ)",P04546|P04568
F0632,javaid,shekhupura,2,0,0,2008-2024,"Maj(R) Javaid Nasarullah (0W/1C, IND); Malik Javaid Akbar (0W/2C, IND)",P04551|P10383
F0633,rizvi,nankana sahib|shekhupura,3,0,0,2008-2018,"Syed Afzaal Hussain Rizvi (0W/2C, TLP); Alambardar Hussain Rizvi (0W/1C, MQM); Syed Raza Hussain Babar Rizvi (0W/1C, IND)",P04563|P06476|P10366
F0635,doger,kasur,2,0,0,2008-2024,"Saad Ullah Hameed Doger (0W/1C, IND); Sardar Muhammad Hussain Dogar (0W/3C, IND|PTI)",P04589|P06552
F0636,mokal,kasur,2,0,0,2008-2024,"Waqas Hassan Mokal (0W/1C, IND); Sardar Hassan Akhtar Mokal (0W/1C, IND)",P04600|P13322
F0637,bhatti,okara,3,0,0,2008-2024,"Ch.sarfraz Hussain Bhatti (0W/1C, IND); Paulus Bhatti (0W/1C, IND); Malik Muhammad Akram Bhatti (0W/1C, IND)",P04615|P06634|P13344
F0638,lashari|hasan,okara,4,0,0,2008-2024,"Naeem Ajmal Khan Lashari Bedar (0W/1C, MQM); Muhammad Arif Lashari (0W/1C, IND); Hammad Hasan Lashari (0W/1C, JI); Syed Sajjad Hasan (0W/1C, IND)",P04619|P13347|P13353|P13374
F0639,chandoor,okara,2,0,0,2008-2013,"Mian Riaz Ul Haq Chandoor (0W/1C, IND); Chodhary Jawied Iqbal Kanwal Chandoor (0W/1C, IND)",P04623|P06653
F0640,rizvi,okara,2,0,0,2008-2024,"Muhammad Shakir Raza Rizvi (0W/1C, IND); Syed Abbas Raza Rizvi (0W/3C, IND|PPP)",P04627|P13386
F0642,bhatti,khanewal,2,0,0,2008-2013,"Muhammad Aqeel Yousaf Bhatti (0W/1C, IND); Mazhar Iqbal Bhatti (0W/1C, IND)",P04677|P06809
F0643,chishti,pakpattan|sahiwal,2,0,0,2008-2013,"Dewan Azmat Said Muhammad Chishti (0W/1C, IND); Makhdoom Nasir Farid Chishti (0W/2C, IND|Pakistan Bachao Party)",P04706|P06882
F0648,qaisrani,dg khan,5,0,0,2008-2018,"Sher Zaman Qaisrani (0W/2C, Azad Pakistan Party|IND); Shamoona Umbreen Qaisrani (0W/1C, IND); Sardar Confcius Imam Qaisrani (0W/1C, IND); Mohtarma Shamoona Badshah Qaisrani (0W/1C, IND); Sardar Meer Badshah Khan Qaisrani (0W/3C, IND|JUIF|PMLN)",P04734|P04738|P04739|P06969|P10826
F0649,koreja,muzaffargarh|rajanpur,3,0,0,2008-2018,"KHAWAJA GHULAM FAREED KOREJA (0W/3C, IND|Sairkistan Qaumi Ittehad); Khawaja Sharif Muhammad Koreja (0W/1C, PTI); Khawaja Kaleem-Ud-Din Koreja. (0W/2C, PPP)",P04749|P07004|P07087
F0650,altaf,layyah|shekhupura,3,0,0,2008-2024,"Altaf Hussain (0W/5C, IND|PPP); Yawar Altaf Virk (0W/1C, IND); Choudhary Altaf Hussain (0W/1C, PPP)",P04785|P06482|P06502
F0651,bukhari,bahawalpur,4,0,0,2008-2024,"Sayed Ishrat Jahanian Bukhari (0W/1C, TLP); Lt. Col. (Ret) Syed Karim Haidar Bukhari (0W/1C, IND); Sayed Ali Zain Bukhari (0W/1C, IND); Lt. Col. (R) Syed Karim Haider Bukhari (0W/1C, IND)",P04792|P04801|P13632|P13645
F0655,anjum,bahawalnagar,2,0,0,2008-2024,"Chaudhary Shahid Anjum (0W/1C, KI); Muhammad Maqasood Anjum (0W/1C, IND)",P04822|P13620
F0656,kamoka,bahawalnagar,2,0,0,2008-2018,"Muhammad Yar Khan Kamoka (0W/1C, PMLN); AHMAD KHAN KAMOKA (0W/1C, TLP)",P04823|P10703
F0658,rind,rahimyar khan,2,0,0,2008-2013,"Shehzad Asghar Khan Rind (0W/1C, PMLN); Dilshad Rind (0W/1C, APML)",P04835|P07241
F0659,mughal,rahimyar khan,3,0,0,2008-2013,"Iftikhar Mughal (0W/1C, MQM); Mushtaq Ahmed Khan Mughal (0W/1C, APML); Shehzad Mughal (0W/1C, PMLF)",P04842|P07270|P07275
F0661,chohan,sukkur,3,0,0,2008-2013,"Nooruddin Chohan (0W/1C, IND); Munawar Ali Choohan. (0W/2C, MQM); Sikandar Ali Chohan (0W/1C, IND)",P04855|P07290|P07328
F0662,soomro,sukkur,7,0,0,2008-2018,"Manzoor Ahmed Soomro (0W/1C, JUIF); Ghulam Shabir Soomro (0W/1C, IND); Rafique Ahmed Soomro (0W/1C, IND); Dr. Noor Mohammad Waseem Soomro (0W/1C, IND); Abdul Rehman Soomro (0W/1C, IND); Aftab Hussain Soomro (0W/1C, IND); Noor Muhammad Soomro (0W/1C, IND)",P04857|P04868|P04869|P07286|P07311|P07313|P10957
F0663,durani,shikarpur,3,0,0,2008-2013,"Agha Rafiuddin Khan Durani (0W/1C, IND); Agha Shujauddin Khan Durani (0W/1C, IND); Agha Masihuddin Khan Durani (0W/2C, IND)",P04909|P07386|P07390
F0664,siyal,larkana,2,0,0,2008-2013,"Ghulam Sarwar Siyal (Babu) (0W/2C, PMLQ); Sohail Anwar Siyal (Ret) (0W/1C, IND)",P04912|P07409
F0665,mithani,larkana,2,0,0,2008-2013,"Javed Ali Mithani (0W/1C, IND); Safdar Ali Mithani (0W/1C, IND)",P04921|P07400
F0666,lakho,larkana,2,0,0,2008-2013,"Imtiaz Ali Lakho (0W/1C, MQM); Moulana Abdul Razaque Abid Lakho. (0W/1C, JUIF)",P04923|P07427
F0667,mughari,larkana,2,0,0,2008-2008,"Gulzar Ahmed Mughari (0W/1C, MQM); Muhammad Siddique Mughari (0W/1C, IND)",P04930|P04933
F0668,brohi,jacobabad,3,0,0,2008-2013,"Muhammad Arif Brohi (0W/1C, MQM); Mevo Khan Brohi (0W/1C, IND); Nadeem Brohi Bhai (0W/1C, MQM)",P04939|P07467|P07468
F0669,lal,jacobabad,2,0,0,2008-2008,"Siri Chand Lal Bhawnani (0W/1C, IND); Shanker Lal Bhai. (0W/1C, IND)",P04942|P04952
F0670,buriro,jacobabad,2,0,0,2008-2013,"Mufti Ali Hassan Buriro (0W/1C, JUIF); Ali Nawaz Buriro (0W/1C, IND)",P04946|P07483
F0672,shaheen,tor ghar cum mansehra,2,0,0,2008-2013,"Lady Doctor Shaheen Zameer (0W/1C, IND); Shaheen Zamir (0W/1C, PPP)",P04955|P07491
F0673,khosa,jacobabad,4,0,0,2008-2013,"Ahmed Ali Khosa (0W/1C, PPP-SB); Abdul Razzaq Khosa (0W/1C, IND); Abdul Wahid Khosa (0W/1C, IND); Khair Bux Khosa (0W/1C, MQM)",P04964|P04966|P07465|P07466
F0674,almani,naushero feroze,2,0,0,2008-2013,"Sardar Muhammad Usman Almani (0W/1C, IND); Muhammad Bux Almani (0W/1C, IND)",P04968|P07534
F0675,lakho,naushero feroze,3,0,0,2008-2013,"Nabi Bux Lakho (0W/1C, IND); Bhale Rakhio Lakho (0W/1C, IND); Zaheer Hussain Lakho (0W/1C, IND)",P04978|P07543|P07545
F0676,brohi,nawabshah,2,0,0,2008-2013,"Chacha Maqbool Brohi (0W/1C, IND); Muhammad Mureed Brohi (0W/1C, MQM)",P04980|P07553
F0677,arain,nawabshah,3,0,0,2008-2013,"Advocate Ayaz Ahmed Arain (0W/1C, IND); Choudary Tariq Barkat Arain (0W/1C, IND); Chacha Sadique Arain (0W/1C, IND)",P04985|P07563|P07564
F0678,keerio,nawabshah|shaheed benazirabad,4,0,0,2008-2018,"Nisar Ali Keerio (0W/2C, IND|Sindh Taraqi Passand Party); Gul Muhammad Keerio (0W/1C, PTI); Nadeem Keerio (0W/1C, AAT); Sikander Ali Keerio (0W/2C, IND|MQM)",P04993|P07551|P07577|P11035
F0679,lakyari,khairpur,3,0,0,2008-2008,"Syed Muhib Ali Shah Lakyari (0W/1C, IND); Syed Kazim Ali Shah Lakyari (0W/1C, PMLF); Syed Irshad Raza Shah Lakyari (0W/1C, IND)",P05001|P05004|P05013
F0680,awan,khairpur,2,0,0,2008-2013,"Asghar Ali Awan (0W/2C, IND|PMLN); Amir Hussain Awan (0W/1C, IND)",P05006|P07605
F0681,khaskheli,khairpur,2,0,0,2008-2024,"Javed Hussain Khaskheli (0W/1C, IND); Niaz Hussain Khaskheli (0W/1C, PMML)",P05007|P13991
F0682,bozdar,khairpur,2,0,0,2008-2013,"Javed Ali Bozdar (0W/1C, PTI); Zahoor Ali Bozdar (0W/1C, IND)",P05012|P07600
F0683,khuhro,khairpur,2,0,0,2008-2013,"Khalid Hussain Khuhro (0W/1C, IND); Muhammad Bachal Khuhro (0W/1C, IND)",P05018|P07634
F0684,rajput,old hyderabad,2,0,0,2008-2008,"Abdul Moeed Rajput (0W/1C, IND); Rana Fateh Muhammad Rajput (0W/1C, MQM)",P05021|P05054
F0685,dino,old hyderabad,2,0,0,2008-2013,"Allah Dino Hajano (0W/1C, IND); Khuda Dino (0W/1C, JI)",P05024|P07729
F0686,khaskheli,old hyderabad,4,0,0,2008-2008,"Amanullah Khaskheli (0W/1C, IND); Ayaz Ali Khaskheli (0W/1C, IND); Allah Warayo Khaskheli (0W/1C, IND); Yar Muhammad Khaskheli (0W/1C, IND)",P05025|P05059|P05067|P05071
F0687,khuram,old hyderabad,2,0,0,2008-2013,"Makhdoom Khuram (0W/1C, IND); Makhdoom Khuram Sohail (0W/1C, IND)",P05053|P07695
F0688,sirhandi,old hyderabad,4,0,0,2008-2013,"Pir Muhammad Masoom Jan Sirhandi (0W/1C, IND); Pir Sajjad Saeed Jan Sirhandi (0W/1C, PMLF); Pir Sajjad Jan Sirhandi (0W/1C, PMLQ); Pir Salman Jan Sirhandi (0W/1C, IND)",P05055|P05057|P07698|P07710
F0689,soomro,old hyderabad,3,0,0,2008-2013,"Hafiz Muhammad Ibrahim Soomro (0W/1C, JUIF); Muhammad Iqbal Soomro (0W/1C, IND); Muhammad Bachal Soomro (0W/1C, IND)",P05056|P07692|P07704
F0690,nizamani,old hyderabad,2,0,0,2008-2013,"Muhammad Iqbal Nizamani (0W/1C, IND); Jaffer Ali Nizamani (0W/1C, JI)",P05060|P07700
F0691,khanzada,old hyderabad,2,0,0,2008-2013,"Mehmood Qadir Khanzada (0W/1C, MQM); Sajid Wahab Khanzada (0W/1C, MQM)",P05064|P07715
F0692,pitafi,old hyderabad,2,0,0,2008-2008,"Imdad Hussain Pitafi (0W/1C, JUIF); Ali Murad Pitafi (0W/1C, IND)",P05066|P05070
F0693,jillani,old hyderabad,2,0,0,2008-2013,"Muhammad Jeelani (0W/1C, IND); Pir Fazal Ali Shah Jilani (0W/1C, IND)",P05072|P07675
F0694,akber,badin,2,0,0,2008-2013,"Ali Akber Nizamani (0W/1C, PMLF); Sohail Akber (0W/1C, IND)",P05073|P07753
F0695,khaskheli,badin|old mirpurkhas,3,0,0,2008-2013,"Ghulam Murtaza Khaskheli (0W/1C, IND); Sardar Ghulam Mustafa Khaskheli (0W/3C, APML|IND|PMLN); Dr Abdul Aziz Khaskheli (0W/1C, IND)",P05074|P07755|P07785
F0697,baig|mehdi,badin,4,0,0,2008-2018,"Ali Mehdi (0W/1C, IND); Mirza Ali Mehdi Baig (0W/1C, IND); Mirza Sohail Akbar Baig (0W/1C, IND); Mirza Saqlain Abbas Baig (0W/1C, IND)",P05087|P07757|P11155|P11156
F0698,nabi,old mirpurkhas|umerkot,2,0,0,2008-2024,"Shaikh Nabi Bux (0W/1C, IND); Fakir Ghulam Nabi Mangrio (0W/2C, IND|PMLF)",P05091|P07798
F0699,mari,old mirpurkhas,2,0,0,2008-2013,"Abdul Jabbar Mari Balouch (0W/2C, IND); Zahid Hussain Mari (0W/1C, IND)",P05096|P07762
F0700,bhurghari,old mirpurkhas,2,0,0,2008-2008,"Dr. Adnan Ahmed Bhurghari (0W/1C, IND); Jamil Ahmed Bhurghari (0W/1C, IND)",P05103|P05108
F0701,soomro,old mirpurkhas,3,0,0,2008-2008,"Mohammad Qasim Soomro (0W/1C, IND); Azam Ali Soomro (0W/1C, IND); Abdul Qadir Soomro (0W/1C, IND)",P05114|P05118|P05121
F0703,mal,tharparkar,2,0,0,2008-2013,"Gomoon Mal (0W/1C, Sindh Taraqi Passand Party); Dr. Khatoo Mal (0W/1C, IND)",P05130|P07808
F0704,rahimoon,tharparkar,3,0,0,2008-2024,"Abdul Razzaque Rahimoon (0W/1C, GDA); Aban Ali Rahimoon (0W/1C, IND); Mumtaz Ali Rahimoon (0W/1C, IND)",P05145|P11086|P14084
F0706,balouch,karachi,3,0,0,2008-2008,"Abdullah Bloch (0W/2C, IND|PPP); Riaz Hussain Lund Balouch (0W/1C, PPP); Abdul Ghani Balouch (0W/1C, IND)",P05207|P05218|P05326
F0708,zai,karachi,2,0,0,2008-2008,"Ameer Zada Khan Yousaf Zai (0W/1C, IND); Hafiz Zardullah Khan Hassan Zai. (0W/1C, ANP)",P05226|P05337
F0710,khatak,karachi,2,0,0,2008-2013,"Munir Dad Khattak (0W/1C, IND); Muhammad Aslam Khan Khattak (0W/1C, PMLN)",P05247|P07979
F0711,ishaque,karachi|karachi west|qambar shahdadkot|sanghar,2,0,0,2008-2024,"Saathi Ishaque (0W/1C, PPP); Muhammad Ishaq (0W/7C, ANP|IND|JUIS|Mohajir Qaumi Movement Pakistan|PMLN|PPP-SB|PRHP)",P05253|P07864
F0712,chhatari,karachi,2,0,0,2008-2013,"Javed Ahmad Chhatari (0W/1C, IND); Javaid Ahmed Chhatari Advocate (0W/1C, IND)",P05278|P08074
F0715,channa,karachi,3,0,0,2008-2013,"Abdul Sattar Channa (0W/1C, IND); Danish Channa (0W/1C, Pakistan Conservative Party); Ikhtiar Ali Channa (0W/1C, IND)",P05314|P08081|P08120
F0718,younus,karachi,5,0,0,2008-2013,"Sheikh Muhammad Younus (0W/1C, IND); Muhammad Yunus Barai (0W/2C, IND); Muhammad Younus Khan (0W/1C, ANP); Syed Younus Hussain (0W/1C, IND); Muhammad Younus (0W/2C, IND)",P05344|P08002|P08111|P08127|P08141
F0719,khilji,quetta,6,0,0,2008-2024,"Abdul Aziz Khan Khilji Advocate (0W/1C, JUIF); Nawab Salman Khan Khilji (0W/1C, PMLN); Haji Musa Jan Khilji (0W/1C, NP); Nawab Imran Khan Khilji (0W/1C, AML); Zain ul Abideen Khan Khilji (0W/2C, IND|PTI); Muhammad Yousuf Khilji (0W/1C, PPP)",P05350|P08190|P08202|P11541|P11570|P14840
F0720,zehri,quetta|quetta cum chagai,2,0,0,2008-2013,"Mir Zarak Khan Zehri. (0W/2C, IND|Pakistan Muslim League (Zehri Group)); Mukkaram Zehri (0W/1C, IND)",P05356|P08244
F0721,luni,old loralai|quetta,4,0,0,2008-2018,"Bismillah Jan Luni (0W/1C, ANP); Abdul Qadir Luni (0W/3C, IND|Jamiat Ulama-e-Islam Nazryati Pakistan|Jamiat Ulma-e-Islam Nazryati Pakistan); Sardar Masood Ali Khan Luni (0W/1C, PMLQ); Sami Ullah Luni (0W/1C, QWP)",P05361|P08290|P08291|P08298
F0722,kakar,killa abdullah|pishin cum ziarat|ziarat cum harnai cum sibi cum kohlu cum dera b,5,0,0,2008-2024,"Naseer Ahmed Kakar (0W/3C, IND|JUIF|PMLQ); Khudai Dost Kakar (0W/1C, IND); Abdul Ali Kakar (0W/1C, PMLN); Nazar Muhammad Kakar (0W/1C, PPP); Bismillah Khan Kakar (0W/1C, PPP)",P05392|P05394|P08276|P11530|P14681
F0726,marri,old sibi,3,0,0,2008-2013,"Nawabzada Jangaiz Khan Mari (0W/2C, IND|PMLN); Mir Gul Khan Marri (0W/1C, IND); Mir Baz Muhamamd Marri (0W/2C, IND|JUIF)",P05413|P05414|P08324
F0728,khoso,old nasirabad,3,0,0,2008-2008,"Ataullah Khoso (0W/1C, JUIF); Muhammad Dooran Khoso (0W/1C, IND); Mir Zahoor Hussain Khan Khoso (0W/1C, IND)",P05417|P05422|P05429
F0729,jattak,old nasirabad,2,0,0,2008-2008,"Molana Abdul Majeed Jattak (0W/1C, IND); Haji Mitha Khan Jattak (0W/1C, IND)",P05419|P05427
F0730,abro,old kachhi|old nasirabad,3,0,0,2008-2013,"Abdul Fatah Abro (0W/1C, IND); Mir Abdul Majid Abro (0W/3C, IND|Jamote Quami Movement); Mohammad Waris Abro (0W/1C, IND)",P05424|P08351|P08353
F0731,khosa,old nasirabad,7,0,0,2008-2013,"Haji Naseer Ahmed Khosa (0W/1C, IND); Mir Izhar Hussain Khosa (0W/1C, IND); Mir Maqbool Ahmed Khosa (0W/1C, JUP); Comrade Zahoor Ahmed Khosa (0W/1C, PPP-SB); Mir Saleem Ahmed Khosa (0W/1C, IND); Haji Sohrab Khan Khosa (0W/1C, IND); Muhammad Hanif Khan Khosa (0W/1C, IND)",P05425|P08327|P08334|P08337|P08341|P08345|P08356
F0732,shahwani,old kachhi,3,0,0,2008-2013,"Mir Mujeeb Rahman Shahwani (0W/1C, BNP-A); Moulana Abdul Samad Shahwani. (R) (0W/1C, JUIF); Hajir Noor Muhammad Shahwani (0W/1C, BNP)",P05434|P08369|P08370
F0733,kurd,kalat|nasirabad cum kachhi cum jhal magsi,3,0,0,2008-2018,"Mir Asim Kurd (0W/2C, IND|PMLQ); Imdad Ali Kurd (0W/1C, IND); Mir Muhammad Asim Kurd Galu (0W/1C, IND)",P05440|P05441|P08385
F0734,zakori,lakki marwat,2,0,0,2008-2024,"Muhammad Fawad Raza Zakori (0W/1C, IND); Dr. Muhammad Khalid Raza Pir Zakori Sharif (0W/1C, JUIF)",P05455|P12072
F0737,shoaib,kharan cum panjgur,2,0,0,2008-2013,"Mir Muhammad Shoaib Baloch (0W/1C, BNP-A); Mir Shoaib Nosharwani (0W/1C, IND)",P05470|P08424
F0738,baloch|attaullah,kharan cum panjgur|panjgur cum kech|panjgur cum washuk cum awaran,7,0,0,2008-2024,"Noor Ahmad Adil Baloch (0W/1C, BNP-A); Haji Zahid Hussain Baloch (0W/1C, BNP); Sabir Ali Baloch (0W/2C, PPP); Meer Nazeer Ahmed Baloch (0W/1C, BNP); Attaullah Baloch (0W/2C, IND|MMA); Hidayat ur Rehman Baloch (0W/1C, HDT); Sardar Attaullah  Dehani (0W/1C, IND)",P05475|P11631|P11635|P11636|P14763|P14765|P14769
F0740,afzal,ta,2,0,0,2008-2018,"Farooq Afzal (0W/2C, IND|PPP); Gul Afzal (0W/2C, ANP)",P05537|P08699
F0741,salah,lakki marwat|ta,2,0,0,2008-2024,"Salah-U-Din (0W/1C, IND); Salah Ud Din (0W/2C, AAT|IND)",P05557|P09713
F0742,mangal,ta,2,0,0,2008-2013,"Zareen Khan Mangal (0W/1C, IND); Eid Nazar Mangal (0W/1C, IND)",P05560|P08581
F0743,ghani,ta,2,0,0,2008-2008,"Dr. Muhammad Javed Abdul Ghani (0W/1C, IND); Ghani Khan (0W/1C, IND)",P05576|P05607
F0744,badshah,peshawar,2,0,0,2008-2024,"Jamil Badshah (0W/1C, PMML); Syed Kamal Badshah (0W/1C, IND)",P05586|P11907
F0745,qayyum,ta,3,0,0,2008-2018,"Abdul Qayyum (0W/2C, PTI|Pakistan Citizen Movement); Qayyum Sher (0W/1C, IND); Abdul Qayyum Khan (0W/1C, IND)",P05590|P09747|P09838
F0746,aurangzeb|zeb,buner|ta,5,0,0,2008-2018,"Doctor Sultan Zeb Khan (0W/2C, IND|PPP); Aurangzeb (0W/1C, IND); Pir Aurangzeb Khan (0W/1C, IND); Shah Zeb (0W/1C, IND); Aurang Zeb Khan (0W/2C, IND)",P05591|P08437|P08630|P08652|P09729
F0747,dawer,ta,2,0,0,2008-2008,"Nisar Ali Khan Dawer (0W/1C, IND); Maulana Ainullah Dawer (0W/1C, IND)",P05594|P05596
F0748,sadiqullah,ta,2,0,0,2008-2013,"Sadiqullah Mufti (0W/2C, IND); Sadiqullah Dawar (0W/1C, IND)",P05595|P05597
F0749,israr,mohmand|swabi|ta,2,0,0,2008-2024,"Muhammad Israr (0W/3C, IND|PMLN|PSP); Mufti Israr Ahmad (0W/2C, IND)",P05616|P06222
F0750,safi|rasool|israil,karak|ta,8,0,0,2008-2024,"Malik Israil Safi (0W/1C, IND); Shafi Ullah (0W/3C, IND|JUIS|PkMAP); Habib Rasul Safi (0W/1C, IND); Haji Zar Khan Safi (0W/1C, PMLN); Wazir Mohammad Safi (0W/1C, PMLQ); Israil (0W/1C, PPP); Muhammad Rasool (0W/2C, IND|JI); Habib Rasool Safi (0W/1C, IND)",P05618|P08531|P08540|P08555|P08692|P08756|P09715|P09718
F0751,hayat,ta,2,0,0,2008-2013,"Syed Khizar Hayat (0W/1C, IND); Hayat Mohammad (0W/1C, IND)",P05619|P08600
F0753,shinwari,ta,2,0,0,2008-2018,"Haji Rasheed Khan Shinwari (0W/1C, IND); Abdur Raziq Shinwari (0W/1C, IND)",P05631|P09734
F0754,mdk|faizullah,ta,5,0,0,2008-2013,"Zaffarullah Khan Mdk (0W/1C, IND); Hasham Khan Mdk (0W/1C, IND); Faizullah Amin (0W/2C, IND); Haji Faizullah Mdk (0W/1C, IND); Noor Baddin Mdk (0W/1C, IND)",P05637|P05640|P05647|P05650|P08662
F0755,qamber,ta,3,0,0,2008-2008,"Saifullah Qamber Khel (0W/1C, IND); Malik Zafar Khan Shalobar Qamber Khel (0W/1C, IND); Habib Jan Shakir Qamber Khel (0W/1C, IND)",P05639|P05649|P05654
F0756,badshah|sqk|said|juma,mardan|ta|tank|tank cum di khan,19,0,0,2008-2024,"Nawab Naik Badshah Mahsud (0W/1C, IND); Dr. Niaz Badshah Sqk (0W/1C, IND); Haji Surat Khan Sqk (0W/1C, IND); Ghulam Badshah (0W/3C, IND); Said Badshah (0W/3C, IND|PMLQ); Jumma Khan (0W/4C, IND); Maulana Gran Badshah (0W/1C, IND); Wazir Badshah (0W/1C, IND); Said Rasan (0W/1C, IND); Muhammad Said (0W/3C, IND|PFM|Pakistan Freedom Movement); Said Jamal (0W/1C, PTI); Maulana Khalil-Ur-Rehman Sqk (0W/1C, IND); Niaz Badshah (0W/1C, IND); Juma Said (0W/1C, IND)",P05641|P05642|P05648|P05652|P05656|P05657|P08648|P08674|P08698|P08700|P08705|P08725|P08746|P09572|P09680|P09758|P09772|P09845|P09871
F0757,adam,ta,2,0,0,2008-2018,"Maulana Nusrat Amin Afridi Adam Khel (0W/1C, IND); Naik Muhammad so Adam Khan (0W/1C, IND)",P05643|P09857
F0758,sepah,ta,2,0,0,2008-2008,"Mohammad Hanif Afridi Sepah (0W/1C, IND); Habib-Ur-Rehman Sepah (0W/1C, IND)",P05644|P05655
F0760,sherani,ta,3,0,0,2008-2013,"Mohabat Khan Sherani (0W/2C, IND); Mohib Ullah Sherani (0W/1C, IND); Muhammad Sadiq Khan Sherani (0W/1C, IND)",P05664|P05665|P05671
F0761,abdur,ta,5,0,0,2008-2018,"Maulana Abdur Rashid (0W/2C, IND|JUIF); Abdur Razzaaq (0W/1C, IND); Malak Abdur Rahman (0W/1C, IND); Abdur Rehman (0W/4C, IND); Abdur Rasheed (0W/1C, MMA)",P05673|P08558|P08697|P09709|P09721
F0762,israr|satti,islamabad,3,0,0,2008-2024,"Khawar Israr Satti (0W/1C, IND); Dr. Syed Israr Hussain (0W/1C, PPP); Raja Muhammad Aftab Satti (0W/1C, Pakistan Aman Party)",P05678|P05705|P12177
F0763,qureshi,islamabad,2,0,0,2008-2013,"Muhammad Nadeem Qureshi (0W/1C, IND); Khurshid Anwar Qureshi (0W/1C, IND)",P05696|P08822
F0764,sajid,islamabad,2,0,0,2008-2024,"Sajid Mehmood (0W/2C, IND|TLP); Sajid Zaman (0W/1C, IND)",P05703|P09903
F0765,kaka,nowshera,2,0,0,2008-2018,"Mian Yahya Shah Kaka Khel (0W/1C, PMLQ); Feroze Jamal Shah Kaka Khel (0W/1C, PPP)",P05708|P09595
F0766,inam,rawalpindi,2,0,0,2008-2024,"Nabeela Inam (0W/1C, IND); Inam Malik (0W/1C, IND)",P05721|P12325
F0768,alvi,rawalpindi,2,0,0,2008-2013,"Allama Haider Alvi (0W/1C, ST); M Zahid Aziz Alvi Advocate (0W/1C, IND)",P05730|P08938
F0770,kayani,jhelum,3,0,0,2008-2013,"Raja Muhammad Nawaz Kayani (0W/1C, JI); Raja Muhammad Iftikhar Kayani (0W/1C, QWP); Raja Muhammad Imtiaz Kayani (0W/1C, IND)",P05770|P05771|P08987
F0772,gujar,sargodha,5,0,0,2008-2013,"Ch.muhammad Ali Gujar, Advocate (0W/1C, PMLN); Muhammad Aji Gujar Advocate (0W/1C, IND); Chaudhary Shafique Ur Rehman Gujar (0W/1C, MQM); Chaudhary Homayoon Rasool Gujar (0W/1C, IND); Chaudhry Muhammad Suleman Gujar (0W/1C, MQM)",P05793|P05799|P09029|P09042|P09043
F0773,javaid|khawar,sargodha,3,0,0,2008-2024,"Khawar Abbas (0W/1C, IND); Chaudhry Farrukh Javaid Ghuman (0W/1C, IND); Khawar Javaid (0W/1C, IND)",P05797|P10185|P12747
F0774,umerzai,charsadda,2,0,0,2008-2008,"Bashir Khan Umerzai (0W/1C, ANP); Alamzaib Umerzai (0W/1C, QWP)",P05804|P05851
F0778,watoo|wattoo,faisalabad,3,0,0,2008-2024,"M Ameen Watoo (0W/1C, MQM); Muhammad Amin Wattoo. (0W/2C, AJPP|MQM); Zulfiqar Ali Wattoo (0W/1C, IND)",P05845|P09149|P12884
F0779,saqib,faisalabad,2,0,0,2008-2024,"Saqib Rehman. (0W/2C, IND|JUIF); Mohammad Saqib Majeed (0W/1C, IND)",P05863|P12949
F0780,chadhar,jhang,2,0,0,2008-2013,"Chaudhry Sajid Ali Chadhar (0W/1C, JI); Muhammad Ashraf Khan Chadhar (0W/2C, IND)",P05880|P09255
F0781,bhatti,jhang,3,0,0,2008-2013,"Chaudhry Rehmat Ali Khan Bhatti (0W/1C, IND); Sarfraz Ahmad Bhatti (0W/1C, IND); Rai Sarfraz Ahmed Bhatti (0W/1C, IND)",P05883|P09257|P09258
F0782,bukhari,jhang,3,0,0,2008-2024,"Muhammad Haider Ali Bukhari (0W/1C, PPP); Syed Raza Ali Bukhari (0W/1C, PMLN); Syed Haider Ali Shah Bukhari (0W/1C, IND)",P05884|P13055|P13060
F0783,hakim,jhang,2,0,0,2008-2024,"HAKIM ALI (0W/2C, IND); Sheikh Hakim Ali (0W/2C, IND)",P05887|P10350
F0784,mohmand,mardan,2,0,0,2008-2013,"Zahir Shah Mohmand (0W/1C, IND); Abdul Ghaffar Khan Mohmand (0W/1C, QWP)",P05898|P05968
F0785,ashfaq,rawalpindi|shekhupura|toba tek singh,5,0,0,2008-2024,"Chaudhry Muhammad Ashfaq (0W/3C, IND|PTI); Ashfaq Abbasi (0W/1C, IND); Muhammad Ashfaq (0W/3C, IND|PMML|PTI); Miam Muhammad Kashif Ashfaq (0W/1C, PMLQ); MIAN UMAR ASHFAQ (0W/1C, IND)",P05903|P08936|P09319|P10319|P10321
F0786,shehzad,gujranwala,3,0,0,2008-2024,"Muhammad Shehzad (0W/1C, PAT); Rana Shehzad Hafeez (0W/1C, PTI); Khuram Shehzad Chughtaee (0W/1C, IND)",P05919|P09394|P12708
F0787,qureshi,gujranwala,2,0,0,2008-2013,"Qazi Arshad Mehmood Qureshi (0W/1C, IND); Abdul Moeen Qureshi (0W/1C, JUIF)",P05920|P05989
F0788,dar,gujranwala,4,0,0,2008-2024,"Muhammad Iqbal Dar (0W/2C, IND); Aqeel Anwar Dar (0W/2C, IND); Mian Wadood Hassan Dar (0W/1C, IND); Mohammad Tariq Javed Dar (0W/1C, JI)",P05925|P09346|P12654|P12681
F0789,bhutta,gujranwala,2,0,0,2008-2008,"Shazia Arif Bhutta (0W/1C, IND); Imtiaz Ahmed Bhutta (0W/1C, IND)",P05930|P05932
F0791,allah|rakhi,hafizabad,2,0,0,2013-2018,"Allah Rakhi (0W/1C, PPP); Hajan Allah Rakhi (0W/1C, PPP)",P05999|P10152
F0792,cheema,hafizabad,2,0,0,2013-2024,"Habib Ullah Cheema (0W/1C, JI); Aneeqa Anwar Cheema (0W/1C, IND)",P06000|P12509
F0793,hanjra,hafizabad,2,0,0,2013-2013,"Chaudhary Muhammad Younas Hanjra (0W/1C, PML-H); Nasrullah Khan Hanjra (0W/1C, IND)",P06001|P06006
F0794,sajid,gujrat,5,0,0,2013-2024,"Sajid Sharif (0W/1C, JI); Main Sajjad Ahmad Sajid (0W/1C, PMLF); Sajid Yousaf (0W/1C, IND); Mirza Sajid Bashir (0W/1C, IND); Muhammad Ali Sajid Chatha (0W/3C, IND)",P06018|P06023|P06071|P12449|P12459
F0795,gujjar,gujrat,2,0,0,2013-2013,"Ch Mazher Iqbal Gujjar Barsa (0W/1C, IND); Uzma Shaukat Gujjar (0W/1C, IND)",P06025|P06054
F0796,bhatti,gujrat,2,0,0,2013-2013,"Ch Khalid Hussain Bhatti Advocate (0W/1C, MQM); Tasadiq Hussain Bhatti (0W/1C, IND)",P06032|P06058
F0797,butt,gujrat,5,0,0,2013-2024,"Mubashar Majeed Butt (0W/1C, IND); Kamran Khalid Butt (0W/1C, PRHP); Muhammad Rasheed Butt (0W/1C, IND); Muhammad Ayub Butt (0W/1C, PAT); Amash Butt (0W/1C, IND)",P06037|P06049|P10009|P12434|P12476
F0798,ranjha,mandi bahauddin,5,0,0,2013-2024,"Dr Abdul Rehman Ranjha (0W/1C, JI); Muhammad Aamir Javed Ranjha (0W/1C, IND); Saleh Muhammad Ranjha (0W/1C, JI); Sheraz Ahmad Ranjha (0W/1C, IND); Ch Bashir Ahmad Ranjha (0W/1C, IND)",P06091|P06097|P06103|P12537|P12540
F0799,dar,sialkot,3,0,0,2013-2024,"Rehana Imtiaz Dar (0W/1C, IND); Muhammad Imran Dar (0W/1C, IND); Muhammad Usman Dar (0W/2C, PTI)",P06116|P10049|P12560
F0800,butt,sialkot,3,0,0,2013-2024,"Khalid Mehmood Butt (0W/1C, IND); Khawaja Muhammad Mansha Ullah Butt (0W/1C, IND); Tahir Mehmood Butt (0W/1C, JI)",P06120|P06144|P12562
F0801,qadoos,sialkot,2,0,0,2013-2024,"Rana Abdul Qadoos Khan (0W/1C, IND); Waqas Qadoos (0W/1C, PNP)",P06121|P12593
F0803,gondal,sialkot,2,0,0,2013-2024,"Bilal Hussain Gondal (0W/1C, IND); Choudhary Bilal Hussain Gondal (0W/1C, IND)",P06140|P12612
F0804,saddique,gujranwala|narowal,2,0,0,2013-2024,"Amir Saddique Malik Advocate (0W/2C, IND|Pakistan Tehreek-e-Insaf Nazriati); Muhammad Saddique Chaudhary (0W/4C, IND|PPP|PTI)",P06163|P06170
F0805,butt,narowal,2,0,0,2013-2018,"Khawaja Muhammad Nadeem Butt (0W/1C, IND); Anwar Ul Haq Butt (0W/2C, IND|JI)",P06167|P06181
F0806,aamir,lahore,3,0,0,2013-2018,"Aamir Siddiqi (0W/1C, IND); Aamir Rasheed (0W/1C, ST); MIAN AAMIR ABBAS (0W/1C, AAT)",P06189|P06315|P10421
F0807,bajwa,lahore,2,0,0,2013-2024,"Abdul Qayyum Bajwa (0W/1C, Tehreek-e-Tahaffuze Pakistan); Muhammad Nadeem Bajwa (0W/1C, IND)",P06192|P13212
F0808,gilani,lahore,3,0,0,2013-2018,"Syed Anjum Abbas Gillani (0W/1C, IND); Syed Manzoor Gillani (0W/3C, IND|Istiqlal Party); Muhammad Shakeel Shah Gilani (0W/1C, PPP-SB)",P06194|P06306|P06373
F0809,waris,faisalabad|khushab|lahore,2,0,0,2013-2024,"Muhammad Waris (0W/4C, IND|JI|PMML); Muhammad Rehman Waris Khan (0W/1C, IND)",P06216|P12786
F0810,mukhtiar,swabi,2,0,0,2013-2024,"Mukhtiar Ali (0W/1C, IND); Said Mukhtiar Bacha (0W/1C, IND)",P06232|P11828
F0811,naqvi,lahore,2,0,0,2013-2024,"Syed Asghar Raza Naqvi (0W/1C, IND); Marghub Husain Naqvi (0W/1C, IND)",P06236|P13152
F0812,jutt,lahore,4,0,0,2013-2024,"Ch. Amjad Ali Jutt (0W/2C, IND|PPP); Ch. Munsif Ali Jutt (0W/1C, IND); Muhammad Pervaiz Jutt (0W/1C, IND); Muhammad Asif Jutt (0W/1C, IND)",P06242|P06389|P06391|P13261
F0813,anjum|awais|islam,lahore,8,0,0,2013-2024,"Muhammad Shahzad Anjum (0W/1C, IND); Aziz Ul Islam (0W/1C, PTE); Mian Awais Anjum (0W/1C, IND); Syed Nadeem Anjum (0W/1C, Jamiat Ulama e Pakistan (Niazi)); Muhammad Naveed Anjum (0W/1C, IND); Syed Naveed Anjum (0W/1C, IND); Muhammad Awais Ijaz (0W/1C, IND); Mian Zahid islam Anjum (0W/1C, IND)",P06245|P06288|P06316|P06366|P06387|P10452|P13195|P13282
F0815,mughal,lahore,3,0,0,2013-2024,"Nasrullah Mughal (0W/1C, PTI); Kamran Akhtar Mughal (0W/1C, IND); Muhammad Ahmad Mughal (0W/1C, IND)",P06345|P06349|P13169
F0817,masih,lahore,2,0,0,2013-2013,"Danial Masih (0W/1C, IND); Pervaiz Masih (0W/1C, Pakistan National Democratic Party)",P06357|P06401
F0818,sindhu|mansha,jhang|khanewal|lahore,4,0,0,2013-2024,"Muhammad Mansha (0W/4C, IND|PMML|PTI); Ch. Qasim Asghar Sindhu (0W/1C, IND); Shahid Javed Anwer Sindhu Advocate (0W/1C, IND); Ch Muhammad Mansha Sindhu (0W/1C, PTI)",P06358|P06381|P06393|P10456
F0819,pahat,lahore,2,0,0,2013-2024,"Afzaal Azeem Pahat (0W/2C, IND); Nadeem Iqbal Pahat (0W/1C, IND)",P06400|P06409
F0820,manda,shekhupura,2,0,0,2013-2024,"Ali Asghar Manda (0W/1C, IND); Arshad Mahmood Munda (0W/2C, IND)",P06456|P06467
F0821,baber,shekhupura,2,0,0,2013-2024,"Zaheer Baber (0W/1C, JI); Malik Baber Ali (0W/1C, IND)",P06462|P13098
F0822,nazia,shekhupura,2,0,0,2013-2013,"Nazia Lateef (0W/1C, IND); Madam Nazia Latif (0W/1C, IND)",P06481|P06520
F0824,amir,shekhupura,3,0,0,2013-2024,"Maria Amir (0W/1C, IND); Muhammad Ehtsham Amir U Din (0W/1C, IND); Ali Amir Joyia (0W/1C, IND)",P06510|P06518|P13134
F0825,bhatti,nankana sahib|shekhupura,3,0,0,2013-2024,"Hussain Shahjahan Bhatti (0W/1C, IND); Rai Shahjahan Ahmad Khan Bhatti (0W/1C, PPP); Shahjahan Ahmad Bhatti (0W/2C, PPP)",P06525|P10367|P13090
F0826,tufail,kasur,2,0,0,2013-2024,"Amjad Ali Tufail (0W/3C, IND); RASHID TUFAIL (0W/2C, IND|PTI)",P06540|P10503
F0827,safdar,kasur,2,0,0,2013-2024,"Safdar Ali (0W/1C, MQM); Chaudhary Shaheem Safdar (0W/1C, PPP)",P06557|P13307
F0828,faheem,kohat,2,0,0,2013-2024,"Syed Mohammad Faheem (0W/1C, JI); Faheem Shah (0W/1C, IND)",P06566|P11978
F0829,deen,kasur,2,0,0,2013-2013,"Zaeem U Deen Aabaid (0W/1C, IND); Azeem U Deen Zahid (0W/1C, PMLQ)",P06573|P06578
F0830,dilshad,kasur,2,0,0,2013-2018,"Rana Dilshad Ali (0W/1C, IND); DILSHAD ALI (0W/1C, TLI)",P06596|P10523
F0831,mushtaq,okara,2,0,0,2013-2024,"Muhammad Mushtaq Rehmani (0W/1C, TLP); Sumaira Mushtaq Kharal (0W/1C, PPP)",P06603|P13389
F0832,ghori,okara,2,0,0,2013-2013,"Naseer Ahmed Khan Ghori (0W/1C, IND); Fayyaz Ahmed Khan Ghori (0W/1C, IND)",P06616|P06623
F0833,sajid,okara,2,0,0,2013-2013,"Muhammad Shair Sajid (0W/1C, IND); Sajid Masieh (0W/1C, IND)",P06618|P06630
F0834,fayyaz,okara,3,0,0,2013-2018,"Fayyaz Zafar (0W/1C, IND); Mian Muhammad Fayyaz (0W/1C, IND); Fayyaz Ali (0W/1C, MQM)",P06624|P10537|P10550
F0835,watto,okara,2,0,0,2013-2024,"Mian Khurram Jahangir Wattoo (0W/4C, IND); Mian Rab Nawaz Khan Watto (0W/1C, IND)",P06636|P06652
F0836,hayat,okara,2,0,0,2013-2024,"Fakhar Hayat (0W/1C, IND); Rana Khizar Hayat Khan (0W/1C, IND)",P06638|P13393
F0837,husnain,okara,2,0,0,2013-2024,"Syed Gulzar Husnain (0W/1C, IND); Syed Ali Husnain Shah (0W/1C, PTI)",P06639|P13376
F0838,khaliq,okara,2,0,0,2013-2024,"Rao Abdul Khaliq Khan (0W/1C, IND); Rana Abdul Khaliq (0W/1C, IND)",P06662|P13361
F0840,khokhar,multan,2,0,0,2013-2018,"Malik Shabbir Ahmad Khokhar (0W/1C, IND); Imran Mustafa Khokhar (0W/1C, Pakistan Sunni Tehreek)",P06687|P10625
F0841,khursheed,multan,2,0,0,2013-2013,"Khursheed Abbas (0W/1C, MQM); Sumera Khursheed (0W/1C, IND)",P06724|P06761
F0842,dehar|asim|nazar,multan,5,0,0,2013-2024,"Asif Nazar (0W/1C, IND); MALIK NOOR HUSSAIN DEHAR (0W/1C, IND); Amjad Hussain Urf Muhammad Asim Dehar (0W/1C, IND); Muhammad Ahmed Asim Dehar (0W/1C, IND); Malik Asif Nazar Dehar (0W/1C, IND)",P06740|P06743|P06747|P10613|P13488
F0843,mushtaq|laang,multan,4,0,0,2013-2024,"Mushtaq Maseeh (0W/1C, IND); Naghma Mushtaq (0W/1C, IND); Naghma Mushtaq Laang (0W/1C, IND); Riaz Hussain Laang (0W/1C, IND)",P06744|P10645|P13532|P13540
F0844,joyia,multan,2,0,0,2013-2024,"Malik Shakeel Ahmed Joyia (0W/1C, IND); Muhammad Rehan Joyia (0W/1C, IND)",P06745|P13514
F0845,deen,multan,2,0,0,2013-2018,"Deen Muhammad (0W/1C, IND); CHUDHARY MUHAMMAD DEEN (0W/1C, IND)",P06754|P10639
F0846,bukhari,lodhran,2,0,0,2013-2024,"Syed Muhammad Rafi Ud Din Bukhari (0W/1C, PMLN); Syed Ali Muhammad Shah Bukhari (0W/1C, IND)",P06766|P13555
F0847,humayun,attock|khanewal,2,0,0,2013-2024,"Hamza Humayun Khan (0W/1C, IND); Hamayun Khan (0W/4C, IND)",P06804|P13483
F0848,quraishi,khanewal,2,0,0,2013-2013,"Peer Haider Zaman Quraishi (0W/1C, PPP); Peer Zahoor Hussain Quraishi (0W/1C, PTI)",P06807|P06808
F0849,arain,khanewal,2,0,0,2013-2013,"Muhammad Nasrullah Arain (0W/1C, AML); Haji Asghar Ali Arain (0W/1C, IND)",P06821|P06824
F0850,zaki,sahiwal,2,0,0,2013-2024,"Muhammad Zaki Chaudhary (0W/2C, PPP); Sohaib Zaki (0W/1C, IND)",P06835|P06843
F0851,kamyana,sahiwal,2,0,0,2013-2018,"Mian Ashiq Hussain Kamyana Advocate (0W/1C, Awami Workers Party); KHALID SADDIQUE KAMYANA (0W/1C, TLP)",P06859|P10568
F0852,gujjar,sahiwal,2,0,0,2013-2024,"Faiz Miran Gujjar (0W/1C, JI); Choudhary Waseem Ahmad Gujjar Advocate (0W/1C, IND)",P06869|P13444
F0853,cheema,sahiwal,2,0,0,2013-2013,"Aftab Irshad Cheema (0W/1C, PTI); Sajjad Ahmad Cheema (0W/1C, IND)",P06870|P06871
F0854,bodla,pakpattan,2,0,0,2013-2024,"Mian Tariq Ali Bodla (0W/1C, MQM); Mian Humayun Sarwar Bodla (0W/1C, PPP)",P06887|P13401
F0855,jutt,pakpattan,2,0,0,2013-2013,"Asghar Ali Jutt (0W/1C, IND); Muhammad Iqbal Jutt (0W/1C, JUIS)",P06890|P06893
F0856,tul,pakpattan,2,0,0,2013-2024,"Saima Kashifa Tul Fardoos (0W/1C, IND); saima kashifat ul firdous (0W/2C, IND)",P06897|P10567
F0857,shagufta,vehari,2,0,0,2013-2018,"Shagufta Chaudhry (0W/1C, IND); Mohtarma Shagufta Chaudhary (0W/1C, IND)",P06913|P10669
F0858,qureshi,vehari,2,0,0,2013-2013,"Mian Anwar Hussain Qureshi (0W/1C, IND); Sadia Naveed Qureshi (0W/1C, IND)",P06918|P06940
F0859,khaliq,bahawalnagar|faisalabad|mandi bahauddin|vehari,2,0,0,2013-2024,"Abdul Khaliq (0W/4C, AAT|IND|JUIF|PMML); Abdul Khaliq Kalal (0W/1C, IND)",P06929|P06936
F0860,jutt,vehari,2,0,0,2013-2013,"Mohtrma Abida Nazeer Jutt (0W/1C, IND); Ch Ghulam Mustafa Jutt (0W/1C, IND)",P06935|P06943
F0861,rashida,dg khan|taunsa,2,0,0,2013-2024,"Rashida Malik (0W/1C, IND); Rashida Naseem (0W/2C, AATP|Aam Admi Tehreek Pakistan)",P06966|P10827
F0862,qureshi,dg khan,3,0,0,2013-2024,"Azhar ul Haq Qureshi Siddique (0W/1C, MQM); Hakeem Sheikh Mueen Ud Din Qureshi (0W/1C, IND); Izhar Ul Haq Qureshi Siddiqui (0W/2C, MQM)",P06979|P06983|P13847
F0863,bhatti,dg khan,2,0,0,2013-2024,"Jahangir Ahmad Bhatti (0W/1C, IND); Haji Abdul Rasheed Khan Bhatti (0W/1C, JUIF)",P06981|P13848
F0864,bodla,dg khan,2,0,0,2013-2018,"Mian Abdul Rehman Bodla (0W/1C, IND); Abdul Rehman So Mian Muhammad Akbar Bodla (0W/1C, TLP)",P06984|P10840
F0865,shabab,rajanpur,2,0,0,2013-2024,"Ghulam Muhayu Din Alias Shabab (0W/1C, IND); Ghulam Mohudin Urf Shabab (0W/2C, IND)",P07009|P10863
F0867,kherha,muzaffargarh,2,0,0,2013-2013,"Maulana Naveed Ahmad Kherha (0W/1C, JUIF); Maher Naveed Ahmad Kherha (0W/1C, PTI)",P07017|P07020
F0868,azad,muzaffargarh,2,0,0,2013-2024,"Maulana Muhammad Abdul Mabood Azad (0W/1C, JUIF); Syed Abdul Wadood Azad (0W/1C, JUIF)",P07038|P13737
F0869,perveen,kot addu|muzaffargarh,3,0,0,2013-2024,"Khalida Perveen (0W/2C, IND); Mst Zahida Perveen (0W/1C, IND); Azra Perveen (0W/1C, IND)",P07063|P10771|P10807
F0870,gujjar,layyah,2,0,0,2013-2013,"Chaudhery Asghar Ali Gujjar (0W/1C, JI); Naiz Muhammad Gujjar (0W/1C, PTI)",P07094|P07103
F0871,sewag,layyah,2,0,0,2013-2024,"Sahibzada Faiz ul Hassan Sewag (0W/1C, PMLN); Riaz Hussain Sewag (0W/1C, APML)",P07098|P13807
F0872,khitran,layyah,2,0,0,2013-2024,"Iftikhar Ali Khitran (0W/1C, PTI); Iftikhar Ali Babar Khitran (0W/1C, IND)",P07104|P13816
F0873,bukhsh,bahawalpur,2,0,0,2013-2024,"Malik Qadir Bukhsh (0W/1C, JUIF); Raheem Bukhsh (0W/3C, IND|JUIS|PKI-CA)",P07112|P07114
F0874,randhawa,bahawalpur,2,0,0,2013-2024,"Asad Iqbal Randhawa (0W/1C, IND); Muhammad Hakim Ali Randhawa (0W/1C, IND)",P07119|P13639
F0875,waaran,bahawalpur,2,0,0,2013-2013,"Sardar Malik Jahangeer Waaran (0W/1C, IND); Sardar Malik Jahan Zaib Waaran (0W/1C, IND)",P07124|P07127
F0877,goheer,bahawalpur,2,0,0,2013-2024,"Muhammad Bilal Goheer (0W/1C, IND); Mian Farzand Ali Goheer (0W/1C, IND)",P07135|P13667
F0878,javaid,bahawalpur,3,0,0,2013-2013,"Choudhry Muhammad Javaid (0W/1C, IND); Sardar Javaid Iqbal (0W/1C, IND); Rao Muhammad Javaid Iqbal (0W/1C, JUIS)",P07138|P07141|P07150
F0879,lal,bahawalpur,2,0,0,2013-2024,"Lala Akmal Lal Bheel (0W/1C, IND); Lala Ajmal Lal Bhail (0W/1C, IND)",P07153|P13641
F0880,joyia,bahawalnagar,2,0,0,2013-2013,"Shokat Ali Joyia Laleka (0W/1C, IND); Doctor Hafiz Mohammad Sarwar Joyia (0W/1C, MQM)",P07170|P07172
F0881,akuka,bahawalnagar,2,0,0,2013-2013,"Haji Sardar Ahmad Khan Akuka (0W/1C, IND); Ghazanfar Amin Alias Moon Akuka (0W/1C, IND)",P07171|P07175
F0883,wahla,bahawalnagar,2,0,0,2013-2013,"Ch Munawer Hussain Wahla (0W/1C, IND); Ch Nasir Ali Wahla (0W/1C, IND)",P07195|P07205
F0884,hashmi,rahimyar khan,4,0,0,2013-2018,"Makhdoom Imad Ud Din Hashmi (0W/2C, IND|PTI); Makhdoom Moin Ud Din Ali Hashmi (0W/1C, PMLN); Makhdoom Muhammad Irtaza Hashmi (0W/1C, IND); Makhdoom Adeel Ur Rahman Hashmi (0W/1C, IND)",P07232|P07233|P07235|P07243
F0886,hizbullah,sukkur,2,0,0,2013-2024,"Hizbullah Jhakro (0W/1C, JI); Hizbullah Jakhro (0W/1C, JI)",P07284|P13948
F0887,afzal,sukkur,2,0,0,2013-2018,"SAOOD AFZAL (0W/1C, IND); Saud Afzal (0W/1C, IND)",P07287|P10973
F0888,islam,mansehra,2,0,0,2013-2018,"Samar Ul Islam (0W/1C, IND); Samar Islam (0W/1C, IND)",P07346|P09506
F0889,razzaque,ghotki|old hyderabad|sukkur,2,0,0,2013-2024,"Abdul Razzaque Mahar (0W/1C, IND); Abdul Razzaque (0W/3C, IND|PMLF)",P07368|P07641
F0890,mashori,larkana,2,0,0,2013-2013,"Imdad Ali Mashori (0W/1C, IND); Mohammad Mohsan Mashori (0W/1C, IND)",P07395|P07407
F0891,abro,kamber shahdadkot|larkana,3,0,0,2013-2018,"Sirajuddin Abro (0W/1C, IND); Saifullah Abro (0W/3C, IND); Rafique Ahmed Abro (0W/1C, IND)",P07397|P07422|P10917
F0892,kumar,jacobabad|karachi south|kashmore,3,0,0,2013-2024,"Raj Kumar (0W/3C, ATP|IND); Sandeep Kumar (0W/1C, IND); Naresh Kumar (0W/2C, IND)",P07513|P10884|P13902
F0893,kalhoro,naushero feroze,2,0,0,2013-2013,"Ali Akbar Kalhoro (0W/1C, ST); Ali Gohar Kalhoro (0W/1C, IND)",P07530|P07547
F0894,abbasi,naushero feroze,2,0,0,2013-2013,"Rafique Ahmed Abbasi (0W/1C, IND); Nazir Ahmed Abbasi (0W/1C, MQM)",P07533|P07538
F0895,bhya,nawabshah,2,0,0,2013-2013,"Abdul Rasheed Bhya (0W/1C, IND); Abdul Majeed Majeed Bhya (0W/1C, IND)",P07556|P07560
F0896,rajput,nawabshah,2,0,0,2013-2013,"Muhammad Ghufran Rajput (0W/1C, APML); Hassan Ali Rajput (0W/1C, IND)",P07571|P07582
F0897,qudratullah,khairpur,2,0,0,2013-2018,"Qudratullah (0W/1C, PRHP); Qudratullah Rajput (0W/1C, JUIS)",P07584|P10981
F0898,zaidi,khairpur,2,0,0,2013-2018,"Syed Asad Abbas Zaidi (0W/1C, PSP); Syed Babar Raza Zaidi (0W/1C, IND)",P07589|P10982
F0899,shar,khairpur,3,0,0,2013-2024,"Wilayat Ali Shar (0W/1C, IND); Asad Ali Shar (0W/1C, IND); Abdul Rehman Shar (0W/1C, IND)",P07609|P07614|P13983
F0900,abbasi,khairpur,2,0,0,2013-2024,"Muhammad Raza Abbasi (0W/1C, IND); Mozzam Ali Khan Abbasi (0W/1C, GDA)",P07618|P13992
F0901,mangnejo,khairpur,2,0,0,2013-2024,"Mir Khan Mangnejo (0W/1C, IND); Yar Muhammad Mangnejo (0W/1C, IND)",P07621|P13993
F0902,narejo,khairpur,2,0,0,2013-2018,"Ghulam Rasool Narejo (0W/1C, IND); Mukhtiar Hussain Narejo (0W/1C, PRHP)",P07628|P10991
F0903,maitlo,khairpur,2,0,0,2013-2018,"Bakhtiar Ahmed Maitlo (0W/1C, Jannat Pakistan Party); Naimatullah Maitlo (0W/1C, IND)",P07630|P10993
F0904,baloch,old hyderabad,2,0,0,2013-2013,"Sardar Atta Muhammad Baloch (0W/1C, IND); Muhammad Saleem Jaskani Baloch (0W/1C, IND)",P07655|P07693
F0905,trand,battagram,2,0,0,2013-2013,"Ataullah Khan Trand (0W/1C, IND); Naeemullah Khan Trand (0W/1C, IND)",P07659|P07668
F0906,baber,battagram,2,0,0,2013-2013,"Musbah Allah Baber (0W/1C, IND); Baber Khan (0W/1C, IND)",P07661|P07664
F0907,paras,badin,2,0,0,2013-2024,"Paras Shah (0W/1C, APML); Paras (0W/1C, MQM)",P07758|P14203
F0908,kumar,old mirpurkhas,2,0,0,2013-2013,"Suresh Kumar (0W/1C, IND); Santosh Kumar J Kalal (0W/1C, IND)",P07774|P07801
F0909,bhurgari,old mirpurkhas,2,0,0,2013-2013,"Noor Ahmed Bhurgari (0W/1C, IND); Qadir Bux Bhurgari (0W/1C, IND)",P07788|P07789
F0910,razzak,tharparkar,2,0,0,2013-2024,"Arbab Togachi Fawad Razzaq (0W/3C, IND); Arbab Faisal Razzak (0W/1C, IND)",P07806|P07811
F0911,buriro,dadu|jamshoro,2,0,0,2013-2024,"Moundar Buriro (0W/1C, IND); Roshan Ali Buriro (0W/3C, IND)",P07829|P14227
F0912,chandio,dadu,2,0,0,2013-2013,"Naseer Ahmed Chandio (0W/1C, Tehreek-e-Tahaffuze Pakistan); Mr Ayoub Chandio (0W/1C, JUIS)",P07831|P07858
F0913,brohi,dadu,2,0,0,2013-2024,"Gul Mohammad Brohi (0W/1C, IND); Abu Bakar Brohi (0W/1C, JUIF)",P07833|P14237
F0914,bukhari,thatta,2,0,0,2013-2024,"Fahmida Shah Bukhari (0W/1C, MQM); Syed Jamil Ahmad Shah Bukhari (0W/1C, IND)",P07904|P14210
F0915,brohi,karachi,3,0,0,2013-2013,"Haji Abdul Nabi Brohi (0W/1C, IND); Muhammad Suleman Brohi (0W/1C, IND); Imran Khan Brohi (0W/1C, IND)",P07920|P07993|P08171
F0916,rehan,di khan,2,0,0,2013-2024,"Waseem Rehan Advocate (0W/1C, IND); Rehan Malik Advocate (0W/2C, IND|PMLN)",P07930|P07932
F0917,diyal,di khan,2,0,0,2013-2013,"Alhaj Khizer Hayat Diyal (0W/1C, IND); Malik Arshad Diyal (0W/1C, IND)",P07931|P07942
F0918,qadri,di khan,2,0,0,2013-2018,"Hameedullah Khan Qadri (0W/1C, IND); Muhammad Fiaz Qadri (0W/1C, PML-H)",P07949|P09690
F0919,afsar,karachi,2,0,0,2013-2013,"Ali Afsar Tanoli (0W/1C, Tehreek-e-Suba Hazara); Syed Afsar (0W/1C, IND)",P07976|P07978
F0920,bin,karachi,2,0,0,2013-2013,"Muhammad Sarwar Bin Pakistan (0W/1C, Jannat Pakistan Party); Muhammad Mukhtar Bin Hamid (0W/1C, IND)",P07989|P08136
F0921,aamir,karachi,2,0,0,2013-2013,"Aamir Rahseed (0W/1C, IND); Kanwar Aamir Sami (0W/1C, AML)",P08020|P08094
F0923,khani|qaim,karachi,2,0,0,2013-2013,"Zulfaqar Ali Qaim Khani (0W/1C, PPP); Shabir Ahmed Qaim Khani (0W/1C, PMLF)",P08043|P08086
F0925,jokhio,karachi,3,0,0,2013-2013,"Muhammad Sarwar Jokhio (0W/1C, IND); Jam Abdul Kareem Jokhio (0W/1C, IND); Hussain Buksh Jokhio (0W/1C, IND)",P08163|P08170|P08179
F0926,lehri,jhal magsi cum kachhi cum nasirabad|quetta,5,0,0,2013-2024,"Liaqat Ali Lehri (0W/1C, IND); Mir Maqbool Ahmed Lehri (0W/2C, BNP|PPP); Iqbal Hassan Lehri (0W/1C, IND); Meer Nizam ud Din Lehri (0W/1C, JUIF); Yasmeen Bibi Lehri (0W/2C, NP)",P08185|P11556|P11561|P14683|P14889
F0927,qayyum,quetta,2,0,0,2013-2013,"Syed Abdul Qayyum (0W/1C, ANP); Muhammad Qayyum Baluch (0W/1C, BNP-A)",P08188|P08193
F0928,kurd,jhal magsi cum kachhi cum nasirabad|quetta,4,0,0,2013-2024,"Ali Ahmed Kurd (0W/1C, IND); Mir Humayun Aziz Kurd (0W/2C, IND); Syed Nizam Uddin Kurd (0W/1C, IND); Muhammad Momin Kurd (0W/1C, IND)",P08189|P08204|P14693|P14695
F0929,langove,quetta,2,0,0,2013-2013,"Mir Pasand Khan Langove (0W/1C, IND); Mir Bahadur Khan Langove (0W/1C, IND)",P08191|P08209
F0930,mirwani,quetta,2,0,0,2013-2018,"Sher Ali Mirwani (0W/1C, QWP); Mir Sahib Dad Mirwani (0W/1C, IND)",P08205|P11564
F0932,hayat,bannu,2,0,0,2013-2024,"Sikandar Hayat (0W/1C, IND); Muhammad Hayat Khan (0W/1C, IND)",P08221|P12051
F0933,faridullah,bannu|lakki marwat,2,0,0,2013-2024,"Faridullah (0W/1C, JUIS); Faridullah Khan (0W/2C, IND)",P08222|P08404
F0934,barech,quetta cum chagai,2,0,0,2013-2013,"Hafiz Fazal Muhammad Barech (0W/1C, Jamiat Ulama-e-Islam Nazryati Pakistan); Ghulam Jalani Barech (0W/1C, IND)",P08229|P08256
F0935,bazai,quetta cum chagai,2,0,0,2013-2013,"Mufti Abdul Wahid Bazai (0W/1C, IND); Farid Ullah Bazai (0W/1C, APML)",P08254|P08257
F0936,kakar,pishin|pishin cum ziarat|quetta|sherani cum zhob cum killa saifullah,5,0,0,2013-2024,"Khushal Khan Kakar (0W/3C, PNAP); Asfand Yar Khan Kakar (0W/1C, IND); Malik Abdul Qayum Kakar (0W/2C, Jamiat Ulama-e-Islam Nazryati Pakistan|PPP); Gohar Eijaz Khan Kakar (0W/1C, BAP); Ahmad Yar Khan Kakar (0W/1C, IND)",P08262|P11515|P14624|P14917|P14923
F0937,jogezai,loralai cum musa khail cum ziarat cum dukki cum harnai|musakhel cum barkhan cum ,2,0,0,2013-2024,"Sarbuland Khan Jogezai (0W/1C, PPP); Sikandar Hayat Khan Jogezai (0W/3C, IND)",P08287|P11453
F0938,domki,old nasirabad,2,0,0,2013-2013,"Sardarzada Mir Bajjar Chakar Domki (0W/1C, IND); Maqsood Ali Domki (0W/1C, MWM)",P08329|P08352
F0939,mengal,old nasirabad,2,0,0,2013-2013,"Muhammad Bakhsh Mengal (0W/1C, PkMAP); Mir Abdul Ghafoor Mengal (0W/1C, BNP)",P08331|P08348
F0940,umrani,old nasirabad,4,0,0,2013-2013,"Comrade Fareed Umrani (0W/1C, IND); Shehbaz Khan Umrani (0W/1C, MQM); Noor Ahmed Umrani (0W/1C, BNP-A); Mohammad Salah Umrani (0W/1C, IND)",P08333|P08336|P08339|P08340
F0942,lashari,old kachhi,2,0,0,2013-2013,"Muhammad Saif Lashari (0W/1C, IND); Dr Abdul Razaque Lashari (0W/1C, MQM)",P08365|P08371
F0943,dehwar,kalat,2,0,0,2013-2013,"Malik Muhammad Faisal Dehwar (0W/1C, PTI); Malik Naveed Dehwar (0W/1C, BNP)",P08377|P08381
F0944,bakht,buner,2,0,0,2013-2024,"Bakht Zar (0W/1C, JUIS); Shah Bakht Rawan (0W/1C, IND)",P08439|P11737
F0945,khurshid,swat,2,0,0,2013-2013,"Khurshid Ali (0W/1C, PkMAP); Khurshid (0W/1C, ANP)",P08448|P08464
F0946,badshah,swat,2,0,0,2013-2013,"Mohsin Badshah Advocate (0W/1C, MQM); Badshah Muain (0W/1C, JUP)",P08451|P08479
F0947,fayyaz,peshawar,2,0,0,2013-2024,"Sheikh Muhammad Fayyaz Khan (0W/1C, ANP); Muhammad Fayyaz Khan (0W/1C, IND)",P08460|P11893
F0948,zeb,upper dir cum lower din,3,0,0,2013-2013,"Malak Muhammad Zeb Khan (0W/1C, PMLN); Umar Zeb Khan (0W/1C, PMLQ); Mihammad Zeb (0W/1C, APML)",P08500|P08503|P08505
F0951,bangash,ta,3,0,0,2013-2018,"Atta Ullah Jan Bangash (0W/1C, Tehreek Jawanan Pakistan); Saqlain Abbas Bangash (0W/1C, APML); Malik Mula Jan Bangash (0W/1C, IND)",P08574|P08586|P09762
F0952,kabir,ta,2,0,0,2013-2018,"Syed Kabir Hussain (0W/1C, IND); Muhammad Kabir (0W/1C, IND)",P08605|P09773
F0954,shaheen,peshawar,2,0,0,2013-2013,"Gul Wazir Shaheen (0W/1C, JUIS); Aneela Shaheen (0W/1C, IND)",P08616|P08617
F0955,aqal,ta,2,0,0,2013-2018,"Pir Muhammad Aqal Shah (0W/2C, IND|JUIF); Aqal Zaman (0W/1C, IND)",P08622|P08627
F0956,amal,ta,2,0,0,2013-2018,"Nek Amal Khan (0W/1C, PMLN); Naik Amal Khan (0W/1C, PMLN)",P08625|P09828
F0957,darya,ta,2,0,0,2013-2013,"Darya Jan (0W/1C, IND); Malik Darya Khan (0W/1C, ANP)",P08637|P08719
F0958,khaliq,ta,3,0,0,2013-2018,"Abdul Khaliq Khan (0W/1C, IND); Fazal Khaliq (0W/1C, IND); Abdul Khaliq (0W/1C, IND)",P08650|P09775|P09858
F0959,hazrat|nabi,ta,5,0,0,2013-2018,"Hazrat Noor (0W/1C, IND); Nabi Gull (0W/1C, IND); Hazrat Nawaz (0W/1C, IND); Hazrat Nabi (0W/1C, IND); Hazrat Wali (0W/3C, IND|PPP)",P08665|P08724|P08764|P09776|P09863
F0960,bakhta,ta,2,0,0,2013-2013,"Bakhta Khan (0W/1C, IND); Bakhta Jan (0W/1C, IND)",P08667|P08771
F0961,bahadar,ta,2,0,0,2013-2013,"Haji Bahadar Khan (0W/1C, IND); Bahadar Shah (0W/1C, IND)",P08696|P08701
F0962,amir,ta,2,0,0,2013-2018,"Amir Muhammad (0W/1C, Tehreek-e-Tahaffuze Pakistan); Amir Abbas (0W/1C, IND)",P08704|P09795
F0964,hukam,ta,2,0,0,2013-2018,"Hukam Sayed (0W/1C, IND); Muhammad Hukam Jan (0W/1C, IND)",P08726|P09770
F0965,aawan,islamabad,2,0,0,2013-2013,"Altaf Hussain Aawan (0W/1C, IND); Muhammad Rafique Aawan (0W/1C, IND)",P08780|P08812
F0966,masih,islamabad,2,0,0,2013-2018,"Amjad Masih (0W/1C, IND); Maqbool Masih (0W/1C, IND)",P08781|P09889
F0967,shiraz,islamabad,2,0,0,2013-2018,"Raja Shiraz Ahmed (0W/1C, IND); Saima Shiraz (0W/1C, IND)",P08804|P09916
F0968,rasool,islamabad,2,0,0,2013-2018,"Ghulam Rasool (0W/1C, Humdardan-e-Watan Pakistan); Chudhary Ghulam Rasool Mehr (0W/1C, Pakistan Justice Party)",P08824|P09884
F0969,janjua,murree|rawalpindi,3,0,0,2013-2024,"Raja Tariq Mehmood Januja (0W/3C, IND); Shahid Tanveer Janjua (0W/1C, IND); Sajid Mehmood Janjua (0W/1C, IND)",P08850|P08862|P12272
F0970,akhter,murree|rawalpindi,3,0,0,2013-2024,"SARDAR MOHSIN AKHTER ABBASI (0W/2C, IND); JAVED AKHTER ABBASI (0W/1C, TLP); Waseem Akhter Raja (0W/1C, APML)",P08854|P09934|P09936
F0972,farooqi,rawalpindi,2,0,0,2013-2024,"Abdul Hakim Farooqi (0W/1C, PRHP); Ghulam Hussain Farooqi (0W/1C, JUP)",P08923|P12298
F0973,tufail,chakwal|chakwal cum talagang|sahiwal,2,0,0,2013-2024,"Chaudhary Muhammad Tufail Jatt (0W/1C, IND); MUHAMMAD TUFAIL (0W/4C, IND|PMLN|Pakistan Tehreek-e-Insaniat|TI)",P08975|P13441
F0975,adeel,jhelum,2,0,0,2013-2024,"Adeel Ahmad (0W/2C, AAT|Tehreek-e-Tahaffuze Pakistan); Chaudhary Hassan Adeel (0W/1C, IND)",P08998|P12410
F0976,furqan,sargodha,2,0,0,2013-2024,"Muhammad Furqan Zulqarnain (0W/1C, IND); Yasir Furqan (0W/1C, IND)",P09010|P12748
F0977,naqvi,sargodha,2,0,0,2013-2024,"Syed Muhammad Subtain Shah Naqvi (0W/1C, JUIS); Muhammad Sabatin Shah Naqvi (0W/1C, IND)",P09023|P12758
F0978,sahi,sargodha,2,0,0,2013-2024,"Hafiz Ray Abdur Rehman Sahi (0W/1C, IND); Hafiz Abdul Rehman Sahi (0W/2C, IND)",P09024|P12755
F0979,baloch,sargodha,2,0,0,2013-2024,"Sardar Ali Abbas Khan Baloch (0W/1C, IND); Ansar Abbas Baloch (0W/3C, IND)",P09045|P10197
F0980,durrani,charsadda,2,0,0,2013-2024,"Musawer Shah Durrani (0W/1C, JI); Kaleem Akbar Durrani (0W/1C, PMLN)",P09051|P11864
F0981,shahani,bhakkar,4,0,0,2013-2024,"Habib Ullah Khan Shahani (0W/2C, IND); Hasnain Ijaz Khan Shahani (0W/1C, PPP); Ejaz Ali Khan Shahani (0W/3C, PPP); Naeem Ullah Khan Shahani (0W/1C, IND)",P09085|P10228|P10231|P10233
F0982,chatha,faisalabad,2,0,0,2013-2013,"Javed Ahmad Chatha (0W/1C, IND); Farooq Ahmad Chatha (0W/1C, JI)",P09094|P09099
F0983,huma|tehseen,faisalabad,3,0,0,2013-2024,"Huma Batool (0W/1C, IND); Syedah Huma Tehseen (0W/1C, IND); Muhammad Tehseen Alvi (0W/1C, IND)",P09096|P12859|P12867
F0984,sadia,faisalabad,2,0,0,2013-2024,"SADIA AKHTAR (0W/2C, IND); Sadia Khan (0W/1C, IND)",P09111|P10266
F0985,sajid,faisalabad,2,0,0,2013-2024,"Sajid Ali (0W/1C, MQM); Sajid Sohail (0W/1C, IND)",P09135|P12990
F0986,sindhu,faisalabad,2,0,0,2013-2024,"Komal Nadeem Sindhu (0W/1C, IND); Naveed Ahmad Sindhu (0W/1C, IND)",P09202|P12940
F0987,rizvi,faisalabad,2,0,0,2013-2024,"Hafiz Abid Hussain Rizvi (0W/1C, TLP); Mufti Abdul Shakoor Rizvi (0W/1C, JUP)",P09212|P12882
F0988,chishti,faisalabad,2,0,0,2013-2024,"Pir Mudasser Ahmad Shah Chishti (0W/1C, JI); Israr Ahmad Chishti Advocate (0W/1C, APML)",P09217|P12883
F0989,zakaria,faisalabad,2,0,0,2013-2018,"MUHAMMAD ZAKARIA SYED (0W/1C, MMA); Makhdoom Zada Syed Muhammad Zakaria Shah (0W/1C, JUIF)",P09218|P10299
F0990,ishfaq,faisalabad|kot addu|layyah,2,0,0,2013-2024,"Sayyeda Nighat Ishfaq (0W/1C, Awami Justice Party Pakistan); Ishfaq Ahmad (0W/3C, IND|TLI)",P09236|P10249
F0991,hoti,mardan,2,0,0,2013-2024,"Nawabzada Khawaja Muhammad Khan Hoti (0W/2C, PMLN|PPP); Ameer Haidar Azam Khan Hoti (0W/1C, ANP)",P09288|P11838
F0992,muavia,jhang,2,0,0,2013-2024,"Maulana Muhammad Asif Moavia Sial (0W/2C, JUIS|PMLN); MUHAMMAD ASIF MUAVIA (0W/2C, IND)",P09296|P10341
F0993,gujjar,toba tek singh,3,0,0,2013-2024,"Farooq Gujjar (0W/1C, IND); Sardar Saeed Ahmad Gujjar (0W/1C, IND); Qari Muhammad Asif Gujjar (0W/1C, JI)",P09312|P09341|P13036
F0994,hasan,toba tek singh,2,0,0,2013-2024,"Zeeshan Hasan Sidhu Advocate (0W/1C, MQM); Syed Azher Hasan Shah (0W/1C, IND)",P09317|P13035
F0995,khaliq,toba tek singh,2,0,0,2013-2013,"Muhammad Khaliq Siddique (0W/1C, APML); Malik Khaliq Dad (0W/1C, PkMAP)",P09318|P09337
F0996,rehan,gujranwala,2,0,0,2013-2024,"Jawwad Iqbal Rehan Advocate (0W/1C, IND); Ilyas Hussain Rehan (0W/1C, IND)",P09349|P12673
F0997,chohan,gujranwala,2,0,0,2013-2024,"Harris Chohan (0W/2C, IND); Umar Nawaz Chohan (0W/1C, IND)",P09353|P12666
F0998,bhatti,gujranwala,3,0,0,2013-2024,"Dr Zain Ali Bhatti (0W/3C, IND); Kaleem Ahmad Bhatti (0W/1C, IND); Shahid Mehmood Bhatti (0W/1C, IND)",P09358|P09383|P09400
F0999,naqshbandi,gujranwala,2,0,0,2013-2013,"Sufi Muhammad Ali Naqshbandi (0W/1C, Pakistan Freedom Party); Qaiser Mahmood Haji Naqshbandi (0W/1C, IND)",P09380|P09401
F1000,manj,gujranwala,3,0,0,2013-2024,"Mujahid Hussain Manj (0W/1C, IND); Jamal Hassan Khan Manj (0W/1C, IND); Jawad Hassan Manj (0W/1C, IND)",P09402|P09406|P12725
F1001,sandhu,gujranwala,2,0,0,2013-2018,"Mian Muhammad Arshad Sandhu (0W/1C, IND); Faisal Adnan Sandhu (0W/1C, IND)",P09404|P10120
F1002,amirzeb,swat,2,0,0,2018-2024,"Miangul Shaharyar Amirzeb (0W/1C, PPP); Shahryar Amirzeb (0W/1C, PPP)",P09435|P11678
F1003,salam,mansehra,2,0,0,2018-2024,"Abdul Salam (0W/1C, Humdardan-e-Watan Pakistan); Abdul Salam Mughal (0W/1C, IND)",P09514|P11771
F1004,kazmi,abbottabad,2,0,0,2018-2024,"Makhdoom Arif Hussain Kazmi (0W/1C, TLP); Syeda Zainab Kazmi (0W/1C, MWM)",P09523|P11787
F1005,mohabbat,abbottabad,2,0,0,2018-2024,"Malik Mohabbat Awan (0W/1C, PMLN); Mohabbat Khan (0W/1C, PMLN)",P09531|P11791
F1006,shafiq,charsadda|peshawar,2,0,0,2018-2024,"Muhammad Shafiq (0W/2C, TLP); Muhammad Shafiq Ameeni (0W/1C, TLP)",P09584|P11901
F1007,afzal,lakki marwat|peshawar,3,0,0,2018-2024,"Sher Afzal Khan (0W/2C, IND); Sher Afzal (0W/1C, IND); Shaukat Ali S o Fazal Muhammad Afzal (0W/1C, IND)",P09622|P09678|P11943
F1008,zeeshan,karak,2,0,0,2018-2024,"Shakir Zeeshan Khattak (0W/1C, Pakistan Justice & Democratic Party); Zeeshan Ahmad (0W/1C, IND)",P09649|P12034
F1009,jaan,ta,2,0,0,2018-2018,"Aman Ullah Jaan (0W/1C, IND); Mehmood Ali Jaan (0W/1C, IND)",P09768|P09801
F1010,dar,ta,2,0,0,2018-2018,"Gula Dar Khan (0W/1C, IND); Jamal Dar (0W/1C, IND)",P09782|P09824
F1011,anayat,ta,2,0,0,2018-2018,"Anayat Hussain (0W/1C, IND); Anayat Ali (0W/1C, IND)",P09792|P09799
F1012,aurenzeb,ta,2,0,0,2018-2018,"Aurenzeb Khan (0W/2C, IND|PTI); Aurenzeb (0W/1C, IND)",P09813|P09827
F1013,bettani,ta,2,0,0,2018-2018,"Muhammad sohail khan bettani (0W/1C, IND); Ishfaq Khan Bettani (0W/1C, IND)",P09865|P09870
F1014,hayat,jhelum,2,0,0,2018-2024,"Diwan Hashmat Hayat (0W/1C, IND); Sikandar Hayat (0W/1C, IND)",P10001|P12429
F1015,qadari,gujrat,2,0,0,2018-2024,"Muhammad Mahmood Qadri (0W/2C, TLP); Sahibzada Sultan Mehmood Qadari (0W/1C, IND)",P10006|P12455
F1016,wirk,narowal,2,0,0,2018-2024,"Khizer Ilyas Virk (0W/2C, IND); Itesham Khizar Virk (0W/1C, IND)",P10081|P12638
F1017,kousar,hafizabad,2,0,0,2018-2024,"Samia Kousar (0W/1C, IND); Fehmida Kousar (0W/1C, MMA)",P10157|P12519
F1018,tayyab,faisalabad|mianwali,3,0,0,2018-2024,"Muhammad Tayyab (0W/4C, IND|MMA|TLP); Sajjad Hussain Tayyab (0W/1C, IND); CHAUDHARY MUHAMMAD TAYYAB ARIF (0W/1C, IND)",P10218|P10264|P12908
F1019,yar,chiniot,3,0,0,2018-2024,"ALLAH YAR (0W/1C, IND); AHMAD YAR IRFAN (0W/1C, TLP); Allah Yar Supra (0W/1C, PPP)",P10236|P10237|P12831
F1020,draz,chiniot|khanewal,2,0,0,2018-2024,"Muhammad Umer Draz Khalid (0W/1C, IND); UMAR DRAZ (0W/2C, IND)",P10243|P10595
F1021,ibrar,faisalabad,2,0,0,2018-2024,"Ibrar Hussain (0W/2C, TLP); Ibrar Ali (0W/1C, IND)",P10280|P12939
F1022,zeeshan,faisalabad,2,0,0,2018-2024,"Zeeshan Ali (0W/1C, IND); Muhammad Zeeshan (0W/1C, TLP)",P10293|P12971
F1023,amir,toba tek singh,2,0,0,2018-2018,"AMIR USMAN (0W/1C, AAT); MUHAMMAD AMIR MUNIR (0W/1C, Pakistan National Muslim League)",P10326|P10333
F1024,cheema,nankana sahib,2,0,0,2018-2024,"AKRAM HAYAT CHEEMA (0W/1C, IND); Imran Saeed Cheema (0W/1C, IND)",P10363|P13085
F1025,safdar,shekhupura,3,0,0,2018-2024,"Chaudhry Safdar Ali (0W/1C, IND); Muhammad Safdar Bhatti (0W/1C, IND); SAFDAR SHARAZ (0W/1C, IND)",P10375|P10396|P13106
F1026,jawad,karachi south|lahore,2,0,0,2018-2024,"Ch. Jawad Khalid (0W/1C, IND); Jawad Ahmad (0W/3C, Barabri Party Pakistan)",P10447|P13155
F1027,kiyani,lahore,2,0,0,2018-2024,"Waqif Tahmasb Kiyani (0W/1C, IND); Waqif tehmasab kiyani (0W/1C, APML)",P10465|P13252
F1028,abdur,lahore,2,0,0,2018-2024,"Hafiz Abdur Rauf (0W/1C, PMML); Main abdur razzaq (0W/1C, IND)",P10470|P13168
F1030,amaar,kasur,2,0,0,2018-2018,"Amaar Waseem (0W/1C, IND); SYED MUHAMMAD AMAAR QAZMI (0W/1C, IND)",P10502|P10520
F1031,bhatti,kasur,2,0,0,2018-2024,"IJAZ ALI BHATTI (0W/2C, IND); Faqeer Hussain Bhatti (0W/1C, TLP)",P10515|P13306
F1032,altaf,sahiwal,2,0,0,2018-2024,"Yasar Altaf Rana (0W/1C, NP); ALTAF NAWAZ (0W/2C, IND)",P10570|P13452
F1033,amir,khanewal,2,0,0,2018-2024,"Muhammad Amir Sohail (0W/1C, TLP); Amir Hussain (0W/1C, IND)",P10593|P13476
F1034,sajid,lodhran,2,0,0,2018-2024,"Sajid Iqbal (0W/1C, PMML); MIAN SAJID (0W/1C, IND)",P10652|P13553
F1035,tahira,lodhran,2,0,0,2018-2024,"IFFAT TAHIRA (0W/1C, AAT); Iffat Tahira Somro (0W/1C, IND)",P10656|P13550
F1036,ishrat,bahawalnagar,2,0,0,2018-2018,"Ishrat Bagum (0W/1C, IND); ISHRAT MANZOOR (0W/1C, MMA)",P10695|P10705
F1038,langrial,muzaffargarh,2,0,0,2018-2024,"Muhammad Abdullah Fahad Langrial (0W/1C, IND); Malik Ahmed Kareem Qaswer Langrial (0W/2C, IND)",P10795|P13765
F1039,gilani,layyah,2,0,0,2018-2024,"Syed Zafar Hussain Gilani (0W/1C, TLP); Syed Rafaqat Ali Gillani (0W/1C, IND)",P10812|P13810
F1040,khoso,kashmore,2,0,0,2018-2024,"Iltaf Hussain Khoso (0W/1C, IND); Shoaib Khan Khoso (0W/1C, IND)",P10883|P13904
F1041,kamario,shikarpur,2,0,0,2018-2018,"Zulfiqar Ali Kamario (0W/1C, PPP); Najaf Ali Khan Kamario (0W/1C, IND)",P10895|P10898
F1043,indhar,sukkur,2,0,0,2018-2024,"Muhammad Saleh Indhar (0W/2C, JUIF|MMA); Ali Gohar Khan Indhar (0W/1C, IND)",P10948|P10950
F1044,jatoi,sukkur,3,0,0,2018-2024,"Abdul Khalique Jatoi (0W/1C, IND); WAZIR ALI JATOI (0W/1C, IND); Deedar Ali Jatoi (0W/1C, GDA)",P10972|P13947|P13951
F1045,dino,sukkur,2,0,0,2018-2024,"KHUDA DINO SANGI (0W/1C, IND); Rab Dino (0W/1C, IND)",P10976|P13957
F1046,asadullah,khairpur,2,0,0,2018-2024,"Asadullah Shaikh (0W/1C, IND); Asadullah (0W/1C, IND)",P10979|P13996
F1047,channa,naushahro feroze,4,0,0,2018-2024,"Nisar Ahmed Channa (0W/1C, IND); Khalid Masood Channa (0W/1C, IND); Gul Muhammad Channa (0W/1C, IND); Imdad Ali Channa (0W/1C, IND)",P11001|P11013|P11016|P14004
F1048,rajper,naushahro feroze,3,0,0,2018-2024,"Abdul Sattar Rajper (0W/2C, IND); Muhammad Ubaid Sanwal Rajper (0W/1C, IND); Ameer Bux Rajper (0W/1C, IND)",P11004|P11010|P14007
F1049,jamali,shaheed benazirabad,2,0,0,2018-2024,"Ali Akbar Jamali (0W/1C, IND); Zakir Hussain Jamali (0W/1C, MMA)",P11021|P14019
F1050,unar,shaheed benazirabad,3,0,0,2018-2024,"Ghulam Rasool Khan Unar (0W/1C, IND); Asadullah Unar (0W/1C, IND); Ghulam Irtaza Unar (0W/1C, IND)",P11033|P14025|P14030
F1051,ghani,karachi east|tharparkar,2,0,0,2018-2024,"Farhan Ghani (0W/1C, IND); Abdul Ghani (0W/2C, AAT|IND)",P11088|P14393
F1052,rizvi,tando allahyar,2,0,0,2018-2018,"Syed Ali Nawaz Shah Rizvi (0W/1C, IND); Syed Inayat Ali Rizvi (0W/1C, MWM)",P11110|P11115
F1053,arain,hyderabad,3,0,0,2018-2024,"Muhammad Iqbal Arain (0W/1C, IND); Nazim Ali Arain (0W/1C, IND); Abdul Rasheed Arain (0W/1C, PSP)",P11136|P14175|P14176
F1054,nizamani,tando muhammad khan,5,0,0,2018-2024,"Dr. Muhammad Irfan Nizamani (0W/1C, IND); Muhammad Hassan Nizamani (0W/1C, IND); Sumayya Abdul Qadir Nizamani (0W/1C, MMA); Ijaz Ali Nizamani (0W/1C, JI); Muhammad Altaf Nizamani (0W/1C, IND)",P11144|P14177|P14180|P14182|P14185
F1055,shoaib,badin|karachi east|malir,2,0,0,2018-2024,"Muhammad Shoaib (0W/4C, IND|PMML|PRHP); Shoaib Akhtar (0W/1C, IND)",P11202|P14407
F1056,aurangzaib,karachi west|malir,3,0,0,2018-2024,"Aurangzaib Khan (0W/1C, GDA); Hafiz Aurangzaib (0W/2C, PRHP); Hafiz Aurangzaib Farooqui (0W/1C, PRHP)",P11211|P14252|P14268
F1057,sajid,korangi karachi,2,0,0,2018-2024,"SAJID AHMED (0W/1C, IND); Syed Sajid Tirmizi (0W/1C, IND)",P11234|P14294
F1058,farrukh,korangi karachi,2,0,0,2018-2018,"Farrukh Jabbar (0W/1C, All Pakistan Muslim League (jinnah)); FARRUKH MANZOOR (0W/1C, PTI)",P11243|P11260
F1059,qureshi,korangi karachi,5,0,0,2018-2024,"MUHAMMAD IQBAL QURESHI (0W/1C, IND); Moazzam Ali Qureshi (0W/1C, PPP); MEHMOOD QURESHI (0W/1C, IND); Muhammad Ashraf Qureshi (0W/1C, IND); Akhter Hussain Qureshi (0W/1C, JI)",P11246|P11250|P11256|P14316|P14325
F1060,zehra,karachi east,2,0,0,2018-2018,"Kishwar Zehra (0W/1C, MQM); Kiran Zehra Kazmi (0W/1C, Amun Taraqqi Party)",P11268|P11277
F1061,hashmi,karachi east,3,0,0,2018-2018,"Syed Muhammad Waqas Hashmi (0W/1C, TLP); Muzamil Iqbal Hashmi (0W/1C, AAT); Muzammal Iqbal Hashmi (0W/1C, AAT)",P11269|P11271|P11284
F1063,hasan,karachi south,2,0,0,2018-2024,"SAYYID MANSOOB HASAN (0W/1C, IND); Syed Naeem Hasan (0W/1C, IND)",P11332|P14472
F1065,sarwat,karachi central|keamari,2,0,0,2018-2024,"Sarwat Ejaz (0W/1C, Pakistan Sunni Tehreek); Sarwat Israr (0W/2C, IND)",P11397|P14491
F1066,adeel,karachi central,2,0,0,2018-2024,"Muhammad Adeel (0W/1C, TLP); Adeel Arif (0W/1C, IND)",P11415|P14599
F1067,arsalan,karachi central,2,0,0,2018-2024,"ARSALAN KHAN (0W/1C, ANP); Arsalan Khalid (0W/1C, IND)",P11420|P14566
F1068,samad,karachi central,2,0,0,2018-2024,"ABDUL SAMAD SARDAR (0W/3C, IND); Abdul Samad Khan (0W/1C, PMA)",P11423|P14589
F1069,nasar,loralai cum musa khail cum ziarat cum dukki cum harnai,2,0,0,2018-2018,"Sardar Muhammad Yaqoob Nasar (0W/1C, PMLN); Haidar Khan Nasar (0W/1C, IND)",P11449|P11456
F1070,marri|yar,dera bugti cum kohlu cum barkhan cum sibi cum lehri|ziarat cum harnai cum sibi c,6,0,0,2018-2024,"Yar Muhammad (0W/1C, NP); Kohdayar Marri (0W/2C, IND); nawabzada Ghazain Khan Marri (0W/1C, IND); Mir Shah Nawaz Khan Marri (0W/1C, IND); Mir Bangul Marri (0W/1C, IND); Malik Gaman Khan Marri (0W/1C, BNP)",P11479|P11480|P11483|P14665|P14667|P14670
F1072,paind,quetta,2,0,0,2018-2024,"Paind Khan (0W/1C, IND); Muhammad Asif S/O Paind Khan (0W/1C, TTP)",P11579|P14846
F1073,bulidai,kech,2,0,0,2018-2018,"Muhammad Ismail Bulidai (0W/1C, IND); Khalil Ahmed Bulidai (0W/1C, MMA)",P11646|P11652
F1074,qadri,swat,2,0,0,2024-2024,"Muhammad Raza Khan Qadri (0W/1C, TLP); Mufti Syed Iqbal Hussain Qadri (0W/1C, TLP)",P11673|P11684
F1076,bahadur,mardan,2,0,0,2024-2024,"Sher Bahadur (0W/1C, IND); Ahmad Khan Bahadur (0W/1C, ANP)",P11844|P11849
F1077,shinwari,khyber,2,0,0,2024-2024,"Shah Rehman Khan Shinwari (0W/1C, PPP); Shah Hussain Shinwari (0W/1C, ANP)",P11883|P11885
F1078,islam,north waziristan,2,0,0,2024-2024,"Misbah Uddin S/O Islam Gul (0W/1C, IND); Misbah Uddin S/O Noor Ul Islam (0W/1C, IND)",P12061|P12063
F1079,sheeraz,islamabad,2,0,0,2024-2024,"Sheeraz Kiani (0W/1C, IND); Sheeraz Basharat (0W/1C, IND)",P12148|P12173
F1080,rabia,islamabad,2,0,0,2024-2024,"Rabia Masood (0W/1C, IND); Rabia Iqbal (0W/1C, IND)",P12168|P12199
F1081,naz,attock,2,0,0,2024-2024,"Naz Tahir (0W/2C, IND); Riffat Naz (0W/1C, IND)",P12227|P12234
F1082,satti,murree,6,0,0,2024-2024,"Ghulam Murtaza Satti (Rtd) (0W/1C, IND); Javed Iqbal Satti (Rtd) (0W/1C, IND); Asif Shafique Satti (0W/1C, IND); Muhammad Qasim Satti (0W/1C, IND); Umar Naveer Satti (0W/1C, IND); Muhammad Latasub Satti (0W/1C, IND)",P12244|P12248|P12251|P12254|P12255|P12257
F1083,taimoor,rawalpindi,2,0,0,2024-2024,"Muhammad Taimoor Khalid (0W/1C, TLP); Malik Taimoor Masood (0W/1C, IND)",P12278|P12301
F1084,hasnain,rawalpindi,2,0,0,2024-2024,"Muhammad Hasnain Haider (0W/1C, IND); Naseer ul Hasnain Shah (0W/1C, IND)",P12281|P12290
F1085,nouman,rawalpindi,2,0,0,2024-2024,"Nouman Tariq (0W/1C, IND); Nouman Aziz (0W/1C, IND)",P12308|P12369
F1086,ajmal,rawalpindi,2,0,0,2024-2024,"Rubeena Ajmal Raja (0W/1C, IND); Ajmal Khan (0W/1C, IND)",P12313|P12314
F1087,shafiq,rawalpindi,2,0,0,2024-2024,"Sheikh Rashid Shafiq (0W/1C, AML); Imran Shafiq (0W/1C, JI)",P12339|P12364
F1088,afzal,sialkot,2,0,0,2024-2024,"Sohail Afzal Mir (0W/1C, IND); Iftikhar Afzal (0W/1C, IND)",P12568|P12576
F1090,hashmi,gujranwala,2,0,0,2024-2024,"Muzammil Iqbal Hashmi (0W/1C, PMML); Sheikh Naeem Ahmad Hashmi (0W/1C, IND)",P12642|P12644
F1091,aulakh,gujranwala,2,0,0,2024-2024,"Chahudary Zulfiqar Ali Aulakh (0W/1C, PMML); Ahmed Sher Ali Aulakh (0W/1C, IND)",P12686|P12688
F1092,akmal,sargodha,2,0,0,2024-2024,"Akmal Shameen (0W/1C, IND); Muhammad Akmal Javed (0W/1C, PMML)",P12749|P12768
F1093,chachar,khushab,2,0,0,2024-2024,"Raees Muhammad Mumtaz Chachar (0W/1C, IND); Rana Shahid Iqbal Chachar (0W/1C, PMML)",P12778|P12780
F1095,farhan,bhakkar,2,0,0,2024-2024,"Farhan Khan (0W/1C, IND); Farhan Nisar (0W/1C, IND)",P12817|P12823
F1096,aamir,faisalabad,2,0,0,2024-2024,"Muhammad Aamir Nawaz (0W/1C, IND); Aamir Farooq (0W/1C, IND)",P12856|P12861
F1097,jawad,faisalabad,2,0,0,2024-2024,"Muhammad Jawad Saleem (0W/1C, TLP); Muhammad Jawad (0W/1C, IND)",P12895|P12973
F1098,haleem,faisalabad,2,0,0,2024-2024,"Hanzla Bin Haleem (0W/1C, IND); Haleem Aslam (0W/1C, IND)",P12979|P12986
F1099,wagha,nankana sahib,2,0,0,2024-2024,"Mubarak Raza Wagha (0W/1C, IND); Muhammad Ahsan Raza Wagha (0W/1C, IND)",P13077|P13083
F1100,zulqarnain,shekhupura,2,0,0,2024-2024,"Muhamamd Sikander Zulqarnain (0W/1C, IND); Zulqarnain Dogar (0W/1C, IND)",P13114|P13120
F1101,akmal,lahore,2,0,0,2024-2024,"Muhammad Ahmad Akmal (0W/1C, IND); Akmal Khan (0W/2C, IND)",P13153|P13187
F1102,sukhera,pakpattan,2,0,0,2024-2024,"Saif Ali Sukhera (0W/1C, IND); Muhammad Aslam Sukhera (0W/1C, IND)",P13413|P13418
F1103,aamir,khanewal,2,0,0,2024-2024,"Aamir Raza (0W/1C, IND); Aamir Aziz (0W/1C, IND)",P13454|P13477
F1104,mahay,multan,2,0,0,2024-2024,"Qaiser Ali Haider Mahay (0W/1C, IND); Saqib Mehmood Mahay (0W/1C, IND)",P13492|P13494
F1105,sial,rahim yar khan,2,0,0,2024-2024,"Muhammad Yousaf Sial (0W/1C, IND); Noor Ahmad Sial (0W/1C, JUP-N)",P13692|P13708
F1106,hashmi,rahim yar khan,2,0,0,2024-2024,"Makhdoom Moein ud Din Ali Hashmi (0W/1C, PMLN); Makhdoom Hassan Raza Hashmi (0W/1C, IND)",P13698|P13700
F1107,sial,muzaffargarh,2,0,0,2024-2024,"Ameer Akbar Sial (0W/1C, IND); Mehar Irshad Ahmad Khan Sial (0W/1C, PPP)",P13730|P13741
F1108,hai,muzaffargarh,2,0,0,2024-2024,"Abdul Hai (0W/1C, IND); Sardar Abdul Hai Dasti (0W/1C, IND)",P13733|P13769
F1110,buzdar,taunsa,2,0,0,2024-2024,"Shair Afgan Buzdar (0W/1C, BNP); Jaffar Khan Buzdar (0W/1C, IND)",P13826|P13827
F1111,dareshak,rajanpur,2,0,0,2024-2024,"Atif Ali Khan Dareshak (0W/2C, IND); Sardar Aziz ur Rehman Dareshak (0W/1C, IND)",P13861|P13869
F1112,lal|chand,umerkot,3,0,0,2024-2024,"Bhamar Lal (0W/1C, IND); Lal Chand (0W/1C, IND); Prem Chand (0W/1C, MQM)",P14067|P14071|P14080
F1113,memon,matiari,2,0,0,2024-2024,"Noor Muhammad Memon (0W/1C, IND); Khalid Ahmad Memon (0W/1C, IND)",P14104|P14109
F1114,mughal,hyderabad,2,0,0,2024-2024,"Mirza Faheem Baig Mughal (0W/1C, IND); Faisal Mughal (0W/2C, IND)",P14136|P14142
F1115,adeel,korangi karachi,2,0,0,2024-2024,"Adeel Ahmad (0W/1C, IND); Adeel Azam (0W/1C, IND)",P14278|P14287
F1116,abbasi,korangi karachi,2,0,0,2024-2024,"Sardar Babar Abbasi (0W/1C, IND); Nawabzada Sardar Rafique Ahmed Abbasi (0W/1C, IND)",P14330|P14336
F1117,qaisar,karachi east,2,0,0,2024-2024,"Rehan Qaisar Sheikh (0W/1C, PMLN); Sadia Qaisar (0W/1C, IND)",P14356|P14383
F1118,jadoon,keamari,4,0,0,2024-2024,"Hamid Khan Jadoon (0W/1C, IND); Shiraz Khan Jadoon (0W/1C, JI); Akhtar Hussain Jadoon (0W/1C, PMLN); Luqman Khan Jadoon (0W/1C, IND)",P14497|P14498|P14507|P14509
F1119,shehzad|amir,karachi west,3,0,0,2024-2024,"Syed Kamran Shehzad Siddiqui (0W/1C, IND); Amir Shehzad (0W/1C, IND); Amir Nawab (0W/1C, ANP)",P14512|P14527|P14542
F1120,nasar,musakhel cum barkhan cum loralai cum duki,2,0,0,2024-2024,"Aimal Khan Nasar (0W/1C, NDM); Muhammad Nouman Khan Nasar (0W/1C, IND)",P14645|P14661
F1121,tareen,ziarat cum harnai cum sibi cum kohlu cum dera bugti,2,0,0,2024-2024,"Sadam Tareen (0W/1C, IND); Abdul Baqi Tareen (0W/1C, IND)",P14663|P14679
F1122,khosa,sohbatpur cum jaffarabad cum usta muhammad cum nasirabad,2,0,0,2024-2024,"Mir Shakir Hussain Khan Khosa (0W/1C, IND); Mir Nisar Ahmad Khosa (0W/1C, IND)",P14702|P14707
F1123,abro,sohbatpur cum jaffarabad cum usta muhammad cum nasirabad,2,0,0,2024-2024,"Majida Abro (0W/1C, JQM); Ghulam Mujtaba Abro (0W/1C, IND)",P14705|P14709
F1124,lashari,sohbatpur cum jaffarabad cum usta muhammad cum nasirabad,2,0,0,2024-2024,"Sahib Jan Lashari (0W/1C, IND); Azhar Hussain Lashari (0W/1C, TLP)",P14708|P14725
F1125,buledi,panjgur cum kech,3,0,0,2024-2024,"Shey Naseem Buledi (0W/1C, IND); Mir Aslam Buledi (0W/1C, PMLN); Muhammad Ismail Buledi (0W/1C, RJUI)",P14764|P14771|P14777
F1126,sanjrani,chagai cum nushki cum kharan cum washuk,3,0,0,2024-2024,"Mir Ejaz Khan Sanjrani (0W/1C, IND); Ghulam Qadir Sanjrani (0W/1C, IND); Mir Muhammad Asim Khan Sanjrani (0W/1C, JI)",P14796|P14799|P14801
F1127,zehri,surab cum kalat cum mastung,2,0,0,2024-2024,"Mir Israrullah Zehri (0W/1C, IND); Sardar Sanaullah Khan Zehri (0W/1C, PPP)",P14818|P14831
F1128,langove,surab cum kalat cum mastung,2,0,0,2024-2024,"Takari Shafqatullah Langove (0W/1C, IND); Mir Attaullah Langove (0W/1C, PMLN)",P14823|P14825
F1129,dawood,quetta,2,0,0,2024-2024,"Muhammad Dawood (0W/1C, IND); Dawood Shah (0W/1C, IND)",P14853|P14860
F1130,salam,quetta,2,0,0,2024-2024,"Abdul Salam (0W/1C, IND); Abdul Manan S/O Haji Abdus Salam (0W/1C, IND)",P14854|P14888
F1131,tareen,pishin,2,0,0,2024-2024,"Khair Muhammad Khan Tareen (0W/1C, PPP); Saad Ullah Tareen (0W/1C, PMLN)",P14919|P14920
F1132,kakar,killa abdullah cum chaman,3,0,0,2024-2024,"Fazal Muhammad Kakar (0W/1C, RJUI); Asmat Ullah Khan Kakar (0W/1C, IND); Muhibullah Kakar (0W/1C, ANP)",P14929|P14931|P14937
